500;500;389;183;300;493
0;61
0;62
0;63
0;64
0;65
0;66
0;67
0;68
0;69
0;70
0;71
0;72
0;73
0;74
0;75
0;76
0;77
0;78
0;79
0;80
0;81
0;82
0;83
0;84
0;85
0;86
0;87
0;88
0;89
0;90
0;91
0;92
0;93
0;94
0;95
0;96
0;97
0;98
0;99
0;100
0;140
0;141
0;142
0;143
0;144
0;145
0;146
0;147
0;148
0;149
0;150
0;151
0;152
0;153
0;154
0;155
0;156
0;157
0;158
0;159
0;160
0;161
0;162
0;163
0;164
0;165
0;166
0;167
0;168
0;169
0;170
0;171
0;172
0;173
0;174
0;175
0;176
0;177
0;178
0;179
0;180
0;181
0;182
0;183
0;184
0;185
0;186
0;187
0;188
0;189
0;190
0;191
0;192
0;193
0;194
0;195
0;196
0;197
0;198
0;199
0;200
0;201
0;202
0;203
0;204
0;205
0;206
0;207
0;208
0;209
0;210
0;211
0;212
0;213
0;214
0;215
0;216
0;217
0;218
0;219
0;220
0;221
0;222
0;223
0;224
0;225
0;226
0;227
0;228
0;229
0;230
0;231
0;329
0;330
0;331
0;332
0;333
0;334
0;335
0;336
0;337
0;338
0;339
0;340
0;341
0;342
0;343
0;344
0;345
0;346
0;347
0;348
1;61
1;62
1;63
1;64
1;65
1;66
1;67
1;68
1;69
1;70
1;71
1;72
1;73
1;74
1;75
1;76
1;77
1;78
1;79
1;80
1;81
1;82
1;83
1;84
1;85
1;86
1;87
1;88
1;89
1;90
1;91
1;92
1;93
1;94
1;95
1;96
1;97
1;98
1;99
1;100
1;140
1;141
1;142
1;143
1;144
1;145
1;146
1;147
1;148
1;149
1;150
1;151
1;152
1;153
1;154
1;155
1;156
1;157
1;158
1;159
1;160
1;161
1;162
1;163
1;164
1;165
1;166
1;167
1;168
1;169
1;170
1;171
1;172
1;173
1;174
1;175
1;176
1;177
1;178
1;179
1;180
1;181
1;182
1;183
1;184
1;185
1;186
1;187
1;188
1;189
1;190
1;191
1;192
1;193
1;194
1;195
1;196
1;197
1;198
1;199
1;200
1;201
1;202
1;203
1;204
1;205
1;206
1;207
1;208
1;209
1;210
1;211
1;212
1;213
1;214
1;215
1;216
1;217
1;218
1;219
1;220
1;221
1;222
1;223
1;224
1;225
1;226
1;227
1;228
1;229
1;230
1;231
1;329
1;330
1;331
1;332
1;333
1;334
1;335
1;336
1;337
1;338
1;339
1;340
1;341
1;342
1;343
1;344
1;345
1;346
1;347
1;348
1;349
1;350
2;61
2;62
2;63
2;64
2;65
2;66
2;67
2;68
2;69
2;70
2;71
2;72
2;73
2;74
2;75
2;76
2;77
2;78
2;79
2;80
2;81
2;82
2;83
2;84
2;85
2;86
2;87
2;88
2;89
2;90
2;91
2;92
2;93
2;94
2;95
2;96
2;97
2;98
2;99
2;100
2;101
2;139
2;140
2;141
2;142
2;143
2;144
2;145
2;146
2;147
2;148
2;149
2;150
2;151
2;152
2;153
2;154
2;155
2;156
2;157
2;158
2;159
2;160
2;161
2;162
2;163
2;164
2;165
2;166
2;167
2;168
2;169
2;170
2;171
2;172
2;173
2;174
2;175
2;176
2;177
2;178
2;179
2;180
2;181
2;182
2;183
2;184
2;185
2;186
2;187
2;188
2;189
2;190
2;191
2;192
2;193
2;194
2;195
2;196
2;197
2;198
2;199
2;200
2;201
2;202
2;203
2;204
2;205
2;206
2;207
2;208
2;209
2;210
2;211
2;212
2;213
2;214
2;215
2;216
2;217
2;218
2;219
2;220
2;221
2;222
2;223
2;224
2;225
2;226
2;227
2;228
2;229
2;230
2;231
2;329
2;330
2;331
2;332
2;333
2;334
2;335
2;336
2;337
2;338
2;339
2;340
2;341
2;342
2;343
2;344
2;345
2;346
2;347
2;348
2;349
2;350
2;351
2;352
2;353
3;60
3;61
3;62
3;63
3;64
3;65
3;66
3;67
3;68
3;69
3;70
3;71
3;72
3;73
3;74
3;75
3;76
3;77
3;78
3;79
3;80
3;81
3;82
3;83
3;84
3;85
3;86
3;87
3;88
3;89
3;90
3;91
3;92
3;93
3;94
3;95
3;96
3;97
3;98
3;99
3;100
3;101
3;139
3;140
3;141
3;142
3;143
3;144
3;145
3;146
3;147
3;148
3;149
3;150
3;151
3;152
3;153
3;154
3;155
3;156
3;157
3;158
3;159
3;160
3;161
3;162
3;163
3;164
3;165
3;166
3;167
3;168
3;169
3;170
3;171
3;172
3;173
3;174
3;175
3;176
3;177
3;178
3;179
3;180
3;181
3;182
3;183
3;184
3;185
3;186
3;187
3;188
3;189
3;190
3;191
3;192
3;193
3;194
3;195
3;196
3;197
3;198
3;199
3;200
3;201
3;202
3;203
3;204
3;205
3;206
3;207
3;208
3;209
3;210
3;211
3;212
3;213
3;214
3;215
3;216
3;217
3;218
3;219
3;220
3;221
3;222
3;223
3;224
3;225
3;226
3;227
3;228
3;229
3;230
3;231
3;328
3;329
3;330
3;331
3;332
3;333
3;334
3;335
3;336
3;337
3;338
3;339
3;340
3;341
3;342
3;343
3;344
3;345
3;346
3;347
3;348
3;349
3;350
3;351
3;352
3;353
3;354
3;355
4;60
4;61
4;62
4;63
4;64
4;65
4;66
4;67
4;68
4;69
4;70
4;71
4;72
4;73
4;74
4;75
4;76
4;77
4;78
4;79
4;80
4;81
4;82
4;83
4;84
4;85
4;86
4;87
4;88
4;89
4;90
4;91
4;92
4;93
4;94
4;95
4;96
4;97
4;98
4;99
4;100
4;101
4;139
4;140
4;141
4;142
4;143
4;144
4;145
4;146
4;147
4;148
4;149
4;150
4;151
4;152
4;153
4;154
4;155
4;156
4;157
4;158
4;159
4;160
4;161
4;162
4;163
4;164
4;165
4;166
4;167
4;168
4;169
4;170
4;171
4;172
4;173
4;174
4;175
4;176
4;177
4;178
4;179
4;180
4;181
4;182
4;183
4;184
4;185
4;186
4;187
4;188
4;189
4;190
4;191
4;192
4;193
4;194
4;195
4;196
4;197
4;198
4;199
4;200
4;201
4;202
4;203
4;204
4;205
4;206
4;207
4;208
4;209
4;210
4;211
4;212
4;213
4;214
4;215
4;216
4;217
4;218
4;219
4;220
4;221
4;222
4;223
4;224
4;225
4;226
4;227
4;228
4;229
4;230
4;231
4;328
4;329
4;330
4;331
4;332
4;333
4;334
4;335
4;336
4;337
4;338
4;339
4;340
4;341
4;342
4;343
4;344
4;345
4;346
4;347
4;348
4;349
4;350
4;351
4;352
4;353
4;354
4;355
4;356
4;357
5;60
5;61
5;62
5;63
5;64
5;65
5;66
5;67
5;68
5;69
5;70
5;71
5;72
5;73
5;74
5;75
5;76
5;77
5;78
5;79
5;80
5;81
5;82
5;83
5;84
5;85
5;86
5;87
5;88
5;89
5;90
5;91
5;92
5;93
5;94
5;95
5;96
5;97
5;98
5;99
5;100
5;101
5;139
5;140
5;141
5;142
5;143
5;144
5;145
5;146
5;147
5;148
5;149
5;150
5;151
5;152
5;153
5;154
5;155
5;156
5;157
5;158
5;159
5;160
5;161
5;162
5;163
5;164
5;165
5;166
5;167
5;168
5;169
5;170
5;171
5;172
5;173
5;174
5;175
5;176
5;177
5;178
5;179
5;180
5;181
5;182
5;183
5;184
5;185
5;186
5;187
5;188
5;189
5;190
5;191
5;192
5;193
5;194
5;195
5;196
5;197
5;198
5;199
5;200
5;201
5;202
5;203
5;204
5;205
5;206
5;207
5;208
5;209
5;210
5;211
5;212
5;213
5;214
5;215
5;216
5;217
5;218
5;219
5;220
5;221
5;222
5;223
5;224
5;225
5;226
5;227
5;228
5;229
5;230
5;231
5;327
5;328
5;329
5;330
5;331
5;332
5;333
5;334
5;335
5;336
5;337
5;338
5;339
5;340
5;341
5;342
5;343
5;344
5;345
5;346
5;347
5;348
5;349
5;350
5;351
5;352
5;353
5;354
5;355
5;356
5;357
5;358
5;359
5;360
6;59
6;60
6;61
6;62
6;63
6;64
6;65
6;66
6;67
6;68
6;69
6;70
6;71
6;72
6;73
6;74
6;75
6;76
6;77
6;78
6;79
6;80
6;81
6;82
6;83
6;84
6;85
6;86
6;87
6;88
6;89
6;90
6;91
6;92
6;93
6;94
6;95
6;96
6;97
6;98
6;99
6;100
6;101
6;102
6;139
6;140
6;141
6;142
6;143
6;144
6;145
6;146
6;147
6;148
6;149
6;150
6;151
6;152
6;153
6;154
6;155
6;156
6;157
6;158
6;159
6;160
6;161
6;162
6;163
6;164
6;165
6;166
6;167
6;168
6;169
6;170
6;171
6;172
6;173
6;174
6;175
6;176
6;177
6;178
6;179
6;180
6;181
6;182
6;183
6;184
6;185
6;186
6;187
6;188
6;189
6;190
6;191
6;192
6;193
6;194
6;195
6;196
6;197
6;198
6;199
6;200
6;201
6;202
6;203
6;204
6;205
6;206
6;207
6;208
6;209
6;210
6;211
6;212
6;213
6;214
6;215
6;216
6;217
6;218
6;219
6;220
6;221
6;222
6;223
6;224
6;225
6;226
6;227
6;228
6;229
6;230
6;231
6;327
6;328
6;329
6;330
6;331
6;332
6;333
6;334
6;335
6;336
6;337
6;338
6;339
6;340
6;341
6;342
6;343
6;344
6;345
6;346
6;347
6;348
6;349
6;350
6;351
6;352
6;353
6;354
6;355
6;356
6;357
6;358
6;359
6;360
6;361
6;362
7;59
7;60
7;61
7;62
7;63
7;64
7;65
7;66
7;67
7;68
7;69
7;70
7;71
7;72
7;73
7;74
7;75
7;76
7;77
7;78
7;79
7;80
7;81
7;82
7;83
7;84
7;85
7;86
7;87
7;88
7;89
7;90
7;91
7;92
7;93
7;94
7;95
7;96
7;97
7;98
7;99
7;100
7;101
7;102
7;140
7;141
7;142
7;143
7;144
7;145
7;146
7;147
7;148
7;149
7;150
7;151
7;152
7;153
7;154
7;155
7;156
7;157
7;158
7;159
7;160
7;161
7;162
7;163
7;164
7;165
7;166
7;167
7;168
7;169
7;170
7;171
7;172
7;173
7;174
7;175
7;176
7;177
7;178
7;179
7;180
7;181
7;182
7;183
7;184
7;185
7;186
7;187
7;188
7;189
7;190
7;191
7;192
7;193
7;194
7;195
7;196
7;197
7;198
7;199
7;200
7;201
7;202
7;203
7;204
7;205
7;206
7;207
7;208
7;209
7;210
7;211
7;212
7;213
7;214
7;215
7;216
7;217
7;218
7;219
7;220
7;221
7;222
7;223
7;224
7;225
7;226
7;227
7;228
7;229
7;230
7;231
7;326
7;327
7;328
7;329
7;330
7;331
7;332
7;333
7;334
7;335
7;336
7;337
7;338
7;339
7;340
7;341
7;342
7;343
7;344
7;345
7;346
7;347
7;348
7;349
7;350
7;351
7;352
7;353
7;354
7;355
7;356
7;357
7;358
7;359
7;360
7;361
7;362
7;363
7;364
8;59
8;60
8;61
8;62
8;63
8;64
8;65
8;66
8;67
8;68
8;69
8;70
8;71
8;72
8;73
8;74
8;75
8;76
8;77
8;78
8;79
8;80
8;81
8;82
8;83
8;84
8;85
8;86
8;87
8;88
8;89
8;90
8;91
8;92
8;93
8;94
8;95
8;96
8;97
8;98
8;99
8;100
8;101
8;102
8;140
8;141
8;142
8;143
8;144
8;145
8;146
8;147
8;148
8;149
8;150
8;151
8;152
8;153
8;154
8;155
8;156
8;157
8;158
8;159
8;160
8;161
8;162
8;163
8;164
8;165
8;166
8;167
8;168
8;169
8;170
8;171
8;172
8;173
8;174
8;175
8;176
8;177
8;178
8;179
8;180
8;181
8;182
8;183
8;184
8;185
8;186
8;187
8;188
8;189
8;190
8;191
8;192
8;193
8;194
8;195
8;196
8;197
8;198
8;199
8;200
8;201
8;202
8;203
8;204
8;205
8;206
8;207
8;208
8;209
8;210
8;211
8;212
8;213
8;214
8;215
8;216
8;217
8;218
8;219
8;220
8;221
8;222
8;223
8;224
8;225
8;226
8;227
8;228
8;229
8;230
8;231
8;326
8;327
8;328
8;329
8;330
8;331
8;332
8;333
8;334
8;335
8;336
8;337
8;338
8;339
8;340
8;341
8;342
8;343
8;344
8;345
8;346
8;347
8;348
8;349
8;350
8;351
8;352
8;353
8;354
8;355
8;356
8;357
8;358
8;359
8;360
8;361
8;362
8;363
8;364
8;365
8;366
8;367
9;59
9;60
9;61
9;62
9;63
9;64
9;65
9;66
9;67
9;68
9;69
9;70
9;71
9;72
9;73
9;74
9;75
9;76
9;77
9;78
9;79
9;80
9;81
9;82
9;83
9;84
9;85
9;86
9;87
9;88
9;89
9;90
9;91
9;92
9;93
9;94
9;95
9;96
9;97
9;98
9;99
9;100
9;101
9;102
9;140
9;141
9;142
9;143
9;144
9;145
9;146
9;147
9;148
9;149
9;150
9;151
9;152
9;153
9;154
9;155
9;156
9;157
9;158
9;159
9;160
9;161
9;162
9;163
9;164
9;165
9;166
9;167
9;168
9;169
9;170
9;171
9;172
9;173
9;174
9;175
9;176
9;177
9;178
9;179
9;180
9;181
9;182
9;183
9;184
9;185
9;186
9;187
9;188
9;189
9;190
9;191
9;192
9;193
9;194
9;195
9;196
9;197
9;198
9;199
9;200
9;201
9;202
9;203
9;204
9;205
9;206
9;207
9;208
9;209
9;210
9;211
9;212
9;213
9;214
9;215
9;216
9;217
9;218
9;219
9;220
9;221
9;222
9;223
9;224
9;225
9;226
9;227
9;228
9;229
9;230
9;326
9;327
9;328
9;329
9;330
9;331
9;332
9;333
9;334
9;335
9;336
9;337
9;338
9;339
9;340
9;341
9;342
9;343
9;344
9;345
9;346
9;347
9;348
9;349
9;350
9;351
9;352
9;353
9;354
9;355
9;356
9;357
9;358
9;359
9;360
9;361
9;362
9;363
9;364
9;365
9;366
9;367
9;368
9;369
10;59
10;60
10;61
10;62
10;63
10;64
10;65
10;66
10;67
10;68
10;69
10;70
10;71
10;72
10;73
10;74
10;75
10;76
10;77
10;78
10;79
10;80
10;81
10;82
10;83
10;84
10;85
10;86
10;87
10;88
10;89
10;90
10;91
10;92
10;93
10;94
10;95
10;96
10;97
10;98
10;99
10;100
10;101
10;102
10;140
10;141
10;142
10;143
10;144
10;145
10;146
10;147
10;148
10;149
10;150
10;151
10;152
10;153
10;154
10;155
10;156
10;157
10;158
10;159
10;160
10;161
10;162
10;163
10;164
10;165
10;166
10;167
10;168
10;169
10;170
10;171
10;172
10;173
10;174
10;175
10;176
10;177
10;178
10;179
10;180
10;181
10;182
10;183
10;184
10;185
10;186
10;187
10;188
10;189
10;190
10;191
10;192
10;193
10;194
10;195
10;196
10;197
10;198
10;199
10;200
10;201
10;202
10;203
10;204
10;205
10;206
10;207
10;208
10;209
10;210
10;211
10;212
10;213
10;214
10;215
10;216
10;217
10;218
10;219
10;220
10;221
10;222
10;223
10;224
10;225
10;226
10;227
10;228
10;229
10;230
10;325
10;326
10;327
10;328
10;329
10;330
10;331
10;332
10;333
10;334
10;335
10;336
10;337
10;338
10;339
10;340
10;341
10;342
10;343
10;344
10;345
10;346
10;347
10;348
10;349
10;350
10;351
10;352
10;353
10;354
10;355
10;356
10;357
10;358
10;359
10;360
10;361
10;362
10;363
10;364
10;365
10;366
10;367
10;368
10;369
10;370
10;371
10;372
11;59
11;60
11;61
11;62
11;63
11;64
11;65
11;66
11;67
11;68
11;69
11;70
11;71
11;72
11;73
11;74
11;75
11;76
11;77
11;78
11;79
11;80
11;81
11;82
11;83
11;84
11;85
11;86
11;87
11;88
11;89
11;90
11;91
11;92
11;93
11;94
11;95
11;96
11;97
11;98
11;99
11;100
11;101
11;102
11;140
11;141
11;142
11;143
11;144
11;145
11;146
11;147
11;148
11;149
11;150
11;151
11;152
11;153
11;154
11;155
11;156
11;157
11;158
11;159
11;160
11;161
11;162
11;163
11;164
11;165
11;166
11;167
11;168
11;169
11;170
11;171
11;172
11;173
11;174
11;175
11;176
11;177
11;178
11;179
11;180
11;181
11;182
11;183
11;184
11;185
11;186
11;187
11;188
11;189
11;190
11;191
11;192
11;193
11;194
11;195
11;196
11;197
11;198
11;199
11;200
11;201
11;202
11;203
11;204
11;205
11;206
11;207
11;208
11;209
11;210
11;211
11;212
11;213
11;214
11;215
11;216
11;217
11;218
11;219
11;220
11;221
11;222
11;223
11;224
11;225
11;226
11;227
11;228
11;229
11;230
11;325
11;326
11;327
11;328
11;329
11;330
11;331
11;332
11;333
11;334
11;335
11;336
11;337
11;338
11;339
11;340
11;341
11;342
11;343
11;344
11;345
11;346
11;347
11;348
11;349
11;350
11;351
11;352
11;353
11;354
11;355
11;356
11;357
11;358
11;359
11;360
11;361
11;362
11;363
11;364
11;365
11;366
11;367
11;368
11;369
11;370
11;371
11;372
11;373
11;374
12;59
12;60
12;61
12;62
12;63
12;64
12;65
12;66
12;67
12;68
12;69
12;70
12;71
12;72
12;73
12;74
12;75
12;76
12;77
12;78
12;79
12;80
12;81
12;82
12;83
12;84
12;85
12;86
12;87
12;88
12;89
12;90
12;91
12;92
12;93
12;94
12;95
12;96
12;97
12;98
12;99
12;100
12;101
12;102
12;140
12;141
12;142
12;143
12;144
12;145
12;146
12;147
12;148
12;149
12;150
12;151
12;152
12;153
12;154
12;155
12;156
12;157
12;158
12;159
12;160
12;161
12;162
12;163
12;164
12;165
12;166
12;167
12;168
12;169
12;170
12;171
12;172
12;173
12;174
12;175
12;176
12;177
12;178
12;179
12;180
12;181
12;182
12;183
12;184
12;185
12;186
12;187
12;188
12;189
12;190
12;191
12;192
12;193
12;194
12;195
12;196
12;197
12;198
12;199
12;200
12;201
12;202
12;203
12;204
12;205
12;206
12;207
12;208
12;209
12;210
12;211
12;212
12;213
12;214
12;215
12;216
12;217
12;218
12;219
12;220
12;221
12;222
12;223
12;224
12;225
12;226
12;227
12;228
12;229
12;230
12;324
12;325
12;326
12;327
12;328
12;329
12;330
12;331
12;332
12;333
12;334
12;335
12;336
12;337
12;338
12;339
12;340
12;341
12;342
12;343
12;344
12;345
12;346
12;347
12;348
12;349
12;350
12;351
12;352
12;353
12;354
12;355
12;356
12;357
12;358
12;359
12;360
12;361
12;362
12;363
12;364
12;365
12;366
12;367
12;368
12;369
12;370
12;371
12;372
12;373
12;374
12;375
12;376
13;59
13;60
13;61
13;62
13;63
13;64
13;65
13;66
13;67
13;68
13;69
13;70
13;71
13;72
13;73
13;74
13;75
13;76
13;77
13;78
13;79
13;80
13;81
13;82
13;83
13;84
13;85
13;86
13;87
13;88
13;89
13;90
13;91
13;92
13;93
13;94
13;95
13;96
13;97
13;98
13;99
13;100
13;101
13;102
13;140
13;141
13;142
13;143
13;144
13;145
13;146
13;147
13;148
13;149
13;150
13;151
13;152
13;153
13;154
13;155
13;156
13;157
13;158
13;159
13;160
13;161
13;162
13;163
13;164
13;165
13;166
13;167
13;168
13;169
13;170
13;171
13;172
13;173
13;174
13;175
13;176
13;177
13;178
13;179
13;180
13;181
13;182
13;183
13;184
13;185
13;186
13;187
13;188
13;189
13;190
13;191
13;192
13;193
13;194
13;195
13;196
13;197
13;198
13;199
13;200
13;201
13;202
13;203
13;204
13;205
13;206
13;207
13;208
13;209
13;210
13;211
13;212
13;213
13;214
13;215
13;216
13;217
13;218
13;219
13;220
13;221
13;222
13;223
13;224
13;225
13;226
13;227
13;228
13;229
13;230
13;324
13;325
13;326
13;327
13;328
13;329
13;330
13;331
13;332
13;333
13;334
13;335
13;336
13;337
13;338
13;339
13;340
13;341
13;342
13;343
13;344
13;345
13;346
13;347
13;348
13;349
13;350
13;351
13;352
13;353
13;354
13;355
13;356
13;357
13;358
13;359
13;360
13;361
13;362
13;363
13;364
13;365
13;366
13;367
13;368
13;369
13;370
13;371
13;372
13;373
13;374
13;375
13;376
13;377
13;378
13;379
14;59
14;60
14;61
14;62
14;63
14;64
14;65
14;66
14;67
14;68
14;69
14;70
14;71
14;72
14;73
14;74
14;75
14;76
14;77
14;78
14;79
14;80
14;81
14;82
14;83
14;84
14;85
14;86
14;87
14;88
14;89
14;90
14;91
14;92
14;93
14;94
14;95
14;96
14;97
14;98
14;99
14;100
14;101
14;102
14;141
14;142
14;143
14;144
14;145
14;146
14;147
14;148
14;149
14;150
14;151
14;152
14;153
14;154
14;155
14;156
14;157
14;158
14;159
14;160
14;161
14;162
14;163
14;164
14;165
14;166
14;167
14;168
14;169
14;170
14;171
14;172
14;173
14;174
14;175
14;176
14;177
14;178
14;179
14;180
14;181
14;182
14;183
14;184
14;185
14;186
14;187
14;188
14;189
14;190
14;191
14;192
14;193
14;194
14;195
14;196
14;197
14;198
14;199
14;200
14;201
14;202
14;203
14;204
14;205
14;206
14;207
14;208
14;209
14;210
14;211
14;212
14;213
14;214
14;215
14;216
14;217
14;218
14;219
14;220
14;221
14;222
14;223
14;224
14;225
14;226
14;227
14;228
14;229
14;230
14;323
14;324
14;325
14;326
14;327
14;328
14;329
14;330
14;331
14;332
14;333
14;334
14;335
14;336
14;337
14;338
14;339
14;340
14;341
14;342
14;343
14;344
14;345
14;346
14;347
14;348
14;349
14;350
14;351
14;352
14;353
14;354
14;355
14;356
14;357
14;358
14;359
14;360
14;361
14;362
14;363
14;364
14;365
14;366
14;367
14;368
14;369
14;370
14;371
14;372
14;373
14;374
14;375
14;376
14;377
14;378
14;379
14;380
14;381
15;60
15;61
15;62
15;63
15;64
15;65
15;66
15;67
15;68
15;69
15;70
15;71
15;72
15;73
15;74
15;75
15;76
15;77
15;78
15;79
15;80
15;81
15;82
15;83
15;84
15;85
15;86
15;87
15;88
15;89
15;90
15;91
15;92
15;93
15;94
15;95
15;96
15;97
15;98
15;99
15;100
15;101
15;141
15;142
15;143
15;144
15;145
15;146
15;147
15;148
15;149
15;150
15;151
15;152
15;153
15;154
15;155
15;156
15;157
15;158
15;159
15;160
15;161
15;162
15;163
15;164
15;165
15;166
15;167
15;168
15;169
15;170
15;171
15;172
15;173
15;174
15;175
15;176
15;177
15;178
15;179
15;180
15;181
15;182
15;183
15;184
15;185
15;186
15;187
15;188
15;189
15;190
15;191
15;192
15;193
15;194
15;195
15;196
15;197
15;198
15;199
15;200
15;201
15;202
15;203
15;204
15;205
15;206
15;207
15;208
15;209
15;210
15;211
15;212
15;213
15;214
15;215
15;216
15;217
15;218
15;219
15;220
15;221
15;222
15;223
15;224
15;225
15;226
15;227
15;228
15;229
15;323
15;324
15;325
15;326
15;327
15;328
15;329
15;330
15;331
15;332
15;333
15;334
15;335
15;336
15;337
15;338
15;339
15;340
15;341
15;342
15;343
15;344
15;345
15;346
15;347
15;348
15;349
15;350
15;351
15;352
15;353
15;354
15;355
15;356
15;357
15;358
15;359
15;360
15;361
15;362
15;363
15;364
15;365
15;366
15;367
15;368
15;369
15;370
15;371
15;372
15;373
15;374
15;375
15;376
15;377
15;378
15;379
15;380
15;381
15;382
15;383
16;60
16;61
16;62
16;63
16;64
16;65
16;66
16;67
16;68
16;69
16;70
16;71
16;72
16;73
16;74
16;75
16;76
16;77
16;78
16;79
16;80
16;81
16;82
16;83
16;84
16;85
16;86
16;87
16;88
16;89
16;90
16;91
16;92
16;93
16;94
16;95
16;96
16;97
16;98
16;99
16;100
16;101
16;141
16;142
16;143
16;144
16;145
16;146
16;147
16;148
16;149
16;150
16;151
16;152
16;153
16;154
16;155
16;156
16;157
16;158
16;159
16;160
16;161
16;162
16;163
16;164
16;165
16;166
16;167
16;168
16;169
16;170
16;171
16;172
16;173
16;174
16;175
16;176
16;177
16;178
16;179
16;180
16;181
16;182
16;183
16;184
16;185
16;186
16;187
16;188
16;189
16;190
16;191
16;192
16;193
16;194
16;195
16;196
16;197
16;198
16;199
16;200
16;201
16;202
16;203
16;204
16;205
16;206
16;207
16;208
16;209
16;210
16;211
16;212
16;213
16;214
16;215
16;216
16;217
16;218
16;219
16;220
16;221
16;222
16;223
16;224
16;225
16;226
16;227
16;228
16;229
16;323
16;324
16;325
16;326
16;327
16;328
16;329
16;330
16;331
16;332
16;333
16;334
16;335
16;336
16;337
16;338
16;339
16;340
16;341
16;342
16;343
16;344
16;345
16;346
16;347
16;348
16;349
16;350
16;351
16;352
16;353
16;354
16;355
16;356
16;357
16;358
16;359
16;360
16;361
16;362
16;363
16;364
16;365
16;366
16;367
16;368
16;369
16;370
16;371
16;372
16;373
16;374
16;375
16;376
16;377
16;378
16;379
16;380
16;381
16;382
16;383
16;384
16;385
16;386
17;60
17;61
17;62
17;63
17;64
17;65
17;66
17;67
17;68
17;69
17;70
17;71
17;72
17;73
17;74
17;75
17;76
17;77
17;78
17;79
17;80
17;81
17;82
17;83
17;84
17;85
17;86
17;87
17;88
17;89
17;90
17;91
17;92
17;93
17;94
17;95
17;96
17;97
17;98
17;99
17;100
17;101
17;141
17;142
17;143
17;144
17;145
17;146
17;147
17;148
17;149
17;150
17;151
17;152
17;153
17;154
17;155
17;156
17;157
17;158
17;159
17;160
17;161
17;162
17;163
17;164
17;165
17;166
17;167
17;168
17;169
17;170
17;171
17;172
17;173
17;174
17;175
17;176
17;177
17;178
17;179
17;180
17;181
17;182
17;183
17;184
17;185
17;186
17;187
17;188
17;189
17;190
17;191
17;192
17;193
17;194
17;195
17;196
17;197
17;198
17;199
17;200
17;201
17;202
17;203
17;204
17;205
17;206
17;207
17;208
17;209
17;210
17;211
17;212
17;213
17;214
17;215
17;216
17;217
17;218
17;219
17;220
17;221
17;222
17;223
17;224
17;225
17;226
17;227
17;228
17;229
17;322
17;323
17;324
17;325
17;326
17;327
17;328
17;329
17;330
17;331
17;332
17;333
17;334
17;335
17;336
17;337
17;338
17;339
17;340
17;341
17;342
17;343
17;344
17;345
17;346
17;347
17;348
17;349
17;350
17;351
17;352
17;353
17;354
17;355
17;356
17;357
17;358
17;359
17;360
17;361
17;362
17;363
17;364
17;365
17;366
17;367
17;368
17;369
17;370
17;371
17;372
17;373
17;374
17;375
17;376
17;377
17;378
17;379
17;380
17;381
17;382
17;383
17;384
17;385
17;386
17;387
17;388
18;61
18;62
18;63
18;64
18;65
18;66
18;67
18;68
18;69
18;70
18;71
18;72
18;73
18;74
18;75
18;76
18;77
18;78
18;79
18;80
18;81
18;82
18;83
18;84
18;85
18;86
18;87
18;88
18;89
18;90
18;91
18;92
18;93
18;94
18;95
18;96
18;97
18;98
18;99
18;100
18;142
18;143
18;144
18;145
18;146
18;147
18;148
18;149
18;150
18;151
18;152
18;153
18;154
18;155
18;156
18;157
18;158
18;159
18;160
18;161
18;162
18;163
18;164
18;165
18;166
18;167
18;168
18;169
18;170
18;171
18;172
18;173
18;174
18;175
18;176
18;177
18;178
18;179
18;180
18;181
18;182
18;183
18;184
18;185
18;186
18;187
18;188
18;189
18;190
18;191
18;192
18;193
18;194
18;195
18;196
18;197
18;198
18;199
18;200
18;201
18;202
18;203
18;204
18;205
18;206
18;207
18;208
18;209
18;210
18;211
18;212
18;213
18;214
18;215
18;216
18;217
18;218
18;219
18;220
18;221
18;222
18;223
18;224
18;225
18;226
18;227
18;228
18;229
18;322
18;323
18;324
18;325
18;326
18;327
18;328
18;329
18;330
18;331
18;332
18;333
18;334
18;335
18;336
18;337
18;338
18;339
18;340
18;341
18;342
18;343
18;344
18;345
18;346
18;347
18;348
18;349
18;350
18;351
18;352
18;353
18;354
18;355
18;356
18;357
18;358
18;359
18;360
18;361
18;362
18;363
18;364
18;365
18;366
18;367
18;368
18;369
18;370
18;371
18;372
18;373
18;374
18;375
18;376
18;377
18;378
18;379
18;380
18;381
18;382
18;383
18;384
18;385
18;386
18;387
18;388
18;389
18;390
19;61
19;62
19;63
19;64
19;65
19;66
19;67
19;68
19;69
19;70
19;71
19;72
19;73
19;74
19;75
19;76
19;77
19;78
19;79
19;80
19;81
19;82
19;83
19;84
19;85
19;86
19;87
19;88
19;89
19;90
19;91
19;92
19;93
19;94
19;95
19;96
19;97
19;98
19;99
19;100
19;142
19;143
19;144
19;145
19;146
19;147
19;148
19;149
19;150
19;151
19;152
19;153
19;154
19;155
19;156
19;157
19;158
19;159
19;160
19;161
19;162
19;163
19;164
19;165
19;166
19;167
19;168
19;169
19;170
19;171
19;172
19;173
19;174
19;175
19;176
19;177
19;178
19;179
19;180
19;181
19;182
19;183
19;184
19;185
19;186
19;187
19;188
19;189
19;190
19;191
19;192
19;193
19;194
19;195
19;196
19;197
19;198
19;199
19;200
19;201
19;202
19;203
19;204
19;205
19;206
19;207
19;208
19;209
19;210
19;211
19;212
19;213
19;214
19;215
19;216
19;217
19;218
19;219
19;220
19;221
19;222
19;223
19;224
19;225
19;226
19;227
19;228
19;321
19;322
19;323
19;324
19;325
19;326
19;327
19;328
19;329
19;330
19;331
19;332
19;333
19;334
19;335
19;336
19;337
19;338
19;339
19;340
19;341
19;342
19;343
19;344
19;345
19;346
19;347
19;348
19;349
19;350
19;351
19;352
19;353
19;354
19;355
19;356
19;357
19;358
19;359
19;360
19;361
19;362
19;363
19;364
19;365
19;366
19;367
19;368
19;369
19;370
19;371
19;372
19;373
19;374
19;375
19;376
19;377
19;378
19;379
19;380
19;381
19;382
19;383
19;384
19;385
19;386
19;387
19;388
19;389
19;390
19;391
19;392
19;393
20;62
20;63
20;64
20;65
20;66
20;67
20;68
20;69
20;70
20;71
20;72
20;73
20;74
20;75
20;76
20;77
20;78
20;79
20;80
20;81
20;82
20;83
20;84
20;85
20;86
20;87
20;88
20;89
20;90
20;91
20;92
20;93
20;94
20;95
20;96
20;97
20;98
20;99
20;142
20;143
20;144
20;145
20;146
20;147
20;148
20;149
20;150
20;151
20;152
20;153
20;154
20;155
20;156
20;157
20;158
20;159
20;160
20;161
20;162
20;163
20;164
20;165
20;166
20;167
20;168
20;169
20;170
20;171
20;172
20;173
20;174
20;175
20;176
20;177
20;178
20;179
20;180
20;181
20;182
20;183
20;184
20;185
20;186
20;187
20;188
20;189
20;190
20;191
20;192
20;193
20;194
20;195
20;196
20;197
20;198
20;199
20;200
20;201
20;202
20;203
20;204
20;205
20;206
20;207
20;208
20;209
20;210
20;211
20;212
20;213
20;214
20;215
20;216
20;217
20;218
20;219
20;220
20;221
20;222
20;223
20;224
20;225
20;226
20;227
20;228
20;321
20;322
20;323
20;324
20;325
20;326
20;327
20;328
20;329
20;330
20;331
20;332
20;333
20;334
20;335
20;336
20;337
20;338
20;339
20;340
20;341
20;342
20;343
20;344
20;345
20;346
20;347
20;348
20;349
20;350
20;351
20;352
20;353
20;354
20;355
20;356
20;357
20;358
20;359
20;360
20;361
20;362
20;363
20;364
20;365
20;366
20;367
20;368
20;369
20;370
20;371
20;372
20;373
20;374
20;375
20;376
20;377
20;378
20;379
20;380
20;381
20;382
20;383
20;384
20;385
20;386
20;387
20;388
20;389
20;390
20;391
20;392
20;393
20;394
20;395
21;62
21;63
21;64
21;65
21;66
21;67
21;68
21;69
21;70
21;71
21;72
21;73
21;74
21;75
21;76
21;77
21;78
21;79
21;80
21;81
21;82
21;83
21;84
21;85
21;86
21;87
21;88
21;89
21;90
21;91
21;92
21;93
21;94
21;95
21;96
21;97
21;98
21;99
21;143
21;144
21;145
21;146
21;147
21;148
21;149
21;150
21;151
21;152
21;153
21;154
21;155
21;156
21;157
21;158
21;159
21;160
21;161
21;162
21;163
21;164
21;165
21;166
21;167
21;168
21;169
21;170
21;171
21;172
21;173
21;174
21;175
21;176
21;177
21;178
21;179
21;180
21;181
21;182
21;183
21;184
21;185
21;186
21;187
21;188
21;189
21;190
21;191
21;192
21;193
21;194
21;195
21;196
21;197
21;198
21;199
21;200
21;201
21;202
21;203
21;204
21;205
21;206
21;207
21;208
21;209
21;210
21;211
21;212
21;213
21;214
21;215
21;216
21;217
21;218
21;219
21;220
21;221
21;222
21;223
21;224
21;225
21;226
21;227
21;320
21;321
21;322
21;323
21;324
21;325
21;326
21;327
21;328
21;329
21;330
21;331
21;332
21;333
21;334
21;335
21;336
21;337
21;338
21;339
21;340
21;341
21;342
21;343
21;344
21;345
21;346
21;347
21;348
21;349
21;350
21;351
21;352
21;353
21;354
21;355
21;356
21;357
21;358
21;359
21;360
21;361
21;362
21;363
21;364
21;365
21;366
21;367
21;368
21;369
21;370
21;371
21;372
21;373
21;374
21;375
21;376
21;377
21;378
21;379
21;380
21;381
21;382
21;383
21;384
21;385
21;386
21;387
21;388
21;389
21;390
21;391
21;392
21;393
21;394
21;395
21;396
21;397
22;63
22;64
22;65
22;66
22;67
22;68
22;69
22;70
22;71
22;72
22;73
22;74
22;75
22;76
22;77
22;78
22;79
22;80
22;81
22;82
22;83
22;84
22;85
22;86
22;87
22;88
22;89
22;90
22;91
22;92
22;93
22;94
22;95
22;96
22;97
22;98
22;143
22;144
22;145
22;146
22;147
22;148
22;149
22;150
22;151
22;152
22;153
22;154
22;155
22;156
22;157
22;158
22;159
22;160
22;161
22;162
22;163
22;164
22;165
22;166
22;167
22;168
22;169
22;170
22;171
22;172
22;173
22;174
22;175
22;176
22;177
22;178
22;179
22;180
22;181
22;182
22;183
22;184
22;185
22;186
22;187
22;188
22;189
22;190
22;191
22;192
22;193
22;194
22;195
22;196
22;197
22;198
22;199
22;200
22;201
22;202
22;203
22;204
22;205
22;206
22;207
22;208
22;209
22;210
22;211
22;212
22;213
22;214
22;215
22;216
22;217
22;218
22;219
22;220
22;221
22;222
22;223
22;224
22;225
22;226
22;227
22;320
22;321
22;322
22;323
22;324
22;325
22;326
22;327
22;328
22;329
22;330
22;331
22;332
22;333
22;334
22;335
22;336
22;337
22;338
22;339
22;340
22;341
22;342
22;343
22;344
22;345
22;346
22;347
22;348
22;349
22;350
22;351
22;352
22;353
22;354
22;355
22;356
22;357
22;358
22;359
22;360
22;361
22;362
22;363
22;364
22;365
22;366
22;367
22;368
22;369
22;370
22;371
22;372
22;373
22;374
22;375
22;376
22;377
22;378
22;379
22;380
22;381
22;382
22;383
22;384
22;385
22;386
22;387
22;388
22;389
22;390
22;391
22;392
22;393
22;394
22;395
22;396
22;397
22;398
22;399
22;400
23;63
23;64
23;65
23;66
23;67
23;68
23;69
23;70
23;71
23;72
23;73
23;74
23;75
23;76
23;77
23;78
23;79
23;80
23;81
23;82
23;83
23;84
23;85
23;86
23;87
23;88
23;89
23;90
23;91
23;92
23;93
23;94
23;95
23;96
23;97
23;98
23;144
23;145
23;146
23;147
23;148
23;149
23;150
23;151
23;152
23;153
23;154
23;155
23;156
23;157
23;158
23;159
23;160
23;161
23;162
23;163
23;164
23;165
23;166
23;167
23;168
23;169
23;170
23;171
23;172
23;173
23;174
23;175
23;176
23;177
23;178
23;179
23;180
23;181
23;182
23;183
23;184
23;185
23;186
23;187
23;188
23;189
23;190
23;191
23;192
23;193
23;194
23;195
23;196
23;197
23;198
23;199
23;200
23;201
23;202
23;203
23;204
23;205
23;206
23;207
23;208
23;209
23;210
23;211
23;212
23;213
23;214
23;215
23;216
23;217
23;218
23;219
23;220
23;221
23;222
23;223
23;224
23;225
23;226
23;227
23;320
23;321
23;322
23;323
23;324
23;325
23;326
23;327
23;328
23;329
23;330
23;331
23;332
23;333
23;334
23;335
23;336
23;337
23;338
23;339
23;340
23;341
23;342
23;343
23;344
23;345
23;346
23;347
23;348
23;349
23;350
23;351
23;352
23;353
23;354
23;355
23;356
23;357
23;358
23;359
23;360
23;361
23;362
23;363
23;364
23;365
23;366
23;367
23;368
23;369
23;370
23;371
23;372
23;373
23;374
23;375
23;376
23;377
23;378
23;379
23;380
23;381
23;382
23;383
23;384
23;385
23;386
23;387
23;388
23;389
23;390
23;391
23;392
23;393
23;394
23;395
23;396
23;397
23;398
23;399
23;400
23;401
23;402
24;64
24;65
24;66
24;67
24;68
24;69
24;70
24;71
24;72
24;73
24;74
24;75
24;76
24;77
24;78
24;79
24;80
24;81
24;82
24;83
24;84
24;85
24;86
24;87
24;88
24;89
24;90
24;91
24;92
24;93
24;94
24;95
24;96
24;97
24;144
24;145
24;146
24;147
24;148
24;149
24;150
24;151
24;152
24;153
24;154
24;155
24;156
24;157
24;158
24;159
24;160
24;161
24;162
24;163
24;164
24;165
24;166
24;167
24;168
24;169
24;170
24;171
24;172
24;173
24;174
24;175
24;176
24;177
24;178
24;179
24;180
24;181
24;182
24;183
24;184
24;185
24;186
24;187
24;188
24;189
24;190
24;191
24;192
24;193
24;194
24;195
24;196
24;197
24;198
24;199
24;200
24;201
24;202
24;203
24;204
24;205
24;206
24;207
24;208
24;209
24;210
24;211
24;212
24;213
24;214
24;215
24;216
24;217
24;218
24;219
24;220
24;221
24;222
24;223
24;224
24;225
24;226
24;319
24;320
24;321
24;322
24;323
24;324
24;325
24;326
24;327
24;328
24;329
24;330
24;331
24;332
24;333
24;334
24;335
24;336
24;337
24;338
24;339
24;340
24;341
24;342
24;343
24;344
24;345
24;346
24;347
24;348
24;349
24;350
24;351
24;352
24;353
24;354
24;355
24;356
24;357
24;358
24;359
24;360
24;361
24;362
24;363
24;364
24;365
24;366
24;367
24;368
24;369
24;370
24;371
24;372
24;373
24;374
24;375
24;376
24;377
24;378
24;379
24;380
24;381
24;382
24;383
24;384
24;385
24;386
24;387
24;388
24;389
24;390
24;391
24;392
24;393
24;394
24;395
24;396
24;397
24;398
24;399
24;400
24;401
24;402
24;403
24;404
24;405
25;65
25;66
25;67
25;68
25;69
25;70
25;71
25;72
25;73
25;74
25;75
25;76
25;77
25;78
25;79
25;80
25;81
25;82
25;83
25;84
25;85
25;86
25;87
25;88
25;89
25;90
25;91
25;92
25;93
25;94
25;95
25;96
25;145
25;146
25;147
25;148
25;149
25;150
25;151
25;152
25;153
25;154
25;155
25;156
25;157
25;158
25;159
25;160
25;161
25;162
25;163
25;164
25;165
25;166
25;167
25;168
25;169
25;170
25;171
25;172
25;173
25;174
25;175
25;176
25;177
25;178
25;179
25;180
25;181
25;182
25;183
25;184
25;185
25;186
25;187
25;188
25;189
25;190
25;191
25;192
25;193
25;194
25;195
25;196
25;197
25;198
25;199
25;200
25;201
25;202
25;203
25;204
25;205
25;206
25;207
25;208
25;209
25;210
25;211
25;212
25;213
25;214
25;215
25;216
25;217
25;218
25;219
25;220
25;221
25;222
25;223
25;224
25;225
25;226
25;319
25;320
25;321
25;322
25;323
25;324
25;325
25;326
25;327
25;328
25;329
25;330
25;331
25;332
25;333
25;334
25;335
25;336
25;337
25;338
25;339
25;340
25;341
25;342
25;343
25;344
25;345
25;346
25;347
25;348
25;349
25;350
25;351
25;352
25;353
25;354
25;355
25;356
25;357
25;358
25;359
25;360
25;361
25;362
25;363
25;364
25;365
25;366
25;367
25;368
25;369
25;370
25;371
25;372
25;373
25;374
25;375
25;376
25;377
25;378
25;379
25;380
25;381
25;382
25;383
25;384
25;385
25;386
25;387
25;388
25;389
25;390
25;391
25;392
25;393
25;394
25;395
25;396
25;397
25;398
25;399
25;400
25;401
25;402
25;403
25;404
25;405
25;406
25;407
26;66
26;67
26;68
26;69
26;70
26;71
26;72
26;73
26;74
26;75
26;76
26;77
26;78
26;79
26;80
26;81
26;82
26;83
26;84
26;85
26;86
26;87
26;88
26;89
26;90
26;91
26;92
26;93
26;94
26;95
26;145
26;146
26;147
26;148
26;149
26;150
26;151
26;152
26;153
26;154
26;155
26;156
26;157
26;158
26;159
26;160
26;161
26;162
26;163
26;164
26;165
26;166
26;167
26;168
26;169
26;170
26;171
26;172
26;173
26;174
26;175
26;176
26;177
26;178
26;179
26;180
26;181
26;182
26;183
26;184
26;185
26;186
26;187
26;188
26;189
26;190
26;191
26;192
26;193
26;194
26;195
26;196
26;197
26;198
26;199
26;200
26;201
26;202
26;203
26;204
26;205
26;206
26;207
26;208
26;209
26;210
26;211
26;212
26;213
26;214
26;215
26;216
26;217
26;218
26;219
26;220
26;221
26;222
26;223
26;224
26;225
26;318
26;319
26;320
26;321
26;322
26;323
26;324
26;325
26;326
26;327
26;328
26;329
26;330
26;331
26;332
26;333
26;334
26;335
26;336
26;337
26;338
26;339
26;340
26;341
26;342
26;343
26;344
26;345
26;346
26;347
26;348
26;349
26;350
26;351
26;352
26;353
26;354
26;355
26;356
26;357
26;358
26;359
26;360
26;361
26;362
26;363
26;364
26;365
26;366
26;367
26;368
26;369
26;370
26;371
26;372
26;373
26;374
26;375
26;376
26;377
26;378
26;379
26;380
26;381
26;382
26;383
26;384
26;385
26;386
26;387
26;388
26;389
26;390
26;391
26;392
26;393
26;394
26;395
26;396
26;397
26;398
26;399
26;400
26;401
26;402
26;403
26;404
26;405
26;406
26;407
26;408
27;67
27;68
27;69
27;70
27;71
27;72
27;73
27;74
27;75
27;76
27;77
27;78
27;79
27;80
27;81
27;82
27;83
27;84
27;85
27;86
27;87
27;88
27;89
27;90
27;91
27;92
27;93
27;94
27;146
27;147
27;148
27;149
27;150
27;151
27;152
27;153
27;154
27;155
27;156
27;157
27;158
27;159
27;160
27;161
27;162
27;163
27;164
27;165
27;166
27;167
27;168
27;169
27;170
27;171
27;172
27;173
27;174
27;175
27;176
27;177
27;178
27;179
27;180
27;181
27;182
27;183
27;184
27;185
27;186
27;187
27;188
27;189
27;190
27;191
27;192
27;193
27;194
27;195
27;196
27;197
27;198
27;199
27;200
27;201
27;202
27;203
27;204
27;205
27;206
27;207
27;208
27;209
27;210
27;211
27;212
27;213
27;214
27;215
27;216
27;217
27;218
27;219
27;220
27;221
27;222
27;223
27;224
27;225
27;318
27;319
27;320
27;321
27;322
27;323
27;324
27;325
27;326
27;327
27;328
27;329
27;330
27;331
27;332
27;333
27;334
27;335
27;336
27;337
27;338
27;339
27;340
27;341
27;342
27;343
27;344
27;345
27;346
27;347
27;348
27;349
27;350
27;351
27;352
27;353
27;354
27;355
27;356
27;357
27;358
27;359
27;360
27;361
27;362
27;363
27;364
27;365
27;366
27;367
27;368
27;369
27;370
27;371
27;372
27;373
27;374
27;375
27;376
27;377
27;378
27;379
27;380
27;381
27;382
27;383
27;384
27;385
27;386
27;387
27;388
27;389
27;390
27;391
27;392
27;393
27;394
27;395
27;396
27;397
27;398
27;399
27;400
27;401
27;402
27;403
27;404
27;405
27;406
27;407
27;408
28;69
28;70
28;71
28;72
28;73
28;74
28;75
28;76
28;77
28;78
28;79
28;80
28;81
28;82
28;83
28;84
28;85
28;86
28;87
28;88
28;89
28;90
28;91
28;92
28;146
28;147
28;148
28;149
28;150
28;151
28;152
28;153
28;154
28;155
28;156
28;157
28;158
28;159
28;160
28;161
28;162
28;163
28;164
28;165
28;166
28;167
28;168
28;169
28;170
28;171
28;172
28;173
28;174
28;175
28;176
28;177
28;178
28;179
28;180
28;181
28;182
28;183
28;184
28;185
28;186
28;187
28;188
28;189
28;190
28;191
28;192
28;193
28;194
28;195
28;196
28;197
28;198
28;199
28;200
28;201
28;202
28;203
28;204
28;205
28;206
28;207
28;208
28;209
28;210
28;211
28;212
28;213
28;214
28;215
28;216
28;217
28;218
28;219
28;220
28;221
28;222
28;223
28;224
28;317
28;318
28;319
28;320
28;321
28;322
28;323
28;324
28;325
28;326
28;327
28;328
28;329
28;330
28;331
28;332
28;333
28;334
28;335
28;336
28;337
28;338
28;339
28;340
28;341
28;342
28;343
28;344
28;345
28;346
28;347
28;348
28;349
28;350
28;351
28;352
28;353
28;354
28;355
28;356
28;357
28;358
28;359
28;360
28;361
28;362
28;363
28;364
28;365
28;366
28;367
28;368
28;369
28;370
28;371
28;372
28;373
28;374
28;375
28;376
28;377
28;378
28;379
28;380
28;381
28;382
28;383
28;384
28;385
28;386
28;387
28;388
28;389
28;390
28;391
28;392
28;393
28;394
28;395
28;396
28;397
28;398
28;399
28;400
28;401
28;402
28;403
28;404
28;405
28;406
28;407
28;408
29;70
29;71
29;72
29;73
29;74
29;75
29;76
29;77
29;78
29;79
29;80
29;81
29;82
29;83
29;84
29;85
29;86
29;87
29;88
29;89
29;90
29;91
29;147
29;148
29;149
29;150
29;151
29;152
29;153
29;154
29;155
29;156
29;157
29;158
29;159
29;160
29;161
29;162
29;163
29;164
29;165
29;166
29;167
29;168
29;169
29;170
29;171
29;172
29;173
29;174
29;175
29;176
29;177
29;178
29;179
29;180
29;181
29;182
29;183
29;184
29;185
29;186
29;187
29;188
29;189
29;190
29;191
29;192
29;193
29;194
29;195
29;196
29;197
29;198
29;199
29;200
29;201
29;202
29;203
29;204
29;205
29;206
29;207
29;208
29;209
29;210
29;211
29;212
29;213
29;214
29;215
29;216
29;217
29;218
29;219
29;220
29;221
29;222
29;223
29;317
29;318
29;319
29;320
29;321
29;322
29;323
29;324
29;325
29;326
29;327
29;328
29;329
29;330
29;331
29;332
29;333
29;334
29;335
29;336
29;337
29;338
29;339
29;340
29;341
29;342
29;343
29;344
29;345
29;346
29;347
29;348
29;349
29;350
29;351
29;352
29;353
29;354
29;355
29;356
29;357
29;358
29;359
29;360
29;361
29;362
29;363
29;364
29;365
29;366
29;367
29;368
29;369
29;370
29;371
29;372
29;373
29;374
29;375
29;376
29;377
29;378
29;379
29;380
29;381
29;382
29;383
29;384
29;385
29;386
29;387
29;388
29;389
29;390
29;391
29;392
29;393
29;394
29;395
29;396
29;397
29;398
29;399
29;400
29;401
29;402
29;403
29;404
29;405
29;406
29;407
30;72
30;73
30;74
30;75
30;76
30;77
30;78
30;79
30;80
30;81
30;82
30;83
30;84
30;85
30;86
30;87
30;88
30;89
30;148
30;149
30;150
30;151
30;152
30;153
30;154
30;155
30;156
30;157
30;158
30;159
30;160
30;161
30;162
30;163
30;164
30;165
30;166
30;167
30;168
30;169
30;170
30;171
30;172
30;173
30;174
30;175
30;176
30;177
30;178
30;179
30;180
30;181
30;182
30;183
30;184
30;185
30;186
30;187
30;188
30;189
30;190
30;191
30;192
30;193
30;194
30;195
30;196
30;197
30;198
30;199
30;200
30;201
30;202
30;203
30;204
30;205
30;206
30;207
30;208
30;209
30;210
30;211
30;212
30;213
30;214
30;215
30;216
30;217
30;218
30;219
30;220
30;221
30;222
30;223
30;317
30;318
30;319
30;320
30;321
30;322
30;323
30;324
30;325
30;326
30;327
30;328
30;329
30;330
30;331
30;332
30;333
30;334
30;335
30;336
30;337
30;338
30;339
30;340
30;341
30;342
30;343
30;344
30;345
30;346
30;347
30;348
30;349
30;350
30;351
30;352
30;353
30;354
30;355
30;356
30;357
30;358
30;359
30;360
30;361
30;362
30;363
30;364
30;365
30;366
30;367
30;368
30;369
30;370
30;371
30;372
30;373
30;374
30;375
30;376
30;377
30;378
30;379
30;380
30;381
30;382
30;383
30;384
30;385
30;386
30;387
30;388
30;389
30;390
30;391
30;392
30;393
30;394
30;395
30;396
30;397
30;398
30;399
30;400
30;401
30;402
30;403
30;404
30;405
30;406
30;407
31;75
31;76
31;77
31;78
31;79
31;80
31;81
31;82
31;83
31;84
31;85
31;86
31;148
31;149
31;150
31;151
31;152
31;153
31;154
31;155
31;156
31;157
31;158
31;159
31;160
31;161
31;162
31;163
31;164
31;165
31;166
31;167
31;168
31;169
31;170
31;171
31;172
31;173
31;174
31;175
31;176
31;177
31;178
31;179
31;180
31;181
31;182
31;183
31;184
31;185
31;186
31;187
31;188
31;189
31;190
31;191
31;192
31;193
31;194
31;195
31;196
31;197
31;198
31;199
31;200
31;201
31;202
31;203
31;204
31;205
31;206
31;207
31;208
31;209
31;210
31;211
31;212
31;213
31;214
31;215
31;216
31;217
31;218
31;219
31;220
31;221
31;222
31;316
31;317
31;318
31;319
31;320
31;321
31;322
31;323
31;324
31;325
31;326
31;327
31;328
31;329
31;330
31;331
31;332
31;333
31;334
31;335
31;336
31;337
31;338
31;339
31;340
31;341
31;342
31;343
31;344
31;345
31;346
31;347
31;348
31;349
31;350
31;351
31;352
31;353
31;354
31;355
31;356
31;357
31;358
31;359
31;360
31;361
31;362
31;363
31;364
31;365
31;366
31;367
31;368
31;369
31;370
31;371
31;372
31;373
31;374
31;375
31;376
31;377
31;378
31;379
31;380
31;381
31;382
31;383
31;384
31;385
31;386
31;387
31;388
31;389
31;390
31;391
31;392
31;393
31;394
31;395
31;396
31;397
31;398
31;399
31;400
31;401
31;402
31;403
31;404
31;405
31;406
32;149
32;150
32;151
32;152
32;153
32;154
32;155
32;156
32;157
32;158
32;159
32;160
32;161
32;162
32;163
32;164
32;165
32;166
32;167
32;168
32;169
32;170
32;171
32;172
32;173
32;174
32;175
32;176
32;177
32;178
32;179
32;180
32;181
32;182
32;183
32;184
32;185
32;186
32;187
32;188
32;189
32;190
32;191
32;192
32;193
32;194
32;195
32;196
32;197
32;198
32;199
32;200
32;201
32;202
32;203
32;204
32;205
32;206
32;207
32;208
32;209
32;210
32;211
32;212
32;213
32;214
32;215
32;216
32;217
32;218
32;219
32;220
32;221
32;316
32;317
32;318
32;319
32;320
32;321
32;322
32;323
32;324
32;325
32;326
32;327
32;328
32;329
32;330
32;331
32;332
32;333
32;334
32;335
32;336
32;337
32;338
32;339
32;340
32;341
32;342
32;343
32;344
32;345
32;346
32;347
32;348
32;349
32;350
32;351
32;352
32;353
32;354
32;355
32;356
32;357
32;358
32;359
32;360
32;361
32;362
32;363
32;364
32;365
32;366
32;367
32;368
32;369
32;370
32;371
32;372
32;373
32;374
32;375
32;376
32;377
32;378
32;379
32;380
32;381
32;382
32;383
32;384
32;385
32;386
32;387
32;388
32;389
32;390
32;391
32;392
32;393
32;394
32;395
32;396
32;397
32;398
32;399
32;400
32;401
32;402
32;403
32;404
32;405
32;406
33;150
33;151
33;152
33;153
33;154
33;155
33;156
33;157
33;158
33;159
33;160
33;161
33;162
33;163
33;164
33;165
33;166
33;167
33;168
33;169
33;170
33;171
33;172
33;173
33;174
33;175
33;176
33;177
33;178
33;179
33;180
33;181
33;182
33;183
33;184
33;185
33;186
33;187
33;188
33;189
33;190
33;191
33;192
33;193
33;194
33;195
33;196
33;197
33;198
33;199
33;200
33;201
33;202
33;203
33;204
33;205
33;206
33;207
33;208
33;209
33;210
33;211
33;212
33;213
33;214
33;215
33;216
33;217
33;218
33;219
33;220
33;315
33;316
33;317
33;318
33;319
33;320
33;321
33;322
33;323
33;324
33;325
33;326
33;327
33;328
33;329
33;330
33;331
33;332
33;333
33;334
33;335
33;336
33;337
33;338
33;339
33;340
33;341
33;342
33;343
33;344
33;345
33;346
33;347
33;348
33;349
33;350
33;351
33;352
33;353
33;354
33;355
33;356
33;357
33;358
33;359
33;360
33;361
33;362
33;363
33;364
33;365
33;366
33;367
33;368
33;369
33;370
33;371
33;372
33;373
33;374
33;375
33;376
33;377
33;378
33;379
33;380
33;381
33;382
33;383
33;384
33;385
33;386
33;387
33;388
33;389
33;390
33;391
33;392
33;393
33;394
33;395
33;396
33;397
33;398
33;399
33;400
33;401
33;402
33;403
33;404
33;405
34;151
34;152
34;153
34;154
34;155
34;156
34;157
34;158
34;159
34;160
34;161
34;162
34;163
34;164
34;165
34;166
34;167
34;168
34;169
34;170
34;171
34;172
34;173
34;174
34;175
34;176
34;177
34;178
34;179
34;180
34;181
34;182
34;183
34;184
34;185
34;186
34;187
34;188
34;189
34;190
34;191
34;192
34;193
34;194
34;195
34;196
34;197
34;198
34;199
34;200
34;201
34;202
34;203
34;204
34;205
34;206
34;207
34;208
34;209
34;210
34;211
34;212
34;213
34;214
34;215
34;216
34;217
34;218
34;219
34;315
34;316
34;317
34;318
34;319
34;320
34;321
34;322
34;323
34;324
34;325
34;326
34;327
34;328
34;329
34;330
34;331
34;332
34;333
34;334
34;335
34;336
34;337
34;338
34;339
34;340
34;341
34;342
34;343
34;344
34;345
34;346
34;347
34;348
34;349
34;350
34;351
34;352
34;353
34;354
34;355
34;356
34;357
34;358
34;359
34;360
34;361
34;362
34;363
34;364
34;365
34;366
34;367
34;368
34;369
34;370
34;371
34;372
34;373
34;374
34;375
34;376
34;377
34;378
34;379
34;380
34;381
34;382
34;383
34;384
34;385
34;386
34;387
34;388
34;389
34;390
34;391
34;392
34;393
34;394
34;395
34;396
34;397
34;398
34;399
34;400
34;401
34;402
34;403
34;404
34;405
35;152
35;153
35;154
35;155
35;156
35;157
35;158
35;159
35;160
35;161
35;162
35;163
35;164
35;165
35;166
35;167
35;168
35;169
35;170
35;171
35;172
35;173
35;174
35;175
35;176
35;177
35;178
35;179
35;180
35;181
35;182
35;183
35;184
35;185
35;186
35;187
35;188
35;189
35;190
35;191
35;192
35;193
35;194
35;195
35;196
35;197
35;198
35;199
35;200
35;201
35;202
35;203
35;204
35;205
35;206
35;207
35;208
35;209
35;210
35;211
35;212
35;213
35;214
35;215
35;216
35;217
35;218
35;219
35;315
35;316
35;317
35;318
35;319
35;320
35;321
35;322
35;323
35;324
35;325
35;326
35;327
35;328
35;329
35;330
35;331
35;332
35;333
35;334
35;335
35;336
35;337
35;338
35;339
35;340
35;341
35;342
35;343
35;344
35;345
35;346
35;347
35;348
35;349
35;350
35;351
35;352
35;353
35;354
35;355
35;356
35;357
35;358
35;359
35;360
35;361
35;362
35;363
35;364
35;365
35;366
35;367
35;368
35;369
35;370
35;371
35;372
35;373
35;374
35;375
35;376
35;377
35;378
35;379
35;380
35;381
35;382
35;383
35;384
35;385
35;386
35;387
35;388
35;389
35;390
35;391
35;392
35;393
35;394
35;395
35;396
35;397
35;398
35;399
35;400
35;401
35;402
35;403
35;404
35;405
36;153
36;154
36;155
36;156
36;157
36;158
36;159
36;160
36;161
36;162
36;163
36;164
36;165
36;166
36;167
36;168
36;169
36;170
36;171
36;172
36;173
36;174
36;175
36;176
36;177
36;178
36;179
36;180
36;181
36;182
36;183
36;184
36;185
36;186
36;187
36;188
36;189
36;190
36;191
36;192
36;193
36;194
36;195
36;196
36;197
36;198
36;199
36;200
36;201
36;202
36;203
36;204
36;205
36;206
36;207
36;208
36;209
36;210
36;211
36;212
36;213
36;214
36;215
36;216
36;217
36;218
36;314
36;315
36;316
36;317
36;318
36;319
36;320
36;321
36;322
36;323
36;324
36;325
36;326
36;327
36;328
36;329
36;330
36;331
36;332
36;333
36;334
36;335
36;336
36;337
36;338
36;339
36;340
36;341
36;342
36;343
36;344
36;345
36;346
36;347
36;348
36;349
36;350
36;351
36;352
36;353
36;354
36;355
36;356
36;357
36;358
36;359
36;360
36;361
36;362
36;363
36;364
36;365
36;366
36;367
36;368
36;369
36;370
36;371
36;372
36;373
36;374
36;375
36;376
36;377
36;378
36;379
36;380
36;381
36;382
36;383
36;384
36;385
36;386
36;387
36;388
36;389
36;390
36;391
36;392
36;393
36;394
36;395
36;396
36;397
36;398
36;399
36;400
36;401
36;402
36;403
36;404
37;154
37;155
37;156
37;157
37;158
37;159
37;160
37;161
37;162
37;163
37;164
37;165
37;166
37;167
37;168
37;169
37;170
37;171
37;172
37;173
37;174
37;175
37;176
37;177
37;178
37;179
37;180
37;181
37;182
37;183
37;184
37;185
37;186
37;187
37;188
37;189
37;190
37;191
37;192
37;193
37;194
37;195
37;196
37;197
37;198
37;199
37;200
37;201
37;202
37;203
37;204
37;205
37;206
37;207
37;208
37;209
37;210
37;211
37;212
37;213
37;214
37;215
37;216
37;217
37;314
37;315
37;316
37;317
37;318
37;319
37;320
37;321
37;322
37;323
37;324
37;325
37;326
37;327
37;328
37;329
37;330
37;331
37;332
37;333
37;334
37;335
37;336
37;337
37;338
37;339
37;340
37;341
37;342
37;343
37;344
37;345
37;346
37;347
37;348
37;349
37;350
37;351
37;352
37;353
37;354
37;355
37;356
37;357
37;358
37;359
37;360
37;361
37;362
37;363
37;364
37;365
37;366
37;367
37;368
37;369
37;370
37;371
37;372
37;373
37;374
37;375
37;376
37;377
37;378
37;379
37;380
37;381
37;382
37;383
37;384
37;385
37;386
37;387
37;388
37;389
37;390
37;391
37;392
37;393
37;394
37;395
37;396
37;397
37;398
37;399
37;400
37;401
37;402
37;403
37;404
38;155
38;156
38;157
38;158
38;159
38;160
38;161
38;162
38;163
38;164
38;165
38;166
38;167
38;168
38;169
38;170
38;171
38;172
38;173
38;174
38;175
38;176
38;177
38;178
38;179
38;180
38;181
38;182
38;183
38;184
38;185
38;186
38;187
38;188
38;189
38;190
38;191
38;192
38;193
38;194
38;195
38;196
38;197
38;198
38;199
38;200
38;201
38;202
38;203
38;204
38;205
38;206
38;207
38;208
38;209
38;210
38;211
38;212
38;213
38;214
38;215
38;216
38;313
38;314
38;315
38;316
38;317
38;318
38;319
38;320
38;321
38;322
38;323
38;324
38;325
38;326
38;327
38;328
38;329
38;330
38;331
38;332
38;333
38;334
38;335
38;336
38;337
38;338
38;339
38;340
38;341
38;342
38;343
38;344
38;345
38;346
38;347
38;348
38;349
38;350
38;351
38;352
38;353
38;354
38;355
38;356
38;357
38;358
38;359
38;360
38;361
38;362
38;363
38;364
38;365
38;366
38;367
38;368
38;369
38;370
38;371
38;372
38;373
38;374
38;375
38;376
38;377
38;378
38;379
38;380
38;381
38;382
38;383
38;384
38;385
38;386
38;387
38;388
38;389
38;390
38;391
38;392
38;393
38;394
38;395
38;396
38;397
38;398
38;399
38;400
38;401
38;402
38;403
39;156
39;157
39;158
39;159
39;160
39;161
39;162
39;163
39;164
39;165
39;166
39;167
39;168
39;169
39;170
39;171
39;172
39;173
39;174
39;175
39;176
39;177
39;178
39;179
39;180
39;181
39;182
39;183
39;184
39;185
39;186
39;187
39;188
39;189
39;190
39;191
39;192
39;193
39;194
39;195
39;196
39;197
39;198
39;199
39;200
39;201
39;202
39;203
39;204
39;205
39;206
39;207
39;208
39;209
39;210
39;211
39;212
39;213
39;214
39;313
39;314
39;315
39;316
39;317
39;318
39;319
39;320
39;321
39;322
39;323
39;324
39;325
39;326
39;327
39;328
39;329
39;330
39;331
39;332
39;333
39;334
39;335
39;336
39;337
39;338
39;339
39;340
39;341
39;342
39;343
39;344
39;345
39;346
39;347
39;348
39;349
39;350
39;351
39;352
39;353
39;354
39;355
39;356
39;357
39;358
39;359
39;360
39;361
39;362
39;363
39;364
39;365
39;366
39;367
39;368
39;369
39;370
39;371
39;372
39;373
39;374
39;375
39;376
39;377
39;378
39;379
39;380
39;381
39;382
39;383
39;384
39;385
39;386
39;387
39;388
39;389
39;390
39;391
39;392
39;393
39;394
39;395
39;396
39;397
39;398
39;399
39;400
39;401
39;402
39;403
40;157
40;158
40;159
40;160
40;161
40;162
40;163
40;164
40;165
40;166
40;167
40;168
40;169
40;170
40;171
40;172
40;173
40;174
40;175
40;176
40;177
40;178
40;179
40;180
40;181
40;182
40;183
40;184
40;185
40;186
40;187
40;188
40;189
40;190
40;191
40;192
40;193
40;194
40;195
40;196
40;197
40;198
40;199
40;200
40;201
40;202
40;203
40;204
40;205
40;206
40;207
40;208
40;209
40;210
40;211
40;212
40;213
40;312
40;313
40;314
40;315
40;316
40;317
40;318
40;319
40;320
40;321
40;322
40;323
40;324
40;325
40;326
40;327
40;328
40;329
40;330
40;331
40;332
40;333
40;334
40;335
40;336
40;337
40;338
40;339
40;340
40;341
40;342
40;343
40;344
40;345
40;346
40;347
40;348
40;349
40;350
40;351
40;352
40;353
40;354
40;355
40;356
40;357
40;358
40;359
40;360
40;361
40;362
40;363
40;364
40;365
40;366
40;367
40;368
40;369
40;370
40;371
40;372
40;373
40;374
40;375
40;376
40;377
40;378
40;379
40;380
40;381
40;382
40;383
40;384
40;385
40;386
40;387
40;388
40;389
40;390
40;391
40;392
40;393
40;394
40;395
40;396
40;397
40;398
40;399
40;400
40;401
40;402
41;158
41;159
41;160
41;161
41;162
41;163
41;164
41;165
41;166
41;167
41;168
41;169
41;170
41;171
41;172
41;173
41;174
41;175
41;176
41;177
41;178
41;179
41;180
41;181
41;182
41;183
41;184
41;185
41;186
41;187
41;188
41;189
41;190
41;191
41;192
41;193
41;194
41;195
41;196
41;197
41;198
41;199
41;200
41;201
41;202
41;203
41;204
41;205
41;206
41;207
41;208
41;209
41;210
41;211
41;212
41;312
41;313
41;314
41;315
41;316
41;317
41;318
41;319
41;320
41;321
41;322
41;323
41;324
41;325
41;326
41;327
41;328
41;329
41;330
41;331
41;332
41;333
41;334
41;335
41;336
41;337
41;338
41;339
41;340
41;341
41;342
41;343
41;344
41;345
41;346
41;347
41;348
41;349
41;350
41;351
41;352
41;353
41;354
41;355
41;356
41;357
41;358
41;359
41;360
41;361
41;362
41;363
41;364
41;365
41;366
41;367
41;368
41;369
41;370
41;371
41;372
41;373
41;374
41;375
41;376
41;377
41;378
41;379
41;380
41;381
41;382
41;383
41;384
41;385
41;386
41;387
41;388
41;389
41;390
41;391
41;392
41;393
41;394
41;395
41;396
41;397
41;398
41;399
41;400
41;401
41;402
42;160
42;161
42;162
42;163
42;164
42;165
42;166
42;167
42;168
42;169
42;170
42;171
42;172
42;173
42;174
42;175
42;176
42;177
42;178
42;179
42;180
42;181
42;182
42;183
42;184
42;185
42;186
42;187
42;188
42;189
42;190
42;191
42;192
42;193
42;194
42;195
42;196
42;197
42;198
42;199
42;200
42;201
42;202
42;203
42;204
42;205
42;206
42;207
42;208
42;209
42;210
42;211
42;312
42;313
42;314
42;315
42;316
42;317
42;318
42;319
42;320
42;321
42;322
42;323
42;324
42;325
42;326
42;327
42;328
42;329
42;330
42;331
42;332
42;333
42;334
42;335
42;336
42;337
42;338
42;339
42;340
42;341
42;342
42;343
42;344
42;345
42;346
42;347
42;348
42;349
42;350
42;351
42;352
42;353
42;354
42;355
42;356
42;357
42;358
42;359
42;360
42;361
42;362
42;363
42;364
42;365
42;366
42;367
42;368
42;369
42;370
42;371
42;372
42;373
42;374
42;375
42;376
42;377
42;378
42;379
42;380
42;381
42;382
42;383
42;384
42;385
42;386
42;387
42;388
42;389
42;390
42;391
42;392
42;393
42;394
42;395
42;396
42;397
42;398
42;399
42;400
42;401
42;402
43;161
43;162
43;163
43;164
43;165
43;166
43;167
43;168
43;169
43;170
43;171
43;172
43;173
43;174
43;175
43;176
43;177
43;178
43;179
43;180
43;181
43;182
43;183
43;184
43;185
43;186
43;187
43;188
43;189
43;190
43;191
43;192
43;193
43;194
43;195
43;196
43;197
43;198
43;199
43;200
43;201
43;202
43;203
43;204
43;205
43;206
43;207
43;208
43;209
43;309
43;310
43;311
43;312
43;313
43;314
43;315
43;316
43;317
43;318
43;319
43;320
43;321
43;322
43;323
43;324
43;325
43;326
43;327
43;328
43;329
43;330
43;331
43;332
43;333
43;334
43;335
43;336
43;337
43;338
43;339
43;340
43;341
43;342
43;343
43;344
43;345
43;346
43;347
43;348
43;349
43;350
43;351
43;352
43;353
43;354
43;355
43;356
43;357
43;358
43;359
43;360
43;361
43;362
43;363
43;364
43;365
43;366
43;367
43;368
43;369
43;370
43;371
43;372
43;373
43;374
43;375
43;376
43;377
43;378
43;379
43;380
43;381
43;382
43;383
43;384
43;385
43;386
43;387
43;388
43;389
43;390
43;391
43;392
43;393
43;394
43;395
43;396
43;397
43;398
43;399
43;400
43;401
44;163
44;164
44;165
44;166
44;167
44;168
44;169
44;170
44;171
44;172
44;173
44;174
44;175
44;176
44;177
44;178
44;179
44;180
44;181
44;182
44;183
44;184
44;185
44;186
44;187
44;188
44;189
44;190
44;191
44;192
44;193
44;194
44;195
44;196
44;197
44;198
44;199
44;200
44;201
44;202
44;203
44;204
44;205
44;206
44;207
44;306
44;307
44;308
44;309
44;310
44;311
44;312
44;313
44;314
44;315
44;316
44;317
44;318
44;319
44;320
44;321
44;322
44;323
44;324
44;325
44;326
44;327
44;328
44;329
44;330
44;331
44;332
44;333
44;334
44;335
44;336
44;337
44;338
44;339
44;340
44;341
44;342
44;343
44;344
44;345
44;346
44;347
44;348
44;349
44;350
44;351
44;352
44;353
44;354
44;355
44;356
44;357
44;358
44;359
44;360
44;361
44;362
44;363
44;364
44;365
44;366
44;367
44;368
44;369
44;370
44;371
44;372
44;373
44;374
44;375
44;376
44;377
44;378
44;379
44;380
44;381
44;382
44;383
44;384
44;385
44;386
44;387
44;388
44;389
44;390
44;391
44;392
44;393
44;394
44;395
44;396
44;397
44;398
44;399
44;400
44;401
45;165
45;166
45;167
45;168
45;169
45;170
45;171
45;172
45;173
45;174
45;175
45;176
45;177
45;178
45;179
45;180
45;181
45;182
45;183
45;184
45;185
45;186
45;187
45;188
45;189
45;190
45;191
45;192
45;193
45;194
45;195
45;196
45;197
45;198
45;199
45;200
45;201
45;202
45;203
45;204
45;205
45;303
45;304
45;305
45;306
45;307
45;308
45;309
45;310
45;311
45;312
45;313
45;314
45;315
45;316
45;317
45;318
45;319
45;320
45;321
45;322
45;323
45;324
45;325
45;326
45;327
45;328
45;329
45;330
45;331
45;332
45;333
45;334
45;335
45;336
45;337
45;338
45;339
45;340
45;341
45;342
45;343
45;344
45;345
45;346
45;347
45;348
45;349
45;350
45;351
45;352
45;353
45;354
45;355
45;356
45;357
45;358
45;359
45;360
45;361
45;362
45;363
45;364
45;365
45;366
45;367
45;368
45;369
45;370
45;371
45;372
45;373
45;374
45;375
45;376
45;377
45;378
45;379
45;380
45;381
45;382
45;383
45;384
45;385
45;386
45;387
45;388
45;389
45;390
45;391
45;392
45;393
45;394
45;395
45;396
45;397
45;398
45;399
45;400
46;167
46;168
46;169
46;170
46;171
46;172
46;173
46;174
46;175
46;176
46;177
46;178
46;179
46;180
46;181
46;182
46;183
46;184
46;185
46;186
46;187
46;188
46;189
46;190
46;191
46;192
46;193
46;194
46;195
46;196
46;197
46;198
46;199
46;200
46;201
46;202
46;203
46;300
46;301
46;302
46;303
46;304
46;305
46;306
46;307
46;308
46;309
46;310
46;311
46;312
46;313
46;314
46;315
46;316
46;317
46;318
46;319
46;320
46;321
46;322
46;323
46;324
46;325
46;326
46;327
46;328
46;329
46;330
46;331
46;332
46;333
46;334
46;335
46;336
46;337
46;338
46;339
46;340
46;341
46;342
46;343
46;344
46;345
46;346
46;347
46;348
46;349
46;350
46;351
46;352
46;353
46;354
46;355
46;356
46;357
46;358
46;359
46;360
46;361
46;362
46;363
46;364
46;365
46;366
46;367
46;368
46;369
46;370
46;371
46;372
46;373
46;374
46;375
46;376
46;377
46;378
46;379
46;380
46;381
46;382
46;383
46;384
46;385
46;386
46;387
46;388
46;389
46;390
46;391
46;392
46;393
46;394
46;395
46;396
46;397
46;398
46;399
46;400
47;169
47;170
47;171
47;172
47;173
47;174
47;175
47;176
47;177
47;178
47;179
47;180
47;181
47;182
47;183
47;184
47;185
47;186
47;187
47;188
47;189
47;190
47;191
47;192
47;193
47;194
47;195
47;196
47;197
47;198
47;199
47;200
47;201
47;297
47;298
47;299
47;300
47;301
47;302
47;303
47;304
47;305
47;306
47;307
47;308
47;309
47;310
47;311
47;312
47;313
47;314
47;315
47;316
47;317
47;318
47;319
47;320
47;321
47;322
47;323
47;324
47;325
47;326
47;327
47;328
47;329
47;330
47;331
47;332
47;333
47;334
47;335
47;336
47;337
47;338
47;339
47;340
47;341
47;342
47;343
47;344
47;345
47;346
47;347
47;348
47;349
47;350
47;351
47;352
47;353
47;354
47;355
47;356
47;357
47;358
47;359
47;360
47;361
47;362
47;363
47;364
47;365
47;366
47;367
47;368
47;369
47;370
47;371
47;372
47;373
47;374
47;375
47;376
47;377
47;378
47;379
47;380
47;381
47;382
47;383
47;384
47;385
47;386
47;387
47;388
47;389
47;390
47;391
47;392
47;393
47;394
47;395
47;396
47;397
47;398
47;399
47;400
48;172
48;173
48;174
48;175
48;176
48;177
48;178
48;179
48;180
48;181
48;182
48;183
48;184
48;185
48;186
48;187
48;188
48;189
48;190
48;191
48;192
48;193
48;194
48;195
48;196
48;197
48;198
48;295
48;296
48;297
48;298
48;299
48;300
48;301
48;302
48;303
48;304
48;305
48;306
48;307
48;308
48;309
48;310
48;311
48;312
48;313
48;314
48;315
48;316
48;317
48;318
48;319
48;320
48;321
48;322
48;323
48;324
48;325
48;326
48;327
48;328
48;329
48;330
48;331
48;332
48;333
48;334
48;335
48;336
48;337
48;338
48;339
48;340
48;341
48;342
48;343
48;344
48;345
48;346
48;347
48;348
48;349
48;350
48;351
48;352
48;353
48;354
48;355
48;356
48;357
48;358
48;359
48;360
48;361
48;362
48;363
48;364
48;365
48;366
48;367
48;368
48;369
48;370
48;371
48;372
48;373
48;374
48;375
48;376
48;377
48;378
48;379
48;380
48;381
48;382
48;383
48;384
48;385
48;386
48;387
48;388
48;389
48;390
48;391
48;392
48;393
48;394
48;395
48;396
48;397
48;398
48;399
49;176
49;177
49;178
49;179
49;180
49;181
49;182
49;183
49;184
49;185
49;186
49;187
49;188
49;189
49;190
49;191
49;192
49;193
49;194
49;292
49;293
49;294
49;295
49;296
49;297
49;298
49;299
49;300
49;301
49;302
49;303
49;304
49;305
49;306
49;307
49;308
49;309
49;310
49;311
49;312
49;313
49;314
49;315
49;316
49;317
49;318
49;319
49;320
49;321
49;322
49;323
49;324
49;325
49;326
49;327
49;328
49;329
49;330
49;331
49;332
49;333
49;334
49;335
49;336
49;337
49;338
49;339
49;340
49;341
49;342
49;343
49;344
49;345
49;346
49;347
49;348
49;349
49;350
49;351
49;352
49;353
49;354
49;355
49;356
49;357
49;358
49;359
49;360
49;361
49;362
49;363
49;364
49;365
49;366
49;367
49;368
49;369
49;370
49;371
49;372
49;373
49;374
49;375
49;376
49;377
49;378
49;379
49;380
49;381
49;382
49;383
49;384
49;385
49;386
49;387
49;388
49;389
49;390
49;391
49;392
49;393
49;394
49;395
49;396
49;397
49;398
49;399
50;289
50;290
50;291
50;292
50;293
50;294
50;295
50;296
50;297
50;298
50;299
50;300
50;301
50;302
50;303
50;304
50;305
50;306
50;307
50;308
50;309
50;310
50;311
50;312
50;313
50;314
50;315
50;316
50;317
50;318
50;319
50;320
50;321
50;322
50;323
50;324
50;325
50;326
50;327
50;328
50;329
50;330
50;331
50;332
50;333
50;334
50;335
50;336
50;337
50;338
50;339
50;340
50;341
50;342
50;343
50;344
50;345
50;346
50;347
50;348
50;349
50;350
50;351
50;352
50;353
50;354
50;355
50;356
50;357
50;358
50;359
50;360
50;361
50;362
50;363
50;364
50;365
50;366
50;367
50;368
50;369
50;370
50;371
50;372
50;373
50;374
50;375
50;376
50;377
50;378
50;379
50;380
50;381
50;382
50;383
50;384
50;385
50;386
50;387
50;388
50;389
50;390
50;391
50;392
50;393
50;394
50;395
50;396
50;397
50;398
51;286
51;287
51;288
51;289
51;290
51;291
51;292
51;293
51;294
51;295
51;296
51;297
51;298
51;299
51;300
51;301
51;302
51;303
51;304
51;305
51;306
51;307
51;308
51;309
51;310
51;311
51;312
51;313
51;314
51;315
51;316
51;317
51;318
51;319
51;320
51;321
51;322
51;323
51;324
51;325
51;326
51;327
51;328
51;329
51;330
51;331
51;332
51;333
51;334
51;335
51;336
51;337
51;338
51;339
51;340
51;341
51;342
51;343
51;344
51;345
51;346
51;347
51;348
51;349
51;350
51;351
51;352
51;353
51;354
51;355
51;356
51;357
51;358
51;359
51;360
51;361
51;362
51;363
51;364
51;365
51;366
51;367
51;368
51;369
51;370
51;371
51;372
51;373
51;374
51;375
51;376
51;377
51;378
51;379
51;380
51;381
51;382
51;383
51;384
51;385
51;386
51;387
51;388
51;389
51;390
51;391
51;392
51;393
51;394
51;395
51;396
51;397
51;398
52;44
52;45
52;283
52;284
52;285
52;286
52;287
52;288
52;289
52;290
52;291
52;292
52;293
52;294
52;295
52;296
52;297
52;298
52;299
52;300
52;301
52;302
52;303
52;304
52;305
52;306
52;307
52;308
52;309
52;310
52;311
52;312
52;313
52;314
52;315
52;316
52;317
52;318
52;319
52;320
52;321
52;322
52;323
52;324
52;325
52;326
52;327
52;328
52;329
52;330
52;331
52;332
52;333
52;334
52;335
52;336
52;337
52;338
52;339
52;340
52;341
52;342
52;343
52;344
52;345
52;346
52;347
52;348
52;349
52;350
52;351
52;352
52;353
52;354
52;355
52;356
52;357
52;358
52;359
52;360
52;361
52;362
52;363
52;364
52;365
52;366
52;367
52;368
52;369
52;370
52;371
52;372
52;373
52;374
52;375
52;376
52;377
52;378
52;379
52;380
52;381
52;382
52;383
52;384
52;385
52;386
52;387
52;388
52;389
52;390
52;391
52;392
52;393
52;394
52;395
52;396
52;397
53;44
53;45
53;46
53;47
53;48
53;49
53;280
53;281
53;282
53;283
53;284
53;285
53;286
53;287
53;288
53;289
53;290
53;291
53;292
53;293
53;294
53;295
53;296
53;297
53;298
53;299
53;300
53;301
53;302
53;303
53;304
53;305
53;306
53;307
53;308
53;309
53;310
53;311
53;312
53;313
53;314
53;315
53;316
53;317
53;318
53;319
53;320
53;321
53;322
53;323
53;324
53;325
53;326
53;327
53;328
53;329
53;330
53;331
53;332
53;333
53;334
53;335
53;336
53;337
53;338
53;339
53;340
53;341
53;342
53;343
53;344
53;345
53;346
53;347
53;348
53;349
53;350
53;351
53;352
53;353
53;354
53;355
53;356
53;357
53;358
53;359
53;360
53;361
53;362
53;363
53;364
53;365
53;366
53;367
53;368
53;369
53;370
53;371
53;372
53;373
53;374
53;375
53;376
53;377
53;378
53;379
53;380
53;381
53;382
53;383
53;384
53;385
53;386
53;387
53;388
53;389
53;390
53;391
53;392
53;393
53;394
53;395
53;396
53;397
54;44
54;45
54;46
54;47
54;48
54;49
54;50
54;51
54;52
54;53
54;54
54;277
54;278
54;279
54;280
54;281
54;282
54;283
54;284
54;285
54;286
54;287
54;288
54;289
54;290
54;291
54;292
54;293
54;294
54;295
54;296
54;297
54;298
54;299
54;300
54;301
54;302
54;303
54;304
54;305
54;306
54;307
54;308
54;309
54;310
54;311
54;312
54;313
54;314
54;315
54;316
54;317
54;318
54;319
54;320
54;321
54;322
54;323
54;324
54;325
54;326
54;327
54;328
54;329
54;330
54;331
54;332
54;333
54;334
54;335
54;336
54;337
54;338
54;339
54;340
54;341
54;342
54;343
54;344
54;345
54;346
54;347
54;348
54;349
54;350
54;351
54;352
54;353
54;354
54;355
54;356
54;357
54;358
54;359
54;360
54;361
54;362
54;363
54;364
54;365
54;366
54;367
54;368
54;369
54;370
54;371
54;372
54;373
54;374
54;375
54;376
54;377
54;378
54;379
54;380
54;381
54;382
54;383
54;384
54;385
54;386
54;387
54;388
54;389
54;390
54;391
54;392
54;393
54;394
54;395
54;396
54;397
55;45
55;46
55;47
55;48
55;49
55;50
55;51
55;52
55;53
55;54
55;55
55;56
55;57
55;58
55;274
55;275
55;276
55;277
55;278
55;279
55;280
55;281
55;282
55;283
55;284
55;285
55;286
55;287
55;288
55;289
55;290
55;291
55;292
55;293
55;294
55;295
55;296
55;297
55;298
55;299
55;300
55;301
55;302
55;303
55;304
55;305
55;306
55;307
55;308
55;309
55;310
55;311
55;312
55;313
55;314
55;315
55;316
55;317
55;318
55;319
55;320
55;321
55;322
55;323
55;324
55;325
55;326
55;327
55;328
55;329
55;330
55;331
55;332
55;333
55;334
55;335
55;336
55;337
55;338
55;339
55;340
55;341
55;342
55;343
55;344
55;345
55;346
55;347
55;348
55;349
55;350
55;351
55;352
55;353
55;354
55;355
55;356
55;357
55;358
55;359
55;360
55;361
55;362
55;363
55;364
55;365
55;366
55;367
55;368
55;369
55;370
55;371
55;372
55;373
55;374
55;375
55;376
55;377
55;378
55;379
55;380
55;381
55;382
55;383
55;384
55;385
55;386
55;387
55;388
55;389
55;390
55;391
55;392
55;393
55;394
55;395
55;396
56;45
56;46
56;47
56;48
56;49
56;50
56;51
56;52
56;53
56;54
56;55
56;56
56;57
56;58
56;59
56;60
56;61
56;62
56;227
56;228
56;229
56;230
56;231
56;232
56;233
56;234
56;235
56;236
56;237
56;238
56;239
56;240
56;272
56;273
56;274
56;275
56;276
56;277
56;278
56;279
56;280
56;281
56;282
56;283
56;284
56;285
56;286
56;287
56;288
56;289
56;290
56;291
56;292
56;293
56;294
56;295
56;296
56;297
56;298
56;299
56;300
56;301
56;302
56;303
56;304
56;305
56;306
56;307
56;308
56;309
56;310
56;311
56;312
56;313
56;314
56;315
56;316
56;317
56;318
56;319
56;320
56;321
56;322
56;323
56;324
56;325
56;326
56;327
56;328
56;329
56;330
56;331
56;332
56;333
56;334
56;335
56;336
56;337
56;338
56;339
56;340
56;341
56;342
56;343
56;344
56;345
56;346
56;347
56;348
56;349
56;350
56;351
56;352
56;353
56;354
56;355
56;356
56;357
56;358
56;359
56;360
56;361
56;362
56;363
56;364
56;365
56;366
56;367
56;368
56;369
56;370
56;371
56;372
56;373
56;374
56;375
56;376
56;377
56;378
56;379
56;380
56;381
56;382
56;383
56;384
56;385
56;386
56;387
56;388
56;389
56;390
56;391
56;392
56;393
56;394
56;395
56;396
57;45
57;46
57;47
57;48
57;49
57;50
57;51
57;52
57;53
57;54
57;55
57;56
57;57
57;58
57;59
57;60
57;61
57;62
57;63
57;64
57;65
57;66
57;223
57;224
57;225
57;226
57;227
57;228
57;229
57;230
57;231
57;232
57;233
57;234
57;235
57;236
57;237
57;238
57;239
57;240
57;241
57;242
57;243
57;244
57;269
57;270
57;271
57;272
57;273
57;274
57;275
57;276
57;277
57;278
57;279
57;280
57;281
57;282
57;283
57;284
57;285
57;286
57;287
57;288
57;289
57;290
57;291
57;292
57;293
57;294
57;295
57;296
57;297
57;298
57;299
57;300
57;301
57;302
57;303
57;304
57;305
57;306
57;307
57;308
57;309
57;310
57;311
57;312
57;313
57;314
57;315
57;316
57;317
57;318
57;319
57;320
57;321
57;322
57;323
57;324
57;325
57;326
57;327
57;328
57;329
57;330
57;331
57;332
57;333
57;334
57;335
57;336
57;337
57;338
57;339
57;340
57;341
57;342
57;343
57;344
57;345
57;346
57;347
57;348
57;349
57;350
57;351
57;352
57;353
57;354
57;355
57;356
57;357
57;358
57;359
57;360
57;361
57;362
57;363
57;364
57;365
57;366
57;367
57;368
57;369
57;370
57;371
57;372
57;373
57;374
57;375
57;376
57;377
57;378
57;379
57;380
57;381
57;382
57;383
57;384
57;385
57;386
57;387
57;388
57;389
57;390
57;391
57;392
57;393
57;394
57;395
58;45
58;46
58;47
58;48
58;49
58;50
58;51
58;52
58;53
58;54
58;55
58;56
58;57
58;58
58;59
58;60
58;61
58;62
58;63
58;64
58;65
58;66
58;67
58;68
58;69
58;70
58;221
58;222
58;223
58;224
58;225
58;226
58;227
58;228
58;229
58;230
58;231
58;232
58;233
58;234
58;235
58;236
58;237
58;238
58;239
58;240
58;241
58;242
58;243
58;244
58;245
58;246
58;269
58;270
58;271
58;272
58;273
58;274
58;275
58;276
58;277
58;278
58;279
58;280
58;281
58;282
58;283
58;284
58;285
58;286
58;287
58;288
58;289
58;290
58;291
58;292
58;293
58;294
58;295
58;296
58;297
58;298
58;299
58;300
58;301
58;302
58;303
58;304
58;305
58;306
58;307
58;308
58;309
58;310
58;311
58;312
58;313
58;314
58;315
58;316
58;317
58;318
58;319
58;320
58;321
58;322
58;323
58;324
58;325
58;326
58;327
58;328
58;329
58;330
58;331
58;332
58;333
58;334
58;335
58;336
58;337
58;338
58;339
58;340
58;341
58;342
58;343
58;344
58;345
58;346
58;347
58;348
58;349
58;350
58;351
58;352
58;353
58;354
58;355
58;356
58;357
58;358
58;359
58;360
58;361
58;362
58;363
58;364
58;365
58;366
58;367
58;368
58;369
58;370
58;371
58;372
58;373
58;374
58;375
58;376
58;377
58;378
58;379
58;380
58;381
58;382
58;383
58;384
58;385
58;386
58;387
58;388
58;389
58;390
58;391
58;392
58;393
58;394
58;395
59;46
59;47
59;48
59;49
59;50
59;51
59;52
59;53
59;54
59;55
59;56
59;57
59;58
59;59
59;60
59;61
59;62
59;63
59;64
59;65
59;66
59;67
59;68
59;69
59;70
59;71
59;72
59;73
59;74
59;75
59;218
59;219
59;220
59;221
59;222
59;223
59;224
59;225
59;226
59;227
59;228
59;229
59;230
59;231
59;232
59;233
59;234
59;235
59;236
59;237
59;238
59;239
59;240
59;241
59;242
59;243
59;244
59;245
59;246
59;247
59;248
59;249
59;270
59;271
59;272
59;273
59;274
59;275
59;276
59;277
59;278
59;279
59;280
59;281
59;282
59;283
59;284
59;285
59;286
59;287
59;288
59;289
59;290
59;291
59;292
59;293
59;294
59;295
59;296
59;297
59;298
59;299
59;300
59;301
59;302
59;303
59;304
59;305
59;306
59;307
59;308
59;309
59;310
59;311
59;312
59;313
59;314
59;315
59;316
59;317
59;318
59;319
59;320
59;321
59;322
59;323
59;324
59;325
59;326
59;327
59;328
59;329
59;330
59;331
59;332
59;333
59;334
59;335
59;336
59;337
59;338
59;339
59;340
59;341
59;342
59;343
59;344
59;345
59;346
59;347
59;348
59;349
59;350
59;351
59;352
59;353
59;354
59;355
59;356
59;357
59;358
59;359
59;360
59;361
59;362
59;363
59;364
59;365
59;366
59;367
59;368
59;369
59;370
59;371
59;372
59;373
59;374
59;375
59;376
59;377
59;378
59;379
59;380
59;381
59;382
59;383
59;384
59;385
59;386
59;387
59;388
59;389
59;390
59;391
59;392
59;393
59;394
60;46
60;47
60;48
60;49
60;50
60;51
60;52
60;53
60;54
60;55
60;56
60;57
60;58
60;59
60;60
60;61
60;62
60;63
60;64
60;65
60;66
60;67
60;68
60;69
60;70
60;71
60;72
60;73
60;74
60;75
60;76
60;77
60;78
60;79
60;216
60;217
60;218
60;219
60;220
60;221
60;222
60;223
60;224
60;225
60;226
60;227
60;228
60;229
60;230
60;231
60;232
60;233
60;234
60;235
60;236
60;237
60;238
60;239
60;240
60;241
60;242
60;243
60;244
60;245
60;246
60;247
60;248
60;249
60;250
60;251
60;270
60;271
60;272
60;273
60;274
60;275
60;276
60;277
60;278
60;279
60;280
60;281
60;282
60;283
60;284
60;285
60;286
60;287
60;288
60;289
60;290
60;291
60;292
60;293
60;294
60;295
60;296
60;297
60;298
60;299
60;300
60;301
60;302
60;303
60;304
60;305
60;306
60;307
60;308
60;309
60;310
60;311
60;312
60;313
60;314
60;315
60;316
60;317
60;318
60;319
60;320
60;321
60;322
60;323
60;324
60;325
60;326
60;327
60;328
60;329
60;330
60;331
60;332
60;333
60;334
60;335
60;336
60;337
60;338
60;339
60;340
60;341
60;342
60;343
60;344
60;345
60;346
60;347
60;348
60;349
60;350
60;351
60;352
60;353
60;354
60;355
60;356
60;357
60;358
60;359
60;360
60;361
60;362
60;363
60;364
60;365
60;366
60;367
60;368
60;369
60;370
60;371
60;372
60;373
60;374
60;375
60;376
60;377
60;378
60;379
60;380
60;381
60;382
60;383
60;384
60;385
60;386
60;387
60;388
60;389
60;390
60;391
60;392
60;393
60;394
61;46
61;47
61;48
61;49
61;50
61;51
61;52
61;53
61;54
61;55
61;56
61;57
61;58
61;59
61;60
61;61
61;62
61;63
61;64
61;65
61;66
61;67
61;68
61;69
61;70
61;71
61;72
61;73
61;74
61;75
61;76
61;77
61;78
61;79
61;80
61;81
61;82
61;83
61;215
61;216
61;217
61;218
61;219
61;220
61;221
61;222
61;223
61;224
61;225
61;226
61;227
61;228
61;229
61;230
61;231
61;232
61;233
61;234
61;235
61;236
61;237
61;238
61;239
61;240
61;241
61;242
61;243
61;244
61;245
61;246
61;247
61;248
61;249
61;250
61;251
61;252
61;270
61;271
61;272
61;273
61;274
61;275
61;276
61;277
61;278
61;279
61;280
61;281
61;282
61;283
61;284
61;285
61;286
61;287
61;288
61;289
61;290
61;291
61;292
61;293
61;294
61;295
61;296
61;297
61;298
61;299
61;300
61;301
61;302
61;303
61;304
61;305
61;306
61;307
61;308
61;309
61;310
61;311
61;312
61;313
61;314
61;315
61;316
61;317
61;318
61;319
61;320
61;321
61;322
61;323
61;324
61;325
61;326
61;327
61;328
61;329
61;330
61;331
61;332
61;333
61;334
61;335
61;336
61;337
61;338
61;339
61;340
61;341
61;342
61;343
61;344
61;345
61;346
61;347
61;348
61;349
61;350
61;351
61;352
61;353
61;354
61;355
61;356
61;357
61;358
61;359
61;360
61;361
61;362
61;363
61;364
61;365
61;366
61;367
61;368
61;369
61;370
61;371
61;372
61;373
61;374
61;375
61;376
61;377
61;378
61;379
61;380
61;381
61;382
61;383
61;384
61;385
61;386
61;387
61;388
61;389
61;390
61;391
61;392
61;393
61;394
62;47
62;48
62;49
62;50
62;51
62;52
62;53
62;54
62;55
62;56
62;57
62;58
62;59
62;60
62;61
62;62
62;63
62;64
62;65
62;66
62;67
62;68
62;69
62;70
62;71
62;72
62;73
62;74
62;75
62;76
62;77
62;78
62;79
62;80
62;81
62;82
62;83
62;84
62;85
62;86
62;87
62;213
62;214
62;215
62;216
62;217
62;218
62;219
62;220
62;221
62;222
62;223
62;224
62;225
62;226
62;227
62;228
62;229
62;230
62;231
62;232
62;233
62;234
62;235
62;236
62;237
62;238
62;239
62;240
62;241
62;242
62;243
62;244
62;245
62;246
62;247
62;248
62;249
62;250
62;251
62;252
62;253
62;254
62;271
62;272
62;273
62;274
62;275
62;276
62;277
62;278
62;279
62;280
62;281
62;282
62;283
62;284
62;285
62;286
62;287
62;288
62;289
62;290
62;291
62;292
62;293
62;294
62;295
62;296
62;297
62;298
62;299
62;300
62;301
62;302
62;303
62;304
62;305
62;306
62;307
62;308
62;309
62;310
62;311
62;312
62;313
62;314
62;315
62;316
62;317
62;318
62;319
62;320
62;321
62;322
62;323
62;324
62;325
62;326
62;327
62;328
62;329
62;330
62;331
62;332
62;333
62;334
62;335
62;336
62;337
62;338
62;339
62;340
62;341
62;342
62;343
62;344
62;345
62;346
62;347
62;348
62;349
62;350
62;351
62;352
62;353
62;354
62;355
62;356
62;357
62;358
62;359
62;360
62;361
62;362
62;363
62;364
62;365
62;366
62;367
62;368
62;369
62;370
62;371
62;372
62;373
62;374
62;375
62;376
62;377
62;378
62;379
62;380
62;381
62;382
62;383
62;384
62;385
62;386
62;387
62;388
62;389
62;390
62;391
62;392
62;393
63;47
63;48
63;49
63;50
63;51
63;52
63;53
63;54
63;55
63;56
63;57
63;58
63;59
63;60
63;61
63;62
63;63
63;64
63;65
63;66
63;67
63;68
63;69
63;70
63;71
63;72
63;73
63;74
63;75
63;76
63;77
63;78
63;79
63;80
63;81
63;82
63;83
63;84
63;85
63;86
63;87
63;88
63;89
63;90
63;91
63;212
63;213
63;214
63;215
63;216
63;217
63;218
63;219
63;220
63;221
63;222
63;223
63;224
63;225
63;226
63;227
63;228
63;229
63;230
63;231
63;232
63;233
63;234
63;235
63;236
63;237
63;238
63;239
63;240
63;241
63;242
63;243
63;244
63;245
63;246
63;247
63;248
63;249
63;250
63;251
63;252
63;253
63;254
63;255
63;271
63;272
63;273
63;274
63;275
63;276
63;277
63;278
63;279
63;280
63;281
63;282
63;283
63;284
63;285
63;286
63;287
63;288
63;289
63;290
63;291
63;292
63;293
63;294
63;295
63;296
63;297
63;298
63;299
63;300
63;301
63;302
63;303
63;304
63;305
63;306
63;307
63;308
63;309
63;310
63;311
63;312
63;313
63;314
63;315
63;316
63;317
63;318
63;319
63;320
63;321
63;322
63;323
63;324
63;325
63;326
63;327
63;328
63;329
63;330
63;331
63;332
63;333
63;334
63;335
63;336
63;337
63;338
63;339
63;340
63;341
63;342
63;343
63;344
63;345
63;346
63;347
63;348
63;349
63;350
63;351
63;352
63;353
63;354
63;355
63;356
63;357
63;358
63;359
63;360
63;361
63;362
63;363
63;364
63;365
63;366
63;367
63;368
63;369
63;370
63;371
63;372
63;373
63;374
63;375
63;376
63;377
63;378
63;379
63;380
63;381
63;382
63;383
63;384
63;385
63;386
63;387
63;388
63;389
63;390
63;391
63;392
63;393
64;47
64;48
64;49
64;50
64;51
64;52
64;53
64;54
64;55
64;56
64;57
64;58
64;59
64;60
64;61
64;62
64;63
64;64
64;65
64;66
64;67
64;68
64;69
64;70
64;71
64;72
64;73
64;74
64;75
64;76
64;77
64;78
64;79
64;80
64;81
64;82
64;83
64;84
64;85
64;86
64;87
64;88
64;89
64;90
64;91
64;92
64;93
64;94
64;95
64;211
64;212
64;213
64;214
64;215
64;216
64;217
64;218
64;219
64;220
64;221
64;222
64;223
64;224
64;225
64;226
64;227
64;228
64;229
64;230
64;231
64;232
64;233
64;234
64;235
64;236
64;237
64;238
64;239
64;240
64;241
64;242
64;243
64;244
64;245
64;246
64;247
64;248
64;249
64;250
64;251
64;252
64;253
64;254
64;255
64;256
64;271
64;272
64;273
64;274
64;275
64;276
64;277
64;278
64;279
64;280
64;281
64;282
64;283
64;284
64;285
64;286
64;287
64;288
64;289
64;290
64;291
64;292
64;293
64;294
64;295
64;296
64;297
64;298
64;299
64;300
64;301
64;302
64;303
64;304
64;305
64;306
64;307
64;308
64;309
64;310
64;311
64;312
64;313
64;314
64;315
64;316
64;317
64;318
64;319
64;320
64;321
64;322
64;323
64;324
64;325
64;326
64;327
64;328
64;329
64;330
64;331
64;332
64;333
64;334
64;335
64;336
64;337
64;338
64;339
64;340
64;341
64;342
64;343
64;344
64;345
64;346
64;347
64;348
64;349
64;350
64;351
64;352
64;353
64;354
64;355
64;356
64;357
64;358
64;359
64;360
64;361
64;362
64;363
64;364
64;365
64;366
64;367
64;368
64;369
64;370
64;371
64;372
64;373
64;374
64;375
64;376
64;377
64;378
64;379
64;380
64;381
64;382
64;383
64;384
64;385
64;386
64;387
64;388
64;389
64;390
64;391
64;392
65;48
65;49
65;50
65;51
65;52
65;53
65;54
65;55
65;56
65;57
65;58
65;59
65;60
65;61
65;62
65;63
65;64
65;65
65;66
65;67
65;68
65;69
65;70
65;71
65;72
65;73
65;74
65;75
65;76
65;77
65;78
65;79
65;80
65;81
65;82
65;83
65;84
65;85
65;86
65;87
65;88
65;89
65;90
65;91
65;92
65;93
65;94
65;95
65;96
65;97
65;98
65;209
65;210
65;211
65;212
65;213
65;214
65;215
65;216
65;217
65;218
65;219
65;220
65;221
65;222
65;223
65;224
65;225
65;226
65;227
65;228
65;229
65;230
65;231
65;232
65;233
65;234
65;235
65;236
65;237
65;238
65;239
65;240
65;241
65;242
65;243
65;244
65;245
65;246
65;247
65;248
65;249
65;250
65;251
65;252
65;253
65;254
65;255
65;256
65;257
65;258
65;272
65;273
65;274
65;275
65;276
65;277
65;278
65;279
65;280
65;281
65;282
65;283
65;284
65;285
65;286
65;287
65;288
65;289
65;290
65;291
65;292
65;293
65;294
65;295
65;296
65;297
65;298
65;299
65;300
65;301
65;302
65;303
65;304
65;305
65;306
65;307
65;308
65;309
65;310
65;311
65;312
65;313
65;314
65;315
65;316
65;317
65;318
65;319
65;320
65;321
65;322
65;323
65;324
65;325
65;326
65;327
65;328
65;329
65;330
65;331
65;332
65;333
65;334
65;335
65;336
65;337
65;338
65;339
65;340
65;341
65;342
65;343
65;344
65;345
65;346
65;347
65;348
65;349
65;350
65;351
65;352
65;353
65;354
65;355
65;356
65;357
65;358
65;359
65;360
65;361
65;362
65;363
65;364
65;365
65;366
65;367
65;368
65;369
65;370
65;371
65;372
65;373
65;374
65;375
65;376
65;377
65;378
65;379
65;380
65;381
65;382
65;383
65;384
65;385
65;386
65;387
65;388
65;389
65;390
65;391
65;392
66;48
66;49
66;50
66;51
66;52
66;53
66;54
66;55
66;56
66;57
66;58
66;59
66;60
66;61
66;62
66;63
66;64
66;65
66;66
66;67
66;68
66;69
66;70
66;71
66;72
66;73
66;74
66;75
66;76
66;77
66;78
66;79
66;80
66;81
66;82
66;83
66;84
66;85
66;86
66;87
66;88
66;89
66;90
66;91
66;92
66;93
66;94
66;95
66;96
66;97
66;208
66;209
66;210
66;211
66;212
66;213
66;214
66;215
66;216
66;217
66;218
66;219
66;220
66;221
66;222
66;223
66;224
66;225
66;226
66;227
66;228
66;229
66;230
66;231
66;232
66;233
66;234
66;235
66;236
66;237
66;238
66;239
66;240
66;241
66;242
66;243
66;244
66;245
66;246
66;247
66;248
66;249
66;250
66;251
66;252
66;253
66;254
66;255
66;256
66;257
66;258
66;259
66;272
66;273
66;274
66;275
66;276
66;277
66;278
66;279
66;280
66;281
66;282
66;283
66;284
66;285
66;286
66;287
66;288
66;289
66;290
66;291
66;292
66;293
66;294
66;295
66;296
66;297
66;298
66;299
66;300
66;301
66;302
66;303
66;304
66;305
66;306
66;307
66;308
66;309
66;310
66;311
66;312
66;313
66;314
66;315
66;316
66;317
66;318
66;319
66;320
66;321
66;322
66;323
66;324
66;325
66;326
66;327
66;328
66;329
66;330
66;331
66;332
66;333
66;334
66;335
66;336
66;337
66;338
66;339
66;340
66;341
66;342
66;343
66;344
66;345
66;346
66;347
66;348
66;349
66;350
66;351
66;352
66;353
66;354
66;355
66;356
66;357
66;358
66;359
66;360
66;361
66;362
66;363
66;364
66;365
66;366
66;367
66;368
66;369
66;370
66;371
66;372
66;373
66;374
66;375
66;376
66;377
66;378
66;379
66;380
66;381
66;382
66;383
66;384
66;385
66;386
66;387
66;388
66;389
66;390
66;391
67;48
67;49
67;50
67;51
67;52
67;53
67;54
67;55
67;56
67;57
67;58
67;59
67;60
67;61
67;62
67;63
67;64
67;65
67;66
67;67
67;68
67;69
67;70
67;71
67;72
67;73
67;74
67;75
67;76
67;77
67;78
67;79
67;80
67;81
67;82
67;83
67;84
67;85
67;86
67;87
67;88
67;89
67;90
67;91
67;92
67;93
67;94
67;95
67;96
67;207
67;208
67;209
67;210
67;211
67;212
67;213
67;214
67;215
67;216
67;217
67;218
67;219
67;220
67;221
67;222
67;223
67;224
67;225
67;226
67;227
67;228
67;229
67;230
67;231
67;232
67;233
67;234
67;235
67;236
67;237
67;238
67;239
67;240
67;241
67;242
67;243
67;244
67;245
67;246
67;247
67;248
67;249
67;250
67;251
67;252
67;253
67;254
67;255
67;256
67;257
67;258
67;259
67;260
67;272
67;273
67;274
67;275
67;276
67;277
67;278
67;279
67;280
67;281
67;282
67;283
67;284
67;285
67;286
67;287
67;288
67;289
67;290
67;291
67;292
67;293
67;294
67;295
67;296
67;297
67;298
67;299
67;300
67;301
67;302
67;303
67;304
67;305
67;306
67;307
67;308
67;309
67;310
67;311
67;312
67;313
67;314
67;315
67;316
67;317
67;318
67;319
67;320
67;321
67;322
67;323
67;324
67;325
67;326
67;327
67;328
67;329
67;330
67;331
67;332
67;333
67;334
67;335
67;336
67;337
67;338
67;339
67;340
67;341
67;342
67;343
67;344
67;345
67;346
67;347
67;348
67;349
67;350
67;351
67;352
67;353
67;354
67;355
67;356
67;357
67;358
67;359
67;360
67;361
67;362
67;363
67;364
67;365
67;366
67;367
67;368
67;369
67;370
67;371
67;372
67;373
67;374
67;375
67;376
67;377
67;378
67;379
67;380
67;381
67;382
67;383
67;384
67;385
67;386
67;387
67;388
67;389
67;390
67;391
68;48
68;49
68;50
68;51
68;52
68;53
68;54
68;55
68;56
68;57
68;58
68;59
68;60
68;61
68;62
68;63
68;64
68;65
68;66
68;67
68;68
68;69
68;70
68;71
68;72
68;73
68;74
68;75
68;76
68;77
68;78
68;79
68;80
68;81
68;82
68;83
68;84
68;85
68;86
68;87
68;88
68;89
68;90
68;91
68;92
68;93
68;94
68;95
68;207
68;208
68;209
68;210
68;211
68;212
68;213
68;214
68;215
68;216
68;217
68;218
68;219
68;220
68;221
68;222
68;223
68;224
68;225
68;226
68;227
68;228
68;229
68;230
68;231
68;232
68;233
68;234
68;235
68;236
68;237
68;238
68;239
68;240
68;241
68;242
68;243
68;244
68;245
68;246
68;247
68;248
68;249
68;250
68;251
68;252
68;253
68;254
68;255
68;256
68;257
68;258
68;259
68;260
68;273
68;274
68;275
68;276
68;277
68;278
68;279
68;280
68;281
68;282
68;283
68;284
68;285
68;286
68;287
68;288
68;289
68;290
68;291
68;292
68;293
68;294
68;295
68;296
68;297
68;298
68;299
68;300
68;301
68;302
68;303
68;304
68;305
68;306
68;307
68;308
68;309
68;310
68;311
68;312
68;313
68;314
68;315
68;316
68;317
68;318
68;319
68;320
68;321
68;322
68;323
68;324
68;325
68;326
68;327
68;328
68;329
68;330
68;331
68;332
68;333
68;334
68;335
68;336
68;337
68;338
68;339
68;340
68;341
68;342
68;343
68;344
68;345
68;346
68;347
68;348
68;349
68;350
68;351
68;352
68;353
68;354
68;355
68;356
68;357
68;358
68;359
68;360
68;361
68;362
68;363
68;364
68;365
68;366
68;367
68;368
68;369
68;370
68;371
68;372
68;373
68;374
68;375
68;376
68;377
68;378
68;379
68;380
68;381
68;382
68;383
68;384
68;385
68;386
68;387
68;388
68;389
68;390
68;391
69;49
69;50
69;51
69;52
69;53
69;54
69;55
69;56
69;57
69;58
69;59
69;60
69;61
69;62
69;63
69;64
69;65
69;66
69;67
69;68
69;69
69;70
69;71
69;72
69;73
69;74
69;75
69;76
69;77
69;78
69;79
69;80
69;81
69;82
69;83
69;84
69;85
69;86
69;87
69;88
69;89
69;90
69;91
69;92
69;93
69;94
69;206
69;207
69;208
69;209
69;210
69;211
69;212
69;213
69;214
69;215
69;216
69;217
69;218
69;219
69;220
69;221
69;222
69;223
69;224
69;225
69;226
69;227
69;228
69;229
69;230
69;231
69;232
69;233
69;234
69;235
69;236
69;237
69;238
69;239
69;240
69;241
69;242
69;243
69;244
69;245
69;246
69;247
69;248
69;249
69;250
69;251
69;252
69;253
69;254
69;255
69;256
69;257
69;258
69;259
69;260
69;261
69;273
69;274
69;275
69;276
69;277
69;278
69;279
69;280
69;281
69;282
69;283
69;284
69;285
69;286
69;287
69;288
69;289
69;290
69;291
69;292
69;293
69;294
69;295
69;296
69;297
69;298
69;299
69;300
69;301
69;302
69;303
69;304
69;305
69;306
69;307
69;308
69;309
69;310
69;311
69;312
69;313
69;314
69;315
69;316
69;317
69;318
69;319
69;320
69;321
69;322
69;323
69;324
69;325
69;326
69;327
69;328
69;329
69;330
69;331
69;332
69;333
69;334
69;335
69;336
69;337
69;338
69;339
69;340
69;341
69;342
69;343
69;344
69;345
69;346
69;347
69;348
69;349
69;350
69;351
69;352
69;353
69;354
69;355
69;356
69;357
69;358
69;359
69;360
69;361
69;362
69;363
69;364
69;365
69;366
69;367
69;368
69;369
69;370
69;371
69;372
69;373
69;374
69;375
69;376
69;377
69;378
69;379
69;380
69;381
69;382
69;383
69;384
69;385
69;386
69;387
69;388
69;389
69;390
70;49
70;50
70;51
70;52
70;53
70;54
70;55
70;56
70;57
70;58
70;59
70;60
70;61
70;62
70;63
70;64
70;65
70;66
70;67
70;68
70;69
70;70
70;71
70;72
70;73
70;74
70;75
70;76
70;77
70;78
70;79
70;80
70;81
70;82
70;83
70;84
70;85
70;86
70;87
70;88
70;89
70;90
70;91
70;92
70;93
70;205
70;206
70;207
70;208
70;209
70;210
70;211
70;212
70;213
70;214
70;215
70;216
70;217
70;218
70;219
70;220
70;221
70;222
70;223
70;224
70;225
70;226
70;227
70;228
70;229
70;230
70;231
70;232
70;233
70;234
70;235
70;236
70;237
70;238
70;239
70;240
70;241
70;242
70;243
70;244
70;245
70;246
70;247
70;248
70;249
70;250
70;251
70;252
70;253
70;254
70;255
70;256
70;257
70;258
70;259
70;260
70;261
70;262
70;273
70;274
70;275
70;276
70;277
70;278
70;279
70;280
70;281
70;282
70;283
70;284
70;285
70;286
70;287
70;288
70;289
70;290
70;291
70;292
70;293
70;294
70;295
70;296
70;297
70;298
70;299
70;300
70;301
70;302
70;303
70;304
70;305
70;306
70;307
70;308
70;309
70;310
70;311
70;312
70;313
70;314
70;315
70;316
70;317
70;318
70;319
70;320
70;321
70;322
70;323
70;324
70;325
70;326
70;327
70;328
70;329
70;330
70;331
70;332
70;333
70;334
70;335
70;336
70;337
70;338
70;339
70;340
70;341
70;342
70;343
70;344
70;345
70;346
70;347
70;348
70;349
70;350
70;351
70;352
70;353
70;354
70;355
70;356
70;357
70;358
70;359
70;360
70;361
70;362
70;363
70;364
70;365
70;366
70;367
70;368
70;369
70;370
70;371
70;372
70;373
70;374
70;375
70;376
70;377
70;378
70;379
70;380
70;381
70;382
70;383
70;384
70;385
70;386
70;387
70;388
70;389
70;390
71;49
71;50
71;51
71;52
71;53
71;54
71;55
71;56
71;57
71;58
71;59
71;60
71;61
71;62
71;63
71;64
71;65
71;66
71;67
71;68
71;69
71;70
71;71
71;72
71;73
71;74
71;75
71;76
71;77
71;78
71;79
71;80
71;81
71;82
71;83
71;84
71;85
71;86
71;87
71;88
71;89
71;90
71;91
71;92
71;204
71;205
71;206
71;207
71;208
71;209
71;210
71;211
71;212
71;213
71;214
71;215
71;216
71;217
71;218
71;219
71;220
71;221
71;222
71;223
71;224
71;225
71;226
71;227
71;228
71;229
71;230
71;231
71;232
71;233
71;234
71;235
71;236
71;237
71;238
71;239
71;240
71;241
71;242
71;243
71;244
71;245
71;246
71;247
71;248
71;249
71;250
71;251
71;252
71;253
71;254
71;255
71;256
71;257
71;258
71;259
71;260
71;261
71;262
71;263
71;274
71;275
71;276
71;277
71;278
71;279
71;280
71;281
71;282
71;283
71;284
71;285
71;286
71;287
71;288
71;289
71;290
71;291
71;292
71;293
71;294
71;295
71;296
71;297
71;298
71;299
71;300
71;301
71;302
71;303
71;304
71;305
71;306
71;307
71;308
71;309
71;310
71;311
71;312
71;313
71;314
71;315
71;316
71;317
71;318
71;319
71;320
71;321
71;322
71;323
71;324
71;325
71;326
71;327
71;328
71;329
71;330
71;331
71;332
71;333
71;334
71;335
71;336
71;337
71;338
71;339
71;340
71;341
71;342
71;343
71;344
71;345
71;346
71;347
71;348
71;349
71;350
71;351
71;352
71;353
71;354
71;355
71;356
71;357
71;358
71;359
71;360
71;361
71;362
71;363
71;364
71;365
71;366
71;367
71;368
71;369
71;370
71;371
71;372
71;373
71;374
71;375
71;376
71;377
71;378
71;379
71;380
71;381
71;382
71;383
71;384
71;385
71;386
71;387
71;388
71;389
72;50
72;51
72;52
72;53
72;54
72;55
72;56
72;57
72;58
72;59
72;60
72;61
72;62
72;63
72;64
72;65
72;66
72;67
72;68
72;69
72;70
72;71
72;72
72;73
72;74
72;75
72;76
72;77
72;78
72;79
72;80
72;81
72;82
72;83
72;84
72;85
72;86
72;87
72;88
72;89
72;90
72;91
72;204
72;205
72;206
72;207
72;208
72;209
72;210
72;211
72;212
72;213
72;214
72;215
72;216
72;217
72;218
72;219
72;220
72;221
72;222
72;223
72;224
72;225
72;226
72;227
72;228
72;229
72;230
72;231
72;232
72;233
72;234
72;235
72;236
72;237
72;238
72;239
72;240
72;241
72;242
72;243
72;244
72;245
72;246
72;247
72;248
72;249
72;250
72;251
72;252
72;253
72;254
72;255
72;256
72;257
72;258
72;259
72;260
72;261
72;262
72;263
72;274
72;275
72;276
72;277
72;278
72;279
72;280
72;281
72;282
72;283
72;284
72;285
72;286
72;287
72;288
72;289
72;290
72;291
72;292
72;293
72;294
72;295
72;296
72;297
72;298
72;299
72;300
72;301
72;302
72;303
72;304
72;305
72;306
72;307
72;308
72;309
72;310
72;311
72;312
72;313
72;314
72;315
72;316
72;317
72;318
72;319
72;320
72;321
72;322
72;323
72;324
72;325
72;326
72;327
72;328
72;329
72;330
72;331
72;332
72;333
72;334
72;335
72;336
72;337
72;338
72;339
72;340
72;341
72;342
72;343
72;344
72;345
72;346
72;347
72;348
72;349
72;350
72;351
72;352
72;353
72;354
72;355
72;356
72;357
72;358
72;359
72;360
72;361
72;362
72;363
72;364
72;365
72;366
72;367
72;368
72;369
72;370
72;371
72;372
72;373
72;374
72;375
72;376
72;377
72;378
72;379
72;380
72;381
72;382
72;383
72;384
72;385
72;386
72;387
72;388
72;389
73;50
73;51
73;52
73;53
73;54
73;55
73;56
73;57
73;58
73;59
73;60
73;61
73;62
73;63
73;64
73;65
73;66
73;67
73;68
73;69
73;70
73;71
73;72
73;73
73;74
73;75
73;76
73;77
73;78
73;79
73;80
73;81
73;82
73;83
73;84
73;85
73;86
73;87
73;88
73;89
73;90
73;203
73;204
73;205
73;206
73;207
73;208
73;209
73;210
73;211
73;212
73;213
73;214
73;215
73;216
73;217
73;218
73;219
73;220
73;221
73;222
73;223
73;224
73;225
73;226
73;227
73;228
73;229
73;230
73;231
73;232
73;233
73;234
73;235
73;236
73;237
73;238
73;239
73;240
73;241
73;242
73;243
73;244
73;245
73;246
73;247
73;248
73;249
73;250
73;251
73;252
73;253
73;254
73;255
73;256
73;257
73;258
73;259
73;260
73;261
73;262
73;263
73;264
73;275
73;276
73;277
73;278
73;279
73;280
73;281
73;282
73;283
73;284
73;285
73;286
73;287
73;288
73;289
73;290
73;291
73;292
73;293
73;294
73;295
73;296
73;297
73;298
73;299
73;300
73;301
73;302
73;303
73;304
73;305
73;306
73;307
73;308
73;309
73;310
73;311
73;312
73;313
73;314
73;315
73;316
73;317
73;318
73;319
73;320
73;321
73;322
73;323
73;324
73;325
73;326
73;327
73;328
73;329
73;330
73;331
73;332
73;333
73;334
73;335
73;336
73;337
73;338
73;339
73;340
73;341
73;342
73;343
73;344
73;345
73;346
73;347
73;348
73;349
73;350
73;351
73;352
73;353
73;354
73;355
73;356
73;357
73;358
73;359
73;360
73;361
73;362
73;363
73;364
73;365
73;366
73;367
73;368
73;369
73;370
73;371
73;372
73;373
73;374
73;375
73;376
73;377
73;378
73;379
73;380
73;381
73;382
73;383
73;384
73;385
73;386
73;387
73;388
73;389
74;50
74;51
74;52
74;53
74;54
74;55
74;56
74;57
74;58
74;59
74;60
74;61
74;62
74;63
74;64
74;65
74;66
74;67
74;68
74;69
74;70
74;71
74;72
74;73
74;74
74;75
74;76
74;77
74;78
74;79
74;80
74;81
74;82
74;83
74;84
74;85
74;86
74;87
74;88
74;89
74;202
74;203
74;204
74;205
74;206
74;207
74;208
74;209
74;210
74;211
74;212
74;213
74;214
74;215
74;216
74;217
74;218
74;219
74;220
74;221
74;222
74;223
74;224
74;225
74;226
74;227
74;228
74;229
74;230
74;231
74;232
74;233
74;234
74;235
74;236
74;237
74;238
74;239
74;240
74;241
74;242
74;243
74;244
74;245
74;246
74;247
74;248
74;249
74;250
74;251
74;252
74;253
74;254
74;255
74;256
74;257
74;258
74;259
74;260
74;261
74;262
74;263
74;264
74;265
74;275
74;276
74;277
74;278
74;279
74;280
74;281
74;282
74;283
74;284
74;285
74;286
74;287
74;288
74;289
74;290
74;291
74;292
74;293
74;294
74;295
74;296
74;297
74;298
74;299
74;300
74;301
74;302
74;303
74;304
74;305
74;306
74;307
74;308
74;309
74;310
74;311
74;312
74;313
74;314
74;315
74;316
74;317
74;318
74;319
74;320
74;321
74;322
74;323
74;324
74;325
74;326
74;327
74;328
74;329
74;330
74;331
74;332
74;333
74;334
74;335
74;336
74;337
74;338
74;339
74;340
74;341
74;342
74;343
74;344
74;345
74;346
74;347
74;348
74;349
74;350
74;351
74;352
74;353
74;354
74;355
74;356
74;357
74;358
74;359
74;360
74;361
74;362
74;363
74;364
74;365
74;366
74;367
74;368
74;369
74;370
74;371
74;372
74;373
74;374
74;375
74;376
74;377
74;378
74;379
74;380
74;381
74;382
74;383
74;384
74;385
74;386
74;387
74;388
75;50
75;51
75;52
75;53
75;54
75;55
75;56
75;57
75;58
75;59
75;60
75;61
75;62
75;63
75;64
75;65
75;66
75;67
75;68
75;69
75;70
75;71
75;72
75;73
75;74
75;75
75;76
75;77
75;78
75;79
75;80
75;81
75;82
75;83
75;84
75;85
75;86
75;87
75;88
75;202
75;203
75;204
75;205
75;206
75;207
75;208
75;209
75;210
75;211
75;212
75;213
75;214
75;215
75;216
75;217
75;218
75;219
75;220
75;221
75;222
75;223
75;224
75;225
75;226
75;227
75;228
75;229
75;230
75;231
75;232
75;233
75;234
75;235
75;236
75;237
75;238
75;239
75;240
75;241
75;242
75;243
75;244
75;245
75;246
75;247
75;248
75;249
75;250
75;251
75;252
75;253
75;254
75;255
75;256
75;257
75;258
75;259
75;260
75;261
75;262
75;263
75;264
75;265
75;275
75;276
75;277
75;278
75;279
75;280
75;281
75;282
75;283
75;284
75;285
75;286
75;287
75;288
75;289
75;290
75;291
75;292
75;293
75;294
75;295
75;296
75;297
75;298
75;299
75;300
75;301
75;302
75;303
75;304
75;305
75;306
75;307
75;308
75;309
75;310
75;311
75;312
75;313
75;314
75;315
75;316
75;317
75;318
75;319
75;320
75;321
75;322
75;323
75;324
75;325
75;326
75;327
75;328
75;329
75;330
75;331
75;332
75;333
75;334
75;335
75;336
75;337
75;338
75;339
75;340
75;341
75;342
75;343
75;344
75;345
75;346
75;347
75;348
75;349
75;350
75;351
75;352
75;353
75;354
75;355
75;356
75;357
75;358
75;359
75;360
75;361
75;362
75;363
75;364
75;365
75;366
75;367
75;368
75;369
75;370
75;371
75;372
75;373
75;374
75;375
75;376
75;377
75;378
75;379
75;380
75;381
75;382
75;383
75;384
75;385
75;386
75;387
75;388
76;51
76;52
76;53
76;54
76;55
76;56
76;57
76;58
76;59
76;60
76;61
76;62
76;63
76;64
76;65
76;66
76;67
76;68
76;69
76;70
76;71
76;72
76;73
76;74
76;75
76;76
76;77
76;78
76;79
76;80
76;81
76;82
76;83
76;84
76;85
76;86
76;87
76;201
76;202
76;203
76;204
76;205
76;206
76;207
76;208
76;209
76;210
76;211
76;212
76;213
76;214
76;215
76;216
76;217
76;218
76;219
76;220
76;221
76;222
76;223
76;224
76;225
76;226
76;227
76;228
76;229
76;230
76;231
76;232
76;233
76;234
76;235
76;236
76;237
76;238
76;239
76;240
76;241
76;242
76;243
76;244
76;245
76;246
76;247
76;248
76;249
76;250
76;251
76;252
76;253
76;254
76;255
76;256
76;257
76;258
76;259
76;260
76;261
76;262
76;263
76;264
76;265
76;266
76;276
76;277
76;278
76;279
76;280
76;281
76;282
76;283
76;284
76;285
76;286
76;287
76;288
76;289
76;290
76;291
76;292
76;293
76;294
76;295
76;296
76;297
76;298
76;299
76;300
76;301
76;302
76;303
76;304
76;305
76;306
76;307
76;308
76;309
76;310
76;311
76;312
76;313
76;314
76;315
76;316
76;317
76;318
76;319
76;320
76;321
76;322
76;323
76;324
76;325
76;326
76;327
76;328
76;329
76;330
76;331
76;332
76;333
76;334
76;335
76;336
76;337
76;338
76;339
76;340
76;341
76;342
76;343
76;344
76;345
76;346
76;347
76;348
76;349
76;350
76;351
76;352
76;353
76;354
76;355
76;356
76;357
76;358
76;359
76;360
76;361
76;362
76;363
76;364
76;365
76;366
76;367
76;368
76;369
76;370
76;371
76;372
76;373
76;374
76;375
76;376
76;377
76;378
76;379
76;380
76;381
76;382
76;383
76;384
76;385
76;386
76;387
77;51
77;52
77;53
77;54
77;55
77;56
77;57
77;58
77;59
77;60
77;61
77;62
77;63
77;64
77;65
77;66
77;67
77;68
77;69
77;70
77;71
77;72
77;73
77;74
77;75
77;76
77;77
77;78
77;79
77;80
77;81
77;82
77;83
77;84
77;85
77;86
77;201
77;202
77;203
77;204
77;205
77;206
77;207
77;208
77;209
77;210
77;211
77;212
77;213
77;214
77;215
77;216
77;217
77;218
77;219
77;220
77;221
77;222
77;223
77;224
77;225
77;226
77;227
77;228
77;229
77;230
77;231
77;232
77;233
77;234
77;235
77;236
77;237
77;238
77;239
77;240
77;241
77;242
77;243
77;244
77;245
77;246
77;247
77;248
77;249
77;250
77;251
77;252
77;253
77;254
77;255
77;256
77;257
77;258
77;259
77;260
77;261
77;262
77;263
77;264
77;265
77;266
77;276
77;277
77;278
77;279
77;280
77;281
77;282
77;283
77;284
77;285
77;286
77;287
77;288
77;289
77;290
77;291
77;292
77;293
77;294
77;295
77;296
77;297
77;298
77;299
77;300
77;301
77;302
77;303
77;304
77;305
77;306
77;307
77;308
77;309
77;310
77;311
77;312
77;313
77;314
77;315
77;316
77;317
77;318
77;319
77;320
77;321
77;322
77;323
77;324
77;325
77;326
77;327
77;328
77;329
77;330
77;331
77;332
77;333
77;334
77;335
77;336
77;337
77;338
77;339
77;340
77;341
77;342
77;343
77;344
77;345
77;346
77;347
77;348
77;349
77;350
77;351
77;352
77;353
77;354
77;355
77;356
77;357
77;358
77;359
77;360
77;361
77;362
77;363
77;364
77;365
77;366
77;367
77;368
77;369
77;370
77;371
77;372
77;373
77;374
77;375
77;376
77;377
77;378
77;379
77;380
77;381
77;382
77;383
77;384
77;385
77;386
77;387
78;51
78;52
78;53
78;54
78;55
78;56
78;57
78;58
78;59
78;60
78;61
78;62
78;63
78;64
78;65
78;66
78;67
78;68
78;69
78;70
78;71
78;72
78;73
78;74
78;75
78;76
78;77
78;78
78;79
78;80
78;81
78;82
78;83
78;84
78;85
78;200
78;201
78;202
78;203
78;204
78;205
78;206
78;207
78;208
78;209
78;210
78;211
78;212
78;213
78;214
78;215
78;216
78;217
78;218
78;219
78;220
78;221
78;222
78;223
78;224
78;225
78;226
78;227
78;228
78;229
78;230
78;231
78;232
78;233
78;234
78;235
78;236
78;237
78;238
78;239
78;240
78;241
78;242
78;243
78;244
78;245
78;246
78;247
78;248
78;249
78;250
78;251
78;252
78;253
78;254
78;255
78;256
78;257
78;258
78;259
78;260
78;261
78;262
78;263
78;264
78;265
78;266
78;267
78;276
78;277
78;278
78;279
78;280
78;281
78;282
78;283
78;284
78;285
78;286
78;287
78;288
78;289
78;290
78;291
78;292
78;293
78;294
78;295
78;296
78;297
78;298
78;299
78;300
78;301
78;302
78;303
78;304
78;305
78;306
78;307
78;308
78;309
78;310
78;311
78;312
78;313
78;314
78;315
78;316
78;317
78;318
78;319
78;320
78;321
78;322
78;323
78;324
78;325
78;326
78;327
78;328
78;329
78;330
78;331
78;332
78;333
78;334
78;335
78;336
78;337
78;338
78;339
78;340
78;341
78;342
78;343
78;344
78;345
78;346
78;347
78;348
78;349
78;350
78;351
78;352
78;353
78;354
78;355
78;356
78;357
78;358
78;359
78;360
78;361
78;362
78;363
78;364
78;365
78;366
78;367
78;368
78;369
78;370
78;371
78;372
78;373
78;374
78;375
78;376
78;377
78;378
78;379
78;380
78;381
78;382
78;383
78;384
78;385
78;386
79;52
79;53
79;54
79;55
79;56
79;57
79;58
79;59
79;60
79;61
79;62
79;63
79;64
79;65
79;66
79;67
79;68
79;69
79;70
79;71
79;72
79;73
79;74
79;75
79;76
79;77
79;78
79;79
79;80
79;81
79;82
79;83
79;84
79;200
79;201
79;202
79;203
79;204
79;205
79;206
79;207
79;208
79;209
79;210
79;211
79;212
79;213
79;214
79;215
79;216
79;217
79;218
79;219
79;220
79;221
79;222
79;223
79;224
79;225
79;226
79;227
79;228
79;229
79;230
79;231
79;232
79;233
79;234
79;235
79;236
79;237
79;238
79;239
79;240
79;241
79;242
79;243
79;244
79;245
79;246
79;247
79;248
79;249
79;250
79;251
79;252
79;253
79;254
79;255
79;256
79;257
79;258
79;259
79;260
79;261
79;262
79;263
79;264
79;265
79;266
79;267
79;277
79;278
79;279
79;280
79;281
79;282
79;283
79;284
79;285
79;286
79;287
79;288
79;289
79;290
79;291
79;292
79;293
79;294
79;295
79;296
79;297
79;298
79;299
79;300
79;301
79;302
79;303
79;304
79;305
79;306
79;307
79;308
79;309
79;310
79;311
79;312
79;313
79;314
79;315
79;316
79;317
79;318
79;319
79;320
79;321
79;322
79;323
79;324
79;325
79;326
79;327
79;328
79;329
79;330
79;331
79;332
79;333
79;334
79;335
79;336
79;337
79;338
79;339
79;340
79;341
79;342
79;343
79;344
79;345
79;346
79;347
79;348
79;349
79;350
79;351
79;352
79;353
79;354
79;355
79;356
79;357
79;358
79;359
79;360
79;361
79;362
79;363
79;364
79;365
79;366
79;367
79;368
79;369
79;370
79;371
79;372
79;373
79;374
79;375
79;376
79;377
79;378
79;379
79;380
79;381
79;382
79;383
79;384
79;385
79;386
80;52
80;53
80;54
80;55
80;56
80;57
80;58
80;59
80;60
80;61
80;62
80;63
80;64
80;65
80;66
80;67
80;68
80;69
80;70
80;71
80;72
80;73
80;74
80;75
80;76
80;77
80;78
80;79
80;80
80;81
80;82
80;83
80;200
80;201
80;202
80;203
80;204
80;205
80;206
80;207
80;208
80;209
80;210
80;211
80;212
80;213
80;214
80;215
80;216
80;217
80;218
80;219
80;220
80;221
80;222
80;223
80;224
80;225
80;226
80;227
80;228
80;229
80;230
80;231
80;232
80;233
80;234
80;235
80;236
80;237
80;238
80;239
80;240
80;241
80;242
80;243
80;244
80;245
80;246
80;247
80;248
80;249
80;250
80;251
80;252
80;253
80;254
80;255
80;256
80;257
80;258
80;259
80;260
80;261
80;262
80;263
80;264
80;265
80;266
80;267
80;277
80;278
80;279
80;280
80;281
80;282
80;283
80;284
80;285
80;286
80;287
80;288
80;289
80;290
80;291
80;292
80;293
80;294
80;295
80;296
80;297
80;298
80;299
80;300
80;301
80;302
80;303
80;304
80;305
80;306
80;307
80;308
80;309
80;310
80;311
80;312
80;313
80;314
80;315
80;316
80;317
80;318
80;319
80;320
80;321
80;322
80;323
80;324
80;325
80;326
80;327
80;328
80;329
80;330
80;331
80;332
80;333
80;334
80;335
80;336
80;337
80;338
80;339
80;340
80;341
80;342
80;343
80;344
80;345
80;346
80;347
80;348
80;349
80;350
80;351
80;352
80;353
80;354
80;355
80;356
80;357
80;358
80;359
80;360
80;361
80;362
80;363
80;364
80;365
80;366
80;367
80;368
80;369
80;370
80;371
80;372
80;373
80;374
80;375
80;376
80;377
80;378
80;379
80;380
80;381
80;382
80;383
80;384
80;385
80;386
81;52
81;53
81;54
81;55
81;56
81;57
81;58
81;59
81;60
81;61
81;62
81;63
81;64
81;65
81;66
81;67
81;68
81;69
81;70
81;71
81;72
81;73
81;74
81;75
81;76
81;77
81;78
81;79
81;80
81;81
81;82
81;83
81;199
81;200
81;201
81;202
81;203
81;204
81;205
81;206
81;207
81;208
81;209
81;210
81;211
81;212
81;213
81;214
81;215
81;216
81;217
81;218
81;219
81;220
81;221
81;222
81;223
81;224
81;225
81;226
81;227
81;228
81;229
81;230
81;231
81;232
81;233
81;234
81;235
81;236
81;237
81;238
81;239
81;240
81;241
81;242
81;243
81;244
81;245
81;246
81;247
81;248
81;249
81;250
81;251
81;252
81;253
81;254
81;255
81;256
81;257
81;258
81;259
81;260
81;261
81;262
81;263
81;264
81;265
81;266
81;267
81;268
81;277
81;278
81;279
81;280
81;281
81;282
81;283
81;284
81;285
81;286
81;287
81;288
81;289
81;290
81;291
81;292
81;293
81;294
81;295
81;296
81;297
81;298
81;299
81;300
81;301
81;302
81;303
81;304
81;305
81;306
81;307
81;308
81;309
81;310
81;311
81;312
81;313
81;314
81;315
81;316
81;317
81;318
81;319
81;320
81;321
81;322
81;323
81;324
81;325
81;326
81;327
81;328
81;329
81;330
81;331
81;332
81;333
81;334
81;335
81;336
81;337
81;338
81;339
81;340
81;341
81;342
81;343
81;344
81;345
81;346
81;347
81;348
81;349
81;350
81;351
81;352
81;353
81;354
81;355
81;356
81;357
81;358
81;359
81;360
81;361
81;362
81;363
81;364
81;365
81;366
81;367
81;368
81;369
81;370
81;371
81;372
81;373
81;374
81;375
81;376
81;377
81;378
81;379
81;380
81;381
81;382
81;383
81;384
81;385
82;53
82;54
82;55
82;56
82;57
82;58
82;59
82;60
82;61
82;62
82;63
82;64
82;65
82;66
82;67
82;68
82;69
82;70
82;71
82;72
82;73
82;74
82;75
82;76
82;77
82;78
82;79
82;80
82;81
82;82
82;199
82;200
82;201
82;202
82;203
82;204
82;205
82;206
82;207
82;208
82;209
82;210
82;211
82;212
82;213
82;214
82;215
82;216
82;217
82;218
82;219
82;220
82;221
82;222
82;223
82;224
82;225
82;226
82;227
82;228
82;229
82;230
82;231
82;232
82;233
82;234
82;235
82;236
82;237
82;238
82;239
82;240
82;241
82;242
82;243
82;244
82;245
82;246
82;247
82;248
82;249
82;250
82;251
82;252
82;253
82;254
82;255
82;256
82;257
82;258
82;259
82;260
82;261
82;262
82;263
82;264
82;265
82;266
82;267
82;268
82;278
82;279
82;280
82;281
82;282
82;283
82;284
82;285
82;286
82;287
82;288
82;289
82;290
82;291
82;292
82;293
82;294
82;295
82;296
82;297
82;298
82;299
82;300
82;301
82;302
82;303
82;304
82;305
82;306
82;307
82;308
82;309
82;310
82;311
82;312
82;313
82;314
82;315
82;316
82;317
82;318
82;319
82;320
82;321
82;322
82;323
82;324
82;325
82;326
82;327
82;328
82;329
82;330
82;331
82;332
82;333
82;334
82;335
82;336
82;337
82;338
82;339
82;340
82;341
82;342
82;343
82;344
82;345
82;346
82;347
82;348
82;349
82;350
82;351
82;352
82;353
82;354
82;355
82;356
82;357
82;358
82;359
82;360
82;361
82;362
82;363
82;364
82;365
82;366
82;367
82;368
82;369
82;370
82;371
82;372
82;373
82;374
82;375
82;376
82;377
82;378
82;379
82;380
82;381
82;382
82;383
82;384
82;385
83;53
83;54
83;55
83;56
83;57
83;58
83;59
83;60
83;61
83;62
83;63
83;64
83;65
83;66
83;67
83;68
83;69
83;70
83;71
83;72
83;73
83;74
83;75
83;76
83;77
83;78
83;79
83;80
83;81
83;199
83;200
83;201
83;202
83;203
83;204
83;205
83;206
83;207
83;208
83;209
83;210
83;211
83;212
83;213
83;214
83;215
83;216
83;217
83;218
83;219
83;220
83;221
83;222
83;223
83;224
83;225
83;226
83;227
83;228
83;229
83;230
83;231
83;232
83;233
83;234
83;235
83;236
83;237
83;238
83;239
83;240
83;241
83;242
83;243
83;244
83;245
83;246
83;247
83;248
83;249
83;250
83;251
83;252
83;253
83;254
83;255
83;256
83;257
83;258
83;259
83;260
83;261
83;262
83;263
83;264
83;265
83;266
83;267
83;268
83;278
83;279
83;280
83;281
83;282
83;283
83;284
83;285
83;286
83;287
83;288
83;289
83;290
83;291
83;292
83;293
83;294
83;295
83;296
83;297
83;298
83;299
83;300
83;301
83;302
83;303
83;304
83;305
83;306
83;307
83;308
83;309
83;310
83;311
83;312
83;313
83;314
83;315
83;316
83;317
83;318
83;319
83;320
83;321
83;322
83;323
83;324
83;325
83;326
83;327
83;328
83;329
83;330
83;331
83;332
83;333
83;334
83;335
83;336
83;337
83;338
83;339
83;340
83;341
83;342
83;343
83;344
83;345
83;346
83;347
83;348
83;349
83;350
83;351
83;352
83;353
83;354
83;355
83;356
83;357
83;358
83;359
83;360
83;361
83;362
83;363
83;364
83;365
83;366
83;367
83;368
83;369
83;370
83;371
83;372
83;373
83;374
83;375
83;376
83;377
83;378
83;379
83;380
83;381
83;382
83;383
83;384
84;53
84;54
84;55
84;56
84;57
84;58
84;59
84;60
84;61
84;62
84;63
84;64
84;65
84;66
84;67
84;68
84;69
84;70
84;71
84;72
84;73
84;74
84;75
84;76
84;77
84;78
84;79
84;80
84;199
84;200
84;201
84;202
84;203
84;204
84;205
84;206
84;207
84;208
84;209
84;210
84;211
84;212
84;213
84;214
84;215
84;216
84;217
84;218
84;219
84;220
84;221
84;222
84;223
84;224
84;225
84;226
84;227
84;228
84;229
84;230
84;231
84;232
84;233
84;234
84;235
84;236
84;237
84;238
84;239
84;240
84;241
84;242
84;243
84;244
84;245
84;246
84;247
84;248
84;249
84;250
84;251
84;252
84;253
84;254
84;255
84;256
84;257
84;258
84;259
84;260
84;261
84;262
84;263
84;264
84;265
84;266
84;267
84;268
84;278
84;279
84;280
84;281
84;282
84;283
84;284
84;285
84;286
84;287
84;288
84;289
84;290
84;291
84;292
84;293
84;294
84;295
84;296
84;297
84;298
84;299
84;300
84;301
84;302
84;303
84;304
84;305
84;306
84;307
84;308
84;309
84;310
84;311
84;312
84;313
84;314
84;315
84;316
84;317
84;318
84;319
84;320
84;321
84;322
84;323
84;324
84;325
84;326
84;327
84;328
84;329
84;330
84;331
84;332
84;333
84;334
84;335
84;336
84;337
84;338
84;339
84;340
84;341
84;342
84;343
84;344
84;345
84;346
84;347
84;348
84;349
84;350
84;351
84;352
84;353
84;354
84;355
84;356
84;357
84;358
84;359
84;360
84;361
84;362
84;363
84;364
84;365
84;366
84;367
84;368
84;369
84;370
84;371
84;372
84;373
84;374
84;375
84;376
84;377
84;378
84;379
84;380
84;381
84;382
84;383
84;384
85;53
85;54
85;55
85;56
85;57
85;58
85;59
85;60
85;61
85;62
85;63
85;64
85;65
85;66
85;67
85;68
85;69
85;70
85;71
85;72
85;73
85;74
85;75
85;76
85;77
85;78
85;79
85;198
85;199
85;200
85;201
85;202
85;203
85;204
85;205
85;206
85;207
85;208
85;209
85;210
85;211
85;212
85;213
85;214
85;215
85;216
85;217
85;218
85;219
85;220
85;221
85;222
85;223
85;224
85;225
85;226
85;227
85;228
85;229
85;230
85;231
85;232
85;233
85;234
85;235
85;236
85;237
85;238
85;239
85;240
85;241
85;242
85;243
85;244
85;245
85;246
85;247
85;248
85;249
85;250
85;251
85;252
85;253
85;254
85;255
85;256
85;257
85;258
85;259
85;260
85;261
85;262
85;263
85;264
85;265
85;266
85;267
85;268
85;269
85;279
85;280
85;281
85;282
85;283
85;284
85;285
85;286
85;287
85;288
85;289
85;290
85;291
85;292
85;293
85;294
85;295
85;296
85;297
85;298
85;299
85;300
85;301
85;302
85;303
85;304
85;305
85;306
85;307
85;308
85;309
85;310
85;311
85;312
85;313
85;314
85;315
85;316
85;317
85;318
85;319
85;320
85;321
85;322
85;323
85;324
85;325
85;326
85;327
85;328
85;329
85;330
85;331
85;332
85;333
85;334
85;335
85;336
85;337
85;338
85;339
85;340
85;341
85;342
85;343
85;344
85;345
85;346
85;347
85;348
85;349
85;350
85;351
85;352
85;353
85;354
85;355
85;356
85;357
85;358
85;359
85;360
85;361
85;362
85;363
85;364
85;365
85;366
85;367
85;368
85;369
85;370
85;371
85;372
85;373
85;374
85;375
85;376
85;377
85;378
85;379
85;380
85;381
85;382
85;383
86;54
86;55
86;56
86;57
86;58
86;59
86;60
86;61
86;62
86;63
86;64
86;65
86;66
86;67
86;68
86;69
86;70
86;71
86;72
86;73
86;74
86;75
86;76
86;77
86;78
86;198
86;199
86;200
86;201
86;202
86;203
86;204
86;205
86;206
86;207
86;208
86;209
86;210
86;211
86;212
86;213
86;214
86;215
86;216
86;217
86;218
86;219
86;220
86;221
86;222
86;223
86;224
86;225
86;226
86;227
86;228
86;229
86;230
86;231
86;232
86;233
86;234
86;235
86;236
86;237
86;238
86;239
86;240
86;241
86;242
86;243
86;244
86;245
86;246
86;247
86;248
86;249
86;250
86;251
86;252
86;253
86;254
86;255
86;256
86;257
86;258
86;259
86;260
86;261
86;262
86;263
86;264
86;265
86;266
86;267
86;268
86;269
86;279
86;280
86;281
86;282
86;283
86;284
86;285
86;286
86;287
86;288
86;289
86;290
86;291
86;292
86;293
86;294
86;295
86;296
86;297
86;298
86;299
86;300
86;301
86;302
86;303
86;304
86;305
86;306
86;307
86;308
86;309
86;310
86;311
86;312
86;313
86;314
86;315
86;316
86;317
86;318
86;319
86;320
86;321
86;322
86;323
86;324
86;325
86;326
86;327
86;328
86;329
86;330
86;331
86;332
86;333
86;334
86;335
86;336
86;337
86;338
86;339
86;340
86;341
86;342
86;343
86;344
86;345
86;346
86;347
86;348
86;349
86;350
86;351
86;352
86;353
86;354
86;355
86;356
86;357
86;358
86;359
86;360
86;361
86;362
86;363
86;364
86;365
86;366
86;367
86;368
86;369
86;370
86;371
86;372
86;373
86;374
86;375
86;376
86;377
86;378
86;379
86;380
86;381
86;382
86;383
87;54
87;55
87;56
87;57
87;58
87;59
87;60
87;61
87;62
87;63
87;64
87;65
87;66
87;67
87;68
87;69
87;70
87;71
87;72
87;73
87;74
87;75
87;76
87;77
87;198
87;199
87;200
87;201
87;202
87;203
87;204
87;205
87;206
87;207
87;208
87;209
87;210
87;211
87;212
87;213
87;214
87;215
87;216
87;217
87;218
87;219
87;220
87;221
87;222
87;223
87;224
87;225
87;226
87;227
87;228
87;229
87;230
87;231
87;232
87;233
87;234
87;235
87;236
87;237
87;238
87;239
87;240
87;241
87;242
87;243
87;244
87;245
87;246
87;247
87;248
87;249
87;250
87;251
87;252
87;253
87;254
87;255
87;256
87;257
87;258
87;259
87;260
87;261
87;262
87;263
87;264
87;265
87;266
87;267
87;268
87;269
87;279
87;280
87;281
87;282
87;283
87;284
87;285
87;286
87;287
87;288
87;289
87;290
87;291
87;292
87;293
87;294
87;295
87;296
87;297
87;298
87;299
87;300
87;301
87;302
87;303
87;304
87;305
87;306
87;307
87;308
87;309
87;310
87;311
87;312
87;313
87;314
87;315
87;316
87;317
87;318
87;319
87;320
87;321
87;322
87;323
87;324
87;325
87;326
87;327
87;328
87;329
87;330
87;331
87;332
87;333
87;334
87;335
87;336
87;337
87;338
87;339
87;340
87;341
87;342
87;343
87;344
87;345
87;346
87;347
87;348
87;349
87;350
87;351
87;352
87;353
87;354
87;355
87;356
87;357
87;358
87;359
87;360
87;361
87;362
87;363
87;364
87;365
87;366
87;367
87;368
87;369
87;370
87;371
87;372
87;373
87;374
87;375
87;376
87;377
87;378
87;379
87;380
87;381
87;382
87;383
88;54
88;55
88;56
88;57
88;58
88;59
88;60
88;61
88;62
88;63
88;64
88;65
88;66
88;67
88;68
88;69
88;70
88;71
88;72
88;73
88;74
88;75
88;76
88;198
88;199
88;200
88;201
88;202
88;203
88;204
88;205
88;206
88;207
88;208
88;209
88;210
88;211
88;212
88;213
88;214
88;215
88;216
88;217
88;218
88;219
88;220
88;221
88;222
88;223
88;224
88;225
88;226
88;227
88;228
88;229
88;230
88;231
88;232
88;233
88;234
88;235
88;236
88;237
88;238
88;239
88;240
88;241
88;242
88;243
88;244
88;245
88;246
88;247
88;248
88;249
88;250
88;251
88;252
88;253
88;254
88;255
88;256
88;257
88;258
88;259
88;260
88;261
88;262
88;263
88;264
88;265
88;266
88;267
88;268
88;269
88;280
88;281
88;282
88;283
88;284
88;285
88;286
88;287
88;288
88;289
88;290
88;291
88;292
88;293
88;294
88;295
88;296
88;297
88;298
88;299
88;300
88;301
88;302
88;303
88;304
88;305
88;306
88;307
88;308
88;309
88;310
88;311
88;312
88;313
88;314
88;315
88;316
88;317
88;318
88;319
88;320
88;321
88;322
88;323
88;324
88;325
88;326
88;327
88;328
88;329
88;330
88;331
88;332
88;333
88;334
88;335
88;336
88;337
88;338
88;339
88;340
88;341
88;342
88;343
88;344
88;345
88;346
88;347
88;348
88;349
88;350
88;351
88;352
88;353
88;354
88;355
88;356
88;357
88;358
88;359
88;360
88;361
88;362
88;363
88;364
88;365
88;366
88;367
88;368
88;369
88;370
88;371
88;372
88;373
88;374
88;375
88;376
88;377
88;378
88;379
88;380
88;381
88;382
89;55
89;56
89;57
89;58
89;59
89;60
89;61
89;62
89;63
89;64
89;65
89;66
89;67
89;68
89;69
89;70
89;71
89;72
89;73
89;74
89;75
89;198
89;199
89;200
89;201
89;202
89;203
89;204
89;205
89;206
89;207
89;208
89;209
89;210
89;211
89;212
89;213
89;214
89;215
89;216
89;217
89;218
89;219
89;220
89;221
89;222
89;223
89;224
89;225
89;226
89;227
89;228
89;229
89;230
89;231
89;232
89;233
89;234
89;235
89;236
89;237
89;238
89;239
89;240
89;241
89;242
89;243
89;244
89;245
89;246
89;247
89;248
89;249
89;250
89;251
89;252
89;253
89;254
89;255
89;256
89;257
89;258
89;259
89;260
89;261
89;262
89;263
89;264
89;265
89;266
89;267
89;268
89;269
89;280
89;281
89;282
89;283
89;284
89;285
89;286
89;287
89;288
89;289
89;290
89;291
89;292
89;293
89;294
89;295
89;296
89;297
89;298
89;299
89;300
89;301
89;302
89;303
89;304
89;305
89;306
89;307
89;308
89;309
89;310
89;311
89;312
89;313
89;314
89;315
89;316
89;317
89;318
89;319
89;320
89;321
89;322
89;323
89;324
89;325
89;326
89;327
89;328
89;329
89;330
89;331
89;332
89;333
89;334
89;335
89;336
89;337
89;338
89;339
89;340
89;341
89;342
89;343
89;344
89;345
89;346
89;347
89;348
89;349
89;350
89;351
89;352
89;353
89;354
89;355
89;356
89;357
89;358
89;359
89;360
89;361
89;362
89;363
89;364
89;365
89;366
89;367
89;368
89;369
89;370
89;371
89;372
89;373
89;374
89;375
89;376
89;377
89;378
89;379
89;380
89;381
89;382
90;55
90;56
90;57
90;58
90;59
90;60
90;61
90;62
90;63
90;64
90;65
90;66
90;67
90;68
90;69
90;70
90;71
90;72
90;73
90;74
90;198
90;199
90;200
90;201
90;202
90;203
90;204
90;205
90;206
90;207
90;208
90;209
90;210
90;211
90;212
90;213
90;214
90;215
90;216
90;217
90;218
90;219
90;220
90;221
90;222
90;223
90;224
90;225
90;226
90;227
90;228
90;229
90;230
90;231
90;232
90;233
90;234
90;235
90;236
90;237
90;238
90;239
90;240
90;241
90;242
90;243
90;244
90;245
90;246
90;247
90;248
90;249
90;250
90;251
90;252
90;253
90;254
90;255
90;256
90;257
90;258
90;259
90;260
90;261
90;262
90;263
90;264
90;265
90;266
90;267
90;268
90;269
90;280
90;281
90;282
90;283
90;284
90;285
90;286
90;287
90;288
90;289
90;290
90;291
90;292
90;293
90;294
90;295
90;296
90;297
90;298
90;299
90;300
90;301
90;302
90;303
90;304
90;305
90;306
90;307
90;308
90;309
90;310
90;311
90;312
90;313
90;314
90;315
90;316
90;317
90;318
90;319
90;320
90;321
90;322
90;323
90;324
90;325
90;326
90;327
90;328
90;329
90;330
90;331
90;332
90;333
90;334
90;335
90;336
90;337
90;338
90;339
90;340
90;341
90;342
90;343
90;344
90;345
90;346
90;347
90;348
90;349
90;350
90;351
90;352
90;353
90;354
90;355
90;356
90;357
90;358
90;359
90;360
90;361
90;362
90;363
90;364
90;365
90;366
90;367
90;368
90;369
90;370
90;371
90;372
90;373
90;374
90;375
90;376
90;377
90;378
90;379
90;380
90;381
91;55
91;56
91;57
91;58
91;59
91;60
91;61
91;62
91;63
91;64
91;65
91;66
91;67
91;68
91;69
91;70
91;71
91;72
91;73
91;198
91;199
91;200
91;201
91;202
91;203
91;204
91;205
91;206
91;207
91;208
91;209
91;210
91;211
91;212
91;213
91;214
91;215
91;216
91;217
91;218
91;219
91;220
91;221
91;222
91;223
91;224
91;225
91;226
91;227
91;228
91;229
91;230
91;231
91;232
91;233
91;234
91;235
91;236
91;237
91;238
91;239
91;240
91;241
91;242
91;243
91;244
91;245
91;246
91;247
91;248
91;249
91;250
91;251
91;252
91;253
91;254
91;255
91;256
91;257
91;258
91;259
91;260
91;261
91;262
91;263
91;264
91;265
91;266
91;267
91;268
91;269
91;281
91;282
91;283
91;284
91;285
91;286
91;287
91;288
91;289
91;290
91;291
91;292
91;293
91;294
91;295
91;296
91;297
91;298
91;299
91;300
91;301
91;302
91;303
91;304
91;305
91;306
91;307
91;308
91;309
91;310
91;311
91;312
91;313
91;314
91;315
91;316
91;317
91;318
91;319
91;320
91;321
91;322
91;323
91;324
91;325
91;326
91;327
91;328
91;329
91;330
91;331
91;332
91;333
91;334
91;335
91;336
91;337
91;338
91;339
91;340
91;341
91;342
91;343
91;344
91;345
91;346
91;347
91;348
91;349
91;350
91;351
91;352
91;353
91;354
91;355
91;356
91;357
91;358
91;359
91;360
91;361
91;362
91;363
91;364
91;365
91;366
91;367
91;368
91;369
91;370
91;371
91;372
91;373
91;374
91;375
91;376
91;377
91;378
91;379
91;380
91;381
92;56
92;57
92;58
92;59
92;60
92;61
92;62
92;63
92;64
92;65
92;66
92;67
92;68
92;69
92;70
92;71
92;72
92;198
92;199
92;200
92;201
92;202
92;203
92;204
92;205
92;206
92;207
92;208
92;209
92;210
92;211
92;212
92;213
92;214
92;215
92;216
92;217
92;218
92;219
92;220
92;221
92;222
92;223
92;224
92;225
92;226
92;227
92;228
92;229
92;230
92;231
92;232
92;233
92;234
92;235
92;236
92;237
92;238
92;239
92;240
92;241
92;242
92;243
92;244
92;245
92;246
92;247
92;248
92;249
92;250
92;251
92;252
92;253
92;254
92;255
92;256
92;257
92;258
92;259
92;260
92;261
92;262
92;263
92;264
92;265
92;266
92;267
92;268
92;269
92;281
92;282
92;283
92;284
92;285
92;286
92;287
92;288
92;289
92;290
92;291
92;292
92;293
92;294
92;295
92;296
92;297
92;298
92;299
92;300
92;301
92;302
92;303
92;304
92;305
92;306
92;307
92;308
92;309
92;310
92;311
92;312
92;313
92;314
92;315
92;316
92;317
92;318
92;319
92;320
92;321
92;322
92;323
92;324
92;325
92;326
92;327
92;328
92;329
92;330
92;331
92;332
92;333
92;334
92;335
92;336
92;337
92;338
92;339
92;340
92;341
92;342
92;343
92;344
92;345
92;346
92;347
92;348
92;349
92;350
92;351
92;352
92;353
92;354
92;355
92;356
92;357
92;358
92;359
92;360
92;361
92;362
92;363
92;364
92;365
92;366
92;367
92;368
92;369
92;370
92;371
92;372
92;373
92;374
92;375
92;376
92;377
92;378
92;379
92;380
93;56
93;57
93;58
93;59
93;60
93;61
93;62
93;63
93;64
93;65
93;66
93;67
93;68
93;69
93;70
93;71
93;198
93;199
93;200
93;201
93;202
93;203
93;204
93;205
93;206
93;207
93;208
93;209
93;210
93;211
93;212
93;213
93;214
93;215
93;216
93;217
93;218
93;219
93;220
93;221
93;222
93;223
93;224
93;225
93;226
93;227
93;228
93;229
93;230
93;231
93;232
93;233
93;234
93;235
93;236
93;237
93;238
93;239
93;240
93;241
93;242
93;243
93;244
93;245
93;246
93;247
93;248
93;249
93;250
93;251
93;252
93;253
93;254
93;255
93;256
93;257
93;258
93;259
93;260
93;261
93;262
93;263
93;264
93;265
93;266
93;267
93;268
93;269
93;281
93;282
93;283
93;284
93;285
93;286
93;287
93;288
93;289
93;290
93;291
93;292
93;293
93;294
93;295
93;296
93;297
93;298
93;299
93;300
93;301
93;302
93;303
93;304
93;305
93;306
93;307
93;308
93;309
93;310
93;311
93;312
93;313
93;314
93;315
93;316
93;317
93;318
93;319
93;320
93;321
93;322
93;323
93;324
93;325
93;326
93;327
93;328
93;329
93;330
93;331
93;332
93;333
93;334
93;335
93;336
93;337
93;338
93;339
93;340
93;341
93;342
93;343
93;344
93;345
93;346
93;347
93;348
93;349
93;350
93;351
93;352
93;353
93;354
93;355
93;356
93;357
93;358
93;359
93;360
93;361
93;362
93;363
93;364
93;365
93;366
93;367
93;368
93;369
93;370
93;371
93;372
93;373
93;374
93;375
93;376
93;377
93;378
93;379
93;380
94;56
94;57
94;58
94;59
94;60
94;61
94;62
94;63
94;64
94;65
94;66
94;67
94;68
94;69
94;70
94;198
94;199
94;200
94;201
94;202
94;203
94;204
94;205
94;206
94;207
94;208
94;209
94;210
94;211
94;212
94;213
94;214
94;215
94;216
94;217
94;218
94;219
94;220
94;221
94;222
94;223
94;224
94;225
94;226
94;227
94;228
94;229
94;230
94;231
94;232
94;233
94;234
94;235
94;236
94;237
94;238
94;239
94;240
94;241
94;242
94;243
94;244
94;245
94;246
94;247
94;248
94;249
94;250
94;251
94;252
94;253
94;254
94;255
94;256
94;257
94;258
94;259
94;260
94;261
94;262
94;263
94;264
94;265
94;266
94;267
94;268
94;269
94;282
94;283
94;284
94;285
94;286
94;287
94;288
94;289
94;290
94;291
94;292
94;293
94;294
94;295
94;296
94;297
94;298
94;299
94;300
94;301
94;302
94;303
94;304
94;305
94;306
94;307
94;308
94;309
94;310
94;311
94;312
94;313
94;314
94;315
94;316
94;317
94;318
94;319
94;320
94;321
94;322
94;323
94;324
94;325
94;326
94;327
94;328
94;329
94;330
94;331
94;332
94;333
94;334
94;335
94;336
94;337
94;338
94;339
94;340
94;341
94;342
94;343
94;344
94;345
94;346
94;347
94;348
94;349
94;350
94;351
94;352
94;353
94;354
94;355
94;356
94;357
94;358
94;359
94;360
94;361
94;362
94;363
94;364
94;365
94;366
94;367
94;368
94;369
94;370
94;371
94;372
94;373
94;374
94;375
94;376
94;377
94;378
94;379
94;380
95;56
95;57
95;58
95;59
95;60
95;61
95;62
95;63
95;64
95;65
95;66
95;67
95;68
95;69
95;198
95;199
95;200
95;201
95;202
95;203
95;204
95;205
95;206
95;207
95;208
95;209
95;210
95;211
95;212
95;213
95;214
95;215
95;216
95;217
95;218
95;219
95;220
95;221
95;222
95;223
95;224
95;225
95;226
95;227
95;228
95;229
95;230
95;231
95;232
95;233
95;234
95;235
95;236
95;237
95;238
95;239
95;240
95;241
95;242
95;243
95;244
95;245
95;246
95;247
95;248
95;249
95;250
95;251
95;252
95;253
95;254
95;255
95;256
95;257
95;258
95;259
95;260
95;261
95;262
95;263
95;264
95;265
95;266
95;267
95;268
95;269
95;282
95;283
95;284
95;285
95;286
95;287
95;288
95;289
95;290
95;291
95;292
95;293
95;294
95;295
95;296
95;297
95;298
95;299
95;300
95;301
95;302
95;303
95;304
95;305
95;306
95;307
95;308
95;309
95;310
95;311
95;312
95;313
95;314
95;315
95;316
95;317
95;318
95;319
95;320
95;321
95;322
95;323
95;324
95;325
95;326
95;327
95;328
95;329
95;330
95;331
95;332
95;333
95;334
95;335
95;336
95;337
95;338
95;339
95;340
95;341
95;342
95;343
95;344
95;345
95;346
95;347
95;348
95;349
95;350
95;351
95;352
95;353
95;354
95;355
95;356
95;357
95;358
95;359
95;360
95;361
95;362
95;363
95;364
95;365
95;366
95;367
95;368
95;369
95;370
95;371
95;372
95;373
95;374
95;375
95;376
95;377
95;378
95;379
96;57
96;58
96;59
96;60
96;61
96;62
96;63
96;64
96;65
96;66
96;67
96;68
96;198
96;199
96;200
96;201
96;202
96;203
96;204
96;205
96;206
96;207
96;208
96;209
96;210
96;211
96;212
96;213
96;214
96;215
96;216
96;217
96;218
96;219
96;220
96;221
96;222
96;223
96;224
96;225
96;226
96;227
96;228
96;229
96;230
96;231
96;232
96;233
96;234
96;235
96;236
96;237
96;238
96;239
96;240
96;241
96;242
96;243
96;244
96;245
96;246
96;247
96;248
96;249
96;250
96;251
96;252
96;253
96;254
96;255
96;256
96;257
96;258
96;259
96;260
96;261
96;262
96;263
96;264
96;265
96;266
96;267
96;268
96;269
96;283
96;284
96;285
96;286
96;287
96;288
96;289
96;290
96;291
96;292
96;293
96;294
96;295
96;296
96;297
96;298
96;299
96;300
96;301
96;302
96;303
96;304
96;305
96;306
96;307
96;308
96;309
96;310
96;311
96;312
96;313
96;314
96;315
96;316
96;317
96;318
96;319
96;320
96;321
96;322
96;323
96;324
96;325
96;326
96;327
96;328
96;329
96;330
96;331
96;332
96;333
96;334
96;335
96;336
96;337
96;338
96;339
96;340
96;341
96;342
96;343
96;344
96;345
96;346
96;347
96;348
96;349
96;350
96;351
96;352
96;353
96;354
96;355
96;356
96;357
96;358
96;359
96;360
96;361
96;362
96;363
96;364
96;365
96;366
96;367
96;368
96;369
96;370
96;371
96;372
96;373
96;374
96;375
96;376
96;377
96;378
96;379
96;441
97;57
97;58
97;59
97;60
97;61
97;62
97;63
97;64
97;65
97;66
97;67
97;198
97;199
97;200
97;201
97;202
97;203
97;204
97;205
97;206
97;207
97;208
97;209
97;210
97;211
97;212
97;213
97;214
97;215
97;216
97;217
97;218
97;219
97;220
97;221
97;222
97;223
97;224
97;225
97;226
97;227
97;228
97;229
97;230
97;231
97;232
97;233
97;234
97;235
97;236
97;237
97;238
97;239
97;240
97;241
97;242
97;243
97;244
97;245
97;246
97;247
97;248
97;249
97;250
97;251
97;252
97;253
97;254
97;255
97;256
97;257
97;258
97;259
97;260
97;261
97;262
97;263
97;264
97;265
97;266
97;267
97;268
97;269
97;283
97;284
97;285
97;286
97;287
97;288
97;289
97;290
97;291
97;292
97;293
97;294
97;295
97;296
97;297
97;298
97;299
97;300
97;301
97;302
97;303
97;304
97;305
97;306
97;307
97;308
97;309
97;310
97;311
97;312
97;313
97;314
97;315
97;316
97;317
97;318
97;319
97;320
97;321
97;322
97;323
97;324
97;325
97;326
97;327
97;328
97;329
97;330
97;331
97;332
97;333
97;334
97;335
97;336
97;337
97;338
97;339
97;340
97;341
97;342
97;343
97;344
97;345
97;346
97;347
97;348
97;349
97;350
97;351
97;352
97;353
97;354
97;355
97;356
97;357
97;358
97;359
97;360
97;361
97;362
97;363
97;364
97;365
97;366
97;367
97;368
97;369
97;370
97;371
97;372
97;373
97;374
97;375
97;376
97;377
97;378
97;442
97;443
97;444
97;445
97;446
97;447
97;448
97;449
97;450
98;57
98;58
98;59
98;60
98;61
98;62
98;63
98;64
98;65
98;66
98;198
98;199
98;200
98;201
98;202
98;203
98;204
98;205
98;206
98;207
98;208
98;209
98;210
98;211
98;212
98;213
98;214
98;215
98;216
98;217
98;218
98;219
98;220
98;221
98;222
98;223
98;224
98;225
98;226
98;227
98;228
98;229
98;230
98;231
98;232
98;233
98;234
98;235
98;236
98;237
98;238
98;239
98;240
98;241
98;242
98;243
98;244
98;245
98;246
98;247
98;248
98;249
98;250
98;251
98;252
98;253
98;254
98;255
98;256
98;257
98;258
98;259
98;260
98;261
98;262
98;263
98;264
98;265
98;266
98;267
98;268
98;269
98;283
98;284
98;285
98;286
98;287
98;288
98;289
98;290
98;291
98;292
98;293
98;294
98;295
98;296
98;297
98;298
98;299
98;300
98;301
98;302
98;303
98;304
98;305
98;306
98;307
98;308
98;309
98;310
98;311
98;312
98;313
98;314
98;315
98;316
98;317
98;318
98;319
98;320
98;321
98;322
98;323
98;324
98;325
98;326
98;327
98;328
98;329
98;330
98;331
98;332
98;333
98;334
98;335
98;336
98;337
98;338
98;339
98;340
98;341
98;342
98;343
98;344
98;345
98;346
98;347
98;348
98;349
98;350
98;351
98;352
98;353
98;354
98;355
98;356
98;357
98;358
98;359
98;360
98;361
98;362
98;363
98;364
98;365
98;366
98;367
98;368
98;369
98;370
98;371
98;372
98;373
98;374
98;375
98;376
98;377
98;378
98;442
98;443
98;444
98;445
98;446
98;447
98;448
98;449
98;450
98;451
98;452
98;453
98;454
98;455
98;456
98;457
98;458
98;459
98;460
99;58
99;59
99;60
99;61
99;62
99;63
99;64
99;65
99;199
99;200
99;201
99;202
99;203
99;204
99;205
99;206
99;207
99;208
99;209
99;210
99;211
99;212
99;213
99;214
99;215
99;216
99;217
99;218
99;219
99;220
99;221
99;222
99;223
99;224
99;225
99;226
99;227
99;228
99;229
99;230
99;231
99;232
99;233
99;234
99;235
99;236
99;237
99;238
99;239
99;240
99;241
99;242
99;243
99;244
99;245
99;246
99;247
99;248
99;249
99;250
99;251
99;252
99;253
99;254
99;255
99;256
99;257
99;258
99;259
99;260
99;261
99;262
99;263
99;264
99;265
99;266
99;267
99;268
99;284
99;285
99;286
99;287
99;288
99;289
99;290
99;291
99;292
99;293
99;294
99;295
99;296
99;297
99;298
99;299
99;300
99;301
99;302
99;303
99;304
99;305
99;306
99;307
99;308
99;309
99;310
99;311
99;312
99;313
99;314
99;315
99;316
99;317
99;318
99;319
99;320
99;321
99;322
99;323
99;324
99;325
99;326
99;327
99;328
99;329
99;330
99;331
99;332
99;333
99;334
99;335
99;336
99;337
99;338
99;339
99;340
99;341
99;342
99;343
99;344
99;345
99;346
99;347
99;348
99;349
99;350
99;351
99;352
99;353
99;354
99;355
99;356
99;357
99;358
99;359
99;360
99;361
99;362
99;363
99;364
99;368
99;369
99;370
99;371
99;372
99;373
99;374
99;375
99;376
99;377
99;378
99;443
99;444
99;445
99;446
99;447
99;448
99;449
99;450
99;451
99;452
99;453
99;454
99;455
99;456
99;457
99;458
99;459
99;460
99;461
99;462
99;463
99;464
99;465
99;466
99;467
99;468
99;469
100;58
100;59
100;60
100;61
100;62
100;63
100;64
100;65
100;199
100;200
100;201
100;202
100;203
100;204
100;205
100;206
100;207
100;208
100;209
100;210
100;211
100;212
100;213
100;214
100;215
100;216
100;217
100;218
100;219
100;220
100;221
100;222
100;223
100;224
100;225
100;226
100;227
100;228
100;229
100;230
100;231
100;232
100;233
100;234
100;235
100;236
100;237
100;238
100;239
100;240
100;241
100;242
100;243
100;244
100;245
100;246
100;247
100;248
100;249
100;250
100;251
100;252
100;253
100;254
100;255
100;256
100;257
100;258
100;259
100;260
100;261
100;262
100;263
100;264
100;265
100;266
100;267
100;268
100;284
100;285
100;286
100;287
100;288
100;289
100;290
100;291
100;292
100;293
100;294
100;295
100;296
100;297
100;298
100;299
100;300
100;301
100;302
100;303
100;304
100;305
100;306
100;307
100;308
100;309
100;310
100;311
100;312
100;313
100;314
100;315
100;316
100;317
100;318
100;319
100;320
100;321
100;322
100;323
100;324
100;325
100;326
100;327
100;328
100;329
100;330
100;331
100;332
100;333
100;334
100;335
100;336
100;337
100;338
100;339
100;340
100;341
100;342
100;343
100;344
100;345
100;346
100;347
100;348
100;349
100;350
100;351
100;352
100;353
100;354
100;355
100;356
100;357
100;358
100;359
100;360
100;361
100;362
100;363
100;364
100;365
100;370
100;371
100;372
100;373
100;374
100;375
100;376
100;377
100;443
100;444
100;445
100;446
100;447
100;448
100;449
100;450
100;451
100;452
100;453
100;454
100;455
100;456
100;457
100;458
100;459
100;460
100;461
100;462
100;463
100;464
100;465
100;466
100;467
100;468
100;469
100;470
100;471
100;472
100;473
100;474
100;475
100;476
100;477
100;478
100;479
101;58
101;59
101;60
101;61
101;62
101;63
101;64
101;199
101;200
101;201
101;202
101;203
101;204
101;205
101;206
101;207
101;208
101;209
101;210
101;211
101;212
101;213
101;214
101;215
101;216
101;217
101;218
101;219
101;220
101;221
101;222
101;223
101;224
101;225
101;226
101;227
101;228
101;229
101;230
101;231
101;232
101;233
101;234
101;235
101;236
101;237
101;238
101;239
101;240
101;241
101;242
101;243
101;244
101;245
101;246
101;247
101;248
101;249
101;250
101;251
101;252
101;253
101;254
101;255
101;256
101;257
101;258
101;259
101;260
101;261
101;262
101;263
101;264
101;265
101;266
101;267
101;268
101;284
101;285
101;286
101;287
101;288
101;289
101;290
101;291
101;292
101;293
101;294
101;295
101;296
101;297
101;298
101;299
101;300
101;301
101;302
101;303
101;304
101;305
101;306
101;307
101;308
101;309
101;310
101;311
101;312
101;313
101;314
101;315
101;316
101;317
101;318
101;319
101;320
101;321
101;322
101;323
101;324
101;325
101;326
101;327
101;328
101;329
101;330
101;331
101;332
101;333
101;334
101;335
101;336
101;337
101;338
101;339
101;340
101;341
101;342
101;343
101;344
101;345
101;346
101;347
101;348
101;349
101;350
101;351
101;352
101;353
101;354
101;355
101;356
101;357
101;358
101;359
101;360
101;361
101;362
101;363
101;364
101;365
101;372
101;373
101;374
101;375
101;376
101;377
101;443
101;444
101;445
101;446
101;447
101;448
101;449
101;450
101;451
101;452
101;453
101;454
101;455
101;456
101;457
101;458
101;459
101;460
101;461
101;462
101;463
101;464
101;465
101;466
101;467
101;468
101;469
101;470
101;471
101;472
101;473
101;474
101;475
101;476
101;477
101;478
101;479
101;480
101;481
101;482
101;483
101;484
101;485
101;486
102;59
102;60
102;61
102;62
102;63
102;199
102;200
102;201
102;202
102;203
102;204
102;205
102;206
102;207
102;208
102;209
102;210
102;211
102;212
102;213
102;214
102;215
102;216
102;217
102;218
102;219
102;220
102;221
102;222
102;223
102;224
102;225
102;226
102;227
102;228
102;229
102;230
102;231
102;232
102;233
102;234
102;235
102;236
102;237
102;238
102;239
102;240
102;241
102;242
102;243
102;244
102;245
102;246
102;247
102;248
102;249
102;250
102;251
102;252
102;253
102;254
102;255
102;256
102;257
102;258
102;259
102;260
102;261
102;262
102;263
102;264
102;265
102;266
102;267
102;268
102;285
102;286
102;287
102;288
102;289
102;290
102;291
102;292
102;293
102;294
102;295
102;296
102;297
102;298
102;299
102;300
102;301
102;302
102;303
102;304
102;305
102;306
102;307
102;308
102;309
102;310
102;311
102;312
102;313
102;314
102;315
102;316
102;317
102;318
102;319
102;320
102;321
102;322
102;323
102;324
102;325
102;326
102;327
102;328
102;329
102;330
102;331
102;332
102;333
102;334
102;335
102;336
102;337
102;338
102;339
102;340
102;341
102;342
102;343
102;344
102;345
102;346
102;347
102;348
102;349
102;350
102;351
102;352
102;353
102;354
102;355
102;356
102;357
102;358
102;359
102;360
102;361
102;362
102;363
102;364
102;365
102;375
102;376
102;444
102;445
102;446
102;447
102;448
102;449
102;450
102;451
102;452
102;453
102;454
102;455
102;456
102;457
102;458
102;459
102;460
102;461
102;462
102;463
102;464
102;465
102;466
102;467
102;468
102;469
102;470
102;471
102;472
102;473
102;474
102;475
102;476
102;477
102;478
102;479
102;480
102;481
102;482
102;483
102;484
102;485
103;59
103;60
103;61
103;62
103;200
103;201
103;202
103;203
103;204
103;205
103;206
103;207
103;208
103;209
103;210
103;211
103;212
103;213
103;214
103;215
103;216
103;217
103;218
103;219
103;220
103;221
103;222
103;223
103;224
103;225
103;226
103;227
103;228
103;229
103;230
103;231
103;232
103;233
103;234
103;235
103;236
103;237
103;238
103;239
103;240
103;241
103;242
103;243
103;244
103;245
103;246
103;247
103;248
103;249
103;250
103;251
103;252
103;253
103;254
103;255
103;256
103;257
103;258
103;259
103;260
103;261
103;262
103;263
103;264
103;265
103;266
103;267
103;285
103;286
103;287
103;288
103;289
103;290
103;291
103;292
103;293
103;294
103;295
103;296
103;297
103;298
103;299
103;300
103;301
103;302
103;303
103;304
103;305
103;306
103;307
103;308
103;309
103;310
103;311
103;312
103;313
103;314
103;315
103;316
103;317
103;318
103;319
103;320
103;321
103;322
103;323
103;324
103;325
103;326
103;327
103;328
103;329
103;330
103;331
103;332
103;333
103;334
103;335
103;336
103;337
103;338
103;339
103;340
103;341
103;342
103;343
103;344
103;345
103;346
103;347
103;348
103;349
103;350
103;351
103;352
103;353
103;354
103;355
103;356
103;357
103;358
103;359
103;360
103;361
103;362
103;363
103;364
103;365
103;366
103;444
103;445
103;446
103;447
103;448
103;449
103;450
103;451
103;452
103;453
103;454
103;455
103;456
103;457
103;458
103;459
103;460
103;461
103;462
103;463
103;464
103;465
103;466
103;467
103;468
103;469
103;470
103;471
103;472
103;473
103;474
103;475
103;476
103;477
103;478
103;479
103;480
103;481
103;482
103;483
103;484
104;59
104;60
104;61
104;200
104;201
104;202
104;203
104;204
104;205
104;206
104;207
104;208
104;209
104;210
104;211
104;212
104;213
104;214
104;215
104;216
104;217
104;218
104;219
104;220
104;221
104;222
104;223
104;224
104;225
104;226
104;227
104;228
104;229
104;230
104;231
104;232
104;233
104;234
104;235
104;236
104;237
104;238
104;239
104;240
104;241
104;242
104;243
104;244
104;245
104;246
104;247
104;248
104;249
104;250
104;251
104;252
104;253
104;254
104;255
104;256
104;257
104;258
104;259
104;260
104;261
104;262
104;263
104;264
104;265
104;266
104;267
104;285
104;286
104;287
104;288
104;289
104;290
104;291
104;292
104;293
104;294
104;295
104;296
104;297
104;298
104;299
104;300
104;301
104;302
104;303
104;304
104;305
104;306
104;307
104;308
104;309
104;310
104;311
104;312
104;313
104;314
104;315
104;316
104;317
104;318
104;319
104;320
104;321
104;322
104;323
104;324
104;325
104;326
104;327
104;328
104;329
104;330
104;331
104;332
104;333
104;334
104;335
104;336
104;337
104;338
104;339
104;340
104;341
104;342
104;343
104;344
104;345
104;346
104;347
104;348
104;349
104;350
104;351
104;352
104;353
104;354
104;355
104;356
104;357
104;358
104;359
104;360
104;361
104;362
104;363
104;364
104;365
104;366
104;445
104;446
104;447
104;448
104;449
104;450
104;451
104;452
104;453
104;454
104;455
104;456
104;457
104;458
104;459
104;460
104;461
104;462
104;463
104;464
104;465
104;466
104;467
104;468
104;469
104;470
104;471
104;472
104;473
104;474
104;475
104;476
104;477
104;478
104;479
104;480
104;481
104;482
104;483
105;59
105;60
105;200
105;201
105;202
105;203
105;204
105;205
105;206
105;207
105;208
105;209
105;210
105;211
105;212
105;213
105;214
105;215
105;216
105;217
105;218
105;219
105;220
105;221
105;222
105;223
105;224
105;225
105;226
105;227
105;228
105;229
105;230
105;231
105;232
105;233
105;234
105;235
105;236
105;237
105;238
105;239
105;240
105;241
105;242
105;243
105;244
105;245
105;246
105;247
105;248
105;249
105;250
105;251
105;252
105;253
105;254
105;255
105;256
105;257
105;258
105;259
105;260
105;261
105;262
105;263
105;264
105;265
105;266
105;267
105;286
105;287
105;288
105;289
105;290
105;291
105;292
105;293
105;294
105;295
105;296
105;297
105;298
105;299
105;300
105;301
105;302
105;303
105;304
105;305
105;306
105;307
105;308
105;309
105;310
105;311
105;312
105;313
105;314
105;315
105;316
105;317
105;318
105;319
105;320
105;321
105;322
105;323
105;324
105;325
105;326
105;327
105;328
105;329
105;330
105;331
105;332
105;333
105;334
105;335
105;336
105;337
105;338
105;339
105;340
105;341
105;342
105;343
105;344
105;345
105;346
105;347
105;348
105;349
105;350
105;351
105;352
105;353
105;354
105;355
105;356
105;357
105;358
105;359
105;360
105;361
105;362
105;363
105;364
105;365
105;445
105;446
105;447
105;448
105;449
105;450
105;451
105;452
105;453
105;454
105;455
105;456
105;457
105;458
105;459
105;460
105;461
105;462
105;463
105;464
105;465
105;466
105;467
105;468
105;469
105;470
105;471
105;472
105;473
105;474
105;475
105;476
105;477
105;478
105;479
105;480
105;481
105;482
105;483
106;201
106;202
106;203
106;204
106;205
106;206
106;207
106;208
106;209
106;210
106;211
106;212
106;213
106;214
106;215
106;216
106;217
106;218
106;219
106;220
106;221
106;222
106;223
106;224
106;225
106;226
106;227
106;228
106;229
106;230
106;231
106;232
106;233
106;234
106;235
106;236
106;237
106;238
106;239
106;240
106;241
106;242
106;243
106;244
106;245
106;246
106;247
106;248
106;249
106;250
106;251
106;252
106;253
106;254
106;255
106;256
106;257
106;258
106;259
106;260
106;261
106;262
106;263
106;264
106;265
106;266
106;286
106;287
106;288
106;289
106;290
106;291
106;292
106;293
106;294
106;295
106;296
106;297
106;298
106;299
106;300
106;301
106;302
106;303
106;304
106;305
106;306
106;307
106;308
106;309
106;310
106;311
106;312
106;313
106;314
106;315
106;316
106;317
106;318
106;319
106;320
106;321
106;322
106;323
106;324
106;325
106;326
106;327
106;328
106;329
106;330
106;331
106;332
106;333
106;334
106;335
106;336
106;337
106;338
106;339
106;340
106;341
106;342
106;343
106;344
106;345
106;346
106;347
106;348
106;349
106;350
106;351
106;352
106;353
106;354
106;355
106;356
106;357
106;358
106;359
106;360
106;361
106;362
106;446
106;447
106;448
106;449
106;450
106;451
106;452
106;453
106;454
106;455
106;456
106;457
106;458
106;459
106;460
106;461
106;462
106;463
106;464
106;465
106;466
106;467
106;468
106;469
106;470
106;471
106;472
106;473
106;474
106;475
106;476
106;477
106;478
106;479
106;480
106;481
106;482
107;201
107;202
107;203
107;204
107;205
107;206
107;207
107;208
107;209
107;210
107;211
107;212
107;213
107;214
107;215
107;216
107;217
107;218
107;219
107;220
107;221
107;222
107;223
107;224
107;225
107;226
107;227
107;228
107;229
107;230
107;231
107;232
107;233
107;234
107;235
107;236
107;237
107;238
107;239
107;240
107;241
107;242
107;243
107;244
107;245
107;246
107;247
107;248
107;249
107;250
107;251
107;252
107;253
107;254
107;255
107;256
107;257
107;258
107;259
107;260
107;261
107;262
107;263
107;264
107;265
107;266
107;286
107;287
107;288
107;289
107;290
107;291
107;292
107;293
107;294
107;295
107;296
107;297
107;298
107;299
107;300
107;301
107;302
107;303
107;304
107;305
107;306
107;307
107;308
107;309
107;310
107;311
107;312
107;313
107;314
107;315
107;316
107;317
107;318
107;319
107;320
107;321
107;322
107;323
107;324
107;325
107;326
107;327
107;328
107;329
107;330
107;331
107;332
107;333
107;334
107;335
107;336
107;337
107;338
107;339
107;340
107;341
107;342
107;343
107;344
107;345
107;346
107;347
107;348
107;349
107;350
107;351
107;352
107;353
107;354
107;355
107;356
107;357
107;358
107;359
107;403
107;404
107;405
107;406
107;407
107;408
107;446
107;447
107;448
107;449
107;450
107;451
107;452
107;453
107;454
107;455
107;456
107;457
107;458
107;459
107;460
107;461
107;462
107;463
107;464
107;465
107;466
107;467
107;468
107;469
107;470
107;471
107;472
107;473
107;474
107;475
107;476
107;477
107;478
107;479
107;480
107;481
108;202
108;203
108;204
108;205
108;206
108;207
108;208
108;209
108;210
108;211
108;212
108;213
108;214
108;215
108;216
108;217
108;218
108;219
108;220
108;221
108;222
108;223
108;224
108;225
108;226
108;227
108;228
108;229
108;230
108;231
108;232
108;233
108;234
108;235
108;236
108;237
108;238
108;239
108;240
108;241
108;242
108;243
108;244
108;245
108;246
108;247
108;248
108;249
108;250
108;251
108;252
108;253
108;254
108;255
108;256
108;257
108;258
108;259
108;260
108;261
108;262
108;263
108;264
108;265
108;287
108;288
108;289
108;290
108;291
108;292
108;293
108;294
108;295
108;296
108;297
108;298
108;299
108;300
108;301
108;302
108;303
108;304
108;305
108;306
108;307
108;308
108;309
108;310
108;311
108;312
108;313
108;314
108;315
108;316
108;317
108;318
108;319
108;320
108;321
108;322
108;323
108;324
108;325
108;326
108;327
108;328
108;329
108;330
108;331
108;332
108;333
108;334
108;335
108;336
108;337
108;338
108;339
108;340
108;341
108;342
108;343
108;344
108;345
108;346
108;347
108;348
108;349
108;350
108;351
108;352
108;353
108;354
108;355
108;356
108;398
108;399
108;400
108;401
108;402
108;403
108;404
108;405
108;406
108;407
108;408
108;409
108;410
108;411
108;412
108;413
108;447
108;448
108;449
108;450
108;451
108;452
108;453
108;454
108;455
108;456
108;457
108;458
108;459
108;460
108;461
108;462
108;463
108;464
108;465
108;466
108;467
108;468
108;469
108;470
108;471
108;472
108;473
108;474
108;475
108;476
108;477
108;478
108;479
108;480
108;481
109;202
109;203
109;204
109;205
109;206
109;207
109;208
109;209
109;210
109;211
109;212
109;213
109;214
109;215
109;216
109;217
109;218
109;219
109;220
109;221
109;222
109;223
109;224
109;225
109;226
109;227
109;228
109;229
109;230
109;231
109;232
109;233
109;234
109;235
109;236
109;237
109;238
109;239
109;240
109;241
109;242
109;243
109;244
109;245
109;246
109;247
109;248
109;249
109;250
109;251
109;252
109;253
109;254
109;255
109;256
109;257
109;258
109;259
109;260
109;261
109;262
109;263
109;264
109;265
109;287
109;288
109;289
109;290
109;291
109;292
109;293
109;294
109;295
109;296
109;297
109;298
109;299
109;300
109;301
109;302
109;303
109;304
109;305
109;306
109;307
109;308
109;309
109;310
109;311
109;312
109;313
109;314
109;315
109;316
109;317
109;318
109;319
109;320
109;321
109;322
109;323
109;324
109;325
109;326
109;327
109;328
109;329
109;330
109;331
109;332
109;333
109;334
109;335
109;336
109;337
109;338
109;339
109;340
109;341
109;342
109;343
109;344
109;345
109;346
109;347
109;348
109;349
109;350
109;351
109;352
109;353
109;395
109;396
109;397
109;398
109;399
109;400
109;401
109;402
109;403
109;404
109;405
109;406
109;407
109;408
109;409
109;410
109;411
109;412
109;413
109;414
109;415
109;416
109;447
109;448
109;449
109;450
109;451
109;452
109;453
109;454
109;455
109;456
109;457
109;458
109;459
109;460
109;461
109;462
109;463
109;464
109;465
109;466
109;467
109;468
109;469
109;470
109;471
109;472
109;473
109;474
109;475
109;476
109;477
109;478
109;479
109;480
110;203
110;204
110;205
110;206
110;207
110;208
110;209
110;210
110;211
110;212
110;213
110;214
110;215
110;216
110;217
110;218
110;219
110;220
110;221
110;222
110;223
110;224
110;225
110;226
110;227
110;228
110;229
110;230
110;231
110;232
110;233
110;234
110;235
110;236
110;237
110;238
110;239
110;240
110;241
110;242
110;243
110;244
110;245
110;246
110;247
110;248
110;249
110;250
110;251
110;252
110;253
110;254
110;255
110;256
110;257
110;258
110;259
110;260
110;261
110;262
110;263
110;264
110;287
110;288
110;289
110;290
110;291
110;292
110;293
110;294
110;295
110;296
110;297
110;298
110;299
110;300
110;301
110;302
110;303
110;304
110;305
110;306
110;307
110;308
110;309
110;310
110;311
110;312
110;313
110;314
110;315
110;316
110;317
110;318
110;319
110;320
110;321
110;322
110;323
110;324
110;325
110;326
110;327
110;328
110;329
110;330
110;331
110;332
110;333
110;334
110;335
110;336
110;337
110;338
110;339
110;340
110;341
110;342
110;343
110;344
110;345
110;346
110;347
110;348
110;349
110;350
110;393
110;394
110;395
110;396
110;397
110;398
110;399
110;400
110;401
110;402
110;403
110;404
110;405
110;406
110;407
110;408
110;409
110;410
110;411
110;412
110;413
110;414
110;415
110;416
110;417
110;418
110;447
110;448
110;449
110;450
110;451
110;452
110;453
110;454
110;455
110;456
110;457
110;458
110;459
110;460
110;461
110;462
110;463
110;464
110;465
110;466
110;467
110;468
110;469
110;470
110;471
110;472
110;473
110;474
110;475
110;476
110;477
110;478
110;479
111;204
111;205
111;206
111;207
111;208
111;209
111;210
111;211
111;212
111;213
111;214
111;215
111;216
111;217
111;218
111;219
111;220
111;221
111;222
111;223
111;224
111;225
111;226
111;227
111;228
111;229
111;230
111;231
111;232
111;233
111;234
111;235
111;236
111;237
111;238
111;239
111;240
111;241
111;242
111;243
111;244
111;245
111;246
111;247
111;248
111;249
111;250
111;251
111;252
111;253
111;254
111;255
111;256
111;257
111;258
111;259
111;260
111;261
111;262
111;263
111;288
111;289
111;290
111;291
111;292
111;293
111;294
111;295
111;296
111;297
111;298
111;299
111;300
111;301
111;302
111;303
111;304
111;305
111;306
111;307
111;308
111;309
111;310
111;311
111;312
111;313
111;314
111;315
111;316
111;317
111;318
111;319
111;320
111;321
111;322
111;323
111;324
111;325
111;326
111;327
111;328
111;329
111;330
111;331
111;332
111;333
111;334
111;335
111;336
111;337
111;338
111;339
111;340
111;341
111;342
111;343
111;344
111;345
111;346
111;347
111;391
111;392
111;393
111;394
111;395
111;396
111;397
111;398
111;399
111;400
111;401
111;402
111;403
111;404
111;405
111;406
111;407
111;408
111;409
111;410
111;411
111;412
111;413
111;414
111;415
111;416
111;417
111;418
111;419
111;420
111;448
111;449
111;450
111;451
111;452
111;453
111;454
111;455
111;456
111;457
111;458
111;459
111;460
111;461
111;462
111;463
111;464
111;465
111;466
111;467
111;468
111;469
111;470
111;471
111;472
111;473
111;474
111;475
111;476
111;477
111;478
112;204
112;205
112;206
112;207
112;208
112;209
112;210
112;211
112;212
112;213
112;214
112;215
112;216
112;217
112;218
112;219
112;220
112;221
112;222
112;223
112;224
112;225
112;226
112;227
112;228
112;229
112;230
112;231
112;232
112;233
112;234
112;235
112;236
112;237
112;238
112;239
112;240
112;241
112;242
112;243
112;244
112;245
112;246
112;247
112;248
112;249
112;250
112;251
112;252
112;253
112;254
112;255
112;256
112;257
112;258
112;259
112;260
112;261
112;262
112;263
112;288
112;289
112;290
112;291
112;292
112;293
112;294
112;295
112;296
112;297
112;298
112;299
112;300
112;301
112;302
112;303
112;304
112;305
112;306
112;307
112;308
112;309
112;310
112;311
112;312
112;313
112;314
112;315
112;316
112;317
112;318
112;319
112;320
112;321
112;322
112;323
112;324
112;325
112;326
112;327
112;328
112;329
112;330
112;331
112;332
112;333
112;334
112;335
112;336
112;337
112;338
112;339
112;340
112;341
112;342
112;343
112;344
112;390
112;391
112;392
112;393
112;394
112;395
112;396
112;397
112;398
112;399
112;400
112;401
112;402
112;403
112;404
112;405
112;406
112;407
112;408
112;409
112;410
112;411
112;412
112;413
112;414
112;415
112;416
112;417
112;418
112;419
112;420
112;421
112;448
112;449
112;450
112;451
112;452
112;453
112;454
112;455
112;456
112;457
112;458
112;459
112;460
112;461
112;462
112;463
112;464
112;465
112;466
112;467
112;468
112;469
112;470
112;471
112;472
112;473
112;474
112;475
112;476
112;477
112;478
113;205
113;206
113;207
113;208
113;209
113;210
113;211
113;212
113;213
113;214
113;215
113;216
113;217
113;218
113;219
113;220
113;221
113;222
113;223
113;224
113;225
113;226
113;227
113;228
113;229
113;230
113;231
113;232
113;233
113;234
113;235
113;236
113;237
113;238
113;239
113;240
113;241
113;242
113;243
113;244
113;245
113;246
113;247
113;248
113;249
113;250
113;251
113;252
113;253
113;254
113;255
113;256
113;257
113;258
113;259
113;260
113;261
113;262
113;288
113;289
113;290
113;291
113;292
113;293
113;294
113;295
113;296
113;297
113;298
113;299
113;300
113;301
113;302
113;303
113;304
113;305
113;306
113;307
113;308
113;309
113;310
113;311
113;312
113;313
113;314
113;315
113;316
113;317
113;318
113;319
113;320
113;321
113;322
113;323
113;324
113;325
113;326
113;327
113;328
113;329
113;330
113;331
113;332
113;333
113;334
113;335
113;336
113;337
113;338
113;339
113;340
113;341
113;342
113;388
113;389
113;390
113;391
113;392
113;393
113;394
113;395
113;396
113;397
113;398
113;399
113;400
113;401
113;402
113;403
113;404
113;405
113;406
113;407
113;408
113;409
113;410
113;411
113;412
113;413
113;414
113;415
113;416
113;417
113;418
113;419
113;420
113;421
113;422
113;423
113;449
113;450
113;451
113;452
113;453
113;454
113;455
113;456
113;457
113;458
113;459
113;460
113;461
113;462
113;463
113;464
113;465
113;466
113;467
113;468
113;469
113;470
113;471
113;472
113;473
113;474
113;475
113;476
113;477
114;206
114;207
114;208
114;209
114;210
114;211
114;212
114;213
114;214
114;215
114;216
114;217
114;218
114;219
114;220
114;221
114;222
114;223
114;224
114;225
114;226
114;227
114;228
114;229
114;230
114;231
114;232
114;233
114;234
114;235
114;236
114;237
114;238
114;239
114;240
114;241
114;242
114;243
114;244
114;245
114;246
114;247
114;248
114;249
114;250
114;251
114;252
114;253
114;254
114;255
114;256
114;257
114;258
114;259
114;260
114;261
114;289
114;290
114;291
114;292
114;293
114;294
114;295
114;296
114;297
114;298
114;299
114;300
114;301
114;302
114;303
114;304
114;305
114;306
114;307
114;308
114;309
114;310
114;311
114;312
114;313
114;314
114;315
114;316
114;317
114;318
114;319
114;320
114;321
114;322
114;323
114;324
114;325
114;326
114;327
114;328
114;329
114;330
114;331
114;332
114;333
114;334
114;335
114;336
114;337
114;338
114;339
114;387
114;388
114;389
114;390
114;391
114;392
114;393
114;394
114;395
114;396
114;397
114;398
114;399
114;400
114;401
114;402
114;403
114;404
114;405
114;406
114;407
114;408
114;409
114;410
114;411
114;412
114;413
114;414
114;415
114;416
114;417
114;418
114;419
114;420
114;421
114;422
114;423
114;424
114;449
114;450
114;451
114;452
114;453
114;454
114;455
114;456
114;457
114;458
114;459
114;460
114;461
114;462
114;463
114;464
114;465
114;466
114;467
114;468
114;469
114;470
114;471
114;472
114;473
114;474
114;475
114;476
115;206
115;207
115;208
115;209
115;210
115;211
115;212
115;213
115;214
115;215
115;216
115;217
115;218
115;219
115;220
115;221
115;222
115;223
115;224
115;225
115;226
115;227
115;228
115;229
115;230
115;231
115;232
115;233
115;234
115;235
115;236
115;237
115;238
115;239
115;240
115;241
115;242
115;243
115;244
115;245
115;246
115;247
115;248
115;249
115;250
115;251
115;252
115;253
115;254
115;255
115;256
115;257
115;258
115;259
115;260
115;261
115;289
115;290
115;291
115;292
115;293
115;294
115;295
115;296
115;297
115;298
115;299
115;300
115;301
115;302
115;303
115;304
115;305
115;306
115;307
115;308
115;309
115;310
115;311
115;312
115;313
115;314
115;315
115;316
115;317
115;318
115;319
115;320
115;321
115;322
115;323
115;324
115;325
115;326
115;327
115;328
115;329
115;330
115;331
115;332
115;333
115;334
115;335
115;336
115;386
115;387
115;388
115;389
115;390
115;391
115;392
115;393
115;394
115;395
115;396
115;397
115;398
115;399
115;400
115;401
115;402
115;403
115;404
115;405
115;406
115;407
115;408
115;409
115;410
115;411
115;412
115;413
115;414
115;415
115;416
115;417
115;418
115;419
115;420
115;421
115;422
115;423
115;424
115;425
115;450
115;451
115;452
115;453
115;454
115;455
115;456
115;457
115;458
115;459
115;460
115;461
115;462
115;463
115;464
115;465
115;466
115;467
115;468
115;469
115;470
115;471
115;472
115;473
115;474
115;475
116;207
116;208
116;209
116;210
116;211
116;212
116;213
116;214
116;215
116;216
116;217
116;218
116;219
116;220
116;221
116;222
116;223
116;224
116;225
116;226
116;227
116;228
116;229
116;230
116;231
116;232
116;233
116;234
116;235
116;236
116;237
116;238
116;239
116;240
116;241
116;242
116;243
116;244
116;245
116;246
116;247
116;248
116;249
116;250
116;251
116;252
116;253
116;254
116;255
116;256
116;257
116;258
116;259
116;260
116;290
116;291
116;292
116;293
116;294
116;295
116;296
116;297
116;298
116;299
116;300
116;301
116;302
116;303
116;304
116;305
116;306
116;307
116;308
116;309
116;310
116;311
116;312
116;313
116;314
116;315
116;316
116;317
116;318
116;319
116;320
116;321
116;322
116;323
116;324
116;325
116;326
116;327
116;328
116;329
116;330
116;331
116;332
116;333
116;385
116;386
116;387
116;388
116;389
116;390
116;391
116;392
116;393
116;394
116;395
116;396
116;397
116;398
116;399
116;400
116;401
116;402
116;403
116;404
116;405
116;406
116;407
116;408
116;409
116;410
116;411
116;412
116;413
116;414
116;415
116;416
116;417
116;418
116;419
116;420
116;421
116;422
116;423
116;424
116;425
116;426
116;450
116;451
116;452
116;453
116;454
116;455
116;456
116;457
116;458
116;459
116;460
116;461
116;462
116;463
116;464
116;465
116;466
116;467
116;468
116;469
116;470
116;471
116;472
116;473
116;474
116;475
117;208
117;209
117;210
117;211
117;212
117;213
117;214
117;215
117;216
117;217
117;218
117;219
117;220
117;221
117;222
117;223
117;224
117;225
117;226
117;227
117;228
117;229
117;230
117;231
117;232
117;233
117;234
117;235
117;236
117;237
117;238
117;239
117;240
117;241
117;242
117;243
117;244
117;245
117;246
117;247
117;248
117;249
117;250
117;251
117;252
117;253
117;254
117;255
117;256
117;257
117;258
117;259
117;290
117;291
117;292
117;293
117;294
117;295
117;296
117;297
117;298
117;299
117;300
117;301
117;302
117;303
117;304
117;305
117;306
117;307
117;308
117;309
117;310
117;311
117;312
117;313
117;314
117;315
117;316
117;317
117;318
117;319
117;320
117;321
117;322
117;323
117;324
117;325
117;326
117;327
117;328
117;329
117;330
117;384
117;385
117;386
117;387
117;388
117;389
117;390
117;391
117;392
117;393
117;394
117;395
117;396
117;397
117;398
117;399
117;400
117;401
117;402
117;403
117;404
117;405
117;406
117;407
117;408
117;409
117;410
117;411
117;412
117;413
117;414
117;415
117;416
117;417
117;418
117;419
117;420
117;421
117;422
117;423
117;424
117;425
117;426
117;427
117;451
117;452
117;453
117;454
117;455
117;456
117;457
117;458
117;459
117;460
117;461
117;462
117;463
117;464
117;465
117;466
117;467
117;468
117;469
117;470
117;471
117;472
117;473
117;474
118;209
118;210
118;211
118;212
118;213
118;214
118;215
118;216
118;217
118;218
118;219
118;220
118;221
118;222
118;223
118;224
118;225
118;226
118;227
118;228
118;229
118;230
118;231
118;232
118;233
118;234
118;235
118;236
118;237
118;238
118;239
118;240
118;241
118;242
118;243
118;244
118;245
118;246
118;247
118;248
118;249
118;250
118;251
118;252
118;253
118;254
118;255
118;256
118;257
118;258
118;290
118;291
118;292
118;293
118;294
118;295
118;296
118;297
118;298
118;299
118;300
118;301
118;302
118;303
118;304
118;305
118;306
118;307
118;308
118;309
118;310
118;311
118;312
118;313
118;314
118;315
118;316
118;317
118;318
118;319
118;320
118;321
118;322
118;323
118;324
118;325
118;326
118;327
118;383
118;384
118;385
118;386
118;387
118;388
118;389
118;390
118;391
118;392
118;393
118;394
118;395
118;396
118;397
118;398
118;399
118;400
118;401
118;402
118;403
118;404
118;405
118;406
118;407
118;408
118;409
118;410
118;411
118;412
118;413
118;414
118;415
118;416
118;417
118;418
118;419
118;420
118;421
118;422
118;423
118;424
118;425
118;426
118;427
118;428
118;451
118;452
118;453
118;454
118;455
118;456
118;457
118;458
118;459
118;460
118;461
118;462
118;463
118;464
118;465
118;466
118;467
118;468
118;469
118;470
118;471
118;472
118;473
119;210
119;211
119;212
119;213
119;214
119;215
119;216
119;217
119;218
119;219
119;220
119;221
119;222
119;223
119;224
119;225
119;226
119;227
119;228
119;229
119;230
119;231
119;232
119;233
119;234
119;235
119;236
119;237
119;238
119;239
119;240
119;241
119;242
119;243
119;244
119;245
119;246
119;247
119;248
119;249
119;250
119;251
119;252
119;253
119;254
119;255
119;256
119;257
119;291
119;292
119;293
119;294
119;295
119;296
119;297
119;298
119;299
119;300
119;301
119;302
119;303
119;304
119;305
119;306
119;307
119;308
119;309
119;310
119;311
119;312
119;313
119;314
119;315
119;316
119;317
119;318
119;319
119;320
119;321
119;322
119;323
119;324
119;383
119;384
119;385
119;386
119;387
119;388
119;389
119;390
119;391
119;392
119;393
119;394
119;395
119;396
119;397
119;398
119;399
119;400
119;401
119;402
119;403
119;404
119;405
119;406
119;407
119;408
119;409
119;410
119;411
119;412
119;413
119;414
119;415
119;416
119;417
119;418
119;419
119;420
119;421
119;422
119;423
119;424
119;425
119;426
119;427
119;428
119;429
119;451
119;452
119;453
119;454
119;455
119;456
119;457
119;458
119;459
119;460
119;461
119;462
119;463
119;464
119;465
119;466
119;467
119;468
119;469
119;470
119;471
119;472
119;473
120;212
120;213
120;214
120;215
120;216
120;217
120;218
120;219
120;220
120;221
120;222
120;223
120;224
120;225
120;226
120;227
120;228
120;229
120;230
120;231
120;232
120;233
120;234
120;235
120;236
120;237
120;238
120;239
120;240
120;241
120;242
120;243
120;244
120;245
120;246
120;247
120;248
120;249
120;250
120;251
120;252
120;253
120;254
120;255
120;291
120;292
120;293
120;294
120;295
120;296
120;297
120;298
120;299
120;300
120;301
120;302
120;303
120;304
120;305
120;306
120;307
120;308
120;309
120;310
120;311
120;312
120;313
120;314
120;315
120;316
120;317
120;318
120;319
120;320
120;321
120;322
120;382
120;383
120;384
120;385
120;386
120;387
120;388
120;389
120;390
120;391
120;392
120;393
120;394
120;395
120;396
120;397
120;398
120;399
120;400
120;401
120;402
120;403
120;404
120;405
120;406
120;407
120;408
120;409
120;410
120;411
120;412
120;413
120;414
120;415
120;416
120;417
120;418
120;419
120;420
120;421
120;422
120;423
120;424
120;425
120;426
120;427
120;428
120;429
120;452
120;453
120;454
120;455
120;456
120;457
120;458
120;459
120;460
120;461
120;462
120;463
120;464
120;465
120;466
120;467
120;468
120;469
120;470
120;471
120;472
121;213
121;214
121;215
121;216
121;217
121;218
121;219
121;220
121;221
121;222
121;223
121;224
121;225
121;226
121;227
121;228
121;229
121;230
121;231
121;232
121;233
121;234
121;235
121;236
121;237
121;238
121;239
121;240
121;241
121;242
121;243
121;244
121;245
121;246
121;247
121;248
121;249
121;250
121;251
121;252
121;253
121;254
121;291
121;292
121;293
121;294
121;295
121;296
121;297
121;298
121;299
121;300
121;301
121;302
121;303
121;304
121;305
121;306
121;307
121;308
121;309
121;310
121;311
121;312
121;313
121;314
121;315
121;316
121;317
121;318
121;319
121;381
121;382
121;383
121;384
121;385
121;386
121;387
121;388
121;389
121;390
121;391
121;392
121;393
121;394
121;395
121;396
121;397
121;398
121;399
121;400
121;401
121;402
121;403
121;404
121;405
121;406
121;407
121;408
121;409
121;410
121;411
121;412
121;413
121;414
121;415
121;416
121;417
121;418
121;419
121;420
121;421
121;422
121;423
121;424
121;425
121;426
121;427
121;428
121;429
121;430
121;452
121;453
121;454
121;455
121;456
121;457
121;458
121;459
121;460
121;461
121;462
121;463
121;464
121;465
121;466
121;467
121;468
121;469
121;470
121;471
122;215
122;216
122;217
122;218
122;219
122;220
122;221
122;222
122;223
122;224
122;225
122;226
122;227
122;228
122;229
122;230
122;231
122;232
122;233
122;234
122;235
122;236
122;237
122;238
122;239
122;240
122;241
122;242
122;243
122;244
122;245
122;246
122;247
122;248
122;249
122;250
122;251
122;252
122;292
122;293
122;294
122;295
122;296
122;297
122;298
122;299
122;300
122;301
122;302
122;303
122;304
122;305
122;306
122;307
122;308
122;309
122;310
122;311
122;312
122;313
122;314
122;315
122;316
122;381
122;382
122;383
122;384
122;385
122;386
122;387
122;388
122;389
122;390
122;391
122;392
122;393
122;394
122;395
122;396
122;397
122;398
122;399
122;400
122;401
122;402
122;403
122;404
122;405
122;406
122;407
122;408
122;409
122;410
122;411
122;412
122;413
122;414
122;415
122;416
122;417
122;418
122;419
122;420
122;421
122;422
122;423
122;424
122;425
122;426
122;427
122;428
122;429
122;430
122;453
122;454
122;455
122;456
122;457
122;458
122;459
122;460
122;461
122;462
122;463
122;464
122;465
122;466
122;467
122;468
122;469
122;470
123;216
123;217
123;218
123;219
123;220
123;221
123;222
123;223
123;224
123;225
123;226
123;227
123;228
123;229
123;230
123;231
123;232
123;233
123;234
123;235
123;236
123;237
123;238
123;239
123;240
123;241
123;242
123;243
123;244
123;245
123;246
123;247
123;248
123;249
123;250
123;251
123;292
123;293
123;294
123;295
123;296
123;297
123;298
123;299
123;300
123;301
123;302
123;303
123;304
123;305
123;306
123;307
123;308
123;309
123;310
123;311
123;312
123;313
123;380
123;381
123;382
123;383
123;384
123;385
123;386
123;387
123;388
123;389
123;390
123;391
123;392
123;393
123;394
123;395
123;396
123;397
123;398
123;399
123;400
123;401
123;402
123;403
123;404
123;405
123;406
123;407
123;408
123;409
123;410
123;411
123;412
123;413
123;414
123;415
123;416
123;417
123;418
123;419
123;420
123;421
123;422
123;423
123;424
123;425
123;426
123;427
123;428
123;429
123;430
123;431
123;453
123;454
123;455
123;456
123;457
123;458
123;459
123;460
123;461
123;462
123;463
123;464
123;465
123;466
123;467
123;468
123;469
123;470
124;218
124;219
124;220
124;221
124;222
124;223
124;224
124;225
124;226
124;227
124;228
124;229
124;230
124;231
124;232
124;233
124;234
124;235
124;236
124;237
124;238
124;239
124;240
124;241
124;242
124;243
124;244
124;245
124;246
124;247
124;248
124;249
124;292
124;293
124;294
124;295
124;296
124;297
124;298
124;299
124;300
124;301
124;302
124;303
124;304
124;305
124;306
124;307
124;308
124;309
124;310
124;380
124;381
124;382
124;383
124;384
124;385
124;386
124;387
124;388
124;389
124;390
124;391
124;392
124;393
124;394
124;395
124;396
124;397
124;398
124;399
124;400
124;401
124;402
124;403
124;404
124;405
124;406
124;407
124;408
124;409
124;410
124;411
124;412
124;413
124;414
124;415
124;416
124;417
124;418
124;419
124;420
124;421
124;422
124;423
124;424
124;425
124;426
124;427
124;428
124;429
124;430
124;431
124;454
124;455
124;456
124;457
124;458
124;459
124;460
124;461
124;462
124;463
124;464
124;465
124;466
124;467
124;468
124;469
125;220
125;221
125;222
125;223
125;224
125;225
125;226
125;227
125;228
125;229
125;230
125;231
125;232
125;233
125;234
125;235
125;236
125;237
125;238
125;239
125;240
125;241
125;242
125;243
125;244
125;245
125;246
125;247
125;293
125;294
125;295
125;296
125;297
125;298
125;299
125;300
125;301
125;302
125;303
125;304
125;305
125;306
125;307
125;379
125;380
125;381
125;382
125;383
125;384
125;385
125;386
125;387
125;388
125;389
125;390
125;391
125;392
125;393
125;394
125;395
125;396
125;397
125;398
125;399
125;400
125;401
125;402
125;403
125;404
125;405
125;406
125;407
125;408
125;409
125;410
125;411
125;412
125;413
125;414
125;415
125;416
125;417
125;418
125;419
125;420
125;421
125;422
125;423
125;424
125;425
125;426
125;427
125;428
125;429
125;430
125;431
125;432
125;454
125;455
125;456
125;457
125;458
125;459
125;460
125;461
125;462
125;463
125;464
125;465
125;466
125;467
125;468
126;223
126;224
126;225
126;226
126;227
126;228
126;229
126;230
126;231
126;232
126;233
126;234
126;235
126;236
126;237
126;238
126;239
126;240
126;241
126;242
126;243
126;244
126;293
126;294
126;295
126;296
126;297
126;298
126;299
126;300
126;301
126;302
126;303
126;304
126;379
126;380
126;381
126;382
126;383
126;384
126;385
126;386
126;387
126;388
126;389
126;390
126;391
126;392
126;393
126;394
126;395
126;396
126;397
126;398
126;399
126;400
126;401
126;402
126;403
126;404
126;405
126;406
126;407
126;408
126;409
126;410
126;411
126;412
126;413
126;414
126;415
126;416
126;417
126;418
126;419
126;420
126;421
126;422
126;423
126;424
126;425
126;426
126;427
126;428
126;429
126;430
126;431
126;432
126;455
126;456
126;457
126;458
126;459
126;460
126;461
126;462
126;463
126;464
126;465
126;466
126;467
127;227
127;228
127;229
127;230
127;231
127;232
127;233
127;234
127;235
127;236
127;237
127;238
127;239
127;240
127;293
127;294
127;295
127;296
127;297
127;298
127;299
127;300
127;301
127;379
127;380
127;381
127;382
127;383
127;384
127;385
127;386
127;387
127;388
127;389
127;390
127;391
127;392
127;393
127;394
127;395
127;396
127;397
127;398
127;399
127;400
127;401
127;402
127;403
127;404
127;405
127;406
127;407
127;408
127;409
127;410
127;411
127;412
127;413
127;414
127;415
127;416
127;417
127;418
127;419
127;420
127;421
127;422
127;423
127;424
127;425
127;426
127;427
127;428
127;429
127;430
127;431
127;432
127;433
127;455
127;456
127;457
127;458
127;459
127;460
127;461
127;462
127;463
127;464
127;465
127;466
127;467
128;294
128;295
128;296
128;297
128;298
128;299
128;378
128;379
128;380
128;381
128;382
128;383
128;384
128;385
128;386
128;387
128;388
128;389
128;390
128;391
128;392
128;393
128;394
128;395
128;396
128;397
128;398
128;399
128;400
128;401
128;402
128;403
128;404
128;405
128;406
128;407
128;408
128;409
128;410
128;411
128;412
128;413
128;414
128;415
128;416
128;417
128;418
128;419
128;420
128;421
128;422
128;423
128;424
128;425
128;426
128;427
128;428
128;429
128;430
128;431
128;432
128;433
128;455
128;456
128;457
128;458
128;459
128;460
128;461
128;462
128;463
128;464
128;465
128;466
129;294
129;295
129;296
129;378
129;379
129;380
129;381
129;382
129;383
129;384
129;385
129;386
129;387
129;388
129;389
129;390
129;391
129;392
129;393
129;394
129;395
129;396
129;397
129;398
129;399
129;400
129;401
129;402
129;403
129;404
129;405
129;406
129;407
129;408
129;409
129;410
129;411
129;412
129;413
129;414
129;415
129;416
129;417
129;418
129;419
129;420
129;421
129;422
129;423
129;424
129;425
129;426
129;427
129;428
129;429
129;430
129;431
129;432
129;433
129;456
129;457
129;458
129;459
129;460
129;461
129;462
129;463
129;464
129;465
130;378
130;379
130;380
130;381
130;382
130;383
130;384
130;385
130;386
130;387
130;388
130;389
130;390
130;391
130;392
130;393
130;394
130;395
130;396
130;397
130;398
130;399
130;400
130;401
130;402
130;403
130;404
130;405
130;406
130;407
130;408
130;409
130;410
130;411
130;412
130;413
130;414
130;415
130;416
130;417
130;418
130;419
130;420
130;421
130;422
130;423
130;424
130;425
130;426
130;427
130;428
130;429
130;430
130;431
130;432
130;433
130;456
130;457
130;458
130;459
130;460
130;461
130;462
130;463
130;464
130;465
131;184
131;378
131;379
131;380
131;381
131;382
131;383
131;384
131;385
131;386
131;387
131;388
131;389
131;390
131;391
131;392
131;393
131;394
131;395
131;396
131;397
131;398
131;399
131;400
131;401
131;402
131;403
131;404
131;405
131;406
131;407
131;408
131;409
131;410
131;411
131;412
131;413
131;414
131;415
131;416
131;417
131;418
131;419
131;420
131;421
131;422
131;423
131;424
131;425
131;426
131;427
131;428
131;429
131;430
131;431
131;432
131;433
131;457
131;458
131;459
131;460
131;461
131;462
131;463
131;464
132;183
132;184
132;378
132;379
132;380
132;381
132;382
132;383
132;384
132;385
132;386
132;387
132;388
132;389
132;390
132;391
132;392
132;393
132;394
132;395
132;396
132;397
132;398
132;399
132;400
132;401
132;402
132;403
132;404
132;405
132;406
132;407
132;408
132;409
132;410
132;411
132;412
132;413
132;414
132;415
132;416
132;417
132;418
132;419
132;420
132;421
132;422
132;423
132;424
132;425
132;426
132;427
132;428
132;429
132;430
132;431
132;432
132;433
132;434
132;457
132;458
132;459
132;460
132;461
132;462
132;463
133;182
133;183
133;184
133;185
133;377
133;378
133;379
133;380
133;381
133;382
133;383
133;384
133;385
133;386
133;387
133;388
133;389
133;390
133;391
133;392
133;393
133;394
133;395
133;396
133;397
133;398
133;399
133;400
133;401
133;402
133;403
133;404
133;405
133;406
133;407
133;408
133;409
133;410
133;411
133;412
133;413
133;414
133;415
133;416
133;417
133;418
133;419
133;420
133;421
133;422
133;423
133;424
133;425
133;426
133;427
133;428
133;429
133;430
133;431
133;432
133;433
133;434
133;458
133;459
133;460
133;461
133;462
134;180
134;181
134;182
134;183
134;184
134;185
134;377
134;378
134;379
134;380
134;381
134;382
134;383
134;384
134;385
134;386
134;387
134;388
134;389
134;390
134;391
134;392
134;393
134;394
134;395
134;396
134;397
134;398
134;399
134;400
134;401
134;402
134;403
134;404
134;405
134;406
134;407
134;408
134;409
134;410
134;411
134;412
134;413
134;414
134;415
134;416
134;417
134;418
134;419
134;420
134;421
134;422
134;423
134;424
134;425
134;426
134;427
134;428
134;429
134;430
134;431
134;432
134;433
134;434
134;458
134;459
134;460
134;461
134;462
135;179
135;180
135;181
135;182
135;183
135;184
135;185
135;377
135;378
135;379
135;380
135;381
135;382
135;383
135;384
135;385
135;386
135;387
135;388
135;389
135;390
135;391
135;392
135;393
135;394
135;395
135;396
135;397
135;398
135;399
135;400
135;401
135;402
135;403
135;404
135;405
135;406
135;407
135;408
135;409
135;410
135;411
135;412
135;413
135;414
135;415
135;416
135;417
135;418
135;419
135;420
135;421
135;422
135;423
135;424
135;425
135;426
135;427
135;428
135;429
135;430
135;431
135;432
135;433
135;434
135;459
135;460
135;461
136;178
136;179
136;180
136;181
136;182
136;183
136;184
136;185
136;377
136;378
136;379
136;380
136;381
136;382
136;383
136;384
136;385
136;386
136;387
136;388
136;389
136;390
136;391
136;392
136;393
136;394
136;395
136;396
136;397
136;398
136;399
136;400
136;401
136;402
136;403
136;404
136;405
136;406
136;407
136;408
136;409
136;410
136;411
136;412
136;413
136;414
136;415
136;416
136;417
136;418
136;419
136;420
136;421
136;422
136;423
136;424
136;425
136;426
136;427
136;428
136;429
136;430
136;431
136;432
136;433
136;434
136;459
136;460
137;176
137;177
137;178
137;179
137;180
137;181
137;182
137;183
137;184
137;185
137;377
137;378
137;379
137;380
137;381
137;382
137;383
137;384
137;385
137;386
137;387
137;388
137;389
137;390
137;391
137;392
137;393
137;394
137;395
137;396
137;397
137;398
137;399
137;400
137;401
137;402
137;403
137;404
137;405
137;406
137;407
137;408
137;409
137;410
137;411
137;412
137;413
137;414
137;415
137;416
137;417
137;418
137;419
137;420
137;421
137;422
137;423
137;424
137;425
137;426
137;427
137;428
137;429
137;430
137;431
137;432
137;433
137;434
137;459
138;175
138;176
138;177
138;178
138;179
138;180
138;181
138;182
138;183
138;184
138;185
138;377
138;378
138;379
138;380
138;381
138;382
138;383
138;384
138;385
138;386
138;387
138;388
138;389
138;390
138;391
138;392
138;393
138;394
138;395
138;396
138;397
138;398
138;399
138;400
138;401
138;402
138;403
138;404
138;405
138;406
138;407
138;408
138;409
138;410
138;411
138;412
138;413
138;414
138;415
138;416
138;417
138;418
138;419
138;420
138;421
138;422
138;423
138;424
138;425
138;426
138;427
138;428
138;429
138;430
138;431
138;432
138;433
138;434
139;174
139;175
139;176
139;177
139;178
139;179
139;180
139;181
139;182
139;183
139;184
139;185
139;378
139;379
139;380
139;381
139;382
139;383
139;384
139;385
139;386
139;387
139;388
139;389
139;390
139;391
139;392
139;393
139;394
139;395
139;396
139;397
139;398
139;399
139;400
139;401
139;402
139;403
139;404
139;405
139;406
139;407
139;408
139;409
139;410
139;411
139;412
139;413
139;414
139;415
139;416
139;417
139;418
139;419
139;420
139;421
139;422
139;423
139;424
139;425
139;426
139;427
139;428
139;429
139;430
139;431
139;432
139;433
139;434
140;172
140;173
140;174
140;175
140;176
140;177
140;178
140;179
140;180
140;181
140;182
140;183
140;184
140;185
140;378
140;379
140;380
140;381
140;382
140;383
140;384
140;385
140;386
140;387
140;388
140;389
140;390
140;391
140;392
140;393
140;394
140;395
140;396
140;397
140;398
140;399
140;400
140;401
140;402
140;403
140;404
140;405
140;406
140;407
140;408
140;409
140;410
140;411
140;412
140;413
140;414
140;415
140;416
140;417
140;418
140;419
140;420
140;421
140;422
140;423
140;424
140;425
140;426
140;427
140;428
140;429
140;430
140;431
140;432
140;433
140;434
140;435
141;171
141;172
141;173
141;174
141;175
141;176
141;177
141;178
141;179
141;180
141;181
141;182
141;183
141;184
141;185
141;186
141;378
141;379
141;380
141;381
141;382
141;383
141;384
141;385
141;386
141;387
141;388
141;389
141;390
141;391
141;392
141;393
141;394
141;395
141;396
141;397
141;398
141;399
141;400
141;401
141;402
141;403
141;404
141;405
141;406
141;407
141;408
141;409
141;410
141;411
141;412
141;413
141;414
141;415
141;416
141;417
141;418
141;419
141;420
141;421
141;422
141;423
141;424
141;425
141;426
141;427
141;428
141;429
141;430
141;431
141;432
141;433
141;434
141;435
141;436
142;170
142;171
142;172
142;173
142;174
142;175
142;176
142;177
142;178
142;179
142;180
142;181
142;182
142;183
142;184
142;185
142;186
142;377
142;378
142;379
142;380
142;381
142;382
142;383
142;384
142;385
142;386
142;387
142;388
142;389
142;390
142;391
142;392
142;393
142;394
142;395
142;396
142;397
142;398
142;399
142;400
142;401
142;402
142;403
142;404
142;405
142;406
142;407
142;408
142;409
142;410
142;411
142;412
142;413
142;414
142;415
142;416
142;417
142;418
142;419
142;420
142;421
142;422
142;423
142;424
142;425
142;426
142;427
142;428
142;429
142;430
142;431
142;432
142;433
142;434
142;435
142;436
142;437
143;168
143;169
143;170
143;171
143;172
143;173
143;174
143;175
143;176
143;177
143;178
143;179
143;180
143;181
143;182
143;183
143;184
143;185
143;186
143;376
143;377
143;378
143;379
143;380
143;381
143;382
143;383
143;384
143;385
143;386
143;387
143;388
143;389
143;390
143;391
143;392
143;393
143;394
143;395
143;396
143;397
143;398
143;399
143;400
143;401
143;402
143;403
143;404
143;405
143;406
143;407
143;408
143;409
143;410
143;411
143;412
143;413
143;414
143;415
143;416
143;417
143;418
143;419
143;420
143;421
143;422
143;423
143;424
143;425
143;426
143;427
143;428
143;429
143;430
143;431
143;432
143;433
143;434
143;435
143;436
143;437
143;438
144;167
144;168
144;169
144;170
144;171
144;172
144;173
144;174
144;175
144;176
144;177
144;178
144;179
144;180
144;181
144;182
144;183
144;184
144;185
144;186
144;375
144;376
144;377
144;378
144;379
144;380
144;381
144;382
144;383
144;384
144;385
144;386
144;387
144;388
144;389
144;390
144;391
144;392
144;393
144;394
144;395
144;396
144;397
144;398
144;399
144;400
144;401
144;402
144;403
144;404
144;405
144;406
144;407
144;408
144;409
144;410
144;411
144;412
144;413
144;414
144;415
144;416
144;417
144;418
144;419
144;420
144;421
144;422
144;423
144;424
144;425
144;426
144;427
144;428
144;429
144;430
144;431
144;432
144;433
144;434
144;435
144;436
144;437
144;438
144;439
145;166
145;167
145;168
145;169
145;170
145;171
145;172
145;173
145;174
145;175
145;176
145;177
145;178
145;179
145;180
145;181
145;182
145;183
145;184
145;185
145;186
145;374
145;375
145;376
145;377
145;378
145;379
145;380
145;381
145;382
145;383
145;384
145;385
145;386
145;387
145;388
145;389
145;390
145;391
145;392
145;393
145;394
145;395
145;396
145;397
145;398
145;399
145;400
145;401
145;402
145;403
145;404
145;405
145;406
145;407
145;408
145;409
145;410
145;411
145;412
145;413
145;414
145;415
145;416
145;417
145;418
145;419
145;420
145;421
145;422
145;423
145;424
145;425
145;426
145;427
145;428
145;429
145;430
145;431
145;432
145;433
145;434
145;435
145;436
145;437
145;438
145;439
145;440
146;164
146;165
146;166
146;167
146;168
146;169
146;170
146;171
146;172
146;173
146;174
146;175
146;176
146;177
146;178
146;179
146;180
146;181
146;182
146;183
146;184
146;185
146;186
146;374
146;375
146;376
146;377
146;378
146;379
146;380
146;381
146;382
146;383
146;384
146;385
146;386
146;387
146;388
146;389
146;390
146;391
146;392
146;393
146;394
146;395
146;396
146;397
146;398
146;399
146;400
146;401
146;402
146;403
146;404
146;405
146;406
146;407
146;408
146;409
146;410
146;411
146;412
146;413
146;414
146;415
146;416
146;417
146;418
146;419
146;420
146;421
146;422
146;423
146;424
146;425
146;426
146;427
146;428
146;429
146;430
146;431
146;432
146;433
146;434
146;435
146;436
146;437
146;438
146;439
146;440
146;441
147;163
147;164
147;165
147;166
147;167
147;168
147;169
147;170
147;171
147;172
147;173
147;174
147;175
147;176
147;177
147;178
147;179
147;180
147;181
147;182
147;183
147;184
147;185
147;186
147;373
147;374
147;375
147;376
147;377
147;378
147;379
147;380
147;381
147;382
147;383
147;384
147;385
147;386
147;387
147;388
147;389
147;390
147;391
147;392
147;393
147;394
147;395
147;396
147;397
147;398
147;399
147;400
147;401
147;402
147;403
147;404
147;405
147;406
147;407
147;408
147;409
147;410
147;411
147;412
147;413
147;414
147;415
147;416
147;417
147;418
147;419
147;420
147;421
147;422
147;423
147;424
147;425
147;426
147;427
147;428
147;429
147;430
147;431
147;432
147;433
147;434
147;435
147;436
147;437
147;438
147;439
147;440
147;441
147;442
148;162
148;163
148;164
148;165
148;166
148;167
148;168
148;169
148;170
148;171
148;172
148;173
148;174
148;175
148;176
148;177
148;178
148;179
148;180
148;181
148;182
148;183
148;184
148;185
148;186
148;187
148;372
148;373
148;374
148;375
148;376
148;377
148;378
148;379
148;380
148;381
148;382
148;383
148;384
148;385
148;386
148;387
148;388
148;389
148;390
148;391
148;392
148;393
148;394
148;395
148;396
148;397
148;398
148;399
148;400
148;401
148;402
148;403
148;404
148;405
148;406
148;407
148;408
148;409
148;410
148;411
148;412
148;413
148;414
148;415
148;416
148;417
148;418
148;419
148;420
148;421
148;422
148;423
148;424
148;425
148;426
148;427
148;428
148;429
148;430
148;431
148;432
148;433
148;434
148;435
148;436
148;437
148;438
148;439
148;440
148;441
148;442
149;161
149;162
149;163
149;164
149;165
149;166
149;167
149;168
149;169
149;170
149;171
149;172
149;173
149;174
149;175
149;176
149;177
149;178
149;179
149;180
149;181
149;182
149;183
149;184
149;185
149;186
149;187
149;372
149;373
149;374
149;375
149;376
149;377
149;378
149;379
149;380
149;381
149;382
149;383
149;384
149;385
149;386
149;387
149;388
149;389
149;390
149;391
149;392
149;393
149;394
149;395
149;396
149;397
149;398
149;399
149;400
149;401
149;402
149;403
149;404
149;405
149;406
149;407
149;408
149;409
149;410
149;411
149;412
149;413
149;414
149;415
149;416
149;417
149;418
149;419
149;420
149;421
149;422
149;423
149;424
149;425
149;426
149;427
149;428
149;429
149;430
149;431
149;432
149;433
149;434
149;435
149;436
149;437
149;438
149;439
149;440
149;441
149;442
149;443
150;159
150;160
150;161
150;162
150;163
150;164
150;165
150;166
150;167
150;168
150;169
150;170
150;171
150;172
150;173
150;174
150;175
150;176
150;177
150;178
150;179
150;180
150;181
150;182
150;183
150;184
150;185
150;186
150;187
150;371
150;372
150;373
150;374
150;375
150;376
150;377
150;378
150;379
150;380
150;381
150;382
150;383
150;384
150;385
150;386
150;387
150;388
150;389
150;390
150;391
150;392
150;393
150;394
150;395
150;396
150;397
150;398
150;399
150;400
150;401
150;402
150;403
150;404
150;405
150;406
150;407
150;408
150;409
150;410
150;411
150;412
150;413
150;414
150;415
150;416
150;417
150;418
150;419
150;420
150;421
150;422
150;423
150;424
150;425
150;426
150;427
150;428
150;429
150;430
150;431
150;432
150;433
150;434
150;435
150;436
150;437
150;438
150;439
150;440
150;441
150;442
150;443
150;444
151;158
151;159
151;160
151;161
151;162
151;163
151;164
151;165
151;166
151;167
151;168
151;169
151;170
151;171
151;172
151;173
151;174
151;175
151;176
151;177
151;178
151;179
151;180
151;181
151;182
151;183
151;184
151;185
151;186
151;187
151;370
151;371
151;372
151;373
151;374
151;375
151;376
151;377
151;378
151;379
151;380
151;381
151;382
151;383
151;384
151;385
151;386
151;387
151;388
151;389
151;390
151;391
151;392
151;393
151;394
151;395
151;396
151;397
151;398
151;399
151;400
151;401
151;402
151;403
151;404
151;405
151;406
151;407
151;408
151;409
151;410
151;411
151;412
151;413
151;414
151;415
151;416
151;417
151;418
151;419
151;420
151;421
151;422
151;423
151;424
151;425
151;426
151;427
151;428
151;429
151;430
151;431
151;432
151;433
151;434
151;435
151;436
151;437
151;438
151;439
151;440
151;441
151;442
151;443
151;444
152;157
152;158
152;159
152;160
152;161
152;162
152;163
152;164
152;165
152;166
152;167
152;168
152;169
152;170
152;171
152;172
152;173
152;174
152;175
152;176
152;177
152;178
152;179
152;180
152;181
152;182
152;183
152;184
152;185
152;186
152;187
152;370
152;371
152;372
152;373
152;374
152;375
152;376
152;377
152;378
152;379
152;380
152;381
152;382
152;383
152;384
152;385
152;386
152;387
152;388
152;389
152;390
152;391
152;392
152;393
152;394
152;395
152;396
152;397
152;398
152;399
152;400
152;401
152;402
152;403
152;404
152;405
152;406
152;407
152;408
152;409
152;410
152;411
152;412
152;413
152;414
152;415
152;416
152;417
152;418
152;419
152;420
152;421
152;422
152;423
152;424
152;425
152;426
152;427
152;428
152;429
152;430
152;431
152;432
152;433
152;434
152;435
152;436
152;437
152;438
152;439
152;440
152;441
152;442
152;443
152;444
152;445
153;155
153;156
153;157
153;158
153;159
153;160
153;161
153;162
153;163
153;164
153;165
153;166
153;167
153;168
153;169
153;170
153;171
153;172
153;173
153;174
153;175
153;176
153;177
153;178
153;179
153;180
153;181
153;182
153;183
153;184
153;185
153;186
153;187
153;369
153;370
153;371
153;372
153;373
153;374
153;375
153;376
153;377
153;378
153;379
153;380
153;381
153;382
153;383
153;384
153;385
153;386
153;387
153;388
153;389
153;390
153;391
153;392
153;393
153;394
153;395
153;396
153;397
153;398
153;399
153;400
153;401
153;402
153;403
153;404
153;405
153;406
153;407
153;408
153;409
153;410
153;411
153;412
153;413
153;414
153;415
153;416
153;417
153;418
153;419
153;420
153;421
153;422
153;423
153;424
153;425
153;426
153;427
153;428
153;429
153;430
153;431
153;432
153;433
153;434
153;435
153;436
153;437
153;438
153;439
153;440
153;441
153;442
153;443
153;444
153;445
154;154
154;155
154;156
154;157
154;158
154;159
154;160
154;161
154;162
154;163
154;164
154;165
154;166
154;167
154;168
154;169
154;170
154;171
154;172
154;173
154;174
154;175
154;176
154;177
154;178
154;179
154;180
154;181
154;182
154;183
154;184
154;185
154;186
154;187
154;369
154;370
154;371
154;372
154;373
154;374
154;375
154;376
154;377
154;378
154;379
154;380
154;381
154;382
154;383
154;384
154;385
154;386
154;387
154;388
154;389
154;390
154;391
154;392
154;393
154;394
154;395
154;396
154;397
154;398
154;399
154;400
154;401
154;402
154;403
154;404
154;405
154;406
154;407
154;408
154;409
154;410
154;411
154;412
154;413
154;414
154;415
154;416
154;417
154;418
154;419
154;420
154;421
154;422
154;423
154;424
154;425
154;426
154;427
154;428
154;429
154;430
154;431
154;432
154;433
154;434
154;435
154;436
154;437
154;438
154;439
154;440
154;441
154;442
154;443
154;444
154;445
154;446
155;153
155;154
155;155
155;156
155;157
155;158
155;159
155;160
155;161
155;162
155;163
155;164
155;165
155;166
155;167
155;168
155;169
155;170
155;171
155;172
155;173
155;174
155;175
155;176
155;177
155;178
155;179
155;180
155;181
155;182
155;183
155;184
155;185
155;186
155;187
155;368
155;369
155;370
155;371
155;372
155;373
155;374
155;375
155;376
155;377
155;378
155;379
155;380
155;381
155;382
155;383
155;384
155;385
155;386
155;387
155;388
155;389
155;390
155;391
155;392
155;393
155;394
155;395
155;396
155;397
155;398
155;399
155;400
155;401
155;402
155;403
155;404
155;405
155;406
155;407
155;408
155;409
155;410
155;411
155;412
155;413
155;414
155;415
155;416
155;417
155;418
155;419
155;420
155;421
155;422
155;423
155;424
155;425
155;426
155;427
155;428
155;429
155;430
155;431
155;432
155;433
155;434
155;435
155;436
155;437
155;438
155;439
155;440
155;441
155;442
155;443
155;444
155;445
155;446
156;151
156;152
156;153
156;154
156;155
156;156
156;157
156;158
156;159
156;160
156;161
156;162
156;163
156;164
156;165
156;166
156;167
156;168
156;169
156;170
156;171
156;172
156;173
156;174
156;175
156;176
156;177
156;178
156;179
156;180
156;181
156;182
156;183
156;184
156;185
156;186
156;187
156;188
156;368
156;369
156;370
156;371
156;372
156;373
156;374
156;375
156;376
156;377
156;378
156;379
156;380
156;381
156;382
156;383
156;384
156;385
156;386
156;387
156;388
156;389
156;390
156;391
156;392
156;393
156;394
156;395
156;396
156;397
156;398
156;399
156;400
156;401
156;402
156;403
156;404
156;405
156;406
156;407
156;408
156;409
156;410
156;411
156;412
156;413
156;414
156;415
156;416
156;417
156;418
156;419
156;420
156;421
156;422
156;423
156;424
156;425
156;426
156;427
156;428
156;429
156;430
156;431
156;432
156;433
156;434
156;435
156;436
156;437
156;438
156;439
156;440
156;441
156;442
156;443
156;444
156;445
156;446
156;447
157;150
157;151
157;152
157;153
157;154
157;155
157;156
157;157
157;158
157;159
157;160
157;161
157;162
157;163
157;164
157;165
157;166
157;167
157;168
157;169
157;170
157;171
157;172
157;173
157;174
157;175
157;176
157;177
157;178
157;179
157;180
157;181
157;182
157;183
157;184
157;185
157;186
157;187
157;188
157;367
157;368
157;369
157;370
157;371
157;372
157;373
157;374
157;375
157;376
157;377
157;378
157;379
157;380
157;381
157;382
157;383
157;384
157;385
157;386
157;387
157;388
157;389
157;390
157;391
157;392
157;393
157;394
157;395
157;396
157;397
157;398
157;399
157;400
157;401
157;402
157;403
157;404
157;405
157;406
157;407
157;408
157;409
157;410
157;411
157;412
157;413
157;414
157;415
157;416
157;417
157;418
157;419
157;420
157;421
157;422
157;423
157;424
157;425
157;426
157;427
157;428
157;429
157;430
157;431
157;432
157;433
157;434
157;435
157;436
157;437
157;438
157;439
157;440
157;441
157;442
157;443
157;444
157;445
157;446
157;447
158;149
158;150
158;151
158;152
158;153
158;154
158;155
158;156
158;157
158;158
158;159
158;160
158;161
158;162
158;163
158;164
158;165
158;166
158;167
158;168
158;169
158;170
158;171
158;172
158;173
158;174
158;175
158;176
158;177
158;178
158;179
158;180
158;181
158;182
158;183
158;184
158;185
158;186
158;187
158;188
158;367
158;368
158;369
158;370
158;371
158;372
158;373
158;374
158;375
158;376
158;377
158;378
158;379
158;380
158;381
158;382
158;383
158;384
158;385
158;386
158;387
158;388
158;389
158;390
158;391
158;392
158;393
158;394
158;395
158;396
158;397
158;398
158;399
158;400
158;401
158;402
158;403
158;404
158;405
158;406
158;407
158;408
158;409
158;410
158;411
158;412
158;413
158;414
158;415
158;416
158;417
158;418
158;419
158;420
158;421
158;422
158;423
158;424
158;425
158;426
158;427
158;428
158;429
158;430
158;431
158;432
158;433
158;434
158;435
158;436
158;437
158;438
158;439
158;440
158;441
158;442
158;443
158;444
158;445
158;446
158;447
159;147
159;148
159;149
159;150
159;151
159;152
159;153
159;154
159;155
159;156
159;157
159;158
159;159
159;160
159;161
159;162
159;163
159;164
159;165
159;166
159;167
159;168
159;169
159;170
159;171
159;172
159;173
159;174
159;175
159;176
159;177
159;178
159;179
159;180
159;181
159;182
159;183
159;184
159;185
159;186
159;187
159;188
159;367
159;368
159;369
159;370
159;371
159;372
159;373
159;374
159;375
159;376
159;377
159;378
159;379
159;380
159;381
159;382
159;383
159;384
159;385
159;386
159;387
159;388
159;389
159;390
159;391
159;392
159;393
159;394
159;395
159;396
159;397
159;398
159;399
159;400
159;401
159;402
159;403
159;404
159;405
159;406
159;407
159;408
159;409
159;410
159;411
159;412
159;413
159;414
159;415
159;416
159;417
159;418
159;419
159;420
159;421
159;422
159;423
159;424
159;425
159;426
159;427
159;428
159;429
159;430
159;431
159;432
159;433
159;434
159;435
159;436
159;437
159;438
159;439
159;440
159;441
159;442
159;443
159;444
159;445
159;446
159;447
159;448
160;146
160;147
160;148
160;149
160;150
160;151
160;152
160;153
160;154
160;155
160;156
160;157
160;158
160;159
160;160
160;161
160;162
160;163
160;164
160;165
160;166
160;167
160;168
160;169
160;170
160;171
160;172
160;173
160;174
160;175
160;176
160;177
160;178
160;179
160;180
160;181
160;182
160;183
160;184
160;185
160;186
160;187
160;188
160;366
160;367
160;368
160;369
160;370
160;371
160;372
160;373
160;374
160;375
160;376
160;377
160;378
160;379
160;380
160;381
160;382
160;383
160;384
160;385
160;386
160;387
160;388
160;389
160;390
160;391
160;392
160;393
160;394
160;395
160;396
160;397
160;398
160;399
160;400
160;401
160;402
160;403
160;404
160;405
160;406
160;407
160;408
160;409
160;410
160;411
160;412
160;413
160;414
160;415
160;416
160;417
160;418
160;419
160;420
160;421
160;422
160;423
160;424
160;425
160;426
160;427
160;428
160;429
160;430
160;431
160;432
160;433
160;434
160;435
160;436
160;437
160;438
160;439
160;440
160;441
160;442
160;443
160;444
160;445
160;446
160;447
160;448
161;145
161;146
161;147
161;148
161;149
161;150
161;151
161;152
161;153
161;154
161;155
161;156
161;157
161;158
161;159
161;160
161;161
161;162
161;163
161;164
161;165
161;166
161;167
161;168
161;169
161;170
161;171
161;172
161;173
161;174
161;175
161;176
161;177
161;178
161;179
161;180
161;181
161;182
161;183
161;184
161;185
161;186
161;187
161;188
161;365
161;366
161;367
161;368
161;369
161;370
161;371
161;372
161;373
161;374
161;375
161;376
161;377
161;378
161;379
161;380
161;381
161;382
161;383
161;384
161;385
161;386
161;387
161;388
161;389
161;390
161;391
161;392
161;393
161;394
161;395
161;396
161;397
161;398
161;399
161;400
161;401
161;402
161;403
161;404
161;405
161;406
161;407
161;408
161;409
161;410
161;411
161;412
161;413
161;414
161;415
161;416
161;417
161;418
161;419
161;420
161;421
161;422
161;423
161;424
161;425
161;426
161;427
161;428
161;429
161;430
161;431
161;432
161;433
161;434
161;435
161;436
161;437
161;438
161;439
161;440
161;441
161;442
161;443
161;444
161;445
161;446
161;447
161;448
162;143
162;144
162;145
162;146
162;147
162;148
162;149
162;150
162;151
162;152
162;153
162;154
162;155
162;156
162;157
162;158
162;159
162;160
162;161
162;162
162;163
162;164
162;165
162;166
162;167
162;168
162;169
162;170
162;171
162;172
162;173
162;174
162;175
162;176
162;177
162;178
162;179
162;180
162;181
162;182
162;183
162;184
162;185
162;186
162;187
162;188
162;364
162;365
162;366
162;367
162;368
162;369
162;370
162;371
162;372
162;373
162;374
162;375
162;376
162;377
162;378
162;379
162;380
162;381
162;382
162;383
162;384
162;385
162;386
162;387
162;388
162;389
162;390
162;391
162;392
162;393
162;394
162;395
162;396
162;397
162;398
162;399
162;400
162;401
162;402
162;403
162;404
162;405
162;406
162;407
162;408
162;409
162;410
162;411
162;412
162;413
162;414
162;415
162;416
162;417
162;418
162;419
162;420
162;421
162;422
162;423
162;424
162;425
162;426
162;427
162;428
162;429
162;430
162;431
162;432
162;433
162;434
162;435
162;436
162;437
162;438
162;439
162;440
162;441
162;442
162;443
162;444
162;445
162;446
162;447
162;448
162;449
163;142
163;143
163;144
163;145
163;146
163;147
163;148
163;149
163;150
163;151
163;152
163;153
163;154
163;155
163;156
163;157
163;158
163;159
163;160
163;161
163;162
163;163
163;164
163;165
163;166
163;167
163;168
163;169
163;170
163;171
163;172
163;173
163;174
163;175
163;176
163;177
163;178
163;179
163;180
163;181
163;182
163;183
163;184
163;185
163;186
163;187
163;188
163;363
163;364
163;365
163;366
163;367
163;368
163;369
163;370
163;371
163;372
163;373
163;374
163;375
163;376
163;377
163;378
163;379
163;380
163;381
163;382
163;383
163;384
163;385
163;386
163;387
163;388
163;389
163;390
163;391
163;392
163;393
163;394
163;395
163;396
163;397
163;398
163;399
163;400
163;401
163;402
163;403
163;404
163;405
163;406
163;407
163;408
163;409
163;410
163;411
163;412
163;413
163;414
163;415
163;416
163;417
163;418
163;419
163;420
163;421
163;422
163;423
163;424
163;425
163;426
163;427
163;428
163;429
163;430
163;431
163;432
163;433
163;434
163;435
163;436
163;437
163;438
163;439
163;440
163;441
163;442
163;443
163;444
163;445
163;446
163;447
163;448
163;449
164;141
164;142
164;143
164;144
164;145
164;146
164;147
164;148
164;149
164;150
164;151
164;152
164;153
164;154
164;155
164;156
164;157
164;158
164;159
164;160
164;161
164;162
164;163
164;164
164;165
164;166
164;167
164;168
164;169
164;170
164;171
164;172
164;173
164;174
164;175
164;176
164;177
164;178
164;179
164;180
164;181
164;182
164;183
164;184
164;185
164;186
164;187
164;188
164;189
164;363
164;364
164;365
164;366
164;367
164;368
164;369
164;370
164;371
164;372
164;373
164;374
164;375
164;376
164;377
164;378
164;379
164;380
164;381
164;382
164;383
164;384
164;385
164;386
164;387
164;388
164;389
164;390
164;391
164;392
164;393
164;394
164;395
164;396
164;397
164;398
164;399
164;400
164;401
164;402
164;403
164;404
164;405
164;406
164;407
164;408
164;409
164;410
164;411
164;412
164;413
164;414
164;415
164;416
164;417
164;418
164;419
164;420
164;421
164;422
164;423
164;424
164;425
164;426
164;427
164;428
164;429
164;430
164;431
164;432
164;433
164;434
164;435
164;436
164;437
164;438
164;439
164;440
164;441
164;442
164;443
164;444
164;445
164;446
164;447
164;448
164;449
165;140
165;141
165;142
165;143
165;144
165;145
165;146
165;147
165;148
165;149
165;150
165;151
165;152
165;153
165;154
165;155
165;156
165;157
165;158
165;159
165;160
165;161
165;162
165;163
165;164
165;165
165;166
165;167
165;168
165;169
165;170
165;171
165;172
165;173
165;174
165;175
165;176
165;177
165;178
165;179
165;180
165;181
165;182
165;183
165;184
165;185
165;186
165;187
165;188
165;189
165;362
165;363
165;364
165;365
165;366
165;367
165;368
165;369
165;370
165;371
165;372
165;373
165;374
165;375
165;376
165;377
165;378
165;379
165;380
165;381
165;382
165;383
165;384
165;385
165;386
165;387
165;388
165;389
165;390
165;391
165;392
165;393
165;394
165;395
165;396
165;397
165;398
165;399
165;400
165;401
165;402
165;403
165;404
165;405
165;406
165;407
165;408
165;409
165;410
165;411
165;412
165;413
165;414
165;415
165;416
165;417
165;418
165;419
165;420
165;421
165;422
165;423
165;424
165;425
165;426
165;427
165;428
165;429
165;430
165;431
165;432
165;433
165;434
165;435
165;436
165;437
165;438
165;439
165;440
165;441
165;442
165;443
165;444
165;445
165;446
165;447
165;448
165;449
166;138
166;139
166;140
166;141
166;142
166;143
166;144
166;145
166;146
166;147
166;148
166;149
166;150
166;151
166;152
166;153
166;154
166;155
166;156
166;157
166;158
166;159
166;160
166;161
166;162
166;163
166;164
166;165
166;166
166;167
166;168
166;169
166;170
166;171
166;172
166;173
166;174
166;175
166;176
166;177
166;178
166;179
166;180
166;181
166;182
166;183
166;184
166;185
166;186
166;187
166;188
166;189
166;362
166;363
166;364
166;365
166;366
166;367
166;368
166;369
166;370
166;371
166;372
166;373
166;374
166;375
166;376
166;377
166;378
166;379
166;380
166;381
166;382
166;383
166;384
166;385
166;386
166;387
166;388
166;389
166;390
166;391
166;392
166;393
166;394
166;395
166;396
166;397
166;398
166;399
166;400
166;401
166;402
166;403
166;404
166;405
166;406
166;407
166;408
166;409
166;410
166;411
166;412
166;413
166;414
166;415
166;416
166;417
166;418
166;419
166;420
166;421
166;422
166;423
166;424
166;425
166;426
166;427
166;428
166;429
166;430
166;431
166;432
166;433
166;434
166;435
166;436
166;437
166;438
166;439
166;440
166;441
166;442
166;443
166;444
166;445
166;446
166;447
166;448
166;449
167;137
167;138
167;139
167;140
167;141
167;142
167;143
167;144
167;145
167;146
167;147
167;148
167;149
167;150
167;151
167;152
167;153
167;154
167;155
167;156
167;157
167;158
167;159
167;160
167;161
167;162
167;163
167;164
167;165
167;166
167;167
167;168
167;169
167;170
167;171
167;172
167;173
167;174
167;175
167;176
167;177
167;178
167;179
167;180
167;181
167;182
167;183
167;184
167;185
167;186
167;187
167;188
167;189
167;361
167;362
167;363
167;364
167;365
167;366
167;367
167;368
167;369
167;370
167;371
167;372
167;373
167;374
167;375
167;376
167;377
167;378
167;379
167;380
167;381
167;382
167;383
167;384
167;385
167;386
167;387
167;388
167;389
167;390
167;391
167;392
167;393
167;394
167;395
167;396
167;397
167;398
167;399
167;400
167;401
167;402
167;403
167;404
167;405
167;406
167;407
167;408
167;409
167;410
167;411
167;412
167;413
167;414
167;415
167;416
167;417
167;418
167;419
167;420
167;421
167;422
167;423
167;424
167;425
167;426
167;427
167;428
167;429
167;430
167;431
167;432
167;433
167;434
167;435
167;436
167;437
167;438
167;439
167;440
167;441
167;442
167;443
167;444
167;445
167;446
167;447
167;448
167;449
167;450
168;136
168;137
168;138
168;139
168;140
168;141
168;142
168;143
168;144
168;145
168;146
168;147
168;148
168;149
168;150
168;151
168;152
168;153
168;154
168;155
168;156
168;157
168;158
168;159
168;160
168;161
168;162
168;163
168;164
168;165
168;166
168;167
168;168
168;169
168;170
168;171
168;172
168;173
168;174
168;175
168;176
168;177
168;178
168;179
168;180
168;181
168;182
168;183
168;184
168;185
168;186
168;187
168;188
168;189
168;361
168;362
168;363
168;364
168;365
168;366
168;367
168;368
168;369
168;370
168;371
168;372
168;373
168;374
168;375
168;376
168;377
168;378
168;379
168;380
168;381
168;382
168;383
168;384
168;385
168;386
168;387
168;388
168;389
168;390
168;391
168;392
168;393
168;394
168;395
168;396
168;397
168;398
168;399
168;400
168;401
168;402
168;403
168;404
168;405
168;406
168;407
168;408
168;409
168;410
168;411
168;412
168;413
168;414
168;415
168;416
168;417
168;418
168;419
168;420
168;421
168;422
168;423
168;424
168;425
168;426
168;427
168;428
168;429
168;430
168;431
168;432
168;433
168;434
168;435
168;436
168;437
168;438
168;439
168;440
168;441
168;442
168;443
168;444
168;445
168;446
168;447
168;448
168;449
168;450
169;134
169;135
169;136
169;137
169;138
169;139
169;140
169;141
169;142
169;143
169;144
169;145
169;146
169;147
169;148
169;149
169;150
169;151
169;152
169;153
169;154
169;155
169;156
169;157
169;158
169;159
169;160
169;161
169;162
169;163
169;164
169;165
169;166
169;167
169;168
169;169
169;170
169;171
169;172
169;173
169;174
169;175
169;176
169;177
169;178
169;179
169;180
169;181
169;182
169;183
169;184
169;185
169;186
169;187
169;188
169;189
169;361
169;362
169;363
169;364
169;365
169;366
169;367
169;368
169;369
169;370
169;371
169;372
169;373
169;374
169;375
169;376
169;377
169;378
169;379
169;380
169;381
169;382
169;383
169;384
169;385
169;386
169;387
169;388
169;389
169;390
169;391
169;392
169;393
169;394
169;395
169;396
169;397
169;398
169;399
169;400
169;401
169;402
169;403
169;404
169;405
169;406
169;407
169;408
169;409
169;410
169;411
169;412
169;413
169;414
169;415
169;416
169;417
169;418
169;419
169;420
169;421
169;422
169;423
169;424
169;425
169;426
169;427
169;428
169;429
169;430
169;431
169;432
169;433
169;434
169;435
169;436
169;437
169;438
169;439
169;440
169;441
169;442
169;443
169;444
169;445
169;446
169;447
169;448
169;449
169;450
170;133
170;134
170;135
170;136
170;137
170;138
170;139
170;140
170;141
170;142
170;143
170;144
170;145
170;146
170;147
170;148
170;149
170;150
170;151
170;152
170;153
170;154
170;155
170;156
170;157
170;158
170;159
170;160
170;161
170;162
170;163
170;164
170;165
170;166
170;167
170;168
170;169
170;170
170;171
170;172
170;173
170;174
170;175
170;176
170;177
170;178
170;179
170;180
170;181
170;182
170;183
170;184
170;185
170;186
170;187
170;188
170;189
170;360
170;361
170;362
170;363
170;364
170;365
170;366
170;367
170;368
170;369
170;370
170;371
170;372
170;373
170;374
170;375
170;376
170;377
170;378
170;379
170;380
170;381
170;382
170;383
170;384
170;385
170;386
170;387
170;388
170;389
170;390
170;391
170;392
170;393
170;394
170;395
170;396
170;397
170;398
170;399
170;400
170;401
170;402
170;403
170;404
170;405
170;406
170;407
170;408
170;409
170;410
170;411
170;412
170;413
170;414
170;415
170;416
170;417
170;418
170;419
170;420
170;421
170;422
170;423
170;424
170;425
170;426
170;427
170;428
170;429
170;430
170;431
170;432
170;433
170;434
170;435
170;436
170;437
170;438
170;439
170;440
170;441
170;442
170;443
170;444
170;445
170;446
170;447
170;448
170;449
170;450
171;132
171;133
171;134
171;135
171;136
171;137
171;138
171;139
171;140
171;141
171;142
171;143
171;144
171;145
171;146
171;147
171;148
171;149
171;150
171;151
171;152
171;153
171;154
171;155
171;156
171;157
171;158
171;159
171;160
171;161
171;162
171;163
171;164
171;165
171;166
171;167
171;168
171;169
171;170
171;171
171;172
171;173
171;174
171;175
171;176
171;177
171;178
171;179
171;180
171;181
171;182
171;183
171;184
171;185
171;186
171;187
171;188
171;189
171;360
171;361
171;362
171;363
171;364
171;365
171;366
171;367
171;368
171;369
171;370
171;371
171;372
171;373
171;374
171;375
171;376
171;377
171;378
171;379
171;380
171;381
171;382
171;383
171;384
171;385
171;386
171;387
171;388
171;389
171;390
171;391
171;392
171;393
171;394
171;395
171;396
171;397
171;398
171;399
171;400
171;401
171;402
171;403
171;404
171;405
171;406
171;407
171;408
171;409
171;410
171;411
171;412
171;413
171;414
171;415
171;416
171;417
171;418
171;419
171;420
171;421
171;422
171;423
171;424
171;425
171;426
171;427
171;428
171;429
171;430
171;431
171;432
171;433
171;434
171;435
171;436
171;437
171;438
171;439
171;440
171;441
171;442
171;443
171;444
171;445
171;446
171;447
171;448
171;449
171;450
172;130
172;131
172;132
172;133
172;134
172;135
172;136
172;137
172;138
172;139
172;140
172;141
172;142
172;143
172;144
172;145
172;146
172;147
172;148
172;149
172;150
172;151
172;152
172;153
172;154
172;155
172;156
172;157
172;158
172;159
172;160
172;161
172;162
172;163
172;164
172;165
172;166
172;167
172;168
172;169
172;170
172;171
172;172
172;173
172;174
172;175
172;176
172;177
172;178
172;179
172;180
172;181
172;182
172;183
172;184
172;185
172;186
172;187
172;188
172;189
172;190
172;360
172;361
172;362
172;363
172;364
172;365
172;366
172;367
172;368
172;369
172;370
172;371
172;372
172;373
172;374
172;375
172;376
172;377
172;378
172;379
172;380
172;381
172;382
172;383
172;384
172;385
172;386
172;387
172;388
172;389
172;390
172;391
172;392
172;393
172;394
172;395
172;396
172;397
172;398
172;399
172;400
172;401
172;402
172;403
172;404
172;405
172;406
172;407
172;408
172;409
172;410
172;411
172;412
172;413
172;414
172;415
172;416
172;417
172;418
172;419
172;420
172;421
172;422
172;423
172;424
172;425
172;426
172;427
172;428
172;429
172;430
172;431
172;432
172;433
172;434
172;435
172;436
172;437
172;438
172;439
172;440
172;441
172;442
172;443
172;444
172;445
172;446
172;447
172;448
172;449
172;450
173;129
173;130
173;131
173;132
173;133
173;134
173;135
173;136
173;137
173;138
173;139
173;140
173;141
173;142
173;143
173;144
173;145
173;146
173;147
173;148
173;149
173;150
173;151
173;152
173;153
173;154
173;155
173;156
173;157
173;158
173;159
173;160
173;161
173;162
173;163
173;164
173;165
173;166
173;167
173;168
173;169
173;170
173;171
173;172
173;173
173;174
173;175
173;176
173;177
173;178
173;179
173;180
173;181
173;182
173;183
173;184
173;185
173;186
173;187
173;188
173;189
173;190
173;360
173;361
173;362
173;363
173;364
173;365
173;366
173;367
173;368
173;369
173;370
173;371
173;372
173;373
173;374
173;375
173;376
173;377
173;378
173;379
173;380
173;381
173;382
173;383
173;384
173;385
173;386
173;387
173;388
173;389
173;390
173;391
173;392
173;393
173;394
173;395
173;396
173;397
173;398
173;399
173;400
173;401
173;402
173;403
173;404
173;405
173;406
173;407
173;408
173;409
173;410
173;411
173;412
173;413
173;414
173;415
173;416
173;417
173;418
173;419
173;420
173;421
173;422
173;423
173;424
173;425
173;426
173;427
173;428
173;429
173;430
173;431
173;432
173;433
173;434
173;435
173;436
173;437
173;438
173;439
173;440
173;441
173;442
173;443
173;444
173;445
173;446
173;447
173;448
173;449
173;450
174;128
174;129
174;130
174;131
174;132
174;133
174;134
174;135
174;136
174;137
174;138
174;139
174;140
174;141
174;142
174;143
174;144
174;145
174;146
174;147
174;148
174;149
174;150
174;151
174;152
174;153
174;154
174;155
174;156
174;157
174;158
174;159
174;160
174;161
174;162
174;163
174;164
174;165
174;166
174;167
174;168
174;169
174;170
174;171
174;172
174;173
174;174
174;175
174;176
174;177
174;178
174;179
174;180
174;181
174;182
174;183
174;184
174;185
174;186
174;187
174;188
174;189
174;190
174;360
174;361
174;362
174;363
174;364
174;365
174;366
174;367
174;368
174;369
174;370
174;371
174;372
174;373
174;374
174;375
174;376
174;377
174;378
174;379
174;380
174;381
174;382
174;383
174;384
174;385
174;386
174;387
174;388
174;389
174;390
174;391
174;392
174;393
174;394
174;395
174;396
174;397
174;398
174;399
174;400
174;401
174;402
174;403
174;404
174;405
174;406
174;407
174;408
174;409
174;410
174;411
174;412
174;413
174;414
174;415
174;416
174;417
174;418
174;419
174;420
174;421
174;422
174;423
174;424
174;425
174;426
174;427
174;428
174;429
174;430
174;431
174;432
174;433
174;434
174;435
174;436
174;437
174;438
174;439
174;440
174;441
174;442
174;443
174;444
174;445
174;446
174;447
174;448
174;449
174;450
175;126
175;127
175;128
175;129
175;130
175;131
175;132
175;133
175;134
175;135
175;136
175;137
175;138
175;139
175;140
175;141
175;142
175;143
175;144
175;145
175;146
175;147
175;148
175;149
175;150
175;151
175;152
175;153
175;154
175;155
175;156
175;157
175;158
175;159
175;160
175;161
175;162
175;163
175;164
175;165
175;166
175;167
175;168
175;169
175;170
175;171
175;172
175;173
175;174
175;175
175;176
175;177
175;178
175;179
175;180
175;181
175;182
175;183
175;184
175;185
175;186
175;187
175;188
175;189
175;190
175;360
175;361
175;362
175;363
175;364
175;365
175;366
175;367
175;368
175;369
175;370
175;371
175;372
175;373
175;374
175;375
175;376
175;377
175;378
175;379
175;380
175;381
175;382
175;383
175;384
175;385
175;386
175;387
175;388
175;389
175;390
175;391
175;392
175;393
175;394
175;395
175;396
175;397
175;398
175;399
175;400
175;401
175;402
175;403
175;404
175;405
175;406
175;407
175;408
175;409
175;410
175;411
175;412
175;413
175;414
175;415
175;416
175;417
175;418
175;419
175;420
175;421
175;422
175;423
175;424
175;425
175;426
175;427
175;428
175;429
175;430
175;431
175;432
175;433
175;434
175;435
175;436
175;437
175;438
175;439
175;440
175;441
175;442
175;443
175;444
175;445
175;446
175;447
175;448
175;449
175;450
176;125
176;126
176;127
176;128
176;129
176;130
176;131
176;132
176;133
176;134
176;135
176;136
176;137
176;138
176;139
176;140
176;141
176;142
176;143
176;144
176;145
176;146
176;147
176;148
176;149
176;150
176;151
176;152
176;153
176;154
176;155
176;156
176;157
176;158
176;159
176;160
176;161
176;162
176;163
176;164
176;165
176;166
176;167
176;168
176;169
176;170
176;171
176;172
176;173
176;174
176;175
176;176
176;177
176;178
176;179
176;180
176;181
176;182
176;183
176;184
176;185
176;186
176;187
176;188
176;189
176;190
176;360
176;361
176;362
176;363
176;364
176;365
176;366
176;367
176;368
176;369
176;370
176;371
176;372
176;373
176;374
176;375
176;376
176;377
176;378
176;379
176;380
176;381
176;382
176;383
176;384
176;385
176;386
176;387
176;388
176;389
176;390
176;391
176;392
176;393
176;394
176;395
176;396
176;397
176;398
176;399
176;400
176;401
176;402
176;403
176;404
176;405
176;406
176;407
176;408
176;409
176;410
176;411
176;412
176;413
176;414
176;415
176;416
176;417
176;418
176;419
176;420
176;421
176;422
176;423
176;424
176;425
176;426
176;427
176;428
176;429
176;430
176;431
176;432
176;433
176;434
176;435
176;436
176;437
176;438
176;439
176;440
176;441
176;442
176;443
176;444
176;445
176;446
176;447
176;448
176;449
176;450
177;124
177;125
177;126
177;127
177;128
177;129
177;130
177;131
177;132
177;133
177;134
177;135
177;136
177;137
177;138
177;139
177;140
177;141
177;142
177;143
177;144
177;145
177;146
177;147
177;148
177;149
177;150
177;151
177;152
177;153
177;154
177;155
177;156
177;157
177;158
177;159
177;160
177;161
177;162
177;163
177;164
177;165
177;166
177;167
177;168
177;169
177;170
177;171
177;172
177;173
177;174
177;175
177;176
177;177
177;178
177;179
177;180
177;181
177;182
177;183
177;184
177;185
177;186
177;187
177;188
177;189
177;190
177;361
177;362
177;363
177;364
177;365
177;366
177;367
177;368
177;369
177;370
177;371
177;372
177;373
177;374
177;375
177;376
177;377
177;378
177;379
177;380
177;381
177;382
177;383
177;384
177;385
177;386
177;387
177;388
177;389
177;390
177;391
177;392
177;393
177;394
177;395
177;396
177;397
177;398
177;399
177;400
177;401
177;402
177;403
177;404
177;405
177;406
177;407
177;408
177;409
177;410
177;411
177;412
177;413
177;414
177;415
177;416
177;417
177;418
177;419
177;420
177;421
177;422
177;423
177;424
177;425
177;426
177;427
177;428
177;429
177;430
177;431
177;432
177;433
177;434
177;435
177;436
177;437
177;438
177;439
177;440
177;441
177;442
177;443
177;444
177;445
177;446
177;447
177;448
177;449
177;450
178;122
178;123
178;124
178;125
178;126
178;127
178;128
178;129
178;130
178;131
178;132
178;133
178;134
178;135
178;136
178;137
178;138
178;139
178;140
178;141
178;142
178;143
178;144
178;145
178;146
178;147
178;148
178;149
178;150
178;151
178;152
178;153
178;154
178;155
178;156
178;157
178;158
178;159
178;160
178;161
178;162
178;163
178;164
178;165
178;166
178;167
178;168
178;169
178;170
178;171
178;172
178;173
178;174
178;175
178;176
178;177
178;178
178;179
178;180
178;181
178;182
178;183
178;184
178;185
178;186
178;187
178;188
178;189
178;190
178;361
178;362
178;363
178;364
178;365
178;366
178;367
178;368
178;369
178;370
178;371
178;372
178;373
178;374
178;375
178;376
178;377
178;378
178;379
178;380
178;381
178;382
178;383
178;384
178;385
178;386
178;387
178;388
178;389
178;390
178;391
178;392
178;393
178;394
178;395
178;396
178;397
178;398
178;399
178;400
178;401
178;402
178;403
178;404
178;405
178;406
178;407
178;408
178;409
178;410
178;411
178;412
178;413
178;414
178;415
178;416
178;417
178;418
178;419
178;420
178;421
178;422
178;423
178;424
178;425
178;426
178;427
178;428
178;429
178;430
178;431
178;432
178;433
178;434
178;435
178;436
178;437
178;438
178;439
178;440
178;441
178;442
178;443
178;444
178;445
178;446
178;447
178;448
178;449
178;450
179;121
179;122
179;123
179;124
179;125
179;126
179;127
179;128
179;129
179;130
179;131
179;132
179;133
179;134
179;135
179;136
179;137
179;138
179;139
179;140
179;141
179;142
179;143
179;144
179;145
179;146
179;147
179;148
179;149
179;150
179;151
179;152
179;153
179;154
179;155
179;156
179;157
179;158
179;159
179;160
179;161
179;162
179;163
179;164
179;165
179;166
179;167
179;168
179;169
179;170
179;171
179;172
179;173
179;174
179;175
179;176
179;177
179;178
179;179
179;180
179;181
179;182
179;183
179;184
179;185
179;186
179;187
179;188
179;189
179;190
179;361
179;362
179;363
179;364
179;365
179;366
179;367
179;368
179;369
179;370
179;371
179;372
179;373
179;374
179;375
179;376
179;377
179;378
179;379
179;380
179;381
179;382
179;383
179;384
179;385
179;386
179;387
179;388
179;389
179;390
179;391
179;392
179;393
179;394
179;395
179;396
179;397
179;398
179;399
179;400
179;401
179;402
179;403
179;404
179;405
179;406
179;407
179;408
179;409
179;410
179;411
179;412
179;413
179;414
179;415
179;416
179;417
179;418
179;419
179;420
179;421
179;422
179;423
179;424
179;425
179;426
179;427
179;428
179;429
179;430
179;431
179;432
179;433
179;434
179;435
179;436
179;437
179;438
179;439
179;440
179;441
179;442
179;443
179;444
179;445
179;446
179;447
179;448
179;449
180;120
180;121
180;122
180;123
180;124
180;125
180;126
180;127
180;128
180;129
180;130
180;131
180;132
180;133
180;134
180;135
180;136
180;137
180;138
180;139
180;140
180;141
180;142
180;143
180;144
180;145
180;146
180;147
180;148
180;149
180;150
180;151
180;152
180;153
180;154
180;155
180;156
180;157
180;158
180;159
180;160
180;161
180;162
180;163
180;164
180;165
180;166
180;167
180;168
180;169
180;170
180;171
180;172
180;173
180;174
180;175
180;176
180;177
180;178
180;179
180;180
180;181
180;182
180;183
180;184
180;185
180;186
180;187
180;188
180;189
180;190
180;191
180;362
180;363
180;364
180;365
180;366
180;367
180;368
180;369
180;370
180;371
180;372
180;373
180;374
180;375
180;376
180;377
180;378
180;379
180;380
180;381
180;382
180;383
180;384
180;385
180;386
180;387
180;388
180;389
180;390
180;391
180;392
180;393
180;394
180;395
180;396
180;397
180;398
180;399
180;400
180;401
180;402
180;403
180;404
180;405
180;406
180;407
180;408
180;409
180;410
180;411
180;412
180;413
180;414
180;415
180;416
180;417
180;418
180;419
180;420
180;421
180;422
180;423
180;424
180;425
180;426
180;427
180;428
180;429
180;430
180;431
180;432
180;433
180;434
180;435
180;436
180;437
180;438
180;439
180;440
180;441
180;442
180;443
180;444
180;445
180;446
180;447
180;448
180;449
181;119
181;120
181;121
181;122
181;123
181;124
181;125
181;126
181;127
181;128
181;129
181;130
181;131
181;132
181;133
181;134
181;135
181;136
181;137
181;138
181;139
181;140
181;141
181;142
181;143
181;144
181;145
181;146
181;147
181;148
181;149
181;150
181;151
181;152
181;153
181;154
181;155
181;156
181;157
181;158
181;159
181;160
181;161
181;162
181;163
181;164
181;165
181;166
181;167
181;168
181;169
181;170
181;171
181;172
181;173
181;174
181;175
181;176
181;177
181;178
181;179
181;180
181;181
181;182
181;183
181;184
181;185
181;186
181;187
181;188
181;189
181;190
181;191
181;362
181;363
181;364
181;365
181;366
181;367
181;368
181;369
181;370
181;371
181;372
181;373
181;374
181;375
181;376
181;377
181;378
181;379
181;380
181;381
181;382
181;383
181;384
181;385
181;386
181;387
181;388
181;389
181;390
181;391
181;392
181;393
181;394
181;395
181;396
181;397
181;398
181;399
181;400
181;401
181;402
181;403
181;404
181;405
181;406
181;407
181;408
181;409
181;410
181;411
181;412
181;413
181;414
181;415
181;416
181;417
181;418
181;419
181;420
181;421
181;422
181;423
181;424
181;425
181;426
181;427
181;428
181;429
181;430
181;431
181;432
181;433
181;434
181;435
181;436
181;437
181;438
181;439
181;440
181;441
181;442
181;443
181;444
181;445
181;446
181;447
181;448
181;449
182;117
182;118
182;119
182;120
182;121
182;122
182;123
182;124
182;125
182;126
182;127
182;128
182;129
182;130
182;131
182;132
182;133
182;134
182;135
182;136
182;137
182;138
182;139
182;140
182;141
182;142
182;143
182;144
182;145
182;146
182;147
182;148
182;149
182;150
182;151
182;152
182;153
182;154
182;155
182;156
182;157
182;158
182;159
182;160
182;161
182;162
182;163
182;164
182;165
182;166
182;167
182;168
182;169
182;170
182;171
182;172
182;173
182;174
182;175
182;176
182;177
182;178
182;179
182;180
182;181
182;182
182;183
182;184
182;185
182;186
182;187
182;188
182;189
182;190
182;191
182;363
182;364
182;365
182;366
182;367
182;368
182;369
182;370
182;371
182;372
182;373
182;374
182;375
182;376
182;377
182;378
182;379
182;380
182;381
182;382
182;383
182;384
182;385
182;386
182;387
182;388
182;389
182;390
182;391
182;392
182;393
182;394
182;395
182;396
182;397
182;398
182;399
182;400
182;401
182;402
182;403
182;404
182;405
182;406
182;407
182;408
182;409
182;410
182;411
182;412
182;413
182;414
182;415
182;416
182;417
182;418
182;419
182;420
182;421
182;422
182;423
182;424
182;425
182;426
182;427
182;428
182;429
182;430
182;431
182;432
182;433
182;434
182;435
182;436
182;437
182;438
182;439
182;440
182;441
182;442
182;443
182;444
182;445
182;446
182;447
182;448
182;449
183;116
183;117
183;118
183;119
183;120
183;121
183;122
183;123
183;124
183;125
183;126
183;127
183;128
183;129
183;130
183;131
183;132
183;133
183;134
183;135
183;136
183;137
183;138
183;139
183;140
183;141
183;142
183;143
183;144
183;145
183;146
183;147
183;148
183;149
183;150
183;151
183;152
183;153
183;154
183;155
183;156
183;157
183;158
183;159
183;160
183;161
183;162
183;163
183;164
183;165
183;166
183;167
183;168
183;169
183;170
183;171
183;172
183;173
183;174
183;175
183;176
183;177
183;178
183;179
183;180
183;181
183;182
183;183
183;184
183;185
183;186
183;187
183;188
183;189
183;190
183;191
183;364
183;365
183;366
183;367
183;368
183;369
183;370
183;371
183;372
183;373
183;374
183;375
183;376
183;377
183;378
183;379
183;380
183;381
183;382
183;383
183;384
183;385
183;386
183;387
183;388
183;389
183;390
183;391
183;392
183;393
183;394
183;395
183;396
183;397
183;398
183;399
183;400
183;401
183;402
183;403
183;404
183;405
183;406
183;407
183;408
183;409
183;410
183;411
183;412
183;413
183;414
183;415
183;416
183;417
183;418
183;419
183;420
183;421
183;422
183;423
183;424
183;425
183;426
183;427
183;428
183;429
183;430
183;431
183;432
183;433
183;434
183;435
183;436
183;437
183;438
183;439
183;440
183;441
183;442
183;443
183;444
183;445
183;446
183;447
183;448
183;449
184;115
184;116
184;117
184;118
184;119
184;120
184;121
184;122
184;123
184;124
184;125
184;126
184;127
184;128
184;129
184;130
184;131
184;132
184;133
184;134
184;135
184;136
184;137
184;138
184;139
184;140
184;141
184;142
184;143
184;144
184;145
184;146
184;147
184;148
184;149
184;150
184;151
184;152
184;153
184;154
184;155
184;156
184;157
184;158
184;159
184;160
184;161
184;162
184;163
184;164
184;165
184;166
184;167
184;168
184;169
184;170
184;171
184;172
184;173
184;174
184;175
184;176
184;177
184;178
184;179
184;180
184;181
184;182
184;183
184;184
184;185
184;186
184;187
184;188
184;189
184;190
184;191
184;365
184;366
184;367
184;368
184;369
184;370
184;371
184;372
184;373
184;374
184;375
184;376
184;377
184;378
184;379
184;380
184;381
184;382
184;383
184;384
184;385
184;386
184;387
184;388
184;389
184;390
184;391
184;392
184;393
184;394
184;395
184;396
184;397
184;398
184;399
184;400
184;401
184;402
184;403
184;404
184;405
184;406
184;407
184;408
184;409
184;410
184;411
184;412
184;413
184;414
184;415
184;416
184;417
184;418
184;419
184;420
184;421
184;422
184;423
184;424
184;425
184;426
184;427
184;428
184;429
184;430
184;431
184;432
184;433
184;434
184;435
184;436
184;437
184;438
184;439
184;440
184;441
184;442
184;443
184;444
184;445
184;446
184;447
184;448
185;113
185;114
185;115
185;116
185;117
185;118
185;119
185;120
185;121
185;122
185;123
185;124
185;125
185;126
185;127
185;128
185;129
185;130
185;131
185;132
185;133
185;134
185;135
185;136
185;137
185;138
185;139
185;140
185;141
185;142
185;143
185;144
185;145
185;146
185;147
185;148
185;149
185;150
185;151
185;152
185;153
185;154
185;155
185;156
185;157
185;158
185;159
185;160
185;161
185;162
185;163
185;164
185;165
185;166
185;167
185;168
185;169
185;170
185;171
185;172
185;173
185;174
185;175
185;176
185;177
185;178
185;179
185;180
185;181
185;182
185;183
185;184
185;185
185;186
185;187
185;188
185;189
185;190
185;191
185;366
185;367
185;368
185;369
185;370
185;371
185;372
185;373
185;374
185;375
185;376
185;377
185;378
185;379
185;380
185;381
185;382
185;383
185;384
185;385
185;386
185;387
185;388
185;389
185;390
185;391
185;392
185;393
185;394
185;395
185;396
185;397
185;398
185;399
185;400
185;401
185;402
185;403
185;404
185;405
185;406
185;407
185;408
185;409
185;410
185;411
185;412
185;413
185;414
185;415
185;416
185;417
185;418
185;419
185;420
185;421
185;422
185;423
185;424
185;425
185;426
185;427
185;428
185;429
185;430
185;431
185;432
185;433
185;434
185;435
185;436
185;437
185;438
185;439
185;440
185;441
185;442
185;443
185;444
185;445
185;446
185;447
185;448
186;112
186;113
186;114
186;115
186;116
186;117
186;118
186;119
186;120
186;121
186;122
186;123
186;124
186;125
186;126
186;127
186;128
186;129
186;130
186;131
186;132
186;133
186;134
186;135
186;136
186;137
186;138
186;139
186;140
186;141
186;142
186;143
186;144
186;145
186;146
186;147
186;148
186;149
186;150
186;151
186;152
186;153
186;154
186;155
186;156
186;157
186;158
186;159
186;160
186;161
186;162
186;163
186;164
186;165
186;166
186;167
186;168
186;169
186;170
186;171
186;172
186;173
186;174
186;175
186;176
186;177
186;178
186;179
186;180
186;181
186;182
186;183
186;184
186;185
186;186
186;187
186;188
186;189
186;190
186;191
186;367
186;368
186;369
186;370
186;371
186;372
186;373
186;374
186;375
186;376
186;377
186;378
186;379
186;380
186;381
186;382
186;383
186;384
186;385
186;386
186;387
186;388
186;389
186;390
186;391
186;392
186;393
186;394
186;395
186;396
186;397
186;398
186;399
186;400
186;401
186;402
186;403
186;404
186;405
186;406
186;407
186;408
186;409
186;410
186;411
186;412
186;413
186;414
186;415
186;416
186;417
186;418
186;419
186;420
186;421
186;422
186;423
186;424
186;425
186;426
186;427
186;428
186;429
186;430
186;431
186;432
186;433
186;434
186;435
186;436
186;437
186;438
186;439
186;440
186;441
186;442
186;443
186;444
186;445
186;446
186;447
186;448
187;111
187;112
187;113
187;114
187;115
187;116
187;117
187;118
187;119
187;120
187;121
187;122
187;123
187;124
187;125
187;126
187;127
187;128
187;129
187;130
187;131
187;132
187;133
187;134
187;135
187;136
187;137
187;138
187;139
187;140
187;141
187;142
187;143
187;144
187;145
187;146
187;147
187;148
187;149
187;150
187;151
187;152
187;153
187;154
187;155
187;156
187;157
187;158
187;159
187;160
187;161
187;162
187;163
187;164
187;165
187;166
187;167
187;168
187;169
187;170
187;171
187;172
187;173
187;174
187;175
187;176
187;177
187;178
187;179
187;180
187;181
187;182
187;183
187;184
187;185
187;186
187;187
187;188
187;189
187;190
187;191
187;192
187;367
187;368
187;369
187;370
187;371
187;372
187;373
187;374
187;375
187;376
187;377
187;378
187;379
187;380
187;381
187;382
187;383
187;384
187;385
187;386
187;387
187;388
187;389
187;390
187;391
187;392
187;393
187;394
187;395
187;396
187;397
187;398
187;399
187;400
187;401
187;402
187;403
187;404
187;405
187;406
187;407
187;408
187;409
187;410
187;411
187;412
187;413
187;414
187;415
187;416
187;417
187;418
187;419
187;420
187;421
187;422
187;423
187;424
187;425
187;426
187;427
187;428
187;429
187;430
187;431
187;432
187;433
187;434
187;435
187;436
187;437
187;438
187;439
187;440
187;441
187;442
187;443
187;444
187;445
187;446
187;447
188;109
188;110
188;111
188;112
188;113
188;114
188;115
188;116
188;117
188;118
188;119
188;120
188;121
188;122
188;123
188;124
188;125
188;126
188;127
188;128
188;129
188;130
188;131
188;132
188;133
188;134
188;135
188;136
188;137
188;138
188;139
188;140
188;141
188;142
188;143
188;144
188;145
188;146
188;147
188;148
188;149
188;150
188;151
188;152
188;153
188;154
188;155
188;156
188;157
188;158
188;159
188;160
188;161
188;162
188;163
188;164
188;165
188;166
188;167
188;168
188;169
188;170
188;171
188;172
188;173
188;174
188;175
188;176
188;177
188;178
188;179
188;180
188;181
188;182
188;183
188;184
188;185
188;186
188;187
188;188
188;189
188;190
188;191
188;192
188;368
188;369
188;370
188;371
188;372
188;373
188;374
188;375
188;376
188;377
188;378
188;379
188;380
188;381
188;382
188;383
188;384
188;385
188;386
188;387
188;388
188;389
188;390
188;391
188;392
188;393
188;394
188;395
188;396
188;397
188;398
188;399
188;400
188;401
188;402
188;403
188;404
188;405
188;406
188;407
188;408
188;409
188;410
188;411
188;412
188;413
188;414
188;415
188;416
188;417
188;418
188;419
188;420
188;421
188;422
188;423
188;424
188;425
188;426
188;427
188;428
188;429
188;430
188;431
188;432
188;433
188;434
188;435
188;436
188;437
188;438
188;439
188;440
188;441
188;442
188;443
188;444
188;445
188;446
188;447
189;108
189;109
189;110
189;111
189;112
189;113
189;114
189;115
189;116
189;117
189;118
189;119
189;120
189;121
189;122
189;123
189;124
189;125
189;126
189;127
189;128
189;129
189;130
189;131
189;132
189;133
189;134
189;135
189;136
189;137
189;138
189;139
189;140
189;141
189;142
189;143
189;144
189;145
189;146
189;147
189;148
189;149
189;150
189;151
189;152
189;153
189;154
189;155
189;156
189;157
189;158
189;159
189;160
189;161
189;162
189;163
189;164
189;165
189;166
189;167
189;168
189;169
189;170
189;171
189;172
189;173
189;174
189;175
189;176
189;177
189;178
189;179
189;180
189;181
189;182
189;183
189;184
189;185
189;186
189;187
189;188
189;189
189;190
189;191
189;192
189;368
189;369
189;370
189;371
189;372
189;373
189;374
189;375
189;376
189;377
189;378
189;379
189;380
189;381
189;382
189;383
189;384
189;385
189;386
189;387
189;388
189;389
189;390
189;391
189;392
189;393
189;394
189;395
189;396
189;397
189;398
189;399
189;400
189;401
189;402
189;403
189;404
189;405
189;406
189;407
189;408
189;409
189;410
189;411
189;412
189;413
189;414
189;415
189;416
189;417
189;418
189;419
189;420
189;421
189;422
189;423
189;424
189;425
189;426
189;427
189;428
189;429
189;430
189;431
189;432
189;433
189;434
189;435
189;436
189;437
189;438
189;439
189;440
189;441
189;442
189;443
189;444
189;445
189;446
189;447
190;107
190;108
190;109
190;110
190;111
190;112
190;113
190;114
190;115
190;116
190;117
190;118
190;119
190;120
190;121
190;122
190;123
190;124
190;125
190;126
190;127
190;128
190;129
190;130
190;131
190;132
190;133
190;134
190;135
190;136
190;137
190;138
190;139
190;140
190;141
190;142
190;143
190;144
190;145
190;146
190;147
190;148
190;149
190;150
190;151
190;152
190;153
190;154
190;155
190;156
190;157
190;158
190;159
190;160
190;161
190;162
190;163
190;164
190;165
190;166
190;167
190;168
190;169
190;170
190;171
190;172
190;173
190;174
190;175
190;176
190;177
190;178
190;179
190;180
190;181
190;182
190;183
190;184
190;185
190;186
190;187
190;188
190;189
190;190
190;191
190;192
190;368
190;369
190;370
190;371
190;372
190;373
190;374
190;375
190;376
190;377
190;378
190;379
190;380
190;381
190;382
190;383
190;384
190;385
190;386
190;387
190;388
190;389
190;390
190;391
190;392
190;393
190;394
190;395
190;396
190;397
190;398
190;399
190;400
190;401
190;402
190;403
190;404
190;405
190;406
190;407
190;408
190;409
190;410
190;411
190;412
190;413
190;414
190;415
190;416
190;417
190;418
190;419
190;420
190;421
190;422
190;423
190;424
190;425
190;426
190;427
190;428
190;429
190;430
190;431
190;432
190;433
190;434
190;435
190;436
190;437
190;438
190;439
190;440
190;441
190;442
190;443
190;444
190;445
190;446
191;105
191;106
191;107
191;108
191;109
191;110
191;111
191;112
191;113
191;114
191;115
191;116
191;117
191;118
191;119
191;120
191;121
191;122
191;123
191;124
191;125
191;126
191;127
191;128
191;129
191;130
191;131
191;132
191;133
191;134
191;135
191;136
191;137
191;138
191;139
191;140
191;141
191;142
191;143
191;144
191;145
191;146
191;147
191;148
191;149
191;150
191;151
191;152
191;153
191;154
191;155
191;156
191;157
191;158
191;159
191;160
191;161
191;162
191;163
191;164
191;165
191;166
191;167
191;168
191;169
191;170
191;171
191;172
191;173
191;174
191;175
191;176
191;177
191;178
191;179
191;180
191;181
191;182
191;183
191;184
191;185
191;186
191;187
191;188
191;189
191;190
191;191
191;192
191;369
191;370
191;371
191;372
191;373
191;374
191;375
191;376
191;377
191;378
191;379
191;380
191;381
191;382
191;383
191;384
191;385
191;386
191;387
191;388
191;389
191;390
191;391
191;392
191;393
191;394
191;395
191;396
191;397
191;398
191;399
191;400
191;401
191;402
191;403
191;404
191;405
191;406
191;407
191;408
191;409
191;410
191;411
191;412
191;413
191;414
191;415
191;416
191;417
191;418
191;419
191;420
191;421
191;422
191;423
191;424
191;425
191;426
191;427
191;428
191;429
191;430
191;431
191;432
191;433
191;434
191;435
191;436
191;437
191;438
191;439
191;440
191;441
191;442
191;443
191;444
191;445
191;446
192;104
192;105
192;106
192;107
192;108
192;109
192;110
192;111
192;112
192;113
192;114
192;115
192;116
192;117
192;118
192;119
192;120
192;121
192;122
192;123
192;124
192;125
192;126
192;127
192;128
192;129
192;130
192;131
192;132
192;133
192;134
192;135
192;136
192;137
192;138
192;139
192;140
192;141
192;142
192;143
192;144
192;145
192;146
192;147
192;148
192;149
192;150
192;151
192;152
192;153
192;154
192;155
192;156
192;157
192;158
192;159
192;160
192;161
192;162
192;163
192;164
192;165
192;166
192;167
192;168
192;169
192;170
192;171
192;172
192;173
192;174
192;175
192;176
192;177
192;178
192;179
192;180
192;181
192;182
192;183
192;184
192;185
192;186
192;187
192;188
192;189
192;190
192;191
192;192
192;369
192;370
192;371
192;372
192;373
192;374
192;375
192;376
192;377
192;378
192;379
192;380
192;381
192;382
192;383
192;384
192;385
192;386
192;387
192;388
192;389
192;390
192;391
192;392
192;393
192;394
192;395
192;396
192;397
192;398
192;399
192;400
192;401
192;402
192;403
192;404
192;405
192;406
192;407
192;408
192;409
192;410
192;411
192;412
192;413
192;414
192;415
192;416
192;417
192;418
192;419
192;420
192;421
192;422
192;423
192;424
192;425
192;426
192;427
192;428
192;429
192;430
192;431
192;432
192;433
192;434
192;435
192;436
192;437
192;438
192;439
192;440
192;441
192;442
192;443
192;444
192;445
193;103
193;104
193;105
193;106
193;107
193;108
193;109
193;110
193;111
193;112
193;113
193;114
193;115
193;116
193;117
193;118
193;119
193;120
193;121
193;122
193;123
193;124
193;125
193;126
193;127
193;128
193;129
193;130
193;131
193;132
193;133
193;134
193;135
193;136
193;137
193;138
193;139
193;140
193;141
193;142
193;143
193;144
193;145
193;146
193;147
193;148
193;149
193;150
193;151
193;152
193;153
193;154
193;155
193;156
193;157
193;158
193;159
193;160
193;161
193;162
193;163
193;164
193;165
193;166
193;167
193;168
193;169
193;170
193;171
193;172
193;173
193;174
193;175
193;176
193;177
193;178
193;179
193;180
193;181
193;182
193;183
193;184
193;185
193;186
193;187
193;188
193;189
193;190
193;191
193;192
193;370
193;371
193;372
193;373
193;374
193;375
193;376
193;377
193;378
193;379
193;380
193;381
193;382
193;383
193;384
193;385
193;386
193;387
193;388
193;389
193;390
193;391
193;392
193;393
193;394
193;395
193;396
193;397
193;398
193;399
193;400
193;401
193;402
193;403
193;404
193;405
193;406
193;407
193;408
193;409
193;410
193;411
193;412
193;413
193;414
193;415
193;416
193;417
193;418
193;419
193;420
193;421
193;422
193;423
193;424
193;425
193;426
193;427
193;428
193;429
193;430
193;431
193;432
193;433
193;434
193;435
193;436
193;437
193;438
193;439
193;440
193;441
193;442
193;443
193;444
193;445
194;101
194;102
194;103
194;104
194;105
194;106
194;107
194;108
194;109
194;110
194;111
194;112
194;113
194;114
194;115
194;116
194;117
194;118
194;119
194;120
194;121
194;122
194;123
194;124
194;125
194;126
194;127
194;128
194;129
194;130
194;131
194;132
194;133
194;134
194;135
194;136
194;137
194;138
194;139
194;140
194;141
194;142
194;143
194;144
194;145
194;146
194;147
194;148
194;149
194;150
194;151
194;152
194;153
194;154
194;155
194;156
194;157
194;158
194;159
194;160
194;161
194;162
194;163
194;164
194;165
194;166
194;167
194;168
194;169
194;170
194;171
194;172
194;173
194;174
194;175
194;176
194;177
194;178
194;179
194;180
194;181
194;182
194;183
194;184
194;185
194;186
194;187
194;188
194;189
194;190
194;191
194;192
194;370
194;371
194;372
194;373
194;374
194;375
194;376
194;377
194;378
194;379
194;380
194;381
194;382
194;383
194;384
194;385
194;386
194;387
194;388
194;389
194;390
194;391
194;392
194;393
194;394
194;395
194;396
194;397
194;398
194;399
194;400
194;401
194;402
194;403
194;404
194;405
194;406
194;407
194;408
194;409
194;410
194;411
194;412
194;413
194;414
194;415
194;416
194;417
194;418
194;419
194;420
194;421
194;422
194;423
194;424
194;425
194;426
194;427
194;428
194;429
194;430
194;431
194;432
194;433
194;434
194;435
194;436
194;437
194;438
194;439
194;440
194;441
194;442
194;443
194;444
195;104
195;105
195;106
195;107
195;108
195;109
195;110
195;111
195;112
195;113
195;114
195;115
195;116
195;117
195;118
195;119
195;120
195;121
195;122
195;123
195;124
195;125
195;126
195;127
195;128
195;129
195;130
195;131
195;132
195;133
195;134
195;135
195;136
195;137
195;138
195;139
195;140
195;141
195;142
195;143
195;144
195;145
195;146
195;147
195;148
195;149
195;150
195;151
195;152
195;153
195;154
195;155
195;156
195;157
195;158
195;159
195;160
195;161
195;162
195;163
195;164
195;165
195;166
195;167
195;168
195;169
195;170
195;171
195;172
195;173
195;174
195;175
195;176
195;177
195;178
195;179
195;180
195;181
195;182
195;183
195;184
195;185
195;186
195;187
195;188
195;189
195;190
195;191
195;192
195;193
195;371
195;372
195;373
195;374
195;375
195;376
195;377
195;378
195;379
195;380
195;381
195;382
195;383
195;384
195;385
195;386
195;387
195;388
195;389
195;390
195;391
195;392
195;393
195;394
195;395
195;396
195;397
195;398
195;399
195;400
195;401
195;402
195;403
195;404
195;405
195;406
195;407
195;408
195;409
195;410
195;411
195;412
195;413
195;414
195;415
195;416
195;417
195;418
195;419
195;420
195;421
195;422
195;423
195;424
195;425
195;426
195;427
195;428
195;429
195;430
195;431
195;432
195;433
195;434
195;435
195;436
195;437
195;438
195;439
195;440
195;441
195;442
195;443
195;444
196;106
196;107
196;108
196;109
196;110
196;111
196;112
196;113
196;114
196;115
196;116
196;117
196;118
196;119
196;120
196;121
196;122
196;123
196;124
196;125
196;126
196;127
196;128
196;129
196;130
196;131
196;132
196;133
196;134
196;135
196;136
196;137
196;138
196;139
196;140
196;141
196;142
196;143
196;144
196;145
196;146
196;147
196;148
196;149
196;150
196;151
196;152
196;153
196;154
196;155
196;156
196;157
196;158
196;159
196;160
196;161
196;162
196;163
196;164
196;165
196;166
196;167
196;168
196;169
196;170
196;171
196;172
196;173
196;174
196;175
196;176
196;177
196;178
196;179
196;180
196;181
196;182
196;183
196;184
196;185
196;186
196;187
196;188
196;189
196;190
196;191
196;192
196;193
196;372
196;373
196;374
196;375
196;376
196;377
196;378
196;379
196;380
196;381
196;382
196;383
196;384
196;385
196;386
196;387
196;388
196;389
196;390
196;391
196;392
196;393
196;394
196;395
196;396
196;397
196;398
196;399
196;400
196;401
196;402
196;403
196;404
196;405
196;406
196;407
196;408
196;409
196;410
196;411
196;412
196;413
196;414
196;415
196;416
196;417
196;418
196;419
196;420
196;421
196;422
196;423
196;424
196;425
196;426
196;427
196;428
196;429
196;430
196;431
196;432
196;433
196;434
196;435
196;436
196;437
196;438
196;439
196;440
196;441
196;442
196;443
197;109
197;110
197;111
197;112
197;113
197;114
197;115
197;116
197;117
197;118
197;119
197;120
197;121
197;122
197;123
197;124
197;125
197;126
197;127
197;128
197;129
197;130
197;131
197;132
197;133
197;134
197;135
197;136
197;137
197;138
197;139
197;140
197;141
197;142
197;143
197;144
197;145
197;146
197;147
197;148
197;149
197;150
197;151
197;152
197;153
197;154
197;155
197;156
197;157
197;158
197;159
197;160
197;161
197;162
197;163
197;164
197;165
197;166
197;167
197;168
197;169
197;170
197;171
197;172
197;173
197;174
197;175
197;176
197;177
197;178
197;179
197;180
197;181
197;182
197;183
197;184
197;185
197;186
197;187
197;188
197;189
197;190
197;191
197;192
197;193
197;372
197;373
197;374
197;375
197;376
197;377
197;378
197;379
197;380
197;381
197;382
197;383
197;384
197;385
197;386
197;387
197;388
197;389
197;390
197;391
197;392
197;393
197;394
197;395
197;396
197;397
197;398
197;399
197;400
197;401
197;402
197;403
197;404
197;405
197;406
197;407
197;408
197;409
197;410
197;411
197;412
197;413
197;414
197;415
197;416
197;417
197;418
197;419
197;420
197;421
197;422
197;423
197;424
197;425
197;426
197;427
197;428
197;429
197;430
197;431
197;432
197;433
197;434
197;435
197;436
197;437
197;438
197;439
197;440
197;441
197;442
198;111
198;112
198;113
198;114
198;115
198;116
198;117
198;118
198;119
198;120
198;121
198;122
198;123
198;124
198;125
198;126
198;127
198;128
198;129
198;130
198;131
198;132
198;133
198;134
198;135
198;136
198;137
198;138
198;139
198;140
198;141
198;142
198;143
198;144
198;145
198;146
198;147
198;148
198;149
198;150
198;151
198;152
198;153
198;154
198;155
198;156
198;157
198;158
198;159
198;160
198;161
198;162
198;163
198;164
198;165
198;166
198;167
198;168
198;169
198;170
198;171
198;172
198;173
198;174
198;175
198;176
198;177
198;178
198;179
198;180
198;181
198;182
198;183
198;184
198;185
198;186
198;187
198;188
198;189
198;190
198;191
198;192
198;193
198;373
198;374
198;375
198;376
198;377
198;378
198;379
198;380
198;381
198;382
198;383
198;384
198;385
198;386
198;387
198;388
198;389
198;390
198;391
198;392
198;393
198;394
198;395
198;396
198;397
198;398
198;399
198;400
198;401
198;402
198;403
198;404
198;405
198;406
198;407
198;408
198;409
198;410
198;411
198;412
198;413
198;414
198;415
198;416
198;417
198;418
198;419
198;420
198;421
198;422
198;423
198;424
198;425
198;426
198;427
198;428
198;429
198;430
198;431
198;432
198;433
198;434
198;435
198;436
198;437
198;438
198;439
198;440
198;441
198;442
199;113
199;114
199;115
199;116
199;117
199;118
199;119
199;120
199;121
199;122
199;123
199;124
199;125
199;126
199;127
199;128
199;129
199;130
199;131
199;132
199;133
199;134
199;135
199;136
199;137
199;138
199;139
199;140
199;141
199;142
199;143
199;144
199;145
199;146
199;147
199;148
199;149
199;150
199;151
199;152
199;153
199;154
199;155
199;156
199;157
199;158
199;159
199;160
199;161
199;162
199;163
199;164
199;165
199;166
199;167
199;168
199;169
199;170
199;171
199;172
199;173
199;174
199;175
199;176
199;177
199;178
199;179
199;180
199;181
199;182
199;183
199;184
199;185
199;186
199;187
199;188
199;189
199;190
199;191
199;192
199;193
199;374
199;375
199;376
199;377
199;378
199;379
199;380
199;381
199;382
199;383
199;384
199;385
199;386
199;387
199;388
199;389
199;390
199;391
199;392
199;393
199;394
199;395
199;396
199;397
199;398
199;399
199;400
199;401
199;402
199;403
199;404
199;405
199;406
199;407
199;408
199;409
199;410
199;411
199;412
199;413
199;414
199;415
199;416
199;417
199;418
199;419
199;420
199;421
199;422
199;423
199;424
199;425
199;426
199;427
199;428
199;429
199;430
199;431
199;432
199;433
199;434
199;435
199;436
199;437
199;438
199;439
199;440
199;441
200;116
200;117
200;118
200;119
200;120
200;121
200;122
200;123
200;124
200;125
200;126
200;127
200;128
200;129
200;130
200;131
200;132
200;133
200;134
200;135
200;136
200;137
200;138
200;139
200;140
200;141
200;142
200;143
200;144
200;145
200;146
200;147
200;148
200;149
200;150
200;151
200;152
200;153
200;154
200;155
200;156
200;157
200;158
200;159
200;160
200;161
200;162
200;163
200;164
200;165
200;166
200;167
200;168
200;169
200;170
200;171
200;172
200;173
200;174
200;175
200;176
200;177
200;178
200;179
200;180
200;181
200;182
200;183
200;184
200;185
200;186
200;187
200;188
200;189
200;190
200;191
200;192
200;193
200;375
200;376
200;377
200;378
200;379
200;380
200;381
200;382
200;383
200;384
200;385
200;386
200;387
200;388
200;389
200;390
200;391
200;392
200;393
200;394
200;395
200;396
200;397
200;398
200;399
200;400
200;401
200;402
200;403
200;404
200;405
200;406
200;407
200;408
200;409
200;410
200;411
200;412
200;413
200;414
200;415
200;416
200;417
200;418
200;419
200;420
200;421
200;422
200;423
200;424
200;425
200;426
200;427
200;428
200;429
200;430
200;431
200;432
200;433
200;434
200;435
200;436
200;437
200;438
200;439
200;440
201;118
201;119
201;120
201;121
201;122
201;123
201;124
201;125
201;126
201;127
201;128
201;129
201;130
201;131
201;132
201;133
201;134
201;135
201;136
201;137
201;138
201;139
201;140
201;141
201;142
201;143
201;144
201;145
201;146
201;147
201;148
201;149
201;150
201;151
201;152
201;153
201;154
201;155
201;156
201;157
201;158
201;159
201;160
201;161
201;162
201;163
201;164
201;165
201;166
201;167
201;168
201;169
201;170
201;171
201;172
201;173
201;174
201;175
201;176
201;177
201;178
201;179
201;180
201;181
201;182
201;183
201;184
201;185
201;186
201;187
201;188
201;189
201;190
201;191
201;192
201;193
201;375
201;376
201;377
201;378
201;379
201;380
201;381
201;382
201;383
201;384
201;385
201;386
201;387
201;388
201;389
201;390
201;391
201;392
201;393
201;394
201;395
201;396
201;397
201;398
201;399
201;400
201;401
201;402
201;403
201;404
201;405
201;406
201;407
201;408
201;409
201;410
201;411
201;412
201;413
201;414
201;415
201;416
201;417
201;418
201;419
201;420
201;421
201;422
201;423
201;424
201;425
201;426
201;427
201;428
201;429
201;430
201;431
201;432
201;433
201;434
201;435
201;436
201;437
201;438
201;439
202;120
202;121
202;122
202;123
202;124
202;125
202;126
202;127
202;128
202;129
202;130
202;131
202;132
202;133
202;134
202;135
202;136
202;137
202;138
202;139
202;140
202;141
202;142
202;143
202;144
202;145
202;146
202;147
202;148
202;149
202;150
202;151
202;152
202;153
202;154
202;155
202;156
202;157
202;158
202;159
202;160
202;161
202;162
202;163
202;164
202;165
202;166
202;167
202;168
202;169
202;170
202;171
202;172
202;173
202;174
202;175
202;176
202;177
202;178
202;179
202;180
202;181
202;182
202;183
202;184
202;185
202;186
202;187
202;188
202;189
202;190
202;191
202;192
202;193
202;376
202;377
202;378
202;379
202;380
202;381
202;382
202;383
202;384
202;385
202;386
202;387
202;388
202;389
202;390
202;391
202;392
202;393
202;394
202;395
202;396
202;397
202;398
202;399
202;400
202;401
202;402
202;403
202;404
202;405
202;406
202;407
202;408
202;409
202;410
202;411
202;412
202;413
202;414
202;415
202;416
202;417
202;418
202;419
202;420
202;421
202;422
202;423
202;424
202;425
202;426
202;427
202;428
202;429
202;430
202;431
202;432
202;433
202;434
202;435
202;436
202;437
202;438
203;120
203;121
203;122
203;123
203;124
203;125
203;126
203;127
203;128
203;129
203;130
203;131
203;132
203;133
203;134
203;135
203;136
203;137
203;138
203;139
203;140
203;141
203;142
203;143
203;144
203;145
203;146
203;147
203;148
203;149
203;150
203;151
203;152
203;153
203;154
203;155
203;156
203;157
203;158
203;159
203;160
203;161
203;162
203;163
203;164
203;165
203;166
203;167
203;168
203;169
203;170
203;171
203;172
203;173
203;174
203;175
203;176
203;177
203;178
203;179
203;180
203;181
203;182
203;183
203;184
203;185
203;186
203;187
203;188
203;189
203;190
203;191
203;192
203;193
203;194
203;377
203;378
203;379
203;380
203;381
203;382
203;383
203;384
203;385
203;386
203;387
203;388
203;389
203;390
203;391
203;392
203;393
203;394
203;395
203;396
203;397
203;398
203;399
203;400
203;401
203;402
203;403
203;404
203;405
203;406
203;407
203;408
203;409
203;410
203;411
203;412
203;413
203;414
203;415
203;416
203;417
203;418
203;419
203;420
203;421
203;422
203;423
203;424
203;425
203;426
203;427
203;428
203;429
203;430
203;431
203;432
203;433
203;434
203;435
203;436
203;437
204;77
204;120
204;121
204;122
204;123
204;124
204;125
204;126
204;127
204;128
204;129
204;130
204;131
204;132
204;133
204;134
204;135
204;136
204;137
204;138
204;139
204;140
204;141
204;142
204;143
204;144
204;145
204;146
204;147
204;148
204;149
204;150
204;151
204;152
204;153
204;154
204;155
204;156
204;157
204;158
204;159
204;160
204;161
204;162
204;163
204;164
204;165
204;166
204;167
204;168
204;169
204;170
204;171
204;172
204;173
204;174
204;175
204;176
204;177
204;178
204;179
204;180
204;181
204;182
204;183
204;184
204;185
204;186
204;187
204;188
204;189
204;190
204;191
204;192
204;193
204;194
204;378
204;379
204;380
204;381
204;382
204;383
204;384
204;385
204;386
204;387
204;388
204;389
204;390
204;391
204;392
204;393
204;394
204;395
204;396
204;397
204;398
204;399
204;400
204;401
204;402
204;403
204;404
204;405
204;406
204;407
204;408
204;409
204;410
204;411
204;412
204;413
204;414
204;415
204;416
204;417
204;418
204;419
204;420
204;421
204;422
204;423
204;424
204;425
204;426
204;427
204;428
204;429
204;430
204;431
204;432
204;433
204;434
204;435
204;436
205;74
205;75
205;76
205;77
205;120
205;121
205;122
205;123
205;124
205;125
205;126
205;127
205;128
205;129
205;130
205;131
205;132
205;133
205;134
205;135
205;136
205;137
205;138
205;139
205;140
205;141
205;142
205;143
205;144
205;145
205;146
205;147
205;148
205;149
205;150
205;151
205;152
205;153
205;154
205;155
205;156
205;157
205;158
205;159
205;160
205;161
205;162
205;163
205;164
205;165
205;166
205;167
205;168
205;169
205;170
205;171
205;172
205;173
205;174
205;175
205;176
205;177
205;178
205;179
205;180
205;181
205;182
205;183
205;184
205;185
205;186
205;187
205;188
205;189
205;190
205;191
205;192
205;193
205;194
205;379
205;380
205;381
205;382
205;383
205;384
205;385
205;386
205;387
205;388
205;389
205;390
205;391
205;392
205;393
205;394
205;395
205;396
205;397
205;398
205;399
205;400
205;401
205;402
205;403
205;404
205;405
205;406
205;407
205;408
205;409
205;410
205;411
205;412
205;413
205;414
205;415
205;416
205;417
205;418
205;419
205;420
205;421
205;422
205;423
205;424
205;425
205;426
205;427
205;428
205;429
205;430
205;431
205;432
205;433
205;434
205;435
206;70
206;71
206;72
206;73
206;74
206;75
206;76
206;120
206;121
206;122
206;123
206;124
206;125
206;126
206;127
206;128
206;129
206;130
206;131
206;132
206;133
206;134
206;135
206;136
206;137
206;138
206;139
206;140
206;141
206;142
206;143
206;144
206;145
206;146
206;147
206;148
206;149
206;150
206;151
206;152
206;153
206;154
206;155
206;156
206;157
206;158
206;159
206;160
206;161
206;162
206;163
206;164
206;165
206;166
206;167
206;168
206;169
206;170
206;171
206;172
206;173
206;174
206;175
206;176
206;177
206;178
206;179
206;180
206;181
206;182
206;183
206;184
206;185
206;186
206;187
206;188
206;189
206;190
206;191
206;192
206;193
206;194
206;381
206;382
206;383
206;384
206;385
206;386
206;387
206;388
206;389
206;390
206;391
206;392
206;393
206;394
206;395
206;396
206;397
206;398
206;399
206;400
206;401
206;402
206;403
206;404
206;405
206;406
206;407
206;408
206;409
206;410
206;411
206;412
206;413
206;414
206;415
206;416
206;417
206;418
206;419
206;420
206;421
206;422
206;423
206;424
206;425
206;426
206;427
206;428
206;429
206;430
206;431
206;432
206;433
206;434
207;67
207;68
207;69
207;70
207;71
207;72
207;73
207;74
207;75
207;76
207;120
207;121
207;122
207;123
207;124
207;125
207;126
207;127
207;128
207;129
207;130
207;131
207;132
207;133
207;134
207;135
207;136
207;137
207;138
207;139
207;140
207;141
207;142
207;143
207;144
207;145
207;146
207;147
207;148
207;149
207;150
207;151
207;152
207;153
207;154
207;155
207;156
207;157
207;158
207;159
207;160
207;161
207;162
207;163
207;164
207;165
207;166
207;167
207;168
207;169
207;170
207;171
207;172
207;173
207;174
207;175
207;176
207;177
207;178
207;179
207;180
207;181
207;182
207;183
207;184
207;185
207;186
207;187
207;188
207;189
207;190
207;191
207;192
207;193
207;194
207;382
207;383
207;384
207;385
207;386
207;387
207;388
207;389
207;390
207;391
207;392
207;393
207;394
207;395
207;396
207;397
207;398
207;399
207;400
207;401
207;402
207;403
207;404
207;405
207;406
207;407
207;408
207;409
207;410
207;411
207;412
207;413
207;414
207;415
207;416
207;417
207;418
207;419
207;420
207;421
207;422
207;423
207;424
207;425
207;426
207;427
207;428
207;429
207;430
207;431
207;432
207;433
208;64
208;65
208;66
208;67
208;68
208;69
208;70
208;71
208;72
208;73
208;74
208;75
208;76
208;120
208;121
208;122
208;123
208;124
208;125
208;126
208;127
208;128
208;129
208;130
208;131
208;132
208;133
208;134
208;135
208;136
208;137
208;138
208;139
208;140
208;141
208;142
208;143
208;144
208;145
208;146
208;147
208;148
208;149
208;150
208;151
208;152
208;153
208;154
208;155
208;156
208;157
208;158
208;159
208;160
208;161
208;162
208;163
208;164
208;165
208;166
208;167
208;168
208;169
208;170
208;171
208;172
208;173
208;174
208;175
208;176
208;177
208;178
208;179
208;180
208;181
208;182
208;183
208;184
208;185
208;186
208;187
208;188
208;189
208;190
208;191
208;192
208;193
208;194
208;383
208;384
208;385
208;386
208;387
208;388
208;389
208;390
208;391
208;392
208;393
208;394
208;395
208;396
208;397
208;398
208;399
208;400
208;401
208;402
208;403
208;404
208;405
208;406
208;407
208;408
208;409
208;410
208;411
208;412
208;413
208;414
208;415
208;416
208;417
208;418
208;419
208;420
208;421
208;422
208;423
208;424
208;425
208;426
208;427
208;428
208;429
208;430
208;431
209;61
209;62
209;63
209;64
209;65
209;66
209;67
209;68
209;69
209;70
209;71
209;72
209;73
209;74
209;75
209;76
209;120
209;121
209;122
209;123
209;124
209;125
209;126
209;127
209;128
209;129
209;130
209;131
209;132
209;133
209;134
209;135
209;136
209;137
209;138
209;139
209;140
209;141
209;142
209;143
209;144
209;145
209;146
209;147
209;148
209;149
209;150
209;151
209;152
209;153
209;154
209;155
209;156
209;157
209;158
209;159
209;160
209;161
209;162
209;163
209;164
209;165
209;166
209;167
209;168
209;169
209;170
209;171
209;172
209;173
209;174
209;175
209;176
209;177
209;178
209;179
209;180
209;181
209;182
209;183
209;184
209;185
209;186
209;187
209;188
209;189
209;190
209;191
209;192
209;193
209;194
209;385
209;386
209;387
209;388
209;389
209;390
209;391
209;392
209;393
209;394
209;395
209;396
209;397
209;398
209;399
209;400
209;401
209;402
209;403
209;404
209;405
209;406
209;407
209;408
209;409
209;410
209;411
209;412
209;413
209;414
209;415
209;416
209;417
209;418
209;419
209;420
209;421
209;422
209;423
209;424
209;425
209;426
209;427
209;428
209;429
209;430
210;58
210;59
210;60
210;61
210;62
210;63
210;64
210;65
210;66
210;67
210;68
210;69
210;70
210;71
210;72
210;73
210;74
210;75
210;76
210;120
210;121
210;122
210;123
210;124
210;125
210;126
210;127
210;128
210;129
210;130
210;131
210;132
210;133
210;134
210;135
210;136
210;137
210;138
210;139
210;140
210;141
210;142
210;143
210;144
210;145
210;146
210;147
210;148
210;149
210;150
210;151
210;152
210;153
210;154
210;155
210;156
210;157
210;158
210;159
210;160
210;161
210;162
210;163
210;164
210;165
210;166
210;167
210;168
210;169
210;170
210;171
210;172
210;173
210;174
210;175
210;176
210;177
210;178
210;179
210;180
210;181
210;182
210;183
210;184
210;185
210;186
210;187
210;188
210;189
210;190
210;191
210;192
210;193
210;194
210;387
210;388
210;389
210;390
210;391
210;392
210;393
210;394
210;395
210;396
210;397
210;398
210;399
210;400
210;401
210;402
210;403
210;404
210;405
210;406
210;407
210;408
210;409
210;410
210;411
210;412
210;413
210;414
210;415
210;416
210;417
210;418
210;419
210;420
210;421
210;422
210;423
210;424
210;425
210;426
210;427
210;428
211;55
211;56
211;57
211;58
211;59
211;60
211;61
211;62
211;63
211;64
211;65
211;66
211;67
211;68
211;69
211;70
211;71
211;72
211;73
211;74
211;75
211;120
211;121
211;122
211;123
211;124
211;125
211;126
211;127
211;128
211;129
211;130
211;131
211;132
211;133
211;134
211;135
211;136
211;137
211;138
211;139
211;140
211;141
211;142
211;143
211;144
211;145
211;146
211;147
211;148
211;149
211;150
211;151
211;152
211;153
211;154
211;155
211;156
211;157
211;158
211;159
211;160
211;161
211;162
211;163
211;164
211;165
211;166
211;167
211;168
211;169
211;170
211;171
211;172
211;173
211;174
211;175
211;176
211;177
211;178
211;179
211;180
211;181
211;182
211;183
211;184
211;185
211;186
211;187
211;188
211;189
211;190
211;191
211;192
211;193
211;194
211;195
211;388
211;389
211;390
211;391
211;392
211;393
211;394
211;395
211;396
211;397
211;398
211;399
211;400
211;401
211;402
211;403
211;404
211;405
211;406
211;407
211;408
211;409
211;410
211;411
211;412
211;413
211;414
211;415
211;416
211;417
211;418
211;419
211;420
211;421
211;422
211;423
211;424
211;425
211;426
212;52
212;53
212;54
212;55
212;56
212;57
212;58
212;59
212;60
212;61
212;62
212;63
212;64
212;65
212;66
212;67
212;68
212;69
212;70
212;71
212;72
212;73
212;74
212;75
212;120
212;121
212;122
212;123
212;124
212;125
212;126
212;127
212;128
212;129
212;130
212;131
212;132
212;133
212;134
212;135
212;136
212;137
212;138
212;139
212;140
212;141
212;142
212;143
212;144
212;145
212;146
212;147
212;148
212;149
212;150
212;151
212;152
212;153
212;154
212;155
212;156
212;157
212;158
212;159
212;160
212;161
212;162
212;163
212;164
212;165
212;166
212;167
212;168
212;169
212;170
212;171
212;172
212;173
212;174
212;175
212;176
212;177
212;178
212;179
212;180
212;181
212;182
212;183
212;184
212;185
212;186
212;187
212;188
212;189
212;190
212;191
212;192
212;193
212;194
212;195
212;391
212;392
212;393
212;394
212;395
212;396
212;397
212;398
212;399
212;400
212;401
212;402
212;403
212;404
212;405
212;406
212;407
212;408
212;409
212;410
212;411
212;412
212;413
212;414
212;415
212;416
212;417
212;418
212;419
212;420
212;421
212;422
212;423
212;424
213;49
213;50
213;51
213;52
213;53
213;54
213;55
213;56
213;57
213;58
213;59
213;60
213;61
213;62
213;63
213;64
213;65
213;66
213;67
213;68
213;69
213;70
213;71
213;72
213;73
213;74
213;75
213;120
213;121
213;122
213;123
213;124
213;125
213;126
213;127
213;128
213;129
213;130
213;131
213;132
213;133
213;134
213;135
213;136
213;137
213;138
213;139
213;140
213;141
213;142
213;143
213;144
213;145
213;146
213;147
213;148
213;149
213;150
213;151
213;152
213;153
213;154
213;155
213;156
213;157
213;158
213;159
213;160
213;161
213;162
213;163
213;164
213;165
213;166
213;167
213;168
213;169
213;170
213;171
213;172
213;173
213;174
213;175
213;176
213;177
213;178
213;179
213;180
213;181
213;182
213;183
213;184
213;185
213;186
213;187
213;188
213;189
213;190
213;191
213;192
213;193
213;194
213;195
213;393
213;394
213;395
213;396
213;397
213;398
213;399
213;400
213;401
213;402
213;403
213;404
213;405
213;406
213;407
213;408
213;409
213;410
213;411
213;412
213;413
213;414
213;415
213;416
213;417
213;418
213;419
213;420
213;421
213;422
214;46
214;47
214;48
214;49
214;50
214;51
214;52
214;53
214;54
214;55
214;56
214;57
214;58
214;59
214;60
214;61
214;62
214;63
214;64
214;65
214;66
214;67
214;68
214;69
214;70
214;71
214;72
214;73
214;74
214;75
214;120
214;121
214;122
214;123
214;124
214;125
214;126
214;127
214;128
214;129
214;130
214;131
214;132
214;133
214;134
214;135
214;136
214;137
214;138
214;139
214;140
214;141
214;142
214;143
214;144
214;145
214;146
214;147
214;148
214;149
214;150
214;151
214;152
214;153
214;154
214;155
214;156
214;157
214;158
214;159
214;160
214;161
214;162
214;163
214;164
214;165
214;166
214;167
214;168
214;169
214;170
214;171
214;172
214;173
214;174
214;175
214;176
214;177
214;178
214;179
214;180
214;181
214;182
214;183
214;184
214;185
214;186
214;187
214;188
214;189
214;190
214;191
214;192
214;193
214;194
214;195
214;396
214;397
214;398
214;399
214;400
214;401
214;402
214;403
214;404
214;405
214;406
214;407
214;408
214;409
214;410
214;411
214;412
214;413
214;414
214;415
214;416
214;417
214;418
215;43
215;44
215;45
215;46
215;47
215;48
215;49
215;50
215;51
215;52
215;53
215;54
215;55
215;56
215;57
215;58
215;59
215;60
215;61
215;62
215;63
215;64
215;65
215;66
215;67
215;68
215;69
215;70
215;71
215;72
215;73
215;74
215;120
215;121
215;122
215;123
215;124
215;125
215;126
215;127
215;128
215;129
215;130
215;131
215;132
215;133
215;134
215;135
215;136
215;137
215;138
215;139
215;140
215;141
215;142
215;143
215;144
215;145
215;146
215;147
215;148
215;149
215;150
215;151
215;152
215;153
215;154
215;155
215;156
215;157
215;158
215;159
215;160
215;161
215;162
215;163
215;164
215;165
215;166
215;167
215;168
215;169
215;170
215;171
215;172
215;173
215;174
215;175
215;176
215;177
215;178
215;179
215;180
215;181
215;182
215;183
215;184
215;185
215;186
215;187
215;188
215;189
215;190
215;191
215;192
215;193
215;194
215;195
215;401
215;402
215;403
215;404
215;405
215;406
215;407
215;408
215;409
215;410
215;411
215;412
215;413
215;414
216;40
216;41
216;42
216;43
216;44
216;45
216;46
216;47
216;48
216;49
216;50
216;51
216;52
216;53
216;54
216;55
216;56
216;57
216;58
216;59
216;60
216;61
216;62
216;63
216;64
216;65
216;66
216;67
216;68
216;69
216;70
216;71
216;72
216;73
216;74
216;120
216;121
216;122
216;123
216;124
216;125
216;126
216;127
216;128
216;129
216;130
216;131
216;132
216;133
216;134
216;135
216;136
216;137
216;138
216;139
216;140
216;141
216;142
216;143
216;144
216;145
216;146
216;147
216;148
216;149
216;150
216;151
216;152
216;153
216;154
216;155
216;156
216;157
216;158
216;159
216;160
216;161
216;162
216;163
216;164
216;165
216;166
216;167
216;168
216;169
216;170
216;171
216;172
216;173
216;174
216;175
216;176
216;177
216;178
216;179
216;180
216;181
216;182
216;183
216;184
216;185
216;186
216;187
216;188
216;189
216;190
216;191
216;192
216;193
216;194
216;195
217;37
217;38
217;39
217;40
217;41
217;42
217;43
217;44
217;45
217;46
217;47
217;48
217;49
217;50
217;51
217;52
217;53
217;54
217;55
217;56
217;57
217;58
217;59
217;60
217;61
217;62
217;63
217;64
217;65
217;66
217;67
217;68
217;69
217;70
217;71
217;72
217;73
217;74
217;120
217;121
217;122
217;123
217;124
217;125
217;126
217;127
217;128
217;129
217;130
217;131
217;132
217;133
217;134
217;135
217;136
217;137
217;138
217;139
217;140
217;141
217;142
217;143
217;144
217;145
217;146
217;147
217;148
217;149
217;150
217;151
217;152
217;153
217;154
217;155
217;156
217;157
217;158
217;159
217;160
217;161
217;162
217;163
217;164
217;165
217;166
217;167
217;168
217;169
217;170
217;171
217;172
217;173
217;174
217;175
217;176
217;177
217;178
217;179
217;180
217;181
217;182
217;183
217;184
217;185
217;186
217;187
217;188
217;189
217;190
217;191
217;192
217;193
217;194
217;195
218;34
218;35
218;36
218;37
218;38
218;39
218;40
218;41
218;42
218;43
218;44
218;45
218;46
218;47
218;48
218;49
218;50
218;51
218;52
218;53
218;54
218;55
218;56
218;57
218;58
218;59
218;60
218;61
218;62
218;63
218;64
218;65
218;66
218;67
218;68
218;69
218;70
218;71
218;72
218;73
218;74
218;120
218;121
218;122
218;123
218;124
218;125
218;126
218;127
218;128
218;129
218;130
218;131
218;132
218;133
218;134
218;135
218;136
218;137
218;138
218;139
218;140
218;141
218;142
218;143
218;144
218;145
218;146
218;147
218;148
218;149
218;150
218;151
218;152
218;153
218;154
218;155
218;156
218;157
218;158
218;159
218;160
218;161
218;162
218;163
218;164
218;165
218;166
218;167
218;168
218;169
218;170
218;171
218;172
218;173
218;174
218;175
218;176
218;177
218;178
218;179
218;180
218;181
218;182
218;183
218;184
218;185
218;186
218;187
218;188
218;189
218;190
218;191
218;192
218;193
218;194
218;195
219;31
219;32
219;33
219;34
219;35
219;36
219;37
219;38
219;39
219;40
219;41
219;42
219;43
219;44
219;45
219;46
219;47
219;48
219;49
219;50
219;51
219;52
219;53
219;54
219;55
219;56
219;57
219;58
219;59
219;60
219;61
219;62
219;63
219;64
219;65
219;66
219;67
219;68
219;69
219;70
219;71
219;72
219;73
219;74
219;120
219;121
219;122
219;123
219;124
219;125
219;126
219;127
219;128
219;129
219;130
219;131
219;132
219;133
219;134
219;135
219;136
219;137
219;138
219;139
219;140
219;141
219;142
219;143
219;144
219;145
219;146
219;147
219;148
219;149
219;150
219;151
219;152
219;153
219;154
219;155
219;156
219;157
219;158
219;159
219;160
219;161
219;162
219;163
219;164
219;165
219;166
219;167
219;168
219;169
219;170
219;171
219;172
219;173
219;174
219;175
219;176
219;177
219;178
219;179
219;180
219;181
219;182
219;183
219;184
219;185
219;186
219;187
219;188
219;189
219;190
219;191
219;192
219;193
219;194
219;195
219;196
220;28
220;29
220;30
220;31
220;32
220;33
220;34
220;35
220;36
220;37
220;38
220;39
220;40
220;41
220;42
220;43
220;44
220;45
220;46
220;47
220;48
220;49
220;50
220;51
220;52
220;53
220;54
220;55
220;56
220;57
220;58
220;59
220;60
220;61
220;62
220;63
220;64
220;65
220;66
220;67
220;68
220;69
220;70
220;71
220;72
220;73
220;121
220;122
220;123
220;124
220;125
220;126
220;127
220;128
220;129
220;130
220;131
220;132
220;133
220;134
220;135
220;136
220;137
220;138
220;139
220;140
220;141
220;142
220;143
220;144
220;145
220;146
220;147
220;148
220;149
220;150
220;151
220;152
220;153
220;154
220;155
220;156
220;157
220;158
220;159
220;160
220;161
220;162
220;163
220;164
220;165
220;166
220;167
220;168
220;169
220;170
220;171
220;172
220;173
220;174
220;175
220;176
220;177
220;178
220;179
220;180
220;181
220;182
220;183
220;184
220;185
220;186
220;187
220;188
220;189
220;190
220;191
220;192
220;193
220;194
220;195
220;196
221;25
221;26
221;27
221;28
221;29
221;30
221;31
221;32
221;33
221;34
221;35
221;36
221;37
221;38
221;39
221;40
221;41
221;42
221;43
221;44
221;45
221;46
221;47
221;48
221;49
221;50
221;51
221;52
221;53
221;54
221;55
221;56
221;57
221;58
221;59
221;60
221;61
221;62
221;63
221;64
221;65
221;66
221;67
221;68
221;69
221;70
221;71
221;72
221;73
221;121
221;122
221;123
221;124
221;125
221;126
221;127
221;128
221;129
221;130
221;131
221;132
221;133
221;134
221;135
221;136
221;137
221;138
221;139
221;140
221;141
221;142
221;143
221;144
221;145
221;146
221;147
221;148
221;149
221;150
221;151
221;152
221;153
221;154
221;155
221;156
221;157
221;158
221;159
221;160
221;161
221;162
221;163
221;164
221;165
221;166
221;167
221;168
221;169
221;170
221;171
221;172
221;173
221;174
221;175
221;176
221;177
221;178
221;179
221;180
221;181
221;182
221;183
221;184
221;185
221;186
221;187
221;188
221;189
221;190
221;191
221;192
221;193
221;194
221;195
221;196
222;22
222;23
222;24
222;25
222;26
222;27
222;28
222;29
222;30
222;31
222;32
222;33
222;34
222;35
222;36
222;37
222;38
222;39
222;40
222;41
222;42
222;43
222;44
222;45
222;46
222;47
222;48
222;49
222;50
222;51
222;52
222;53
222;54
222;55
222;56
222;57
222;58
222;59
222;60
222;61
222;62
222;63
222;64
222;65
222;66
222;67
222;68
222;69
222;70
222;71
222;72
222;73
222;121
222;122
222;123
222;124
222;125
222;126
222;127
222;128
222;129
222;130
222;131
222;132
222;133
222;134
222;135
222;136
222;137
222;138
222;139
222;140
222;141
222;142
222;143
222;144
222;145
222;146
222;147
222;148
222;149
222;150
222;151
222;152
222;153
222;154
222;155
222;156
222;157
222;158
222;159
222;160
222;161
222;162
222;163
222;164
222;165
222;166
222;167
222;168
222;169
222;170
222;171
222;172
222;173
222;174
222;175
222;176
222;177
222;178
222;179
222;180
222;181
222;182
222;183
222;184
222;185
222;186
222;187
222;188
222;189
222;190
222;191
222;192
222;193
222;194
222;195
222;196
223;19
223;20
223;21
223;22
223;23
223;24
223;25
223;26
223;27
223;28
223;29
223;30
223;31
223;32
223;33
223;34
223;35
223;36
223;37
223;38
223;39
223;40
223;41
223;42
223;43
223;44
223;45
223;46
223;47
223;48
223;49
223;50
223;51
223;52
223;53
223;54
223;55
223;56
223;57
223;58
223;59
223;60
223;61
223;62
223;63
223;64
223;65
223;66
223;67
223;68
223;69
223;70
223;71
223;72
223;73
223;121
223;122
223;123
223;124
223;125
223;126
223;127
223;128
223;129
223;130
223;131
223;132
223;133
223;134
223;135
223;136
223;137
223;138
223;139
223;140
223;141
223;142
223;143
223;144
223;145
223;146
223;147
223;148
223;149
223;150
223;151
223;152
223;153
223;154
223;155
223;156
223;157
223;158
223;159
223;160
223;161
223;162
223;163
223;164
223;165
223;166
223;167
223;168
223;169
223;170
223;171
223;172
223;173
223;174
223;175
223;176
223;177
223;178
223;179
223;180
223;181
223;182
223;183
223;184
223;185
223;186
223;187
223;188
223;189
223;190
223;191
223;192
223;193
223;194
223;195
223;196
224;16
224;17
224;18
224;19
224;20
224;21
224;22
224;23
224;24
224;25
224;26
224;27
224;28
224;29
224;30
224;31
224;32
224;33
224;34
224;35
224;36
224;37
224;38
224;39
224;40
224;41
224;42
224;43
224;44
224;45
224;46
224;47
224;48
224;49
224;50
224;51
224;52
224;53
224;54
224;55
224;56
224;57
224;58
224;59
224;60
224;61
224;62
224;63
224;64
224;65
224;66
224;67
224;68
224;69
224;70
224;71
224;72
224;73
224;121
224;122
224;123
224;124
224;125
224;126
224;127
224;128
224;129
224;130
224;131
224;132
224;133
224;134
224;135
224;136
224;137
224;138
224;139
224;140
224;141
224;142
224;143
224;144
224;145
224;146
224;147
224;148
224;149
224;150
224;151
224;152
224;153
224;154
224;155
224;156
224;157
224;158
224;159
224;160
224;161
224;162
224;163
224;164
224;165
224;166
224;167
224;168
224;169
224;170
224;171
224;172
224;173
224;174
224;175
224;176
224;177
224;178
224;179
224;180
224;181
224;182
224;183
224;184
224;185
224;186
224;187
224;188
224;189
224;190
224;191
224;192
224;193
224;194
224;195
224;196
225;13
225;14
225;15
225;16
225;17
225;18
225;19
225;20
225;21
225;22
225;23
225;24
225;25
225;26
225;27
225;28
225;29
225;30
225;31
225;32
225;33
225;34
225;35
225;36
225;37
225;38
225;39
225;40
225;41
225;42
225;43
225;44
225;45
225;46
225;47
225;48
225;49
225;50
225;51
225;52
225;53
225;54
225;55
225;56
225;57
225;58
225;59
225;60
225;61
225;62
225;63
225;64
225;65
225;66
225;67
225;68
225;69
225;70
225;71
225;72
225;121
225;122
225;123
225;124
225;125
225;126
225;127
225;128
225;129
225;130
225;131
225;132
225;133
225;134
225;135
225;136
225;137
225;138
225;139
225;140
225;141
225;142
225;143
225;144
225;145
225;146
225;147
225;148
225;149
225;150
225;151
225;152
225;153
225;154
225;155
225;156
225;157
225;158
225;159
225;160
225;161
225;162
225;163
225;164
225;165
225;166
225;167
225;168
225;169
225;170
225;171
225;172
225;173
225;174
225;175
225;176
225;177
225;178
225;179
225;180
225;181
225;182
225;183
225;184
225;185
225;186
225;187
225;188
225;189
225;190
225;191
225;192
225;193
225;194
225;195
225;196
226;10
226;11
226;12
226;13
226;14
226;15
226;16
226;17
226;18
226;19
226;20
226;21
226;22
226;23
226;24
226;25
226;26
226;27
226;28
226;29
226;30
226;31
226;32
226;33
226;34
226;35
226;36
226;37
226;38
226;39
226;40
226;41
226;42
226;43
226;44
226;45
226;46
226;47
226;48
226;49
226;50
226;51
226;52
226;53
226;54
226;55
226;56
226;57
226;58
226;59
226;60
226;61
226;62
226;63
226;64
226;65
226;66
226;67
226;68
226;69
226;70
226;71
226;72
226;121
226;122
226;123
226;124
226;125
226;126
226;127
226;128
226;129
226;130
226;131
226;132
226;133
226;134
226;135
226;136
226;137
226;138
226;139
226;140
226;141
226;142
226;143
226;144
226;145
226;146
226;147
226;148
226;149
226;150
226;151
226;152
226;153
226;154
226;155
226;156
226;157
226;158
226;159
226;160
226;161
226;162
226;163
226;164
226;165
226;166
226;167
226;168
226;169
226;170
226;171
226;172
226;173
226;174
226;175
226;176
226;177
226;178
226;179
226;180
226;181
226;182
226;183
226;184
226;185
226;186
226;187
226;188
226;189
226;190
226;191
226;192
226;193
226;194
226;195
226;196
226;197
227;7
227;8
227;9
227;10
227;11
227;12
227;13
227;14
227;15
227;16
227;17
227;18
227;19
227;20
227;21
227;22
227;23
227;24
227;25
227;26
227;27
227;28
227;29
227;30
227;31
227;32
227;33
227;34
227;35
227;36
227;37
227;38
227;39
227;40
227;41
227;42
227;43
227;44
227;45
227;46
227;47
227;48
227;49
227;50
227;51
227;52
227;53
227;54
227;55
227;56
227;57
227;58
227;59
227;60
227;61
227;62
227;63
227;64
227;65
227;66
227;67
227;68
227;69
227;70
227;71
227;72
227;121
227;122
227;123
227;124
227;125
227;126
227;127
227;128
227;129
227;130
227;131
227;132
227;133
227;134
227;135
227;136
227;137
227;138
227;139
227;140
227;141
227;142
227;143
227;144
227;145
227;146
227;147
227;148
227;149
227;150
227;151
227;152
227;153
227;154
227;155
227;156
227;157
227;158
227;159
227;160
227;161
227;162
227;163
227;164
227;165
227;166
227;167
227;168
227;169
227;170
227;171
227;172
227;173
227;174
227;175
227;176
227;177
227;178
227;179
227;180
227;181
227;182
227;183
227;184
227;185
227;186
227;187
227;188
227;189
227;190
227;191
227;192
227;193
227;194
227;195
227;196
227;197
228;4
228;5
228;6
228;7
228;8
228;9
228;10
228;11
228;12
228;13
228;14
228;15
228;16
228;17
228;18
228;19
228;20
228;21
228;22
228;23
228;24
228;25
228;26
228;27
228;28
228;29
228;30
228;31
228;32
228;33
228;34
228;35
228;36
228;37
228;38
228;39
228;40
228;41
228;42
228;43
228;44
228;45
228;46
228;47
228;48
228;49
228;50
228;51
228;52
228;53
228;54
228;55
228;56
228;57
228;58
228;59
228;60
228;61
228;62
228;63
228;64
228;65
228;66
228;67
228;68
228;69
228;70
228;71
228;72
228;121
228;122
228;123
228;124
228;125
228;126
228;127
228;128
228;129
228;130
228;131
228;132
228;133
228;134
228;135
228;136
228;137
228;138
228;139
228;140
228;141
228;142
228;143
228;144
228;145
228;146
228;147
228;148
228;149
228;150
228;151
228;152
228;153
228;154
228;155
228;156
228;157
228;158
228;159
228;160
228;161
228;162
228;163
228;164
228;165
228;166
228;167
228;168
228;169
228;170
228;171
228;172
228;173
228;174
228;175
228;176
228;177
228;178
228;183
228;184
228;185
228;186
228;187
228;188
228;189
228;190
228;191
228;192
228;193
228;194
228;195
228;196
228;197
229;1
229;2
229;3
229;4
229;5
229;6
229;7
229;8
229;9
229;10
229;11
229;12
229;13
229;14
229;15
229;16
229;17
229;18
229;19
229;20
229;21
229;22
229;23
229;24
229;25
229;26
229;27
229;28
229;29
229;30
229;31
229;32
229;33
229;34
229;35
229;36
229;37
229;38
229;39
229;40
229;41
229;42
229;43
229;44
229;45
229;46
229;47
229;48
229;49
229;50
229;51
229;52
229;53
229;54
229;55
229;56
229;57
229;58
229;59
229;60
229;61
229;62
229;63
229;64
229;65
229;66
229;67
229;68
229;69
229;70
229;71
229;72
229;121
229;122
229;123
229;124
229;125
229;126
229;127
229;128
229;129
229;130
229;131
229;132
229;133
229;134
229;135
229;136
229;137
229;138
229;139
229;140
229;141
229;142
229;143
229;144
229;145
229;146
229;147
229;148
229;149
229;150
229;151
229;152
229;153
229;154
229;155
229;156
229;157
229;158
229;159
229;160
229;161
229;162
229;163
229;164
229;165
229;166
229;167
229;168
229;169
229;170
229;171
229;172
229;173
229;174
229;175
229;176
229;185
229;186
229;187
229;188
229;189
229;190
229;191
229;192
229;193
229;194
229;195
229;196
229;197
230;0
230;1
230;2
230;3
230;4
230;5
230;6
230;7
230;8
230;9
230;10
230;11
230;12
230;13
230;14
230;15
230;16
230;17
230;18
230;19
230;20
230;21
230;22
230;23
230;24
230;25
230;26
230;27
230;28
230;29
230;30
230;31
230;32
230;33
230;34
230;35
230;36
230;37
230;38
230;39
230;40
230;41
230;42
230;43
230;44
230;45
230;46
230;47
230;48
230;49
230;50
230;51
230;52
230;53
230;54
230;55
230;56
230;57
230;58
230;59
230;60
230;61
230;62
230;63
230;64
230;65
230;66
230;67
230;68
230;69
230;70
230;71
230;121
230;122
230;123
230;124
230;125
230;126
230;127
230;128
230;129
230;130
230;131
230;132
230;133
230;134
230;135
230;136
230;137
230;138
230;139
230;140
230;141
230;142
230;143
230;144
230;145
230;146
230;147
230;148
230;149
230;150
230;151
230;152
230;153
230;154
230;155
230;156
230;157
230;158
230;159
230;160
230;161
230;162
230;163
230;164
230;165
230;166
230;167
230;168
230;169
230;170
230;171
230;172
230;173
230;174
230;175
230;188
230;189
230;190
230;191
230;192
230;193
230;194
230;195
230;196
230;197
231;0
231;1
231;2
231;3
231;4
231;5
231;6
231;7
231;8
231;9
231;10
231;11
231;12
231;13
231;14
231;15
231;16
231;17
231;18
231;19
231;20
231;21
231;22
231;23
231;24
231;25
231;26
231;27
231;28
231;29
231;30
231;31
231;32
231;33
231;34
231;35
231;36
231;37
231;38
231;39
231;40
231;41
231;42
231;43
231;44
231;45
231;46
231;47
231;48
231;49
231;50
231;51
231;52
231;53
231;54
231;55
231;56
231;57
231;58
231;59
231;60
231;61
231;62
231;63
231;64
231;65
231;66
231;67
231;68
231;69
231;70
231;71
231;121
231;122
231;123
231;124
231;125
231;126
231;127
231;128
231;129
231;130
231;131
231;132
231;133
231;134
231;135
231;136
231;137
231;138
231;139
231;140
231;141
231;142
231;143
231;144
231;145
231;146
231;147
231;148
231;149
231;150
231;151
231;152
231;153
231;154
231;155
231;156
231;157
231;158
231;159
231;160
231;161
231;162
231;163
231;164
231;165
231;166
231;167
231;168
231;169
231;170
231;171
231;172
231;173
231;190
231;191
231;192
231;193
231;194
231;195
231;196
231;197
232;0
232;1
232;2
232;3
232;4
232;5
232;6
232;7
232;8
232;9
232;10
232;11
232;12
232;13
232;14
232;15
232;16
232;17
232;18
232;19
232;20
232;21
232;22
232;23
232;24
232;25
232;26
232;27
232;28
232;29
232;30
232;31
232;32
232;33
232;34
232;35
232;36
232;37
232;38
232;39
232;40
232;41
232;42
232;43
232;44
232;45
232;46
232;47
232;48
232;49
232;50
232;51
232;52
232;53
232;54
232;55
232;56
232;57
232;58
232;59
232;60
232;61
232;62
232;63
232;64
232;65
232;66
232;67
232;68
232;69
232;70
232;71
232;121
232;122
232;123
232;124
232;125
232;126
232;127
232;128
232;129
232;130
232;131
232;132
232;133
232;134
232;135
232;136
232;137
232;138
232;139
232;140
232;141
232;142
232;143
232;144
232;145
232;146
232;147
232;148
232;149
232;150
232;151
232;152
232;153
232;154
232;155
232;156
232;157
232;158
232;159
232;160
232;161
232;162
232;163
232;164
232;165
232;166
232;167
232;168
232;169
232;170
232;171
232;172
232;192
232;193
232;194
232;195
232;196
232;197
233;0
233;1
233;2
233;3
233;4
233;5
233;6
233;7
233;8
233;9
233;10
233;11
233;12
233;13
233;14
233;15
233;16
233;17
233;18
233;19
233;20
233;21
233;22
233;23
233;24
233;25
233;26
233;27
233;28
233;29
233;30
233;31
233;32
233;33
233;34
233;35
233;36
233;37
233;38
233;39
233;40
233;41
233;42
233;43
233;44
233;45
233;46
233;47
233;48
233;49
233;50
233;51
233;52
233;53
233;54
233;55
233;56
233;57
233;58
233;59
233;60
233;61
233;62
233;63
233;64
233;65
233;66
233;67
233;68
233;69
233;70
233;71
233;121
233;122
233;123
233;124
233;125
233;126
233;127
233;128
233;129
233;130
233;131
233;132
233;133
233;134
233;135
233;136
233;137
233;138
233;139
233;140
233;141
233;142
233;143
233;144
233;145
233;146
233;147
233;148
233;149
233;150
233;151
233;152
233;153
233;154
233;155
233;156
233;157
233;158
233;159
233;160
233;161
233;162
233;163
233;164
233;165
233;166
233;167
233;168
233;169
233;170
233;195
233;196
233;197
234;0
234;1
234;2
234;3
234;4
234;5
234;6
234;7
234;8
234;9
234;10
234;11
234;12
234;13
234;14
234;15
234;16
234;17
234;18
234;19
234;20
234;21
234;22
234;23
234;24
234;25
234;26
234;27
234;28
234;29
234;30
234;31
234;32
234;33
234;34
234;35
234;36
234;37
234;38
234;39
234;40
234;41
234;42
234;43
234;44
234;45
234;46
234;47
234;48
234;49
234;50
234;51
234;52
234;53
234;54
234;55
234;56
234;57
234;58
234;59
234;60
234;61
234;62
234;63
234;64
234;65
234;66
234;67
234;68
234;69
234;70
234;121
234;122
234;123
234;124
234;125
234;126
234;127
234;128
234;129
234;130
234;131
234;132
234;133
234;134
234;135
234;136
234;137
234;138
234;139
234;140
234;141
234;142
234;143
234;144
234;145
234;146
234;147
234;148
234;149
234;150
234;151
234;152
234;153
234;154
234;155
234;156
234;157
234;158
234;159
234;160
234;161
234;162
234;163
234;164
234;165
234;166
234;167
234;168
234;197
234;198
235;0
235;1
235;2
235;3
235;4
235;5
235;6
235;7
235;8
235;9
235;10
235;11
235;12
235;13
235;14
235;15
235;16
235;17
235;18
235;19
235;20
235;21
235;22
235;23
235;24
235;25
235;26
235;27
235;28
235;29
235;30
235;31
235;32
235;33
235;34
235;35
235;36
235;37
235;38
235;39
235;40
235;41
235;42
235;43
235;44
235;45
235;46
235;47
235;48
235;49
235;50
235;51
235;52
235;53
235;54
235;55
235;56
235;57
235;58
235;59
235;60
235;61
235;62
235;63
235;64
235;65
235;66
235;67
235;68
235;69
235;70
235;121
235;122
235;123
235;124
235;125
235;126
235;127
235;128
235;129
235;130
235;131
235;132
235;133
235;134
235;135
235;136
235;137
235;138
235;139
235;140
235;141
235;142
235;143
235;144
235;145
235;146
235;147
235;148
235;149
235;150
235;151
235;152
235;153
235;154
235;155
235;156
235;157
235;158
235;159
235;160
235;161
235;162
235;163
235;164
235;165
235;166
235;167
236;0
236;1
236;2
236;3
236;4
236;5
236;6
236;7
236;8
236;9
236;10
236;11
236;12
236;13
236;14
236;15
236;16
236;17
236;18
236;19
236;20
236;21
236;22
236;23
236;24
236;25
236;26
236;27
236;28
236;29
236;30
236;31
236;32
236;33
236;34
236;35
236;36
236;37
236;38
236;39
236;40
236;41
236;42
236;43
236;44
236;45
236;46
236;47
236;48
236;49
236;50
236;51
236;52
236;53
236;54
236;55
236;56
236;57
236;58
236;59
236;60
236;61
236;62
236;63
236;64
236;65
236;66
236;67
236;68
236;69
236;70
236;121
236;122
236;123
236;124
236;125
236;126
236;127
236;128
236;129
236;130
236;131
236;132
236;133
236;134
236;135
236;136
236;137
236;138
236;139
236;140
236;141
236;142
236;143
236;144
236;145
236;146
236;147
236;148
236;149
236;150
236;151
236;152
236;153
236;154
236;155
236;156
236;157
236;158
236;159
236;160
236;161
236;162
236;163
236;164
236;165
237;0
237;1
237;2
237;3
237;4
237;5
237;6
237;7
237;8
237;9
237;10
237;11
237;12
237;13
237;14
237;15
237;16
237;17
237;18
237;19
237;20
237;21
237;22
237;23
237;24
237;25
237;26
237;27
237;28
237;29
237;30
237;31
237;32
237;33
237;34
237;35
237;36
237;37
237;38
237;39
237;40
237;41
237;42
237;43
237;44
237;45
237;46
237;47
237;48
237;49
237;50
237;51
237;52
237;53
237;54
237;55
237;56
237;57
237;58
237;59
237;60
237;61
237;62
237;63
237;64
237;65
237;66
237;67
237;68
237;69
237;70
237;121
237;122
237;123
237;124
237;125
237;126
237;127
237;128
237;129
237;130
237;131
237;132
237;133
237;134
237;135
237;136
237;137
237;138
237;139
237;140
237;141
237;142
237;143
237;144
237;145
237;146
237;147
237;148
237;149
237;150
237;151
237;152
237;153
237;154
237;155
237;156
237;157
237;158
237;159
237;160
237;161
237;162
237;163
238;0
238;1
238;2
238;3
238;4
238;5
238;6
238;7
238;8
238;9
238;10
238;11
238;12
238;13
238;14
238;15
238;16
238;17
238;18
238;19
238;20
238;21
238;22
238;23
238;24
238;25
238;26
238;27
238;28
238;29
238;30
238;31
238;32
238;33
238;34
238;35
238;36
238;37
238;38
238;39
238;40
238;41
238;42
238;43
238;44
238;45
238;46
238;47
238;48
238;49
238;50
238;51
238;52
238;53
238;54
238;55
238;56
238;57
238;58
238;59
238;60
238;61
238;62
238;63
238;64
238;65
238;66
238;67
238;68
238;69
238;70
238;121
238;122
238;123
238;124
238;125
238;126
238;127
238;128
238;129
238;130
238;131
238;132
238;133
238;134
238;135
238;136
238;137
238;138
238;139
238;140
238;141
238;142
238;143
238;144
238;145
238;146
238;147
238;148
238;149
238;150
238;151
238;152
238;153
238;154
238;155
238;156
238;157
238;158
238;159
238;160
238;161
238;162
239;0
239;1
239;2
239;3
239;4
239;5
239;6
239;7
239;8
239;9
239;10
239;11
239;12
239;13
239;14
239;15
239;16
239;17
239;18
239;19
239;20
239;21
239;22
239;23
239;24
239;25
239;26
239;27
239;28
239;29
239;30
239;31
239;32
239;33
239;34
239;35
239;36
239;37
239;38
239;39
239;40
239;41
239;42
239;43
239;44
239;45
239;46
239;47
239;48
239;49
239;50
239;51
239;52
239;53
239;54
239;55
239;56
239;57
239;58
239;59
239;60
239;61
239;62
239;63
239;64
239;65
239;66
239;67
239;68
239;69
239;121
239;122
239;123
239;124
239;125
239;126
239;127
239;128
239;129
239;130
239;131
239;132
239;133
239;134
239;135
239;136
239;137
239;138
239;139
239;140
239;141
239;142
239;143
239;144
239;145
239;146
239;147
239;148
239;149
239;150
239;151
239;152
239;153
239;154
239;155
239;156
239;157
239;158
239;159
239;160
240;0
240;1
240;2
240;3
240;4
240;5
240;6
240;7
240;8
240;9
240;10
240;11
240;12
240;13
240;14
240;15
240;16
240;17
240;18
240;19
240;20
240;21
240;22
240;23
240;24
240;25
240;26
240;27
240;28
240;29
240;30
240;31
240;32
240;33
240;34
240;35
240;36
240;37
240;38
240;39
240;40
240;41
240;42
240;43
240;44
240;45
240;46
240;47
240;48
240;49
240;50
240;51
240;52
240;53
240;54
240;55
240;56
240;57
240;58
240;59
240;60
240;61
240;62
240;63
240;64
240;65
240;66
240;67
240;68
240;69
240;121
240;122
240;123
240;124
240;125
240;126
240;127
240;128
240;129
240;130
240;131
240;132
240;133
240;134
240;135
240;136
240;137
240;138
240;139
240;140
240;141
240;142
240;143
240;144
240;145
240;146
240;147
240;148
240;149
240;150
240;151
240;152
240;153
240;154
240;155
240;156
240;157
240;158
240;159
241;0
241;1
241;2
241;3
241;4
241;5
241;6
241;7
241;8
241;9
241;10
241;11
241;12
241;13
241;14
241;15
241;16
241;17
241;18
241;19
241;20
241;21
241;22
241;23
241;24
241;25
241;26
241;27
241;28
241;29
241;30
241;31
241;32
241;33
241;34
241;35
241;36
241;37
241;38
241;39
241;40
241;41
241;42
241;43
241;44
241;45
241;46
241;47
241;48
241;49
241;50
241;51
241;52
241;53
241;54
241;55
241;56
241;57
241;58
241;59
241;60
241;61
241;62
241;63
241;64
241;65
241;66
241;67
241;68
241;69
241;121
241;122
241;123
241;124
241;125
241;126
241;127
241;128
241;129
241;130
241;131
241;132
241;133
241;134
241;135
241;136
241;137
241;138
241;139
241;140
241;141
241;142
241;143
241;144
241;145
241;146
241;147
241;148
241;149
241;150
241;151
241;152
241;153
241;154
241;155
241;156
241;157
242;0
242;1
242;2
242;3
242;4
242;5
242;6
242;7
242;8
242;9
242;10
242;11
242;12
242;13
242;14
242;15
242;16
242;17
242;18
242;19
242;20
242;21
242;22
242;23
242;24
242;25
242;26
242;27
242;28
242;29
242;30
242;31
242;32
242;33
242;34
242;35
242;36
242;37
242;38
242;39
242;40
242;41
242;42
242;43
242;44
242;45
242;46
242;47
242;48
242;49
242;50
242;51
242;52
242;53
242;54
242;55
242;56
242;57
242;58
242;59
242;60
242;61
242;62
242;63
242;64
242;65
242;66
242;67
242;68
242;69
242;121
242;122
242;123
242;124
242;125
242;126
242;127
242;128
242;129
242;130
242;131
242;132
242;133
242;134
242;135
242;136
242;137
242;138
242;139
242;140
242;141
242;142
242;143
242;144
242;145
242;146
242;147
242;148
242;149
242;150
242;151
242;152
242;153
242;154
242;155
243;0
243;1
243;2
243;3
243;4
243;5
243;6
243;7
243;8
243;9
243;10
243;11
243;12
243;13
243;14
243;15
243;16
243;17
243;18
243;19
243;20
243;21
243;22
243;23
243;24
243;25
243;26
243;27
243;28
243;29
243;30
243;31
243;32
243;33
243;34
243;35
243;36
243;37
243;38
243;39
243;40
243;41
243;42
243;43
243;44
243;45
243;46
243;47
243;48
243;49
243;50
243;51
243;52
243;53
243;54
243;55
243;56
243;57
243;58
243;59
243;60
243;61
243;62
243;63
243;64
243;65
243;66
243;67
243;68
243;69
243;121
243;122
243;123
243;124
243;125
243;126
243;127
243;128
243;129
243;130
243;131
243;132
243;133
243;134
243;135
243;136
243;137
243;138
243;139
243;140
243;141
243;142
243;143
243;144
243;145
243;146
243;147
243;148
243;149
243;150
243;151
243;152
243;153
243;154
244;0
244;1
244;2
244;3
244;4
244;5
244;6
244;7
244;8
244;9
244;10
244;11
244;12
244;13
244;14
244;15
244;16
244;17
244;18
244;19
244;20
244;21
244;22
244;23
244;24
244;25
244;26
244;27
244;28
244;29
244;30
244;31
244;32
244;33
244;34
244;35
244;36
244;37
244;38
244;39
244;40
244;41
244;42
244;43
244;44
244;45
244;46
244;47
244;48
244;49
244;50
244;51
244;52
244;53
244;54
244;55
244;56
244;57
244;58
244;59
244;60
244;61
244;62
244;63
244;64
244;65
244;66
244;67
244;68
244;121
244;122
244;123
244;124
244;125
244;126
244;127
244;128
244;129
244;130
244;131
244;132
244;133
244;134
244;135
244;136
244;137
244;138
244;139
244;140
244;141
244;142
244;143
244;144
244;145
244;146
244;147
244;148
244;149
244;150
244;151
244;152
245;0
245;1
245;2
245;3
245;4
245;5
245;6
245;7
245;8
245;9
245;10
245;11
245;12
245;13
245;14
245;15
245;16
245;17
245;18
245;19
245;20
245;21
245;22
245;23
245;24
245;25
245;26
245;27
245;28
245;29
245;30
245;31
245;32
245;33
245;34
245;35
245;36
245;37
245;38
245;39
245;40
245;41
245;42
245;43
245;44
245;45
245;46
245;47
245;48
245;49
245;50
245;51
245;52
245;53
245;54
245;55
245;56
245;57
245;58
245;59
245;60
245;61
245;62
245;63
245;64
245;65
245;66
245;67
245;68
245;121
245;122
245;123
245;124
245;125
245;126
245;127
245;128
245;129
245;130
245;131
245;132
245;133
245;134
245;135
245;136
245;137
245;138
245;139
245;140
245;141
245;142
245;143
245;144
245;145
245;146
245;147
245;148
245;149
245;150
246;0
246;1
246;2
246;3
246;4
246;5
246;6
246;7
246;8
246;9
246;10
246;11
246;12
246;13
246;14
246;15
246;16
246;17
246;18
246;19
246;20
246;21
246;22
246;23
246;24
246;25
246;26
246;27
246;28
246;29
246;30
246;31
246;32
246;33
246;34
246;35
246;36
246;37
246;38
246;39
246;40
246;41
246;42
246;43
246;44
246;45
246;46
246;47
246;48
246;49
246;50
246;51
246;52
246;53
246;54
246;55
246;56
246;57
246;58
246;59
246;60
246;61
246;62
246;63
246;64
246;65
246;66
246;67
246;68
246;121
246;122
246;123
246;124
246;125
246;126
246;127
246;128
246;129
246;130
246;131
246;132
246;133
246;134
246;135
246;136
246;137
246;138
246;139
246;140
246;141
246;142
246;143
246;144
246;145
246;146
246;147
246;148
246;149
247;0
247;1
247;2
247;3
247;4
247;5
247;6
247;7
247;8
247;9
247;10
247;11
247;12
247;13
247;14
247;15
247;16
247;17
247;18
247;19
247;20
247;21
247;22
247;23
247;24
247;25
247;26
247;27
247;28
247;29
247;30
247;31
247;32
247;33
247;34
247;35
247;36
247;37
247;38
247;39
247;40
247;41
247;42
247;43
247;44
247;45
247;46
247;47
247;48
247;49
247;50
247;51
247;52
247;53
247;54
247;55
247;56
247;57
247;58
247;59
247;60
247;61
247;62
247;63
247;64
247;65
247;66
247;67
247;68
247;121
247;122
247;123
247;124
247;125
247;126
247;127
247;128
247;129
247;130
247;131
247;132
247;133
247;134
247;135
247;136
247;137
247;138
247;139
247;140
247;141
247;142
247;143
247;144
247;145
247;146
247;147
248;0
248;1
248;2
248;3
248;4
248;5
248;6
248;7
248;8
248;9
248;10
248;11
248;12
248;13
248;14
248;15
248;16
248;17
248;18
248;19
248;20
248;21
248;22
248;23
248;24
248;25
248;26
248;27
248;28
248;29
248;30
248;31
248;32
248;33
248;34
248;35
248;36
248;37
248;38
248;39
248;40
248;41
248;42
248;43
248;44
248;45
248;46
248;47
248;48
248;49
248;50
248;51
248;52
248;53
248;54
248;55
248;56
248;57
248;58
248;59
248;60
248;61
248;62
248;63
248;64
248;65
248;66
248;67
248;68
248;121
248;122
248;123
248;124
248;125
248;126
248;127
248;128
248;129
248;130
248;131
248;132
248;133
248;134
248;135
248;136
248;137
248;138
248;139
248;140
248;141
248;142
248;143
248;144
248;145
248;146
249;0
249;1
249;2
249;3
249;4
249;5
249;6
249;7
249;8
249;9
249;10
249;11
249;12
249;13
249;14
249;15
249;16
249;17
249;18
249;19
249;20
249;21
249;22
249;23
249;24
249;25
249;26
249;27
249;28
249;29
249;30
249;31
249;32
249;33
249;34
249;35
249;36
249;37
249;38
249;39
249;40
249;41
249;42
249;43
249;44
249;45
249;46
249;47
249;48
249;49
249;50
249;51
249;52
249;53
249;54
249;55
249;56
249;57
249;58
249;59
249;60
249;61
249;62
249;63
249;64
249;65
249;66
249;67
249;121
249;122
249;123
249;124
249;125
249;126
249;127
249;128
249;129
249;130
249;131
249;132
249;133
249;134
249;135
249;136
249;137
249;138
249;139
249;140
249;141
249;142
249;143
249;144
250;1
250;2
250;3
250;4
250;5
250;6
250;7
250;8
250;9
250;10
250;11
250;12
250;13
250;14
250;15
250;16
250;17
250;18
250;19
250;20
250;21
250;22
250;23
250;24
250;25
250;26
250;27
250;28
250;29
250;30
250;31
250;32
250;33
250;34
250;35
250;36
250;37
250;38
250;39
250;40
250;41
250;42
250;43
250;44
250;45
250;46
250;47
250;48
250;49
250;50
250;51
250;52
250;53
250;54
250;55
250;56
250;57
250;58
250;59
250;60
250;61
250;62
250;63
250;64
250;65
250;66
250;67
250;121
250;122
250;123
250;124
250;125
250;126
250;127
250;128
250;129
250;130
250;131
250;132
250;133
250;134
250;135
250;136
250;137
250;138
250;139
250;140
250;141
250;142
251;2
251;3
251;4
251;5
251;6
251;7
251;8
251;9
251;10
251;11
251;12
251;13
251;14
251;15
251;16
251;17
251;18
251;19
251;20
251;21
251;22
251;23
251;24
251;25
251;26
251;27
251;28
251;29
251;30
251;31
251;32
251;33
251;34
251;35
251;36
251;37
251;38
251;39
251;40
251;41
251;42
251;43
251;44
251;45
251;46
251;47
251;48
251;49
251;50
251;51
251;52
251;53
251;54
251;55
251;56
251;57
251;58
251;59
251;60
251;61
251;62
251;63
251;64
251;65
251;66
251;67
251;121
251;122
251;123
251;124
251;125
251;126
251;127
251;128
251;129
251;130
251;131
251;132
251;133
251;134
251;135
251;136
251;137
251;138
251;139
251;140
251;141
252;3
252;4
252;5
252;6
252;7
252;8
252;9
252;10
252;11
252;12
252;13
252;14
252;15
252;16
252;17
252;18
252;19
252;20
252;21
252;22
252;23
252;24
252;25
252;26
252;27
252;28
252;29
252;30
252;31
252;32
252;33
252;34
252;35
252;36
252;37
252;38
252;39
252;40
252;41
252;42
252;43
252;44
252;45
252;46
252;47
252;48
252;49
252;50
252;51
252;52
252;53
252;54
252;55
252;56
252;57
252;58
252;59
252;60
252;61
252;62
252;63
252;64
252;65
252;66
252;67
252;121
252;122
252;123
252;124
252;125
252;126
252;127
252;128
252;129
252;130
252;131
252;132
252;133
252;134
252;135
252;136
252;137
252;138
252;139
253;4
253;5
253;6
253;7
253;8
253;9
253;10
253;11
253;12
253;13
253;14
253;15
253;16
253;17
253;18
253;19
253;20
253;21
253;22
253;23
253;24
253;25
253;26
253;27
253;28
253;29
253;30
253;31
253;32
253;33
253;34
253;35
253;36
253;37
253;38
253;39
253;40
253;41
253;42
253;43
253;44
253;45
253;46
253;47
253;48
253;49
253;50
253;51
253;52
253;53
253;54
253;55
253;56
253;57
253;58
253;59
253;60
253;61
253;62
253;63
253;64
253;65
253;66
253;67
253;121
253;122
253;123
253;124
253;125
253;126
253;127
253;128
253;129
253;130
253;131
253;132
253;133
253;134
253;135
253;136
253;137
254;6
254;7
254;8
254;9
254;10
254;11
254;12
254;13
254;14
254;15
254;16
254;17
254;18
254;19
254;20
254;21
254;22
254;23
254;24
254;25
254;26
254;27
254;28
254;29
254;30
254;31
254;32
254;33
254;34
254;35
254;36
254;37
254;38
254;39
254;40
254;41
254;42
254;43
254;44
254;45
254;46
254;47
254;48
254;49
254;50
254;51
254;52
254;53
254;54
254;55
254;56
254;57
254;58
254;59
254;60
254;61
254;62
254;63
254;64
254;65
254;66
254;121
254;122
254;123
254;124
254;125
254;126
254;127
254;128
254;129
254;130
254;131
254;132
254;133
254;134
254;135
254;136
255;7
255;8
255;9
255;10
255;11
255;12
255;13
255;14
255;15
255;16
255;17
255;18
255;19
255;20
255;21
255;22
255;23
255;24
255;25
255;26
255;27
255;28
255;29
255;30
255;31
255;32
255;33
255;34
255;35
255;36
255;37
255;38
255;39
255;40
255;41
255;42
255;43
255;44
255;45
255;46
255;47
255;48
255;49
255;50
255;51
255;52
255;53
255;54
255;55
255;56
255;57
255;58
255;59
255;60
255;61
255;62
255;63
255;64
255;65
255;66
255;121
255;122
255;123
255;124
255;125
255;126
255;127
255;128
255;129
255;130
255;131
255;132
255;133
255;134
256;8
256;9
256;10
256;11
256;12
256;13
256;14
256;15
256;16
256;17
256;18
256;19
256;20
256;21
256;22
256;23
256;24
256;25
256;26
256;27
256;28
256;29
256;30
256;31
256;32
256;33
256;34
256;35
256;36
256;37
256;38
256;39
256;40
256;41
256;42
256;43
256;44
256;45
256;46
256;47
256;48
256;49
256;50
256;51
256;52
256;53
256;54
256;55
256;56
256;57
256;58
256;59
256;60
256;61
256;62
256;63
256;64
256;65
256;66
256;121
256;122
256;123
256;124
256;125
256;126
256;127
256;128
256;129
256;130
256;131
256;132
257;9
257;10
257;11
257;12
257;13
257;14
257;15
257;16
257;17
257;18
257;19
257;20
257;21
257;22
257;23
257;24
257;25
257;26
257;27
257;28
257;29
257;30
257;31
257;32
257;33
257;34
257;35
257;36
257;37
257;38
257;39
257;40
257;41
257;42
257;43
257;44
257;45
257;46
257;47
257;48
257;49
257;50
257;51
257;52
257;53
257;54
257;55
257;56
257;57
257;58
257;59
257;60
257;61
257;62
257;63
257;64
257;65
257;66
257;67
257;68
257;69
257;70
257;71
257;72
257;73
257;74
257;121
257;122
257;123
257;124
257;125
257;126
257;127
257;128
257;129
257;130
257;131
258;10
258;11
258;12
258;13
258;14
258;15
258;16
258;17
258;18
258;19
258;20
258;21
258;22
258;23
258;24
258;25
258;26
258;27
258;28
258;29
258;30
258;31
258;32
258;33
258;34
258;35
258;36
258;37
258;38
258;39
258;40
258;41
258;42
258;43
258;44
258;45
258;46
258;47
258;48
258;49
258;50
258;51
258;52
258;53
258;54
258;55
258;56
258;57
258;58
258;59
258;60
258;61
258;62
258;63
258;64
258;65
258;66
258;67
258;68
258;69
258;70
258;71
258;72
258;73
258;74
258;75
258;76
258;77
258;78
258;79
258;80
258;81
258;82
258;122
258;123
258;124
258;125
258;126
258;127
258;128
258;129
259;11
259;12
259;13
259;14
259;15
259;16
259;17
259;18
259;19
259;20
259;21
259;22
259;23
259;24
259;25
259;26
259;27
259;28
259;29
259;30
259;31
259;32
259;33
259;34
259;35
259;36
259;37
259;38
259;39
259;40
259;41
259;42
259;43
259;44
259;45
259;46
259;47
259;48
259;49
259;50
259;51
259;52
259;53
259;54
259;55
259;56
259;57
259;58
259;59
259;60
259;61
259;62
259;63
259;64
259;65
259;66
259;67
259;68
259;69
259;70
259;71
259;72
259;73
259;74
259;75
259;76
259;77
259;78
259;79
259;80
259;81
259;82
259;83
259;84
259;85
259;86
259;87
259;88
259;89
259;90
259;122
259;123
259;124
259;125
259;126
259;127
259;128
260;12
260;13
260;14
260;15
260;16
260;17
260;18
260;19
260;20
260;21
260;22
260;23
260;24
260;25
260;26
260;27
260;28
260;29
260;30
260;31
260;32
260;33
260;34
260;35
260;36
260;37
260;38
260;39
260;40
260;41
260;42
260;43
260;44
260;45
260;46
260;47
260;48
260;49
260;50
260;51
260;52
260;53
260;54
260;55
260;56
260;57
260;58
260;59
260;60
260;61
260;62
260;63
260;64
260;65
260;66
260;67
260;68
260;69
260;70
260;71
260;72
260;73
260;74
260;75
260;76
260;77
260;78
260;79
260;80
260;81
260;82
260;83
260;84
260;85
260;86
260;87
260;88
260;89
260;90
260;91
260;122
260;123
260;124
260;125
260;126
261;13
261;14
261;15
261;16
261;17
261;18
261;19
261;20
261;21
261;22
261;23
261;24
261;25
261;26
261;27
261;28
261;29
261;30
261;31
261;32
261;33
261;34
261;35
261;36
261;37
261;38
261;39
261;40
261;41
261;42
261;43
261;44
261;45
261;46
261;47
261;48
261;49
261;50
261;51
261;52
261;53
261;54
261;55
261;56
261;57
261;58
261;59
261;60
261;61
261;62
261;63
261;64
261;65
261;66
261;67
261;68
261;69
261;70
261;71
261;72
261;73
261;74
261;75
261;76
261;77
261;78
261;79
261;80
261;81
261;82
261;83
261;84
261;85
261;86
261;87
261;88
261;89
261;90
261;91
261;122
261;123
261;124
262;15
262;16
262;17
262;18
262;19
262;20
262;21
262;22
262;23
262;24
262;25
262;26
262;27
262;28
262;29
262;30
262;31
262;32
262;33
262;34
262;35
262;36
262;37
262;38
262;39
262;40
262;41
262;42
262;43
262;44
262;45
262;46
262;47
262;48
262;49
262;50
262;51
262;52
262;53
262;54
262;55
262;56
262;57
262;58
262;59
262;60
262;61
262;62
262;63
262;64
262;65
262;66
262;67
262;68
262;69
262;70
262;71
262;72
262;73
262;74
262;75
262;76
262;77
262;78
262;79
262;80
262;81
262;82
262;83
262;84
262;85
262;86
262;87
262;88
262;89
262;90
262;122
262;123
263;16
263;17
263;18
263;19
263;20
263;21
263;22
263;23
263;24
263;25
263;26
263;27
263;28
263;29
263;30
263;31
263;32
263;33
263;34
263;35
263;36
263;37
263;38
263;39
263;40
263;41
263;42
263;43
263;44
263;45
263;46
263;47
263;48
263;49
263;50
263;51
263;52
263;53
263;54
263;55
263;56
263;57
263;58
263;59
263;60
263;61
263;62
263;63
263;64
263;65
263;66
263;67
263;68
263;69
263;70
263;71
263;72
263;73
263;74
263;75
263;76
263;77
263;78
263;79
263;80
263;81
263;82
263;83
263;84
263;85
263;86
263;87
263;88
263;89
264;17
264;18
264;19
264;20
264;21
264;22
264;23
264;24
264;25
264;26
264;27
264;28
264;29
264;30
264;31
264;32
264;33
264;34
264;35
264;36
264;37
264;38
264;39
264;40
264;41
264;42
264;43
264;44
264;45
264;46
264;47
264;48
264;49
264;50
264;51
264;52
264;53
264;54
264;55
264;56
264;57
264;58
264;59
264;60
264;61
264;62
264;63
264;64
264;65
264;66
264;67
264;68
264;69
264;70
264;71
264;72
264;73
264;74
264;75
264;76
264;77
264;78
264;79
264;80
264;81
264;82
264;83
264;84
264;85
264;86
264;87
264;88
265;18
265;19
265;20
265;21
265;22
265;23
265;24
265;25
265;26
265;27
265;28
265;29
265;30
265;31
265;32
265;33
265;34
265;35
265;36
265;37
265;38
265;39
265;40
265;41
265;42
265;43
265;44
265;45
265;46
265;47
265;48
265;49
265;50
265;51
265;52
265;53
265;54
265;55
265;56
265;57
265;58
265;59
265;60
265;61
265;62
265;63
265;64
265;65
265;66
265;67
265;68
265;69
265;70
265;71
265;72
265;73
265;74
265;75
265;76
265;77
265;78
265;79
265;80
265;81
265;82
265;83
265;84
265;85
265;86
265;87
265;88
266;19
266;20
266;21
266;22
266;23
266;24
266;25
266;26
266;27
266;28
266;29
266;30
266;31
266;32
266;33
266;34
266;35
266;36
266;37
266;38
266;39
266;40
266;41
266;42
266;43
266;44
266;45
266;46
266;47
266;48
266;49
266;50
266;51
266;52
266;53
266;54
266;55
266;56
266;57
266;58
266;59
266;60
266;61
266;62
266;63
266;64
266;65
266;66
266;67
266;68
266;69
266;70
266;71
266;72
266;73
266;74
266;75
266;76
266;77
266;78
266;79
266;80
266;81
266;82
266;83
266;84
266;85
266;86
266;87
267;20
267;21
267;22
267;23
267;24
267;25
267;26
267;27
267;28
267;29
267;30
267;31
267;32
267;33
267;34
267;35
267;36
267;37
267;38
267;39
267;40
267;41
267;42
267;43
267;44
267;45
267;46
267;47
267;48
267;49
267;50
267;51
267;52
267;53
267;54
267;55
267;56
267;57
267;58
267;59
267;60
267;61
267;62
267;63
267;64
267;65
267;66
267;67
267;68
267;69
267;70
267;71
267;72
267;73
267;74
267;75
267;76
267;77
267;78
267;79
267;80
267;81
267;82
267;83
267;84
267;85
267;86
268;21
268;22
268;23
268;24
268;25
268;26
268;27
268;28
268;29
268;30
268;31
268;32
268;33
268;34
268;35
268;36
268;37
268;38
268;39
268;40
268;41
268;42
268;43
268;44
268;45
268;46
268;47
268;48
268;49
268;50
268;51
268;52
268;53
268;54
268;55
268;56
268;57
268;58
268;59
268;60
268;61
268;62
268;63
268;64
268;65
268;66
268;67
268;68
268;69
268;70
268;71
268;72
268;73
268;74
268;75
268;76
268;77
268;78
268;79
268;80
268;81
268;82
268;83
268;84
268;85
269;22
269;23
269;24
269;25
269;26
269;27
269;28
269;29
269;30
269;31
269;32
269;33
269;34
269;35
269;36
269;37
269;38
269;39
269;40
269;41
269;42
269;43
269;44
269;45
269;46
269;47
269;48
269;49
269;50
269;51
269;52
269;53
269;54
269;55
269;56
269;57
269;58
269;59
269;60
269;61
269;62
269;63
269;64
269;65
269;66
269;67
269;68
269;69
269;70
269;71
269;72
269;73
269;74
269;75
269;76
269;77
269;78
269;79
269;80
269;81
269;82
269;83
269;84
270;23
270;24
270;25
270;26
270;27
270;28
270;29
270;30
270;31
270;32
270;33
270;34
270;35
270;36
270;37
270;38
270;39
270;40
270;41
270;42
270;43
270;44
270;45
270;46
270;47
270;48
270;49
270;50
270;51
270;52
270;53
270;54
270;55
270;56
270;57
270;58
270;59
270;60
270;61
270;62
270;63
270;64
270;65
270;66
270;67
270;68
270;69
270;70
270;71
270;72
270;73
270;74
270;75
270;76
270;77
270;78
270;79
270;80
270;81
270;82
270;83
270;84
271;25
271;26
271;27
271;28
271;29
271;30
271;31
271;32
271;33
271;34
271;35
271;36
271;37
271;38
271;39
271;40
271;41
271;42
271;43
271;44
271;45
271;46
271;47
271;48
271;49
271;50
271;51
271;52
271;53
271;54
271;55
271;56
271;57
271;58
271;59
271;60
271;61
271;62
271;63
271;64
271;65
271;66
271;67
271;68
271;69
271;70
271;71
271;72
271;73
271;74
271;75
271;76
271;77
271;78
271;79
271;80
271;81
271;82
271;83
272;26
272;27
272;28
272;29
272;30
272;31
272;32
272;33
272;34
272;35
272;36
272;37
272;38
272;39
272;40
272;41
272;42
272;43
272;44
272;45
272;46
272;47
272;48
272;49
272;50
272;51
272;52
272;53
272;54
272;55
272;56
272;57
272;58
272;59
272;60
272;61
272;62
272;63
272;64
272;65
272;66
272;67
272;68
272;69
272;70
272;71
272;72
272;73
272;74
272;75
272;76
272;77
272;78
272;79
272;80
272;81
272;82
273;27
273;28
273;29
273;30
273;31
273;32
273;33
273;34
273;35
273;36
273;37
273;38
273;39
273;40
273;41
273;42
273;43
273;44
273;45
273;46
273;47
273;48
273;49
273;50
273;51
273;52
273;53
273;54
273;55
273;56
273;57
273;58
273;59
273;60
273;61
273;62
273;63
273;64
273;65
273;66
273;67
273;68
273;69
273;70
273;71
273;72
273;73
273;74
273;75
273;76
273;77
273;78
273;79
273;80
273;81
274;28
274;29
274;30
274;31
274;32
274;33
274;34
274;35
274;36
274;37
274;38
274;39
274;40
274;41
274;42
274;43
274;44
274;45
274;46
274;47
274;48
274;49
274;50
274;51
274;52
274;53
274;54
274;55
274;56
274;57
274;58
274;59
274;60
274;61
274;62
274;63
274;64
274;65
274;66
274;67
274;68
274;69
274;70
274;71
274;72
274;73
274;74
274;75
274;76
274;77
274;78
274;79
274;80
274;81
275;29
275;30
275;31
275;32
275;33
275;34
275;35
275;36
275;37
275;38
275;39
275;40
275;41
275;42
275;43
275;44
275;45
275;46
275;47
275;48
275;49
275;50
275;51
275;52
275;53
275;54
275;55
275;56
275;57
275;58
275;59
275;60
275;61
275;62
275;63
275;64
275;65
275;66
275;67
275;68
275;69
275;70
275;71
275;72
275;73
275;74
275;75
275;76
275;77
275;78
275;79
275;80
276;30
276;31
276;32
276;33
276;34
276;35
276;36
276;37
276;38
276;39
276;40
276;41
276;42
276;43
276;44
276;45
276;46
276;47
276;48
276;49
276;50
276;51
276;52
276;53
276;54
276;55
276;56
276;57
276;58
276;59
276;60
276;61
276;62
276;63
276;64
276;65
276;66
276;67
276;68
276;69
276;70
276;71
276;72
276;73
276;74
276;75
276;76
276;77
276;78
276;79
277;31
277;32
277;33
277;34
277;35
277;36
277;37
277;38
277;39
277;40
277;41
277;42
277;43
277;44
277;45
277;46
277;47
277;48
277;49
277;50
277;51
277;52
277;53
277;54
277;55
277;56
277;57
277;58
277;59
277;60
277;61
277;62
277;63
277;64
277;65
277;66
277;67
277;68
277;69
277;70
277;71
277;72
277;73
277;74
277;75
277;76
277;77
277;78
278;32
278;33
278;34
278;35
278;36
278;37
278;38
278;39
278;40
278;41
278;42
278;43
278;44
278;45
278;46
278;47
278;48
278;49
278;50
278;51
278;52
278;53
278;54
278;55
278;56
278;57
278;58
278;59
278;60
278;61
278;62
278;63
278;64
278;65
278;66
278;67
278;68
278;69
278;70
278;71
278;72
278;73
278;74
278;75
278;76
278;77
278;78
279;34
279;35
279;36
279;37
279;38
279;39
279;40
279;41
279;42
279;43
279;44
279;45
279;46
279;47
279;48
279;49
279;50
279;51
279;52
279;53
279;54
279;55
279;56
279;57
279;58
279;59
279;60
279;61
279;62
279;63
279;64
279;65
279;66
279;67
279;68
279;69
279;70
279;71
279;72
279;73
279;74
279;75
279;76
279;77
280;35
280;36
280;37
280;38
280;39
280;40
280;41
280;42
280;43
280;44
280;45
280;46
280;47
280;48
280;49
280;50
280;51
280;52
280;53
280;54
280;55
280;56
280;57
280;58
280;59
280;60
280;61
280;62
280;63
280;64
280;65
280;66
280;67
280;68
280;69
280;70
280;71
280;72
280;73
280;74
280;75
280;76
281;36
281;37
281;38
281;39
281;40
281;41
281;42
281;43
281;44
281;45
281;46
281;47
281;48
281;49
281;50
281;51
281;52
281;53
281;54
281;55
281;56
281;57
281;58
281;59
281;60
281;61
281;62
281;63
281;64
281;65
281;66
281;67
281;68
281;69
281;70
281;71
281;72
281;73
281;74
281;75
282;37
282;38
282;39
282;40
282;41
282;42
282;43
282;44
282;45
282;46
282;47
282;48
282;49
282;50
282;51
282;52
282;53
282;54
282;55
282;56
282;57
282;58
282;59
282;60
282;61
282;62
282;63
282;64
282;65
282;66
282;67
282;68
282;69
282;70
282;71
282;72
282;73
282;74
282;75
283;38
283;39
283;40
283;41
283;42
283;43
283;44
283;45
283;46
283;47
283;48
283;49
283;50
283;51
283;52
283;53
283;54
283;55
283;56
283;57
283;58
283;59
283;60
283;61
283;62
283;63
283;64
283;65
283;66
283;67
283;68
283;69
283;70
283;71
283;72
283;73
283;74
284;39
284;40
284;41
284;42
284;43
284;44
284;45
284;46
284;47
284;48
284;49
284;50
284;51
284;52
284;53
284;54
284;55
284;56
284;57
284;58
284;59
284;60
284;61
284;62
284;63
284;64
284;65
284;66
284;67
284;68
284;69
284;70
284;71
284;72
284;73
284;385
285;40
285;41
285;42
285;43
285;44
285;45
285;46
285;47
285;48
285;49
285;50
285;51
285;52
285;53
285;54
285;55
285;56
285;57
285;58
285;59
285;60
285;61
285;62
285;63
285;64
285;65
285;66
285;67
285;68
285;69
285;70
285;71
285;72
285;385
285;386
286;41
286;42
286;43
286;44
286;45
286;46
286;47
286;48
286;49
286;50
286;51
286;52
286;53
286;54
286;55
286;56
286;57
286;58
286;59
286;60
286;61
286;62
286;63
286;64
286;65
286;66
286;67
286;68
286;69
286;70
286;71
286;72
286;331
286;332
286;384
286;385
286;386
286;387
287;43
287;44
287;45
287;46
287;47
287;48
287;49
287;50
287;51
287;52
287;53
287;54
287;55
287;56
287;57
287;58
287;59
287;60
287;61
287;62
287;63
287;64
287;65
287;66
287;67
287;68
287;69
287;70
287;71
287;331
287;332
287;333
287;334
287;335
287;384
287;385
287;386
287;387
287;388
288;44
288;45
288;46
288;47
288;48
288;49
288;50
288;51
288;52
288;53
288;54
288;55
288;56
288;57
288;58
288;59
288;60
288;61
288;62
288;63
288;64
288;65
288;66
288;67
288;68
288;69
288;70
288;331
288;332
288;333
288;334
288;335
288;336
288;337
288;384
288;385
288;386
288;387
288;388
289;45
289;46
289;47
289;48
289;49
289;50
289;51
289;52
289;53
289;54
289;55
289;56
289;57
289;58
289;59
289;60
289;61
289;62
289;63
289;64
289;65
289;66
289;67
289;68
289;69
289;331
289;332
289;333
289;334
289;335
289;336
289;337
289;338
289;339
289;383
289;384
289;385
289;386
289;387
289;388
289;389
290;46
290;47
290;48
290;49
290;50
290;51
290;52
290;53
290;54
290;55
290;56
290;57
290;58
290;59
290;60
290;61
290;62
290;63
290;64
290;65
290;66
290;67
290;68
290;69
290;331
290;332
290;333
290;334
290;335
290;336
290;337
290;338
290;339
290;340
290;341
290;342
290;383
290;384
290;385
290;386
290;387
290;388
290;389
290;390
291;47
291;48
291;49
291;50
291;51
291;52
291;53
291;54
291;55
291;56
291;57
291;58
291;59
291;60
291;61
291;62
291;63
291;64
291;65
291;66
291;67
291;68
291;332
291;333
291;334
291;335
291;336
291;337
291;338
291;339
291;340
291;341
291;342
291;343
291;344
291;382
291;383
291;384
291;385
291;386
291;387
291;388
291;389
291;390
291;391
292;48
292;49
292;50
292;51
292;52
292;53
292;54
292;55
292;56
292;57
292;58
292;60
292;61
292;62
292;63
292;64
292;65
292;66
292;67
292;332
292;333
292;334
292;335
292;336
292;337
292;338
292;339
292;340
292;341
292;342
292;343
292;344
292;345
292;346
292;382
292;383
292;384
292;385
292;386
292;387
292;388
292;389
292;390
292;391
293;49
293;50
293;51
293;52
293;53
293;54
293;55
293;56
293;57
293;58
293;60
293;61
293;62
293;63
293;64
293;65
293;66
293;332
293;333
293;334
293;335
293;336
293;337
293;338
293;339
293;340
293;341
293;342
293;343
293;344
293;345
293;346
293;347
293;348
293;349
293;382
293;383
293;384
293;385
293;386
293;387
293;388
293;389
293;390
293;391
293;392
294;50
294;51
294;52
294;53
294;54
294;55
294;56
294;57
294;58
294;61
294;62
294;63
294;64
294;65
294;332
294;333
294;334
294;335
294;336
294;337
294;338
294;339
294;340
294;341
294;342
294;343
294;344
294;345
294;346
294;347
294;348
294;349
294;350
294;351
294;381
294;382
294;383
294;384
294;385
294;386
294;387
294;388
294;389
294;390
294;391
294;392
294;393
295;51
295;52
295;53
295;54
295;55
295;56
295;57
295;58
295;61
295;62
295;63
295;64
295;65
295;332
295;333
295;334
295;335
295;336
295;337
295;338
295;339
295;340
295;341
295;342
295;343
295;344
295;345
295;346
295;347
295;348
295;349
295;350
295;351
295;352
295;353
295;381
295;382
295;383
295;384
295;385
295;386
295;387
295;388
295;389
295;390
295;391
295;392
295;393
295;394
296;53
296;54
296;55
296;56
296;57
296;58
296;62
296;63
296;64
296;332
296;333
296;334
296;335
296;336
296;337
296;338
296;339
296;340
296;341
296;342
296;343
296;344
296;345
296;346
296;347
296;348
296;349
296;350
296;351
296;352
296;353
296;354
296;355
296;380
296;381
296;382
296;383
296;384
296;385
296;386
296;387
296;388
296;389
296;390
296;391
296;392
296;393
296;394
296;395
297;54
297;55
297;56
297;57
297;62
297;63
297;332
297;333
297;334
297;335
297;336
297;337
297;338
297;339
297;340
297;341
297;342
297;343
297;344
297;345
297;346
297;347
297;348
297;349
297;350
297;351
297;352
297;353
297;354
297;355
297;356
297;357
297;358
297;380
297;381
297;382
297;383
297;384
297;385
297;386
297;387
297;388
297;389
297;390
297;391
297;392
297;393
297;394
297;395
298;55
298;56
298;57
298;332
298;333
298;334
298;335
298;336
298;337
298;338
298;339
298;340
298;341
298;342
298;343
298;344
298;345
298;346
298;347
298;348
298;349
298;350
298;351
298;352
298;353
298;354
298;355
298;356
298;357
298;358
298;359
298;360
298;380
298;381
298;382
298;383
298;384
298;385
298;386
298;387
298;388
298;389
298;390
298;391
298;392
298;393
298;394
298;395
298;396
299;56
299;57
299;332
299;333
299;334
299;335
299;336
299;337
299;338
299;339
299;340
299;341
299;342
299;343
299;344
299;345
299;346
299;347
299;348
299;349
299;350
299;351
299;352
299;353
299;354
299;355
299;356
299;357
299;358
299;359
299;360
299;361
299;362
299;379
299;380
299;381
299;382
299;383
299;384
299;385
299;386
299;387
299;388
299;389
299;390
299;391
299;392
299;393
299;394
299;395
299;396
299;397
300;57
300;333
300;334
300;335
300;336
300;337
300;338
300;339
300;340
300;341
300;342
300;343
300;344
300;345
300;346
300;347
300;348
300;349
300;350
300;351
300;352
300;353
300;354
300;355
300;356
300;357
300;358
300;359
300;360
300;361
300;362
300;363
300;364
300;365
300;379
300;380
300;381
300;382
300;383
300;384
300;385
300;386
300;387
300;388
300;389
300;390
300;391
300;392
300;393
300;394
300;395
300;396
300;397
300;398
301;333
301;334
301;335
301;336
301;337
301;338
301;339
301;340
301;341
301;342
301;343
301;344
301;345
301;346
301;347
301;348
301;349
301;350
301;351
301;352
301;353
301;354
301;355
301;356
301;357
301;358
301;359
301;360
301;361
301;362
301;363
301;364
301;365
301;366
301;367
301;378
301;379
301;380
301;381
301;382
301;383
301;384
301;385
301;386
301;387
301;388
301;389
301;390
301;391
301;392
301;393
301;394
301;395
301;396
301;397
301;398
301;399
302;333
302;334
302;335
302;336
302;337
302;338
302;339
302;340
302;341
302;342
302;343
302;344
302;345
302;346
302;347
302;348
302;349
302;350
302;351
302;352
302;353
302;354
302;355
302;356
302;357
302;358
302;359
302;360
302;361
302;362
302;363
302;364
302;365
302;366
302;367
302;368
302;369
302;378
302;379
302;380
302;381
302;382
302;383
302;384
302;385
302;386
302;387
302;388
302;389
302;390
302;391
302;392
302;393
302;394
302;395
302;396
302;397
302;398
302;399
303;333
303;334
303;335
303;336
303;337
303;338
303;339
303;340
303;341
303;342
303;343
303;344
303;345
303;346
303;347
303;348
303;349
303;350
303;351
303;352
303;353
303;354
303;355
303;356
303;357
303;358
303;359
303;360
303;361
303;362
303;363
303;364
303;365
303;366
303;367
303;368
303;369
303;370
303;371
303;378
303;379
303;380
303;381
303;382
303;383
303;384
303;385
303;386
303;387
303;388
303;389
303;390
303;391
303;392
303;393
303;394
303;395
303;396
303;397
303;398
303;399
303;400
304;333
304;334
304;335
304;336
304;337
304;338
304;339
304;340
304;341
304;342
304;343
304;344
304;345
304;346
304;347
304;348
304;349
304;350
304;351
304;352
304;353
304;354
304;355
304;356
304;357
304;358
304;359
304;360
304;361
304;362
304;363
304;364
304;365
304;366
304;367
304;368
304;369
304;370
304;371
304;372
304;373
304;374
304;377
304;378
304;379
304;380
304;381
304;382
304;383
304;384
304;385
304;386
304;387
304;388
304;389
304;390
304;391
304;392
304;393
304;394
304;395
304;396
304;397
304;398
304;399
304;400
304;401
305;333
305;334
305;335
305;336
305;337
305;338
305;339
305;340
305;341
305;342
305;343
305;344
305;345
305;346
305;347
305;348
305;349
305;350
305;351
305;352
305;353
305;354
305;355
305;356
305;357
305;358
305;359
305;360
305;361
305;362
305;363
305;364
305;365
305;366
305;367
305;368
305;369
305;370
305;371
305;372
305;373
305;374
305;375
305;376
305;377
305;378
305;379
305;380
305;381
305;382
305;383
305;384
305;385
305;386
305;387
305;388
305;389
305;390
305;391
305;392
305;393
305;394
305;395
305;396
305;397
305;398
305;399
305;400
305;401
305;402
306;333
306;334
306;335
306;336
306;337
306;338
306;339
306;340
306;341
306;342
306;343
306;344
306;345
306;346
306;347
306;348
306;349
306;350
306;351
306;352
306;353
306;354
306;355
306;356
306;357
306;358
306;359
306;360
306;361
306;362
306;363
306;364
306;365
306;366
306;367
306;368
306;369
306;370
306;371
306;372
306;373
306;374
306;375
306;376
306;377
306;378
306;379
306;380
306;381
306;382
306;383
306;384
306;385
306;386
306;387
306;388
306;389
306;390
306;391
306;392
306;393
306;394
306;395
306;396
306;397
306;398
306;399
306;400
306;401
306;402
306;403
307;333
307;334
307;335
307;336
307;337
307;338
307;339
307;340
307;341
307;342
307;343
307;344
307;345
307;346
307;347
307;348
307;349
307;350
307;351
307;352
307;353
307;354
307;355
307;356
307;357
307;358
307;359
307;360
307;361
307;362
307;363
307;364
307;365
307;366
307;367
307;368
307;369
307;370
307;371
307;372
307;373
307;374
307;375
307;376
307;377
307;378
307;379
307;380
307;381
307;382
307;383
307;384
307;385
307;386
307;387
307;388
307;389
307;390
307;391
307;392
307;393
307;394
307;395
307;396
307;397
307;398
307;399
307;400
307;401
307;402
307;403
308;333
308;334
308;335
308;336
308;337
308;338
308;339
308;340
308;341
308;342
308;343
308;344
308;345
308;346
308;347
308;348
308;349
308;350
308;351
308;352
308;353
308;354
308;355
308;356
308;357
308;358
308;359
308;360
308;361
308;362
308;363
308;364
308;365
308;366
308;367
308;368
308;369
308;370
308;371
308;372
308;373
308;374
308;375
308;376
308;377
308;378
308;379
308;380
308;381
308;382
308;383
308;384
308;385
308;386
308;387
308;388
308;389
308;390
308;391
308;392
308;393
308;394
308;395
308;396
308;397
308;398
308;399
308;400
308;401
308;402
308;403
308;404
309;334
309;335
309;336
309;337
309;338
309;339
309;340
309;341
309;342
309;343
309;344
309;345
309;346
309;347
309;348
309;349
309;350
309;351
309;352
309;353
309;354
309;355
309;356
309;357
309;358
309;359
309;360
309;361
309;362
309;363
309;364
309;365
309;366
309;367
309;368
309;369
309;370
309;371
309;372
309;373
309;374
309;375
309;376
309;377
309;378
309;379
309;380
309;381
309;382
309;383
309;384
309;385
309;386
309;387
309;388
309;389
309;390
309;391
309;392
309;393
309;394
309;395
309;396
309;397
309;398
309;399
309;400
309;401
309;402
309;403
309;404
309;405
310;334
310;335
310;336
310;337
310;338
310;339
310;340
310;341
310;342
310;343
310;344
310;345
310;346
310;347
310;348
310;349
310;350
310;351
310;352
310;353
310;354
310;355
310;356
310;357
310;358
310;359
310;360
310;361
310;362
310;363
310;364
310;365
310;366
310;367
310;368
310;369
310;370
310;371
310;372
310;373
310;374
310;375
310;376
310;377
310;378
310;379
310;380
310;381
310;382
310;383
310;384
310;385
310;386
310;387
310;388
310;389
310;390
310;391
310;392
310;393
310;394
310;395
310;396
310;397
310;398
310;399
310;400
310;401
310;402
310;403
310;404
310;405
310;406
311;334
311;335
311;336
311;337
311;338
311;339
311;340
311;341
311;342
311;343
311;344
311;345
311;346
311;347
311;348
311;349
311;350
311;351
311;352
311;353
311;354
311;355
311;356
311;357
311;358
311;359
311;360
311;361
311;362
311;363
311;364
311;365
311;366
311;367
311;368
311;369
311;370
311;371
311;372
311;373
311;374
311;375
311;376
311;377
311;378
311;379
311;380
311;381
311;382
311;383
311;384
311;385
311;386
311;387
311;388
311;389
311;390
311;391
311;392
311;393
311;394
311;395
311;396
311;397
311;398
311;399
311;400
311;401
311;402
311;403
311;404
311;405
311;406
311;407
312;334
312;335
312;336
312;337
312;338
312;339
312;340
312;341
312;342
312;343
312;344
312;345
312;346
312;347
312;348
312;349
312;350
312;351
312;352
312;353
312;354
312;355
312;356
312;357
312;358
312;359
312;360
312;361
312;362
312;363
312;364
312;365
312;366
312;367
312;368
312;369
312;370
312;371
312;372
312;373
312;374
312;375
312;376
312;377
312;378
312;379
312;380
312;381
312;382
312;383
312;384
312;385
312;386
312;387
312;388
312;389
312;390
312;391
312;392
312;393
312;394
312;395
312;396
312;397
312;398
312;399
312;400
312;401
312;402
312;403
312;404
312;405
312;406
312;407
313;334
313;335
313;336
313;337
313;338
313;339
313;340
313;341
313;342
313;343
313;344
313;345
313;346
313;347
313;348
313;349
313;350
313;351
313;352
313;353
313;354
313;355
313;356
313;357
313;358
313;359
313;360
313;361
313;362
313;363
313;364
313;365
313;366
313;367
313;368
313;369
313;370
313;371
313;372
313;373
313;374
313;375
313;376
313;377
313;378
313;379
313;380
313;381
313;382
313;383
313;384
313;385
313;386
313;387
313;388
313;389
313;390
313;391
313;392
313;393
313;394
313;395
313;396
313;397
313;398
313;399
313;400
313;401
313;402
313;403
313;404
313;405
313;406
313;407
313;408
314;334
314;335
314;336
314;337
314;338
314;339
314;340
314;341
314;342
314;343
314;344
314;345
314;346
314;347
314;348
314;349
314;350
314;351
314;352
314;353
314;354
314;355
314;356
314;357
314;358
314;359
314;360
314;361
314;362
314;363
314;364
314;365
314;366
314;367
314;368
314;369
314;370
314;371
314;372
314;373
314;374
314;375
314;376
314;377
314;378
314;379
314;380
314;381
314;382
314;383
314;384
314;385
314;386
314;387
314;388
314;389
314;390
314;391
314;392
314;393
314;394
314;395
314;396
314;397
314;398
314;399
314;400
314;401
314;402
314;403
314;404
314;405
314;406
314;407
314;408
314;409
315;334
315;335
315;336
315;337
315;338
315;339
315;340
315;341
315;342
315;343
315;344
315;345
315;346
315;347
315;348
315;349
315;350
315;351
315;352
315;353
315;354
315;355
315;356
315;357
315;358
315;359
315;360
315;361
315;362
315;363
315;364
315;365
315;366
315;367
315;368
315;369
315;370
315;371
315;372
315;373
315;374
315;375
315;376
315;377
315;378
315;379
315;380
315;381
315;382
315;383
315;384
315;385
315;386
315;387
315;388
315;389
315;390
315;391
315;392
315;393
315;394
315;395
315;396
315;397
315;398
315;399
315;400
315;401
315;402
315;403
315;404
315;405
315;406
315;407
315;408
315;409
315;410
316;334
316;335
316;336
316;337
316;338
316;339
316;340
316;341
316;342
316;343
316;344
316;345
316;346
316;347
316;348
316;349
316;350
316;351
316;352
316;353
316;354
316;355
316;356
316;357
316;358
316;359
316;360
316;361
316;362
316;363
316;364
316;365
316;366
316;367
316;368
316;369
316;370
316;371
316;372
316;373
316;374
316;375
316;376
316;377
316;378
316;379
316;380
316;381
316;382
316;383
316;384
316;385
316;386
316;387
316;388
316;389
316;390
316;391
316;392
316;393
316;394
316;395
316;396
316;397
316;398
316;399
316;400
316;401
316;402
316;403
316;404
316;405
316;406
316;407
316;408
316;409
316;410
317;335
317;336
317;337
317;338
317;339
317;340
317;341
317;342
317;343
317;344
317;345
317;346
317;347
317;348
317;349
317;350
317;351
317;352
317;353
317;354
317;355
317;356
317;357
317;358
317;359
317;360
317;361
317;362
317;363
317;364
317;365
317;366
317;367
317;368
317;369
317;370
317;371
317;372
317;373
317;374
317;375
317;376
317;377
317;378
317;379
317;380
317;381
317;382
317;383
317;384
317;385
317;386
317;387
317;388
317;389
317;390
317;391
317;392
317;393
317;394
317;395
317;396
317;397
317;398
317;399
317;400
317;401
317;402
317;403
317;404
317;405
317;406
317;407
317;408
317;409
317;410
317;411
318;335
318;336
318;337
318;338
318;339
318;340
318;341
318;342
318;343
318;344
318;345
318;346
318;347
318;348
318;349
318;350
318;351
318;352
318;353
318;354
318;355
318;356
318;357
318;358
318;359
318;360
318;361
318;362
318;363
318;364
318;365
318;366
318;367
318;368
318;369
318;370
318;371
318;372
318;373
318;374
318;375
318;376
318;377
318;378
318;379
318;380
318;381
318;382
318;383
318;384
318;385
318;386
318;387
318;388
318;389
318;390
318;391
318;392
318;393
318;394
318;395
318;396
318;397
318;398
318;399
318;400
318;401
318;402
318;403
318;404
318;405
318;406
318;407
318;408
318;409
318;410
318;411
318;412
319;335
319;336
319;337
319;338
319;339
319;340
319;341
319;342
319;343
319;344
319;345
319;346
319;347
319;348
319;349
319;350
319;351
319;352
319;353
319;354
319;355
319;356
319;357
319;358
319;359
319;360
319;361
319;362
319;363
319;364
319;365
319;366
319;367
319;368
319;369
319;370
319;371
319;372
319;373
319;374
319;375
319;376
319;377
319;378
319;379
319;380
319;381
319;382
319;383
319;384
319;385
319;386
319;387
319;388
319;389
319;390
319;391
319;392
319;393
319;394
319;395
319;396
319;397
319;398
319;399
319;400
319;401
319;402
319;403
319;404
319;405
319;406
319;407
319;408
319;409
319;410
319;411
319;412
319;413
320;335
320;336
320;337
320;338
320;339
320;340
320;341
320;342
320;343
320;344
320;345
320;346
320;347
320;348
320;349
320;350
320;351
320;352
320;353
320;354
320;355
320;356
320;357
320;358
320;359
320;360
320;361
320;362
320;363
320;364
320;365
320;366
320;367
320;368
320;369
320;370
320;371
320;372
320;373
320;374
320;375
320;376
320;377
320;378
320;379
320;380
320;381
320;382
320;383
320;384
320;385
320;386
320;387
320;388
320;389
320;390
320;391
320;392
320;393
320;394
320;395
320;396
320;397
320;398
320;399
320;400
320;401
320;402
320;403
320;404
320;405
320;406
320;407
320;408
320;409
320;410
320;411
320;412
320;413
320;414
321;335
321;336
321;337
321;338
321;339
321;340
321;341
321;342
321;343
321;344
321;345
321;346
321;347
321;348
321;349
321;350
321;351
321;352
321;353
321;354
321;355
321;356
321;357
321;358
321;359
321;360
321;361
321;362
321;363
321;364
321;365
321;366
321;367
321;368
321;369
321;370
321;371
321;372
321;373
321;374
321;375
321;376
321;377
321;378
321;379
321;380
321;381
321;382
321;383
321;384
321;385
321;386
321;387
321;388
321;389
321;390
321;391
321;392
321;393
321;394
321;395
321;396
321;397
321;398
321;399
321;400
321;401
321;402
321;403
321;404
321;405
321;406
321;407
321;408
321;409
321;410
321;411
321;412
321;413
321;414
322;335
322;336
322;337
322;338
322;339
322;340
322;341
322;342
322;343
322;344
322;345
322;346
322;347
322;348
322;349
322;350
322;351
322;352
322;353
322;354
322;355
322;356
322;357
322;358
322;359
322;360
322;361
322;362
322;363
322;364
322;365
322;366
322;367
322;368
322;369
322;370
322;371
322;372
322;373
322;374
322;375
322;376
322;377
322;378
322;379
322;380
322;381
322;382
322;383
322;384
322;385
322;386
322;387
322;388
322;389
322;390
322;391
322;392
322;393
322;394
322;395
322;396
322;397
322;398
322;399
322;400
322;401
322;402
322;403
322;404
322;405
322;406
322;407
322;408
322;409
322;410
322;411
322;412
322;413
322;414
322;415
323;335
323;336
323;337
323;338
323;339
323;340
323;341
323;342
323;343
323;344
323;345
323;346
323;347
323;348
323;349
323;350
323;351
323;352
323;353
323;354
323;355
323;356
323;357
323;358
323;359
323;360
323;361
323;362
323;363
323;364
323;365
323;366
323;367
323;368
323;369
323;370
323;371
323;372
323;373
323;374
323;375
323;376
323;377
323;378
323;379
323;380
323;381
323;382
323;383
323;384
323;385
323;386
323;387
323;388
323;389
323;390
323;391
323;392
323;393
323;394
323;395
323;396
323;397
323;398
323;399
323;400
323;401
323;402
323;403
323;404
323;405
323;406
323;407
323;408
323;409
323;410
323;411
323;412
323;413
323;414
323;415
323;416
323;417
324;335
324;336
324;337
324;338
324;339
324;340
324;341
324;342
324;343
324;344
324;345
324;346
324;347
324;348
324;349
324;350
324;351
324;352
324;353
324;354
324;355
324;356
324;357
324;358
324;359
324;360
324;361
324;362
324;363
324;364
324;365
324;366
324;367
324;368
324;369
324;370
324;371
324;372
324;373
324;374
324;375
324;376
324;377
324;378
324;379
324;380
324;381
324;382
324;383
324;384
324;385
324;386
324;387
324;388
324;389
324;390
324;391
324;392
324;393
324;394
324;395
324;396
324;397
324;398
324;399
324;400
324;401
324;402
324;403
324;404
324;405
324;406
324;407
324;408
324;409
324;410
324;411
324;412
324;413
324;414
324;415
324;416
324;417
324;418
324;419
324;420
325;335
325;336
325;337
325;338
325;339
325;340
325;341
325;342
325;343
325;344
325;345
325;346
325;347
325;348
325;349
325;350
325;351
325;352
325;353
325;354
325;355
325;356
325;357
325;358
325;359
325;360
325;361
325;362
325;363
325;364
325;365
325;366
325;367
325;368
325;369
325;370
325;371
325;372
325;373
325;374
325;375
325;376
325;377
325;378
325;379
325;380
325;381
325;382
325;383
325;384
325;385
325;386
325;387
325;388
325;389
325;390
325;391
325;392
325;393
325;394
325;395
325;396
325;397
325;398
325;399
325;400
325;401
325;402
325;403
325;404
325;405
325;406
325;407
325;408
325;409
325;410
325;411
325;412
325;413
325;414
325;415
325;416
325;417
325;418
325;419
325;420
325;421
325;422
326;336
326;337
326;338
326;339
326;340
326;341
326;342
326;343
326;344
326;345
326;346
326;347
326;348
326;349
326;350
326;351
326;352
326;353
326;354
326;355
326;356
326;357
326;358
326;359
326;360
326;361
326;362
326;363
326;364
326;365
326;366
326;367
326;368
326;369
326;370
326;371
326;372
326;373
326;374
326;375
326;376
326;377
326;378
326;379
326;380
326;381
326;382
326;383
326;384
326;385
326;386
326;387
326;388
326;389
326;390
326;391
326;392
326;393
326;394
326;395
326;396
326;397
326;398
326;399
326;400
326;401
326;402
326;403
326;404
326;405
326;406
326;407
326;408
326;409
326;410
326;411
326;412
326;413
326;414
326;415
326;416
326;417
326;418
326;419
326;420
326;421
326;422
326;423
326;424
327;336
327;337
327;338
327;339
327;340
327;341
327;342
327;343
327;344
327;345
327;346
327;347
327;348
327;349
327;350
327;351
327;352
327;353
327;354
327;355
327;356
327;357
327;358
327;359
327;360
327;361
327;362
327;363
327;364
327;365
327;366
327;367
327;368
327;369
327;370
327;371
327;372
327;373
327;374
327;375
327;376
327;377
327;378
327;379
327;380
327;381
327;382
327;383
327;384
327;385
327;386
327;387
327;388
327;389
327;390
327;391
327;392
327;393
327;394
327;395
327;396
327;397
327;398
327;399
327;400
327;401
327;402
327;403
327;404
327;405
327;406
327;407
327;408
327;409
327;410
327;411
327;412
327;413
327;414
327;415
327;416
327;417
327;418
327;419
327;420
327;421
327;422
327;423
327;424
328;336
328;337
328;338
328;339
328;340
328;341
328;342
328;343
328;344
328;345
328;346
328;347
328;348
328;349
328;350
328;351
328;352
328;353
328;354
328;355
328;356
328;357
328;358
328;359
328;360
328;361
328;362
328;363
328;364
328;365
328;366
328;367
328;368
328;369
328;370
328;371
328;372
328;373
328;374
328;375
328;376
328;377
328;378
328;379
328;380
328;381
328;382
328;383
328;384
328;385
328;386
328;387
328;388
328;389
328;390
328;391
328;392
328;393
328;394
328;395
328;396
328;397
328;398
328;399
328;400
328;401
328;402
328;403
328;404
328;405
328;406
328;407
328;408
328;409
328;410
328;411
328;412
328;413
328;414
328;415
328;416
328;417
328;418
328;419
328;420
328;421
328;422
328;423
329;336
329;337
329;338
329;339
329;340
329;341
329;342
329;343
329;344
329;345
329;346
329;347
329;348
329;349
329;350
329;351
329;352
329;353
329;354
329;355
329;356
329;357
329;358
329;359
329;360
329;361
329;362
329;363
329;364
329;365
329;366
329;367
329;368
329;369
329;370
329;371
329;372
329;373
329;374
329;375
329;376
329;377
329;378
329;379
329;380
329;381
329;382
329;383
329;384
329;385
329;386
329;387
329;388
329;389
329;390
329;391
329;392
329;393
329;394
329;395
329;396
329;397
329;398
329;399
329;400
329;401
329;402
329;403
329;404
329;405
329;406
329;407
329;408
329;409
329;410
329;411
329;412
329;413
329;414
329;415
329;416
329;417
329;418
329;419
329;420
329;421
329;422
330;336
330;337
330;338
330;339
330;340
330;341
330;342
330;343
330;344
330;345
330;346
330;347
330;348
330;349
330;350
330;351
330;352
330;353
330;354
330;355
330;356
330;357
330;358
330;359
330;360
330;361
330;362
330;363
330;364
330;365
330;366
330;367
330;368
330;369
330;370
330;371
330;372
330;373
330;374
330;375
330;376
330;377
330;378
330;379
330;380
330;381
330;382
330;383
330;384
330;385
330;386
330;387
330;388
330;389
330;390
330;391
330;392
330;393
330;394
330;395
330;396
330;397
330;398
330;399
330;400
330;401
330;402
330;403
330;404
330;405
330;406
330;407
330;408
330;409
330;410
330;411
330;412
330;413
330;414
330;415
330;416
330;417
330;418
330;419
330;420
330;421
330;422
331;336
331;337
331;338
331;339
331;340
331;341
331;342
331;343
331;344
331;345
331;346
331;347
331;348
331;349
331;350
331;351
331;352
331;353
331;354
331;355
331;356
331;357
331;358
331;359
331;360
331;361
331;362
331;363
331;364
331;365
331;366
331;367
331;368
331;369
331;370
331;371
331;372
331;373
331;374
331;375
331;376
331;377
331;378
331;379
331;380
331;381
331;382
331;383
331;384
331;385
331;386
331;387
331;388
331;389
331;390
331;391
331;392
331;393
331;394
331;395
331;396
331;397
331;398
331;399
331;400
331;401
331;402
331;403
331;404
331;405
331;406
331;407
331;408
331;409
331;410
331;411
331;412
331;413
331;414
331;415
331;416
331;417
331;418
331;419
331;420
331;421
331;422
332;336
332;337
332;338
332;339
332;340
332;341
332;342
332;343
332;344
332;345
332;346
332;347
332;348
332;349
332;350
332;351
332;352
332;353
332;354
332;355
332;356
332;357
332;358
332;359
332;360
332;361
332;362
332;363
332;364
332;365
332;366
332;367
332;368
332;369
332;370
332;371
332;372
332;373
332;374
332;375
332;376
332;377
332;378
332;379
332;380
332;381
332;382
332;383
332;384
332;385
332;386
332;387
332;388
332;389
332;390
332;391
332;392
332;393
332;394
332;395
332;396
332;397
332;398
332;399
332;400
332;401
332;402
332;403
332;404
332;405
332;406
332;407
332;408
332;409
332;410
332;411
332;412
332;413
332;414
332;415
332;416
332;417
332;418
332;419
332;420
332;421
332;422
332;423
333;336
333;337
333;338
333;339
333;340
333;341
333;342
333;343
333;344
333;345
333;346
333;347
333;348
333;349
333;350
333;351
333;352
333;353
333;354
333;355
333;356
333;357
333;358
333;359
333;360
333;361
333;362
333;363
333;364
333;365
333;366
333;367
333;368
333;369
333;370
333;371
333;372
333;373
333;374
333;375
333;376
333;377
333;378
333;379
333;380
333;381
333;382
333;383
333;384
333;385
333;386
333;387
333;388
333;389
333;390
333;391
333;392
333;393
333;394
333;395
333;396
333;397
333;398
333;399
333;400
333;401
333;402
333;403
333;404
333;405
333;406
333;407
333;408
333;409
333;410
333;411
333;412
333;413
333;414
333;415
333;416
333;417
333;418
333;419
333;420
333;421
333;422
333;423
333;424
334;336
334;337
334;338
334;339
334;340
334;341
334;342
334;343
334;344
334;345
334;346
334;347
334;348
334;349
334;350
334;351
334;352
334;353
334;354
334;355
334;356
334;357
334;358
334;359
334;360
334;361
334;362
334;363
334;364
334;365
334;366
334;367
334;368
334;369
334;370
334;371
334;372
334;373
334;374
334;375
334;376
334;377
334;378
334;379
334;380
334;381
334;382
334;383
334;384
334;385
334;386
334;387
334;388
334;389
334;390
334;391
334;392
334;393
334;394
334;395
334;396
334;397
334;398
334;399
334;400
334;401
334;402
334;403
334;404
334;405
334;406
334;407
334;408
334;409
334;410
334;411
334;412
334;413
334;414
334;415
334;416
334;417
334;418
334;419
334;420
334;421
334;422
334;423
334;424
334;425
335;337
335;338
335;339
335;340
335;341
335;342
335;343
335;344
335;345
335;346
335;347
335;348
335;349
335;350
335;351
335;352
335;353
335;354
335;355
335;356
335;357
335;358
335;359
335;360
335;361
335;362
335;363
335;364
335;365
335;366
335;367
335;368
335;369
335;370
335;371
335;372
335;373
335;374
335;375
335;376
335;377
335;378
335;379
335;380
335;381
335;382
335;383
335;384
335;385
335;386
335;387
335;388
335;389
335;390
335;391
335;392
335;393
335;394
335;395
335;396
335;397
335;398
335;399
335;400
335;401
335;402
335;403
335;404
335;405
335;406
335;407
335;408
335;409
335;410
335;411
335;412
335;413
335;414
335;415
335;416
335;417
335;418
335;419
335;420
335;421
335;422
335;423
335;424
335;425
336;337
336;338
336;339
336;340
336;341
336;342
336;343
336;344
336;345
336;346
336;347
336;348
336;349
336;350
336;351
336;352
336;353
336;354
336;355
336;356
336;357
336;358
336;359
336;360
336;361
336;362
336;363
336;364
336;365
336;366
336;367
336;368
336;369
336;370
336;371
336;372
336;373
336;374
336;375
336;376
336;377
336;378
336;379
336;380
336;381
336;382
336;383
336;384
336;385
336;386
336;387
336;388
336;389
336;390
336;391
336;392
336;393
336;394
336;395
336;396
336;397
336;398
336;399
336;400
336;401
336;402
336;403
336;404
336;405
336;406
336;407
336;408
336;409
336;410
336;411
336;412
336;413
336;414
336;415
336;416
336;417
336;418
336;419
336;420
336;421
336;422
336;423
336;424
336;425
336;426
337;337
337;338
337;339
337;340
337;341
337;342
337;343
337;344
337;345
337;346
337;347
337;348
337;349
337;350
337;351
337;352
337;353
337;354
337;355
337;356
337;357
337;358
337;359
337;360
337;361
337;362
337;363
337;364
337;365
337;366
337;367
337;368
337;369
337;370
337;371
337;372
337;373
337;374
337;375
337;376
337;377
337;378
337;379
337;380
337;381
337;382
337;383
337;384
337;385
337;386
337;387
337;388
337;389
337;390
337;391
337;392
337;393
337;394
337;395
337;396
337;397
337;398
337;399
337;400
337;401
337;402
337;403
337;404
337;405
337;406
337;407
337;408
337;409
337;410
337;411
337;412
337;413
337;414
337;415
337;416
337;417
337;418
337;419
337;420
337;421
337;422
337;423
337;424
337;425
337;426
337;427
338;337
338;338
338;339
338;340
338;341
338;342
338;343
338;344
338;345
338;346
338;347
338;348
338;349
338;350
338;351
338;352
338;353
338;354
338;355
338;356
338;357
338;358
338;359
338;360
338;361
338;362
338;363
338;364
338;365
338;366
338;367
338;368
338;369
338;370
338;371
338;372
338;373
338;374
338;375
338;376
338;377
338;378
338;379
338;380
338;381
338;382
338;383
338;384
338;385
338;386
338;387
338;388
338;389
338;390
338;391
338;392
338;393
338;394
338;395
338;396
338;397
338;398
338;399
338;400
338;401
338;402
338;403
338;404
338;405
338;406
338;407
338;408
338;409
338;410
338;411
338;412
338;413
338;414
338;415
338;416
338;417
338;418
338;419
338;420
338;421
338;422
338;423
338;424
338;425
338;426
338;427
338;428
339;337
339;338
339;339
339;340
339;341
339;342
339;343
339;344
339;345
339;346
339;347
339;348
339;349
339;350
339;351
339;352
339;353
339;354
339;355
339;356
339;357
339;358
339;359
339;360
339;361
339;362
339;363
339;364
339;365
339;366
339;367
339;368
339;369
339;370
339;371
339;372
339;373
339;374
339;375
339;376
339;377
339;378
339;379
339;380
339;381
339;382
339;383
339;384
339;385
339;386
339;387
339;388
339;389
339;390
339;391
339;392
339;393
339;394
339;395
339;396
339;397
339;398
339;399
339;400
339;401
339;402
339;403
339;404
339;405
339;406
339;407
339;408
339;409
339;410
339;411
339;412
339;413
339;414
339;415
339;416
339;417
339;418
339;419
339;420
339;421
339;422
339;423
339;424
339;425
339;426
339;427
339;428
339;429
340;337
340;338
340;339
340;340
340;341
340;342
340;343
340;344
340;345
340;346
340;347
340;348
340;349
340;350
340;351
340;352
340;353
340;354
340;355
340;356
340;357
340;358
340;359
340;360
340;361
340;362
340;363
340;364
340;365
340;366
340;367
340;368
340;369
340;370
340;371
340;372
340;373
340;374
340;375
340;376
340;377
340;378
340;379
340;380
340;381
340;382
340;383
340;384
340;385
340;386
340;387
340;388
340;389
340;390
340;391
340;392
340;393
340;394
340;395
340;396
340;397
340;398
340;399
340;400
340;401
340;402
340;403
340;404
340;405
340;406
340;407
340;408
340;409
340;410
340;411
340;412
340;413
340;414
340;415
340;416
340;417
340;418
340;419
340;420
340;421
340;422
340;423
340;424
340;425
340;426
340;427
340;428
340;429
341;337
341;338
341;339
341;340
341;341
341;342
341;343
341;344
341;345
341;346
341;347
341;348
341;349
341;350
341;351
341;352
341;353
341;354
341;355
341;356
341;357
341;358
341;359
341;360
341;361
341;362
341;363
341;364
341;365
341;366
341;367
341;368
341;369
341;370
341;371
341;372
341;373
341;374
341;375
341;376
341;377
341;378
341;379
341;380
341;381
341;382
341;383
341;384
341;385
341;386
341;387
341;388
341;389
341;390
341;391
341;392
341;393
341;394
341;395
341;396
341;397
341;398
341;399
341;400
341;401
341;402
341;403
341;404
341;405
341;406
341;407
341;408
341;409
341;410
341;411
341;412
341;413
341;414
341;415
341;416
341;417
341;418
341;419
341;420
341;421
341;422
341;423
341;424
341;425
341;426
341;427
341;428
341;429
341;430
342;337
342;338
342;339
342;340
342;341
342;342
342;343
342;344
342;345
342;346
342;347
342;348
342;349
342;350
342;351
342;352
342;353
342;354
342;355
342;356
342;357
342;358
342;359
342;360
342;361
342;362
342;363
342;364
342;365
342;366
342;367
342;368
342;369
342;370
342;371
342;372
342;373
342;374
342;375
342;376
342;377
342;378
342;379
342;380
342;381
342;382
342;383
342;384
342;385
342;386
342;387
342;388
342;389
342;390
342;391
342;392
342;393
342;394
342;395
342;396
342;397
342;398
342;399
342;400
342;401
342;402
342;403
342;404
342;405
342;406
342;407
342;408
342;409
342;410
342;411
342;412
342;413
342;414
342;415
342;416
342;417
342;418
342;419
342;420
342;421
342;422
342;423
342;424
342;425
342;426
342;427
342;428
342;429
342;430
342;431
343;337
343;338
343;339
343;340
343;341
343;342
343;343
343;344
343;345
343;346
343;347
343;348
343;349
343;350
343;351
343;352
343;353
343;354
343;355
343;356
343;357
343;358
343;359
343;360
343;361
343;362
343;363
343;364
343;365
343;366
343;367
343;368
343;369
343;370
343;371
343;372
343;373
343;374
343;375
343;376
343;377
343;378
343;379
343;380
343;381
343;382
343;383
343;384
343;385
343;386
343;387
343;388
343;389
343;390
343;391
343;392
343;393
343;394
343;395
343;396
343;397
343;398
343;399
343;400
343;401
343;402
343;403
343;404
343;405
343;406
343;407
343;408
343;409
343;410
343;411
343;412
343;413
343;414
343;415
343;416
343;417
343;418
343;419
343;420
343;421
343;422
343;423
343;424
343;425
343;426
343;427
343;428
343;429
343;430
343;431
343;432
344;338
344;339
344;340
344;341
344;342
344;343
344;344
344;345
344;346
344;347
344;348
344;349
344;350
344;351
344;352
344;353
344;354
344;355
344;356
344;357
344;358
344;359
344;360
344;361
344;362
344;363
344;364
344;365
344;366
344;367
344;368
344;369
344;370
344;371
344;372
344;373
344;374
344;375
344;376
344;377
344;378
344;379
344;380
344;381
344;382
344;383
344;384
344;385
344;386
344;387
344;388
344;389
344;390
344;391
344;392
344;393
344;394
344;395
344;396
344;397
344;398
344;399
344;400
344;401
344;402
344;403
344;404
344;405
344;406
344;407
344;408
344;409
344;410
344;411
344;412
344;413
344;414
344;415
344;416
344;417
344;418
344;419
344;420
344;421
344;422
344;423
344;424
344;425
344;426
344;427
344;428
344;429
344;430
344;431
344;432
344;433
345;338
345;339
345;340
345;341
345;342
345;343
345;344
345;345
345;346
345;347
345;348
345;349
345;350
345;351
345;352
345;353
345;354
345;355
345;356
345;357
345;358
345;359
345;360
345;361
345;362
345;363
345;364
345;365
345;366
345;367
345;368
345;369
345;370
345;371
345;372
345;373
345;374
345;375
345;376
345;377
345;378
345;379
345;380
345;381
345;382
345;383
345;384
345;385
345;386
345;387
345;388
345;389
345;390
345;391
345;392
345;393
345;394
345;395
345;396
345;397
345;398
345;399
345;400
345;401
345;402
345;403
345;404
345;405
345;406
345;407
345;408
345;409
345;410
345;411
345;412
345;413
345;414
345;415
345;416
345;417
345;418
345;419
345;420
345;421
345;422
345;423
345;424
345;425
345;426
345;427
345;428
345;429
345;430
345;431
345;432
345;433
346;338
346;339
346;340
346;341
346;342
346;343
346;344
346;345
346;346
346;347
346;348
346;349
346;350
346;351
346;352
346;353
346;354
346;355
346;356
346;357
346;358
346;359
346;360
346;361
346;362
346;363
346;364
346;365
346;366
346;367
346;368
346;369
346;370
346;371
346;372
346;373
346;374
346;375
346;376
346;377
346;378
346;379
346;380
346;381
346;382
346;383
346;384
346;385
346;386
346;387
346;388
346;389
346;390
346;391
346;392
346;393
346;394
346;395
346;396
346;397
346;398
346;399
346;400
346;401
346;402
346;403
346;404
346;405
346;406
346;407
346;408
346;409
346;410
346;411
346;412
346;413
346;414
346;415
346;416
346;417
346;418
346;419
346;420
346;421
346;422
346;423
346;424
346;425
346;426
346;427
346;428
346;429
346;430
346;431
346;432
346;433
346;434
347;338
347;339
347;340
347;341
347;342
347;343
347;344
347;345
347;346
347;347
347;348
347;349
347;350
347;351
347;352
347;353
347;354
347;355
347;356
347;357
347;358
347;359
347;360
347;361
347;362
347;363
347;364
347;365
347;366
347;367
347;368
347;369
347;370
347;371
347;372
347;373
347;374
347;375
347;376
347;377
347;378
347;379
347;380
347;381
347;382
347;383
347;384
347;385
347;386
347;387
347;388
347;389
347;390
347;391
347;392
347;393
347;394
347;395
347;396
347;397
347;398
347;399
347;400
347;401
347;402
347;403
347;404
347;405
347;406
347;407
347;408
347;409
347;410
347;411
347;412
347;413
347;414
347;415
347;416
347;417
347;418
347;419
347;420
347;421
347;422
347;423
347;424
347;425
347;426
347;427
347;428
347;429
347;430
347;431
347;432
347;433
347;434
347;435
348;338
348;339
348;340
348;341
348;342
348;343
348;344
348;345
348;346
348;347
348;348
348;349
348;350
348;351
348;352
348;353
348;354
348;355
348;356
348;357
348;358
348;359
348;360
348;361
348;362
348;363
348;364
348;365
348;366
348;367
348;368
348;369
348;370
348;371
348;372
348;373
348;374
348;375
348;376
348;377
348;378
348;379
348;380
348;381
348;382
348;383
348;384
348;385
348;386
348;387
348;388
348;389
348;390
348;391
348;392
348;393
348;394
348;395
348;396
348;397
348;398
348;399
348;400
348;401
348;402
348;403
348;404
348;405
348;406
348;407
348;408
348;409
348;410
348;411
348;412
348;413
348;414
348;415
348;416
348;417
348;418
348;419
348;420
348;421
348;422
348;423
348;424
348;425
348;426
348;427
348;428
348;429
348;430
348;431
348;432
348;433
348;434
348;435
348;436
349;338
349;339
349;340
349;341
349;342
349;343
349;344
349;345
349;346
349;347
349;348
349;349
349;350
349;351
349;352
349;353
349;354
349;355
349;356
349;357
349;358
349;359
349;360
349;361
349;362
349;363
349;364
349;365
349;366
349;367
349;368
349;369
349;370
349;371
349;372
349;373
349;374
349;375
349;376
349;377
349;378
349;379
349;380
349;381
349;382
349;383
349;384
349;385
349;386
349;387
349;388
349;389
349;390
349;391
349;392
349;393
349;394
349;395
349;396
349;397
349;398
349;399
349;400
349;401
349;402
349;403
349;404
349;405
349;406
349;407
349;408
349;409
349;410
349;411
349;412
349;413
349;414
349;415
349;416
349;417
349;418
349;419
349;420
349;421
349;422
349;423
349;424
349;425
349;426
349;427
349;428
349;429
349;430
349;431
349;432
349;433
349;434
349;435
349;436
349;437
350;338
350;339
350;340
350;341
350;342
350;343
350;344
350;345
350;346
350;347
350;348
350;349
350;350
350;351
350;352
350;353
350;354
350;355
350;356
350;357
350;358
350;359
350;360
350;361
350;362
350;363
350;364
350;365
350;366
350;367
350;368
350;369
350;370
350;371
350;372
350;373
350;374
350;375
350;376
350;377
350;378
350;379
350;380
350;381
350;382
350;383
350;384
350;385
350;386
350;387
350;388
350;389
350;390
350;391
350;392
350;393
350;394
350;395
350;396
350;397
350;398
350;399
350;400
350;401
350;402
350;403
350;404
350;405
350;406
350;407
350;408
350;409
350;410
350;411
350;412
350;413
350;414
350;415
350;416
350;417
350;418
350;419
350;420
350;421
350;422
350;423
350;424
350;425
350;426
350;427
350;428
350;429
350;430
350;431
350;432
350;433
350;434
350;435
350;436
350;437
351;338
351;339
351;340
351;341
351;342
351;343
351;344
351;345
351;346
351;347
351;348
351;349
351;350
351;351
351;352
351;353
351;354
351;355
351;356
351;357
351;358
351;359
351;360
351;361
351;362
351;363
351;364
351;365
351;366
351;367
351;368
351;369
351;370
351;371
351;372
351;373
351;374
351;375
351;376
351;377
351;378
351;379
351;380
351;381
351;382
351;383
351;384
351;385
351;386
351;387
351;388
351;389
351;390
351;391
351;392
351;393
351;394
351;395
351;396
351;397
351;398
351;399
351;400
351;401
351;402
351;403
351;404
351;405
351;406
351;407
351;408
351;409
351;410
351;411
351;412
351;413
351;414
351;415
351;416
351;417
351;418
351;419
351;420
351;421
351;422
351;423
351;424
351;425
351;426
351;427
351;428
351;429
351;430
351;431
351;432
351;433
351;434
351;435
351;436
351;437
351;438
352;338
352;339
352;340
352;341
352;342
352;343
352;344
352;345
352;346
352;347
352;348
352;349
352;350
352;351
352;352
352;353
352;354
352;355
352;356
352;357
352;358
352;359
352;360
352;361
352;362
352;363
352;364
352;365
352;366
352;367
352;368
352;369
352;370
352;371
352;372
352;373
352;374
352;375
352;376
352;377
352;378
352;379
352;380
352;381
352;382
352;383
352;384
352;385
352;386
352;387
352;388
352;389
352;390
352;391
352;392
352;393
352;394
352;395
352;396
352;397
352;398
352;399
352;400
352;401
352;402
352;403
352;404
352;405
352;406
352;407
352;408
352;409
352;410
352;411
352;412
352;413
352;414
352;415
352;416
352;417
352;418
352;419
352;420
352;421
352;422
352;423
352;424
352;425
352;426
352;427
352;428
352;429
352;430
352;431
352;432
352;433
352;434
352;435
352;436
352;437
352;438
352;439
353;339
353;340
353;341
353;342
353;343
353;344
353;345
353;346
353;347
353;348
353;349
353;350
353;351
353;352
353;353
353;354
353;355
353;356
353;357
353;358
353;359
353;360
353;361
353;362
353;363
353;364
353;365
353;366
353;367
353;368
353;369
353;370
353;371
353;372
353;373
353;374
353;375
353;376
353;377
353;378
353;379
353;380
353;381
353;382
353;383
353;384
353;385
353;386
353;387
353;388
353;389
353;390
353;391
353;392
353;393
353;394
353;395
353;396
353;397
353;398
353;399
353;400
353;401
353;402
353;403
353;404
353;405
353;406
353;407
353;408
353;409
353;410
353;411
353;412
353;413
353;414
353;415
353;416
353;417
353;418
353;419
353;420
353;421
353;422
353;423
353;424
353;425
353;426
353;427
353;428
353;429
353;430
353;431
353;432
353;433
353;434
353;435
353;436
353;437
353;438
353;439
353;440
354;339
354;340
354;341
354;342
354;343
354;344
354;345
354;346
354;347
354;348
354;349
354;350
354;351
354;352
354;353
354;354
354;355
354;356
354;357
354;358
354;359
354;360
354;361
354;362
354;363
354;364
354;365
354;366
354;367
354;368
354;369
354;370
354;371
354;372
354;373
354;374
354;375
354;376
354;377
354;378
354;379
354;380
354;381
354;382
354;383
354;384
354;385
354;386
354;387
354;388
354;389
354;390
354;391
354;392
354;393
354;394
354;395
354;396
354;397
354;398
354;399
354;400
354;401
354;402
354;403
354;404
354;405
354;406
354;407
354;408
354;409
354;410
354;411
354;412
354;413
354;414
354;415
354;416
354;417
354;418
354;419
354;420
354;421
354;422
354;423
354;424
354;425
354;426
354;427
354;428
354;429
354;430
354;431
354;432
354;433
354;434
354;435
354;436
354;437
354;438
354;439
354;440
355;279
355;280
355;281
355;282
355;283
355;284
355;285
355;286
355;287
355;339
355;340
355;341
355;342
355;343
355;344
355;345
355;346
355;347
355;348
355;349
355;350
355;351
355;352
355;353
355;354
355;355
355;356
355;357
355;358
355;359
355;360
355;361
355;362
355;363
355;364
355;365
355;366
355;367
355;368
355;369
355;370
355;371
355;372
355;373
355;374
355;375
355;376
355;377
355;378
355;379
355;380
355;381
355;382
355;383
355;384
355;385
355;386
355;387
355;388
355;389
355;390
355;391
355;392
355;393
355;394
355;395
355;396
355;397
355;398
355;399
355;400
355;401
355;402
355;403
355;404
355;405
355;406
355;407
355;408
355;409
355;410
355;411
355;412
355;413
355;414
355;415
355;416
355;417
355;418
355;419
355;420
355;421
355;422
355;423
355;424
355;425
355;426
355;427
355;428
355;429
355;430
355;431
355;432
355;433
355;434
355;435
355;436
355;437
355;438
355;439
355;440
355;441
356;273
356;274
356;275
356;276
356;277
356;278
356;279
356;280
356;281
356;282
356;283
356;284
356;285
356;286
356;287
356;288
356;289
356;290
356;291
356;292
356;293
356;339
356;340
356;341
356;342
356;343
356;344
356;345
356;346
356;347
356;348
356;349
356;350
356;351
356;352
356;353
356;354
356;355
356;356
356;357
356;358
356;359
356;360
356;361
356;362
356;363
356;364
356;365
356;366
356;367
356;368
356;369
356;370
356;371
356;372
356;373
356;374
356;375
356;376
356;377
356;378
356;379
356;380
356;381
356;382
356;383
356;384
356;385
356;386
356;387
356;388
356;389
356;390
356;391
356;392
356;393
356;394
356;395
356;396
356;397
356;398
356;399
356;400
356;401
356;402
356;403
356;404
356;405
356;406
356;407
356;408
356;409
356;410
356;411
356;412
356;413
356;414
356;415
356;416
356;417
356;418
356;419
356;420
356;421
356;422
356;423
356;424
356;425
356;426
356;427
356;428
356;429
356;430
356;431
356;432
356;433
356;434
356;435
356;436
356;437
356;438
356;439
356;440
356;441
356;442
357;270
357;271
357;272
357;273
357;274
357;275
357;276
357;277
357;278
357;279
357;280
357;281
357;282
357;283
357;284
357;285
357;286
357;287
357;288
357;289
357;290
357;291
357;292
357;293
357;294
357;295
357;296
357;339
357;340
357;341
357;342
357;343
357;344
357;345
357;346
357;347
357;348
357;349
357;350
357;351
357;352
357;353
357;354
357;355
357;356
357;357
357;358
357;359
357;360
357;361
357;362
357;363
357;364
357;365
357;366
357;367
357;368
357;369
357;370
357;371
357;372
357;373
357;374
357;375
357;376
357;377
357;378
357;379
357;380
357;381
357;382
357;383
357;384
357;385
357;386
357;387
357;388
357;389
357;390
357;391
357;392
357;393
357;394
357;395
357;396
357;397
357;398
357;399
357;400
357;401
357;402
357;403
357;404
357;405
357;406
357;407
357;408
357;409
357;410
357;411
357;412
357;413
357;414
357;415
357;416
357;417
357;418
357;419
357;420
357;421
357;422
357;423
357;424
357;425
357;426
357;427
357;428
357;429
357;430
357;431
357;432
357;433
357;434
357;435
357;436
357;437
357;438
357;439
357;440
357;441
357;442
357;443
358;267
358;268
358;269
358;270
358;271
358;272
358;273
358;274
358;275
358;276
358;277
358;278
358;279
358;280
358;281
358;282
358;283
358;284
358;285
358;286
358;287
358;288
358;289
358;290
358;291
358;292
358;293
358;294
358;295
358;296
358;297
358;298
358;299
358;339
358;340
358;341
358;342
358;343
358;344
358;345
358;346
358;347
358;348
358;349
358;350
358;351
358;352
358;353
358;354
358;355
358;356
358;357
358;358
358;359
358;360
358;361
358;362
358;363
358;364
358;365
358;366
358;367
358;368
358;369
358;370
358;371
358;372
358;373
358;374
358;375
358;376
358;377
358;378
358;379
358;380
358;381
358;382
358;383
358;384
358;385
358;386
358;387
358;388
358;389
358;390
358;391
358;392
358;393
358;394
358;395
358;396
358;397
358;398
358;399
358;400
358;401
358;402
358;403
358;404
358;405
358;406
358;407
358;408
358;409
358;410
358;411
358;412
358;413
358;414
358;415
358;416
358;417
358;418
358;419
358;420
358;421
358;422
358;423
358;424
358;425
358;426
358;427
358;428
358;429
358;430
358;431
358;432
358;433
358;434
358;435
358;436
358;437
358;438
358;439
358;440
358;441
358;442
358;443
358;444
359;265
359;266
359;267
359;268
359;269
359;270
359;271
359;272
359;273
359;274
359;275
359;276
359;277
359;278
359;279
359;280
359;281
359;282
359;283
359;284
359;285
359;286
359;287
359;288
359;289
359;290
359;291
359;292
359;293
359;294
359;295
359;296
359;297
359;298
359;299
359;300
359;301
359;339
359;340
359;341
359;342
359;343
359;344
359;345
359;346
359;347
359;348
359;349
359;350
359;351
359;352
359;353
359;354
359;355
359;356
359;357
359;358
359;359
359;360
359;361
359;362
359;363
359;364
359;365
359;366
359;367
359;368
359;369
359;370
359;371
359;372
359;373
359;374
359;375
359;376
359;377
359;378
359;379
359;380
359;381
359;382
359;383
359;384
359;385
359;386
359;387
359;388
359;389
359;390
359;391
359;392
359;393
359;394
359;395
359;396
359;397
359;398
359;399
359;400
359;401
359;402
359;403
359;404
359;405
359;406
359;407
359;408
359;409
359;410
359;411
359;412
359;413
359;414
359;415
359;416
359;417
359;418
359;419
359;420
359;421
359;422
359;423
359;424
359;425
359;426
359;427
359;428
359;429
359;430
359;431
359;432
359;433
359;434
359;435
359;436
359;437
359;438
359;439
359;440
359;441
359;442
359;443
359;444
360;263
360;264
360;265
360;266
360;267
360;268
360;269
360;270
360;271
360;272
360;273
360;274
360;275
360;276
360;277
360;278
360;279
360;280
360;281
360;282
360;283
360;284
360;285
360;286
360;287
360;288
360;289
360;290
360;291
360;292
360;293
360;294
360;295
360;296
360;297
360;298
360;299
360;300
360;301
360;302
360;303
360;339
360;340
360;341
360;342
360;343
360;344
360;345
360;346
360;347
360;348
360;349
360;350
360;351
360;352
360;353
360;354
360;355
360;356
360;357
360;358
360;359
360;360
360;361
360;362
360;363
360;364
360;365
360;366
360;367
360;368
360;369
360;370
360;371
360;372
360;373
360;374
360;375
360;376
360;377
360;378
360;379
360;380
360;381
360;382
360;383
360;384
360;385
360;386
360;387
360;388
360;389
360;390
360;391
360;392
360;393
360;394
360;395
360;396
360;397
360;398
360;399
360;400
360;401
360;402
360;403
360;404
360;405
360;406
360;407
360;408
360;409
360;410
360;411
360;412
360;413
360;414
360;415
360;416
360;417
360;418
360;419
360;420
360;421
360;422
360;423
360;424
360;425
360;426
360;427
360;428
360;429
360;430
360;431
360;432
360;433
360;434
360;435
360;436
360;437
360;438
360;439
360;440
360;441
360;442
360;443
360;444
360;445
361;261
361;262
361;263
361;264
361;265
361;266
361;267
361;268
361;269
361;270
361;271
361;272
361;273
361;274
361;275
361;276
361;277
361;278
361;279
361;280
361;281
361;282
361;283
361;284
361;285
361;286
361;287
361;288
361;289
361;290
361;291
361;292
361;293
361;294
361;295
361;296
361;297
361;298
361;299
361;300
361;301
361;302
361;303
361;304
361;305
361;339
361;340
361;341
361;342
361;343
361;344
361;345
361;346
361;347
361;348
361;349
361;350
361;351
361;352
361;353
361;354
361;355
361;356
361;357
361;358
361;359
361;360
361;361
361;362
361;363
361;364
361;365
361;366
361;367
361;368
361;369
361;370
361;371
361;372
361;373
361;374
361;375
361;376
361;377
361;378
361;379
361;380
361;381
361;382
361;383
361;384
361;385
361;386
361;387
361;388
361;389
361;390
361;391
361;392
361;393
361;394
361;395
361;396
361;397
361;398
361;399
361;400
361;401
361;402
361;403
361;404
361;405
361;406
361;407
361;408
361;409
361;410
361;411
361;412
361;413
361;414
361;415
361;416
361;417
361;418
361;419
361;420
361;421
361;422
361;423
361;424
361;425
361;426
361;427
361;428
361;429
361;430
361;431
361;432
361;433
361;434
361;435
361;436
361;437
361;438
361;439
361;440
361;441
361;442
361;443
361;444
361;445
361;446
362;259
362;260
362;261
362;262
362;263
362;264
362;265
362;266
362;267
362;268
362;269
362;270
362;271
362;272
362;273
362;274
362;275
362;276
362;277
362;278
362;279
362;280
362;281
362;282
362;283
362;284
362;285
362;286
362;287
362;288
362;289
362;290
362;291
362;292
362;293
362;294
362;295
362;296
362;297
362;298
362;299
362;300
362;301
362;302
362;303
362;304
362;305
362;306
362;340
362;341
362;342
362;343
362;344
362;345
362;346
362;347
362;348
362;349
362;350
362;351
362;352
362;353
362;354
362;355
362;356
362;357
362;358
362;359
362;360
362;361
362;362
362;363
362;364
362;365
362;366
362;367
362;368
362;369
362;370
362;371
362;372
362;373
362;374
362;375
362;376
362;377
362;378
362;379
362;380
362;381
362;382
362;383
362;384
362;385
362;386
362;387
362;388
362;389
362;390
362;391
362;392
362;393
362;394
362;395
362;396
362;397
362;398
362;399
362;400
362;401
362;402
362;403
362;404
362;405
362;406
362;407
362;408
362;409
362;410
362;411
362;412
362;413
362;414
362;415
362;416
362;417
362;418
362;419
362;420
362;421
362;422
362;423
362;424
362;425
362;426
362;427
362;428
362;429
362;430
362;431
362;432
362;433
362;434
362;435
362;436
362;437
362;438
362;439
362;440
362;441
362;442
362;443
362;444
362;445
362;446
362;447
363;258
363;259
363;260
363;261
363;262
363;263
363;264
363;265
363;266
363;267
363;268
363;269
363;270
363;271
363;272
363;273
363;274
363;275
363;276
363;277
363;278
363;279
363;280
363;281
363;282
363;283
363;284
363;285
363;286
363;287
363;288
363;289
363;290
363;291
363;292
363;293
363;294
363;295
363;296
363;297
363;298
363;299
363;300
363;301
363;302
363;303
363;304
363;305
363;306
363;307
363;308
363;340
363;341
363;342
363;343
363;344
363;345
363;346
363;347
363;348
363;349
363;350
363;351
363;352
363;353
363;354
363;355
363;356
363;357
363;358
363;359
363;360
363;361
363;362
363;363
363;364
363;365
363;366
363;367
363;368
363;369
363;370
363;371
363;372
363;373
363;374
363;375
363;376
363;377
363;378
363;379
363;380
363;381
363;382
363;383
363;384
363;385
363;386
363;387
363;388
363;389
363;390
363;391
363;392
363;393
363;394
363;395
363;396
363;397
363;398
363;399
363;400
363;401
363;402
363;403
363;404
363;405
363;406
363;407
363;408
363;409
363;410
363;411
363;412
363;413
363;414
363;415
363;416
363;417
363;418
363;419
363;420
363;421
363;422
363;423
363;424
363;425
363;426
363;427
363;428
363;429
363;430
363;431
363;432
363;433
363;434
363;435
363;436
363;437
363;438
363;439
363;440
363;441
363;442
363;443
363;444
363;445
363;446
363;447
363;448
364;257
364;258
364;259
364;260
364;261
364;262
364;263
364;264
364;265
364;266
364;267
364;268
364;269
364;270
364;271
364;272
364;273
364;274
364;275
364;276
364;277
364;278
364;279
364;280
364;281
364;282
364;283
364;284
364;285
364;286
364;287
364;288
364;289
364;290
364;291
364;292
364;293
364;294
364;295
364;296
364;297
364;298
364;299
364;300
364;301
364;302
364;303
364;304
364;305
364;306
364;307
364;308
364;309
364;340
364;341
364;342
364;343
364;344
364;345
364;346
364;347
364;348
364;349
364;350
364;351
364;352
364;353
364;354
364;355
364;356
364;357
364;358
364;359
364;360
364;361
364;362
364;363
364;364
364;365
364;366
364;367
364;368
364;369
364;370
364;371
364;372
364;373
364;374
364;375
364;376
364;377
364;378
364;379
364;380
364;381
364;382
364;383
364;384
364;385
364;386
364;387
364;388
364;389
364;390
364;391
364;392
364;393
364;394
364;395
364;396
364;397
364;398
364;399
364;400
364;401
364;402
364;403
364;404
364;405
364;406
364;407
364;408
364;409
364;410
364;411
364;412
364;413
364;414
364;415
364;416
364;417
364;418
364;419
364;420
364;421
364;422
364;423
364;424
364;425
364;426
364;427
364;428
364;429
364;430
364;431
364;432
364;433
364;434
364;435
364;436
364;437
364;438
364;439
364;440
364;441
364;442
364;443
364;444
364;445
364;446
364;447
364;448
365;256
365;257
365;258
365;259
365;260
365;261
365;262
365;263
365;264
365;265
365;266
365;267
365;268
365;269
365;270
365;271
365;272
365;273
365;274
365;275
365;276
365;277
365;278
365;279
365;280
365;281
365;282
365;283
365;284
365;285
365;286
365;287
365;288
365;289
365;290
365;291
365;292
365;293
365;294
365;295
365;296
365;297
365;298
365;299
365;300
365;301
365;302
365;303
365;304
365;305
365;306
365;307
365;308
365;309
365;310
365;340
365;341
365;342
365;343
365;344
365;345
365;346
365;347
365;348
365;349
365;350
365;351
365;352
365;353
365;354
365;355
365;356
365;357
365;358
365;359
365;360
365;361
365;362
365;363
365;364
365;365
365;366
365;367
365;368
365;369
365;370
365;371
365;372
365;373
365;374
365;375
365;376
365;377
365;378
365;379
365;380
365;381
365;382
365;383
365;384
365;385
365;386
365;387
365;388
365;389
365;390
365;391
365;392
365;393
365;394
365;395
365;396
365;397
365;398
365;399
365;400
365;401
365;402
365;403
365;404
365;405
365;406
365;407
365;408
365;409
365;410
365;411
365;412
365;413
365;414
365;415
365;416
365;417
365;418
365;419
365;420
365;421
365;422
365;423
365;424
365;425
365;426
365;427
365;428
365;429
365;430
365;431
365;432
365;433
365;434
365;435
365;436
365;437
365;438
365;439
365;440
365;441
365;442
365;443
365;444
365;445
365;446
365;447
365;448
365;449
366;254
366;255
366;256
366;257
366;258
366;259
366;260
366;261
366;262
366;263
366;264
366;265
366;266
366;267
366;268
366;269
366;270
366;271
366;272
366;273
366;274
366;275
366;276
366;277
366;278
366;279
366;280
366;281
366;282
366;283
366;284
366;285
366;286
366;287
366;288
366;289
366;290
366;291
366;292
366;293
366;294
366;295
366;296
366;297
366;298
366;299
366;300
366;301
366;302
366;303
366;304
366;305
366;306
366;307
366;308
366;309
366;310
366;311
366;340
366;341
366;342
366;343
366;344
366;345
366;346
366;347
366;348
366;349
366;350
366;351
366;352
366;353
366;354
366;355
366;356
366;357
366;358
366;359
366;360
366;361
366;362
366;363
366;364
366;365
366;366
366;367
366;368
366;369
366;370
366;371
366;372
366;373
366;374
366;375
366;376
366;377
366;378
366;379
366;380
366;381
366;382
366;383
366;384
366;385
366;386
366;387
366;388
366;389
366;390
366;391
366;392
366;393
366;394
366;395
366;396
366;397
366;398
366;399
366;400
366;401
366;402
366;403
366;404
366;405
366;406
366;407
366;408
366;409
366;410
366;411
366;412
366;413
366;414
366;415
366;416
366;417
366;418
366;419
366;420
366;421
366;422
366;423
366;424
366;425
366;426
366;427
366;428
366;429
366;430
366;431
366;432
366;433
366;434
366;435
366;436
366;437
366;438
366;439
366;440
366;441
366;442
366;443
366;444
366;445
366;446
366;447
366;448
366;449
366;450
367;253
367;254
367;255
367;256
367;257
367;258
367;259
367;260
367;261
367;262
367;263
367;264
367;265
367;266
367;267
367;268
367;269
367;270
367;271
367;272
367;273
367;274
367;275
367;276
367;277
367;278
367;279
367;280
367;281
367;282
367;283
367;284
367;285
367;286
367;287
367;288
367;289
367;290
367;291
367;292
367;293
367;294
367;295
367;296
367;297
367;298
367;299
367;300
367;301
367;302
367;303
367;304
367;305
367;306
367;307
367;308
367;309
367;310
367;311
367;312
367;340
367;341
367;342
367;343
367;344
367;345
367;346
367;347
367;348
367;349
367;350
367;351
367;352
367;353
367;354
367;355
367;356
367;357
367;358
367;359
367;360
367;361
367;362
367;363
367;364
367;365
367;366
367;367
367;368
367;369
367;370
367;371
367;372
367;373
367;374
367;375
367;376
367;377
367;378
367;379
367;380
367;381
367;382
367;383
367;384
367;385
367;386
367;387
367;388
367;389
367;390
367;391
367;392
367;393
367;394
367;395
367;396
367;397
367;398
367;399
367;400
367;401
367;402
367;403
367;404
367;405
367;406
367;407
367;408
367;409
367;410
367;411
367;412
367;413
367;414
367;415
367;416
367;417
367;418
367;419
367;420
367;421
367;422
367;423
367;424
367;425
367;426
367;427
367;428
367;429
367;430
367;431
367;432
367;433
367;434
367;435
367;436
367;437
367;438
367;439
367;440
367;441
367;442
367;443
367;444
367;445
367;446
367;447
367;448
367;449
367;450
367;451
368;252
368;253
368;254
368;255
368;256
368;257
368;258
368;259
368;260
368;261
368;262
368;263
368;264
368;265
368;266
368;267
368;268
368;269
368;270
368;271
368;272
368;273
368;274
368;275
368;276
368;277
368;278
368;279
368;280
368;281
368;282
368;283
368;284
368;285
368;286
368;287
368;288
368;289
368;290
368;291
368;292
368;293
368;294
368;295
368;296
368;297
368;298
368;299
368;300
368;301
368;302
368;303
368;304
368;305
368;306
368;307
368;308
368;309
368;310
368;311
368;312
368;313
368;340
368;341
368;342
368;343
368;344
368;345
368;346
368;347
368;348
368;349
368;350
368;351
368;352
368;353
368;354
368;355
368;356
368;357
368;358
368;359
368;360
368;361
368;362
368;363
368;364
368;365
368;366
368;367
368;368
368;369
368;370
368;371
368;372
368;373
368;374
368;375
368;376
368;377
368;378
368;379
368;380
368;381
368;382
368;383
368;384
368;385
368;386
368;387
368;388
368;389
368;390
368;391
368;392
368;393
368;394
368;395
368;396
368;397
368;398
368;399
368;400
368;401
368;402
368;403
368;404
368;405
368;406
368;407
368;408
368;409
368;410
368;411
368;412
368;413
368;414
368;415
368;416
368;417
368;418
368;419
368;420
368;421
368;422
368;423
368;424
368;425
368;426
368;427
368;428
368;429
368;430
368;431
368;432
368;433
368;434
368;435
368;436
368;437
368;438
368;439
368;440
368;441
368;442
368;443
368;444
368;445
368;446
368;447
368;448
368;449
368;450
368;451
368;452
369;251
369;252
369;253
369;254
369;255
369;256
369;257
369;258
369;259
369;260
369;261
369;262
369;263
369;264
369;265
369;266
369;267
369;268
369;269
369;270
369;271
369;272
369;273
369;274
369;275
369;276
369;277
369;278
369;279
369;280
369;281
369;282
369;283
369;284
369;285
369;286
369;287
369;288
369;289
369;290
369;291
369;292
369;293
369;294
369;295
369;296
369;297
369;298
369;299
369;300
369;301
369;302
369;303
369;304
369;305
369;306
369;307
369;308
369;309
369;310
369;311
369;312
369;313
369;314
369;340
369;341
369;342
369;343
369;344
369;345
369;346
369;347
369;348
369;349
369;350
369;351
369;352
369;353
369;354
369;355
369;356
369;357
369;358
369;359
369;360
369;361
369;362
369;363
369;364
369;365
369;366
369;367
369;368
369;369
369;370
369;371
369;372
369;373
369;374
369;375
369;376
369;377
369;378
369;379
369;380
369;381
369;382
369;383
369;384
369;385
369;386
369;387
369;388
369;389
369;390
369;391
369;392
369;393
369;394
369;395
369;396
369;397
369;398
369;399
369;400
369;401
369;402
369;403
369;404
369;405
369;406
369;407
369;408
369;409
369;410
369;411
369;412
369;413
369;414
369;415
369;416
369;417
369;418
369;419
369;420
369;421
369;422
369;423
369;424
369;425
369;426
369;427
369;428
369;429
369;430
369;431
369;432
369;433
369;434
369;435
369;436
369;437
369;438
369;439
369;440
369;441
369;442
369;443
369;444
369;445
369;446
369;447
369;448
369;449
369;450
369;451
369;452
370;251
370;252
370;253
370;254
370;255
370;256
370;257
370;258
370;259
370;260
370;261
370;262
370;263
370;264
370;265
370;266
370;267
370;268
370;269
370;270
370;271
370;272
370;273
370;274
370;275
370;276
370;277
370;278
370;279
370;280
370;281
370;282
370;283
370;284
370;285
370;286
370;287
370;288
370;289
370;290
370;291
370;292
370;293
370;294
370;295
370;296
370;297
370;298
370;299
370;300
370;301
370;302
370;303
370;304
370;305
370;306
370;307
370;308
370;309
370;310
370;311
370;312
370;313
370;314
370;315
370;340
370;341
370;342
370;343
370;344
370;345
370;346
370;347
370;348
370;349
370;350
370;351
370;352
370;353
370;354
370;355
370;356
370;357
370;358
370;359
370;360
370;361
370;362
370;363
370;364
370;365
370;366
370;367
370;368
370;369
370;370
370;371
370;372
370;373
370;374
370;375
370;376
370;377
370;378
370;379
370;380
370;381
370;382
370;383
370;384
370;385
370;386
370;387
370;388
370;389
370;390
370;391
370;392
370;393
370;394
370;395
370;396
370;397
370;398
370;399
370;400
370;401
370;402
370;403
370;404
370;405
370;406
370;407
370;408
370;409
370;410
370;411
370;412
370;413
370;414
370;415
370;416
370;417
370;418
370;419
370;420
370;421
370;422
370;423
370;424
370;425
370;426
370;427
370;428
370;429
370;430
370;431
370;432
370;433
370;434
370;435
370;436
370;437
370;438
370;439
370;440
370;441
370;442
370;443
370;444
370;445
370;446
370;447
370;448
370;449
370;450
370;451
370;452
370;453
371;250
371;251
371;252
371;253
371;254
371;255
371;256
371;257
371;258
371;259
371;260
371;261
371;262
371;263
371;264
371;265
371;266
371;267
371;268
371;269
371;270
371;271
371;272
371;273
371;274
371;275
371;276
371;277
371;278
371;279
371;280
371;281
371;282
371;283
371;284
371;285
371;286
371;287
371;288
371;289
371;290
371;291
371;292
371;293
371;294
371;295
371;296
371;297
371;298
371;299
371;300
371;301
371;302
371;303
371;304
371;305
371;306
371;307
371;308
371;309
371;310
371;311
371;312
371;313
371;314
371;315
371;316
371;341
371;342
371;343
371;344
371;345
371;346
371;347
371;348
371;349
371;350
371;351
371;352
371;353
371;354
371;355
371;356
371;357
371;358
371;359
371;360
371;361
371;362
371;363
371;364
371;365
371;366
371;367
371;368
371;369
371;370
371;371
371;372
371;373
371;374
371;375
371;376
371;377
371;378
371;379
371;380
371;381
371;382
371;383
371;384
371;385
371;386
371;387
371;388
371;389
371;390
371;391
371;392
371;393
371;394
371;395
371;396
371;397
371;398
371;399
371;400
371;401
371;402
371;403
371;404
371;405
371;406
371;407
371;408
371;409
371;410
371;411
371;412
371;413
371;414
371;415
371;416
371;417
371;418
371;419
371;420
371;421
371;422
371;423
371;424
371;425
371;426
371;427
371;428
371;429
371;430
371;431
371;432
371;433
371;434
371;435
371;436
371;437
371;438
371;439
371;440
371;441
371;442
371;443
371;444
371;445
371;446
371;447
371;448
371;449
371;450
371;451
371;452
371;453
371;454
372;249
372;250
372;251
372;252
372;253
372;254
372;255
372;256
372;257
372;258
372;259
372;260
372;261
372;262
372;263
372;264
372;265
372;266
372;267
372;268
372;269
372;270
372;271
372;272
372;273
372;274
372;275
372;276
372;277
372;278
372;279
372;280
372;281
372;282
372;283
372;284
372;285
372;286
372;287
372;288
372;289
372;290
372;291
372;292
372;293
372;294
372;295
372;296
372;297
372;298
372;299
372;300
372;301
372;302
372;303
372;304
372;305
372;306
372;307
372;308
372;309
372;310
372;311
372;312
372;313
372;314
372;315
372;316
372;317
372;341
372;342
372;343
372;344
372;345
372;346
372;347
372;348
372;349
372;350
372;351
372;352
372;353
372;354
372;355
372;356
372;357
372;358
372;359
372;360
372;361
372;362
372;363
372;364
372;365
372;366
372;367
372;368
372;369
372;370
372;371
372;372
372;373
372;374
372;375
372;376
372;377
372;378
372;379
372;380
372;381
372;382
372;383
372;384
372;385
372;386
372;387
372;388
372;389
372;390
372;391
372;392
372;393
372;394
372;395
372;396
372;397
372;398
372;399
372;400
372;401
372;402
372;403
372;404
372;405
372;406
372;407
372;408
372;409
372;410
372;411
372;412
372;413
372;414
372;415
372;416
372;417
372;418
372;419
372;420
372;421
372;422
372;423
372;424
372;425
372;426
372;427
372;428
372;429
372;430
372;431
372;432
372;433
372;434
372;435
372;436
372;437
372;438
372;439
372;440
372;441
372;442
372;443
372;444
372;445
372;446
372;447
372;448
372;449
372;450
372;451
372;452
372;453
372;454
372;455
373;248
373;249
373;250
373;251
373;252
373;253
373;254
373;255
373;256
373;257
373;258
373;259
373;260
373;261
373;262
373;263
373;264
373;265
373;266
373;267
373;268
373;269
373;270
373;271
373;272
373;273
373;274
373;275
373;276
373;277
373;278
373;279
373;280
373;281
373;282
373;283
373;284
373;285
373;286
373;287
373;288
373;289
373;290
373;291
373;292
373;293
373;294
373;295
373;296
373;297
373;298
373;299
373;300
373;301
373;302
373;303
373;304
373;305
373;306
373;307
373;308
373;309
373;310
373;311
373;312
373;313
373;314
373;315
373;316
373;317
373;341
373;342
373;343
373;344
373;345
373;346
373;347
373;348
373;349
373;350
373;351
373;352
373;353
373;354
373;355
373;356
373;357
373;358
373;359
373;360
373;361
373;362
373;363
373;364
373;365
373;366
373;367
373;368
373;369
373;370
373;371
373;372
373;373
373;374
373;375
373;376
373;377
373;378
373;379
373;380
373;381
373;382
373;383
373;384
373;385
373;386
373;387
373;388
373;389
373;390
373;391
373;392
373;393
373;394
373;395
373;396
373;397
373;398
373;399
373;400
373;401
373;402
373;403
373;404
373;405
373;406
373;407
373;408
373;409
373;410
373;411
373;412
373;413
373;414
373;415
373;416
373;417
373;418
373;419
373;420
373;421
373;422
373;423
373;424
373;425
373;426
373;427
373;428
373;429
373;430
373;431
373;432
373;433
373;434
373;435
373;436
373;437
373;438
373;439
373;440
373;441
373;442
373;443
373;444
373;445
373;446
373;447
373;448
373;449
373;450
373;451
373;452
373;453
373;454
373;455
373;456
374;248
374;249
374;250
374;251
374;252
374;253
374;254
374;255
374;256
374;257
374;258
374;259
374;260
374;261
374;262
374;263
374;264
374;265
374;266
374;267
374;268
374;269
374;270
374;271
374;272
374;273
374;274
374;275
374;276
374;277
374;278
374;279
374;280
374;281
374;282
374;283
374;284
374;285
374;286
374;287
374;288
374;289
374;290
374;291
374;292
374;293
374;294
374;295
374;296
374;297
374;298
374;299
374;300
374;301
374;302
374;303
374;304
374;305
374;306
374;307
374;308
374;309
374;310
374;311
374;312
374;313
374;314
374;315
374;316
374;317
374;318
374;341
374;342
374;343
374;344
374;345
374;346
374;347
374;348
374;349
374;350
374;351
374;352
374;353
374;354
374;355
374;356
374;357
374;358
374;359
374;360
374;361
374;362
374;363
374;364
374;365
374;366
374;367
374;368
374;369
374;370
374;371
374;372
374;373
374;374
374;375
374;376
374;377
374;378
374;379
374;380
374;381
374;382
374;383
374;384
374;385
374;386
374;387
374;388
374;389
374;390
374;391
374;392
374;393
374;394
374;395
374;396
374;397
374;398
374;399
374;400
374;401
374;402
374;403
374;404
374;405
374;406
374;407
374;408
374;409
374;410
374;411
374;412
374;413
374;414
374;415
374;416
374;417
374;418
374;419
374;420
374;421
374;422
374;423
374;424
374;425
374;426
374;427
374;428
374;429
374;430
374;431
374;432
374;433
374;434
374;435
374;436
374;437
374;438
374;439
374;440
374;441
374;442
374;443
374;444
374;445
374;446
374;447
374;448
374;449
374;450
374;451
374;452
374;453
374;454
374;455
374;456
375;247
375;248
375;249
375;250
375;251
375;252
375;253
375;254
375;255
375;256
375;257
375;258
375;259
375;260
375;261
375;262
375;263
375;264
375;265
375;266
375;267
375;268
375;269
375;270
375;271
375;272
375;273
375;274
375;275
375;276
375;277
375;278
375;279
375;280
375;281
375;282
375;283
375;284
375;285
375;286
375;287
375;288
375;289
375;290
375;291
375;292
375;293
375;294
375;295
375;296
375;297
375;298
375;299
375;300
375;301
375;302
375;303
375;304
375;305
375;306
375;307
375;308
375;309
375;310
375;311
375;312
375;313
375;314
375;315
375;316
375;317
375;318
375;319
375;341
375;342
375;343
375;344
375;345
375;346
375;347
375;348
375;349
375;350
375;351
375;352
375;353
375;354
375;355
375;356
375;357
375;358
375;359
375;360
375;361
375;362
375;363
375;364
375;365
375;366
375;367
375;368
375;369
375;370
375;371
375;372
375;373
375;374
375;375
375;376
375;377
375;378
375;379
375;380
375;381
375;382
375;383
375;384
375;385
375;386
375;387
375;388
375;389
375;390
375;391
375;392
375;393
375;394
375;395
375;396
375;397
375;398
375;399
375;400
375;401
375;402
375;403
375;404
375;405
375;406
375;407
375;408
375;409
375;410
375;411
375;412
375;413
375;414
375;415
375;416
375;417
375;418
375;419
375;420
375;421
375;422
375;423
375;424
375;425
375;426
375;427
375;428
375;429
375;430
375;431
375;432
375;433
375;434
375;435
375;436
375;437
375;438
375;439
375;440
375;441
375;442
375;443
375;444
375;445
375;446
375;447
375;448
375;449
375;450
375;451
375;452
375;453
375;454
375;455
375;456
376;246
376;247
376;248
376;249
376;250
376;251
376;252
376;253
376;254
376;255
376;256
376;257
376;258
376;259
376;260
376;261
376;262
376;263
376;264
376;265
376;266
376;267
376;268
376;269
376;270
376;271
376;272
376;273
376;274
376;275
376;276
376;277
376;278
376;279
376;280
376;281
376;282
376;283
376;284
376;285
376;286
376;287
376;288
376;289
376;290
376;291
376;292
376;293
376;294
376;295
376;296
376;297
376;298
376;299
376;300
376;301
376;302
376;303
376;304
376;305
376;306
376;307
376;308
376;309
376;310
376;311
376;312
376;313
376;314
376;315
376;316
376;317
376;318
376;319
376;341
376;342
376;343
376;344
376;345
376;346
376;347
376;348
376;349
376;350
376;351
376;352
376;353
376;354
376;355
376;356
376;357
376;358
376;359
376;360
376;361
376;362
376;363
376;364
376;365
376;366
376;367
376;368
376;369
376;370
376;371
376;372
376;373
376;374
376;375
376;376
376;377
376;378
376;379
376;380
376;381
376;382
376;383
376;384
376;385
376;386
376;387
376;388
376;389
376;390
376;391
376;392
376;393
376;394
376;395
376;396
376;397
376;398
376;399
376;400
376;401
376;402
376;403
376;404
376;405
376;406
376;407
376;408
376;409
376;410
376;411
376;412
376;413
376;414
376;415
376;416
376;417
376;418
376;419
376;420
376;421
376;422
376;423
376;424
376;425
376;426
376;427
376;428
376;429
376;430
376;431
376;432
376;433
376;434
376;435
376;436
376;437
376;438
376;439
376;440
376;441
376;442
376;443
376;444
376;445
376;446
376;447
376;448
376;449
377;246
377;247
377;248
377;249
377;250
377;251
377;252
377;253
377;254
377;255
377;256
377;257
377;258
377;259
377;260
377;261
377;262
377;263
377;264
377;265
377;266
377;267
377;268
377;269
377;270
377;271
377;272
377;273
377;274
377;275
377;276
377;277
377;278
377;279
377;280
377;281
377;282
377;283
377;284
377;285
377;286
377;287
377;288
377;289
377;290
377;291
377;292
377;293
377;294
377;295
377;296
377;297
377;298
377;299
377;300
377;301
377;302
377;303
377;304
377;305
377;306
377;307
377;308
377;309
377;310
377;311
377;312
377;313
377;314
377;315
377;316
377;317
377;318
377;319
377;320
377;341
377;342
377;343
377;344
377;345
377;346
377;347
377;348
377;349
377;350
377;351
377;352
377;353
377;354
377;355
377;356
377;357
377;358
377;359
377;360
377;361
377;362
377;363
377;364
377;365
377;366
377;367
377;368
377;369
377;370
377;371
377;372
377;373
377;374
377;375
377;376
377;377
377;378
377;379
377;380
377;381
377;382
377;383
377;384
377;385
377;386
377;387
377;388
377;389
377;390
377;391
377;392
377;393
377;394
377;395
377;396
377;397
377;398
377;399
377;400
377;401
377;402
377;403
377;404
377;405
377;406
377;407
377;408
377;409
377;410
377;411
377;412
377;413
377;414
377;415
377;416
377;417
377;418
377;419
377;420
377;421
377;422
377;423
377;424
377;425
377;426
377;427
377;428
377;429
377;430
377;431
377;432
377;433
377;434
377;435
377;436
377;437
377;438
377;439
377;440
377;441
377;442
378;245
378;246
378;247
378;248
378;249
378;250
378;251
378;252
378;253
378;254
378;255
378;256
378;257
378;258
378;259
378;260
378;261
378;262
378;263
378;264
378;265
378;266
378;267
378;268
378;269
378;270
378;271
378;272
378;273
378;274
378;275
378;276
378;277
378;278
378;279
378;280
378;281
378;282
378;283
378;284
378;285
378;286
378;287
378;288
378;289
378;290
378;291
378;292
378;293
378;294
378;295
378;296
378;297
378;298
378;299
378;300
378;301
378;302
378;303
378;304
378;305
378;306
378;307
378;308
378;309
378;310
378;311
378;312
378;313
378;314
378;315
378;316
378;317
378;318
378;319
378;320
378;341
378;342
378;343
378;344
378;345
378;346
378;347
378;348
378;349
378;350
378;351
378;352
378;353
378;354
378;355
378;356
378;357
378;358
378;359
378;360
378;361
378;362
378;363
378;364
378;365
378;366
378;367
378;368
378;369
378;370
378;371
378;372
378;373
378;374
378;375
378;376
378;377
378;378
378;379
378;380
378;381
378;382
378;383
378;384
378;385
378;386
378;387
378;388
378;389
378;390
378;391
378;392
378;393
378;394
378;395
378;396
378;397
378;398
378;399
378;400
378;401
378;402
378;403
378;404
378;405
378;406
378;407
378;408
378;409
378;410
378;411
378;412
378;413
378;414
378;415
378;416
378;417
378;418
378;419
378;420
378;421
378;422
378;423
378;424
378;425
378;426
378;427
378;428
378;429
378;430
378;431
378;432
378;433
378;434
378;435
378;436
379;245
379;246
379;247
379;248
379;249
379;250
379;251
379;252
379;253
379;254
379;255
379;256
379;257
379;258
379;259
379;260
379;261
379;262
379;263
379;264
379;265
379;266
379;267
379;268
379;269
379;270
379;271
379;272
379;273
379;274
379;275
379;276
379;277
379;278
379;279
379;280
379;281
379;282
379;283
379;284
379;285
379;286
379;287
379;288
379;289
379;290
379;291
379;292
379;293
379;294
379;295
379;296
379;297
379;298
379;299
379;300
379;301
379;302
379;303
379;304
379;305
379;306
379;307
379;308
379;309
379;310
379;311
379;312
379;313
379;314
379;315
379;316
379;317
379;318
379;319
379;320
379;321
379;342
379;343
379;344
379;345
379;346
379;347
379;348
379;349
379;350
379;351
379;352
379;353
379;354
379;355
379;356
379;357
379;358
379;359
379;360
379;361
379;362
379;363
379;364
379;365
379;366
379;367
379;368
379;369
379;370
379;371
379;372
379;373
379;374
379;375
379;376
379;377
379;378
379;379
379;380
379;381
379;382
379;383
379;384
379;385
379;386
379;387
379;388
379;389
379;390
379;391
379;392
379;393
379;394
379;395
379;396
379;397
379;398
379;399
379;400
379;401
379;402
379;403
379;404
379;405
379;406
379;407
379;408
379;409
379;410
379;411
379;412
379;413
379;414
379;415
379;416
379;417
379;418
379;419
379;420
379;421
379;422
379;423
379;424
379;425
379;426
379;427
379;428
379;429
380;244
380;245
380;246
380;247
380;248
380;249
380;250
380;251
380;252
380;253
380;254
380;255
380;256
380;257
380;258
380;259
380;260
380;261
380;262
380;263
380;264
380;265
380;266
380;267
380;268
380;269
380;270
380;271
380;272
380;273
380;274
380;275
380;276
380;277
380;278
380;279
380;280
380;281
380;282
380;283
380;284
380;285
380;286
380;287
380;288
380;289
380;290
380;291
380;292
380;293
380;294
380;295
380;296
380;297
380;298
380;299
380;300
380;301
380;302
380;303
380;304
380;305
380;306
380;307
380;308
380;309
380;310
380;311
380;312
380;313
380;314
380;315
380;316
380;317
380;318
380;319
380;320
380;321
380;342
380;343
380;344
380;345
380;346
380;347
380;348
380;349
380;350
380;351
380;352
380;353
380;354
380;355
380;356
380;357
380;358
380;359
380;360
380;361
380;362
380;363
380;364
380;365
380;366
380;367
380;368
380;369
380;370
380;371
380;372
380;373
380;374
380;375
380;376
380;377
380;378
380;379
380;380
380;381
380;382
380;383
380;384
380;385
380;386
380;387
380;388
380;389
380;390
380;391
380;392
380;393
380;394
380;395
380;396
380;397
380;398
380;399
380;400
380;401
380;402
380;403
380;404
380;405
380;406
380;407
380;408
380;409
380;410
380;411
380;412
380;413
380;414
380;415
380;416
380;417
380;418
380;419
380;420
380;421
380;422
381;244
381;245
381;246
381;247
381;248
381;249
381;250
381;251
381;252
381;253
381;254
381;255
381;256
381;257
381;258
381;259
381;260
381;261
381;262
381;263
381;264
381;265
381;266
381;267
381;268
381;269
381;270
381;271
381;272
381;273
381;274
381;275
381;276
381;277
381;278
381;279
381;280
381;281
381;282
381;283
381;284
381;285
381;286
381;287
381;288
381;289
381;290
381;291
381;292
381;293
381;294
381;295
381;296
381;297
381;298
381;299
381;300
381;301
381;302
381;303
381;304
381;305
381;306
381;307
381;308
381;309
381;310
381;311
381;312
381;313
381;314
381;315
381;316
381;317
381;318
381;319
381;320
381;321
381;322
381;342
381;343
381;344
381;345
381;346
381;347
381;348
381;349
381;350
381;351
381;352
381;353
381;354
381;355
381;356
381;357
381;358
381;359
381;360
381;361
381;362
381;363
381;364
381;365
381;366
381;367
381;368
381;369
381;370
381;371
381;372
381;373
381;374
381;375
381;376
381;377
381;378
381;379
381;380
381;381
381;382
381;383
381;384
381;385
381;386
381;387
381;388
381;389
381;390
381;391
381;392
381;393
381;394
381;395
381;396
381;397
381;398
381;399
381;400
381;401
381;402
381;403
381;404
381;405
381;406
381;407
381;408
381;409
381;410
381;411
381;412
381;413
381;414
381;415
382;243
382;244
382;245
382;246
382;247
382;248
382;249
382;250
382;251
382;252
382;253
382;254
382;255
382;256
382;257
382;258
382;259
382;260
382;261
382;262
382;263
382;264
382;265
382;266
382;267
382;268
382;269
382;270
382;271
382;272
382;273
382;274
382;275
382;276
382;277
382;278
382;279
382;280
382;281
382;282
382;283
382;284
382;285
382;286
382;287
382;288
382;289
382;290
382;291
382;292
382;293
382;294
382;295
382;296
382;297
382;298
382;299
382;300
382;301
382;302
382;303
382;304
382;305
382;306
382;307
382;308
382;309
382;310
382;311
382;312
382;313
382;314
382;315
382;316
382;317
382;318
382;319
382;320
382;321
382;322
382;342
382;343
382;344
382;345
382;346
382;347
382;348
382;349
382;350
382;351
382;352
382;353
382;354
382;355
382;356
382;357
382;358
382;359
382;360
382;361
382;362
382;363
382;364
382;365
382;366
382;367
382;368
382;369
382;370
382;371
382;372
382;373
382;374
382;375
382;376
382;377
382;378
382;379
382;380
382;381
382;382
382;383
382;384
382;385
382;386
382;387
382;388
382;389
382;390
382;391
382;392
382;393
382;394
382;395
382;396
382;397
382;398
382;399
382;400
382;401
382;402
382;403
382;404
382;405
382;406
382;407
382;408
383;243
383;244
383;245
383;246
383;247
383;248
383;249
383;250
383;251
383;252
383;253
383;254
383;255
383;256
383;257
383;258
383;259
383;260
383;261
383;262
383;263
383;264
383;265
383;266
383;267
383;268
383;269
383;270
383;271
383;272
383;273
383;274
383;275
383;276
383;277
383;278
383;279
383;280
383;281
383;282
383;283
383;284
383;285
383;286
383;287
383;288
383;289
383;290
383;291
383;292
383;293
383;294
383;295
383;296
383;297
383;298
383;299
383;300
383;301
383;302
383;303
383;304
383;305
383;306
383;307
383;308
383;309
383;310
383;311
383;312
383;313
383;314
383;315
383;316
383;317
383;318
383;319
383;320
383;321
383;322
383;323
383;342
383;343
383;344
383;345
383;346
383;347
383;348
383;349
383;350
383;351
383;352
383;353
383;354
383;355
383;356
383;357
383;358
383;359
383;360
383;361
383;362
383;363
383;364
383;365
383;366
383;367
383;368
383;369
383;370
383;371
383;372
383;373
383;374
383;375
383;376
383;377
383;378
383;379
383;380
383;381
383;382
383;383
383;384
383;385
383;386
383;387
383;388
383;389
383;390
383;391
383;392
383;393
383;394
383;395
383;396
383;397
383;398
383;399
383;400
383;401
384;56
384;57
384;58
384;59
384;60
384;61
384;62
384;63
384;64
384;65
384;66
384;67
384;68
384;69
384;70
384;71
384;72
384;73
384;74
384;75
384;76
384;77
384;78
384;79
384;80
384;81
384;82
384;83
384;84
384;85
384;86
384;87
384;88
384;89
384;90
384;91
384;92
384;93
384;94
384;95
384;96
384;97
384;98
384;99
384;100
384;101
384;102
384;103
384;104
384;105
384;106
384;107
384;108
384;109
384;110
384;111
384;112
384;113
384;114
384;115
384;243
384;244
384;245
384;246
384;247
384;248
384;249
384;250
384;251
384;252
384;253
384;254
384;255
384;256
384;257
384;258
384;259
384;260
384;261
384;262
384;263
384;264
384;265
384;266
384;267
384;268
384;269
384;270
384;271
384;272
384;273
384;274
384;275
384;276
384;277
384;278
384;279
384;280
384;281
384;282
384;283
384;284
384;285
384;286
384;287
384;288
384;289
384;290
384;291
384;292
384;293
384;294
384;295
384;296
384;297
384;298
384;299
384;300
384;301
384;302
384;303
384;304
384;305
384;306
384;307
384;308
384;309
384;310
384;311
384;312
384;313
384;314
384;315
384;316
384;317
384;318
384;319
384;320
384;321
384;322
384;323
384;342
384;343
384;344
384;345
384;346
384;347
384;348
384;349
384;350
384;351
384;352
384;353
384;354
384;355
384;356
384;357
384;358
384;359
384;360
384;361
384;362
384;363
384;364
384;365
384;366
384;367
384;368
384;369
384;370
384;371
384;372
384;373
384;374
384;375
384;376
384;377
384;378
384;379
384;380
384;381
384;382
384;383
384;384
384;385
384;386
384;387
384;388
384;389
384;390
384;391
384;392
384;393
384;394
384;395
385;56
385;57
385;58
385;59
385;60
385;61
385;62
385;63
385;64
385;65
385;66
385;67
385;68
385;69
385;70
385;71
385;72
385;73
385;74
385;75
385;76
385;77
385;78
385;79
385;80
385;81
385;82
385;83
385;84
385;85
385;86
385;87
385;88
385;89
385;90
385;91
385;92
385;93
385;94
385;95
385;96
385;97
385;98
385;99
385;100
385;101
385;102
385;103
385;104
385;105
385;106
385;107
385;108
385;109
385;110
385;111
385;112
385;113
385;114
385;115
385;242
385;243
385;244
385;245
385;246
385;247
385;248
385;249
385;250
385;251
385;252
385;253
385;254
385;255
385;256
385;257
385;258
385;259
385;260
385;261
385;262
385;263
385;264
385;265
385;266
385;267
385;268
385;269
385;270
385;271
385;272
385;273
385;274
385;275
385;276
385;277
385;278
385;279
385;280
385;281
385;282
385;283
385;284
385;285
385;286
385;287
385;288
385;289
385;290
385;291
385;292
385;293
385;294
385;295
385;296
385;297
385;298
385;299
385;300
385;301
385;302
385;303
385;304
385;305
385;306
385;307
385;308
385;309
385;310
385;311
385;312
385;313
385;314
385;315
385;316
385;317
385;318
385;319
385;320
385;321
385;322
385;323
385;342
385;343
385;344
385;345
385;346
385;347
385;348
385;349
385;350
385;351
385;352
385;353
385;354
385;355
385;356
385;357
385;358
385;359
385;360
385;361
385;362
385;363
385;364
385;365
385;366
385;367
385;368
385;369
385;370
385;371
385;372
385;373
385;374
385;375
385;376
385;377
385;378
385;379
385;380
385;381
385;382
385;383
385;384
385;385
385;386
385;387
385;388
386;56
386;57
386;58
386;59
386;60
386;61
386;62
386;63
386;64
386;65
386;66
386;67
386;68
386;69
386;70
386;71
386;72
386;73
386;74
386;75
386;76
386;77
386;78
386;79
386;80
386;81
386;82
386;83
386;84
386;85
386;86
386;87
386;88
386;89
386;90
386;91
386;92
386;93
386;94
386;95
386;96
386;97
386;98
386;99
386;100
386;101
386;102
386;103
386;104
386;105
386;106
386;107
386;108
386;109
386;110
386;111
386;112
386;113
386;114
386;115
386;242
386;243
386;244
386;245
386;246
386;247
386;248
386;249
386;250
386;251
386;252
386;253
386;254
386;255
386;256
386;257
386;258
386;259
386;260
386;261
386;262
386;263
386;264
386;265
386;266
386;267
386;268
386;269
386;270
386;271
386;272
386;273
386;274
386;275
386;276
386;277
386;278
386;279
386;280
386;281
386;282
386;283
386;284
386;285
386;286
386;287
386;288
386;289
386;290
386;291
386;292
386;293
386;294
386;295
386;296
386;297
386;298
386;299
386;300
386;301
386;302
386;303
386;304
386;305
386;306
386;307
386;308
386;309
386;310
386;311
386;312
386;313
386;314
386;315
386;316
386;317
386;318
386;319
386;320
386;321
386;322
386;323
386;324
386;342
386;343
386;344
386;345
386;346
386;347
386;348
386;349
386;350
386;351
386;352
386;353
386;354
386;355
386;356
386;357
386;358
386;359
386;360
386;361
386;362
386;363
386;364
386;365
386;366
386;367
386;368
386;369
386;370
386;371
386;372
386;373
386;374
386;375
386;376
386;377
386;378
386;379
386;380
386;381
387;56
387;57
387;58
387;59
387;60
387;61
387;62
387;63
387;64
387;65
387;66
387;67
387;68
387;69
387;70
387;71
387;72
387;73
387;74
387;75
387;76
387;77
387;78
387;79
387;80
387;81
387;82
387;83
387;84
387;85
387;86
387;87
387;88
387;89
387;90
387;91
387;92
387;93
387;94
387;95
387;96
387;97
387;98
387;99
387;100
387;101
387;102
387;103
387;104
387;105
387;106
387;107
387;108
387;109
387;110
387;111
387;112
387;113
387;114
387;115
387;242
387;243
387;244
387;245
387;246
387;247
387;248
387;249
387;250
387;251
387;252
387;253
387;254
387;255
387;256
387;257
387;258
387;259
387;260
387;261
387;262
387;263
387;264
387;265
387;266
387;267
387;268
387;269
387;270
387;271
387;272
387;273
387;274
387;275
387;276
387;277
387;278
387;279
387;280
387;281
387;282
387;283
387;284
387;285
387;286
387;287
387;288
387;289
387;290
387;291
387;292
387;293
387;294
387;295
387;296
387;297
387;298
387;299
387;300
387;301
387;302
387;303
387;304
387;305
387;306
387;307
387;308
387;309
387;310
387;311
387;312
387;313
387;314
387;315
387;316
387;317
387;318
387;319
387;320
387;321
387;322
387;323
387;324
387;342
387;343
387;344
387;345
387;346
387;347
387;348
387;349
387;350
387;351
387;352
387;353
387;354
387;355
387;356
387;357
387;358
387;359
387;360
387;361
387;362
387;363
387;364
387;365
387;366
387;367
387;368
387;369
387;370
387;371
387;372
387;373
387;374
388;56
388;57
388;58
388;59
388;60
388;61
388;62
388;63
388;64
388;65
388;66
388;67
388;68
388;69
388;70
388;71
388;72
388;73
388;74
388;75
388;76
388;77
388;78
388;79
388;80
388;81
388;82
388;83
388;84
388;85
388;86
388;87
388;88
388;89
388;90
388;91
388;92
388;93
388;94
388;95
388;96
388;97
388;98
388;99
388;100
388;101
388;102
388;103
388;104
388;105
388;106
388;107
388;108
388;109
388;110
388;111
388;112
388;113
388;114
388;115
388;242
388;243
388;244
388;245
388;246
388;247
388;248
388;249
388;250
388;251
388;252
388;253
388;254
388;255
388;256
388;257
388;258
388;259
388;260
388;261
388;262
388;263
388;264
388;265
388;266
388;267
388;268
388;269
388;270
388;271
388;272
388;273
388;274
388;275
388;276
388;277
388;278
388;279
388;280
388;281
388;282
388;283
388;284
388;285
388;286
388;287
388;288
388;289
388;290
388;291
388;292
388;293
388;294
388;295
388;296
388;297
388;298
388;299
388;300
388;301
388;302
388;303
388;304
388;305
388;306
388;307
388;308
388;309
388;310
388;311
388;312
388;313
388;314
388;315
388;316
388;317
388;318
388;319
388;320
388;321
388;322
388;323
388;324
388;344
388;345
388;346
388;347
388;348
388;349
388;350
388;351
388;352
388;353
388;354
388;355
388;356
388;357
388;358
388;359
388;360
388;361
388;362
388;363
388;364
388;365
388;366
388;367
389;56
389;57
389;58
389;59
389;60
389;61
389;62
389;63
389;64
389;65
389;66
389;67
389;68
389;69
389;70
389;71
389;72
389;73
389;74
389;75
389;76
389;77
389;78
389;79
389;80
389;81
389;82
389;83
389;84
389;85
389;86
389;87
389;88
389;89
389;90
389;91
389;92
389;93
389;94
389;95
389;96
389;97
389;98
389;99
389;100
389;101
389;102
389;103
389;104
389;105
389;106
389;107
389;108
389;109
389;110
389;111
389;112
389;113
389;114
389;115
389;241
389;242
389;243
389;244
389;245
389;246
389;247
389;248
389;249
389;250
389;251
389;252
389;253
389;254
389;255
389;256
389;257
389;258
389;259
389;260
389;261
389;262
389;263
389;264
389;265
389;266
389;267
389;268
389;269
389;270
389;271
389;272
389;273
389;274
389;275
389;276
389;277
389;278
389;279
389;280
389;281
389;282
389;283
389;284
389;285
389;286
389;287
389;288
389;289
389;290
389;291
389;292
389;293
389;294
389;295
389;296
389;297
389;298
389;299
389;300
389;301
389;302
389;303
389;304
389;305
389;306
389;307
389;308
389;309
389;310
389;311
389;312
389;313
389;314
389;315
389;316
389;317
389;318
389;319
389;320
389;321
389;322
389;323
389;324
389;343
389;344
389;345
389;346
389;347
389;348
389;349
389;350
389;351
389;352
389;353
389;354
389;355
389;356
389;357
389;358
389;359
389;360
390;56
390;57
390;58
390;59
390;60
390;61
390;62
390;63
390;64
390;65
390;66
390;67
390;68
390;69
390;70
390;71
390;72
390;73
390;74
390;75
390;76
390;77
390;78
390;79
390;80
390;81
390;82
390;83
390;84
390;85
390;86
390;87
390;88
390;89
390;90
390;91
390;92
390;93
390;94
390;95
390;96
390;97
390;98
390;99
390;100
390;101
390;102
390;103
390;104
390;105
390;106
390;107
390;108
390;109
390;110
390;111
390;112
390;113
390;114
390;115
390;241
390;242
390;243
390;244
390;245
390;246
390;247
390;248
390;249
390;250
390;251
390;252
390;253
390;254
390;255
390;256
390;257
390;258
390;259
390;260
390;261
390;262
390;263
390;264
390;265
390;266
390;267
390;268
390;269
390;270
390;271
390;272
390;273
390;274
390;275
390;276
390;277
390;278
390;279
390;280
390;281
390;282
390;283
390;284
390;285
390;286
390;287
390;288
390;289
390;290
390;291
390;292
390;293
390;294
390;295
390;296
390;297
390;298
390;299
390;300
390;301
390;302
390;303
390;304
390;305
390;306
390;307
390;308
390;309
390;310
390;311
390;312
390;313
390;314
390;315
390;316
390;317
390;318
390;319
390;320
390;321
390;322
390;323
390;324
390;325
390;343
390;344
390;345
390;346
390;347
390;348
390;349
390;350
390;351
390;352
390;353
390;354
391;56
391;57
391;58
391;59
391;60
391;61
391;62
391;63
391;64
391;65
391;66
391;67
391;68
391;69
391;70
391;71
391;72
391;73
391;74
391;75
391;76
391;77
391;78
391;79
391;80
391;81
391;82
391;83
391;84
391;85
391;86
391;87
391;88
391;89
391;90
391;91
391;92
391;93
391;94
391;95
391;96
391;97
391;98
391;99
391;100
391;101
391;102
391;103
391;104
391;105
391;106
391;107
391;108
391;109
391;110
391;111
391;112
391;113
391;114
391;115
391;241
391;242
391;243
391;244
391;245
391;246
391;247
391;248
391;249
391;250
391;251
391;252
391;253
391;254
391;255
391;256
391;257
391;258
391;259
391;260
391;261
391;262
391;263
391;264
391;265
391;266
391;267
391;268
391;269
391;270
391;271
391;272
391;273
391;274
391;275
391;276
391;277
391;278
391;279
391;280
391;281
391;282
391;283
391;284
391;285
391;286
391;287
391;288
391;289
391;290
391;291
391;292
391;293
391;294
391;295
391;296
391;297
391;298
391;299
391;300
391;301
391;302
391;303
391;304
391;305
391;306
391;307
391;308
391;309
391;310
391;311
391;312
391;313
391;314
391;315
391;316
391;317
391;318
391;319
391;320
391;321
391;322
391;323
391;324
391;325
391;343
391;344
391;345
391;346
391;347
392;56
392;57
392;58
392;59
392;60
392;61
392;62
392;63
392;64
392;65
392;66
392;67
392;68
392;69
392;70
392;71
392;72
392;73
392;74
392;75
392;76
392;77
392;78
392;79
392;80
392;81
392;82
392;83
392;84
392;85
392;86
392;87
392;88
392;89
392;90
392;91
392;92
392;93
392;94
392;95
392;96
392;97
392;98
392;99
392;100
392;101
392;102
392;103
392;104
392;105
392;106
392;107
392;108
392;109
392;110
392;111
392;112
392;113
392;114
392;115
392;241
392;242
392;243
392;244
392;245
392;246
392;247
392;248
392;249
392;250
392;251
392;252
392;253
392;254
392;255
392;256
392;257
392;258
392;259
392;260
392;261
392;262
392;263
392;264
392;265
392;266
392;267
392;268
392;269
392;270
392;271
392;272
392;273
392;274
392;275
392;276
392;277
392;278
392;279
392;280
392;281
392;282
392;283
392;284
392;285
392;286
392;287
392;288
392;289
392;290
392;291
392;292
392;293
392;294
392;295
392;296
392;297
392;298
392;299
392;300
392;301
392;302
392;303
392;304
392;305
392;306
392;307
392;308
392;309
392;310
392;311
392;312
392;313
392;314
392;315
392;316
392;317
392;318
392;319
392;320
392;321
392;322
392;323
392;324
392;325
393;56
393;57
393;58
393;59
393;60
393;61
393;62
393;63
393;64
393;65
393;66
393;67
393;68
393;69
393;70
393;71
393;72
393;73
393;74
393;75
393;76
393;77
393;78
393;79
393;80
393;81
393;82
393;83
393;84
393;85
393;86
393;87
393;88
393;89
393;90
393;91
393;92
393;93
393;94
393;95
393;96
393;97
393;98
393;99
393;100
393;101
393;102
393;103
393;104
393;105
393;106
393;107
393;108
393;109
393;110
393;111
393;112
393;113
393;114
393;115
393;241
393;242
393;243
393;244
393;245
393;246
393;247
393;248
393;249
393;250
393;251
393;252
393;253
393;254
393;255
393;256
393;257
393;258
393;259
393;260
393;261
393;262
393;263
393;264
393;265
393;266
393;267
393;268
393;269
393;270
393;271
393;272
393;273
393;274
393;275
393;276
393;277
393;278
393;279
393;280
393;281
393;282
393;283
393;284
393;285
393;286
393;287
393;288
393;289
393;290
393;291
393;292
393;293
393;294
393;295
393;296
393;297
393;298
393;299
393;300
393;301
393;302
393;303
393;304
393;305
393;306
393;307
393;308
393;309
393;310
393;311
393;312
393;313
393;314
393;315
393;316
393;317
393;318
393;319
393;320
393;321
393;322
393;323
393;324
393;325
394;56
394;57
394;58
394;59
394;60
394;61
394;62
394;63
394;64
394;65
394;66
394;67
394;68
394;69
394;70
394;71
394;72
394;73
394;74
394;75
394;76
394;77
394;78
394;79
394;80
394;81
394;82
394;83
394;84
394;85
394;86
394;87
394;88
394;89
394;90
394;91
394;92
394;93
394;94
394;95
394;96
394;97
394;98
394;99
394;100
394;101
394;102
394;103
394;104
394;105
394;106
394;107
394;108
394;109
394;110
394;111
394;112
394;113
394;114
394;115
394;241
394;242
394;243
394;244
394;245
394;246
394;247
394;248
394;249
394;250
394;251
394;252
394;253
394;254
394;255
394;256
394;257
394;258
394;259
394;260
394;261
394;262
394;263
394;264
394;265
394;266
394;267
394;268
394;269
394;270
394;271
394;272
394;273
394;274
394;275
394;276
394;277
394;278
394;279
394;280
394;281
394;282
394;283
394;284
394;285
394;286
394;287
394;288
394;289
394;290
394;291
394;292
394;293
394;294
394;295
394;296
394;297
394;298
394;299
394;300
394;301
394;302
394;303
394;304
394;305
394;306
394;307
394;308
394;309
394;310
394;311
394;312
394;313
394;314
394;315
394;316
394;317
394;318
394;319
394;320
394;321
394;322
394;323
394;324
394;325
395;56
395;57
395;58
395;59
395;60
395;61
395;62
395;63
395;64
395;65
395;66
395;67
395;68
395;69
395;70
395;71
395;72
395;73
395;74
395;75
395;76
395;77
395;78
395;79
395;80
395;81
395;82
395;83
395;84
395;85
395;86
395;87
395;88
395;89
395;90
395;91
395;92
395;93
395;94
395;95
395;96
395;97
395;98
395;99
395;100
395;101
395;102
395;103
395;104
395;105
395;106
395;107
395;108
395;109
395;110
395;111
395;112
395;113
395;114
395;115
395;241
395;242
395;243
395;244
395;245
395;246
395;247
395;248
395;249
395;250
395;251
395;252
395;253
395;254
395;255
395;256
395;257
395;258
395;259
395;260
395;261
395;262
395;263
395;264
395;265
395;266
395;267
395;268
395;269
395;270
395;271
395;272
395;273
395;274
395;275
395;276
395;277
395;278
395;279
395;280
395;281
395;282
395;283
395;284
395;285
395;286
395;287
395;288
395;289
395;290
395;291
395;292
395;293
395;294
395;295
395;296
395;297
395;298
395;299
395;300
395;301
395;302
395;303
395;304
395;305
395;306
395;307
395;308
395;309
395;310
395;311
395;312
395;313
395;314
395;315
395;316
395;317
395;318
395;319
395;320
395;321
395;322
395;323
395;324
395;325
396;56
396;57
396;58
396;59
396;60
396;61
396;62
396;63
396;64
396;65
396;66
396;67
396;68
396;69
396;70
396;71
396;72
396;73
396;74
396;75
396;76
396;77
396;78
396;79
396;80
396;81
396;82
396;83
396;84
396;85
396;86
396;87
396;88
396;89
396;90
396;91
396;92
396;93
396;94
396;95
396;96
396;97
396;98
396;99
396;100
396;101
396;102
396;103
396;104
396;105
396;106
396;107
396;108
396;109
396;110
396;111
396;112
396;113
396;114
396;115
396;241
396;242
396;243
396;244
396;245
396;246
396;247
396;248
396;249
396;250
396;251
396;252
396;253
396;254
396;255
396;256
396;257
396;258
396;259
396;260
396;261
396;262
396;263
396;264
396;265
396;266
396;267
396;268
396;269
396;270
396;271
396;272
396;273
396;274
396;275
396;276
396;277
396;278
396;279
396;280
396;281
396;282
396;283
396;284
396;285
396;286
396;287
396;288
396;289
396;290
396;291
396;292
396;293
396;294
396;295
396;296
396;297
396;298
396;299
396;300
396;301
396;302
396;303
396;304
396;305
396;306
396;307
396;308
396;309
396;310
396;311
396;312
396;313
396;314
396;315
396;316
396;317
396;318
396;319
396;320
396;321
396;322
396;323
396;324
396;325
397;56
397;57
397;58
397;59
397;60
397;61
397;62
397;63
397;64
397;65
397;66
397;67
397;68
397;69
397;70
397;71
397;72
397;73
397;74
397;75
397;76
397;77
397;78
397;79
397;80
397;81
397;82
397;83
397;84
397;85
397;86
397;87
397;88
397;89
397;90
397;91
397;92
397;93
397;94
397;95
397;96
397;97
397;98
397;99
397;100
397;101
397;102
397;103
397;104
397;105
397;106
397;107
397;108
397;109
397;110
397;111
397;112
397;113
397;114
397;115
397;240
397;241
397;242
397;243
397;244
397;245
397;246
397;247
397;248
397;249
397;250
397;251
397;252
397;253
397;254
397;255
397;256
397;257
397;258
397;259
397;260
397;261
397;262
397;263
397;264
397;265
397;266
397;267
397;268
397;269
397;270
397;271
397;272
397;273
397;274
397;275
397;276
397;277
397;278
397;279
397;280
397;281
397;282
397;283
397;284
397;285
397;286
397;287
397;288
397;289
397;290
397;291
397;292
397;293
397;294
397;295
397;296
397;297
397;298
397;299
397;300
397;301
397;302
397;303
397;304
397;305
397;306
397;307
397;308
397;309
397;310
397;311
397;312
397;313
397;314
397;315
397;316
397;317
397;318
397;319
397;320
397;321
397;322
397;323
397;324
397;325
398;56
398;57
398;58
398;59
398;60
398;61
398;62
398;63
398;64
398;65
398;66
398;67
398;68
398;69
398;70
398;71
398;72
398;73
398;74
398;75
398;76
398;77
398;78
398;79
398;80
398;81
398;82
398;83
398;84
398;85
398;86
398;87
398;88
398;89
398;90
398;91
398;92
398;93
398;94
398;95
398;96
398;97
398;98
398;99
398;100
398;101
398;102
398;103
398;104
398;105
398;106
398;107
398;108
398;109
398;110
398;111
398;112
398;113
398;114
398;115
398;240
398;241
398;242
398;243
398;244
398;245
398;246
398;247
398;248
398;249
398;250
398;251
398;252
398;253
398;254
398;255
398;256
398;257
398;258
398;259
398;260
398;261
398;262
398;263
398;264
398;265
398;266
398;267
398;268
398;269
398;270
398;271
398;272
398;273
398;274
398;275
398;276
398;277
398;278
398;279
398;280
398;281
398;282
398;283
398;284
398;285
398;286
398;287
398;288
398;289
398;290
398;291
398;292
398;293
398;294
398;295
398;296
398;297
398;298
398;299
398;300
398;301
398;302
398;303
398;304
398;305
398;306
398;307
398;308
398;309
398;310
398;311
398;312
398;313
398;314
398;315
398;316
398;317
398;318
398;319
398;320
398;321
398;322
398;323
398;324
398;325
399;56
399;57
399;58
399;59
399;60
399;61
399;62
399;63
399;64
399;65
399;66
399;67
399;68
399;69
399;70
399;71
399;72
399;73
399;74
399;75
399;76
399;77
399;78
399;79
399;80
399;81
399;82
399;83
399;84
399;85
399;86
399;87
399;88
399;89
399;90
399;91
399;92
399;93
399;94
399;95
399;96
399;97
399;98
399;99
399;100
399;101
399;102
399;103
399;104
399;105
399;106
399;107
399;108
399;109
399;110
399;111
399;112
399;113
399;114
399;115
399;241
399;242
399;243
399;244
399;245
399;246
399;247
399;248
399;249
399;250
399;251
399;252
399;253
399;254
399;255
399;256
399;257
399;258
399;259
399;260
399;261
399;262
399;263
399;264
399;265
399;266
399;267
399;268
399;269
399;270
399;271
399;272
399;273
399;274
399;275
399;276
399;277
399;278
399;279
399;280
399;281
399;282
399;283
399;284
399;285
399;286
399;287
399;288
399;289
399;290
399;291
399;292
399;293
399;294
399;295
399;296
399;297
399;298
399;299
399;300
399;301
399;302
399;303
399;304
399;305
399;306
399;307
399;308
399;309
399;310
399;311
399;312
399;313
399;314
399;315
399;316
399;317
399;318
399;319
399;320
399;321
399;322
399;323
399;324
399;325
400;56
400;57
400;58
400;59
400;60
400;61
400;62
400;63
400;64
400;65
400;66
400;67
400;68
400;69
400;70
400;71
400;72
400;73
400;74
400;75
400;76
400;77
400;78
400;79
400;80
400;81
400;82
400;83
400;84
400;85
400;86
400;87
400;88
400;89
400;90
400;91
400;92
400;93
400;94
400;95
400;96
400;97
400;98
400;99
400;100
400;101
400;102
400;103
400;104
400;105
400;106
400;107
400;108
400;109
400;110
400;111
400;112
400;113
400;114
400;115
400;241
400;242
400;243
400;244
400;245
400;246
400;247
400;248
400;249
400;250
400;251
400;252
400;253
400;254
400;255
400;256
400;257
400;258
400;259
400;260
400;261
400;262
400;263
400;264
400;265
400;266
400;267
400;268
400;269
400;270
400;271
400;272
400;273
400;274
400;275
400;276
400;277
400;278
400;279
400;280
400;281
400;282
400;283
400;284
400;285
400;286
400;287
400;288
400;289
400;290
400;291
400;292
400;293
400;294
400;295
400;296
400;297
400;298
400;299
400;300
400;301
400;302
400;303
400;304
400;305
400;306
400;307
400;308
400;309
400;310
400;311
400;312
400;313
400;314
400;315
400;316
400;317
400;318
400;319
400;320
400;321
400;322
400;323
400;324
400;325
401;56
401;57
401;58
401;59
401;60
401;61
401;62
401;63
401;64
401;65
401;66
401;67
401;68
401;69
401;70
401;71
401;72
401;73
401;74
401;75
401;76
401;77
401;78
401;79
401;80
401;81
401;82
401;83
401;84
401;85
401;86
401;87
401;88
401;89
401;90
401;91
401;92
401;93
401;94
401;95
401;96
401;97
401;98
401;99
401;100
401;101
401;102
401;103
401;104
401;105
401;106
401;107
401;108
401;109
401;110
401;111
401;112
401;113
401;114
401;115
401;241
401;242
401;243
401;244
401;245
401;246
401;247
401;248
401;249
401;250
401;251
401;252
401;253
401;254
401;255
401;256
401;257
401;258
401;259
401;260
401;261
401;262
401;263
401;264
401;265
401;266
401;267
401;268
401;269
401;270
401;271
401;272
401;273
401;274
401;275
401;276
401;277
401;278
401;279
401;280
401;281
401;282
401;283
401;284
401;285
401;286
401;287
401;288
401;289
401;290
401;291
401;292
401;293
401;294
401;295
401;296
401;297
401;298
401;299
401;300
401;301
401;302
401;303
401;304
401;305
401;306
401;307
401;308
401;309
401;310
401;311
401;312
401;313
401;314
401;315
401;316
401;317
401;318
401;319
401;320
401;321
401;322
401;323
401;324
401;325
402;56
402;57
402;58
402;59
402;60
402;61
402;62
402;63
402;64
402;65
402;66
402;67
402;68
402;69
402;70
402;71
402;72
402;73
402;74
402;75
402;76
402;77
402;78
402;79
402;80
402;81
402;82
402;83
402;84
402;85
402;86
402;87
402;88
402;89
402;90
402;91
402;92
402;93
402;94
402;95
402;96
402;97
402;98
402;99
402;100
402;101
402;102
402;103
402;104
402;105
402;106
402;107
402;108
402;109
402;110
402;111
402;112
402;113
402;114
402;115
402;241
402;242
402;243
402;244
402;245
402;246
402;247
402;248
402;249
402;250
402;251
402;252
402;253
402;254
402;255
402;256
402;257
402;258
402;259
402;260
402;261
402;262
402;263
402;264
402;265
402;266
402;267
402;268
402;269
402;270
402;271
402;272
402;273
402;274
402;275
402;276
402;277
402;278
402;279
402;280
402;281
402;282
402;283
402;284
402;285
402;286
402;287
402;288
402;289
402;290
402;291
402;292
402;293
402;294
402;295
402;296
402;297
402;298
402;299
402;300
402;301
402;302
402;303
402;304
402;305
402;306
402;307
402;308
402;309
402;310
402;311
402;312
402;313
402;314
402;315
402;316
402;317
402;318
402;319
402;320
402;321
402;322
402;323
402;324
402;325
403;56
403;57
403;58
403;59
403;60
403;61
403;62
403;63
403;64
403;65
403;66
403;67
403;68
403;69
403;70
403;71
403;72
403;73
403;74
403;75
403;76
403;77
403;78
403;79
403;80
403;81
403;82
403;83
403;84
403;85
403;86
403;87
403;88
403;89
403;90
403;91
403;92
403;93
403;94
403;95
403;96
403;97
403;98
403;99
403;100
403;101
403;102
403;103
403;104
403;105
403;106
403;107
403;108
403;109
403;110
403;111
403;112
403;113
403;114
403;115
403;241
403;242
403;243
403;244
403;245
403;246
403;247
403;248
403;249
403;250
403;251
403;252
403;253
403;254
403;255
403;256
403;257
403;258
403;259
403;260
403;261
403;262
403;263
403;264
403;265
403;266
403;267
403;268
403;269
403;270
403;271
403;272
403;273
403;274
403;275
403;276
403;277
403;278
403;279
403;280
403;281
403;282
403;283
403;284
403;285
403;286
403;287
403;288
403;289
403;290
403;291
403;292
403;293
403;294
403;295
403;296
403;297
403;298
403;299
403;300
403;301
403;302
403;303
403;304
403;305
403;306
403;307
403;308
403;309
403;310
403;311
403;312
403;313
403;314
403;315
403;316
403;317
403;318
403;319
403;320
403;321
403;322
403;323
403;324
403;325
404;56
404;57
404;58
404;59
404;60
404;61
404;62
404;63
404;64
404;65
404;66
404;67
404;68
404;69
404;70
404;71
404;72
404;73
404;74
404;75
404;76
404;77
404;78
404;79
404;80
404;81
404;82
404;83
404;84
404;85
404;86
404;87
404;88
404;89
404;90
404;91
404;92
404;93
404;94
404;95
404;96
404;97
404;98
404;99
404;100
404;101
404;102
404;103
404;104
404;105
404;106
404;107
404;108
404;109
404;110
404;111
404;112
404;113
404;114
404;115
404;241
404;242
404;243
404;244
404;245
404;246
404;247
404;248
404;249
404;250
404;251
404;252
404;253
404;254
404;255
404;256
404;257
404;258
404;259
404;260
404;261
404;262
404;263
404;264
404;265
404;266
404;267
404;268
404;269
404;270
404;271
404;272
404;273
404;274
404;275
404;276
404;277
404;278
404;279
404;280
404;281
404;282
404;283
404;284
404;285
404;286
404;287
404;288
404;289
404;290
404;291
404;292
404;293
404;294
404;295
404;296
404;297
404;298
404;299
404;300
404;301
404;302
404;303
404;304
404;305
404;306
404;307
404;308
404;309
404;310
404;311
404;312
404;313
404;314
404;315
404;316
404;317
404;318
404;319
404;320
404;321
404;322
404;323
404;324
404;325
405;56
405;57
405;58
405;59
405;60
405;61
405;62
405;63
405;64
405;65
405;66
405;67
405;68
405;69
405;70
405;71
405;72
405;73
405;74
405;75
405;76
405;77
405;78
405;79
405;80
405;81
405;82
405;83
405;84
405;85
405;86
405;87
405;88
405;89
405;90
405;91
405;92
405;93
405;94
405;95
405;96
405;97
405;98
405;99
405;100
405;101
405;102
405;103
405;104
405;105
405;106
405;107
405;108
405;109
405;110
405;111
405;112
405;113
405;114
405;115
405;241
405;242
405;243
405;244
405;245
405;246
405;247
405;248
405;249
405;250
405;251
405;252
405;253
405;254
405;255
405;256
405;257
405;258
405;259
405;260
405;261
405;262
405;263
405;264
405;265
405;266
405;267
405;268
405;269
405;270
405;271
405;272
405;273
405;274
405;275
405;276
405;277
405;278
405;279
405;280
405;281
405;282
405;283
405;284
405;285
405;286
405;287
405;288
405;289
405;290
405;291
405;292
405;293
405;294
405;295
405;296
405;297
405;298
405;299
405;300
405;301
405;302
405;303
405;304
405;305
405;306
405;307
405;308
405;309
405;310
405;311
405;312
405;313
405;314
405;315
405;316
405;317
405;318
405;319
405;320
405;321
405;322
405;323
405;324
405;325
406;56
406;57
406;58
406;59
406;60
406;61
406;62
406;63
406;64
406;65
406;66
406;67
406;68
406;69
406;70
406;71
406;72
406;73
406;74
406;75
406;76
406;77
406;78
406;79
406;80
406;81
406;82
406;83
406;84
406;85
406;86
406;87
406;88
406;89
406;90
406;91
406;92
406;93
406;94
406;95
406;96
406;97
406;98
406;99
406;100
406;101
406;102
406;103
406;104
406;105
406;106
406;107
406;108
406;109
406;110
406;111
406;112
406;113
406;114
406;115
406;241
406;242
406;243
406;244
406;245
406;246
406;247
406;248
406;249
406;250
406;251
406;252
406;253
406;254
406;255
406;256
406;257
406;258
406;259
406;260
406;261
406;262
406;263
406;264
406;265
406;266
406;267
406;268
406;269
406;270
406;271
406;272
406;273
406;274
406;275
406;276
406;277
406;278
406;279
406;280
406;281
406;282
406;283
406;284
406;285
406;286
406;287
406;288
406;289
406;290
406;291
406;292
406;293
406;294
406;295
406;296
406;297
406;298
406;299
406;300
406;301
406;302
406;303
406;304
406;305
406;306
406;307
406;308
406;309
406;310
406;311
406;312
406;313
406;314
406;315
406;316
406;317
406;318
406;319
406;320
406;321
406;322
406;323
406;324
407;56
407;57
407;58
407;59
407;60
407;61
407;62
407;63
407;64
407;65
407;66
407;67
407;68
407;69
407;70
407;71
407;72
407;73
407;74
407;75
407;76
407;77
407;78
407;79
407;80
407;81
407;82
407;83
407;84
407;85
407;86
407;87
407;88
407;89
407;90
407;91
407;92
407;93
407;94
407;95
407;96
407;97
407;98
407;99
407;100
407;101
407;102
407;103
407;104
407;105
407;106
407;107
407;108
407;109
407;110
407;111
407;112
407;113
407;114
407;115
407;242
407;243
407;244
407;245
407;246
407;247
407;248
407;249
407;250
407;251
407;252
407;253
407;254
407;255
407;256
407;257
407;258
407;259
407;260
407;261
407;262
407;263
407;264
407;265
407;266
407;267
407;268
407;269
407;270
407;271
407;272
407;273
407;274
407;275
407;276
407;277
407;278
407;279
407;280
407;281
407;282
407;283
407;284
407;285
407;286
407;287
407;288
407;289
407;290
407;291
407;292
407;293
407;294
407;295
407;296
407;297
407;298
407;299
407;300
407;301
407;302
407;303
407;304
407;305
407;306
407;307
407;308
407;309
407;310
407;311
407;312
407;313
407;314
407;315
407;316
407;317
407;318
407;319
407;320
407;321
407;322
407;323
407;324
408;56
408;57
408;58
408;59
408;60
408;61
408;62
408;63
408;64
408;65
408;66
408;67
408;68
408;69
408;70
408;71
408;72
408;73
408;74
408;75
408;76
408;77
408;78
408;79
408;80
408;81
408;82
408;83
408;84
408;85
408;86
408;87
408;88
408;89
408;90
408;91
408;92
408;93
408;94
408;95
408;96
408;97
408;98
408;99
408;100
408;101
408;102
408;103
408;104
408;105
408;106
408;107
408;108
408;109
408;110
408;111
408;112
408;113
408;114
408;115
408;242
408;243
408;244
408;245
408;246
408;247
408;248
408;249
408;250
408;251
408;252
408;253
408;254
408;255
408;256
408;257
408;258
408;259
408;260
408;261
408;262
408;263
408;264
408;265
408;266
408;267
408;268
408;269
408;270
408;271
408;272
408;273
408;274
408;275
408;276
408;277
408;278
408;279
408;280
408;281
408;282
408;283
408;284
408;285
408;286
408;287
408;288
408;289
408;290
408;291
408;292
408;293
408;294
408;295
408;296
408;297
408;298
408;299
408;300
408;301
408;302
408;303
408;304
408;305
408;306
408;307
408;308
408;309
408;310
408;311
408;312
408;313
408;314
408;315
408;316
408;317
408;318
408;319
408;320
408;321
408;322
408;323
408;324
409;56
409;57
409;58
409;59
409;60
409;61
409;62
409;63
409;64
409;65
409;66
409;67
409;68
409;69
409;70
409;71
409;72
409;73
409;74
409;75
409;76
409;77
409;78
409;79
409;80
409;81
409;82
409;83
409;84
409;85
409;86
409;87
409;88
409;89
409;90
409;91
409;92
409;93
409;94
409;95
409;96
409;97
409;98
409;99
409;100
409;101
409;102
409;103
409;104
409;105
409;106
409;107
409;108
409;109
409;110
409;111
409;112
409;113
409;114
409;115
409;242
409;243
409;244
409;245
409;246
409;247
409;248
409;249
409;250
409;251
409;252
409;253
409;254
409;255
409;256
409;257
409;258
409;259
409;260
409;261
409;262
409;263
409;264
409;265
409;266
409;267
409;268
409;269
409;270
409;271
409;272
409;273
409;274
409;275
409;276
409;277
409;278
409;279
409;280
409;281
409;282
409;283
409;284
409;285
409;286
409;287
409;288
409;289
409;290
409;291
409;292
409;293
409;294
409;295
409;296
409;297
409;298
409;299
409;300
409;301
409;302
409;303
409;304
409;305
409;306
409;307
409;308
409;309
409;310
409;311
409;312
409;313
409;314
409;315
409;316
409;317
409;318
409;319
409;320
409;321
409;322
409;323
409;324
410;16
410;17
410;56
410;57
410;58
410;59
410;60
410;61
410;62
410;63
410;64
410;65
410;66
410;67
410;68
410;69
410;70
410;71
410;72
410;73
410;74
410;75
410;76
410;77
410;78
410;79
410;80
410;81
410;82
410;83
410;84
410;85
410;86
410;87
410;88
410;89
410;90
410;91
410;92
410;93
410;94
410;95
410;96
410;97
410;98
410;99
410;100
410;101
410;102
410;103
410;104
410;105
410;106
410;107
410;108
410;109
410;110
410;111
410;112
410;113
410;114
410;115
410;242
410;243
410;244
410;245
410;246
410;247
410;248
410;249
410;250
410;251
410;252
410;253
410;254
410;255
410;256
410;257
410;258
410;259
410;260
410;261
410;262
410;263
410;264
410;265
410;266
410;267
410;268
410;269
410;270
410;271
410;272
410;273
410;274
410;275
410;276
410;277
410;278
410;279
410;280
410;281
410;282
410;283
410;284
410;285
410;286
410;287
410;288
410;289
410;290
410;291
410;292
410;293
410;294
410;295
410;296
410;297
410;298
410;299
410;300
410;301
410;302
410;303
410;304
410;305
410;306
410;307
410;308
410;309
410;310
410;311
410;312
410;313
410;314
410;315
410;316
410;317
410;318
410;319
410;320
410;321
410;322
410;323
411;15
411;16
411;17
411;18
411;56
411;57
411;58
411;59
411;60
411;61
411;62
411;63
411;64
411;65
411;66
411;67
411;68
411;69
411;70
411;71
411;72
411;73
411;74
411;75
411;76
411;77
411;78
411;79
411;80
411;81
411;82
411;83
411;84
411;85
411;86
411;87
411;88
411;89
411;90
411;91
411;92
411;93
411;94
411;95
411;96
411;97
411;98
411;99
411;100
411;101
411;102
411;103
411;104
411;105
411;106
411;107
411;108
411;109
411;110
411;111
411;112
411;113
411;114
411;115
411;219
411;220
411;221
411;222
411;223
411;224
411;225
411;226
411;227
411;228
411;229
411;230
411;231
411;232
411;233
411;234
411;243
411;244
411;245
411;246
411;247
411;248
411;249
411;250
411;251
411;252
411;253
411;254
411;255
411;256
411;257
411;258
411;259
411;260
411;261
411;262
411;263
411;264
411;265
411;266
411;267
411;268
411;269
411;270
411;271
411;272
411;273
411;274
411;275
411;276
411;277
411;278
411;279
411;280
411;281
411;282
411;283
411;284
411;285
411;286
411;287
411;288
411;289
411;290
411;291
411;292
411;293
411;294
411;295
411;296
411;297
411;298
411;299
411;300
411;301
411;302
411;303
411;304
411;305
411;306
411;307
411;308
411;309
411;310
411;311
411;312
411;313
411;314
411;315
411;316
411;317
411;318
411;319
411;320
411;321
411;322
411;323
412;13
412;14
412;15
412;16
412;17
412;18
412;56
412;57
412;58
412;59
412;60
412;61
412;62
412;63
412;64
412;65
412;66
412;67
412;68
412;69
412;70
412;71
412;72
412;73
412;74
412;75
412;76
412;77
412;78
412;79
412;80
412;81
412;82
412;83
412;84
412;85
412;86
412;87
412;88
412;89
412;90
412;91
412;92
412;93
412;94
412;95
412;96
412;97
412;98
412;99
412;100
412;101
412;102
412;103
412;104
412;105
412;106
412;107
412;108
412;109
412;110
412;111
412;112
412;113
412;114
412;115
412;215
412;216
412;217
412;218
412;219
412;220
412;221
412;222
412;223
412;224
412;225
412;226
412;227
412;228
412;229
412;230
412;231
412;232
412;233
412;234
412;235
412;236
412;237
412;238
412;243
412;244
412;245
412;246
412;247
412;248
412;249
412;250
412;251
412;252
412;253
412;254
412;255
412;256
412;257
412;258
412;259
412;260
412;261
412;262
412;263
412;264
412;265
412;266
412;267
412;268
412;269
412;270
412;271
412;272
412;273
412;274
412;275
412;276
412;277
412;278
412;279
412;280
412;281
412;282
412;283
412;284
412;285
412;286
412;287
412;288
412;289
412;290
412;291
412;292
412;293
412;294
412;295
412;296
412;297
412;298
412;299
412;300
412;301
412;302
412;303
412;304
412;305
412;306
412;307
412;308
412;309
412;310
412;311
412;312
412;313
412;314
412;315
412;316
412;317
412;318
412;319
412;320
412;321
412;322
412;323
413;12
413;13
413;14
413;15
413;16
413;17
413;18
413;19
413;56
413;57
413;58
413;59
413;60
413;61
413;62
413;63
413;64
413;65
413;66
413;67
413;68
413;69
413;70
413;71
413;72
413;73
413;74
413;75
413;76
413;77
413;78
413;79
413;80
413;81
413;82
413;83
413;84
413;85
413;86
413;87
413;88
413;89
413;90
413;91
413;92
413;93
413;94
413;95
413;96
413;97
413;98
413;99
413;100
413;101
413;102
413;103
413;104
413;105
413;106
413;107
413;108
413;109
413;110
413;111
413;112
413;113
413;114
413;115
413;212
413;213
413;214
413;215
413;216
413;217
413;218
413;219
413;220
413;221
413;222
413;223
413;224
413;225
413;226
413;227
413;228
413;229
413;230
413;231
413;232
413;233
413;234
413;235
413;236
413;237
413;238
413;239
413;240
413;241
413;243
413;244
413;245
413;246
413;247
413;248
413;249
413;250
413;251
413;252
413;253
413;254
413;255
413;256
413;257
413;258
413;259
413;260
413;261
413;262
413;263
413;264
413;265
413;266
413;267
413;268
413;269
413;270
413;271
413;272
413;273
413;274
413;275
413;276
413;277
413;278
413;279
413;280
413;281
413;282
413;283
413;284
413;285
413;286
413;287
413;288
413;289
413;290
413;291
413;292
413;293
413;294
413;295
413;296
413;297
413;298
413;299
413;300
413;301
413;302
413;303
413;304
413;305
413;306
413;307
413;308
413;309
413;310
413;311
413;312
413;313
413;314
413;315
413;316
413;317
413;318
413;319
413;320
413;321
413;322
414;10
414;11
414;12
414;13
414;14
414;15
414;16
414;17
414;18
414;19
414;20
414;56
414;57
414;58
414;59
414;60
414;61
414;62
414;63
414;64
414;65
414;66
414;67
414;68
414;69
414;70
414;71
414;72
414;73
414;74
414;75
414;76
414;77
414;78
414;79
414;80
414;81
414;82
414;83
414;84
414;85
414;86
414;87
414;88
414;89
414;90
414;91
414;92
414;93
414;94
414;95
414;96
414;97
414;98
414;99
414;100
414;101
414;102
414;103
414;104
414;105
414;106
414;107
414;108
414;109
414;110
414;111
414;112
414;113
414;114
414;115
414;209
414;210
414;211
414;212
414;213
414;214
414;215
414;216
414;217
414;218
414;219
414;220
414;221
414;222
414;223
414;224
414;225
414;226
414;227
414;228
414;229
414;230
414;231
414;232
414;233
414;234
414;235
414;236
414;237
414;238
414;239
414;240
414;241
414;242
414;243
414;244
414;245
414;246
414;247
414;248
414;249
414;250
414;251
414;252
414;253
414;254
414;255
414;256
414;257
414;258
414;259
414;260
414;261
414;262
414;263
414;264
414;265
414;266
414;267
414;268
414;269
414;270
414;271
414;272
414;273
414;274
414;275
414;276
414;277
414;278
414;279
414;280
414;281
414;282
414;283
414;284
414;285
414;286
414;287
414;288
414;289
414;290
414;291
414;292
414;293
414;294
414;295
414;296
414;297
414;298
414;299
414;300
414;301
414;302
414;303
414;304
414;305
414;306
414;307
414;308
414;309
414;310
414;311
414;312
414;313
414;314
414;315
414;316
414;317
414;318
414;319
414;320
414;321
414;322
415;9
415;10
415;11
415;12
415;13
415;14
415;15
415;16
415;17
415;18
415;19
415;20
415;56
415;57
415;58
415;59
415;60
415;61
415;62
415;63
415;64
415;65
415;66
415;67
415;68
415;69
415;70
415;71
415;72
415;73
415;74
415;75
415;76
415;77
415;78
415;79
415;80
415;81
415;82
415;83
415;84
415;85
415;86
415;87
415;88
415;89
415;90
415;91
415;92
415;93
415;94
415;95
415;96
415;97
415;98
415;99
415;100
415;101
415;102
415;103
415;104
415;105
415;106
415;107
415;108
415;109
415;110
415;111
415;112
415;113
415;114
415;115
415;207
415;208
415;209
415;210
415;211
415;212
415;213
415;214
415;215
415;216
415;217
415;218
415;219
415;220
415;221
415;222
415;223
415;224
415;225
415;226
415;227
415;228
415;229
415;230
415;231
415;232
415;233
415;234
415;235
415;236
415;237
415;238
415;239
415;240
415;241
415;242
415;243
415;244
415;245
415;246
415;247
415;248
415;249
415;250
415;251
415;252
415;253
415;254
415;255
415;256
415;257
415;258
415;259
415;260
415;261
415;262
415;263
415;264
415;265
415;266
415;267
415;268
415;269
415;270
415;271
415;272
415;273
415;274
415;275
415;276
415;277
415;278
415;279
415;280
415;281
415;282
415;283
415;284
415;285
415;286
415;287
415;288
415;289
415;290
415;291
415;292
415;293
415;294
415;295
415;296
415;297
415;298
415;299
415;300
415;301
415;302
415;303
415;304
415;305
415;306
415;307
415;308
415;309
415;310
415;311
415;312
415;313
415;314
415;315
415;316
415;317
415;318
415;319
415;320
415;321
415;322
415;414
415;415
415;416
415;417
415;418
415;419
415;420
415;421
415;422
415;423
415;424
415;425
415;426
415;427
415;428
415;429
415;430
415;431
415;432
415;433
415;434
415;435
415;436
415;437
415;438
415;439
415;440
415;441
415;442
416;8
416;9
416;10
416;11
416;12
416;13
416;14
416;15
416;16
416;17
416;18
416;19
416;20
416;21
416;56
416;57
416;58
416;59
416;60
416;61
416;62
416;63
416;64
416;65
416;66
416;67
416;68
416;69
416;70
416;71
416;72
416;73
416;74
416;75
416;76
416;77
416;78
416;79
416;80
416;81
416;82
416;83
416;84
416;85
416;86
416;87
416;88
416;89
416;90
416;91
416;92
416;93
416;94
416;95
416;96
416;97
416;98
416;99
416;100
416;101
416;102
416;103
416;104
416;105
416;106
416;107
416;108
416;109
416;110
416;111
416;112
416;113
416;114
416;115
416;205
416;206
416;207
416;208
416;209
416;210
416;211
416;212
416;213
416;214
416;215
416;216
416;217
416;218
416;219
416;220
416;221
416;222
416;223
416;224
416;225
416;226
416;227
416;228
416;229
416;230
416;231
416;232
416;233
416;234
416;235
416;236
416;237
416;238
416;239
416;240
416;241
416;242
416;243
416;244
416;245
416;246
416;247
416;248
416;249
416;250
416;251
416;252
416;253
416;254
416;255
416;256
416;257
416;258
416;259
416;260
416;261
416;262
416;263
416;264
416;265
416;266
416;267
416;268
416;269
416;270
416;271
416;272
416;273
416;274
416;275
416;276
416;277
416;278
416;279
416;280
416;281
416;282
416;283
416;284
416;285
416;286
416;287
416;288
416;289
416;290
416;291
416;292
416;293
416;294
416;295
416;296
416;297
416;298
416;299
416;300
416;301
416;302
416;303
416;304
416;305
416;306
416;307
416;308
416;309
416;310
416;311
416;312
416;313
416;314
416;315
416;316
416;317
416;318
416;319
416;320
416;321
416;414
416;415
416;416
416;417
416;418
416;419
416;420
416;421
416;422
416;423
416;424
416;425
416;426
416;427
416;428
416;429
416;430
416;431
416;432
416;433
416;434
416;435
416;436
416;437
416;438
416;439
416;440
416;441
416;442
416;443
416;444
416;445
416;446
416;447
416;448
416;449
416;450
416;451
416;452
416;453
416;454
416;455
416;456
416;457
416;458
416;459
416;460
416;461
416;462
416;463
416;464
416;465
416;466
416;467
416;468
416;469
416;470
416;471
416;472
416;473
416;474
416;475
416;476
416;477
416;478
417;6
417;7
417;8
417;9
417;10
417;11
417;12
417;13
417;14
417;15
417;16
417;17
417;18
417;19
417;20
417;21
417;22
417;56
417;57
417;58
417;59
417;60
417;61
417;62
417;63
417;64
417;65
417;66
417;67
417;68
417;69
417;70
417;71
417;72
417;73
417;74
417;75
417;76
417;77
417;78
417;79
417;80
417;81
417;82
417;83
417;84
417;85
417;86
417;87
417;88
417;89
417;90
417;91
417;92
417;93
417;94
417;95
417;96
417;97
417;98
417;99
417;100
417;101
417;102
417;103
417;104
417;105
417;106
417;107
417;108
417;109
417;110
417;111
417;112
417;113
417;114
417;115
417;204
417;205
417;206
417;207
417;208
417;209
417;210
417;211
417;212
417;213
417;214
417;215
417;216
417;217
417;218
417;219
417;220
417;221
417;222
417;223
417;224
417;225
417;226
417;227
417;228
417;229
417;230
417;231
417;232
417;233
417;234
417;235
417;236
417;237
417;238
417;239
417;240
417;241
417;242
417;243
417;244
417;245
417;246
417;247
417;248
417;249
417;250
417;251
417;252
417;253
417;254
417;255
417;256
417;257
417;258
417;259
417;260
417;261
417;262
417;263
417;264
417;265
417;266
417;267
417;268
417;269
417;270
417;271
417;272
417;273
417;274
417;275
417;276
417;277
417;278
417;279
417;280
417;281
417;282
417;283
417;284
417;285
417;286
417;287
417;288
417;289
417;290
417;291
417;292
417;293
417;294
417;295
417;296
417;297
417;298
417;299
417;300
417;301
417;302
417;303
417;304
417;305
417;306
417;307
417;308
417;309
417;310
417;311
417;312
417;313
417;314
417;315
417;316
417;317
417;318
417;319
417;320
417;321
417;414
417;415
417;416
417;417
417;418
417;419
417;420
417;421
417;422
417;423
417;424
417;425
417;426
417;427
417;428
417;429
417;430
417;431
417;432
417;433
417;434
417;435
417;436
417;437
417;438
417;439
417;440
417;441
417;442
417;443
417;444
417;445
417;446
417;447
417;448
417;449
417;450
417;451
417;452
417;453
417;454
417;455
417;456
417;457
417;458
417;459
417;460
417;461
417;462
417;463
417;464
417;465
417;466
417;467
417;468
417;469
417;470
417;471
417;472
417;473
417;474
417;475
417;476
417;477
417;478
417;479
417;480
417;481
417;482
417;483
417;484
417;485
417;486
417;487
417;488
417;489
417;490
417;491
417;492
417;493
417;494
418;5
418;6
418;7
418;8
418;9
418;10
418;11
418;12
418;13
418;14
418;15
418;16
418;17
418;18
418;19
418;20
418;21
418;22
418;23
418;56
418;57
418;58
418;59
418;60
418;61
418;62
418;63
418;64
418;65
418;66
418;67
418;68
418;69
418;70
418;71
418;72
418;73
418;74
418;75
418;76
418;77
418;78
418;79
418;80
418;81
418;82
418;83
418;84
418;85
418;86
418;87
418;88
418;89
418;90
418;91
418;92
418;93
418;94
418;95
418;96
418;97
418;98
418;99
418;100
418;101
418;102
418;103
418;104
418;105
418;106
418;107
418;108
418;109
418;110
418;111
418;112
418;113
418;114
418;115
418;202
418;203
418;204
418;205
418;206
418;207
418;208
418;209
418;210
418;211
418;212
418;213
418;214
418;215
418;216
418;217
418;218
418;219
418;220
418;221
418;222
418;223
418;224
418;225
418;226
418;227
418;228
418;229
418;230
418;231
418;232
418;233
418;234
418;235
418;236
418;237
418;238
418;239
418;240
418;241
418;242
418;243
418;244
418;245
418;246
418;247
418;248
418;249
418;250
418;251
418;252
418;253
418;254
418;255
418;256
418;257
418;258
418;259
418;260
418;261
418;262
418;263
418;264
418;265
418;266
418;267
418;268
418;269
418;270
418;271
418;272
418;273
418;274
418;275
418;276
418;277
418;278
418;279
418;280
418;281
418;282
418;283
418;284
418;285
418;286
418;287
418;288
418;289
418;290
418;291
418;292
418;293
418;294
418;295
418;296
418;297
418;298
418;299
418;300
418;301
418;302
418;303
418;304
418;305
418;306
418;307
418;308
418;309
418;310
418;311
418;312
418;313
418;314
418;315
418;316
418;317
418;318
418;319
418;320
418;414
418;415
418;416
418;417
418;418
418;419
418;420
418;421
418;422
418;423
418;424
418;425
418;426
418;427
418;428
418;429
418;430
418;431
418;432
418;433
418;434
418;435
418;436
418;437
418;438
418;439
418;440
418;441
418;442
418;443
418;444
418;445
418;446
418;447
418;448
418;449
418;450
418;451
418;452
418;453
418;454
418;455
418;456
418;457
418;458
418;459
418;460
418;461
418;462
418;463
418;464
418;465
418;466
418;467
418;468
418;469
418;470
418;471
418;472
418;473
418;474
418;475
418;476
418;477
418;478
418;479
418;480
418;481
418;482
418;483
418;484
418;485
418;486
418;487
418;488
418;489
418;490
418;491
418;492
418;493
418;494
419;3
419;4
419;5
419;6
419;7
419;8
419;9
419;10
419;11
419;12
419;13
419;14
419;15
419;16
419;17
419;18
419;19
419;20
419;21
419;22
419;23
419;56
419;57
419;58
419;59
419;60
419;61
419;62
419;63
419;64
419;65
419;66
419;67
419;68
419;69
419;70
419;71
419;72
419;73
419;74
419;75
419;76
419;77
419;78
419;79
419;80
419;81
419;82
419;83
419;84
419;85
419;86
419;87
419;88
419;89
419;90
419;91
419;92
419;93
419;94
419;95
419;96
419;97
419;98
419;99
419;100
419;101
419;102
419;103
419;104
419;105
419;106
419;107
419;108
419;109
419;110
419;111
419;112
419;113
419;114
419;115
419;201
419;202
419;203
419;204
419;205
419;206
419;207
419;208
419;209
419;210
419;211
419;212
419;213
419;214
419;215
419;216
419;217
419;218
419;219
419;220
419;221
419;222
419;223
419;224
419;225
419;226
419;227
419;228
419;229
419;230
419;231
419;232
419;233
419;234
419;235
419;236
419;237
419;238
419;239
419;240
419;241
419;242
419;243
419;244
419;245
419;246
419;247
419;248
419;249
419;250
419;251
419;252
419;253
419;254
419;255
419;256
419;257
419;258
419;259
419;260
419;261
419;262
419;263
419;264
419;265
419;266
419;267
419;268
419;269
419;270
419;271
419;272
419;273
419;274
419;275
419;276
419;277
419;278
419;279
419;280
419;281
419;282
419;283
419;284
419;285
419;286
419;287
419;288
419;289
419;290
419;291
419;292
419;293
419;294
419;295
419;296
419;297
419;298
419;299
419;300
419;301
419;302
419;303
419;304
419;305
419;306
419;307
419;308
419;309
419;310
419;311
419;312
419;313
419;314
419;315
419;316
419;317
419;318
419;319
419;414
419;415
419;416
419;417
419;418
419;419
419;420
419;421
419;422
419;423
419;424
419;425
419;426
419;427
419;428
419;429
419;430
419;431
419;432
419;433
419;434
419;435
419;436
419;437
419;438
419;439
419;440
419;441
419;442
419;443
419;444
419;445
419;446
419;447
419;448
419;449
419;450
419;451
419;452
419;453
419;454
419;455
419;456
419;457
419;458
419;459
419;460
419;461
419;462
419;463
419;464
419;465
419;466
419;467
419;468
419;469
419;470
419;471
419;472
419;473
419;474
419;475
419;476
419;477
419;478
419;479
419;480
419;481
419;482
419;483
419;484
419;485
419;486
419;487
419;488
419;489
419;490
419;491
419;492
419;493
419;494
420;2
420;3
420;4
420;5
420;6
420;7
420;8
420;9
420;10
420;11
420;12
420;13
420;14
420;15
420;16
420;17
420;18
420;19
420;20
420;21
420;22
420;23
420;24
420;56
420;57
420;58
420;59
420;60
420;61
420;62
420;63
420;64
420;65
420;66
420;67
420;68
420;69
420;70
420;71
420;72
420;73
420;74
420;75
420;76
420;77
420;78
420;79
420;80
420;81
420;82
420;83
420;84
420;85
420;86
420;87
420;88
420;89
420;90
420;91
420;92
420;93
420;94
420;95
420;96
420;97
420;98
420;99
420;100
420;101
420;102
420;103
420;104
420;105
420;106
420;107
420;108
420;109
420;110
420;111
420;112
420;113
420;114
420;115
420;199
420;200
420;201
420;202
420;203
420;204
420;205
420;206
420;207
420;208
420;209
420;210
420;211
420;212
420;213
420;214
420;215
420;216
420;217
420;218
420;219
420;220
420;221
420;222
420;223
420;224
420;225
420;226
420;227
420;228
420;229
420;230
420;231
420;232
420;233
420;234
420;235
420;236
420;237
420;238
420;239
420;240
420;241
420;242
420;243
420;244
420;245
420;246
420;247
420;248
420;249
420;250
420;251
420;252
420;253
420;254
420;255
420;256
420;257
420;258
420;259
420;260
420;261
420;262
420;263
420;264
420;265
420;266
420;267
420;268
420;269
420;270
420;271
420;272
420;273
420;274
420;275
420;276
420;277
420;278
420;279
420;280
420;281
420;282
420;283
420;284
420;285
420;286
420;287
420;288
420;289
420;290
420;291
420;292
420;293
420;294
420;295
420;296
420;297
420;298
420;299
420;300
420;301
420;302
420;303
420;304
420;305
420;306
420;307
420;308
420;309
420;310
420;311
420;312
420;313
420;314
420;315
420;316
420;317
420;318
420;319
420;414
420;415
420;416
420;417
420;418
420;419
420;420
420;421
420;422
420;423
420;424
420;425
420;426
420;427
420;428
420;429
420;430
420;431
420;432
420;433
420;434
420;435
420;436
420;437
420;438
420;439
420;440
420;441
420;442
420;443
420;444
420;445
420;446
420;447
420;448
420;449
420;450
420;451
420;452
420;453
420;454
420;455
420;456
420;457
420;458
420;459
420;460
420;461
420;462
420;463
420;464
420;465
420;466
420;467
420;468
420;469
420;470
420;471
420;472
420;473
420;474
420;475
420;476
420;477
420;478
420;479
420;480
420;481
420;482
420;483
420;484
420;485
420;486
420;487
420;488
420;489
420;490
420;491
420;492
420;493
420;494
421;1
421;2
421;3
421;4
421;5
421;6
421;7
421;8
421;9
421;10
421;11
421;12
421;13
421;14
421;15
421;16
421;17
421;18
421;19
421;20
421;21
421;22
421;23
421;24
421;25
421;56
421;57
421;58
421;59
421;60
421;61
421;62
421;63
421;64
421;65
421;66
421;67
421;68
421;69
421;70
421;71
421;72
421;73
421;74
421;75
421;76
421;77
421;78
421;79
421;80
421;81
421;82
421;83
421;84
421;85
421;86
421;87
421;88
421;89
421;90
421;91
421;92
421;93
421;94
421;95
421;96
421;97
421;98
421;99
421;100
421;101
421;102
421;103
421;104
421;105
421;106
421;107
421;108
421;109
421;110
421;111
421;112
421;113
421;114
421;115
421;198
421;199
421;200
421;201
421;202
421;203
421;204
421;205
421;206
421;207
421;208
421;209
421;210
421;211
421;212
421;213
421;214
421;215
421;216
421;217
421;218
421;219
421;220
421;221
421;222
421;223
421;224
421;225
421;226
421;227
421;228
421;229
421;230
421;231
421;232
421;233
421;234
421;235
421;236
421;237
421;238
421;239
421;240
421;241
421;242
421;243
421;244
421;245
421;246
421;247
421;248
421;249
421;250
421;251
421;252
421;253
421;254
421;255
421;256
421;257
421;258
421;259
421;260
421;261
421;262
421;263
421;264
421;265
421;266
421;267
421;268
421;269
421;270
421;271
421;272
421;273
421;274
421;275
421;276
421;277
421;278
421;279
421;280
421;281
421;282
421;283
421;284
421;285
421;286
421;287
421;288
421;289
421;290
421;291
421;292
421;293
421;294
421;295
421;296
421;297
421;298
421;299
421;300
421;301
421;302
421;303
421;304
421;305
421;306
421;307
421;308
421;309
421;310
421;311
421;312
421;313
421;314
421;315
421;316
421;317
421;318
421;414
421;415
421;416
421;417
421;418
421;419
421;420
421;421
421;422
421;423
421;424
421;425
421;426
421;427
421;428
421;429
421;430
421;431
421;432
421;433
421;434
421;435
421;436
421;437
421;438
421;439
421;440
421;441
421;442
421;443
421;444
421;445
421;446
421;447
421;448
421;449
421;450
421;451
421;452
421;453
421;454
421;455
421;456
421;457
421;458
421;459
421;460
421;461
421;462
421;463
421;464
421;465
421;466
421;467
421;468
421;469
421;470
421;471
421;472
421;473
421;474
421;475
421;476
421;477
421;478
421;479
421;480
421;481
421;482
421;483
421;484
421;485
421;486
421;487
421;488
421;489
421;490
421;491
421;492
421;493
421;494
422;0
422;1
422;2
422;3
422;4
422;5
422;6
422;7
422;8
422;9
422;10
422;11
422;12
422;13
422;14
422;15
422;16
422;17
422;18
422;19
422;20
422;21
422;22
422;23
422;24
422;25
422;56
422;57
422;58
422;59
422;60
422;61
422;62
422;63
422;64
422;65
422;66
422;67
422;68
422;69
422;70
422;71
422;72
422;73
422;74
422;75
422;76
422;77
422;78
422;79
422;80
422;81
422;82
422;83
422;84
422;85
422;86
422;87
422;88
422;89
422;90
422;91
422;92
422;93
422;94
422;95
422;96
422;97
422;98
422;99
422;100
422;101
422;102
422;103
422;104
422;105
422;106
422;107
422;108
422;109
422;110
422;111
422;112
422;113
422;114
422;115
422;197
422;198
422;199
422;200
422;201
422;202
422;203
422;204
422;205
422;206
422;207
422;208
422;209
422;210
422;211
422;212
422;213
422;214
422;215
422;216
422;217
422;218
422;219
422;220
422;221
422;222
422;223
422;224
422;225
422;226
422;227
422;228
422;229
422;230
422;231
422;232
422;233
422;234
422;235
422;236
422;237
422;238
422;239
422;240
422;241
422;242
422;243
422;244
422;245
422;246
422;247
422;248
422;249
422;250
422;251
422;252
422;253
422;254
422;255
422;256
422;257
422;258
422;259
422;260
422;261
422;262
422;263
422;264
422;265
422;266
422;267
422;268
422;269
422;270
422;271
422;272
422;273
422;274
422;275
422;276
422;277
422;278
422;279
422;280
422;281
422;282
422;283
422;284
422;285
422;286
422;287
422;288
422;289
422;290
422;291
422;292
422;293
422;294
422;295
422;296
422;297
422;298
422;299
422;300
422;301
422;302
422;303
422;304
422;305
422;306
422;307
422;308
422;309
422;310
422;311
422;312
422;313
422;314
422;315
422;316
422;317
422;318
422;414
422;415
422;416
422;417
422;418
422;419
422;420
422;421
422;422
422;423
422;424
422;425
422;426
422;427
422;428
422;429
422;430
422;431
422;432
422;433
422;434
422;435
422;436
422;437
422;438
422;439
422;440
422;441
422;442
422;443
422;444
422;445
422;446
422;447
422;448
422;449
422;450
422;451
422;452
422;453
422;454
422;455
422;456
422;457
422;458
422;459
422;460
422;461
422;462
422;463
422;464
422;465
422;466
422;467
422;468
422;469
422;470
422;471
422;472
422;473
422;474
422;475
422;476
422;477
422;478
422;479
422;480
422;481
422;482
422;483
422;484
422;485
422;486
422;487
422;488
422;489
422;490
422;491
422;492
422;493
422;494
423;0
423;1
423;2
423;3
423;4
423;5
423;6
423;7
423;8
423;9
423;10
423;11
423;12
423;13
423;14
423;15
423;16
423;17
423;18
423;19
423;20
423;21
423;22
423;23
423;24
423;25
423;26
423;56
423;57
423;58
423;59
423;60
423;61
423;62
423;63
423;64
423;65
423;66
423;67
423;68
423;69
423;70
423;71
423;72
423;73
423;74
423;75
423;76
423;77
423;78
423;79
423;80
423;81
423;82
423;83
423;84
423;85
423;86
423;87
423;88
423;89
423;90
423;91
423;92
423;93
423;94
423;95
423;96
423;97
423;98
423;99
423;100
423;101
423;102
423;103
423;104
423;105
423;106
423;107
423;108
423;109
423;110
423;111
423;112
423;113
423;114
423;115
423;196
423;197
423;198
423;199
423;200
423;201
423;202
423;203
423;204
423;205
423;206
423;207
423;208
423;209
423;210
423;211
423;212
423;213
423;214
423;215
423;216
423;217
423;218
423;219
423;220
423;221
423;222
423;223
423;224
423;225
423;226
423;227
423;228
423;229
423;230
423;231
423;232
423;233
423;234
423;235
423;236
423;237
423;238
423;239
423;240
423;241
423;242
423;243
423;244
423;245
423;246
423;247
423;248
423;249
423;250
423;251
423;252
423;253
423;254
423;255
423;256
423;257
423;258
423;259
423;260
423;261
423;262
423;263
423;264
423;265
423;266
423;267
423;268
423;269
423;270
423;271
423;272
423;273
423;274
423;275
423;276
423;277
423;278
423;279
423;280
423;281
423;282
423;283
423;284
423;285
423;286
423;287
423;288
423;289
423;290
423;291
423;292
423;293
423;294
423;295
423;296
423;297
423;298
423;299
423;300
423;301
423;302
423;303
423;304
423;305
423;306
423;307
423;308
423;309
423;310
423;311
423;312
423;313
423;314
423;315
423;316
423;317
423;414
423;415
423;416
423;417
423;418
423;419
423;420
423;421
423;422
423;423
423;424
423;425
423;426
423;427
423;428
423;429
423;430
423;431
423;432
423;433
423;434
423;435
423;436
423;437
423;438
423;439
423;440
423;441
423;442
423;443
423;444
423;445
423;446
423;447
423;448
423;449
423;450
423;451
423;452
423;453
423;454
423;455
423;456
423;457
423;458
423;459
423;460
423;461
423;462
423;463
423;464
423;465
423;466
423;467
423;468
423;469
423;470
423;471
423;472
423;473
423;474
423;475
423;476
423;477
423;478
423;479
423;480
423;481
423;482
423;483
423;484
423;485
423;486
423;487
423;488
423;489
423;490
423;491
423;492
423;493
423;494
424;0
424;1
424;2
424;3
424;4
424;5
424;6
424;7
424;8
424;9
424;10
424;11
424;12
424;13
424;14
424;15
424;16
424;17
424;18
424;19
424;20
424;21
424;22
424;23
424;24
424;25
424;26
424;27
424;56
424;57
424;58
424;59
424;60
424;61
424;62
424;63
424;64
424;65
424;66
424;67
424;68
424;69
424;70
424;71
424;72
424;73
424;74
424;75
424;76
424;77
424;78
424;79
424;80
424;81
424;82
424;83
424;84
424;85
424;86
424;87
424;88
424;89
424;90
424;91
424;92
424;93
424;94
424;95
424;96
424;97
424;98
424;99
424;100
424;101
424;102
424;103
424;104
424;105
424;106
424;107
424;108
424;109
424;110
424;111
424;112
424;113
424;114
424;115
424;195
424;196
424;197
424;198
424;199
424;200
424;201
424;202
424;203
424;204
424;205
424;206
424;207
424;208
424;209
424;210
424;211
424;212
424;213
424;214
424;215
424;216
424;217
424;218
424;219
424;220
424;221
424;222
424;223
424;224
424;225
424;226
424;227
424;228
424;229
424;230
424;231
424;232
424;233
424;234
424;235
424;236
424;237
424;238
424;239
424;240
424;241
424;242
424;243
424;244
424;245
424;246
424;247
424;248
424;249
424;250
424;251
424;252
424;253
424;254
424;255
424;256
424;257
424;258
424;259
424;260
424;261
424;262
424;263
424;264
424;265
424;266
424;267
424;268
424;269
424;270
424;271
424;272
424;273
424;274
424;275
424;276
424;277
424;278
424;279
424;280
424;281
424;282
424;283
424;284
424;285
424;286
424;287
424;288
424;289
424;290
424;291
424;292
424;293
424;294
424;295
424;296
424;297
424;298
424;299
424;300
424;301
424;302
424;303
424;304
424;305
424;306
424;307
424;308
424;309
424;310
424;311
424;312
424;313
424;314
424;315
424;316
424;414
424;415
424;416
424;417
424;418
424;419
424;420
424;421
424;422
424;423
424;424
424;425
424;426
424;427
424;428
424;429
424;430
424;431
424;432
424;433
424;434
424;435
424;436
424;437
424;438
424;439
424;440
424;441
424;442
424;443
424;444
424;445
424;446
424;447
424;448
424;449
424;450
424;451
424;452
424;453
424;454
424;455
424;456
424;457
424;458
424;459
424;460
424;461
424;462
424;463
424;464
424;465
424;466
424;467
424;468
424;469
424;470
424;471
424;472
424;473
424;474
424;475
424;476
424;477
424;478
424;479
424;480
424;481
424;482
424;483
424;484
424;485
424;486
424;487
424;488
424;489
424;490
424;491
424;492
424;493
424;494
425;0
425;1
425;2
425;3
425;4
425;5
425;6
425;7
425;8
425;9
425;10
425;11
425;12
425;13
425;14
425;15
425;16
425;17
425;18
425;19
425;20
425;21
425;22
425;23
425;24
425;25
425;26
425;27
425;28
425;56
425;57
425;58
425;59
425;60
425;61
425;62
425;63
425;64
425;65
425;66
425;67
425;68
425;69
425;70
425;71
425;72
425;73
425;74
425;75
425;76
425;77
425;78
425;79
425;80
425;81
425;82
425;83
425;84
425;85
425;86
425;87
425;88
425;89
425;90
425;91
425;92
425;93
425;94
425;95
425;96
425;97
425;98
425;99
425;100
425;101
425;102
425;103
425;104
425;105
425;106
425;107
425;108
425;109
425;110
425;111
425;112
425;113
425;114
425;115
425;194
425;195
425;196
425;197
425;198
425;199
425;200
425;201
425;202
425;203
425;204
425;205
425;206
425;207
425;208
425;209
425;210
425;211
425;212
425;213
425;214
425;215
425;216
425;217
425;218
425;219
425;220
425;221
425;222
425;223
425;224
425;225
425;226
425;227
425;228
425;229
425;230
425;231
425;232
425;233
425;234
425;235
425;236
425;237
425;238
425;239
425;240
425;241
425;242
425;243
425;244
425;245
425;246
425;247
425;248
425;249
425;250
425;251
425;252
425;253
425;254
425;255
425;256
425;257
425;258
425;259
425;260
425;261
425;262
425;263
425;264
425;265
425;266
425;267
425;268
425;269
425;270
425;271
425;272
425;273
425;274
425;275
425;276
425;277
425;278
425;279
425;280
425;281
425;282
425;283
425;284
425;285
425;286
425;287
425;288
425;289
425;290
425;291
425;292
425;293
425;294
425;295
425;296
425;297
425;298
425;299
425;300
425;301
425;302
425;303
425;304
425;305
425;306
425;307
425;308
425;309
425;310
425;311
425;312
425;313
425;314
425;315
425;414
425;415
425;416
425;417
425;418
425;419
425;420
425;421
425;422
425;423
425;424
425;425
425;426
425;427
425;428
425;429
425;430
425;431
425;432
425;433
425;434
425;435
425;436
425;437
425;438
425;439
425;440
425;441
425;442
425;443
425;444
425;445
425;446
425;447
425;448
425;449
425;450
425;451
425;452
425;453
425;454
425;455
425;456
425;457
425;458
425;459
425;460
425;461
425;462
425;463
425;464
425;465
425;466
425;467
425;468
425;469
425;470
425;471
425;472
425;473
425;474
425;475
425;476
425;477
425;478
425;479
425;480
425;481
425;482
425;483
425;484
425;485
425;486
425;487
425;488
425;489
425;490
425;491
425;492
425;493
425;494
426;0
426;1
426;2
426;3
426;4
426;5
426;6
426;7
426;8
426;9
426;10
426;11
426;12
426;13
426;14
426;15
426;16
426;17
426;18
426;19
426;20
426;21
426;22
426;23
426;24
426;25
426;26
426;27
426;28
426;56
426;57
426;58
426;59
426;60
426;61
426;62
426;63
426;64
426;65
426;66
426;67
426;68
426;69
426;70
426;71
426;72
426;73
426;74
426;75
426;76
426;77
426;78
426;79
426;80
426;81
426;82
426;83
426;84
426;85
426;86
426;87
426;88
426;89
426;90
426;91
426;92
426;93
426;94
426;95
426;96
426;97
426;98
426;99
426;100
426;101
426;102
426;103
426;104
426;105
426;106
426;107
426;108
426;109
426;110
426;111
426;112
426;113
426;114
426;115
426;193
426;194
426;195
426;196
426;197
426;198
426;199
426;200
426;201
426;202
426;203
426;204
426;205
426;206
426;207
426;208
426;209
426;210
426;211
426;212
426;213
426;214
426;215
426;216
426;217
426;218
426;219
426;220
426;221
426;222
426;223
426;224
426;225
426;226
426;227
426;228
426;229
426;230
426;231
426;232
426;233
426;234
426;235
426;236
426;237
426;238
426;239
426;240
426;241
426;242
426;243
426;244
426;245
426;246
426;247
426;248
426;249
426;250
426;251
426;252
426;253
426;254
426;255
426;256
426;257
426;258
426;259
426;260
426;261
426;262
426;263
426;264
426;265
426;266
426;267
426;268
426;269
426;270
426;271
426;272
426;273
426;274
426;275
426;276
426;277
426;278
426;279
426;280
426;281
426;282
426;283
426;284
426;285
426;286
426;287
426;288
426;289
426;290
426;291
426;292
426;293
426;294
426;295
426;296
426;297
426;298
426;299
426;300
426;301
426;302
426;303
426;304
426;305
426;306
426;307
426;308
426;309
426;310
426;311
426;312
426;313
426;314
426;414
426;415
426;416
426;417
426;418
426;419
426;420
426;421
426;422
426;423
426;424
426;425
426;426
426;427
426;428
426;429
426;430
426;431
426;432
426;433
426;434
426;435
426;436
426;437
426;438
426;439
426;440
426;441
426;442
426;443
426;444
426;445
426;446
426;447
426;448
426;449
426;450
426;451
426;452
426;453
426;454
426;455
426;456
426;457
426;458
426;459
426;460
426;461
426;462
426;463
426;464
426;465
426;466
426;467
426;468
426;469
426;470
426;471
426;472
426;473
426;474
426;475
426;476
426;477
426;478
426;479
426;480
426;481
426;482
426;483
426;484
426;485
426;486
426;487
426;488
426;489
426;490
426;491
426;492
426;493
426;494
427;0
427;1
427;2
427;3
427;4
427;5
427;6
427;7
427;8
427;9
427;10
427;11
427;12
427;13
427;14
427;15
427;16
427;17
427;18
427;19
427;20
427;21
427;22
427;23
427;24
427;25
427;26
427;27
427;28
427;29
427;56
427;57
427;58
427;59
427;60
427;61
427;62
427;63
427;64
427;65
427;66
427;67
427;68
427;69
427;70
427;71
427;72
427;73
427;74
427;75
427;76
427;77
427;78
427;79
427;80
427;81
427;82
427;83
427;84
427;85
427;86
427;87
427;88
427;89
427;90
427;91
427;92
427;93
427;94
427;95
427;96
427;97
427;98
427;99
427;100
427;101
427;102
427;103
427;104
427;105
427;106
427;107
427;108
427;109
427;110
427;111
427;112
427;113
427;114
427;115
427;193
427;194
427;195
427;196
427;197
427;198
427;199
427;200
427;201
427;202
427;203
427;204
427;205
427;206
427;207
427;208
427;209
427;210
427;211
427;212
427;213
427;214
427;215
427;216
427;217
427;218
427;219
427;220
427;221
427;222
427;223
427;224
427;225
427;226
427;227
427;228
427;229
427;230
427;231
427;232
427;233
427;234
427;235
427;236
427;237
427;238
427;239
427;240
427;241
427;242
427;243
427;244
427;245
427;246
427;247
427;248
427;249
427;250
427;251
427;252
427;253
427;254
427;255
427;256
427;257
427;258
427;259
427;260
427;261
427;262
427;263
427;264
427;265
427;266
427;267
427;268
427;269
427;270
427;271
427;272
427;273
427;274
427;275
427;276
427;277
427;278
427;279
427;280
427;281
427;282
427;283
427;284
427;285
427;286
427;287
427;288
427;289
427;290
427;291
427;292
427;293
427;294
427;295
427;296
427;297
427;298
427;299
427;300
427;301
427;302
427;303
427;304
427;305
427;306
427;307
427;308
427;309
427;310
427;311
427;312
427;313
427;314
427;414
427;415
427;416
427;417
427;418
427;419
427;420
427;421
427;422
427;423
427;424
427;425
427;426
427;427
427;428
427;429
427;430
427;431
427;432
427;433
427;434
427;435
427;436
427;437
427;438
427;439
427;440
427;441
427;442
427;443
427;444
427;445
427;446
427;447
427;448
427;449
427;450
427;451
427;452
427;453
427;454
427;455
427;456
427;457
427;458
427;459
427;460
427;461
427;462
427;463
427;464
427;465
427;466
427;467
427;468
427;469
427;470
427;471
427;472
427;473
427;474
427;475
427;476
427;477
427;478
427;479
427;480
427;481
427;482
427;483
427;484
427;485
427;486
427;487
427;488
427;489
427;490
427;491
427;492
427;493
427;494
428;0
428;1
428;2
428;3
428;4
428;5
428;6
428;7
428;8
428;9
428;10
428;11
428;12
428;13
428;14
428;15
428;16
428;17
428;18
428;19
428;20
428;21
428;22
428;23
428;24
428;25
428;26
428;27
428;28
428;29
428;30
428;56
428;57
428;58
428;59
428;60
428;61
428;62
428;63
428;64
428;65
428;66
428;67
428;68
428;69
428;70
428;71
428;72
428;73
428;74
428;75
428;76
428;77
428;78
428;79
428;80
428;81
428;82
428;83
428;84
428;85
428;86
428;87
428;88
428;89
428;90
428;91
428;92
428;93
428;94
428;95
428;96
428;97
428;98
428;99
428;100
428;101
428;102
428;103
428;104
428;105
428;106
428;107
428;108
428;109
428;110
428;111
428;112
428;113
428;114
428;115
428;192
428;193
428;194
428;195
428;196
428;197
428;198
428;199
428;200
428;201
428;202
428;203
428;204
428;205
428;206
428;207
428;208
428;209
428;210
428;211
428;212
428;213
428;214
428;215
428;216
428;217
428;218
428;219
428;220
428;221
428;222
428;223
428;224
428;225
428;226
428;227
428;228
428;229
428;230
428;231
428;232
428;233
428;234
428;235
428;236
428;237
428;238
428;239
428;240
428;241
428;242
428;243
428;244
428;245
428;246
428;247
428;248
428;249
428;250
428;251
428;252
428;253
428;254
428;255
428;256
428;257
428;258
428;259
428;260
428;261
428;262
428;263
428;264
428;265
428;266
428;267
428;268
428;269
428;270
428;271
428;272
428;273
428;274
428;275
428;276
428;277
428;278
428;279
428;280
428;281
428;282
428;283
428;284
428;285
428;286
428;287
428;288
428;289
428;290
428;291
428;292
428;293
428;294
428;295
428;296
428;297
428;298
428;299
428;300
428;301
428;302
428;303
428;304
428;305
428;306
428;307
428;308
428;309
428;310
428;311
428;312
428;313
428;414
428;415
428;416
428;417
428;418
428;419
428;420
428;421
428;422
428;423
428;424
428;425
428;426
428;427
428;428
428;429
428;430
428;431
428;432
428;433
428;434
428;435
428;436
428;437
428;438
428;439
428;440
428;441
428;442
428;443
428;444
428;445
428;446
428;447
428;448
428;449
428;450
428;451
428;452
428;453
428;454
428;455
428;456
428;457
428;458
428;459
428;460
428;461
428;462
428;463
428;464
428;465
428;466
428;467
428;468
428;469
428;470
428;471
428;472
428;473
428;474
428;475
428;476
428;477
428;478
428;479
428;480
428;481
428;482
428;483
428;484
428;485
428;486
428;487
428;488
428;489
428;490
428;491
428;492
428;493
428;494
429;0
429;1
429;2
429;3
429;4
429;5
429;6
429;7
429;8
429;9
429;10
429;11
429;12
429;13
429;14
429;15
429;16
429;17
429;18
429;19
429;20
429;21
429;22
429;23
429;24
429;25
429;26
429;27
429;28
429;29
429;30
429;56
429;57
429;58
429;59
429;60
429;61
429;62
429;63
429;64
429;65
429;66
429;67
429;68
429;69
429;70
429;71
429;72
429;73
429;74
429;75
429;76
429;77
429;78
429;79
429;80
429;81
429;82
429;83
429;84
429;85
429;86
429;87
429;88
429;89
429;90
429;91
429;92
429;93
429;94
429;95
429;96
429;97
429;98
429;99
429;100
429;101
429;102
429;103
429;104
429;105
429;106
429;107
429;108
429;109
429;110
429;111
429;112
429;113
429;114
429;115
429;191
429;192
429;193
429;194
429;195
429;196
429;197
429;198
429;199
429;200
429;201
429;202
429;203
429;204
429;205
429;206
429;207
429;208
429;209
429;210
429;211
429;212
429;213
429;214
429;215
429;216
429;217
429;218
429;219
429;220
429;221
429;222
429;223
429;224
429;225
429;226
429;227
429;228
429;229
429;230
429;231
429;232
429;233
429;234
429;235
429;236
429;237
429;238
429;239
429;240
429;241
429;242
429;243
429;244
429;245
429;246
429;247
429;248
429;249
429;250
429;251
429;252
429;253
429;254
429;255
429;256
429;257
429;258
429;259
429;260
429;261
429;262
429;263
429;264
429;265
429;266
429;267
429;268
429;269
429;270
429;271
429;272
429;273
429;274
429;275
429;276
429;277
429;278
429;279
429;280
429;281
429;282
429;283
429;284
429;285
429;286
429;287
429;288
429;289
429;290
429;291
429;292
429;293
429;294
429;295
429;296
429;297
429;298
429;299
429;300
429;301
429;302
429;303
429;304
429;305
429;306
429;307
429;308
429;309
429;310
429;311
429;312
429;414
429;415
429;416
429;417
429;418
429;419
429;420
429;421
429;422
429;423
429;424
429;425
429;426
429;427
429;428
429;429
429;430
429;431
429;432
429;433
429;434
429;435
429;436
429;437
429;438
429;439
429;440
429;441
429;442
429;443
429;444
429;445
429;446
429;447
429;448
429;449
429;450
429;451
429;452
429;453
429;454
429;455
429;456
429;457
429;458
429;459
429;460
429;461
429;462
429;463
429;464
429;465
429;466
429;467
429;468
429;469
429;470
429;471
429;472
429;473
429;474
429;475
429;476
429;477
429;478
429;479
429;480
429;481
429;482
429;483
429;484
429;485
429;486
429;487
429;488
429;489
429;490
429;491
429;492
429;493
429;494
430;0
430;1
430;2
430;3
430;4
430;5
430;6
430;7
430;8
430;9
430;10
430;11
430;12
430;13
430;14
430;15
430;16
430;17
430;18
430;19
430;20
430;21
430;22
430;23
430;24
430;25
430;26
430;27
430;28
430;29
430;30
430;31
430;56
430;57
430;58
430;59
430;60
430;61
430;62
430;63
430;64
430;65
430;66
430;67
430;68
430;69
430;70
430;71
430;72
430;73
430;74
430;75
430;76
430;77
430;78
430;79
430;80
430;81
430;82
430;83
430;84
430;85
430;86
430;87
430;88
430;89
430;90
430;91
430;92
430;93
430;94
430;95
430;96
430;97
430;98
430;99
430;100
430;101
430;102
430;103
430;104
430;105
430;106
430;107
430;108
430;109
430;110
430;111
430;112
430;113
430;114
430;115
430;191
430;192
430;193
430;194
430;195
430;196
430;197
430;198
430;199
430;200
430;201
430;202
430;203
430;204
430;205
430;206
430;207
430;208
430;209
430;210
430;211
430;212
430;213
430;214
430;215
430;216
430;217
430;218
430;219
430;220
430;221
430;222
430;223
430;224
430;225
430;226
430;227
430;228
430;229
430;230
430;231
430;232
430;233
430;234
430;235
430;236
430;237
430;238
430;239
430;240
430;241
430;242
430;243
430;244
430;245
430;246
430;247
430;248
430;249
430;250
430;251
430;252
430;253
430;254
430;255
430;256
430;257
430;258
430;259
430;260
430;261
430;262
430;263
430;264
430;265
430;266
430;267
430;268
430;269
430;270
430;271
430;272
430;273
430;274
430;275
430;276
430;277
430;278
430;279
430;280
430;281
430;282
430;283
430;284
430;285
430;286
430;287
430;288
430;289
430;290
430;291
430;292
430;293
430;294
430;295
430;296
430;297
430;298
430;299
430;300
430;301
430;302
430;303
430;304
430;305
430;306
430;307
430;308
430;309
430;310
430;414
430;415
430;416
430;417
430;418
430;419
430;420
430;421
430;422
430;423
430;424
430;425
430;426
430;427
430;428
430;429
430;430
430;431
430;432
430;433
430;434
430;435
430;436
430;437
430;438
430;439
430;440
430;441
430;442
430;443
430;444
430;445
430;446
430;447
430;448
430;449
430;450
430;451
430;452
430;453
430;454
430;455
430;456
430;457
430;458
430;459
430;460
430;461
430;462
430;463
430;464
430;465
430;466
430;467
430;468
430;469
430;470
430;471
430;472
430;473
430;474
430;475
430;476
430;477
430;478
430;479
430;480
430;481
430;482
430;483
430;484
430;485
430;486
430;487
430;488
430;489
430;490
430;491
430;492
430;493
430;494
431;0
431;1
431;2
431;3
431;4
431;5
431;6
431;7
431;8
431;9
431;10
431;11
431;12
431;13
431;14
431;15
431;16
431;17
431;18
431;19
431;20
431;21
431;22
431;23
431;24
431;25
431;26
431;27
431;28
431;29
431;30
431;31
431;32
431;56
431;57
431;58
431;59
431;60
431;61
431;62
431;63
431;64
431;65
431;66
431;67
431;68
431;69
431;70
431;71
431;72
431;73
431;74
431;75
431;76
431;77
431;78
431;79
431;80
431;81
431;82
431;83
431;84
431;85
431;86
431;87
431;88
431;89
431;90
431;91
431;92
431;93
431;94
431;95
431;96
431;97
431;98
431;99
431;100
431;101
431;102
431;103
431;104
431;105
431;106
431;107
431;108
431;109
431;110
431;111
431;112
431;113
431;114
431;115
431;190
431;191
431;192
431;193
431;194
431;195
431;196
431;197
431;198
431;199
431;200
431;201
431;202
431;203
431;204
431;205
431;206
431;207
431;208
431;209
431;210
431;211
431;212
431;213
431;214
431;215
431;216
431;217
431;218
431;219
431;220
431;221
431;222
431;223
431;224
431;225
431;226
431;227
431;228
431;229
431;230
431;231
431;232
431;233
431;234
431;235
431;236
431;237
431;238
431;239
431;240
431;241
431;242
431;243
431;244
431;245
431;246
431;247
431;248
431;249
431;250
431;251
431;252
431;253
431;254
431;255
431;256
431;257
431;258
431;259
431;260
431;261
431;262
431;263
431;264
431;265
431;266
431;267
431;268
431;269
431;270
431;271
431;272
431;273
431;274
431;275
431;276
431;277
431;278
431;279
431;280
431;281
431;282
431;283
431;284
431;285
431;286
431;287
431;288
431;289
431;290
431;291
431;292
431;293
431;294
431;295
431;296
431;297
431;298
431;299
431;300
431;301
431;302
431;303
431;304
431;305
431;306
431;307
431;308
431;309
431;414
431;415
431;416
431;417
431;418
431;419
431;420
431;421
431;422
431;423
431;424
431;425
431;426
431;427
431;428
431;429
431;430
431;431
431;432
431;433
431;434
431;435
431;436
431;437
431;438
431;439
431;440
431;441
431;442
431;443
431;444
431;445
431;446
431;447
431;448
431;449
431;450
431;451
431;452
431;453
431;454
431;455
431;456
431;457
431;458
431;459
431;460
431;461
431;462
431;463
431;464
431;465
431;466
431;467
431;468
431;469
431;470
431;471
431;472
431;473
431;474
431;475
431;476
431;477
431;478
431;479
431;480
431;481
431;482
431;483
431;484
431;485
431;486
431;487
431;488
431;489
431;490
431;491
431;492
431;493
431;494
432;0
432;1
432;2
432;3
432;4
432;5
432;6
432;7
432;8
432;9
432;10
432;11
432;12
432;13
432;14
432;15
432;16
432;17
432;18
432;19
432;20
432;21
432;22
432;23
432;24
432;25
432;26
432;27
432;28
432;29
432;30
432;31
432;32
432;33
432;56
432;57
432;58
432;59
432;60
432;61
432;62
432;63
432;64
432;65
432;66
432;67
432;68
432;69
432;70
432;71
432;72
432;73
432;74
432;75
432;76
432;77
432;78
432;79
432;80
432;81
432;82
432;83
432;84
432;85
432;86
432;87
432;88
432;89
432;90
432;91
432;92
432;93
432;94
432;95
432;96
432;97
432;98
432;99
432;100
432;101
432;102
432;103
432;104
432;105
432;106
432;107
432;108
432;109
432;110
432;111
432;112
432;113
432;114
432;115
432;189
432;190
432;191
432;192
432;193
432;194
432;195
432;196
432;197
432;198
432;199
432;200
432;201
432;202
432;203
432;204
432;205
432;206
432;207
432;208
432;209
432;210
432;211
432;212
432;213
432;214
432;215
432;216
432;217
432;218
432;219
432;220
432;221
432;222
432;223
432;224
432;225
432;226
432;227
432;228
432;229
432;230
432;231
432;232
432;233
432;234
432;235
432;236
432;237
432;238
432;239
432;240
432;241
432;242
432;243
432;244
432;245
432;246
432;247
432;248
432;249
432;250
432;251
432;252
432;253
432;254
432;255
432;256
432;257
432;258
432;259
432;260
432;261
432;262
432;263
432;264
432;265
432;266
432;267
432;268
432;269
432;270
432;271
432;272
432;273
432;274
432;275
432;276
432;277
432;278
432;279
432;280
432;281
432;282
432;283
432;284
432;285
432;286
432;287
432;288
432;289
432;290
432;291
432;292
432;293
432;294
432;295
432;296
432;297
432;298
432;299
432;300
432;301
432;302
432;303
432;304
432;305
432;306
432;307
432;308
432;414
432;415
432;416
432;417
432;418
432;419
432;420
432;421
432;422
432;423
432;424
432;425
432;426
432;427
432;428
432;429
432;430
432;431
432;432
432;433
432;434
432;435
432;436
432;437
432;438
432;439
432;440
432;441
432;442
432;443
432;444
432;445
432;446
432;447
432;448
432;449
432;450
432;451
432;452
432;453
432;454
432;455
432;456
432;457
432;458
432;459
432;460
432;461
432;462
432;463
432;464
432;465
432;466
432;467
432;468
432;469
432;470
432;471
432;472
432;473
432;474
432;475
432;476
432;477
432;478
432;479
432;480
432;481
432;482
432;483
432;484
432;485
432;486
432;487
432;488
432;489
432;490
432;491
432;492
432;493
432;494
433;0
433;1
433;2
433;3
433;4
433;5
433;6
433;7
433;8
433;9
433;10
433;11
433;12
433;13
433;14
433;15
433;16
433;17
433;18
433;19
433;20
433;21
433;22
433;23
433;24
433;25
433;26
433;27
433;28
433;29
433;30
433;31
433;32
433;33
433;56
433;57
433;58
433;59
433;60
433;61
433;62
433;63
433;64
433;65
433;66
433;67
433;68
433;69
433;70
433;71
433;72
433;73
433;74
433;75
433;76
433;77
433;78
433;79
433;80
433;81
433;82
433;83
433;84
433;85
433;86
433;87
433;88
433;89
433;90
433;91
433;92
433;93
433;94
433;95
433;96
433;97
433;98
433;99
433;100
433;101
433;102
433;103
433;104
433;105
433;106
433;107
433;108
433;109
433;110
433;111
433;112
433;113
433;114
433;115
433;189
433;190
433;191
433;192
433;193
433;194
433;195
433;196
433;197
433;198
433;199
433;200
433;201
433;202
433;203
433;204
433;205
433;206
433;207
433;208
433;209
433;210
433;211
433;212
433;213
433;214
433;215
433;216
433;217
433;218
433;219
433;220
433;221
433;222
433;223
433;224
433;225
433;226
433;227
433;228
433;229
433;230
433;231
433;232
433;233
433;234
433;235
433;236
433;237
433;238
433;239
433;240
433;241
433;242
433;243
433;244
433;245
433;246
433;247
433;248
433;249
433;250
433;251
433;252
433;253
433;254
433;255
433;256
433;257
433;258
433;259
433;260
433;261
433;262
433;263
433;264
433;265
433;266
433;267
433;268
433;269
433;270
433;271
433;272
433;273
433;274
433;275
433;276
433;277
433;278
433;279
433;280
433;281
433;282
433;283
433;284
433;285
433;286
433;287
433;288
433;289
433;290
433;291
433;292
433;293
433;294
433;295
433;296
433;297
433;298
433;299
433;300
433;301
433;302
433;303
433;304
433;305
433;306
433;413
433;414
433;415
433;416
433;417
433;418
433;419
433;420
433;421
433;422
433;423
433;424
433;425
433;426
433;427
433;428
433;429
433;430
433;431
433;432
433;433
433;434
433;435
433;436
433;437
433;438
433;439
433;440
433;441
433;442
433;443
433;444
433;445
433;446
433;447
433;448
433;449
433;450
433;451
433;452
433;453
433;454
433;455
433;456
433;457
433;458
433;459
433;460
433;461
433;462
433;463
433;464
433;465
433;466
433;467
433;468
433;469
433;470
433;471
433;472
433;473
433;474
433;475
433;476
433;477
433;478
433;479
433;480
433;481
433;482
433;483
433;484
433;485
433;486
433;487
433;488
433;489
433;490
433;491
433;492
433;493
433;494
434;0
434;1
434;2
434;3
434;4
434;5
434;6
434;7
434;8
434;9
434;10
434;11
434;12
434;13
434;14
434;15
434;16
434;17
434;18
434;19
434;20
434;21
434;22
434;23
434;24
434;25
434;26
434;27
434;28
434;29
434;30
434;31
434;32
434;33
434;34
434;56
434;57
434;58
434;59
434;60
434;61
434;62
434;63
434;64
434;65
434;66
434;67
434;68
434;69
434;70
434;71
434;72
434;73
434;74
434;75
434;76
434;77
434;78
434;79
434;80
434;81
434;82
434;83
434;84
434;85
434;86
434;87
434;88
434;89
434;90
434;91
434;92
434;93
434;94
434;95
434;96
434;97
434;98
434;99
434;100
434;101
434;102
434;103
434;104
434;105
434;106
434;107
434;108
434;109
434;110
434;111
434;112
434;113
434;114
434;115
434;188
434;189
434;190
434;191
434;192
434;193
434;194
434;195
434;196
434;197
434;198
434;199
434;200
434;201
434;202
434;203
434;204
434;205
434;206
434;207
434;208
434;209
434;210
434;211
434;212
434;213
434;214
434;215
434;216
434;217
434;218
434;219
434;220
434;221
434;222
434;223
434;224
434;225
434;226
434;227
434;228
434;229
434;230
434;231
434;232
434;233
434;234
434;235
434;236
434;237
434;238
434;239
434;240
434;241
434;242
434;243
434;244
434;245
434;246
434;247
434;248
434;249
434;250
434;251
434;252
434;253
434;254
434;255
434;256
434;257
434;258
434;259
434;260
434;261
434;262
434;263
434;264
434;265
434;266
434;267
434;268
434;269
434;270
434;271
434;272
434;273
434;274
434;275
434;276
434;277
434;278
434;279
434;280
434;281
434;282
434;283
434;284
434;285
434;286
434;287
434;288
434;289
434;290
434;291
434;292
434;293
434;294
434;295
434;296
434;297
434;298
434;299
434;300
434;301
434;302
434;303
434;304
434;305
434;413
434;414
434;415
434;416
434;417
434;418
434;419
434;420
434;421
434;422
434;423
434;424
434;425
434;426
434;427
434;428
434;429
434;430
434;431
434;432
434;433
434;434
434;435
434;436
434;437
434;438
434;439
434;440
434;441
434;442
434;443
434;444
434;445
434;446
434;447
434;448
434;449
434;450
434;451
434;452
434;453
434;454
434;455
434;456
434;457
434;458
434;459
434;460
434;461
434;462
434;463
434;464
434;465
434;466
434;467
434;468
434;469
434;470
434;471
434;472
434;473
434;474
434;475
434;476
434;477
434;478
434;479
434;480
434;481
434;482
434;483
434;484
434;485
434;486
434;487
434;488
434;489
434;490
434;491
434;492
434;493
434;494
435;0
435;1
435;2
435;3
435;4
435;5
435;6
435;7
435;8
435;9
435;10
435;11
435;12
435;13
435;14
435;15
435;16
435;17
435;18
435;19
435;20
435;21
435;22
435;23
435;24
435;25
435;26
435;27
435;28
435;29
435;30
435;31
435;32
435;33
435;34
435;35
435;56
435;57
435;58
435;59
435;60
435;61
435;62
435;63
435;64
435;65
435;66
435;67
435;68
435;69
435;70
435;71
435;72
435;73
435;74
435;75
435;76
435;77
435;78
435;79
435;80
435;81
435;82
435;83
435;84
435;85
435;86
435;87
435;88
435;89
435;90
435;91
435;92
435;93
435;94
435;95
435;96
435;97
435;98
435;99
435;100
435;101
435;102
435;103
435;104
435;105
435;106
435;107
435;108
435;109
435;110
435;111
435;112
435;113
435;114
435;115
435;188
435;189
435;190
435;191
435;192
435;193
435;194
435;195
435;196
435;197
435;198
435;199
435;200
435;201
435;202
435;203
435;204
435;205
435;206
435;207
435;208
435;209
435;210
435;211
435;212
435;213
435;214
435;215
435;216
435;217
435;218
435;219
435;220
435;221
435;222
435;223
435;224
435;225
435;226
435;227
435;228
435;229
435;230
435;231
435;232
435;233
435;234
435;235
435;236
435;237
435;238
435;239
435;240
435;241
435;242
435;243
435;244
435;245
435;246
435;247
435;248
435;249
435;250
435;251
435;252
435;253
435;254
435;255
435;256
435;257
435;258
435;259
435;260
435;261
435;262
435;263
435;264
435;265
435;266
435;267
435;268
435;269
435;270
435;271
435;272
435;273
435;274
435;275
435;276
435;277
435;278
435;279
435;280
435;281
435;282
435;283
435;284
435;285
435;286
435;287
435;288
435;289
435;290
435;291
435;292
435;293
435;294
435;295
435;296
435;297
435;298
435;299
435;300
435;301
435;302
435;303
435;413
435;414
435;415
435;416
435;417
435;418
435;419
435;420
435;421
435;422
435;423
435;424
435;425
435;426
435;427
435;428
435;429
435;430
435;431
435;432
435;433
435;434
435;435
435;436
435;437
435;438
435;439
435;440
435;441
435;442
435;443
435;444
435;445
435;446
435;447
435;448
435;449
435;450
435;451
435;452
435;453
435;454
435;455
435;456
435;457
435;458
435;459
435;460
435;461
435;462
435;463
435;464
435;465
435;466
435;467
435;468
435;469
435;470
435;471
435;472
435;473
435;474
435;475
435;476
435;477
435;478
435;479
435;480
435;481
435;482
435;483
435;484
435;485
435;486
435;487
435;488
435;489
435;490
435;491
435;492
435;493
435;494
436;0
436;1
436;2
436;3
436;4
436;5
436;6
436;7
436;8
436;9
436;10
436;11
436;12
436;13
436;14
436;15
436;16
436;17
436;18
436;19
436;20
436;21
436;22
436;23
436;24
436;25
436;26
436;27
436;28
436;29
436;30
436;31
436;32
436;33
436;34
436;35
436;56
436;57
436;58
436;59
436;60
436;61
436;62
436;63
436;64
436;65
436;66
436;67
436;68
436;69
436;70
436;71
436;72
436;73
436;74
436;75
436;76
436;77
436;78
436;79
436;80
436;81
436;82
436;83
436;84
436;85
436;86
436;87
436;88
436;89
436;90
436;91
436;92
436;93
436;94
436;95
436;96
436;97
436;98
436;99
436;100
436;101
436;102
436;103
436;104
436;105
436;106
436;107
436;108
436;109
436;110
436;111
436;112
436;113
436;114
436;115
436;187
436;188
436;189
436;190
436;191
436;192
436;193
436;194
436;195
436;196
436;197
436;198
436;199
436;200
436;201
436;202
436;203
436;204
436;205
436;206
436;207
436;208
436;209
436;210
436;211
436;212
436;213
436;214
436;215
436;216
436;217
436;218
436;219
436;220
436;221
436;222
436;223
436;224
436;225
436;226
436;227
436;228
436;229
436;230
436;231
436;232
436;233
436;234
436;235
436;236
436;237
436;238
436;239
436;240
436;241
436;242
436;243
436;244
436;245
436;246
436;247
436;248
436;249
436;250
436;251
436;252
436;253
436;254
436;255
436;256
436;257
436;258
436;259
436;260
436;261
436;262
436;263
436;264
436;265
436;266
436;267
436;268
436;269
436;270
436;271
436;272
436;273
436;274
436;275
436;276
436;277
436;278
436;279
436;280
436;281
436;282
436;283
436;284
436;285
436;286
436;287
436;288
436;289
436;290
436;291
436;292
436;293
436;294
436;295
436;296
436;297
436;298
436;299
436;300
436;301
436;413
436;414
436;415
436;416
436;417
436;418
436;419
436;420
436;421
436;422
436;423
436;424
436;425
436;426
436;427
436;428
436;429
436;430
436;431
436;432
436;433
436;434
436;435
436;436
436;437
436;438
436;439
436;440
436;441
436;442
436;443
436;444
436;445
436;446
436;447
436;448
436;449
436;450
436;451
436;452
436;453
436;454
436;455
436;456
436;457
436;458
436;459
436;460
436;461
436;462
436;463
436;464
436;465
436;466
436;467
436;468
436;469
436;470
436;471
436;472
436;473
436;474
436;475
436;476
436;477
436;478
436;479
436;480
436;481
436;482
436;483
436;484
436;485
436;486
436;487
436;488
436;489
436;490
436;491
436;492
436;493
436;494
437;0
437;1
437;2
437;3
437;4
437;5
437;6
437;7
437;8
437;9
437;10
437;11
437;12
437;13
437;14
437;15
437;16
437;17
437;18
437;19
437;20
437;21
437;22
437;23
437;24
437;25
437;26
437;27
437;28
437;29
437;30
437;31
437;32
437;33
437;34
437;35
437;36
437;56
437;57
437;58
437;59
437;60
437;61
437;62
437;63
437;64
437;65
437;66
437;67
437;68
437;69
437;70
437;71
437;72
437;73
437;74
437;75
437;76
437;77
437;78
437;79
437;80
437;81
437;82
437;83
437;84
437;85
437;86
437;87
437;88
437;89
437;90
437;91
437;92
437;93
437;94
437;95
437;96
437;97
437;98
437;99
437;100
437;101
437;102
437;103
437;104
437;105
437;106
437;107
437;108
437;109
437;110
437;111
437;112
437;113
437;114
437;115
437;187
437;188
437;189
437;190
437;191
437;192
437;193
437;194
437;195
437;196
437;197
437;198
437;199
437;200
437;201
437;202
437;203
437;204
437;205
437;206
437;207
437;208
437;209
437;210
437;211
437;212
437;213
437;214
437;215
437;216
437;217
437;218
437;219
437;220
437;221
437;222
437;223
437;224
437;225
437;226
437;227
437;228
437;229
437;230
437;231
437;232
437;233
437;234
437;235
437;236
437;237
437;238
437;239
437;240
437;241
437;242
437;243
437;244
437;245
437;246
437;247
437;248
437;249
437;250
437;251
437;252
437;253
437;254
437;255
437;256
437;257
437;258
437;259
437;260
437;261
437;262
437;263
437;264
437;265
437;266
437;267
437;268
437;269
437;270
437;271
437;272
437;273
437;274
437;275
437;276
437;277
437;278
437;279
437;280
437;281
437;282
437;283
437;284
437;285
437;286
437;287
437;288
437;289
437;290
437;291
437;292
437;293
437;294
437;295
437;296
437;297
437;298
437;299
437;413
437;414
437;415
437;416
437;417
437;418
437;419
437;420
437;421
437;422
437;423
437;424
437;425
437;426
437;427
437;428
437;429
437;430
437;431
437;432
437;433
437;434
437;435
437;436
437;437
437;438
437;439
437;440
437;441
437;442
437;443
437;444
437;445
437;446
437;447
437;448
437;449
437;450
437;451
437;452
437;453
437;454
437;455
437;456
437;457
437;458
437;459
437;460
437;461
437;462
437;463
437;464
437;465
437;466
437;467
437;468
437;469
437;470
437;471
437;472
437;473
437;474
437;475
437;476
437;477
437;478
437;479
437;480
437;481
437;482
437;483
437;484
437;485
437;486
437;487
437;488
437;489
437;490
437;491
437;492
437;493
437;494
438;0
438;1
438;2
438;3
438;4
438;5
438;6
438;7
438;8
438;9
438;10
438;11
438;12
438;13
438;14
438;15
438;16
438;17
438;18
438;19
438;20
438;21
438;22
438;23
438;24
438;25
438;26
438;27
438;28
438;29
438;30
438;31
438;32
438;33
438;34
438;35
438;36
438;56
438;57
438;58
438;59
438;60
438;61
438;62
438;63
438;64
438;65
438;66
438;67
438;68
438;69
438;70
438;71
438;72
438;73
438;74
438;75
438;76
438;77
438;78
438;79
438;80
438;81
438;82
438;83
438;84
438;85
438;86
438;87
438;88
438;89
438;90
438;91
438;92
438;93
438;94
438;95
438;96
438;97
438;98
438;99
438;100
438;101
438;102
438;103
438;104
438;105
438;106
438;107
438;108
438;109
438;110
438;111
438;112
438;113
438;114
438;115
438;186
438;187
438;188
438;189
438;190
438;191
438;192
438;193
438;194
438;195
438;196
438;197
438;198
438;199
438;200
438;201
438;202
438;203
438;204
438;205
438;206
438;207
438;208
438;209
438;210
438;211
438;212
438;213
438;214
438;215
438;216
438;217
438;218
438;219
438;220
438;221
438;222
438;223
438;224
438;225
438;226
438;227
438;228
438;229
438;230
438;231
438;232
438;233
438;234
438;235
438;236
438;237
438;238
438;239
438;240
438;241
438;242
438;243
438;244
438;245
438;246
438;247
438;248
438;249
438;250
438;251
438;252
438;253
438;254
438;255
438;256
438;257
438;258
438;259
438;260
438;261
438;262
438;263
438;264
438;265
438;266
438;269
438;270
438;271
438;272
438;273
438;274
438;275
438;276
438;277
438;278
438;279
438;280
438;281
438;282
438;283
438;284
438;285
438;286
438;287
438;288
438;289
438;290
438;291
438;292
438;293
438;294
438;295
438;296
438;297
438;413
438;414
438;415
438;416
438;417
438;418
438;419
438;420
438;421
438;422
438;423
438;424
438;425
438;426
438;427
438;428
438;429
438;430
438;431
438;432
438;433
438;434
438;435
438;436
438;437
438;438
438;439
438;440
438;441
438;442
438;443
438;444
438;445
438;446
438;447
438;448
438;449
438;450
438;451
438;452
438;453
438;454
438;455
438;456
438;457
438;458
438;459
438;460
438;461
438;462
438;463
438;464
438;465
438;466
438;467
438;468
438;469
438;470
438;471
438;472
438;473
438;474
438;475
438;476
438;477
438;478
438;479
438;480
438;481
438;482
438;483
438;484
438;485
438;486
438;487
438;488
438;489
438;490
438;491
438;492
438;493
438;494
439;0
439;1
439;2
439;3
439;4
439;5
439;6
439;7
439;8
439;9
439;10
439;11
439;12
439;13
439;14
439;15
439;16
439;17
439;18
439;19
439;20
439;21
439;22
439;23
439;24
439;25
439;26
439;27
439;28
439;29
439;30
439;31
439;32
439;33
439;34
439;35
439;56
439;57
439;58
439;59
439;60
439;61
439;62
439;63
439;64
439;65
439;66
439;67
439;68
439;69
439;70
439;71
439;72
439;73
439;74
439;75
439;76
439;77
439;78
439;79
439;80
439;81
439;82
439;83
439;84
439;85
439;86
439;87
439;88
439;89
439;90
439;91
439;92
439;93
439;94
439;95
439;96
439;97
439;98
439;99
439;100
439;101
439;102
439;103
439;104
439;105
439;106
439;107
439;108
439;109
439;110
439;111
439;112
439;113
439;114
439;115
439;186
439;187
439;188
439;189
439;190
439;191
439;192
439;193
439;194
439;195
439;196
439;197
439;198
439;199
439;200
439;201
439;202
439;203
439;204
439;205
439;206
439;207
439;208
439;209
439;210
439;211
439;212
439;213
439;214
439;215
439;216
439;217
439;218
439;219
439;220
439;221
439;222
439;223
439;224
439;225
439;226
439;227
439;228
439;229
439;230
439;231
439;232
439;233
439;234
439;235
439;236
439;237
439;238
439;239
439;240
439;241
439;242
439;243
439;244
439;245
439;246
439;247
439;248
439;249
439;250
439;251
439;252
439;253
439;254
439;255
439;256
439;257
439;258
439;259
439;260
439;261
439;262
439;263
439;264
439;265
439;266
439;267
439;272
439;273
439;274
439;275
439;276
439;277
439;278
439;279
439;280
439;281
439;282
439;283
439;284
439;285
439;286
439;287
439;288
439;289
439;290
439;291
439;292
439;293
439;413
439;414
439;415
439;416
439;417
439;418
439;419
439;420
439;421
439;422
439;423
439;424
439;425
439;426
439;427
439;428
439;429
439;430
439;431
439;432
439;433
439;434
439;435
439;436
439;437
439;438
439;439
439;440
439;441
439;442
439;443
439;444
439;445
439;446
439;447
439;448
439;449
439;450
439;451
439;452
439;453
439;454
439;455
439;456
439;457
439;458
439;459
439;460
439;461
439;462
439;463
439;464
439;465
439;466
439;467
439;468
439;469
439;470
439;471
439;472
439;473
439;474
439;475
439;476
439;477
439;478
439;479
439;480
439;481
439;482
439;483
439;484
439;485
439;486
439;487
439;488
439;489
439;490
439;491
439;492
439;493
439;494
440;0
440;1
440;2
440;3
440;4
440;5
440;6
440;7
440;8
440;9
440;10
440;11
440;12
440;13
440;14
440;15
440;16
440;17
440;18
440;19
440;20
440;21
440;22
440;23
440;24
440;25
440;26
440;27
440;28
440;29
440;30
440;31
440;32
440;33
440;34
440;56
440;57
440;58
440;59
440;60
440;61
440;62
440;63
440;64
440;65
440;66
440;67
440;68
440;69
440;70
440;71
440;72
440;73
440;74
440;75
440;76
440;77
440;78
440;79
440;80
440;81
440;82
440;83
440;84
440;85
440;86
440;87
440;88
440;89
440;90
440;91
440;92
440;93
440;94
440;95
440;96
440;97
440;98
440;99
440;100
440;101
440;102
440;103
440;104
440;105
440;106
440;107
440;108
440;109
440;110
440;111
440;112
440;113
440;114
440;115
440;186
440;187
440;188
440;189
440;190
440;191
440;192
440;193
440;194
440;195
440;196
440;197
440;198
440;199
440;200
440;201
440;202
440;203
440;204
440;205
440;206
440;207
440;208
440;209
440;210
440;211
440;212
440;213
440;214
440;215
440;216
440;217
440;218
440;219
440;220
440;221
440;222
440;223
440;224
440;225
440;226
440;227
440;228
440;229
440;230
440;231
440;232
440;233
440;234
440;235
440;236
440;237
440;238
440;239
440;240
440;241
440;242
440;243
440;244
440;245
440;246
440;247
440;248
440;249
440;250
440;251
440;252
440;253
440;254
440;255
440;256
440;257
440;258
440;259
440;260
440;261
440;262
440;263
440;264
440;265
440;266
440;267
440;277
440;278
440;279
440;280
440;281
440;282
440;283
440;284
440;285
440;286
440;287
440;288
440;289
440;413
440;414
440;415
440;416
440;417
440;418
440;419
440;420
440;421
440;422
440;423
440;424
440;425
440;426
440;427
440;428
440;429
440;430
440;431
440;432
440;433
440;434
440;435
440;436
440;437
440;438
440;439
440;440
440;441
440;442
440;443
440;444
440;445
440;446
440;447
440;448
440;449
440;450
440;451
440;452
440;453
440;454
440;455
440;456
440;457
440;458
440;459
440;460
440;461
440;462
440;463
440;464
440;465
440;466
440;467
440;468
440;469
440;470
440;471
440;472
440;473
440;474
440;475
440;476
440;477
440;478
440;479
440;480
440;481
440;482
440;483
440;484
440;485
440;486
440;487
440;488
440;489
440;490
440;491
440;492
440;493
440;494
441;0
441;1
441;2
441;3
441;4
441;5
441;6
441;7
441;8
441;9
441;10
441;11
441;12
441;13
441;14
441;15
441;16
441;17
441;18
441;19
441;20
441;21
441;22
441;23
441;24
441;25
441;26
441;27
441;28
441;29
441;30
441;31
441;32
441;56
441;57
441;58
441;59
441;60
441;61
441;62
441;63
441;64
441;65
441;66
441;67
441;68
441;69
441;70
441;71
441;72
441;73
441;74
441;75
441;76
441;77
441;78
441;79
441;80
441;81
441;82
441;83
441;84
441;85
441;86
441;87
441;88
441;89
441;90
441;91
441;92
441;93
441;94
441;95
441;96
441;97
441;98
441;99
441;100
441;101
441;102
441;103
441;104
441;105
441;106
441;107
441;108
441;109
441;110
441;111
441;112
441;113
441;114
441;115
441;185
441;186
441;187
441;188
441;189
441;190
441;191
441;192
441;193
441;194
441;195
441;196
441;197
441;198
441;199
441;200
441;201
441;202
441;203
441;204
441;205
441;206
441;207
441;208
441;209
441;210
441;211
441;212
441;213
441;214
441;215
441;216
441;217
441;218
441;219
441;220
441;221
441;222
441;223
441;224
441;225
441;226
441;227
441;228
441;229
441;230
441;231
441;232
441;233
441;234
441;235
441;236
441;237
441;238
441;239
441;240
441;241
441;242
441;243
441;244
441;245
441;246
441;247
441;248
441;249
441;250
441;251
441;252
441;253
441;254
441;255
441;256
441;257
441;258
441;259
441;260
441;261
441;262
441;263
441;264
441;265
441;266
441;267
441;413
441;414
441;415
441;416
441;417
441;418
441;419
441;420
441;421
441;422
441;423
441;424
441;425
441;426
441;427
441;428
441;429
441;430
441;431
441;432
441;433
441;434
441;435
441;436
441;437
441;438
441;439
441;440
441;441
441;442
441;443
441;444
441;445
441;446
441;447
441;448
441;449
441;450
441;451
441;452
441;453
441;454
441;455
441;456
441;457
441;458
441;459
441;460
441;461
441;462
441;463
441;464
441;465
441;466
441;467
441;468
441;469
441;470
441;471
441;472
441;473
441;474
441;475
441;476
441;477
441;478
441;479
441;480
441;481
441;482
441;483
441;484
441;485
441;486
441;487
441;488
441;489
441;490
441;491
441;492
441;493
441;494
442;0
442;1
442;2
442;3
442;4
442;5
442;6
442;7
442;8
442;9
442;10
442;11
442;12
442;13
442;14
442;15
442;16
442;17
442;18
442;19
442;20
442;21
442;22
442;23
442;24
442;25
442;26
442;27
442;28
442;29
442;30
442;31
442;56
442;57
442;58
442;59
442;60
442;61
442;62
442;63
442;64
442;65
442;66
442;67
442;68
442;69
442;70
442;71
442;72
442;73
442;74
442;75
442;76
442;77
442;78
442;79
442;80
442;81
442;82
442;83
442;84
442;85
442;86
442;87
442;88
442;89
442;90
442;91
442;92
442;93
442;94
442;95
442;96
442;97
442;98
442;99
442;100
442;101
442;102
442;103
442;104
442;105
442;106
442;107
442;108
442;109
442;110
442;111
442;112
442;113
442;114
442;115
442;122
442;185
442;186
442;187
442;188
442;189
442;190
442;191
442;192
442;193
442;194
442;195
442;196
442;197
442;198
442;199
442;200
442;201
442;202
442;203
442;204
442;205
442;206
442;207
442;208
442;209
442;210
442;211
442;212
442;213
442;214
442;215
442;216
442;217
442;218
442;219
442;220
442;221
442;222
442;223
442;224
442;225
442;226
442;227
442;228
442;229
442;230
442;231
442;232
442;233
442;234
442;235
442;236
442;237
442;238
442;239
442;240
442;241
442;242
442;243
442;244
442;245
442;246
442;247
442;248
442;249
442;250
442;251
442;252
442;253
442;254
442;255
442;256
442;257
442;258
442;259
442;260
442;261
442;262
442;263
442;264
442;265
442;266
442;267
442;268
442;413
442;414
442;415
442;416
442;417
442;418
442;419
442;420
442;421
442;422
442;423
442;424
442;425
442;426
442;427
442;428
442;429
442;430
442;431
442;432
442;433
442;434
442;435
442;436
442;437
442;438
442;439
442;440
442;441
442;442
442;443
442;444
442;445
442;446
442;447
442;448
442;449
442;450
442;451
442;452
442;453
442;454
442;455
442;456
442;457
442;458
442;459
442;460
442;461
442;462
442;463
442;464
442;465
442;466
442;467
442;468
442;469
442;470
442;471
442;472
442;473
442;474
442;475
442;476
442;477
442;478
442;479
442;480
442;481
442;482
442;483
442;484
442;485
442;486
442;487
442;488
442;489
442;490
442;491
442;492
442;493
442;494
443;0
443;1
443;2
443;3
443;4
443;5
443;6
443;7
443;8
443;9
443;10
443;11
443;12
443;13
443;14
443;15
443;16
443;17
443;18
443;19
443;20
443;21
443;22
443;23
443;24
443;25
443;26
443;27
443;28
443;29
443;120
443;121
443;122
443;123
443;185
443;186
443;187
443;188
443;189
443;190
443;191
443;192
443;193
443;194
443;195
443;196
443;197
443;198
443;199
443;200
443;201
443;202
443;203
443;204
443;205
443;206
443;207
443;208
443;209
443;210
443;211
443;212
443;213
443;214
443;215
443;216
443;217
443;218
443;219
443;220
443;221
443;222
443;223
443;224
443;225
443;226
443;227
443;228
443;229
443;230
443;231
443;232
443;233
443;234
443;235
443;236
443;237
443;238
443;239
443;240
443;241
443;242
443;243
443;244
443;245
443;246
443;247
443;248
443;249
443;250
443;251
443;252
443;253
443;254
443;255
443;256
443;257
443;258
443;259
443;260
443;261
443;262
443;263
443;264
443;265
443;266
443;267
443;268
443;413
443;414
443;415
443;416
443;417
443;418
443;419
443;420
443;421
443;422
443;423
443;424
443;425
443;426
443;427
443;428
443;429
443;430
443;431
443;432
443;433
443;434
443;435
443;436
443;437
443;438
443;439
443;440
443;441
443;442
443;443
443;444
443;445
443;446
443;447
443;448
443;449
443;450
443;451
443;452
443;453
443;454
443;455
443;456
443;457
443;458
443;459
443;460
443;461
443;462
443;463
443;464
443;465
443;466
443;467
443;468
443;469
443;470
443;471
443;472
443;473
443;474
443;475
443;476
443;477
443;478
443;479
443;480
443;481
443;482
443;483
443;484
443;485
443;486
443;487
443;488
443;489
443;490
443;491
443;492
443;493
443;494
444;0
444;1
444;2
444;3
444;4
444;5
444;6
444;7
444;8
444;9
444;10
444;11
444;12
444;13
444;14
444;15
444;16
444;17
444;18
444;19
444;20
444;21
444;22
444;23
444;24
444;25
444;26
444;27
444;28
444;119
444;120
444;121
444;122
444;123
444;124
444;185
444;186
444;187
444;188
444;189
444;190
444;191
444;192
444;193
444;194
444;195
444;196
444;197
444;198
444;199
444;200
444;201
444;202
444;203
444;204
444;205
444;206
444;207
444;208
444;209
444;210
444;211
444;212
444;213
444;214
444;215
444;216
444;217
444;218
444;219
444;220
444;221
444;222
444;223
444;224
444;225
444;226
444;227
444;228
444;229
444;230
444;231
444;232
444;233
444;234
444;235
444;236
444;237
444;238
444;239
444;240
444;241
444;242
444;243
444;244
444;245
444;246
444;247
444;248
444;249
444;250
444;251
444;252
444;253
444;254
444;255
444;256
444;257
444;258
444;259
444;260
444;261
444;262
444;263
444;264
444;265
444;266
444;267
444;268
444;413
444;414
444;415
444;416
444;417
444;418
444;419
444;420
444;421
444;422
444;423
444;424
444;425
444;426
444;427
444;428
444;429
444;430
444;431
444;432
444;433
444;434
444;435
444;436
444;437
444;438
444;439
444;440
444;441
444;442
444;443
444;444
444;445
444;446
444;447
444;448
444;449
444;450
444;451
444;452
444;453
444;454
444;455
444;456
444;457
444;458
444;459
444;460
444;461
444;462
444;463
444;464
444;465
444;466
444;467
444;468
444;469
444;470
444;471
444;472
444;473
444;474
444;475
444;476
444;477
444;478
444;479
444;480
444;481
444;482
444;483
444;484
444;485
444;486
444;487
444;488
444;489
444;490
444;491
444;492
444;493
445;0
445;1
445;2
445;3
445;4
445;5
445;6
445;7
445;8
445;9
445;10
445;11
445;12
445;13
445;14
445;15
445;16
445;17
445;18
445;19
445;20
445;21
445;22
445;23
445;24
445;25
445;26
445;27
445;118
445;119
445;120
445;121
445;122
445;123
445;124
445;184
445;185
445;186
445;187
445;188
445;189
445;190
445;191
445;192
445;193
445;194
445;195
445;196
445;197
445;198
445;199
445;200
445;201
445;202
445;203
445;204
445;205
445;206
445;207
445;208
445;209
445;210
445;211
445;212
445;213
445;214
445;215
445;216
445;217
445;218
445;219
445;220
445;221
445;222
445;223
445;224
445;225
445;226
445;227
445;228
445;229
445;230
445;231
445;232
445;233
445;234
445;235
445;236
445;237
445;238
445;239
445;240
445;241
445;242
445;243
445;244
445;245
445;246
445;247
445;248
445;249
445;250
445;251
445;252
445;253
445;254
445;255
445;256
445;257
445;258
445;259
445;260
445;261
445;262
445;263
445;264
445;265
445;266
445;267
445;268
445;413
445;414
445;415
445;416
445;417
445;418
445;419
445;420
445;421
445;422
445;423
445;424
445;425
445;426
445;427
445;428
445;429
445;430
445;431
445;432
445;433
445;434
445;435
445;436
445;437
445;438
445;439
445;440
445;441
445;442
445;443
445;444
445;445
445;446
445;447
445;448
445;449
445;450
445;451
445;452
445;453
445;454
445;455
445;456
445;457
445;458
445;459
445;460
445;461
445;462
445;463
445;464
445;465
445;466
445;467
445;468
445;469
445;470
445;471
445;472
445;473
445;474
445;475
445;476
445;477
445;478
445;479
445;480
445;481
445;482
445;483
445;484
445;485
445;486
445;487
445;488
445;489
445;490
445;491
445;492
445;493
446;0
446;1
446;2
446;3
446;4
446;5
446;6
446;7
446;8
446;9
446;10
446;11
446;12
446;13
446;14
446;15
446;16
446;17
446;18
446;19
446;20
446;21
446;22
446;23
446;24
446;25
446;116
446;117
446;118
446;119
446;120
446;121
446;122
446;123
446;124
446;125
446;184
446;185
446;186
446;187
446;188
446;189
446;190
446;191
446;192
446;193
446;194
446;195
446;196
446;197
446;198
446;199
446;200
446;201
446;202
446;203
446;204
446;205
446;206
446;207
446;208
446;209
446;210
446;211
446;212
446;213
446;214
446;215
446;216
446;217
446;218
446;219
446;220
446;221
446;222
446;223
446;224
446;225
446;226
446;227
446;228
446;229
446;230
446;231
446;232
446;233
446;234
446;235
446;236
446;237
446;238
446;239
446;240
446;241
446;242
446;243
446;244
446;245
446;246
446;247
446;248
446;249
446;250
446;251
446;252
446;253
446;254
446;255
446;256
446;257
446;258
446;259
446;260
446;261
446;262
446;263
446;264
446;265
446;266
446;267
446;268
446;413
446;414
446;415
446;416
446;417
446;418
446;419
446;420
446;421
446;422
446;423
446;424
446;425
446;426
446;427
446;428
446;429
446;430
446;431
446;432
446;433
446;434
446;435
446;436
446;437
446;438
446;439
446;440
446;441
446;442
446;443
446;444
446;445
446;446
446;447
446;448
446;449
446;450
446;451
446;452
446;453
446;454
446;455
446;456
446;457
446;458
446;459
446;460
446;461
446;462
446;463
446;464
446;465
446;466
446;467
446;468
446;469
446;470
446;471
446;472
446;473
446;474
446;475
446;476
446;477
446;478
446;479
446;480
446;481
446;482
446;483
446;484
446;485
446;486
446;487
446;488
446;489
446;490
446;491
446;492
446;493
447;1
447;2
447;3
447;4
447;5
447;6
447;7
447;8
447;9
447;10
447;11
447;12
447;13
447;14
447;15
447;16
447;17
447;18
447;19
447;20
447;21
447;22
447;23
447;24
447;115
447;116
447;117
447;118
447;119
447;120
447;121
447;122
447;123
447;124
447;125
447;126
447;184
447;185
447;186
447;187
447;188
447;189
447;190
447;191
447;192
447;193
447;194
447;195
447;196
447;197
447;198
447;199
447;200
447;201
447;202
447;203
447;204
447;205
447;206
447;207
447;208
447;209
447;210
447;211
447;212
447;213
447;214
447;215
447;216
447;217
447;218
447;219
447;220
447;221
447;222
447;223
447;224
447;225
447;226
447;227
447;228
447;229
447;230
447;231
447;232
447;233
447;234
447;235
447;236
447;237
447;238
447;239
447;240
447;241
447;242
447;243
447;244
447;245
447;246
447;247
447;248
447;249
447;250
447;251
447;252
447;253
447;254
447;255
447;256
447;257
447;258
447;259
447;260
447;261
447;262
447;263
447;264
447;265
447;266
447;267
447;268
447;269
447;413
447;414
447;415
447;416
447;417
447;418
447;419
447;420
447;421
447;422
447;423
447;424
447;425
447;426
447;427
447;428
447;429
447;430
447;431
447;432
447;433
447;434
447;435
447;436
447;437
447;438
447;439
447;440
447;441
447;442
447;443
447;444
447;445
447;446
447;447
447;448
447;449
447;450
447;451
447;452
447;453
447;454
447;455
447;456
447;457
447;458
447;459
447;460
447;461
447;462
447;463
447;464
447;465
447;466
447;467
447;468
447;469
447;470
447;471
447;472
447;473
447;474
447;475
447;476
447;477
447;478
447;479
447;480
447;481
447;482
447;483
447;484
447;485
447;486
447;487
447;488
447;489
447;490
447;491
447;492
447;493
448;2
448;3
448;4
448;5
448;6
448;7
448;8
448;9
448;10
448;11
448;12
448;13
448;14
448;15
448;16
448;17
448;18
448;19
448;20
448;21
448;22
448;114
448;115
448;116
448;117
448;118
448;119
448;120
448;121
448;122
448;123
448;124
448;125
448;126
448;127
448;184
448;185
448;186
448;187
448;188
448;189
448;190
448;191
448;192
448;193
448;194
448;195
448;196
448;197
448;198
448;199
448;200
448;201
448;202
448;203
448;204
448;205
448;206
448;207
448;208
448;209
448;210
448;211
448;212
448;213
448;214
448;215
448;216
448;217
448;218
448;219
448;220
448;221
448;222
448;223
448;224
448;225
448;226
448;227
448;228
448;229
448;230
448;231
448;232
448;233
448;234
448;235
448;236
448;237
448;238
448;239
448;240
448;241
448;242
448;243
448;244
448;245
448;246
448;247
448;248
448;249
448;250
448;251
448;252
448;253
448;254
448;255
448;256
448;257
448;258
448;259
448;260
448;261
448;262
448;263
448;264
448;265
448;266
448;267
448;268
448;269
448;413
448;414
448;415
448;416
448;417
448;418
448;419
448;420
448;421
448;422
448;423
448;424
448;425
448;426
448;427
448;428
448;429
448;430
448;431
448;432
448;433
448;434
448;435
448;436
448;437
448;438
448;439
448;440
448;441
448;442
448;443
448;444
448;445
448;446
448;447
448;448
448;449
448;450
448;451
448;452
448;453
448;454
448;455
448;456
448;457
448;458
448;459
448;460
448;461
448;462
448;463
448;464
448;465
448;466
448;467
448;468
448;469
448;470
448;471
448;472
448;473
448;474
448;475
448;476
448;477
448;478
448;479
448;480
448;481
448;482
448;483
448;484
448;485
448;486
448;487
448;488
448;489
448;490
448;491
448;492
448;493
449;3
449;4
449;5
449;6
449;7
449;8
449;9
449;10
449;11
449;12
449;13
449;14
449;15
449;16
449;17
449;18
449;19
449;20
449;21
449;112
449;113
449;114
449;115
449;116
449;117
449;118
449;119
449;120
449;121
449;122
449;123
449;124
449;125
449;126
449;127
449;184
449;185
449;186
449;187
449;188
449;189
449;190
449;191
449;192
449;193
449;194
449;195
449;196
449;197
449;198
449;199
449;200
449;201
449;202
449;203
449;204
449;205
449;206
449;207
449;208
449;209
449;210
449;211
449;212
449;213
449;214
449;215
449;216
449;217
449;218
449;219
449;220
449;221
449;222
449;223
449;224
449;225
449;226
449;227
449;228
449;229
449;230
449;231
449;232
449;233
449;234
449;235
449;236
449;237
449;238
449;239
449;240
449;241
449;242
449;243
449;244
449;245
449;246
449;247
449;248
449;249
449;250
449;251
449;252
449;253
449;254
449;255
449;256
449;257
449;258
449;259
449;260
449;261
449;262
449;263
449;264
449;265
449;266
449;267
449;268
449;269
449;413
449;414
449;415
449;416
449;417
449;418
449;419
449;420
449;421
449;422
449;423
449;424
449;425
449;426
449;427
449;428
449;429
449;430
449;431
449;432
449;433
449;434
449;435
449;436
449;437
449;438
449;439
449;440
449;441
449;442
449;443
449;444
449;445
449;446
449;447
449;448
449;449
449;450
449;451
449;452
449;453
449;454
449;455
449;456
449;457
449;458
449;459
449;460
449;461
449;462
449;463
449;464
449;465
449;466
449;467
449;468
449;469
449;470
449;471
449;472
449;473
449;474
449;475
449;476
449;477
449;478
449;479
449;480
449;481
449;482
449;483
449;484
449;485
449;486
449;487
449;488
449;489
449;490
449;491
449;492
449;493
450;3
450;4
450;5
450;6
450;7
450;8
450;9
450;10
450;11
450;12
450;13
450;14
450;15
450;16
450;17
450;18
450;19
450;20
450;111
450;112
450;113
450;114
450;115
450;116
450;117
450;118
450;119
450;120
450;121
450;122
450;123
450;124
450;125
450;126
450;127
450;128
450;184
450;185
450;186
450;187
450;188
450;189
450;190
450;191
450;192
450;193
450;194
450;195
450;196
450;197
450;198
450;199
450;200
450;201
450;202
450;203
450;204
450;205
450;206
450;207
450;208
450;209
450;210
450;211
450;212
450;213
450;214
450;215
450;216
450;217
450;218
450;219
450;220
450;221
450;222
450;223
450;224
450;225
450;226
450;227
450;228
450;229
450;230
450;231
450;232
450;233
450;234
450;235
450;236
450;237
450;238
450;239
450;240
450;241
450;242
450;243
450;244
450;245
450;246
450;247
450;248
450;249
450;250
450;251
450;252
450;253
450;254
450;255
450;256
450;257
450;258
450;259
450;260
450;261
450;262
450;263
450;264
450;265
450;266
450;267
450;268
450;269
450;413
450;414
450;415
450;416
450;417
450;418
450;419
450;420
450;421
450;422
450;423
450;424
450;425
450;426
450;427
450;428
450;429
450;430
450;431
450;432
450;433
450;434
450;435
450;436
450;437
450;438
450;439
450;440
450;441
450;442
450;443
450;444
450;445
450;446
450;447
450;448
450;449
450;450
450;451
450;452
450;453
450;454
450;455
450;456
450;457
450;458
450;459
450;460
450;461
450;462
450;463
450;464
450;465
450;466
450;467
450;468
450;469
450;470
450;471
450;472
450;473
450;474
450;475
450;476
450;477
450;478
450;479
450;480
450;481
450;482
450;483
450;484
450;485
450;486
450;487
450;488
450;489
450;490
450;491
450;492
450;493
451;4
451;5
451;6
451;7
451;8
451;9
451;10
451;11
451;12
451;13
451;14
451;15
451;16
451;17
451;18
451;110
451;111
451;112
451;113
451;114
451;115
451;116
451;117
451;118
451;119
451;120
451;121
451;122
451;123
451;124
451;125
451;126
451;127
451;128
451;129
451;184
451;185
451;186
451;187
451;188
451;189
451;190
451;191
451;192
451;193
451;194
451;195
451;196
451;197
451;198
451;199
451;200
451;201
451;202
451;203
451;204
451;205
451;206
451;207
451;208
451;209
451;210
451;211
451;212
451;213
451;214
451;215
451;216
451;217
451;218
451;219
451;220
451;221
451;222
451;223
451;224
451;225
451;226
451;227
451;228
451;229
451;230
451;231
451;232
451;233
451;234
451;235
451;236
451;237
451;238
451;239
451;240
451;241
451;242
451;243
451;244
451;245
451;246
451;247
451;248
451;249
451;250
451;251
451;252
451;253
451;254
451;255
451;256
451;257
451;258
451;259
451;260
451;261
451;262
451;263
451;264
451;265
451;266
451;267
451;268
451;269
451;413
451;414
451;415
451;416
451;417
451;418
451;419
451;420
451;421
451;422
451;423
451;424
451;425
451;426
451;427
451;428
451;429
451;430
451;431
451;432
451;433
451;434
451;435
451;436
451;437
451;438
451;439
451;440
451;441
451;442
451;443
451;444
451;445
451;446
451;447
451;448
451;449
451;450
451;451
451;452
451;453
451;454
451;455
451;456
451;457
451;458
451;459
451;460
451;461
451;462
451;463
451;464
451;465
451;466
451;467
451;468
451;469
451;470
451;471
451;472
451;473
451;474
451;475
451;476
451;477
451;478
451;479
451;480
451;481
451;482
451;483
451;484
451;485
451;486
451;487
451;488
451;489
451;490
451;491
451;492
451;493
452;5
452;6
452;7
452;8
452;9
452;10
452;11
452;12
452;13
452;14
452;15
452;16
452;17
452;108
452;109
452;110
452;111
452;112
452;113
452;114
452;115
452;116
452;117
452;118
452;119
452;120
452;121
452;122
452;123
452;124
452;125
452;126
452;127
452;128
452;129
452;130
452;184
452;185
452;186
452;187
452;188
452;189
452;190
452;191
452;192
452;193
452;194
452;195
452;196
452;197
452;198
452;199
452;200
452;201
452;202
452;203
452;204
452;205
452;206
452;207
452;208
452;209
452;210
452;211
452;212
452;213
452;214
452;215
452;216
452;217
452;218
452;219
452;220
452;221
452;222
452;223
452;224
452;225
452;226
452;227
452;228
452;229
452;230
452;231
452;232
452;233
452;234
452;235
452;236
452;237
452;238
452;239
452;240
452;241
452;242
452;243
452;244
452;245
452;246
452;247
452;248
452;249
452;250
452;251
452;252
452;253
452;254
452;255
452;256
452;257
452;258
452;259
452;260
452;261
452;262
452;263
452;264
452;265
452;266
452;267
452;268
452;269
452;413
452;414
452;415
452;416
452;417
452;418
452;419
452;420
452;421
452;422
452;423
452;424
452;425
452;426
452;427
452;428
452;429
452;430
452;431
452;432
452;433
452;434
452;435
452;436
452;437
452;438
452;439
452;440
452;441
452;442
452;443
452;444
452;445
452;446
452;447
452;448
452;449
452;450
452;451
452;452
452;453
452;454
452;455
452;456
452;457
452;458
452;459
452;460
452;461
452;462
452;463
452;464
452;465
452;466
452;467
452;468
452;469
452;470
452;471
452;472
452;473
452;474
452;475
452;476
452;477
452;478
452;479
452;480
452;481
452;482
452;483
452;484
452;485
452;486
452;487
452;488
452;489
452;490
452;491
452;492
452;493
453;5
453;6
453;7
453;8
453;9
453;10
453;11
453;12
453;13
453;14
453;15
453;107
453;108
453;109
453;110
453;111
453;112
453;113
453;114
453;115
453;116
453;117
453;118
453;119
453;120
453;121
453;122
453;123
453;124
453;125
453;126
453;127
453;128
453;129
453;130
453;184
453;185
453;186
453;187
453;188
453;189
453;190
453;191
453;192
453;193
453;194
453;195
453;196
453;197
453;198
453;199
453;200
453;201
453;202
453;203
453;204
453;205
453;206
453;207
453;208
453;209
453;210
453;211
453;212
453;213
453;214
453;215
453;216
453;217
453;218
453;219
453;220
453;221
453;222
453;223
453;224
453;225
453;226
453;227
453;228
453;229
453;230
453;231
453;232
453;233
453;234
453;235
453;236
453;237
453;238
453;239
453;240
453;241
453;242
453;243
453;244
453;245
453;246
453;247
453;248
453;249
453;250
453;251
453;252
453;253
453;254
453;255
453;256
453;257
453;258
453;259
453;260
453;261
453;262
453;263
453;264
453;265
453;266
453;267
453;268
453;269
453;413
453;414
453;415
453;416
453;417
453;418
453;419
453;420
453;421
453;422
453;423
453;424
453;425
453;426
453;427
453;428
453;429
453;430
453;431
453;432
453;433
453;434
453;435
453;436
453;437
453;438
453;439
453;440
453;441
453;442
453;443
453;444
453;445
453;446
453;447
453;448
453;449
453;450
453;451
453;452
453;453
453;454
453;455
453;456
453;457
453;458
453;459
453;460
453;461
453;462
453;463
453;464
453;465
453;466
453;467
453;468
453;469
453;470
453;471
453;472
453;473
453;474
453;475
453;476
453;477
453;478
453;479
453;480
453;481
453;482
453;483
453;484
453;485
453;486
453;487
453;488
453;489
453;490
453;491
453;492
453;493
454;6
454;7
454;8
454;9
454;10
454;11
454;12
454;13
454;14
454;106
454;107
454;108
454;109
454;110
454;111
454;112
454;113
454;114
454;115
454;116
454;117
454;118
454;119
454;120
454;121
454;122
454;123
454;124
454;125
454;126
454;127
454;128
454;129
454;130
454;131
454;184
454;185
454;186
454;187
454;188
454;189
454;190
454;191
454;192
454;193
454;194
454;195
454;196
454;197
454;198
454;199
454;200
454;201
454;202
454;203
454;204
454;205
454;206
454;207
454;208
454;209
454;210
454;211
454;212
454;213
454;214
454;215
454;216
454;217
454;218
454;219
454;220
454;221
454;222
454;223
454;224
454;225
454;226
454;227
454;228
454;229
454;230
454;231
454;232
454;233
454;234
454;235
454;236
454;237
454;238
454;239
454;240
454;241
454;242
454;243
454;244
454;245
454;246
454;247
454;248
454;249
454;250
454;251
454;252
454;253
454;254
454;255
454;256
454;257
454;258
454;259
454;260
454;261
454;262
454;263
454;264
454;265
454;266
454;267
454;268
454;269
454;413
454;414
454;415
454;416
454;417
454;418
454;419
454;420
454;421
454;422
454;423
454;424
454;425
454;426
454;427
454;428
454;429
454;430
454;431
454;432
454;433
454;434
454;435
454;436
454;437
454;438
454;439
454;440
454;441
454;442
454;443
454;444
454;445
454;446
454;447
454;448
454;449
454;450
454;451
454;452
454;453
454;454
454;455
454;456
454;457
454;458
454;459
454;460
454;461
454;462
454;463
454;464
454;465
454;466
454;467
454;468
454;469
454;470
454;471
454;472
454;473
454;474
454;475
454;476
454;477
454;478
454;479
454;480
454;481
454;482
454;483
454;484
454;485
454;486
454;487
454;488
454;489
454;490
454;491
454;492
454;493
455;7
455;8
455;9
455;10
455;11
455;12
455;13
455;104
455;105
455;106
455;107
455;108
455;109
455;110
455;111
455;112
455;113
455;114
455;115
455;116
455;117
455;118
455;119
455;120
455;121
455;122
455;123
455;124
455;125
455;126
455;127
455;128
455;129
455;130
455;131
455;132
455;184
455;185
455;186
455;187
455;188
455;189
455;190
455;191
455;192
455;193
455;194
455;195
455;196
455;197
455;198
455;199
455;200
455;201
455;202
455;203
455;204
455;205
455;206
455;207
455;208
455;209
455;210
455;211
455;212
455;213
455;214
455;215
455;216
455;217
455;218
455;219
455;220
455;221
455;222
455;223
455;224
455;225
455;226
455;227
455;228
455;229
455;230
455;231
455;232
455;233
455;234
455;235
455;236
455;237
455;238
455;239
455;240
455;241
455;242
455;243
455;244
455;245
455;246
455;247
455;248
455;249
455;250
455;251
455;252
455;253
455;254
455;255
455;256
455;257
455;258
455;259
455;260
455;261
455;262
455;263
455;264
455;265
455;266
455;267
455;268
455;269
455;413
455;414
455;415
455;416
455;417
455;418
455;419
455;420
455;421
455;422
455;423
455;424
455;425
455;426
455;427
455;428
455;429
455;430
455;431
455;432
455;433
455;434
455;435
455;436
455;437
455;438
455;439
455;440
455;441
455;442
455;443
455;444
455;445
455;446
455;447
455;448
455;449
455;450
455;451
455;452
455;453
455;454
455;455
455;456
455;457
455;458
455;459
455;460
455;461
455;462
455;463
455;464
455;465
455;466
455;467
455;468
455;469
455;470
455;471
455;472
455;473
455;474
455;475
455;476
455;477
455;478
455;479
455;480
455;481
455;482
455;483
455;484
455;485
455;486
455;487
455;488
455;489
455;490
455;491
455;492
455;493
456;8
456;9
456;10
456;11
456;103
456;104
456;105
456;106
456;107
456;108
456;109
456;110
456;111
456;112
456;113
456;114
456;115
456;116
456;117
456;118
456;119
456;120
456;121
456;122
456;123
456;124
456;125
456;126
456;127
456;128
456;129
456;130
456;131
456;132
456;133
456;184
456;185
456;186
456;187
456;188
456;189
456;190
456;191
456;192
456;193
456;194
456;195
456;196
456;197
456;198
456;199
456;200
456;201
456;202
456;203
456;204
456;205
456;206
456;207
456;208
456;209
456;210
456;211
456;212
456;213
456;214
456;215
456;216
456;217
456;218
456;219
456;220
456;221
456;222
456;223
456;224
456;225
456;226
456;227
456;228
456;229
456;230
456;231
456;232
456;233
456;234
456;235
456;236
456;237
456;238
456;239
456;240
456;241
456;242
456;243
456;244
456;245
456;246
456;247
456;248
456;249
456;250
456;251
456;252
456;253
456;254
456;255
456;256
456;257
456;258
456;259
456;260
456;261
456;262
456;263
456;264
456;265
456;266
456;267
456;268
456;269
456;413
456;414
456;415
456;416
456;417
456;418
456;419
456;420
456;421
456;422
456;423
456;424
456;425
456;426
456;427
456;428
456;429
456;430
456;431
456;432
456;433
456;434
456;435
456;436
456;437
456;438
456;439
456;440
456;441
456;442
456;443
456;444
456;445
456;446
456;447
456;448
456;449
456;450
456;451
456;452
456;453
456;454
456;455
456;456
456;457
456;458
456;459
456;460
456;461
456;462
456;463
456;464
456;465
456;466
456;467
456;468
456;469
456;470
456;471
456;472
456;473
456;474
456;475
456;476
456;477
456;478
456;479
456;480
456;481
456;482
456;483
456;484
456;485
456;486
456;487
456;488
456;489
456;490
456;491
456;492
456;493
457;8
457;9
457;10
457;102
457;103
457;104
457;105
457;106
457;107
457;108
457;109
457;110
457;111
457;112
457;113
457;114
457;115
457;116
457;117
457;118
457;119
457;120
457;121
457;122
457;123
457;124
457;125
457;126
457;127
457;128
457;129
457;130
457;131
457;132
457;133
457;184
457;185
457;186
457;187
457;188
457;189
457;190
457;191
457;192
457;193
457;194
457;195
457;196
457;197
457;198
457;199
457;200
457;201
457;202
457;203
457;204
457;205
457;206
457;207
457;208
457;209
457;210
457;211
457;212
457;213
457;214
457;215
457;216
457;217
457;218
457;219
457;220
457;221
457;222
457;223
457;224
457;225
457;226
457;227
457;228
457;229
457;230
457;231
457;232
457;233
457;234
457;235
457;236
457;237
457;238
457;239
457;240
457;241
457;242
457;243
457;244
457;245
457;246
457;247
457;248
457;249
457;250
457;251
457;252
457;253
457;254
457;255
457;256
457;257
457;258
457;259
457;260
457;261
457;262
457;263
457;264
457;265
457;266
457;267
457;268
457;269
457;413
457;414
457;415
457;416
457;417
457;418
457;419
457;420
457;421
457;422
457;423
457;424
457;425
457;426
457;427
457;428
457;429
457;430
457;431
457;432
457;433
457;434
457;435
457;436
457;437
457;438
457;439
457;440
457;441
457;442
457;443
457;444
457;445
457;446
457;447
457;448
457;449
457;450
457;451
457;452
457;453
457;454
457;455
457;456
457;457
457;458
457;459
457;460
457;461
457;462
457;463
457;464
457;465
457;466
457;467
457;468
457;469
457;470
457;471
457;472
457;473
457;474
457;475
457;476
457;477
457;478
457;479
457;480
457;481
457;482
457;483
457;484
457;485
457;486
457;487
457;488
457;489
457;490
457;491
457;492
457;493
458;100
458;101
458;102
458;103
458;104
458;105
458;106
458;107
458;108
458;109
458;110
458;111
458;112
458;113
458;114
458;115
458;116
458;117
458;118
458;119
458;120
458;121
458;122
458;123
458;124
458;125
458;126
458;127
458;128
458;129
458;130
458;131
458;132
458;133
458;134
458;184
458;185
458;186
458;187
458;188
458;189
458;190
458;191
458;192
458;193
458;194
458;195
458;196
458;197
458;198
458;199
458;200
458;201
458;202
458;203
458;204
458;205
458;206
458;207
458;208
458;209
458;210
458;211
458;212
458;213
458;214
458;215
458;216
458;217
458;218
458;219
458;220
458;221
458;222
458;223
458;224
458;225
458;226
458;227
458;228
458;229
458;230
458;231
458;232
458;233
458;234
458;235
458;236
458;237
458;238
458;239
458;240
458;241
458;242
458;243
458;244
458;245
458;246
458;247
458;248
458;249
458;250
458;251
458;252
458;253
458;254
458;255
458;256
458;257
458;258
458;259
458;260
458;261
458;262
458;263
458;264
458;265
458;266
458;267
458;268
458;269
458;413
458;414
458;415
458;416
458;417
458;418
458;419
458;420
458;421
458;422
458;423
458;424
458;425
458;426
458;427
458;428
458;429
458;430
458;431
458;432
458;433
458;434
458;435
458;436
458;437
458;438
458;439
458;440
458;441
458;442
458;443
458;444
458;445
458;446
458;447
458;448
458;449
458;450
458;451
458;452
458;453
458;454
458;455
458;456
458;457
458;458
458;459
458;460
458;461
458;462
458;463
458;464
458;465
458;466
458;467
458;468
458;469
458;470
458;471
458;472
458;473
458;474
458;475
458;476
458;477
458;478
458;479
458;480
458;481
458;482
458;483
458;484
458;485
458;486
458;487
458;488
458;489
458;490
458;491
458;492
458;493
459;99
459;100
459;101
459;102
459;103
459;104
459;105
459;106
459;107
459;108
459;109
459;110
459;111
459;112
459;113
459;114
459;115
459;116
459;117
459;118
459;119
459;120
459;121
459;122
459;123
459;124
459;125
459;126
459;127
459;128
459;129
459;130
459;131
459;132
459;133
459;134
459;135
459;184
459;185
459;186
459;187
459;188
459;189
459;190
459;191
459;192
459;193
459;194
459;195
459;196
459;197
459;198
459;199
459;200
459;201
459;202
459;203
459;204
459;205
459;206
459;207
459;208
459;209
459;210
459;211
459;212
459;213
459;214
459;215
459;216
459;217
459;218
459;219
459;220
459;221
459;222
459;223
459;224
459;225
459;226
459;227
459;228
459;229
459;230
459;231
459;232
459;233
459;234
459;235
459;236
459;237
459;238
459;239
459;240
459;241
459;242
459;243
459;244
459;245
459;246
459;247
459;248
459;249
459;250
459;251
459;252
459;253
459;254
459;255
459;256
459;257
459;258
459;259
459;260
459;261
459;262
459;263
459;264
459;265
459;266
459;267
459;268
459;269
459;413
459;414
459;415
459;416
459;417
459;418
459;419
459;420
459;421
459;422
459;423
459;424
459;425
459;426
459;427
459;428
459;429
459;430
459;431
459;432
459;433
459;434
459;435
459;436
459;437
459;438
459;439
459;440
459;441
459;442
459;443
459;444
459;445
459;446
459;447
459;448
459;449
459;450
459;451
459;452
459;453
459;454
459;455
459;456
459;457
459;458
459;459
459;460
459;461
459;462
459;463
459;464
459;465
459;466
459;467
459;468
459;469
459;470
459;471
459;472
459;473
459;474
459;475
459;476
459;477
459;478
459;479
459;480
459;481
459;482
459;483
459;484
459;485
459;486
459;487
459;488
459;489
459;490
459;491
459;492
459;493
460;98
460;99
460;100
460;101
460;102
460;103
460;104
460;105
460;106
460;107
460;108
460;109
460;110
460;111
460;112
460;113
460;114
460;115
460;116
460;117
460;118
460;119
460;120
460;121
460;122
460;123
460;124
460;125
460;126
460;127
460;128
460;129
460;130
460;131
460;132
460;133
460;134
460;135
460;136
460;184
460;185
460;186
460;187
460;188
460;189
460;190
460;191
460;192
460;193
460;194
460;195
460;196
460;197
460;198
460;199
460;200
460;201
460;202
460;203
460;204
460;205
460;206
460;207
460;208
460;209
460;210
460;211
460;212
460;213
460;214
460;215
460;216
460;217
460;218
460;219
460;220
460;221
460;222
460;223
460;224
460;225
460;226
460;227
460;228
460;229
460;230
460;231
460;232
460;233
460;234
460;235
460;236
460;237
460;238
460;239
460;240
460;241
460;242
460;243
460;244
460;245
460;246
460;247
460;248
460;249
460;250
460;251
460;252
460;253
460;254
460;255
460;256
460;257
460;258
460;259
460;260
460;261
460;262
460;263
460;264
460;265
460;266
460;267
460;268
460;269
460;413
460;414
460;415
460;416
460;417
460;418
460;419
460;420
460;421
460;422
460;423
460;424
460;425
460;426
460;427
460;428
460;429
460;430
460;431
460;432
460;433
460;434
460;435
460;436
460;437
460;438
460;439
460;440
460;441
460;442
460;443
460;444
460;445
460;446
460;447
460;448
460;449
460;450
460;451
460;452
460;453
460;454
460;455
460;456
460;457
460;458
460;459
460;460
460;461
460;462
460;463
460;464
460;465
460;466
460;467
460;468
460;469
460;470
460;471
460;472
460;473
460;474
460;475
460;476
460;477
460;478
460;479
460;480
460;481
460;482
460;483
460;484
460;485
460;486
460;487
460;488
460;489
460;490
460;491
460;492
460;493
461;96
461;97
461;98
461;99
461;100
461;101
461;102
461;103
461;104
461;105
461;106
461;107
461;108
461;109
461;110
461;111
461;112
461;113
461;114
461;115
461;116
461;117
461;118
461;119
461;120
461;121
461;122
461;123
461;124
461;125
461;126
461;127
461;128
461;129
461;130
461;131
461;132
461;133
461;134
461;135
461;136
461;184
461;185
461;186
461;187
461;188
461;189
461;190
461;191
461;192
461;193
461;194
461;195
461;196
461;197
461;198
461;199
461;200
461;201
461;202
461;203
461;204
461;205
461;206
461;207
461;208
461;209
461;210
461;211
461;212
461;213
461;214
461;215
461;216
461;217
461;218
461;219
461;220
461;221
461;222
461;223
461;224
461;225
461;226
461;227
461;228
461;229
461;230
461;231
461;232
461;233
461;234
461;235
461;236
461;237
461;238
461;239
461;240
461;241
461;242
461;243
461;244
461;245
461;246
461;247
461;248
461;249
461;250
461;251
461;252
461;253
461;254
461;255
461;256
461;257
461;258
461;259
461;260
461;261
461;262
461;263
461;264
461;265
461;266
461;267
461;268
461;413
461;414
461;415
461;416
461;417
461;418
461;419
461;420
461;421
461;422
461;423
461;424
461;425
461;426
461;427
461;428
461;429
461;430
461;431
461;432
461;433
461;434
461;435
461;436
461;437
461;438
461;439
461;440
461;441
461;442
461;443
461;444
461;445
461;446
461;447
461;448
461;449
461;450
461;451
461;452
461;453
461;454
461;455
461;456
461;457
461;458
461;459
461;460
461;461
461;462
461;463
461;464
461;465
461;466
461;467
461;468
461;469
461;470
461;471
461;472
461;473
461;474
461;475
461;476
461;477
461;478
461;479
461;480
461;481
461;482
461;483
461;484
461;485
461;486
461;487
461;488
461;489
461;490
461;491
461;492
461;493
462;95
462;96
462;97
462;98
462;99
462;100
462;101
462;102
462;103
462;104
462;105
462;106
462;107
462;108
462;109
462;110
462;111
462;112
462;113
462;114
462;115
462;116
462;117
462;118
462;119
462;120
462;121
462;122
462;123
462;124
462;125
462;126
462;127
462;128
462;129
462;130
462;131
462;132
462;133
462;134
462;135
462;136
462;137
462;184
462;185
462;186
462;187
462;188
462;189
462;190
462;191
462;192
462;193
462;194
462;195
462;196
462;197
462;198
462;199
462;200
462;201
462;202
462;203
462;204
462;205
462;206
462;207
462;208
462;209
462;210
462;211
462;212
462;213
462;214
462;215
462;216
462;217
462;218
462;219
462;220
462;221
462;222
462;223
462;224
462;225
462;226
462;227
462;228
462;229
462;230
462;231
462;232
462;233
462;234
462;235
462;236
462;237
462;238
462;239
462;240
462;241
462;242
462;243
462;244
462;245
462;246
462;247
462;248
462;249
462;250
462;251
462;252
462;253
462;254
462;255
462;256
462;257
462;258
462;259
462;260
462;261
462;262
462;263
462;264
462;265
462;266
462;267
462;268
462;413
462;414
462;415
462;416
462;417
462;418
462;419
462;420
462;421
462;422
462;423
462;424
462;425
462;426
462;427
462;428
462;429
462;430
462;431
462;432
462;433
462;434
462;435
462;436
462;437
462;438
462;439
462;440
462;441
462;442
462;443
462;444
462;445
462;446
462;447
462;448
462;449
462;450
462;451
462;452
462;453
462;454
462;455
462;456
462;457
462;458
462;459
462;460
462;461
462;462
462;463
462;464
462;465
462;466
462;467
462;468
462;469
462;470
462;471
462;472
462;473
462;474
462;475
462;476
462;477
462;478
462;479
462;480
462;481
462;482
462;483
462;484
462;485
462;486
462;487
462;488
462;489
462;490
462;491
462;492
462;493
463;94
463;95
463;96
463;97
463;98
463;99
463;100
463;101
463;102
463;103
463;104
463;105
463;106
463;107
463;108
463;109
463;110
463;111
463;112
463;113
463;114
463;115
463;116
463;117
463;118
463;119
463;120
463;121
463;122
463;123
463;124
463;125
463;126
463;127
463;128
463;129
463;130
463;131
463;132
463;133
463;134
463;135
463;136
463;137
463;138
463;185
463;186
463;187
463;188
463;189
463;190
463;191
463;192
463;193
463;194
463;195
463;196
463;197
463;198
463;199
463;200
463;201
463;202
463;203
463;204
463;205
463;206
463;207
463;208
463;209
463;210
463;211
463;212
463;213
463;214
463;215
463;216
463;217
463;218
463;219
463;220
463;221
463;222
463;223
463;224
463;225
463;226
463;227
463;228
463;229
463;230
463;231
463;232
463;233
463;234
463;235
463;236
463;237
463;238
463;239
463;240
463;241
463;242
463;243
463;244
463;245
463;246
463;247
463;248
463;249
463;250
463;251
463;252
463;253
463;254
463;255
463;256
463;257
463;258
463;259
463;260
463;261
463;262
463;263
463;264
463;265
463;266
463;267
463;268
463;413
463;414
463;415
463;416
463;417
463;418
463;419
463;420
463;421
463;422
463;423
463;424
463;425
463;426
463;427
463;428
463;429
463;430
463;431
463;432
463;433
463;434
463;435
463;436
463;437
463;438
463;439
463;440
463;441
463;442
463;443
463;444
463;445
463;446
463;447
463;448
463;449
463;450
463;451
463;452
463;453
463;454
463;455
463;456
463;457
463;458
463;459
463;460
463;461
463;462
463;463
463;464
463;465
463;466
463;467
463;468
463;469
463;470
463;471
463;472
463;473
463;474
463;475
463;476
463;477
463;478
463;479
463;480
463;481
463;482
463;483
463;484
463;485
463;486
463;487
463;488
463;489
463;490
463;491
463;492
463;493
464;92
464;93
464;94
464;95
464;96
464;97
464;98
464;99
464;100
464;101
464;102
464;103
464;104
464;105
464;106
464;107
464;108
464;109
464;110
464;111
464;112
464;113
464;114
464;115
464;116
464;117
464;118
464;119
464;120
464;121
464;122
464;123
464;124
464;125
464;126
464;127
464;128
464;129
464;130
464;131
464;132
464;133
464;134
464;135
464;136
464;137
464;138
464;139
464;185
464;186
464;187
464;188
464;189
464;190
464;191
464;192
464;193
464;194
464;195
464;196
464;197
464;198
464;199
464;200
464;201
464;202
464;203
464;204
464;205
464;206
464;207
464;208
464;209
464;210
464;211
464;212
464;213
464;214
464;215
464;216
464;217
464;218
464;219
464;220
464;221
464;222
464;223
464;224
464;225
464;226
464;227
464;228
464;229
464;230
464;231
464;232
464;233
464;234
464;235
464;236
464;237
464;238
464;239
464;240
464;241
464;242
464;243
464;244
464;245
464;246
464;247
464;248
464;249
464;250
464;251
464;252
464;253
464;254
464;255
464;256
464;257
464;258
464;259
464;260
464;261
464;262
464;263
464;264
464;265
464;266
464;267
464;268
464;413
464;414
464;415
464;416
464;417
464;418
464;419
464;420
464;421
464;422
464;423
464;424
464;425
464;426
464;427
464;428
464;429
464;430
464;431
464;432
464;433
464;434
464;435
464;436
464;437
464;438
464;439
464;440
464;441
464;442
464;443
464;444
464;445
464;446
464;447
464;448
464;449
464;450
464;451
464;452
464;453
464;454
464;455
464;456
464;457
464;458
464;459
464;460
464;461
464;462
464;463
464;464
464;465
464;466
464;467
464;468
464;469
464;470
464;471
464;472
464;473
464;474
464;475
464;476
464;477
464;478
464;479
464;480
464;481
464;482
464;483
464;484
464;485
464;486
464;487
464;488
464;489
464;490
464;491
464;492
464;493
465;91
465;92
465;93
465;94
465;95
465;96
465;97
465;98
465;99
465;100
465;101
465;102
465;103
465;104
465;105
465;106
465;107
465;108
465;109
465;110
465;111
465;112
465;113
465;114
465;115
465;116
465;117
465;118
465;119
465;120
465;121
465;122
465;123
465;124
465;125
465;126
465;127
465;128
465;129
465;130
465;131
465;132
465;133
465;134
465;135
465;136
465;137
465;138
465;139
465;185
465;186
465;187
465;188
465;189
465;190
465;191
465;192
465;193
465;194
465;195
465;196
465;197
465;198
465;199
465;200
465;201
465;202
465;203
465;204
465;205
465;206
465;207
465;208
465;209
465;210
465;211
465;212
465;213
465;214
465;215
465;216
465;217
465;218
465;219
465;220
465;221
465;222
465;223
465;224
465;225
465;226
465;227
465;228
465;229
465;230
465;231
465;232
465;233
465;234
465;235
465;236
465;237
465;238
465;239
465;240
465;241
465;242
465;243
465;244
465;245
465;246
465;247
465;248
465;249
465;250
465;251
465;252
465;253
465;254
465;255
465;256
465;257
465;258
465;259
465;260
465;261
465;262
465;263
465;264
465;265
465;266
465;267
465;268
465;413
465;414
465;415
465;416
465;417
465;418
465;419
465;420
465;421
465;422
465;423
465;424
465;425
465;426
465;427
465;428
465;429
465;430
465;431
465;432
465;433
465;434
465;435
465;436
465;437
465;438
465;439
465;440
465;441
465;442
465;443
465;444
465;445
465;446
465;447
465;448
465;449
465;450
465;451
465;452
465;453
465;454
465;455
465;456
465;457
465;458
465;459
465;460
465;461
465;462
465;463
465;464
465;465
465;466
465;467
465;468
465;469
465;470
465;471
465;472
465;473
465;474
465;475
465;476
465;477
465;478
465;479
465;480
465;481
465;482
465;483
465;484
465;485
465;486
465;487
465;488
465;489
465;490
465;491
465;492
465;493
466;90
466;91
466;92
466;93
466;94
466;95
466;96
466;97
466;98
466;99
466;100
466;101
466;102
466;103
466;104
466;105
466;106
466;107
466;108
466;109
466;110
466;111
466;112
466;113
466;114
466;115
466;116
466;117
466;118
466;119
466;120
466;121
466;122
466;123
466;124
466;125
466;126
466;127
466;128
466;129
466;130
466;131
466;132
466;133
466;134
466;135
466;136
466;137
466;138
466;139
466;140
466;185
466;186
466;187
466;188
466;189
466;190
466;191
466;192
466;193
466;194
466;195
466;196
466;197
466;198
466;199
466;200
466;201
466;202
466;203
466;204
466;205
466;206
466;207
466;208
466;209
466;210
466;211
466;212
466;213
466;214
466;215
466;216
466;217
466;218
466;219
466;220
466;221
466;222
466;223
466;224
466;225
466;226
466;227
466;228
466;229
466;230
466;231
466;232
466;233
466;234
466;235
466;236
466;237
466;238
466;239
466;240
466;241
466;242
466;243
466;244
466;245
466;246
466;247
466;248
466;249
466;250
466;251
466;252
466;253
466;254
466;255
466;256
466;257
466;258
466;259
466;260
466;261
466;262
466;263
466;264
466;265
466;266
466;267
466;413
466;414
466;415
466;416
466;417
466;418
466;419
466;420
466;421
466;422
466;423
466;424
466;425
466;426
466;427
466;428
466;429
466;430
466;431
466;432
466;433
466;434
466;435
466;436
466;437
466;438
466;439
466;440
466;441
466;442
466;443
466;444
466;445
466;446
466;447
466;448
466;449
466;450
466;451
466;452
466;453
466;454
466;455
466;456
466;457
466;458
466;459
466;460
466;461
466;462
466;463
466;464
466;465
466;466
466;467
466;468
466;469
466;470
466;471
466;472
466;473
466;474
466;475
466;476
466;477
466;478
466;479
466;480
466;481
466;482
466;483
466;484
466;485
466;486
466;487
466;488
466;489
466;490
466;491
466;492
466;493
467;88
467;89
467;90
467;91
467;92
467;93
467;94
467;95
467;96
467;97
467;98
467;99
467;100
467;101
467;102
467;103
467;104
467;105
467;106
467;107
467;108
467;109
467;110
467;111
467;112
467;113
467;114
467;115
467;116
467;117
467;118
467;119
467;120
467;121
467;122
467;123
467;124
467;125
467;126
467;127
467;128
467;129
467;130
467;131
467;132
467;133
467;134
467;135
467;136
467;137
467;138
467;139
467;140
467;141
467;186
467;187
467;188
467;189
467;190
467;191
467;192
467;193
467;194
467;195
467;196
467;197
467;198
467;199
467;200
467;201
467;202
467;203
467;204
467;205
467;206
467;207
467;208
467;209
467;210
467;211
467;212
467;213
467;214
467;215
467;216
467;217
467;218
467;219
467;220
467;221
467;222
467;223
467;224
467;225
467;226
467;227
467;228
467;229
467;230
467;231
467;232
467;233
467;234
467;235
467;236
467;237
467;238
467;239
467;240
467;241
467;242
467;243
467;244
467;245
467;246
467;247
467;248
467;249
467;250
467;251
467;252
467;253
467;254
467;255
467;256
467;257
467;258
467;259
467;260
467;261
467;262
467;263
467;264
467;265
467;266
467;267
467;413
467;414
467;415
467;416
467;417
467;418
467;419
467;420
467;421
467;422
467;423
467;424
467;425
467;426
467;427
467;428
467;429
467;430
467;431
467;432
467;433
467;434
467;435
467;436
467;437
467;438
467;439
467;440
467;441
467;442
467;443
467;444
467;445
467;446
467;447
467;448
467;449
467;450
467;451
467;452
467;453
467;454
467;455
467;456
467;457
467;458
467;459
467;460
467;461
467;462
467;463
467;464
467;465
467;466
467;467
467;468
467;469
467;470
467;471
467;472
467;473
467;474
467;475
467;476
467;477
467;478
467;479
467;480
467;481
467;482
467;483
467;484
467;485
467;486
467;487
467;488
467;489
467;490
467;491
467;492
467;493
468;87
468;88
468;89
468;90
468;91
468;92
468;93
468;94
468;95
468;96
468;97
468;98
468;99
468;100
468;101
468;102
468;103
468;104
468;105
468;106
468;107
468;108
468;109
468;110
468;111
468;112
468;113
468;114
468;115
468;116
468;117
468;118
468;119
468;120
468;121
468;122
468;123
468;124
468;125
468;126
468;127
468;128
468;129
468;130
468;131
468;132
468;133
468;134
468;135
468;136
468;137
468;138
468;139
468;140
468;141
468;142
468;186
468;187
468;188
468;189
468;190
468;191
468;192
468;193
468;194
468;195
468;196
468;197
468;198
468;199
468;200
468;201
468;202
468;203
468;204
468;205
468;206
468;207
468;208
468;209
468;210
468;211
468;212
468;213
468;214
468;215
468;216
468;217
468;218
468;219
468;220
468;221
468;222
468;223
468;224
468;225
468;226
468;227
468;228
468;229
468;230
468;231
468;232
468;233
468;234
468;235
468;236
468;237
468;238
468;239
468;240
468;241
468;242
468;243
468;244
468;245
468;246
468;247
468;248
468;249
468;250
468;251
468;252
468;253
468;254
468;255
468;256
468;257
468;258
468;259
468;260
468;261
468;262
468;263
468;264
468;265
468;266
468;267
468;413
468;414
468;415
468;416
468;417
468;418
468;419
468;420
468;421
468;422
468;423
468;424
468;425
468;426
468;427
468;428
468;429
468;430
468;431
468;432
468;433
468;434
468;435
468;436
468;437
468;438
468;439
468;440
468;441
468;442
468;443
468;444
468;445
468;446
468;447
468;448
468;449
468;450
468;451
468;452
468;453
468;454
468;455
468;456
468;457
468;458
468;459
468;460
468;461
468;462
468;463
468;464
468;465
468;466
468;467
468;468
468;469
468;470
468;471
468;472
468;473
468;474
468;475
468;476
468;477
468;478
468;479
468;480
468;481
468;482
468;483
468;484
468;485
468;486
468;487
468;488
468;489
468;490
468;491
468;492
468;493
469;86
469;87
469;88
469;89
469;90
469;91
469;92
469;93
469;94
469;95
469;96
469;97
469;98
469;99
469;100
469;101
469;102
469;103
469;104
469;105
469;106
469;107
469;108
469;109
469;110
469;111
469;112
469;113
469;114
469;115
469;116
469;117
469;118
469;119
469;120
469;121
469;122
469;123
469;124
469;125
469;126
469;127
469;128
469;129
469;130
469;131
469;132
469;133
469;134
469;135
469;136
469;137
469;138
469;139
469;140
469;141
469;142
469;186
469;187
469;188
469;189
469;190
469;191
469;192
469;193
469;194
469;195
469;196
469;197
469;198
469;199
469;200
469;201
469;202
469;203
469;204
469;205
469;206
469;207
469;208
469;209
469;210
469;211
469;212
469;213
469;214
469;215
469;216
469;217
469;218
469;219
469;220
469;221
469;222
469;223
469;224
469;225
469;226
469;227
469;228
469;229
469;230
469;231
469;232
469;233
469;234
469;235
469;236
469;237
469;238
469;239
469;240
469;241
469;242
469;243
469;244
469;245
469;246
469;247
469;248
469;249
469;250
469;251
469;252
469;253
469;254
469;255
469;256
469;257
469;258
469;259
469;260
469;261
469;262
469;263
469;264
469;265
469;266
469;412
469;413
469;414
469;415
469;416
469;417
469;418
469;419
469;420
469;421
469;422
469;423
469;424
469;425
469;426
469;427
469;428
469;429
469;430
469;431
469;432
469;433
469;434
469;435
469;436
469;437
469;438
469;439
469;440
469;441
469;442
469;443
469;444
469;445
469;446
469;447
469;448
469;449
469;450
469;451
469;452
469;453
469;454
469;455
469;456
469;457
469;458
469;459
469;460
469;461
469;462
469;463
469;464
469;465
469;466
469;467
469;468
469;469
469;470
469;471
469;472
469;473
469;474
469;475
469;476
469;477
469;478
469;479
469;480
469;481
469;482
469;483
469;484
469;485
469;486
469;487
469;488
469;489
469;490
469;491
469;492
469;493
470;84
470;85
470;86
470;87
470;88
470;89
470;90
470;91
470;92
470;93
470;94
470;95
470;96
470;97
470;98
470;99
470;100
470;101
470;102
470;103
470;104
470;105
470;106
470;107
470;108
470;109
470;110
470;111
470;112
470;113
470;114
470;115
470;116
470;117
470;118
470;119
470;120
470;121
470;122
470;123
470;124
470;125
470;126
470;127
470;128
470;129
470;130
470;131
470;132
470;133
470;134
470;135
470;136
470;137
470;138
470;139
470;140
470;141
470;142
470;143
470;187
470;188
470;189
470;190
470;191
470;192
470;193
470;194
470;195
470;196
470;197
470;198
470;199
470;200
470;201
470;202
470;203
470;204
470;205
470;206
470;207
470;208
470;209
470;210
470;211
470;212
470;213
470;214
470;215
470;216
470;217
470;218
470;219
470;220
470;221
470;222
470;223
470;224
470;225
470;226
470;227
470;228
470;229
470;230
470;231
470;232
470;233
470;234
470;235
470;236
470;237
470;238
470;239
470;240
470;241
470;242
470;243
470;244
470;245
470;246
470;247
470;248
470;249
470;250
470;251
470;252
470;253
470;254
470;255
470;256
470;257
470;258
470;259
470;260
470;261
470;262
470;263
470;264
470;265
470;266
470;412
470;413
470;414
470;415
470;416
470;417
470;418
470;419
470;420
470;421
470;422
470;423
470;424
470;425
470;426
470;427
470;428
470;429
470;430
470;431
470;432
470;433
470;434
470;435
470;436
470;437
470;438
470;439
470;440
470;441
470;442
470;443
470;444
470;445
470;446
470;447
470;448
470;449
470;450
470;451
470;452
470;453
470;454
470;455
470;456
470;457
470;458
470;459
470;460
470;461
470;462
470;463
470;464
470;465
470;466
470;467
470;468
470;469
470;470
470;471
470;472
470;473
470;474
470;475
470;476
470;477
470;478
470;479
470;480
470;481
470;482
470;483
470;484
470;485
470;486
470;487
470;488
470;489
470;490
470;491
470;492
470;493
471;83
471;84
471;85
471;86
471;87
471;88
471;89
471;90
471;91
471;92
471;93
471;94
471;95
471;96
471;97
471;98
471;99
471;100
471;101
471;102
471;103
471;104
471;105
471;106
471;107
471;108
471;109
471;110
471;111
471;112
471;113
471;114
471;115
471;116
471;117
471;118
471;119
471;120
471;121
471;122
471;123
471;124
471;125
471;126
471;127
471;128
471;129
471;130
471;131
471;132
471;133
471;134
471;135
471;136
471;137
471;138
471;139
471;140
471;141
471;142
471;143
471;144
471;187
471;188
471;189
471;190
471;191
471;192
471;193
471;194
471;195
471;196
471;197
471;198
471;199
471;200
471;201
471;202
471;203
471;204
471;205
471;206
471;207
471;208
471;209
471;210
471;211
471;212
471;213
471;214
471;215
471;216
471;217
471;218
471;219
471;220
471;221
471;222
471;223
471;224
471;225
471;226
471;227
471;228
471;229
471;230
471;231
471;232
471;233
471;234
471;235
471;236
471;237
471;238
471;239
471;240
471;241
471;242
471;243
471;244
471;245
471;246
471;247
471;248
471;249
471;250
471;251
471;252
471;253
471;254
471;255
471;256
471;257
471;258
471;259
471;260
471;261
471;262
471;263
471;264
471;265
471;412
471;413
471;414
471;415
471;416
471;417
471;418
471;419
471;420
471;421
471;422
471;423
471;424
471;425
471;426
471;427
471;428
471;429
471;430
471;431
471;432
471;433
471;434
471;435
471;436
471;437
471;438
471;439
471;440
471;441
471;442
471;443
471;444
471;445
471;446
471;447
471;448
471;449
471;450
471;451
471;452
471;453
471;454
471;455
471;456
471;457
471;458
471;459
471;460
471;461
471;462
471;463
471;464
471;465
471;466
471;467
471;468
471;469
471;470
471;471
471;472
471;473
471;474
471;475
471;476
471;477
471;478
471;479
471;480
471;481
471;482
471;483
471;484
471;485
471;486
471;487
471;488
471;489
471;490
471;491
471;492
471;493
472;82
472;83
472;84
472;85
472;86
472;87
472;88
472;89
472;90
472;91
472;92
472;93
472;94
472;95
472;96
472;97
472;98
472;99
472;100
472;101
472;102
472;103
472;104
472;105
472;106
472;107
472;108
472;109
472;110
472;111
472;112
472;113
472;114
472;115
472;116
472;117
472;118
472;119
472;120
472;121
472;122
472;123
472;124
472;125
472;126
472;127
472;128
472;129
472;130
472;131
472;132
472;133
472;134
472;135
472;136
472;137
472;138
472;139
472;140
472;141
472;142
472;143
472;144
472;145
472;188
472;189
472;190
472;191
472;192
472;193
472;194
472;195
472;196
472;197
472;198
472;199
472;200
472;201
472;202
472;203
472;204
472;205
472;206
472;207
472;208
472;209
472;210
472;211
472;212
472;213
472;214
472;215
472;216
472;217
472;218
472;219
472;220
472;221
472;222
472;223
472;224
472;225
472;226
472;227
472;228
472;229
472;230
472;231
472;232
472;233
472;234
472;235
472;236
472;237
472;238
472;239
472;240
472;241
472;242
472;243
472;244
472;245
472;246
472;247
472;248
472;249
472;250
472;251
472;252
472;253
472;254
472;255
472;256
472;257
472;258
472;259
472;260
472;261
472;262
472;263
472;264
472;265
472;412
472;413
472;414
472;415
472;416
472;417
472;418
472;419
472;420
472;421
472;422
472;423
472;424
472;425
472;426
472;427
472;428
472;429
472;430
472;431
472;432
472;433
472;434
472;435
472;436
472;437
472;438
472;439
472;440
472;441
472;442
472;443
472;444
472;445
472;446
472;447
472;448
472;449
472;450
472;451
472;452
472;453
472;454
472;455
472;456
472;457
472;458
472;459
472;460
472;461
472;462
472;463
472;464
472;465
472;466
472;467
472;468
472;469
472;470
472;471
472;472
472;473
472;474
472;475
472;476
472;477
472;478
472;479
472;480
472;481
472;482
472;483
472;484
472;485
472;486
472;487
472;488
472;489
472;490
472;491
472;492
472;493
473;80
473;81
473;82
473;83
473;84
473;85
473;86
473;87
473;88
473;89
473;90
473;91
473;92
473;93
473;94
473;95
473;96
473;97
473;98
473;99
473;100
473;101
473;102
473;103
473;104
473;105
473;106
473;107
473;108
473;109
473;110
473;111
473;112
473;113
473;114
473;115
473;116
473;117
473;118
473;119
473;120
473;121
473;122
473;123
473;124
473;125
473;126
473;127
473;128
473;129
473;130
473;131
473;132
473;133
473;134
473;135
473;136
473;137
473;138
473;139
473;140
473;141
473;142
473;143
473;144
473;145
473;188
473;189
473;190
473;191
473;192
473;193
473;194
473;195
473;196
473;197
473;198
473;199
473;200
473;201
473;202
473;203
473;204
473;205
473;206
473;207
473;208
473;209
473;210
473;211
473;212
473;213
473;214
473;215
473;216
473;217
473;218
473;219
473;220
473;221
473;222
473;223
473;224
473;225
473;226
473;227
473;228
473;229
473;230
473;231
473;232
473;233
473;234
473;235
473;236
473;237
473;238
473;239
473;240
473;241
473;242
473;243
473;244
473;245
473;246
473;247
473;248
473;249
473;250
473;251
473;252
473;253
473;254
473;255
473;256
473;257
473;258
473;259
473;260
473;261
473;262
473;263
473;264
473;412
473;413
473;414
473;415
473;416
473;417
473;418
473;419
473;420
473;421
473;422
473;423
473;424
473;425
473;426
473;427
473;428
473;429
473;430
473;431
473;432
473;433
473;434
473;435
473;436
473;437
473;438
473;439
473;440
473;441
473;442
473;443
473;444
473;445
473;446
473;447
473;448
473;449
473;450
473;451
473;452
473;453
473;454
473;455
473;456
473;457
473;458
473;459
473;460
473;461
473;462
473;463
473;464
473;465
473;466
473;467
473;468
473;469
473;470
473;471
473;472
473;473
473;474
473;475
473;476
473;477
473;478
473;479
473;480
473;481
473;482
473;483
473;484
473;485
473;486
473;487
473;488
473;489
473;490
473;491
473;492
473;493
474;79
474;80
474;81
474;82
474;83
474;84
474;85
474;86
474;87
474;88
474;89
474;90
474;91
474;92
474;93
474;94
474;95
474;96
474;97
474;98
474;99
474;100
474;101
474;102
474;103
474;104
474;105
474;106
474;107
474;108
474;109
474;110
474;111
474;112
474;113
474;114
474;115
474;116
474;117
474;118
474;119
474;120
474;121
474;122
474;123
474;124
474;125
474;126
474;127
474;128
474;129
474;130
474;131
474;132
474;133
474;134
474;135
474;136
474;137
474;138
474;139
474;140
474;141
474;142
474;143
474;144
474;145
474;146
474;189
474;190
474;191
474;192
474;193
474;194
474;195
474;196
474;197
474;198
474;199
474;200
474;201
474;202
474;203
474;204
474;205
474;206
474;207
474;208
474;209
474;210
474;211
474;212
474;213
474;214
474;215
474;216
474;217
474;218
474;219
474;220
474;221
474;222
474;223
474;224
474;225
474;226
474;227
474;228
474;229
474;230
474;231
474;232
474;233
474;234
474;235
474;236
474;237
474;238
474;239
474;240
474;241
474;242
474;243
474;244
474;245
474;246
474;247
474;248
474;249
474;250
474;251
474;252
474;253
474;254
474;255
474;256
474;257
474;258
474;259
474;260
474;261
474;262
474;263
474;264
474;412
474;413
474;414
474;415
474;416
474;417
474;418
474;419
474;420
474;421
474;422
474;423
474;424
474;425
474;426
474;427
474;428
474;429
474;430
474;431
474;432
474;433
474;434
474;435
474;436
474;437
474;438
474;439
474;440
474;441
474;442
474;443
474;444
474;445
474;446
474;447
474;448
474;449
474;450
474;451
474;452
474;453
474;454
474;455
474;456
474;457
474;458
474;459
474;460
474;461
474;462
474;463
474;464
474;465
474;466
474;467
474;468
474;469
474;470
474;471
474;472
474;473
474;474
474;475
474;476
474;477
474;478
474;479
474;480
474;481
474;482
474;483
474;484
474;485
474;486
474;487
474;488
474;489
474;490
474;491
474;492
474;493
475;78
475;79
475;80
475;81
475;82
475;83
475;84
475;85
475;86
475;87
475;88
475;89
475;90
475;91
475;92
475;93
475;94
475;95
475;96
475;97
475;98
475;99
475;100
475;101
475;102
475;103
475;104
475;105
475;106
475;107
475;108
475;109
475;110
475;111
475;112
475;113
475;114
475;115
475;116
475;117
475;118
475;119
475;120
475;121
475;122
475;123
475;124
475;125
475;126
475;127
475;128
475;129
475;130
475;131
475;132
475;133
475;134
475;135
475;136
475;137
475;138
475;139
475;140
475;141
475;142
475;143
475;144
475;145
475;146
475;147
475;189
475;190
475;191
475;192
475;193
475;194
475;195
475;196
475;197
475;198
475;199
475;200
475;201
475;202
475;203
475;204
475;205
475;206
475;207
475;208
475;209
475;210
475;211
475;212
475;213
475;214
475;215
475;216
475;217
475;218
475;219
475;220
475;221
475;222
475;223
475;224
475;225
475;226
475;227
475;228
475;229
475;230
475;231
475;232
475;233
475;234
475;235
475;236
475;237
475;238
475;239
475;240
475;241
475;242
475;243
475;244
475;245
475;246
475;247
475;248
475;249
475;250
475;251
475;252
475;253
475;254
475;255
475;256
475;257
475;258
475;259
475;260
475;261
475;262
475;263
475;412
475;413
475;414
475;415
475;416
475;417
475;418
475;419
475;420
475;421
475;422
475;423
475;424
475;425
475;426
475;427
475;428
475;429
475;430
475;431
475;432
475;433
475;434
475;435
475;436
475;437
475;438
475;439
475;440
475;441
475;442
475;443
475;444
475;445
475;446
475;447
475;448
475;449
475;450
475;451
475;452
475;453
475;454
475;455
475;456
475;457
475;458
475;459
475;460
475;461
475;462
475;463
475;464
475;465
475;466
475;467
475;468
475;469
475;470
475;471
475;472
475;473
475;474
475;475
475;476
475;477
475;478
475;479
475;480
475;481
475;482
475;483
475;484
475;485
475;486
475;487
475;488
475;489
475;490
475;491
475;492
475;493
476;76
476;77
476;78
476;79
476;80
476;81
476;82
476;83
476;84
476;85
476;86
476;87
476;88
476;89
476;90
476;91
476;92
476;93
476;94
476;95
476;96
476;97
476;98
476;99
476;100
476;101
476;102
476;103
476;104
476;105
476;106
476;107
476;108
476;109
476;110
476;111
476;112
476;113
476;114
476;115
476;116
476;117
476;118
476;119
476;120
476;121
476;122
476;123
476;124
476;125
476;126
476;127
476;128
476;129
476;130
476;131
476;132
476;133
476;134
476;135
476;136
476;137
476;138
476;139
476;140
476;141
476;142
476;143
476;144
476;145
476;146
476;147
476;148
476;190
476;191
476;192
476;193
476;194
476;195
476;196
476;197
476;198
476;199
476;200
476;201
476;202
476;203
476;204
476;205
476;206
476;207
476;208
476;209
476;210
476;211
476;212
476;213
476;214
476;215
476;216
476;217
476;218
476;219
476;220
476;221
476;222
476;223
476;224
476;225
476;226
476;227
476;228
476;229
476;230
476;231
476;232
476;233
476;234
476;235
476;236
476;237
476;238
476;239
476;240
476;241
476;242
476;243
476;244
476;245
476;246
476;247
476;248
476;249
476;250
476;251
476;252
476;253
476;254
476;255
476;256
476;257
476;258
476;259
476;260
476;261
476;262
476;263
476;412
476;413
476;414
476;415
476;416
476;417
476;418
476;419
476;420
476;421
476;422
476;423
476;424
476;425
476;426
476;427
476;428
476;429
476;430
476;431
476;432
476;433
476;434
476;435
476;436
476;437
476;438
476;439
476;440
476;441
476;442
476;443
476;444
476;445
476;446
476;447
476;448
476;449
476;450
476;451
476;452
476;453
476;454
476;455
476;456
476;457
476;458
476;459
476;460
476;461
476;462
476;463
476;464
476;465
476;466
476;467
476;468
476;469
476;470
476;471
476;472
476;473
476;474
476;475
476;476
476;477
476;478
476;479
476;480
476;481
476;482
476;483
476;484
476;485
476;486
476;487
476;488
476;489
476;490
476;491
476;492
476;493
477;75
477;76
477;77
477;78
477;79
477;80
477;81
477;82
477;83
477;84
477;85
477;86
477;87
477;88
477;89
477;90
477;91
477;92
477;93
477;94
477;95
477;96
477;97
477;98
477;99
477;100
477;101
477;102
477;103
477;104
477;105
477;106
477;107
477;108
477;109
477;110
477;111
477;112
477;113
477;114
477;115
477;116
477;117
477;118
477;119
477;120
477;121
477;122
477;123
477;124
477;125
477;126
477;127
477;128
477;129
477;130
477;131
477;132
477;133
477;134
477;135
477;136
477;137
477;138
477;139
477;140
477;141
477;142
477;143
477;144
477;145
477;146
477;147
477;148
477;190
477;191
477;192
477;193
477;194
477;195
477;196
477;197
477;198
477;199
477;200
477;201
477;202
477;203
477;204
477;205
477;206
477;207
477;208
477;209
477;210
477;211
477;212
477;213
477;214
477;215
477;216
477;217
477;218
477;219
477;220
477;221
477;222
477;223
477;224
477;225
477;226
477;227
477;228
477;229
477;230
477;231
477;232
477;233
477;234
477;235
477;236
477;237
477;238
477;239
477;240
477;241
477;242
477;243
477;244
477;245
477;246
477;247
477;248
477;249
477;250
477;251
477;252
477;253
477;254
477;255
477;256
477;257
477;258
477;259
477;260
477;261
477;262
477;412
477;413
477;414
477;415
477;416
477;417
477;418
477;419
477;420
477;421
477;422
477;423
477;424
477;425
477;426
477;427
477;428
477;429
477;430
477;431
477;432
477;433
477;434
477;435
477;436
477;437
477;438
477;439
477;440
477;441
477;442
477;443
477;444
477;445
477;446
477;447
477;448
477;449
477;450
477;451
477;452
477;453
477;454
477;455
477;456
477;457
477;458
477;459
477;460
477;461
477;462
477;463
477;464
477;465
477;466
477;467
477;468
477;469
477;470
477;471
477;472
477;473
477;474
477;475
477;476
477;477
477;478
477;479
477;480
477;481
477;482
477;483
477;484
477;485
477;486
477;487
477;488
477;489
477;490
477;491
477;492
477;493
478;74
478;75
478;76
478;77
478;78
478;79
478;80
478;81
478;82
478;83
478;84
478;85
478;86
478;87
478;88
478;89
478;90
478;91
478;92
478;93
478;94
478;95
478;96
478;97
478;98
478;99
478;100
478;101
478;102
478;103
478;104
478;105
478;106
478;107
478;108
478;109
478;110
478;111
478;112
478;113
478;114
478;115
478;116
478;117
478;118
478;119
478;120
478;121
478;122
478;123
478;124
478;125
478;126
478;127
478;128
478;129
478;130
478;131
478;132
478;133
478;134
478;135
478;136
478;137
478;138
478;139
478;140
478;141
478;142
478;143
478;144
478;145
478;146
478;147
478;148
478;149
478;191
478;192
478;193
478;194
478;195
478;196
478;197
478;198
478;199
478;200
478;201
478;202
478;203
478;204
478;205
478;206
478;207
478;208
478;209
478;210
478;211
478;212
478;213
478;214
478;215
478;216
478;217
478;218
478;219
478;220
478;221
478;222
478;223
478;224
478;225
478;226
478;227
478;228
478;229
478;230
478;231
478;232
478;233
478;234
478;235
478;236
478;237
478;238
478;239
478;240
478;241
478;242
478;243
478;244
478;245
478;246
478;247
478;248
478;249
478;250
478;251
478;252
478;253
478;254
478;255
478;256
478;257
478;258
478;259
478;260
478;261
478;412
478;413
478;414
478;415
478;416
478;417
478;418
478;419
478;420
478;421
478;422
478;423
478;424
478;425
478;426
478;427
478;428
478;429
478;430
478;431
478;432
478;433
478;434
478;435
478;436
478;437
478;438
478;439
478;440
478;441
478;442
478;443
478;444
478;445
478;446
478;447
478;448
478;449
478;450
478;451
478;452
478;453
478;454
478;455
478;456
478;457
478;458
478;459
478;460
478;461
478;462
478;463
478;464
478;465
478;466
478;467
478;468
478;469
478;470
478;471
478;472
478;473
478;474
478;475
478;476
478;477
478;478
478;479
478;480
478;481
478;482
478;483
478;484
478;485
478;486
478;487
478;488
478;489
478;490
478;491
478;492
478;493
479;72
479;73
479;74
479;75
479;76
479;77
479;78
479;79
479;80
479;81
479;82
479;83
479;84
479;85
479;86
479;87
479;88
479;89
479;90
479;91
479;92
479;93
479;94
479;95
479;96
479;97
479;98
479;99
479;100
479;101
479;102
479;103
479;104
479;105
479;106
479;107
479;108
479;109
479;110
479;111
479;112
479;113
479;114
479;115
479;116
479;117
479;118
479;119
479;120
479;121
479;122
479;123
479;124
479;125
479;126
479;127
479;128
479;129
479;130
479;131
479;132
479;133
479;134
479;135
479;136
479;137
479;138
479;139
479;140
479;141
479;142
479;143
479;144
479;145
479;146
479;147
479;148
479;149
479;150
479;192
479;193
479;194
479;195
479;196
479;197
479;198
479;199
479;200
479;201
479;202
479;203
479;204
479;205
479;206
479;207
479;208
479;209
479;210
479;211
479;212
479;213
479;214
479;215
479;216
479;217
479;218
479;219
479;220
479;221
479;222
479;223
479;224
479;225
479;226
479;227
479;228
479;229
479;230
479;231
479;232
479;233
479;234
479;235
479;236
479;237
479;238
479;239
479;240
479;241
479;242
479;243
479;244
479;245
479;246
479;247
479;248
479;249
479;250
479;251
479;252
479;253
479;254
479;255
479;256
479;257
479;258
479;259
479;260
479;261
479;412
479;413
479;414
479;415
479;416
479;417
479;418
479;419
479;420
479;421
479;422
479;423
479;424
479;425
479;426
479;427
479;428
479;429
479;430
479;431
479;432
479;433
479;434
479;435
479;436
479;437
479;438
479;439
479;440
479;441
479;442
479;443
479;444
479;445
479;446
479;447
479;448
479;449
479;450
479;451
479;452
479;453
479;454
479;455
479;456
479;457
479;458
479;459
479;460
479;461
479;462
479;463
479;464
479;465
479;466
479;467
479;468
479;469
479;470
479;471
479;472
479;473
479;474
479;475
479;476
479;477
479;478
479;479
479;480
479;481
479;482
479;483
479;484
479;485
479;486
479;487
479;488
479;489
479;490
479;491
479;492
479;493
480;71
480;72
480;73
480;74
480;75
480;76
480;77
480;78
480;79
480;80
480;81
480;82
480;83
480;84
480;85
480;86
480;87
480;88
480;89
480;90
480;91
480;92
480;93
480;94
480;95
480;96
480;97
480;98
480;99
480;100
480;101
480;102
480;103
480;104
480;105
480;106
480;107
480;108
480;109
480;110
480;111
480;112
480;113
480;114
480;115
480;116
480;117
480;118
480;119
480;120
480;121
480;122
480;123
480;124
480;125
480;126
480;127
480;128
480;129
480;130
480;131
480;132
480;133
480;134
480;135
480;136
480;137
480;138
480;139
480;140
480;141
480;142
480;143
480;144
480;145
480;146
480;147
480;148
480;149
480;150
480;151
480;193
480;194
480;195
480;196
480;197
480;198
480;199
480;200
480;201
480;202
480;203
480;204
480;205
480;206
480;207
480;208
480;209
480;210
480;211
480;212
480;213
480;214
480;215
480;216
480;217
480;218
480;219
480;220
480;221
480;222
480;223
480;224
480;225
480;226
480;227
480;228
480;229
480;230
480;231
480;232
480;233
480;234
480;235
480;236
480;237
480;238
480;239
480;240
480;241
480;242
480;243
480;244
480;245
480;246
480;247
480;248
480;249
480;250
480;251
480;252
480;253
480;254
480;255
480;256
480;257
480;258
480;259
480;260
480;412
480;413
480;414
480;415
480;416
480;417
480;418
480;419
480;420
480;421
480;422
480;423
480;424
480;425
480;426
480;427
480;428
480;429
480;430
480;431
480;432
480;433
480;434
480;435
480;436
480;437
480;438
480;439
480;440
480;441
480;442
480;443
480;444
480;445
480;446
480;447
480;448
480;449
480;450
480;451
480;452
480;453
480;454
480;455
480;456
480;457
480;458
480;459
480;460
480;461
480;462
480;463
480;464
480;465
480;466
480;467
480;468
480;469
480;470
480;471
480;472
480;473
480;474
480;475
480;476
480;477
480;478
480;479
480;480
480;481
480;482
480;483
480;484
480;485
480;486
480;487
480;488
480;489
480;490
480;491
480;492
481;70
481;71
481;72
481;73
481;74
481;75
481;76
481;77
481;78
481;79
481;80
481;81
481;82
481;83
481;84
481;85
481;86
481;87
481;88
481;89
481;90
481;91
481;92
481;93
481;94
481;95
481;96
481;97
481;98
481;99
481;100
481;101
481;102
481;103
481;104
481;105
481;106
481;107
481;108
481;109
481;110
481;111
481;112
481;113
481;114
481;115
481;116
481;117
481;118
481;119
481;120
481;121
481;122
481;123
481;124
481;125
481;126
481;127
481;128
481;129
481;130
481;131
481;132
481;133
481;134
481;135
481;136
481;137
481;138
481;139
481;140
481;141
481;142
481;143
481;144
481;145
481;146
481;147
481;148
481;149
481;150
481;151
481;193
481;194
481;195
481;196
481;197
481;198
481;199
481;200
481;201
481;202
481;203
481;204
481;205
481;206
481;207
481;208
481;209
481;210
481;211
481;212
481;213
481;214
481;215
481;216
481;217
481;218
481;219
481;220
481;221
481;222
481;223
481;224
481;225
481;226
481;227
481;228
481;229
481;230
481;231
481;232
481;233
481;234
481;235
481;236
481;237
481;238
481;239
481;240
481;241
481;242
481;243
481;244
481;245
481;246
481;247
481;248
481;249
481;250
481;251
481;252
481;253
481;254
481;255
481;256
481;257
481;258
481;259
481;412
481;413
481;414
481;415
481;416
481;417
481;418
481;419
481;420
481;421
481;422
481;423
481;424
481;425
481;426
481;427
481;428
481;429
481;430
481;431
481;432
481;433
481;434
481;435
481;436
481;437
481;438
481;439
481;440
481;441
481;442
481;443
481;444
481;445
481;446
481;447
481;448
481;449
481;450
481;451
481;452
481;453
481;454
481;455
481;456
481;457
481;458
481;459
481;460
481;461
481;462
481;463
481;464
481;465
481;466
481;467
481;468
481;469
481;470
481;471
481;472
481;473
481;474
481;475
481;476
481;477
481;478
481;479
481;480
481;481
481;482
481;483
481;484
481;485
481;486
481;487
481;488
481;489
481;490
481;491
481;492
482;71
482;72
482;73
482;74
482;75
482;76
482;77
482;78
482;79
482;80
482;81
482;82
482;83
482;84
482;85
482;86
482;87
482;88
482;89
482;90
482;91
482;92
482;93
482;94
482;95
482;96
482;97
482;98
482;99
482;100
482;101
482;102
482;103
482;104
482;105
482;106
482;107
482;108
482;109
482;110
482;111
482;112
482;113
482;114
482;115
482;116
482;117
482;118
482;119
482;120
482;121
482;122
482;123
482;124
482;125
482;126
482;127
482;128
482;129
482;130
482;131
482;132
482;133
482;134
482;135
482;136
482;137
482;138
482;139
482;140
482;141
482;142
482;143
482;144
482;145
482;146
482;147
482;148
482;149
482;150
482;151
482;152
482;194
482;195
482;196
482;197
482;198
482;199
482;200
482;201
482;202
482;203
482;204
482;205
482;206
482;207
482;208
482;209
482;210
482;211
482;212
482;213
482;214
482;215
482;216
482;217
482;218
482;219
482;220
482;221
482;222
482;223
482;224
482;225
482;226
482;227
482;228
482;229
482;230
482;231
482;232
482;233
482;234
482;235
482;236
482;237
482;238
482;239
482;240
482;241
482;242
482;243
482;244
482;245
482;246
482;247
482;248
482;249
482;250
482;251
482;252
482;253
482;254
482;255
482;256
482;257
482;258
482;412
482;413
482;414
482;415
482;416
482;417
482;418
482;419
482;420
482;421
482;422
482;423
482;424
482;425
482;426
482;427
482;428
482;429
482;430
482;431
482;432
482;433
482;434
482;435
482;436
482;437
482;438
482;439
482;440
482;441
482;442
482;443
482;444
482;445
482;446
482;447
482;448
482;449
482;450
482;451
482;452
482;453
482;454
482;455
482;456
482;457
482;458
482;459
482;460
482;461
482;462
482;463
482;464
482;465
482;466
482;467
482;468
482;469
482;470
482;471
482;472
482;473
482;474
482;475
482;476
482;477
482;478
482;479
482;480
482;481
482;482
482;483
482;484
482;485
482;486
482;487
482;488
482;489
482;490
482;491
482;492
483;72
483;73
483;74
483;75
483;76
483;77
483;78
483;79
483;80
483;81
483;82
483;83
483;84
483;85
483;86
483;87
483;88
483;89
483;90
483;91
483;92
483;93
483;94
483;95
483;96
483;97
483;98
483;99
483;100
483;101
483;102
483;103
483;104
483;105
483;106
483;107
483;108
483;109
483;110
483;111
483;112
483;113
483;114
483;115
483;116
483;117
483;118
483;119
483;120
483;121
483;122
483;123
483;124
483;125
483;126
483;127
483;128
483;129
483;130
483;131
483;132
483;133
483;134
483;135
483;136
483;137
483;138
483;139
483;140
483;141
483;142
483;143
483;144
483;145
483;146
483;147
483;148
483;149
483;150
483;151
483;152
483;153
483;195
483;196
483;197
483;198
483;199
483;200
483;201
483;202
483;203
483;204
483;205
483;206
483;207
483;208
483;209
483;210
483;211
483;212
483;213
483;214
483;215
483;216
483;217
483;218
483;219
483;220
483;221
483;222
483;223
483;224
483;225
483;226
483;227
483;228
483;229
483;230
483;231
483;232
483;233
483;234
483;235
483;236
483;237
483;238
483;239
483;240
483;241
483;242
483;243
483;244
483;245
483;246
483;247
483;248
483;249
483;250
483;251
483;252
483;253
483;254
483;255
483;256
483;257
483;412
483;413
483;414
483;415
483;416
483;417
483;418
483;419
483;420
483;421
483;422
483;423
483;424
483;425
483;426
483;427
483;428
483;429
483;430
483;431
483;432
483;433
483;434
483;435
483;436
483;437
483;438
483;439
483;440
483;441
483;442
483;443
483;444
483;445
483;446
483;447
483;448
483;449
483;450
483;451
483;452
483;453
483;454
483;455
483;456
483;457
483;458
483;459
483;460
483;461
483;462
483;463
483;464
483;465
483;466
483;467
483;468
483;469
483;470
483;471
483;472
483;473
483;474
483;475
483;476
483;477
483;478
483;479
483;480
483;481
483;482
483;483
483;484
483;485
483;486
483;487
483;488
483;489
483;490
483;491
483;492
484;73
484;74
484;75
484;76
484;77
484;78
484;79
484;80
484;81
484;82
484;83
484;84
484;85
484;86
484;87
484;88
484;89
484;90
484;91
484;92
484;93
484;94
484;95
484;96
484;97
484;98
484;99
484;100
484;101
484;102
484;103
484;104
484;105
484;106
484;107
484;108
484;109
484;110
484;111
484;112
484;113
484;114
484;115
484;116
484;117
484;118
484;119
484;120
484;121
484;122
484;123
484;124
484;125
484;126
484;127
484;128
484;129
484;130
484;131
484;132
484;133
484;134
484;135
484;136
484;137
484;138
484;139
484;140
484;141
484;142
484;143
484;144
484;145
484;146
484;147
484;148
484;149
484;150
484;151
484;152
484;153
484;154
484;196
484;197
484;198
484;199
484;200
484;201
484;202
484;203
484;204
484;205
484;206
484;207
484;208
484;209
484;210
484;211
484;212
484;213
484;214
484;215
484;216
484;217
484;218
484;219
484;220
484;221
484;222
484;223
484;224
484;225
484;226
484;227
484;228
484;229
484;230
484;231
484;232
484;233
484;234
484;235
484;236
484;237
484;238
484;239
484;240
484;241
484;242
484;243
484;244
484;245
484;246
484;247
484;248
484;249
484;250
484;251
484;252
484;253
484;254
484;255
484;256
484;257
484;412
484;413
484;414
484;415
484;416
484;417
484;418
484;419
484;420
484;421
484;422
484;423
484;424
484;425
484;426
484;427
484;428
484;429
484;430
484;431
484;432
484;433
484;434
484;435
484;436
484;437
484;438
484;439
484;440
484;441
484;442
484;443
484;444
484;445
484;446
484;447
484;448
484;449
484;450
484;451
484;452
484;453
484;454
484;455
484;456
484;457
484;458
484;459
484;460
484;461
484;462
484;463
484;464
484;465
484;466
484;467
484;468
484;469
484;470
484;471
484;472
484;473
484;474
484;475
484;476
484;477
484;478
484;479
484;480
484;481
484;482
484;483
484;484
484;485
484;486
484;487
484;488
484;489
484;490
484;491
484;492
485;73
485;74
485;75
485;76
485;77
485;78
485;79
485;80
485;81
485;82
485;83
485;84
485;85
485;86
485;87
485;88
485;89
485;90
485;91
485;92
485;93
485;94
485;95
485;96
485;97
485;98
485;99
485;100
485;101
485;102
485;103
485;104
485;105
485;106
485;107
485;108
485;109
485;110
485;111
485;112
485;113
485;114
485;115
485;116
485;117
485;118
485;119
485;120
485;121
485;122
485;123
485;124
485;125
485;126
485;127
485;128
485;129
485;130
485;131
485;132
485;133
485;134
485;135
485;136
485;137
485;138
485;139
485;140
485;141
485;142
485;143
485;144
485;145
485;146
485;147
485;148
485;149
485;150
485;151
485;152
485;153
485;154
485;197
485;198
485;199
485;200
485;201
485;202
485;203
485;204
485;205
485;206
485;207
485;208
485;209
485;210
485;211
485;212
485;213
485;214
485;215
485;216
485;217
485;218
485;219
485;220
485;221
485;222
485;223
485;224
485;225
485;226
485;227
485;228
485;229
485;230
485;231
485;232
485;233
485;234
485;235
485;236
485;237
485;238
485;239
485;240
485;241
485;242
485;243
485;244
485;245
485;246
485;247
485;248
485;249
485;250
485;251
485;252
485;253
485;254
485;255
485;256
485;412
485;413
485;414
485;415
485;416
485;417
485;418
485;419
485;420
485;421
485;422
485;423
485;424
485;425
485;426
485;427
485;428
485;429
485;430
485;431
485;432
485;433
485;434
485;435
485;436
485;437
485;438
485;439
485;440
485;441
485;442
485;443
485;444
485;445
485;446
485;447
485;448
485;449
485;450
485;451
485;452
485;453
485;454
485;455
485;456
485;457
485;458
485;459
485;460
485;461
485;462
485;463
485;464
485;465
485;466
485;467
485;468
485;469
485;470
485;471
485;472
485;473
485;474
485;475
485;476
485;477
485;478
485;479
485;480
485;481
485;482
485;483
485;484
485;485
485;486
485;487
485;488
485;489
485;490
485;491
485;492
486;74
486;75
486;76
486;77
486;78
486;79
486;80
486;81
486;82
486;83
486;84
486;85
486;86
486;87
486;88
486;89
486;90
486;91
486;92
486;93
486;94
486;95
486;96
486;97
486;98
486;99
486;100
486;101
486;102
486;103
486;104
486;105
486;106
486;107
486;108
486;109
486;110
486;111
486;112
486;113
486;114
486;115
486;116
486;117
486;118
486;119
486;120
486;121
486;122
486;123
486;124
486;125
486;126
486;127
486;128
486;129
486;130
486;131
486;132
486;133
486;134
486;135
486;136
486;137
486;138
486;139
486;140
486;141
486;142
486;143
486;144
486;145
486;146
486;147
486;148
486;149
486;150
486;151
486;152
486;153
486;154
486;155
486;198
486;199
486;200
486;201
486;202
486;203
486;204
486;205
486;206
486;207
486;208
486;209
486;210
486;211
486;212
486;213
486;214
486;215
486;216
486;217
486;218
486;219
486;220
486;221
486;222
486;223
486;224
486;225
486;226
486;227
486;228
486;229
486;230
486;231
486;232
486;233
486;234
486;235
486;236
486;237
486;238
486;239
486;240
486;241
486;242
486;243
486;244
486;245
486;246
486;247
486;248
486;249
486;250
486;251
486;252
486;253
486;254
486;412
486;413
486;414
486;415
486;416
486;417
486;418
486;419
486;420
486;421
486;422
486;423
486;424
486;425
486;426
486;427
486;428
486;429
486;430
486;431
486;432
486;433
486;434
486;435
486;436
486;437
486;438
486;439
486;440
486;441
486;442
486;443
486;444
486;445
486;446
486;447
486;448
486;449
486;450
486;451
486;452
486;453
486;454
486;455
486;456
486;457
486;458
486;459
486;460
486;461
486;462
486;463
486;464
486;465
486;466
486;467
486;468
486;469
486;470
486;471
486;472
486;473
486;474
486;475
486;476
486;477
486;478
486;479
486;480
486;481
486;482
486;483
486;484
486;485
486;486
486;487
486;488
486;489
486;490
486;491
486;492
487;75
487;76
487;77
487;78
487;79
487;80
487;81
487;82
487;83
487;84
487;85
487;86
487;87
487;88
487;89
487;90
487;91
487;92
487;93
487;94
487;95
487;96
487;97
487;98
487;99
487;100
487;101
487;102
487;103
487;104
487;105
487;106
487;107
487;108
487;109
487;110
487;111
487;112
487;113
487;114
487;115
487;116
487;117
487;118
487;119
487;120
487;121
487;122
487;123
487;124
487;125
487;126
487;127
487;128
487;129
487;130
487;131
487;132
487;133
487;134
487;135
487;136
487;137
487;138
487;139
487;140
487;141
487;142
487;143
487;144
487;145
487;146
487;147
487;148
487;149
487;150
487;151
487;152
487;153
487;154
487;155
487;156
487;199
487;200
487;201
487;202
487;203
487;204
487;205
487;206
487;207
487;208
487;209
487;210
487;211
487;212
487;213
487;214
487;215
487;216
487;217
487;218
487;219
487;220
487;221
487;222
487;223
487;224
487;225
487;226
487;227
487;228
487;229
487;230
487;231
487;232
487;233
487;234
487;235
487;236
487;237
487;238
487;239
487;240
487;241
487;242
487;243
487;244
487;245
487;246
487;247
487;248
487;249
487;250
487;251
487;252
487;253
487;412
487;413
487;414
487;415
487;416
487;417
487;418
487;419
487;420
487;421
487;422
487;423
487;424
487;425
487;426
487;427
487;428
487;429
487;430
487;431
487;432
487;433
487;434
487;435
487;436
487;437
487;438
487;439
487;440
487;441
487;442
487;443
487;444
487;445
487;446
487;447
487;448
487;449
487;450
487;451
487;452
487;453
487;454
487;455
487;456
487;457
487;458
487;459
487;460
487;461
487;462
487;463
487;464
487;465
487;466
487;467
487;468
487;469
487;470
487;471
487;472
487;473
487;474
487;475
487;476
487;477
487;478
487;479
487;480
487;481
487;482
487;483
487;484
487;485
487;486
487;487
487;488
487;489
487;490
487;491
487;492
488;76
488;77
488;78
488;79
488;80
488;81
488;82
488;83
488;84
488;85
488;86
488;87
488;88
488;89
488;90
488;91
488;92
488;93
488;94
488;95
488;96
488;97
488;98
488;99
488;100
488;101
488;102
488;103
488;104
488;105
488;106
488;107
488;108
488;109
488;110
488;111
488;112
488;113
488;114
488;115
488;116
488;117
488;118
488;119
488;120
488;121
488;122
488;123
488;124
488;125
488;126
488;127
488;128
488;129
488;130
488;131
488;132
488;133
488;134
488;135
488;136
488;137
488;138
488;139
488;140
488;141
488;142
488;143
488;144
488;145
488;146
488;147
488;148
488;149
488;150
488;151
488;152
488;153
488;154
488;155
488;156
488;157
488;201
488;202
488;203
488;204
488;205
488;206
488;207
488;208
488;209
488;210
488;211
488;212
488;213
488;214
488;215
488;216
488;217
488;218
488;219
488;220
488;221
488;222
488;223
488;224
488;225
488;226
488;227
488;228
488;229
488;230
488;231
488;232
488;233
488;234
488;235
488;236
488;237
488;238
488;239
488;240
488;241
488;242
488;243
488;244
488;245
488;246
488;247
488;248
488;249
488;250
488;251
488;252
488;412
488;413
488;414
488;415
488;416
488;417
488;418
488;419
488;420
488;421
488;422
488;423
488;424
488;425
488;426
488;427
488;428
488;429
488;430
488;431
488;432
488;433
488;434
488;435
488;436
488;437
488;438
488;439
488;440
488;441
488;442
488;443
488;444
488;445
488;446
488;447
488;448
488;449
488;450
488;451
488;452
488;453
488;454
488;455
488;456
488;457
488;458
488;459
488;460
488;461
488;462
488;463
488;464
488;465
488;466
488;467
488;468
488;469
488;470
488;471
488;472
488;473
488;474
488;475
488;476
488;477
488;478
488;479
488;480
488;481
488;482
488;483
488;484
488;485
488;486
488;487
488;488
488;489
488;490
488;491
488;492
489;76
489;77
489;78
489;79
489;80
489;81
489;82
489;83
489;84
489;85
489;86
489;87
489;88
489;89
489;90
489;91
489;92
489;93
489;94
489;95
489;96
489;97
489;98
489;99
489;100
489;101
489;102
489;103
489;104
489;105
489;106
489;107
489;108
489;109
489;110
489;111
489;112
489;113
489;114
489;115
489;116
489;117
489;118
489;119
489;120
489;121
489;122
489;123
489;124
489;125
489;126
489;127
489;128
489;129
489;130
489;131
489;132
489;133
489;134
489;135
489;136
489;137
489;138
489;139
489;140
489;141
489;142
489;143
489;144
489;145
489;146
489;147
489;148
489;149
489;150
489;151
489;152
489;153
489;154
489;155
489;156
489;157
489;202
489;203
489;204
489;205
489;206
489;207
489;208
489;209
489;210
489;211
489;212
489;213
489;214
489;215
489;216
489;217
489;218
489;219
489;220
489;221
489;222
489;223
489;224
489;225
489;226
489;227
489;228
489;229
489;230
489;231
489;232
489;233
489;234
489;235
489;236
489;237
489;238
489;239
489;240
489;241
489;242
489;243
489;244
489;245
489;246
489;247
489;248
489;249
489;250
489;251
489;412
489;413
489;414
489;415
489;416
489;417
489;418
489;419
489;420
489;421
489;422
489;423
489;424
489;425
489;426
489;427
489;428
489;429
489;430
489;431
489;432
489;433
489;434
489;435
489;436
489;437
489;438
489;439
489;440
489;441
489;442
489;443
489;444
489;445
489;446
489;447
489;448
489;449
489;450
489;451
489;452
489;453
489;454
489;455
489;456
489;457
489;458
489;459
489;460
489;461
489;462
489;463
489;464
489;465
489;466
489;467
489;468
489;469
489;470
489;471
489;472
489;473
489;474
489;475
489;476
489;477
489;478
489;479
489;480
489;481
489;482
489;483
489;484
489;485
489;486
489;487
489;488
489;489
489;490
489;491
489;492
490;77
490;78
490;79
490;80
490;81
490;82
490;83
490;84
490;85
490;86
490;87
490;88
490;89
490;90
490;91
490;92
490;93
490;94
490;95
490;96
490;97
490;98
490;99
490;100
490;101
490;102
490;103
490;104
490;105
490;106
490;107
490;108
490;109
490;110
490;111
490;112
490;113
490;114
490;115
490;116
490;117
490;118
490;119
490;120
490;121
490;122
490;123
490;124
490;125
490;126
490;127
490;128
490;129
490;130
490;131
490;132
490;133
490;134
490;135
490;136
490;137
490;138
490;139
490;140
490;141
490;142
490;143
490;144
490;145
490;146
490;147
490;148
490;149
490;150
490;151
490;152
490;153
490;154
490;155
490;156
490;157
490;158
490;204
490;205
490;206
490;207
490;208
490;209
490;210
490;211
490;212
490;213
490;214
490;215
490;216
490;217
490;218
490;219
490;220
490;221
490;222
490;223
490;224
490;225
490;226
490;227
490;228
490;229
490;230
490;231
490;232
490;233
490;234
490;235
490;236
490;237
490;238
490;239
490;240
490;241
490;242
490;243
490;244
490;245
490;246
490;247
490;248
490;249
490;412
490;413
490;414
490;415
490;416
490;417
490;418
490;419
490;420
490;421
490;422
490;423
490;424
490;425
490;426
490;427
490;428
490;429
490;430
490;431
490;432
490;433
490;434
490;435
490;436
490;437
490;438
490;439
490;440
490;441
490;442
490;443
490;444
490;445
490;446
490;447
490;448
490;449
490;450
490;451
490;452
490;453
490;454
490;455
490;456
490;457
490;458
490;459
490;460
490;461
490;462
490;463
490;464
490;465
490;466
490;467
490;468
490;469
490;470
490;471
490;472
490;473
490;474
490;475
490;476
490;477
490;478
490;479
490;480
490;481
490;482
490;483
490;484
490;485
490;486
490;487
490;488
490;489
490;490
490;491
490;492
491;78
491;79
491;80
491;81
491;82
491;83
491;84
491;85
491;86
491;87
491;88
491;89
491;90
491;91
491;92
491;93
491;94
491;95
491;96
491;97
491;98
491;99
491;100
491;101
491;102
491;103
491;104
491;105
491;106
491;107
491;108
491;109
491;110
491;111
491;112
491;113
491;114
491;115
491;116
491;117
491;118
491;119
491;120
491;121
491;122
491;123
491;124
491;125
491;126
491;127
491;128
491;129
491;130
491;131
491;132
491;133
491;134
491;135
491;136
491;137
491;138
491;139
491;140
491;141
491;142
491;143
491;144
491;145
491;146
491;147
491;148
491;149
491;150
491;151
491;152
491;153
491;154
491;155
491;156
491;157
491;158
491;159
491;205
491;206
491;207
491;208
491;209
491;210
491;211
491;212
491;213
491;214
491;215
491;216
491;217
491;218
491;219
491;220
491;221
491;222
491;223
491;224
491;225
491;226
491;227
491;228
491;229
491;230
491;231
491;232
491;233
491;234
491;235
491;236
491;237
491;238
491;239
491;240
491;241
491;242
491;243
491;244
491;245
491;246
491;247
491;412
491;413
491;414
491;415
491;416
491;417
491;418
491;419
491;420
491;421
491;422
491;423
491;424
491;425
491;426
491;427
491;428
491;429
491;430
491;431
491;432
491;433
491;434
491;435
491;436
491;437
491;438
491;439
491;440
491;441
491;442
491;443
491;444
491;445
491;446
491;447
491;448
491;449
491;450
491;451
491;452
491;453
491;454
491;455
491;456
491;457
491;458
491;459
491;460
491;461
491;462
491;463
491;464
491;465
491;466
491;467
491;468
491;469
491;470
491;471
491;472
491;473
491;474
491;475
491;476
491;477
491;478
491;479
491;480
491;481
491;482
491;483
491;484
491;485
491;486
491;487
491;488
491;489
491;490
491;491
491;492
492;79
492;80
492;81
492;82
492;83
492;84
492;85
492;86
492;87
492;88
492;89
492;90
492;91
492;92
492;93
492;94
492;95
492;96
492;97
492;98
492;99
492;100
492;101
492;102
492;103
492;104
492;105
492;106
492;107
492;108
492;109
492;110
492;111
492;112
492;113
492;114
492;115
492;116
492;117
492;118
492;119
492;120
492;121
492;122
492;123
492;124
492;125
492;126
492;127
492;128
492;129
492;130
492;131
492;132
492;133
492;134
492;135
492;136
492;137
492;138
492;139
492;140
492;141
492;142
492;143
492;144
492;145
492;146
492;147
492;148
492;149
492;150
492;151
492;152
492;153
492;154
492;155
492;156
492;157
492;158
492;159
492;160
492;207
492;208
492;209
492;210
492;211
492;212
492;213
492;214
492;215
492;216
492;217
492;218
492;219
492;220
492;221
492;222
492;223
492;224
492;225
492;226
492;227
492;228
492;229
492;230
492;231
492;232
492;233
492;234
492;235
492;236
492;237
492;238
492;239
492;240
492;241
492;242
492;243
492;244
492;245
492;246
492;412
492;413
492;414
492;415
492;416
492;417
492;418
492;419
492;420
492;421
492;422
492;423
492;424
492;425
492;426
492;427
492;428
492;429
492;430
492;431
492;432
492;433
492;434
492;435
492;436
492;437
492;438
492;439
492;440
492;441
492;442
492;443
492;444
492;445
492;446
492;447
492;448
492;449
492;450
492;451
492;452
492;453
492;454
492;455
492;456
492;457
492;458
492;459
492;460
492;461
492;462
492;463
492;464
492;465
492;466
492;467
492;468
492;469
492;470
492;471
492;472
492;473
492;474
492;475
492;476
492;477
492;478
492;479
492;480
492;481
492;482
492;483
492;484
492;485
492;486
492;487
492;488
492;489
492;490
492;491
492;492
493;79
493;80
493;81
493;82
493;83
493;84
493;85
493;86
493;87
493;88
493;89
493;90
493;91
493;92
493;93
493;94
493;95
493;96
493;97
493;98
493;99
493;100
493;101
493;102
493;103
493;104
493;105
493;106
493;107
493;108
493;109
493;110
493;111
493;112
493;113
493;114
493;115
493;116
493;117
493;118
493;119
493;120
493;121
493;122
493;123
493;124
493;125
493;126
493;127
493;128
493;129
493;130
493;131
493;132
493;133
493;134
493;135
493;136
493;137
493;138
493;139
493;140
493;141
493;142
493;143
493;144
493;145
493;146
493;147
493;148
493;149
493;150
493;151
493;152
493;153
493;154
493;155
493;156
493;157
493;158
493;159
493;160
493;209
493;210
493;211
493;212
493;213
493;214
493;215
493;216
493;217
493;218
493;219
493;220
493;221
493;222
493;223
493;224
493;225
493;226
493;227
493;228
493;229
493;230
493;231
493;232
493;233
493;234
493;235
493;236
493;237
493;238
493;239
493;240
493;241
493;242
493;243
493;244
493;412
493;413
493;414
493;415
493;416
493;417
493;418
493;419
493;420
493;421
493;422
493;423
493;424
493;425
493;426
493;427
493;428
493;429
493;430
493;431
493;432
493;433
493;434
493;435
493;436
493;437
493;438
493;439
493;440
493;441
493;442
493;443
493;444
493;445
493;446
493;447
493;448
493;449
493;450
493;451
493;452
493;453
493;454
493;455
493;456
493;457
493;458
493;459
493;460
493;461
493;462
493;463
493;464
493;465
493;466
493;467
493;468
493;469
493;470
493;471
493;472
493;473
493;474
493;475
493;476
493;477
493;478
493;479
493;480
493;481
493;482
493;483
493;484
493;485
493;486
493;487
493;488
493;489
493;490
493;491
493;492
494;80
494;81
494;82
494;83
494;84
494;85
494;86
494;87
494;88
494;89
494;90
494;91
494;92
494;93
494;94
494;95
494;96
494;97
494;98
494;99
494;100
494;101
494;102
494;103
494;104
494;105
494;106
494;107
494;108
494;109
494;110
494;111
494;112
494;113
494;114
494;115
494;116
494;117
494;118
494;119
494;120
494;121
494;122
494;123
494;124
494;125
494;126
494;127
494;128
494;129
494;130
494;131
494;132
494;133
494;134
494;135
494;136
494;137
494;138
494;139
494;140
494;141
494;142
494;143
494;144
494;145
494;146
494;147
494;148
494;149
494;150
494;151
494;152
494;153
494;154
494;155
494;156
494;157
494;158
494;159
494;160
494;161
494;212
494;213
494;214
494;215
494;216
494;217
494;218
494;219
494;220
494;221
494;222
494;223
494;224
494;225
494;226
494;227
494;228
494;229
494;230
494;231
494;232
494;233
494;234
494;235
494;236
494;237
494;238
494;239
494;240
494;241
494;412
494;413
494;414
494;415
494;416
494;417
494;418
494;419
494;420
494;421
494;422
494;423
494;424
494;425
494;426
494;427
494;428
494;429
494;430
494;431
494;432
494;433
494;434
494;435
494;436
494;437
494;438
494;439
494;440
494;441
494;442
494;443
494;444
494;445
494;446
494;447
494;448
494;449
494;450
494;451
494;452
494;453
494;454
494;455
494;456
494;457
494;458
494;459
494;460
494;461
494;462
494;463
494;464
494;465
494;466
494;467
494;468
494;469
494;470
494;471
494;472
494;473
494;474
494;475
494;476
494;477
494;478
494;479
494;480
494;481
494;482
494;483
494;484
494;485
494;486
494;487
494;488
494;489
494;490
494;491
494;492
495;81
495;82
495;83
495;84
495;85
495;86
495;87
495;88
495;89
495;90
495;91
495;92
495;93
495;94
495;95
495;96
495;97
495;98
495;99
495;100
495;101
495;102
495;103
495;104
495;105
495;106
495;107
495;108
495;109
495;110
495;111
495;112
495;113
495;114
495;115
495;116
495;117
495;118
495;119
495;120
495;121
495;122
495;123
495;124
495;125
495;126
495;127
495;128
495;129
495;130
495;131
495;132
495;133
495;134
495;135
495;136
495;137
495;138
495;139
495;140
495;141
495;142
495;143
495;144
495;145
495;146
495;147
495;148
495;149
495;150
495;151
495;152
495;153
495;154
495;155
495;156
495;157
495;158
495;159
495;214
495;215
495;216
495;217
495;218
495;219
495;220
495;221
495;222
495;223
495;224
495;225
495;226
495;227
495;228
495;229
495;230
495;231
495;232
495;233
495;234
495;235
495;236
495;237
495;238
495;412
495;413
495;414
495;415
495;416
495;417
495;418
495;419
495;420
495;421
495;422
495;423
495;424
495;425
495;426
495;427
495;428
495;429
495;430
495;431
495;432
495;433
495;434
495;435
495;436
495;437
495;438
495;439
495;440
495;441
495;442
495;443
495;444
495;445
495;446
495;447
495;448
495;449
495;450
495;451
495;452
495;453
495;454
495;455
495;456
495;457
495;458
495;459
495;460
495;461
495;462
495;463
495;464
495;465
495;466
495;467
495;468
495;469
495;470
495;471
495;472
495;473
495;474
495;475
495;476
495;477
495;478
495;479
495;480
495;481
495;482
495;483
495;484
495;485
495;486
495;487
495;488
495;489
495;490
495;491
495;492
496;82
496;83
496;84
496;85
496;86
496;87
496;88
496;89
496;90
496;91
496;92
496;93
496;94
496;95
496;96
496;97
496;98
496;99
496;100
496;101
496;102
496;103
496;104
496;105
496;106
496;107
496;108
496;109
496;110
496;111
496;112
496;113
496;114
496;115
496;116
496;117
496;118
496;119
496;120
496;121
496;122
496;123
496;124
496;125
496;126
496;127
496;128
496;129
496;130
496;131
496;132
496;133
496;134
496;135
496;136
496;137
496;138
496;139
496;140
496;141
496;142
496;143
496;144
496;145
496;146
496;147
496;148
496;149
496;150
496;151
496;152
496;153
496;154
496;155
496;156
496;157
496;158
496;219
496;220
496;221
496;222
496;223
496;224
496;225
496;226
496;227
496;228
496;229
496;230
496;231
496;232
496;233
496;234
496;432
496;433
496;434
496;435
496;436
496;437
496;438
496;439
496;440
496;441
496;442
496;443
496;444
496;445
496;446
496;447
496;448
496;449
496;450
496;451
496;452
496;453
496;454
496;455
496;456
496;457
496;458
496;459
496;460
496;461
496;462
496;463
496;464
496;465
496;466
496;467
496;468
496;469
496;470
496;471
496;472
496;473
496;474
496;475
496;476
496;477
496;478
496;479
496;480
496;481
496;482
496;483
496;484
496;485
496;486
496;487
496;488
496;489
496;490
496;491
496;492
497;82
497;83
497;84
497;85
497;86
497;87
497;88
497;89
497;90
497;91
497;92
497;93
497;94
497;95
497;96
497;97
497;98
497;99
497;100
497;101
497;102
497;103
497;104
497;105
497;106
497;107
497;108
497;109
497;110
497;111
497;112
497;113
497;114
497;115
497;116
497;117
497;118
497;119
497;120
497;121
497;122
497;123
497;124
497;125
497;126
497;127
497;128
497;129
497;130
497;131
497;132
497;133
497;134
497;135
497;136
497;137
497;138
497;139
497;140
497;141
497;142
497;143
497;144
497;145
497;146
497;147
497;148
497;149
497;150
497;151
497;152
497;153
497;154
497;155
497;156
497;157
497;469
497;470
497;471
497;472
497;473
497;474
497;475
497;476
497;477
497;478
497;479
497;480
497;481
497;482
497;483
497;484
497;485
497;486
497;487
497;488
497;489
497;490
497;491
497;492
498;83
498;84
498;85
498;86
498;87
498;88
498;89
498;90
498;91
498;92
498;93
498;94
498;95
498;96
498;97
498;98
498;99
498;100
498;101
498;102
498;103
498;104
498;105
498;106
498;107
498;108
498;109
498;110
498;111
498;112
498;113
498;114
498;115
498;116
498;117
498;118
498;119
498;120
498;121
498;122
498;123
498;124
498;125
498;126
498;127
498;128
498;129
498;130
498;131
498;132
498;133
498;134
498;135
498;136
498;137
498;138
498;139
498;140
498;141
498;142
498;143
498;144
498;145
498;146
498;147
498;148
498;149
498;150
498;151
498;152
498;153
498;154
498;155
499;84
499;85
499;86
499;87
499;88
499;89
499;90
499;91
499;92
499;93
499;94
499;95
499;96
499;97
499;98
499;99
499;100
499;101
499;102
499;103
499;104
499;105
499;106
499;107
499;108
499;109
499;110
499;111
499;112
499;113
499;114
499;115
499;116
499;117
499;118
499;119
499;120
499;121
499;122
499;123
499;124
499;125
499;126
499;127
499;128
499;129
499;130
499;131
499;132
499;133
499;134
499;135
499;136
499;137
499;138
499;139
499;140
499;141
499;142
499;143
499;144
499;145
499;146
499;147
499;148
499;149
499;150
499;151
499;152
499;153
499;154
