500;500;471;467;483;265
0;0
0;1
0;2
0;3
0;4
0;5
0;6
0;7
0;8
0;9
0;10
0;11
0;12
0;13
0;14
0;15
0;16
0;17
0;18
0;19
0;20
0;21
0;22
0;23
0;24
0;25
0;26
0;27
0;28
0;29
0;30
0;31
0;32
0;33
0;34
0;35
0;36
0;37
0;38
0;39
0;40
0;41
0;42
0;43
0;44
0;45
0;46
0;47
0;48
0;49
0;50
0;51
0;52
0;53
0;54
0;55
0;56
0;57
0;58
0;59
0;60
0;61
0;62
0;63
0;64
0;65
0;66
0;67
0;68
0;69
0;70
0;71
0;72
0;73
0;319
0;320
0;321
0;322
0;323
0;324
0;325
0;326
0;327
0;328
0;329
0;330
0;331
0;332
0;333
0;334
0;335
0;336
0;337
0;338
0;339
0;340
0;341
0;342
0;343
0;344
0;345
0;346
0;347
0;348
0;349
0;350
0;351
0;352
0;353
0;354
0;355
0;356
0;357
0;358
0;359
0;360
0;361
0;362
0;363
0;364
0;365
0;366
0;367
0;368
0;369
0;370
0;371
0;372
0;373
0;374
0;375
0;376
0;377
0;378
0;379
0;380
0;381
0;382
0;383
0;384
0;385
0;386
0;387
0;388
0;389
0;390
0;391
0;392
0;393
0;394
0;395
0;396
0;397
0;398
0;399
0;400
0;401
0;402
0;403
0;404
0;405
0;406
0;407
0;408
0;409
0;410
0;411
0;412
0;413
0;414
0;415
0;416
0;417
0;418
0;419
0;420
0;421
0;422
0;423
0;424
0;425
0;426
0;427
0;428
0;429
0;430
0;431
0;432
0;433
0;434
0;435
0;436
0;437
0;438
0;439
0;440
0;441
0;442
0;443
0;444
0;445
0;446
0;447
0;448
0;449
0;450
0;451
0;452
0;453
0;454
0;455
0;456
0;457
0;458
0;459
0;460
0;461
0;462
0;463
0;464
0;465
0;466
0;467
0;468
0;469
0;470
0;471
0;472
0;473
0;474
0;475
0;476
0;477
0;478
0;479
0;480
0;481
0;482
0;483
0;484
0;485
0;486
0;487
0;488
0;489
0;490
0;491
0;492
0;493
0;494
0;495
0;496
1;0
1;1
1;2
1;3
1;4
1;5
1;6
1;7
1;8
1;9
1;10
1;11
1;12
1;13
1;14
1;15
1;16
1;17
1;18
1;19
1;20
1;21
1;22
1;23
1;24
1;25
1;26
1;27
1;28
1;29
1;30
1;31
1;32
1;33
1;34
1;35
1;36
1;37
1;38
1;39
1;40
1;41
1;42
1;43
1;44
1;45
1;46
1;47
1;48
1;49
1;50
1;51
1;52
1;53
1;54
1;55
1;56
1;57
1;58
1;59
1;60
1;61
1;62
1;63
1;64
1;65
1;66
1;67
1;68
1;69
1;70
1;71
1;72
1;73
1;317
1;318
1;319
1;320
1;321
1;322
1;323
1;324
1;325
1;326
1;327
1;328
1;329
1;330
1;331
1;332
1;333
1;334
1;335
1;336
1;337
1;338
1;339
1;340
1;341
1;342
1;343
1;344
1;345
1;346
1;347
1;348
1;349
1;350
1;351
1;352
1;353
1;354
1;355
1;356
1;357
1;358
1;359
1;360
1;361
1;362
1;363
1;364
1;365
1;366
1;367
1;368
1;369
1;370
1;371
1;372
1;373
1;374
1;375
1;376
1;377
1;378
1;379
1;380
1;381
1;382
1;383
1;384
1;385
1;386
1;387
1;388
1;389
1;390
1;391
1;392
1;393
1;394
1;395
1;396
1;397
1;398
1;399
1;400
1;401
1;402
1;403
1;404
1;405
1;406
1;407
1;408
1;409
1;410
1;411
1;412
1;413
1;414
1;415
1;416
1;417
1;418
1;419
1;420
1;421
1;422
1;423
1;424
1;425
1;426
1;427
1;428
1;429
1;430
1;431
1;432
1;433
1;434
1;435
1;436
1;437
1;438
1;439
1;440
1;441
1;442
1;443
1;444
1;445
1;446
1;447
1;448
1;449
1;450
1;451
1;452
1;453
1;454
1;455
1;456
1;457
1;458
1;459
1;460
1;461
1;462
1;463
1;464
1;465
1;466
1;467
1;468
1;469
1;470
1;471
1;472
1;473
1;474
1;475
1;476
1;477
1;478
1;479
1;480
1;481
1;482
1;483
1;484
1;485
1;486
1;487
1;488
1;489
1;490
1;491
1;492
1;493
1;494
1;495
2;0
2;1
2;2
2;3
2;4
2;5
2;6
2;7
2;8
2;9
2;10
2;11
2;12
2;13
2;14
2;15
2;16
2;17
2;18
2;19
2;20
2;21
2;22
2;23
2;24
2;25
2;26
2;27
2;28
2;29
2;30
2;31
2;32
2;33
2;34
2;35
2;36
2;37
2;38
2;39
2;40
2;41
2;42
2;43
2;44
2;45
2;46
2;47
2;48
2;49
2;50
2;51
2;52
2;53
2;54
2;55
2;56
2;57
2;58
2;59
2;60
2;61
2;62
2;63
2;64
2;65
2;66
2;67
2;68
2;69
2;70
2;71
2;72
2;73
2;318
2;319
2;320
2;321
2;322
2;323
2;324
2;325
2;326
2;327
2;328
2;329
2;330
2;331
2;332
2;333
2;334
2;335
2;336
2;337
2;338
2;339
2;340
2;341
2;342
2;343
2;344
2;345
2;346
2;347
2;348
2;349
2;350
2;351
2;352
2;353
2;354
2;355
2;356
2;357
2;358
2;359
2;360
2;361
2;362
2;363
2;364
2;365
2;366
2;367
2;368
2;369
2;370
2;371
2;372
2;373
2;374
2;375
2;376
2;377
2;378
2;379
2;380
2;381
2;382
2;383
2;384
2;385
2;386
2;387
2;388
2;389
2;390
2;391
2;392
2;393
2;394
2;395
2;396
2;397
2;398
2;399
2;400
2;401
2;402
2;403
2;404
2;405
2;406
2;407
2;408
2;409
2;410
2;411
2;412
2;413
2;414
2;415
2;416
2;417
2;418
2;419
2;420
2;421
2;422
2;423
2;424
2;425
2;426
2;427
2;428
2;429
2;430
2;431
2;432
2;433
2;434
2;435
2;436
2;437
2;438
2;439
2;440
2;441
2;442
2;443
2;444
2;445
2;446
2;447
2;448
2;449
2;450
2;451
2;452
2;453
2;454
2;455
2;456
2;457
2;458
2;459
2;460
2;461
2;462
2;463
2;464
2;465
2;466
2;467
2;468
2;469
2;470
2;471
2;472
2;473
2;474
2;475
2;476
2;477
2;478
2;479
2;480
2;481
2;482
2;483
2;484
2;485
2;486
2;487
2;488
2;489
2;490
2;491
2;492
2;493
2;494
3;0
3;1
3;2
3;3
3;4
3;5
3;6
3;7
3;8
3;9
3;10
3;11
3;12
3;13
3;14
3;15
3;16
3;17
3;18
3;19
3;20
3;21
3;22
3;23
3;24
3;25
3;26
3;27
3;28
3;29
3;30
3;31
3;32
3;33
3;34
3;35
3;36
3;37
3;38
3;39
3;40
3;41
3;42
3;43
3;44
3;45
3;46
3;47
3;48
3;49
3;50
3;51
3;52
3;53
3;54
3;55
3;56
3;57
3;58
3;59
3;60
3;61
3;62
3;63
3;64
3;65
3;66
3;67
3;68
3;69
3;70
3;71
3;72
3;73
3;319
3;320
3;321
3;322
3;323
3;324
3;325
3;326
3;327
3;328
3;329
3;330
3;331
3;332
3;333
3;334
3;335
3;336
3;337
3;338
3;339
3;340
3;341
3;342
3;343
3;344
3;345
3;346
3;347
3;348
3;349
3;350
3;351
3;352
3;353
3;354
3;355
3;356
3;357
3;358
3;359
3;360
3;361
3;362
3;363
3;364
3;365
3;366
3;367
3;368
3;369
3;370
3;371
3;372
3;373
3;374
3;375
3;376
3;377
3;378
3;379
3;380
3;381
3;382
3;383
3;384
3;385
3;386
3;387
3;388
3;389
3;390
3;391
3;392
3;393
3;394
3;395
3;396
3;397
3;398
3;399
3;400
3;401
3;402
3;403
3;404
3;405
3;406
3;407
3;408
3;409
3;410
3;411
3;412
3;413
3;414
3;415
3;416
3;417
3;418
3;419
3;420
3;421
3;422
3;423
3;424
3;425
3;426
3;427
3;428
3;429
3;430
3;431
3;432
3;433
3;434
3;435
3;436
3;437
3;438
3;439
3;440
3;441
3;442
3;443
3;444
3;445
3;446
3;447
3;448
3;449
3;450
3;451
3;452
3;453
3;454
3;455
3;456
3;457
3;458
3;459
3;460
3;461
3;462
3;463
3;464
3;465
3;466
3;467
3;468
3;469
3;470
3;471
3;472
3;473
3;474
3;475
3;476
3;477
3;478
3;479
3;480
3;481
3;482
3;483
3;484
3;485
3;486
3;487
3;488
3;489
3;490
3;491
3;492
4;0
4;1
4;2
4;3
4;4
4;5
4;6
4;7
4;8
4;9
4;10
4;11
4;12
4;13
4;14
4;15
4;16
4;17
4;18
4;19
4;20
4;21
4;22
4;23
4;24
4;25
4;26
4;27
4;28
4;29
4;30
4;31
4;32
4;33
4;34
4;35
4;36
4;37
4;38
4;39
4;40
4;41
4;42
4;43
4;44
4;45
4;46
4;47
4;48
4;49
4;50
4;51
4;52
4;53
4;54
4;55
4;56
4;57
4;58
4;59
4;60
4;61
4;62
4;63
4;64
4;65
4;66
4;67
4;68
4;69
4;70
4;71
4;72
4;73
4;320
4;321
4;322
4;323
4;324
4;325
4;326
4;327
4;328
4;329
4;330
4;331
4;332
4;333
4;334
4;335
4;336
4;337
4;338
4;339
4;340
4;341
4;342
4;343
4;344
4;345
4;346
4;347
4;348
4;349
4;350
4;351
4;352
4;353
4;354
4;355
4;356
4;357
4;358
4;359
4;360
4;361
4;362
4;363
4;364
4;365
4;366
4;367
4;368
4;369
4;370
4;371
4;372
4;373
4;374
4;375
4;376
4;377
4;378
4;379
4;380
4;381
4;382
4;383
4;384
4;385
4;386
4;387
4;388
4;389
4;390
4;391
4;392
4;393
4;394
4;395
4;396
4;397
4;398
4;399
4;400
4;401
4;402
4;403
4;404
4;405
4;406
4;407
4;408
4;409
4;410
4;411
4;412
4;413
4;414
4;415
4;416
4;417
4;418
4;419
4;420
4;421
4;422
4;423
4;424
4;425
4;426
4;427
4;428
4;429
4;430
4;431
4;432
4;433
4;434
4;435
4;436
4;437
4;438
4;439
4;440
4;441
4;442
4;443
4;444
4;445
4;446
4;447
4;448
4;449
4;450
4;451
4;452
4;453
4;454
4;455
4;456
4;457
4;458
4;459
4;460
4;461
4;462
4;463
4;464
4;465
4;466
4;467
4;468
4;469
4;470
4;471
4;472
4;473
4;474
4;475
4;476
4;477
4;478
4;479
4;480
4;481
4;482
4;483
4;484
4;485
4;486
4;487
4;488
4;489
4;490
4;491
5;0
5;1
5;2
5;3
5;4
5;5
5;6
5;7
5;8
5;9
5;10
5;11
5;12
5;13
5;14
5;15
5;16
5;17
5;18
5;19
5;20
5;21
5;22
5;23
5;24
5;25
5;26
5;27
5;28
5;29
5;30
5;31
5;32
5;33
5;34
5;35
5;36
5;37
5;38
5;39
5;40
5;41
5;42
5;43
5;44
5;45
5;46
5;47
5;48
5;49
5;50
5;51
5;52
5;53
5;54
5;55
5;56
5;57
5;58
5;59
5;60
5;61
5;62
5;63
5;64
5;65
5;66
5;67
5;68
5;69
5;70
5;71
5;72
5;73
5;321
5;322
5;323
5;324
5;325
5;326
5;327
5;328
5;329
5;330
5;331
5;332
5;333
5;334
5;335
5;336
5;337
5;338
5;339
5;340
5;341
5;342
5;343
5;344
5;345
5;346
5;347
5;348
5;349
5;350
5;351
5;352
5;353
5;354
5;355
5;356
5;357
5;358
5;359
5;360
5;361
5;362
5;363
5;364
5;365
5;366
5;367
5;368
5;369
5;370
5;371
5;372
5;373
5;374
5;375
5;376
5;377
5;378
5;379
5;380
5;381
5;382
5;383
5;384
5;385
5;386
5;387
5;388
5;389
5;390
5;391
5;392
5;393
5;394
5;395
5;396
5;397
5;398
5;399
5;400
5;401
5;402
5;403
5;404
5;405
5;406
5;407
5;408
5;409
5;410
5;411
5;412
5;413
5;414
5;415
5;416
5;417
5;418
5;419
5;420
5;421
5;422
5;423
5;424
5;425
5;426
5;427
5;428
5;429
5;430
5;431
5;432
5;433
5;434
5;435
5;436
5;437
5;438
5;439
5;440
5;441
5;442
5;443
5;444
5;445
5;446
5;447
5;448
5;449
5;450
5;451
5;452
5;453
5;454
5;455
5;456
5;457
5;458
5;459
5;460
5;461
5;462
5;463
5;464
5;465
5;466
5;467
5;468
5;469
5;470
5;471
5;472
5;473
5;474
5;475
5;476
5;477
5;478
5;479
5;480
5;481
5;482
5;483
5;484
5;485
5;486
5;487
5;488
5;489
5;490
6;0
6;1
6;2
6;3
6;4
6;5
6;6
6;7
6;8
6;9
6;10
6;11
6;12
6;13
6;14
6;15
6;16
6;17
6;18
6;19
6;20
6;21
6;22
6;23
6;24
6;25
6;26
6;27
6;28
6;29
6;30
6;31
6;32
6;33
6;34
6;35
6;36
6;37
6;38
6;39
6;40
6;41
6;42
6;43
6;44
6;45
6;46
6;47
6;48
6;49
6;50
6;51
6;52
6;53
6;54
6;55
6;56
6;57
6;58
6;59
6;60
6;61
6;62
6;63
6;64
6;65
6;66
6;67
6;68
6;69
6;70
6;71
6;72
6;73
6;322
6;323
6;324
6;325
6;326
6;327
6;328
6;329
6;330
6;331
6;332
6;333
6;334
6;335
6;336
6;337
6;338
6;339
6;340
6;341
6;342
6;343
6;344
6;345
6;346
6;347
6;348
6;349
6;350
6;351
6;352
6;353
6;354
6;355
6;356
6;357
6;358
6;359
6;360
6;361
6;362
6;363
6;364
6;365
6;366
6;367
6;368
6;369
6;370
6;371
6;372
6;373
6;374
6;375
6;376
6;377
6;378
6;379
6;380
6;381
6;382
6;383
6;384
6;385
6;386
6;387
6;388
6;389
6;390
6;391
6;392
6;393
6;394
6;395
6;396
6;397
6;398
6;399
6;400
6;401
6;402
6;403
6;404
6;405
6;406
6;407
6;408
6;409
6;410
6;411
6;412
6;413
6;414
6;415
6;416
6;417
6;418
6;419
6;420
6;421
6;422
6;423
6;424
6;425
6;426
6;427
6;428
6;429
6;430
6;431
6;432
6;433
6;434
6;435
6;436
6;437
6;438
6;439
6;440
6;441
6;442
6;443
6;444
6;445
6;446
6;447
6;448
6;449
6;450
6;451
6;452
6;453
6;454
6;455
6;456
6;457
6;458
6;459
6;460
6;461
6;462
6;463
6;464
6;465
6;466
6;467
6;468
6;469
6;470
6;471
6;472
6;473
6;474
6;475
6;476
6;477
6;478
6;479
6;480
6;481
6;482
6;483
6;484
6;485
6;486
6;487
6;488
6;489
7;0
7;1
7;2
7;3
7;4
7;5
7;6
7;7
7;8
7;9
7;10
7;11
7;12
7;13
7;14
7;15
7;16
7;17
7;18
7;19
7;20
7;21
7;22
7;23
7;24
7;25
7;26
7;27
7;28
7;29
7;30
7;31
7;32
7;33
7;34
7;35
7;36
7;37
7;38
7;39
7;40
7;41
7;42
7;43
7;44
7;45
7;46
7;47
7;48
7;49
7;50
7;51
7;52
7;53
7;54
7;55
7;56
7;57
7;58
7;59
7;60
7;61
7;62
7;63
7;64
7;65
7;66
7;67
7;68
7;69
7;70
7;71
7;72
7;73
7;323
7;324
7;325
7;326
7;327
7;328
7;329
7;330
7;331
7;332
7;333
7;334
7;335
7;336
7;337
7;338
7;339
7;340
7;341
7;342
7;343
7;344
7;345
7;346
7;347
7;348
7;349
7;350
7;351
7;352
7;353
7;354
7;355
7;356
7;357
7;358
7;359
7;360
7;361
7;362
7;363
7;364
7;365
7;366
7;367
7;368
7;369
7;370
7;371
7;372
7;373
7;374
7;375
7;376
7;377
7;378
7;379
7;380
7;381
7;382
7;383
7;384
7;385
7;386
7;387
7;388
7;389
7;390
7;391
7;392
7;393
7;394
7;395
7;396
7;397
7;398
7;399
7;400
7;401
7;402
7;403
7;404
7;405
7;406
7;407
7;408
7;409
7;410
7;411
7;412
7;413
7;414
7;415
7;416
7;417
7;418
7;419
7;420
7;421
7;422
7;423
7;424
7;425
7;426
7;427
7;428
7;429
7;430
7;431
7;432
7;433
7;434
7;435
7;436
7;437
7;438
7;439
7;440
7;441
7;442
7;443
7;444
7;445
7;446
7;447
7;448
7;449
7;450
7;451
7;452
7;453
7;454
7;455
7;456
7;457
7;458
7;459
7;460
7;461
7;462
7;463
7;464
7;465
7;466
7;467
7;468
7;469
7;470
7;471
7;472
7;473
7;474
7;475
7;476
7;477
7;478
7;479
7;480
7;481
7;482
7;483
7;484
7;485
7;486
7;487
7;488
8;0
8;1
8;2
8;3
8;4
8;5
8;6
8;7
8;8
8;9
8;10
8;11
8;12
8;13
8;14
8;15
8;16
8;17
8;18
8;19
8;20
8;21
8;22
8;23
8;24
8;25
8;26
8;27
8;28
8;29
8;30
8;31
8;32
8;33
8;34
8;35
8;36
8;37
8;38
8;39
8;40
8;41
8;42
8;43
8;44
8;45
8;46
8;47
8;48
8;49
8;50
8;51
8;52
8;53
8;54
8;55
8;56
8;57
8;58
8;59
8;60
8;61
8;62
8;63
8;64
8;65
8;66
8;67
8;68
8;69
8;70
8;71
8;72
8;73
8;324
8;325
8;326
8;327
8;328
8;329
8;330
8;331
8;332
8;333
8;334
8;335
8;336
8;337
8;338
8;339
8;340
8;341
8;342
8;343
8;344
8;345
8;346
8;347
8;348
8;349
8;350
8;351
8;352
8;353
8;354
8;355
8;356
8;357
8;358
8;359
8;360
8;361
8;362
8;363
8;364
8;365
8;366
8;367
8;368
8;369
8;370
8;371
8;372
8;373
8;374
8;375
8;376
8;377
8;378
8;379
8;380
8;381
8;382
8;383
8;384
8;385
8;386
8;387
8;388
8;389
8;390
8;391
8;392
8;393
8;394
8;395
8;396
8;397
8;398
8;399
8;400
8;401
8;402
8;403
8;404
8;405
8;406
8;407
8;408
8;409
8;410
8;411
8;412
8;413
8;414
8;415
8;416
8;417
8;418
8;419
8;420
8;421
8;422
8;423
8;424
8;425
8;426
8;427
8;428
8;429
8;430
8;431
8;432
8;433
8;434
8;435
8;436
8;437
8;438
8;439
8;440
8;441
8;442
8;443
8;444
8;445
8;446
8;447
8;448
8;449
8;450
8;451
8;452
8;453
8;454
8;455
8;456
8;457
8;458
8;459
8;460
8;461
8;462
8;463
8;464
8;465
8;466
8;467
8;468
8;469
8;470
8;471
8;472
8;473
8;474
8;475
8;476
8;477
8;478
8;479
8;480
8;481
8;482
8;483
8;484
8;485
8;486
8;487
9;0
9;1
9;2
9;3
9;4
9;5
9;6
9;7
9;8
9;9
9;10
9;11
9;12
9;13
9;14
9;15
9;16
9;17
9;18
9;19
9;20
9;21
9;22
9;23
9;24
9;25
9;26
9;27
9;28
9;29
9;30
9;31
9;32
9;33
9;34
9;35
9;36
9;37
9;38
9;39
9;40
9;41
9;42
9;43
9;44
9;45
9;46
9;47
9;48
9;49
9;50
9;51
9;52
9;53
9;54
9;55
9;56
9;57
9;58
9;59
9;60
9;61
9;62
9;63
9;64
9;65
9;66
9;67
9;68
9;69
9;70
9;71
9;72
9;73
9;325
9;326
9;327
9;328
9;329
9;330
9;331
9;332
9;333
9;334
9;335
9;336
9;337
9;338
9;339
9;340
9;341
9;342
9;343
9;344
9;345
9;346
9;347
9;348
9;349
9;350
9;351
9;352
9;353
9;354
9;355
9;356
9;357
9;358
9;359
9;360
9;361
9;362
9;363
9;364
9;365
9;366
9;367
9;368
9;369
9;370
9;371
9;372
9;373
9;374
9;375
9;376
9;377
9;378
9;379
9;380
9;381
9;382
9;383
9;384
9;385
9;386
9;387
9;388
9;389
9;390
9;391
9;392
9;393
9;394
9;395
9;396
9;397
9;398
9;399
9;400
9;401
9;402
9;403
9;404
9;405
9;406
9;407
9;408
9;409
9;410
9;411
9;412
9;413
9;414
9;415
9;416
9;417
9;418
9;419
9;420
9;421
9;422
9;423
9;424
9;425
9;426
9;427
9;428
9;429
9;430
9;431
9;432
9;433
9;434
9;435
9;436
9;437
9;438
9;439
9;440
9;441
9;442
9;443
9;444
9;445
9;446
9;447
9;448
9;449
9;450
9;451
9;452
9;453
9;454
9;455
9;456
9;457
9;458
9;459
9;460
9;461
9;462
9;463
9;464
9;465
9;466
9;467
9;468
9;469
9;470
9;471
9;472
9;473
9;474
9;475
9;476
9;477
9;478
9;479
9;480
9;481
9;482
9;483
9;484
9;485
10;0
10;1
10;2
10;3
10;4
10;5
10;6
10;7
10;8
10;9
10;10
10;11
10;12
10;13
10;14
10;15
10;16
10;17
10;18
10;19
10;20
10;21
10;22
10;23
10;24
10;25
10;26
10;27
10;28
10;29
10;30
10;31
10;32
10;33
10;34
10;35
10;36
10;37
10;38
10;39
10;40
10;41
10;42
10;43
10;44
10;45
10;46
10;47
10;48
10;49
10;50
10;51
10;52
10;53
10;54
10;55
10;56
10;57
10;58
10;59
10;60
10;61
10;62
10;63
10;64
10;65
10;66
10;67
10;68
10;69
10;70
10;71
10;72
10;73
10;326
10;327
10;328
10;329
10;330
10;331
10;332
10;333
10;334
10;335
10;336
10;337
10;338
10;339
10;340
10;341
10;342
10;343
10;344
10;345
10;346
10;347
10;348
10;349
10;350
10;351
10;352
10;353
10;354
10;355
10;356
10;357
10;358
10;359
10;360
10;361
10;362
10;363
10;364
10;365
10;366
10;367
10;368
10;369
10;370
10;371
10;372
10;373
10;374
10;375
10;376
10;377
10;378
10;379
10;380
10;381
10;382
10;383
10;384
10;385
10;386
10;387
10;388
10;389
10;390
10;391
10;392
10;393
10;394
10;395
10;396
10;397
10;398
10;399
10;400
10;401
10;402
10;403
10;404
10;405
10;406
10;407
10;408
10;409
10;410
10;411
10;412
10;413
10;414
10;415
10;416
10;417
10;418
10;419
10;420
10;421
10;422
10;423
10;424
10;425
10;426
10;427
10;428
10;429
10;430
10;431
10;432
10;433
10;434
10;435
10;436
10;437
10;438
10;439
10;440
10;441
10;442
10;443
10;444
10;445
10;446
10;447
10;448
10;449
10;450
10;451
10;452
10;453
10;454
10;455
10;456
10;457
10;458
10;459
10;460
10;461
10;462
10;463
10;464
10;465
10;466
10;467
10;468
10;469
10;470
10;471
10;472
10;473
10;474
10;475
10;476
10;477
10;478
10;479
10;480
10;481
10;482
10;483
10;484
11;0
11;1
11;2
11;3
11;4
11;5
11;6
11;7
11;8
11;9
11;10
11;11
11;12
11;13
11;14
11;15
11;16
11;17
11;18
11;19
11;20
11;21
11;22
11;23
11;24
11;25
11;26
11;27
11;28
11;29
11;30
11;31
11;32
11;33
11;34
11;35
11;36
11;37
11;38
11;39
11;40
11;41
11;42
11;43
11;44
11;45
11;46
11;47
11;48
11;49
11;50
11;51
11;52
11;53
11;54
11;55
11;56
11;57
11;58
11;59
11;60
11;61
11;62
11;63
11;64
11;65
11;66
11;67
11;68
11;69
11;70
11;71
11;72
11;73
11;218
11;219
11;220
11;221
11;327
11;328
11;329
11;330
11;331
11;332
11;333
11;334
11;335
11;336
11;337
11;338
11;339
11;340
11;341
11;342
11;343
11;344
11;345
11;346
11;347
11;348
11;349
11;350
11;351
11;352
11;353
11;354
11;355
11;356
11;357
11;358
11;359
11;360
11;361
11;362
11;363
11;364
11;365
11;366
11;367
11;368
11;369
11;370
11;371
11;372
11;373
11;374
11;375
11;376
11;377
11;378
11;379
11;380
11;381
11;382
11;383
11;384
11;385
11;386
11;387
11;388
11;389
11;390
11;391
11;392
11;393
11;394
11;395
11;396
11;397
11;398
11;399
11;400
11;401
11;402
11;403
11;404
11;405
11;406
11;407
11;408
11;409
11;410
11;411
11;412
11;413
11;414
11;415
11;416
11;417
11;418
11;419
11;420
11;421
11;422
11;423
11;424
11;425
11;426
11;427
11;428
11;429
11;430
11;431
11;432
11;433
11;434
11;435
11;436
11;437
11;438
11;439
11;440
11;441
11;442
11;443
11;444
11;445
11;446
11;447
11;448
11;449
11;450
11;451
11;452
11;453
11;454
11;455
11;456
11;457
11;458
11;459
11;460
11;461
11;462
11;463
11;464
11;465
11;466
11;467
11;468
11;469
11;470
11;471
11;472
11;473
11;474
11;475
11;476
11;477
11;478
11;479
11;480
11;481
11;482
11;483
12;0
12;1
12;2
12;3
12;4
12;5
12;6
12;7
12;8
12;9
12;10
12;11
12;12
12;13
12;14
12;15
12;16
12;17
12;18
12;19
12;20
12;21
12;22
12;23
12;24
12;25
12;26
12;27
12;28
12;29
12;30
12;31
12;32
12;33
12;34
12;35
12;36
12;37
12;38
12;39
12;40
12;41
12;42
12;43
12;44
12;45
12;46
12;47
12;48
12;49
12;50
12;51
12;52
12;53
12;54
12;55
12;56
12;57
12;58
12;59
12;60
12;61
12;62
12;63
12;64
12;65
12;66
12;67
12;68
12;69
12;70
12;71
12;72
12;73
12;214
12;215
12;216
12;217
12;218
12;219
12;220
12;221
12;222
12;223
12;224
12;225
12;328
12;329
12;330
12;331
12;332
12;333
12;334
12;335
12;336
12;337
12;338
12;339
12;340
12;341
12;342
12;343
12;344
12;345
12;346
12;347
12;348
12;349
12;350
12;351
12;352
12;353
12;354
12;355
12;356
12;357
12;358
12;359
12;360
12;361
12;362
12;363
12;364
12;365
12;366
12;367
12;368
12;369
12;370
12;371
12;372
12;373
12;374
12;375
12;376
12;377
12;378
12;379
12;380
12;381
12;382
12;383
12;384
12;385
12;386
12;387
12;388
12;389
12;390
12;391
12;392
12;393
12;394
12;395
12;396
12;397
12;398
12;399
12;400
12;401
12;402
12;403
12;404
12;405
12;406
12;407
12;408
12;409
12;410
12;411
12;412
12;413
12;414
12;415
12;416
12;417
12;418
12;419
12;420
12;421
12;422
12;423
12;424
12;425
12;426
12;427
12;428
12;429
12;430
12;431
12;432
12;433
12;434
12;435
12;436
12;437
12;438
12;439
12;440
12;441
12;442
12;443
12;444
12;445
12;446
12;447
12;448
12;449
12;450
12;451
12;452
12;453
12;454
12;455
12;456
12;457
12;458
12;459
12;460
12;461
12;462
12;463
12;464
12;465
12;466
12;467
12;468
12;469
12;470
12;471
12;472
12;473
12;474
12;475
12;476
12;477
12;478
12;479
12;480
12;481
12;482
13;0
13;1
13;2
13;3
13;4
13;5
13;6
13;7
13;8
13;9
13;10
13;11
13;12
13;13
13;14
13;15
13;16
13;17
13;18
13;19
13;20
13;21
13;22
13;23
13;24
13;25
13;26
13;27
13;28
13;29
13;30
13;31
13;32
13;33
13;34
13;35
13;36
13;37
13;38
13;39
13;40
13;41
13;42
13;43
13;44
13;45
13;46
13;47
13;48
13;49
13;50
13;51
13;52
13;53
13;54
13;55
13;56
13;57
13;58
13;59
13;60
13;61
13;62
13;63
13;64
13;65
13;66
13;67
13;68
13;69
13;70
13;71
13;72
13;73
13;211
13;212
13;213
13;214
13;215
13;216
13;217
13;218
13;219
13;220
13;221
13;222
13;223
13;224
13;225
13;226
13;227
13;228
13;329
13;330
13;331
13;332
13;333
13;334
13;335
13;336
13;337
13;338
13;339
13;340
13;341
13;342
13;343
13;344
13;345
13;346
13;347
13;348
13;349
13;350
13;351
13;352
13;353
13;354
13;355
13;356
13;357
13;358
13;359
13;360
13;361
13;362
13;363
13;364
13;365
13;366
13;367
13;368
13;369
13;370
13;371
13;372
13;373
13;374
13;375
13;376
13;377
13;378
13;379
13;380
13;381
13;382
13;383
13;384
13;385
13;386
13;387
13;388
13;389
13;390
13;391
13;392
13;393
13;394
13;395
13;396
13;397
13;398
13;399
13;400
13;401
13;402
13;403
13;404
13;405
13;406
13;407
13;408
13;409
13;410
13;411
13;412
13;413
13;414
13;415
13;416
13;417
13;418
13;419
13;420
13;421
13;422
13;423
13;424
13;425
13;426
13;427
13;428
13;429
13;430
13;431
13;432
13;433
13;434
13;435
13;436
13;437
13;438
13;439
13;440
13;441
13;442
13;443
13;444
13;445
13;446
13;447
13;448
13;449
13;450
13;451
13;452
13;453
13;454
13;455
13;456
13;457
13;458
13;459
13;460
13;461
13;462
13;463
13;464
13;465
13;466
13;467
13;468
13;469
13;470
13;471
13;472
13;473
13;474
13;475
13;476
13;477
13;478
13;479
13;480
13;481
14;0
14;1
14;2
14;3
14;4
14;5
14;6
14;7
14;8
14;9
14;10
14;11
14;12
14;13
14;14
14;15
14;16
14;17
14;18
14;19
14;20
14;21
14;22
14;23
14;24
14;25
14;26
14;27
14;28
14;29
14;30
14;31
14;32
14;33
14;34
14;35
14;36
14;37
14;38
14;39
14;40
14;41
14;42
14;43
14;44
14;45
14;46
14;47
14;48
14;49
14;50
14;51
14;52
14;53
14;54
14;55
14;56
14;57
14;58
14;59
14;60
14;61
14;62
14;63
14;64
14;65
14;66
14;67
14;68
14;69
14;70
14;71
14;72
14;209
14;210
14;211
14;212
14;213
14;214
14;215
14;216
14;217
14;218
14;219
14;220
14;221
14;222
14;223
14;224
14;225
14;226
14;227
14;228
14;229
14;230
14;330
14;331
14;332
14;333
14;334
14;335
14;336
14;337
14;338
14;339
14;340
14;341
14;342
14;343
14;344
14;345
14;346
14;347
14;348
14;349
14;350
14;351
14;352
14;353
14;354
14;355
14;356
14;357
14;358
14;359
14;360
14;361
14;362
14;363
14;364
14;365
14;366
14;367
14;368
14;369
14;370
14;371
14;372
14;373
14;374
14;375
14;376
14;377
14;378
14;379
14;380
14;381
14;382
14;383
14;384
14;385
14;386
14;387
14;388
14;389
14;390
14;391
14;392
14;393
14;394
14;395
14;396
14;397
14;398
14;399
14;400
14;401
14;402
14;403
14;404
14;405
14;406
14;407
14;408
14;409
14;410
14;411
14;412
14;413
14;414
14;415
14;416
14;417
14;418
14;419
14;420
14;421
14;422
14;423
14;424
14;425
14;426
14;427
14;428
14;429
14;430
14;431
14;432
14;433
14;434
14;435
14;436
14;437
14;438
14;439
14;440
14;441
14;442
14;443
14;444
14;445
14;446
14;447
14;448
14;449
14;450
14;451
14;452
14;453
14;454
14;455
14;456
14;457
14;458
14;459
14;460
14;461
14;462
14;463
14;464
14;465
14;466
14;467
14;468
14;469
14;470
14;471
14;472
14;473
14;474
14;475
14;476
14;477
14;478
14;479
14;480
15;0
15;1
15;2
15;3
15;4
15;5
15;6
15;7
15;8
15;9
15;10
15;11
15;12
15;13
15;14
15;15
15;16
15;17
15;18
15;19
15;20
15;21
15;22
15;23
15;24
15;25
15;26
15;27
15;28
15;29
15;30
15;31
15;32
15;33
15;34
15;35
15;36
15;37
15;38
15;39
15;40
15;41
15;42
15;43
15;44
15;45
15;46
15;47
15;48
15;49
15;50
15;51
15;52
15;53
15;54
15;55
15;56
15;57
15;58
15;59
15;60
15;61
15;62
15;63
15;64
15;65
15;66
15;67
15;68
15;69
15;70
15;71
15;72
15;208
15;209
15;210
15;211
15;212
15;213
15;214
15;215
15;216
15;217
15;218
15;219
15;220
15;221
15;222
15;223
15;224
15;225
15;226
15;227
15;228
15;229
15;230
15;231
15;331
15;332
15;333
15;334
15;335
15;336
15;337
15;338
15;339
15;340
15;341
15;342
15;343
15;344
15;345
15;346
15;347
15;348
15;349
15;350
15;351
15;352
15;353
15;354
15;355
15;356
15;357
15;358
15;359
15;360
15;361
15;362
15;363
15;364
15;365
15;366
15;367
15;368
15;369
15;370
15;371
15;372
15;373
15;374
15;375
15;376
15;377
15;378
15;379
15;380
15;381
15;382
15;383
15;384
15;385
15;386
15;387
15;388
15;389
15;390
15;391
15;392
15;393
15;394
15;395
15;396
15;397
15;398
15;399
15;400
15;401
15;402
15;403
15;404
15;405
15;406
15;407
15;408
15;409
15;410
15;411
15;412
15;413
15;414
15;415
15;416
15;417
15;418
15;419
15;420
15;421
15;422
15;423
15;424
15;425
15;426
15;427
15;428
15;429
15;430
15;431
15;432
15;433
15;434
15;435
15;436
15;437
15;438
15;439
15;440
15;441
15;442
15;443
15;444
15;445
15;446
15;447
15;448
15;449
15;450
15;451
15;452
15;453
15;454
15;455
15;456
15;457
15;458
15;459
15;460
15;461
15;462
15;463
15;464
15;465
15;466
15;467
15;468
15;469
15;470
15;471
15;472
15;473
15;474
15;475
15;476
15;477
15;478
16;0
16;1
16;2
16;3
16;4
16;5
16;6
16;7
16;8
16;9
16;10
16;11
16;12
16;13
16;14
16;15
16;16
16;17
16;18
16;19
16;20
16;21
16;22
16;23
16;24
16;25
16;26
16;27
16;28
16;29
16;30
16;31
16;32
16;33
16;34
16;35
16;36
16;37
16;38
16;39
16;40
16;41
16;42
16;43
16;44
16;45
16;46
16;47
16;48
16;49
16;50
16;51
16;52
16;53
16;54
16;55
16;56
16;57
16;58
16;59
16;60
16;61
16;62
16;63
16;64
16;65
16;66
16;67
16;68
16;69
16;70
16;71
16;72
16;207
16;208
16;209
16;210
16;211
16;212
16;213
16;214
16;215
16;216
16;217
16;218
16;219
16;220
16;221
16;222
16;223
16;224
16;225
16;226
16;227
16;228
16;229
16;230
16;231
16;232
16;332
16;333
16;334
16;335
16;336
16;337
16;338
16;339
16;340
16;341
16;342
16;343
16;344
16;345
16;346
16;347
16;348
16;349
16;350
16;351
16;352
16;353
16;354
16;355
16;356
16;357
16;358
16;359
16;360
16;361
16;362
16;363
16;364
16;365
16;366
16;367
16;368
16;369
16;370
16;371
16;372
16;373
16;374
16;375
16;376
16;377
16;378
16;379
16;380
16;381
16;382
16;383
16;384
16;385
16;386
16;387
16;388
16;389
16;390
16;391
16;392
16;393
16;394
16;395
16;396
16;397
16;398
16;399
16;400
16;401
16;402
16;403
16;404
16;405
16;406
16;407
16;408
16;409
16;410
16;411
16;412
16;413
16;414
16;415
16;416
16;417
16;418
16;419
16;420
16;421
16;422
16;423
16;424
16;425
16;426
16;427
16;428
16;429
16;430
16;431
16;432
16;433
16;434
16;435
16;436
16;437
16;438
16;439
16;440
16;441
16;442
16;443
16;444
16;445
16;446
16;447
16;448
16;449
16;450
16;451
16;452
16;453
16;454
16;455
16;456
16;457
16;458
16;459
16;460
16;461
16;462
16;463
16;464
16;465
16;466
16;467
16;468
16;469
16;470
16;471
16;472
16;473
16;474
16;475
16;476
16;477
17;0
17;1
17;2
17;3
17;4
17;5
17;6
17;7
17;8
17;9
17;10
17;11
17;12
17;13
17;14
17;15
17;16
17;17
17;18
17;19
17;20
17;21
17;22
17;23
17;24
17;25
17;26
17;27
17;28
17;29
17;30
17;31
17;32
17;33
17;34
17;35
17;36
17;37
17;38
17;39
17;40
17;41
17;42
17;43
17;44
17;45
17;46
17;47
17;48
17;49
17;50
17;51
17;52
17;53
17;54
17;55
17;56
17;57
17;58
17;59
17;60
17;61
17;62
17;63
17;64
17;65
17;66
17;67
17;68
17;69
17;70
17;71
17;72
17;206
17;207
17;208
17;209
17;210
17;211
17;212
17;213
17;214
17;215
17;216
17;217
17;218
17;219
17;220
17;221
17;222
17;223
17;224
17;225
17;226
17;227
17;228
17;229
17;230
17;231
17;232
17;233
17;333
17;334
17;335
17;336
17;337
17;338
17;339
17;340
17;341
17;342
17;343
17;344
17;345
17;346
17;347
17;348
17;349
17;350
17;351
17;352
17;353
17;354
17;355
17;356
17;357
17;358
17;359
17;360
17;361
17;362
17;363
17;364
17;365
17;366
17;367
17;368
17;369
17;370
17;371
17;372
17;373
17;374
17;375
17;376
17;377
17;378
17;379
17;380
17;381
17;382
17;383
17;384
17;385
17;386
17;387
17;388
17;389
17;390
17;391
17;392
17;393
17;394
17;395
17;396
17;397
17;398
17;399
17;400
17;401
17;402
17;403
17;404
17;405
17;406
17;407
17;408
17;409
17;410
17;411
17;412
17;413
17;414
17;415
17;416
17;417
17;418
17;419
17;420
17;421
17;422
17;423
17;424
17;425
17;426
17;427
17;428
17;429
17;430
17;431
17;432
17;433
17;434
17;435
17;436
17;437
17;438
17;439
17;440
17;441
17;442
17;443
17;444
17;445
17;446
17;447
17;448
17;449
17;450
17;451
17;452
17;453
17;454
17;455
17;456
17;457
17;458
17;459
17;460
17;461
17;462
17;463
17;464
17;465
17;466
17;467
17;468
17;469
17;470
17;471
17;472
17;473
17;474
17;475
17;476
17;477
17;478
18;0
18;1
18;2
18;3
18;4
18;5
18;6
18;7
18;8
18;9
18;10
18;11
18;12
18;13
18;14
18;15
18;16
18;17
18;18
18;19
18;20
18;21
18;22
18;23
18;24
18;25
18;26
18;27
18;28
18;29
18;30
18;31
18;32
18;33
18;34
18;35
18;36
18;37
18;38
18;39
18;40
18;41
18;42
18;43
18;44
18;45
18;46
18;47
18;48
18;49
18;50
18;51
18;52
18;53
18;54
18;55
18;56
18;57
18;58
18;59
18;60
18;61
18;62
18;63
18;64
18;65
18;66
18;67
18;68
18;69
18;70
18;71
18;72
18;205
18;206
18;207
18;208
18;209
18;210
18;211
18;212
18;213
18;214
18;215
18;216
18;217
18;218
18;219
18;220
18;221
18;222
18;223
18;224
18;225
18;226
18;227
18;228
18;229
18;230
18;231
18;232
18;233
18;234
18;334
18;335
18;336
18;337
18;338
18;339
18;340
18;341
18;342
18;343
18;344
18;345
18;346
18;347
18;348
18;349
18;350
18;351
18;352
18;353
18;354
18;355
18;356
18;357
18;358
18;359
18;360
18;361
18;362
18;363
18;364
18;365
18;366
18;367
18;368
18;369
18;370
18;371
18;372
18;373
18;374
18;375
18;376
18;377
18;378
18;379
18;380
18;381
18;382
18;383
18;384
18;385
18;386
18;387
18;388
18;389
18;390
18;391
18;392
18;393
18;394
18;395
18;396
18;397
18;398
18;399
18;400
18;401
18;402
18;403
18;404
18;405
18;406
18;407
18;408
18;409
18;410
18;411
18;412
18;413
18;414
18;415
18;416
18;417
18;418
18;419
18;420
18;421
18;422
18;423
18;424
18;425
18;426
18;427
18;428
18;429
18;430
18;431
18;432
18;433
18;434
18;435
18;436
18;437
18;438
18;439
18;440
18;441
18;442
18;443
18;444
18;445
18;446
18;447
18;448
18;449
18;450
18;451
18;452
18;453
18;454
18;455
18;456
18;457
18;458
18;459
18;460
18;461
18;462
18;463
18;464
18;465
18;466
18;467
18;468
18;469
18;470
18;471
18;472
18;473
18;474
18;475
18;476
18;477
18;478
19;0
19;1
19;2
19;3
19;4
19;5
19;6
19;7
19;8
19;9
19;10
19;11
19;12
19;13
19;14
19;15
19;16
19;17
19;18
19;19
19;20
19;21
19;22
19;23
19;24
19;25
19;26
19;27
19;28
19;29
19;30
19;31
19;32
19;33
19;34
19;35
19;36
19;37
19;38
19;39
19;40
19;41
19;42
19;43
19;44
19;45
19;46
19;47
19;48
19;49
19;50
19;51
19;52
19;53
19;54
19;55
19;56
19;57
19;58
19;59
19;60
19;61
19;62
19;63
19;64
19;65
19;66
19;67
19;68
19;69
19;70
19;71
19;72
19;73
19;74
19;204
19;205
19;206
19;207
19;208
19;209
19;210
19;211
19;212
19;213
19;214
19;215
19;216
19;217
19;218
19;219
19;220
19;221
19;222
19;223
19;224
19;225
19;226
19;227
19;228
19;229
19;230
19;231
19;232
19;233
19;234
19;235
19;335
19;336
19;337
19;338
19;339
19;340
19;341
19;342
19;343
19;344
19;345
19;346
19;347
19;348
19;349
19;350
19;351
19;352
19;353
19;354
19;355
19;356
19;357
19;358
19;359
19;360
19;361
19;362
19;363
19;364
19;365
19;366
19;367
19;368
19;369
19;370
19;371
19;372
19;373
19;374
19;375
19;376
19;377
19;378
19;379
19;380
19;381
19;382
19;383
19;384
19;385
19;386
19;387
19;388
19;389
19;390
19;391
19;392
19;393
19;394
19;395
19;396
19;397
19;398
19;399
19;400
19;401
19;402
19;403
19;404
19;405
19;406
19;407
19;408
19;409
19;410
19;411
19;412
19;413
19;414
19;415
19;416
19;417
19;418
19;419
19;420
19;421
19;422
19;423
19;424
19;425
19;426
19;427
19;428
19;429
19;430
19;431
19;432
19;433
19;434
19;435
19;436
19;437
19;438
19;439
19;440
19;441
19;442
19;443
19;444
19;445
19;446
19;447
19;448
19;449
19;450
19;451
19;452
19;453
19;454
19;455
19;456
19;457
19;458
19;459
19;460
19;461
19;462
19;463
19;464
19;465
19;466
19;467
19;468
19;469
19;470
19;471
19;472
19;473
19;474
19;475
19;476
19;477
19;478
19;479
20;0
20;1
20;2
20;3
20;4
20;5
20;6
20;7
20;8
20;9
20;10
20;11
20;12
20;13
20;14
20;15
20;16
20;17
20;18
20;19
20;20
20;21
20;22
20;23
20;24
20;25
20;26
20;27
20;28
20;29
20;30
20;31
20;32
20;33
20;34
20;35
20;36
20;37
20;38
20;39
20;40
20;41
20;42
20;43
20;44
20;45
20;46
20;47
20;48
20;49
20;50
20;51
20;52
20;53
20;54
20;55
20;56
20;57
20;58
20;59
20;60
20;61
20;62
20;63
20;64
20;65
20;66
20;67
20;68
20;69
20;70
20;71
20;72
20;73
20;74
20;75
20;203
20;204
20;205
20;206
20;207
20;208
20;209
20;210
20;211
20;212
20;213
20;214
20;215
20;216
20;217
20;218
20;219
20;220
20;221
20;222
20;223
20;224
20;225
20;226
20;227
20;228
20;229
20;230
20;231
20;232
20;233
20;234
20;235
20;236
20;336
20;337
20;338
20;339
20;340
20;341
20;342
20;343
20;344
20;345
20;346
20;347
20;348
20;349
20;350
20;351
20;352
20;353
20;354
20;355
20;356
20;357
20;358
20;359
20;360
20;361
20;362
20;363
20;364
20;365
20;366
20;367
20;368
20;369
20;370
20;371
20;372
20;373
20;374
20;375
20;376
20;377
20;378
20;379
20;380
20;381
20;382
20;383
20;384
20;385
20;386
20;387
20;388
20;389
20;390
20;391
20;392
20;393
20;394
20;395
20;396
20;397
20;398
20;399
20;400
20;401
20;402
20;403
20;404
20;405
20;406
20;407
20;408
20;409
20;410
20;411
20;412
20;413
20;414
20;415
20;416
20;417
20;418
20;419
20;420
20;421
20;422
20;423
20;424
20;425
20;426
20;427
20;428
20;429
20;430
20;431
20;432
20;433
20;434
20;435
20;436
20;437
20;438
20;439
20;440
20;441
20;442
20;443
20;444
20;445
20;446
20;447
20;448
20;449
20;450
20;451
20;452
20;453
20;454
20;455
20;456
20;457
20;458
20;459
20;460
20;461
20;462
20;463
20;464
20;465
20;466
20;467
20;468
20;469
20;470
20;471
20;472
20;473
20;474
20;475
20;476
20;477
20;478
20;479
20;480
21;0
21;1
21;2
21;3
21;4
21;5
21;6
21;7
21;8
21;9
21;10
21;11
21;12
21;13
21;14
21;15
21;16
21;17
21;18
21;19
21;20
21;21
21;22
21;23
21;24
21;25
21;26
21;27
21;28
21;29
21;30
21;31
21;32
21;33
21;34
21;35
21;36
21;37
21;38
21;39
21;40
21;41
21;42
21;43
21;44
21;45
21;46
21;47
21;48
21;49
21;50
21;51
21;52
21;53
21;54
21;55
21;56
21;57
21;58
21;59
21;60
21;61
21;62
21;63
21;64
21;65
21;66
21;67
21;68
21;69
21;70
21;71
21;72
21;73
21;74
21;75
21;76
21;203
21;204
21;205
21;206
21;207
21;208
21;209
21;210
21;211
21;212
21;213
21;214
21;215
21;216
21;217
21;218
21;219
21;220
21;221
21;222
21;223
21;224
21;225
21;226
21;227
21;228
21;229
21;230
21;231
21;232
21;233
21;234
21;235
21;236
21;337
21;338
21;339
21;340
21;341
21;342
21;343
21;344
21;345
21;346
21;347
21;348
21;349
21;350
21;351
21;352
21;353
21;354
21;355
21;356
21;357
21;358
21;359
21;360
21;361
21;362
21;363
21;364
21;365
21;366
21;367
21;368
21;369
21;370
21;371
21;372
21;373
21;374
21;375
21;376
21;377
21;378
21;379
21;380
21;381
21;382
21;383
21;384
21;385
21;386
21;387
21;388
21;389
21;390
21;391
21;392
21;393
21;394
21;395
21;396
21;397
21;398
21;399
21;400
21;401
21;402
21;403
21;404
21;405
21;406
21;407
21;408
21;409
21;410
21;411
21;412
21;413
21;414
21;415
21;416
21;417
21;418
21;419
21;420
21;421
21;422
21;423
21;424
21;425
21;426
21;427
21;428
21;429
21;430
21;431
21;432
21;433
21;434
21;435
21;436
21;437
21;438
21;439
21;440
21;441
21;442
21;443
21;444
21;445
21;446
21;447
21;448
21;449
21;450
21;451
21;452
21;453
21;454
21;455
21;456
21;457
21;458
21;459
21;460
21;461
21;462
21;463
21;464
21;465
21;466
21;467
21;468
21;469
21;470
21;471
21;472
21;473
21;474
21;475
21;476
21;477
21;478
21;479
21;480
22;0
22;1
22;2
22;3
22;4
22;5
22;6
22;7
22;8
22;9
22;10
22;11
22;12
22;13
22;14
22;15
22;16
22;17
22;18
22;19
22;20
22;21
22;22
22;23
22;24
22;25
22;26
22;27
22;28
22;29
22;30
22;31
22;32
22;33
22;34
22;35
22;36
22;37
22;38
22;39
22;40
22;41
22;42
22;43
22;44
22;45
22;46
22;47
22;48
22;49
22;50
22;51
22;52
22;53
22;54
22;55
22;56
22;57
22;58
22;59
22;60
22;61
22;62
22;63
22;64
22;65
22;66
22;67
22;68
22;69
22;70
22;71
22;72
22;73
22;74
22;75
22;76
22;77
22;78
22;202
22;203
22;204
22;205
22;206
22;207
22;208
22;209
22;210
22;211
22;212
22;213
22;214
22;215
22;216
22;217
22;218
22;219
22;220
22;221
22;222
22;223
22;224
22;225
22;226
22;227
22;228
22;229
22;230
22;231
22;232
22;233
22;234
22;235
22;236
22;237
22;338
22;339
22;340
22;341
22;342
22;343
22;344
22;345
22;346
22;347
22;348
22;349
22;350
22;351
22;352
22;353
22;354
22;355
22;356
22;357
22;358
22;359
22;360
22;361
22;362
22;363
22;364
22;365
22;366
22;367
22;368
22;369
22;370
22;371
22;372
22;373
22;374
22;375
22;376
22;377
22;378
22;379
22;380
22;381
22;382
22;383
22;384
22;385
22;386
22;387
22;388
22;389
22;390
22;391
22;392
22;393
22;394
22;395
22;396
22;397
22;398
22;399
22;400
22;401
22;402
22;403
22;404
22;405
22;406
22;407
22;408
22;409
22;410
22;411
22;412
22;413
22;414
22;415
22;416
22;417
22;418
22;419
22;420
22;421
22;422
22;423
22;424
22;425
22;426
22;427
22;428
22;429
22;430
22;431
22;432
22;433
22;434
22;435
22;436
22;437
22;438
22;439
22;440
22;441
22;442
22;443
22;444
22;445
22;446
22;447
22;448
22;449
22;450
22;451
22;452
22;453
22;454
22;455
22;456
22;457
22;458
22;459
22;460
22;461
22;462
22;463
22;464
22;465
22;466
22;467
22;468
22;469
22;470
22;471
22;472
22;473
22;474
22;475
22;476
22;477
22;478
22;479
22;480
22;481
23;0
23;1
23;2
23;3
23;4
23;5
23;6
23;7
23;8
23;9
23;10
23;11
23;12
23;13
23;14
23;15
23;16
23;17
23;18
23;19
23;20
23;21
23;22
23;23
23;24
23;25
23;26
23;27
23;28
23;29
23;30
23;31
23;32
23;33
23;34
23;35
23;36
23;37
23;38
23;39
23;40
23;41
23;42
23;43
23;44
23;45
23;46
23;47
23;48
23;49
23;50
23;51
23;52
23;53
23;54
23;55
23;56
23;57
23;58
23;59
23;60
23;61
23;62
23;63
23;64
23;65
23;66
23;67
23;68
23;69
23;70
23;71
23;72
23;73
23;74
23;75
23;76
23;77
23;78
23;79
23;202
23;203
23;204
23;205
23;206
23;207
23;208
23;209
23;210
23;211
23;212
23;213
23;214
23;215
23;216
23;217
23;218
23;219
23;220
23;221
23;222
23;223
23;224
23;225
23;226
23;227
23;228
23;229
23;230
23;231
23;232
23;233
23;234
23;235
23;236
23;237
23;339
23;340
23;341
23;342
23;343
23;344
23;345
23;346
23;347
23;348
23;349
23;350
23;351
23;352
23;353
23;354
23;355
23;356
23;357
23;358
23;359
23;360
23;361
23;362
23;363
23;364
23;365
23;366
23;367
23;368
23;369
23;370
23;371
23;372
23;373
23;374
23;375
23;376
23;377
23;378
23;379
23;380
23;381
23;382
23;383
23;384
23;385
23;386
23;387
23;388
23;389
23;390
23;391
23;392
23;393
23;394
23;395
23;396
23;397
23;398
23;399
23;400
23;401
23;402
23;403
23;404
23;405
23;406
23;407
23;408
23;409
23;410
23;411
23;412
23;413
23;414
23;415
23;416
23;417
23;418
23;419
23;420
23;421
23;422
23;423
23;424
23;425
23;426
23;427
23;428
23;429
23;430
23;431
23;432
23;433
23;434
23;435
23;436
23;437
23;438
23;439
23;440
23;441
23;442
23;443
23;444
23;445
23;446
23;447
23;448
23;449
23;450
23;451
23;452
23;453
23;454
23;455
23;456
23;457
23;458
23;459
23;460
23;461
23;462
23;463
23;464
23;465
23;466
23;467
23;468
23;469
23;470
23;471
23;472
23;473
23;474
23;475
23;476
23;477
23;478
23;479
23;480
23;481
23;482
24;0
24;1
24;2
24;3
24;4
24;5
24;6
24;7
24;8
24;9
24;10
24;11
24;12
24;13
24;14
24;15
24;16
24;17
24;18
24;19
24;20
24;21
24;22
24;23
24;24
24;25
24;26
24;27
24;28
24;29
24;30
24;31
24;32
24;33
24;34
24;35
24;36
24;37
24;38
24;39
24;40
24;41
24;42
24;43
24;44
24;45
24;46
24;47
24;48
24;49
24;50
24;51
24;52
24;53
24;54
24;55
24;56
24;57
24;58
24;59
24;60
24;61
24;62
24;63
24;64
24;65
24;66
24;67
24;68
24;69
24;70
24;71
24;72
24;73
24;74
24;75
24;76
24;77
24;78
24;79
24;80
24;201
24;202
24;203
24;204
24;205
24;206
24;207
24;208
24;209
24;210
24;211
24;212
24;213
24;214
24;215
24;216
24;217
24;218
24;219
24;220
24;221
24;222
24;223
24;224
24;225
24;226
24;227
24;228
24;229
24;230
24;231
24;232
24;233
24;234
24;235
24;236
24;237
24;238
24;340
24;341
24;342
24;343
24;344
24;345
24;346
24;347
24;348
24;349
24;350
24;351
24;352
24;353
24;354
24;355
24;356
24;357
24;358
24;359
24;360
24;361
24;362
24;363
24;364
24;365
24;366
24;367
24;368
24;369
24;370
24;371
24;372
24;373
24;374
24;375
24;376
24;377
24;378
24;379
24;380
24;381
24;382
24;383
24;384
24;385
24;386
24;387
24;388
24;389
24;390
24;391
24;392
24;393
24;394
24;395
24;396
24;397
24;398
24;399
24;400
24;401
24;402
24;403
24;404
24;405
24;406
24;407
24;408
24;409
24;410
24;411
24;412
24;413
24;414
24;415
24;416
24;417
24;418
24;419
24;420
24;421
24;422
24;423
24;424
24;425
24;426
24;427
24;428
24;429
24;430
24;431
24;432
24;433
24;434
24;435
24;436
24;437
24;438
24;439
24;440
24;441
24;442
24;443
24;444
24;445
24;446
24;447
24;448
24;449
24;450
24;451
24;452
24;453
24;454
24;455
24;456
24;457
24;458
24;459
24;460
24;461
24;462
24;463
24;464
24;465
24;466
24;467
24;468
24;469
24;470
24;471
24;472
24;473
24;474
24;475
24;476
24;477
24;478
24;479
24;480
24;481
24;482
25;0
25;1
25;2
25;3
25;4
25;5
25;6
25;7
25;8
25;9
25;10
25;11
25;12
25;13
25;14
25;15
25;16
25;17
25;18
25;19
25;20
25;21
25;22
25;23
25;24
25;25
25;26
25;27
25;28
25;29
25;30
25;31
25;32
25;33
25;34
25;35
25;36
25;37
25;38
25;39
25;40
25;41
25;42
25;43
25;44
25;45
25;46
25;47
25;48
25;49
25;50
25;51
25;52
25;53
25;54
25;55
25;56
25;57
25;58
25;59
25;60
25;61
25;62
25;63
25;64
25;65
25;66
25;67
25;68
25;69
25;70
25;71
25;72
25;73
25;74
25;75
25;76
25;77
25;78
25;79
25;80
25;81
25;82
25;201
25;202
25;203
25;204
25;205
25;206
25;207
25;208
25;209
25;210
25;211
25;212
25;213
25;214
25;215
25;216
25;217
25;218
25;219
25;220
25;221
25;222
25;223
25;224
25;225
25;226
25;227
25;228
25;229
25;230
25;231
25;232
25;233
25;234
25;235
25;236
25;237
25;238
25;341
25;342
25;343
25;344
25;345
25;346
25;347
25;348
25;349
25;350
25;351
25;352
25;353
25;354
25;355
25;356
25;357
25;358
25;359
25;360
25;361
25;362
25;363
25;364
25;365
25;366
25;367
25;368
25;369
25;370
25;371
25;372
25;373
25;374
25;375
25;376
25;377
25;378
25;379
25;380
25;381
25;382
25;383
25;384
25;385
25;386
25;387
25;388
25;389
25;390
25;391
25;392
25;393
25;394
25;395
25;396
25;397
25;398
25;399
25;400
25;401
25;402
25;403
25;404
25;405
25;406
25;407
25;408
25;409
25;410
25;411
25;412
25;413
25;414
25;415
25;416
25;417
25;418
25;419
25;420
25;421
25;422
25;423
25;424
25;425
25;426
25;427
25;428
25;429
25;430
25;431
25;432
25;433
25;434
25;435
25;436
25;437
25;438
25;439
25;440
25;441
25;442
25;443
25;444
25;445
25;446
25;447
25;448
25;449
25;450
25;451
25;452
25;453
25;454
25;455
25;456
25;457
25;458
25;459
25;460
25;461
25;462
25;463
25;464
25;465
25;466
25;467
25;468
25;469
25;470
25;471
25;472
25;473
25;474
25;475
25;476
25;477
25;478
25;479
25;480
25;481
25;482
25;483
26;0
26;1
26;2
26;3
26;4
26;5
26;6
26;7
26;8
26;9
26;10
26;11
26;12
26;13
26;14
26;15
26;16
26;17
26;18
26;19
26;20
26;21
26;22
26;23
26;24
26;25
26;26
26;27
26;28
26;29
26;30
26;31
26;32
26;33
26;34
26;35
26;36
26;37
26;38
26;39
26;40
26;41
26;42
26;43
26;44
26;45
26;46
26;47
26;48
26;49
26;50
26;51
26;52
26;53
26;54
26;55
26;56
26;57
26;58
26;59
26;60
26;61
26;62
26;63
26;64
26;65
26;66
26;67
26;68
26;69
26;70
26;71
26;72
26;73
26;74
26;75
26;76
26;77
26;78
26;79
26;80
26;81
26;82
26;83
26;201
26;202
26;203
26;204
26;205
26;206
26;207
26;208
26;209
26;210
26;211
26;212
26;213
26;214
26;215
26;216
26;217
26;218
26;219
26;220
26;221
26;222
26;223
26;224
26;225
26;226
26;227
26;228
26;229
26;230
26;231
26;232
26;233
26;234
26;235
26;236
26;237
26;238
26;342
26;343
26;344
26;345
26;346
26;347
26;348
26;349
26;350
26;351
26;352
26;353
26;354
26;355
26;356
26;357
26;358
26;359
26;360
26;361
26;362
26;363
26;364
26;365
26;366
26;367
26;368
26;369
26;370
26;371
26;372
26;373
26;374
26;375
26;376
26;377
26;378
26;379
26;380
26;381
26;382
26;383
26;384
26;385
26;386
26;387
26;388
26;389
26;390
26;391
26;392
26;393
26;394
26;395
26;396
26;397
26;398
26;399
26;400
26;401
26;402
26;403
26;404
26;405
26;406
26;407
26;408
26;409
26;410
26;411
26;412
26;413
26;414
26;415
26;416
26;417
26;418
26;419
26;420
26;421
26;422
26;423
26;424
26;425
26;426
26;427
26;428
26;429
26;430
26;431
26;432
26;433
26;434
26;435
26;436
26;437
26;438
26;439
26;440
26;441
26;442
26;443
26;444
26;445
26;446
26;447
26;448
26;449
26;450
26;451
26;452
26;453
26;454
26;455
26;456
26;457
26;458
26;459
26;460
26;461
26;462
26;463
26;464
26;465
26;466
26;467
26;468
26;469
26;470
26;471
26;472
26;473
26;474
26;475
26;476
26;477
26;478
26;479
26;480
26;481
26;482
26;483
27;0
27;1
27;2
27;3
27;4
27;5
27;6
27;7
27;8
27;9
27;10
27;11
27;12
27;13
27;14
27;15
27;16
27;17
27;18
27;19
27;20
27;21
27;22
27;23
27;24
27;25
27;26
27;27
27;28
27;29
27;30
27;31
27;32
27;33
27;34
27;35
27;36
27;37
27;38
27;39
27;40
27;41
27;42
27;43
27;44
27;45
27;46
27;47
27;48
27;49
27;50
27;51
27;52
27;53
27;54
27;55
27;56
27;57
27;58
27;59
27;60
27;61
27;62
27;63
27;64
27;65
27;66
27;67
27;68
27;69
27;70
27;71
27;72
27;73
27;74
27;75
27;76
27;77
27;78
27;79
27;80
27;81
27;82
27;83
27;84
27;201
27;202
27;203
27;204
27;205
27;206
27;207
27;208
27;209
27;210
27;211
27;212
27;213
27;214
27;215
27;216
27;217
27;218
27;219
27;220
27;221
27;222
27;223
27;224
27;225
27;226
27;227
27;228
27;229
27;230
27;231
27;232
27;233
27;234
27;235
27;236
27;237
27;238
27;343
27;344
27;345
27;346
27;347
27;348
27;349
27;350
27;351
27;352
27;353
27;354
27;355
27;356
27;357
27;358
27;359
27;360
27;361
27;362
27;363
27;364
27;365
27;366
27;367
27;368
27;369
27;370
27;371
27;372
27;373
27;374
27;375
27;376
27;377
27;378
27;379
27;380
27;381
27;382
27;383
27;384
27;385
27;386
27;387
27;388
27;389
27;390
27;391
27;392
27;393
27;394
27;395
27;396
27;397
27;398
27;399
27;400
27;401
27;402
27;403
27;404
27;405
27;406
27;407
27;408
27;409
27;410
27;411
27;412
27;413
27;414
27;415
27;416
27;417
27;418
27;419
27;420
27;421
27;422
27;423
27;424
27;425
27;426
27;427
27;428
27;429
27;430
27;431
27;432
27;433
27;434
27;435
27;436
27;437
27;438
27;439
27;440
27;441
27;442
27;443
27;444
27;445
27;446
27;447
27;448
27;449
27;450
27;451
27;452
27;453
27;454
27;455
27;456
27;457
27;458
27;459
27;460
27;461
27;462
27;463
27;464
27;465
27;466
27;467
27;468
27;469
27;470
27;471
27;472
27;473
27;474
27;475
27;476
27;477
27;478
27;479
27;480
27;481
27;482
27;483
27;484
28;0
28;1
28;2
28;3
28;4
28;5
28;6
28;7
28;8
28;9
28;10
28;11
28;12
28;13
28;14
28;15
28;16
28;17
28;18
28;19
28;20
28;21
28;22
28;23
28;24
28;25
28;26
28;27
28;28
28;29
28;30
28;31
28;32
28;33
28;34
28;35
28;36
28;37
28;38
28;39
28;40
28;41
28;42
28;43
28;44
28;45
28;46
28;47
28;48
28;49
28;50
28;51
28;52
28;53
28;54
28;55
28;56
28;57
28;58
28;59
28;60
28;61
28;62
28;63
28;64
28;65
28;66
28;67
28;68
28;69
28;70
28;71
28;72
28;73
28;74
28;75
28;76
28;77
28;78
28;79
28;80
28;81
28;82
28;83
28;84
28;85
28;86
28;199
28;200
28;201
28;202
28;203
28;204
28;205
28;206
28;207
28;208
28;209
28;210
28;211
28;212
28;213
28;214
28;215
28;216
28;217
28;218
28;219
28;220
28;221
28;222
28;223
28;224
28;225
28;226
28;227
28;228
28;229
28;230
28;231
28;232
28;233
28;234
28;235
28;236
28;237
28;238
28;239
28;344
28;345
28;346
28;347
28;348
28;349
28;350
28;351
28;352
28;353
28;354
28;355
28;356
28;357
28;358
28;359
28;360
28;361
28;362
28;363
28;364
28;365
28;366
28;367
28;368
28;369
28;370
28;371
28;372
28;373
28;374
28;375
28;376
28;377
28;378
28;379
28;380
28;381
28;382
28;383
28;384
28;385
28;386
28;387
28;388
28;389
28;390
28;391
28;392
28;393
28;394
28;395
28;396
28;397
28;398
28;399
28;400
28;401
28;402
28;403
28;404
28;405
28;406
28;407
28;408
28;409
28;410
28;411
28;412
28;413
28;414
28;415
28;416
28;417
28;418
28;419
28;420
28;421
28;422
28;423
28;424
28;425
28;426
28;427
28;428
28;429
28;430
28;431
28;432
28;433
28;434
28;435
28;436
28;437
28;438
28;439
28;440
28;441
28;442
28;443
28;444
28;445
28;446
28;447
28;448
28;449
28;450
28;451
28;452
28;453
28;454
28;455
28;456
28;457
28;458
28;459
28;460
28;461
28;462
28;463
28;464
28;465
28;466
28;467
28;468
28;469
28;470
28;471
28;472
28;473
28;474
28;475
28;476
28;477
28;478
28;479
28;480
28;481
28;482
28;483
28;484
29;0
29;1
29;2
29;3
29;4
29;5
29;6
29;7
29;8
29;9
29;10
29;11
29;12
29;13
29;14
29;15
29;16
29;17
29;18
29;19
29;20
29;21
29;22
29;23
29;24
29;25
29;26
29;27
29;28
29;29
29;30
29;31
29;32
29;33
29;34
29;35
29;36
29;37
29;38
29;39
29;40
29;41
29;42
29;43
29;44
29;45
29;46
29;47
29;48
29;49
29;50
29;51
29;52
29;53
29;54
29;55
29;56
29;57
29;58
29;59
29;60
29;61
29;62
29;63
29;64
29;65
29;66
29;67
29;68
29;69
29;70
29;71
29;72
29;73
29;74
29;75
29;76
29;77
29;78
29;79
29;80
29;81
29;82
29;83
29;84
29;85
29;86
29;87
29;198
29;199
29;200
29;201
29;202
29;203
29;204
29;205
29;206
29;207
29;208
29;209
29;210
29;211
29;212
29;213
29;214
29;215
29;216
29;217
29;218
29;219
29;220
29;221
29;222
29;223
29;224
29;225
29;226
29;227
29;228
29;229
29;230
29;231
29;232
29;233
29;234
29;235
29;236
29;237
29;238
29;239
29;345
29;346
29;347
29;348
29;349
29;350
29;351
29;352
29;353
29;354
29;355
29;356
29;357
29;358
29;359
29;360
29;361
29;362
29;363
29;364
29;365
29;366
29;367
29;368
29;369
29;370
29;371
29;372
29;373
29;374
29;375
29;376
29;377
29;378
29;379
29;380
29;381
29;382
29;383
29;384
29;385
29;386
29;387
29;388
29;389
29;390
29;391
29;392
29;393
29;394
29;395
29;396
29;397
29;398
29;399
29;400
29;401
29;402
29;403
29;404
29;405
29;406
29;407
29;408
29;409
29;410
29;411
29;412
29;413
29;414
29;415
29;416
29;417
29;418
29;419
29;420
29;421
29;422
29;423
29;424
29;425
29;426
29;427
29;428
29;429
29;430
29;431
29;432
29;433
29;434
29;435
29;436
29;437
29;438
29;439
29;440
29;441
29;442
29;443
29;444
29;445
29;446
29;447
29;448
29;449
29;450
29;451
29;452
29;453
29;454
29;455
29;456
29;457
29;458
29;459
29;460
29;461
29;462
29;463
29;464
29;465
29;466
29;467
29;468
29;469
29;470
29;471
29;472
29;473
29;474
29;475
29;476
29;477
29;478
29;479
29;480
29;481
29;482
29;483
29;484
29;485
30;0
30;1
30;2
30;3
30;4
30;5
30;6
30;7
30;8
30;9
30;10
30;11
30;12
30;13
30;14
30;15
30;16
30;17
30;18
30;19
30;20
30;21
30;22
30;23
30;24
30;25
30;26
30;27
30;28
30;29
30;30
30;31
30;32
30;33
30;34
30;35
30;36
30;37
30;38
30;39
30;40
30;41
30;42
30;43
30;44
30;45
30;46
30;47
30;48
30;49
30;50
30;51
30;52
30;53
30;54
30;55
30;56
30;57
30;58
30;59
30;60
30;61
30;62
30;63
30;64
30;65
30;66
30;67
30;68
30;69
30;70
30;71
30;72
30;73
30;74
30;75
30;76
30;77
30;78
30;79
30;80
30;81
30;82
30;83
30;84
30;85
30;86
30;87
30;88
30;196
30;197
30;198
30;199
30;200
30;201
30;202
30;203
30;204
30;205
30;206
30;207
30;208
30;209
30;210
30;211
30;212
30;213
30;214
30;215
30;216
30;217
30;218
30;219
30;220
30;221
30;222
30;223
30;224
30;225
30;226
30;227
30;228
30;229
30;230
30;231
30;232
30;233
30;234
30;235
30;236
30;237
30;238
30;239
30;346
30;347
30;348
30;349
30;350
30;351
30;352
30;353
30;354
30;355
30;356
30;357
30;358
30;359
30;360
30;361
30;362
30;363
30;364
30;365
30;366
30;367
30;368
30;369
30;370
30;371
30;372
30;373
30;374
30;375
30;376
30;377
30;378
30;379
30;380
30;381
30;382
30;383
30;384
30;385
30;386
30;387
30;388
30;389
30;390
30;391
30;392
30;393
30;394
30;395
30;396
30;397
30;398
30;399
30;400
30;401
30;402
30;403
30;404
30;405
30;406
30;407
30;408
30;409
30;410
30;411
30;412
30;413
30;414
30;415
30;416
30;417
30;418
30;419
30;420
30;421
30;422
30;423
30;424
30;425
30;426
30;427
30;428
30;429
30;430
30;431
30;432
30;433
30;434
30;435
30;436
30;437
30;438
30;439
30;440
30;441
30;442
30;443
30;444
30;445
30;446
30;447
30;448
30;449
30;450
30;451
30;452
30;453
30;454
30;455
30;456
30;457
30;458
30;459
30;460
30;461
30;462
30;463
30;464
30;465
30;466
30;467
30;468
30;469
30;470
30;471
30;472
30;473
30;474
30;475
30;476
30;477
30;478
30;479
30;480
30;481
30;482
30;483
30;484
30;485
31;0
31;1
31;2
31;3
31;4
31;5
31;6
31;7
31;8
31;9
31;10
31;11
31;12
31;13
31;14
31;15
31;16
31;17
31;18
31;19
31;20
31;21
31;22
31;23
31;24
31;25
31;26
31;27
31;28
31;29
31;30
31;31
31;32
31;33
31;34
31;35
31;36
31;37
31;38
31;39
31;40
31;41
31;42
31;43
31;44
31;45
31;46
31;47
31;48
31;49
31;50
31;51
31;52
31;53
31;54
31;55
31;56
31;57
31;58
31;59
31;60
31;61
31;62
31;63
31;64
31;65
31;66
31;67
31;68
31;69
31;70
31;71
31;72
31;73
31;74
31;75
31;76
31;77
31;78
31;79
31;80
31;81
31;82
31;83
31;84
31;85
31;86
31;87
31;88
31;89
31;90
31;195
31;196
31;197
31;198
31;199
31;200
31;201
31;202
31;203
31;204
31;205
31;206
31;207
31;208
31;209
31;210
31;211
31;212
31;213
31;214
31;215
31;216
31;217
31;218
31;219
31;220
31;221
31;222
31;223
31;224
31;225
31;226
31;227
31;228
31;229
31;230
31;231
31;232
31;233
31;234
31;235
31;236
31;237
31;238
31;239
31;347
31;348
31;349
31;350
31;351
31;352
31;353
31;354
31;355
31;356
31;357
31;358
31;359
31;360
31;361
31;362
31;363
31;364
31;365
31;366
31;367
31;368
31;369
31;370
31;371
31;372
31;373
31;374
31;375
31;376
31;377
31;378
31;379
31;380
31;381
31;382
31;383
31;384
31;385
31;386
31;387
31;388
31;389
31;390
31;391
31;392
31;393
31;394
31;395
31;396
31;397
31;398
31;399
31;400
31;401
31;402
31;403
31;404
31;405
31;406
31;407
31;408
31;409
31;410
31;411
31;412
31;413
31;414
31;415
31;416
31;417
31;418
31;419
31;420
31;421
31;422
31;423
31;424
31;425
31;426
31;427
31;428
31;429
31;430
31;431
31;432
31;433
31;434
31;435
31;436
31;437
31;438
31;439
31;440
31;441
31;442
31;443
31;444
31;445
31;446
31;447
31;448
31;449
31;450
31;451
31;452
31;453
31;454
31;455
31;456
31;457
31;458
31;459
31;460
31;461
31;462
31;463
31;464
31;465
31;466
31;467
31;468
31;469
31;470
31;471
31;472
31;473
31;474
31;475
31;476
31;477
31;478
31;479
31;480
31;481
31;482
31;483
31;484
31;485
32;0
32;1
32;2
32;3
32;4
32;5
32;6
32;7
32;8
32;9
32;10
32;11
32;12
32;13
32;14
32;15
32;16
32;17
32;18
32;19
32;20
32;21
32;22
32;23
32;24
32;25
32;26
32;27
32;28
32;29
32;30
32;31
32;32
32;33
32;34
32;35
32;36
32;37
32;38
32;39
32;40
32;41
32;42
32;43
32;44
32;45
32;46
32;47
32;48
32;49
32;50
32;51
32;52
32;53
32;54
32;55
32;56
32;57
32;58
32;59
32;60
32;61
32;62
32;63
32;64
32;65
32;66
32;67
32;68
32;69
32;70
32;71
32;72
32;73
32;74
32;75
32;76
32;77
32;78
32;79
32;80
32;81
32;82
32;83
32;84
32;85
32;86
32;87
32;88
32;89
32;90
32;91
32;193
32;194
32;195
32;196
32;197
32;198
32;199
32;200
32;201
32;202
32;203
32;204
32;205
32;206
32;207
32;208
32;209
32;210
32;211
32;212
32;213
32;214
32;215
32;216
32;217
32;218
32;219
32;220
32;221
32;222
32;223
32;224
32;225
32;226
32;227
32;228
32;229
32;230
32;231
32;232
32;233
32;234
32;235
32;236
32;237
32;238
32;239
32;347
32;348
32;349
32;350
32;351
32;352
32;353
32;354
32;355
32;356
32;357
32;358
32;359
32;360
32;361
32;362
32;363
32;364
32;365
32;366
32;367
32;368
32;369
32;370
32;371
32;372
32;373
32;374
32;375
32;376
32;377
32;378
32;379
32;380
32;381
32;382
32;383
32;384
32;385
32;386
32;387
32;388
32;389
32;390
32;391
32;392
32;393
32;394
32;395
32;396
32;397
32;398
32;399
32;400
32;401
32;402
32;403
32;404
32;405
32;406
32;407
32;408
32;409
32;410
32;411
32;412
32;413
32;414
32;415
32;416
32;417
32;418
32;419
32;420
32;421
32;422
32;423
32;424
32;425
32;426
32;427
32;428
32;429
32;430
32;431
32;432
32;433
32;434
32;435
32;436
32;437
32;438
32;439
32;440
32;441
32;442
32;443
32;444
32;445
32;446
32;447
32;448
32;449
32;450
32;451
32;452
32;453
32;454
32;455
32;456
32;457
32;458
32;459
32;460
32;461
32;462
32;463
32;464
32;465
32;466
32;467
32;468
32;469
32;470
32;471
32;472
32;473
32;474
32;475
32;476
32;477
32;478
32;479
32;480
32;481
32;482
32;483
32;484
32;485
32;486
33;0
33;1
33;2
33;3
33;4
33;5
33;6
33;7
33;8
33;9
33;10
33;11
33;12
33;13
33;14
33;15
33;16
33;17
33;18
33;19
33;20
33;21
33;22
33;23
33;24
33;25
33;26
33;27
33;28
33;29
33;30
33;31
33;32
33;33
33;34
33;35
33;36
33;37
33;38
33;39
33;40
33;41
33;42
33;43
33;44
33;45
33;46
33;47
33;48
33;49
33;50
33;51
33;52
33;53
33;54
33;55
33;56
33;57
33;58
33;59
33;60
33;61
33;62
33;63
33;64
33;65
33;66
33;67
33;68
33;69
33;70
33;71
33;72
33;73
33;74
33;75
33;76
33;77
33;78
33;79
33;80
33;81
33;82
33;83
33;84
33;85
33;86
33;87
33;88
33;89
33;90
33;91
33;92
33;192
33;193
33;194
33;195
33;196
33;197
33;198
33;199
33;200
33;201
33;202
33;203
33;204
33;205
33;206
33;207
33;208
33;209
33;210
33;211
33;212
33;213
33;214
33;215
33;216
33;217
33;218
33;219
33;220
33;221
33;222
33;223
33;224
33;225
33;226
33;227
33;228
33;229
33;230
33;231
33;232
33;233
33;234
33;235
33;236
33;237
33;238
33;239
33;348
33;349
33;350
33;351
33;352
33;353
33;354
33;355
33;356
33;357
33;358
33;359
33;360
33;361
33;362
33;363
33;364
33;365
33;366
33;367
33;368
33;369
33;370
33;371
33;372
33;373
33;374
33;375
33;376
33;377
33;378
33;379
33;380
33;381
33;382
33;383
33;384
33;385
33;386
33;387
33;388
33;389
33;390
33;391
33;392
33;393
33;394
33;395
33;396
33;397
33;398
33;399
33;400
33;401
33;402
33;403
33;404
33;405
33;406
33;407
33;408
33;409
33;410
33;411
33;412
33;413
33;414
33;415
33;416
33;417
33;418
33;419
33;420
33;421
33;422
33;423
33;424
33;425
33;426
33;427
33;428
33;429
33;430
33;431
33;432
33;433
33;434
33;435
33;436
33;437
33;438
33;439
33;440
33;441
33;442
33;443
33;444
33;445
33;446
33;447
33;448
33;449
33;450
33;451
33;452
33;453
33;454
33;455
33;456
33;457
33;458
33;459
33;460
33;461
33;462
33;463
33;464
33;465
33;466
33;467
33;468
33;469
33;470
33;471
33;472
33;473
33;474
33;475
33;476
33;477
33;478
33;479
33;480
33;481
33;482
33;483
33;484
33;485
33;486
34;0
34;1
34;2
34;3
34;4
34;5
34;6
34;7
34;8
34;9
34;10
34;11
34;12
34;13
34;14
34;15
34;16
34;17
34;18
34;19
34;20
34;21
34;22
34;23
34;24
34;25
34;26
34;27
34;28
34;29
34;30
34;31
34;32
34;33
34;34
34;35
34;36
34;37
34;38
34;39
34;40
34;41
34;42
34;43
34;44
34;45
34;46
34;47
34;48
34;49
34;50
34;51
34;52
34;53
34;54
34;55
34;56
34;57
34;58
34;59
34;60
34;61
34;62
34;63
34;64
34;65
34;66
34;67
34;68
34;69
34;70
34;71
34;72
34;73
34;74
34;75
34;76
34;77
34;78
34;79
34;80
34;81
34;82
34;83
34;84
34;85
34;86
34;87
34;88
34;89
34;90
34;91
34;92
34;93
34;94
34;190
34;191
34;192
34;193
34;194
34;195
34;196
34;197
34;198
34;199
34;200
34;201
34;202
34;203
34;204
34;205
34;206
34;207
34;208
34;209
34;210
34;211
34;212
34;213
34;214
34;215
34;216
34;217
34;218
34;219
34;220
34;221
34;222
34;223
34;224
34;225
34;226
34;227
34;228
34;229
34;230
34;231
34;232
34;233
34;234
34;235
34;236
34;237
34;238
34;349
34;350
34;351
34;352
34;353
34;354
34;355
34;356
34;357
34;358
34;359
34;360
34;361
34;362
34;363
34;364
34;365
34;366
34;367
34;368
34;369
34;370
34;371
34;372
34;373
34;374
34;375
34;376
34;377
34;378
34;379
34;380
34;381
34;382
34;383
34;384
34;385
34;386
34;387
34;388
34;389
34;390
34;391
34;392
34;393
34;394
34;395
34;396
34;397
34;398
34;399
34;400
34;401
34;402
34;403
34;404
34;405
34;406
34;407
34;408
34;409
34;410
34;411
34;412
34;413
34;414
34;415
34;416
34;417
34;418
34;419
34;420
34;421
34;422
34;423
34;424
34;425
34;426
34;427
34;428
34;429
34;430
34;431
34;432
34;433
34;434
34;435
34;436
34;437
34;438
34;439
34;440
34;441
34;442
34;443
34;444
34;445
34;446
34;447
34;448
34;449
34;450
34;451
34;452
34;453
34;454
34;455
34;456
34;457
34;458
34;459
34;460
34;461
34;462
34;463
34;464
34;465
34;466
34;467
34;468
34;469
34;470
34;471
34;472
34;473
34;474
34;475
34;476
34;477
34;478
34;479
34;480
34;481
34;482
34;483
34;484
34;485
34;486
35;0
35;1
35;2
35;3
35;4
35;5
35;6
35;7
35;8
35;9
35;10
35;11
35;12
35;13
35;14
35;15
35;16
35;17
35;18
35;19
35;20
35;21
35;22
35;23
35;24
35;25
35;26
35;27
35;28
35;29
35;30
35;31
35;32
35;33
35;34
35;35
35;36
35;37
35;38
35;39
35;40
35;41
35;42
35;43
35;44
35;45
35;46
35;47
35;48
35;49
35;50
35;51
35;52
35;53
35;54
35;55
35;56
35;57
35;58
35;59
35;60
35;61
35;62
35;63
35;64
35;65
35;66
35;67
35;68
35;69
35;70
35;71
35;72
35;73
35;74
35;75
35;76
35;77
35;78
35;79
35;80
35;81
35;82
35;83
35;84
35;85
35;86
35;87
35;88
35;89
35;90
35;91
35;92
35;93
35;94
35;95
35;189
35;190
35;191
35;192
35;193
35;194
35;195
35;196
35;197
35;198
35;199
35;200
35;201
35;202
35;203
35;204
35;205
35;206
35;207
35;208
35;209
35;210
35;211
35;212
35;213
35;214
35;215
35;216
35;217
35;218
35;219
35;220
35;221
35;222
35;223
35;224
35;225
35;226
35;227
35;228
35;229
35;230
35;231
35;232
35;233
35;234
35;235
35;236
35;237
35;238
35;350
35;351
35;352
35;353
35;354
35;355
35;356
35;357
35;358
35;359
35;360
35;361
35;362
35;363
35;364
35;365
35;366
35;367
35;368
35;369
35;370
35;371
35;372
35;373
35;374
35;375
35;376
35;377
35;378
35;379
35;380
35;381
35;382
35;383
35;384
35;385
35;386
35;387
35;388
35;389
35;390
35;391
35;392
35;393
35;394
35;395
35;396
35;397
35;398
35;399
35;400
35;401
35;402
35;403
35;404
35;405
35;406
35;407
35;408
35;409
35;410
35;411
35;412
35;413
35;414
35;415
35;416
35;417
35;418
35;419
35;420
35;421
35;422
35;423
35;424
35;425
35;426
35;427
35;428
35;429
35;430
35;431
35;432
35;433
35;434
35;435
35;436
35;437
35;438
35;439
35;440
35;441
35;442
35;443
35;444
35;445
35;446
35;447
35;448
35;449
35;450
35;451
35;452
35;453
35;454
35;455
35;456
35;457
35;458
35;459
35;460
35;461
35;462
35;463
35;464
35;465
35;466
35;467
35;468
35;469
35;470
35;471
35;472
35;473
35;474
35;475
35;476
35;477
35;478
35;479
35;480
35;481
35;482
35;483
35;484
35;485
35;486
36;0
36;1
36;2
36;3
36;4
36;5
36;6
36;7
36;8
36;9
36;10
36;11
36;12
36;13
36;14
36;15
36;16
36;17
36;18
36;19
36;20
36;21
36;22
36;23
36;24
36;25
36;26
36;27
36;28
36;29
36;30
36;31
36;32
36;33
36;34
36;35
36;36
36;37
36;38
36;39
36;40
36;41
36;42
36;43
36;44
36;45
36;46
36;47
36;48
36;49
36;50
36;51
36;52
36;53
36;54
36;55
36;56
36;57
36;58
36;59
36;60
36;61
36;62
36;63
36;64
36;65
36;66
36;67
36;68
36;69
36;70
36;71
36;72
36;73
36;74
36;75
36;76
36;77
36;78
36;79
36;80
36;81
36;82
36;83
36;84
36;85
36;86
36;87
36;88
36;89
36;90
36;91
36;92
36;93
36;94
36;95
36;96
36;187
36;188
36;189
36;190
36;191
36;192
36;193
36;194
36;195
36;196
36;197
36;198
36;199
36;200
36;201
36;202
36;203
36;204
36;205
36;206
36;207
36;208
36;209
36;210
36;211
36;212
36;213
36;214
36;215
36;216
36;217
36;218
36;219
36;220
36;221
36;222
36;223
36;224
36;225
36;226
36;227
36;228
36;229
36;230
36;231
36;232
36;233
36;234
36;235
36;236
36;237
36;238
36;351
36;352
36;353
36;354
36;355
36;356
36;357
36;358
36;359
36;360
36;361
36;362
36;363
36;364
36;365
36;366
36;367
36;368
36;369
36;370
36;371
36;372
36;373
36;374
36;375
36;376
36;377
36;378
36;379
36;380
36;381
36;382
36;383
36;384
36;385
36;386
36;387
36;388
36;389
36;390
36;391
36;392
36;393
36;394
36;395
36;396
36;397
36;398
36;399
36;400
36;401
36;402
36;403
36;404
36;405
36;406
36;407
36;408
36;409
36;410
36;411
36;412
36;413
36;414
36;415
36;416
36;417
36;418
36;419
36;420
36;421
36;422
36;423
36;424
36;425
36;426
36;427
36;428
36;429
36;430
36;431
36;432
36;433
36;434
36;435
36;436
36;437
36;438
36;439
36;440
36;441
36;442
36;443
36;444
36;445
36;446
36;447
36;448
36;449
36;450
36;451
36;452
36;453
36;454
36;455
36;456
36;457
36;458
36;459
36;460
36;461
36;462
36;463
36;464
36;465
36;466
36;467
36;468
36;469
36;470
36;471
36;472
36;473
36;474
36;475
36;476
36;477
36;478
36;479
36;480
36;481
36;482
36;483
36;484
36;485
36;486
36;487
37;0
37;1
37;2
37;3
37;4
37;5
37;6
37;7
37;8
37;9
37;10
37;11
37;12
37;13
37;14
37;15
37;16
37;17
37;18
37;19
37;20
37;21
37;22
37;23
37;24
37;25
37;26
37;27
37;28
37;29
37;30
37;31
37;32
37;33
37;34
37;35
37;36
37;37
37;38
37;39
37;40
37;41
37;42
37;43
37;44
37;45
37;46
37;47
37;48
37;49
37;50
37;51
37;52
37;53
37;54
37;55
37;56
37;57
37;58
37;59
37;60
37;61
37;62
37;63
37;64
37;65
37;66
37;67
37;68
37;69
37;70
37;71
37;72
37;73
37;74
37;75
37;76
37;77
37;78
37;79
37;80
37;81
37;82
37;83
37;84
37;85
37;86
37;87
37;88
37;89
37;90
37;91
37;92
37;93
37;94
37;95
37;96
37;97
37;186
37;187
37;188
37;189
37;190
37;191
37;192
37;193
37;194
37;195
37;196
37;197
37;198
37;199
37;200
37;201
37;202
37;203
37;204
37;205
37;206
37;207
37;208
37;209
37;210
37;211
37;212
37;213
37;214
37;215
37;216
37;217
37;218
37;219
37;220
37;221
37;222
37;223
37;224
37;225
37;226
37;227
37;228
37;229
37;230
37;231
37;232
37;233
37;234
37;235
37;236
37;237
37;238
37;352
37;353
37;354
37;355
37;356
37;357
37;358
37;359
37;360
37;361
37;362
37;363
37;364
37;365
37;366
37;367
37;368
37;369
37;370
37;371
37;372
37;373
37;374
37;375
37;376
37;377
37;378
37;379
37;380
37;381
37;382
37;383
37;384
37;385
37;386
37;387
37;388
37;389
37;390
37;391
37;392
37;393
37;394
37;395
37;396
37;397
37;398
37;399
37;400
37;401
37;402
37;403
37;404
37;405
37;406
37;407
37;408
37;409
37;410
37;411
37;412
37;413
37;414
37;415
37;416
37;417
37;418
37;419
37;420
37;421
37;422
37;423
37;424
37;425
37;426
37;427
37;428
37;429
37;430
37;431
37;432
37;433
37;434
37;435
37;436
37;437
37;438
37;439
37;440
37;441
37;442
37;443
37;444
37;445
37;446
37;447
37;448
37;449
37;450
37;451
37;452
37;453
37;454
37;455
37;456
37;457
37;458
37;459
37;460
37;461
37;462
37;463
37;464
37;465
37;466
37;467
37;468
37;469
37;470
37;471
37;472
37;473
37;474
37;475
37;476
37;477
37;478
37;479
37;480
37;481
37;482
37;483
37;484
37;485
37;486
37;487
38;1
38;2
38;3
38;4
38;5
38;6
38;7
38;8
38;9
38;10
38;11
38;12
38;13
38;14
38;15
38;16
38;17
38;18
38;19
38;20
38;21
38;22
38;23
38;24
38;25
38;26
38;27
38;28
38;29
38;30
38;31
38;32
38;33
38;34
38;35
38;36
38;37
38;38
38;39
38;40
38;41
38;42
38;43
38;44
38;45
38;46
38;47
38;48
38;49
38;50
38;51
38;52
38;53
38;54
38;55
38;56
38;57
38;58
38;59
38;60
38;61
38;62
38;63
38;64
38;65
38;66
38;67
38;68
38;69
38;70
38;71
38;72
38;73
38;74
38;75
38;76
38;77
38;78
38;79
38;80
38;81
38;82
38;83
38;84
38;85
38;86
38;87
38;88
38;89
38;90
38;91
38;92
38;93
38;94
38;95
38;96
38;184
38;185
38;186
38;187
38;188
38;189
38;190
38;191
38;192
38;193
38;194
38;195
38;196
38;197
38;198
38;199
38;200
38;201
38;202
38;203
38;204
38;205
38;206
38;207
38;208
38;209
38;210
38;211
38;212
38;213
38;214
38;215
38;216
38;217
38;218
38;219
38;220
38;221
38;222
38;223
38;224
38;225
38;226
38;227
38;228
38;229
38;230
38;231
38;232
38;233
38;234
38;235
38;236
38;237
38;353
38;354
38;355
38;356
38;357
38;358
38;359
38;360
38;361
38;362
38;363
38;364
38;365
38;366
38;367
38;368
38;369
38;370
38;371
38;372
38;373
38;374
38;375
38;376
38;377
38;378
38;379
38;380
38;381
38;382
38;383
38;384
38;385
38;386
38;387
38;388
38;389
38;390
38;391
38;392
38;393
38;394
38;395
38;396
38;397
38;398
38;399
38;400
38;401
38;402
38;403
38;404
38;405
38;406
38;407
38;408
38;409
38;410
38;411
38;412
38;413
38;414
38;415
38;416
38;417
38;418
38;419
38;420
38;421
38;422
38;423
38;424
38;425
38;426
38;427
38;428
38;429
38;430
38;431
38;432
38;433
38;434
38;435
38;436
38;437
38;438
38;439
38;440
38;441
38;442
38;443
38;444
38;445
38;446
38;447
38;448
38;449
38;450
38;451
38;452
38;453
38;454
38;455
38;456
38;457
38;458
38;459
38;460
38;461
38;462
38;463
38;464
38;465
38;466
38;467
38;468
38;469
38;470
38;471
38;472
38;473
38;474
38;475
38;476
38;477
38;478
38;479
38;480
38;481
38;482
38;483
38;484
38;485
38;486
38;487
39;3
39;4
39;5
39;6
39;7
39;8
39;9
39;10
39;11
39;12
39;13
39;14
39;15
39;16
39;17
39;18
39;19
39;20
39;21
39;22
39;23
39;24
39;25
39;26
39;27
39;28
39;29
39;30
39;31
39;32
39;33
39;34
39;35
39;36
39;37
39;38
39;39
39;40
39;41
39;42
39;43
39;44
39;45
39;46
39;47
39;48
39;49
39;50
39;51
39;52
39;53
39;54
39;55
39;56
39;57
39;58
39;59
39;60
39;61
39;62
39;63
39;64
39;65
39;66
39;67
39;68
39;69
39;70
39;71
39;72
39;73
39;74
39;75
39;76
39;77
39;78
39;79
39;80
39;81
39;82
39;83
39;84
39;85
39;86
39;87
39;88
39;89
39;90
39;91
39;92
39;93
39;94
39;182
39;183
39;184
39;185
39;186
39;187
39;188
39;189
39;190
39;191
39;192
39;193
39;194
39;195
39;196
39;197
39;198
39;199
39;200
39;201
39;202
39;203
39;204
39;205
39;206
39;207
39;208
39;209
39;210
39;211
39;212
39;213
39;214
39;215
39;216
39;217
39;218
39;219
39;220
39;221
39;222
39;223
39;224
39;225
39;226
39;227
39;228
39;229
39;230
39;231
39;232
39;233
39;234
39;235
39;236
39;237
39;354
39;355
39;356
39;357
39;358
39;359
39;360
39;361
39;362
39;363
39;364
39;365
39;366
39;367
39;368
39;369
39;370
39;371
39;372
39;373
39;374
39;375
39;376
39;377
39;378
39;379
39;380
39;381
39;382
39;383
39;384
39;385
39;386
39;387
39;388
39;389
39;390
39;391
39;392
39;393
39;394
39;395
39;396
39;397
39;398
39;399
39;400
39;401
39;402
39;403
39;404
39;405
39;406
39;407
39;408
39;409
39;410
39;411
39;412
39;413
39;414
39;415
39;416
39;417
39;418
39;419
39;420
39;421
39;422
39;423
39;424
39;425
39;426
39;427
39;428
39;429
39;430
39;431
39;432
39;433
39;434
39;435
39;436
39;437
39;438
39;439
39;440
39;441
39;442
39;443
39;444
39;445
39;446
39;447
39;448
39;449
39;450
39;451
39;452
39;453
39;454
39;455
39;456
39;457
39;458
39;459
39;460
39;461
39;462
39;463
39;464
39;465
39;466
39;467
39;468
39;469
39;470
39;471
39;472
39;473
39;474
39;475
39;476
39;477
39;478
39;479
39;480
39;481
39;482
39;483
39;484
39;485
39;486
39;487
40;4
40;5
40;6
40;7
40;8
40;9
40;10
40;11
40;12
40;13
40;14
40;15
40;16
40;17
40;18
40;19
40;20
40;21
40;22
40;23
40;24
40;25
40;26
40;27
40;28
40;29
40;30
40;31
40;32
40;33
40;34
40;35
40;36
40;37
40;38
40;39
40;40
40;41
40;42
40;43
40;44
40;45
40;46
40;47
40;48
40;49
40;50
40;51
40;52
40;53
40;54
40;55
40;56
40;57
40;58
40;59
40;60
40;61
40;62
40;63
40;64
40;65
40;66
40;67
40;68
40;69
40;70
40;71
40;72
40;73
40;74
40;75
40;76
40;77
40;78
40;79
40;80
40;81
40;82
40;83
40;84
40;85
40;86
40;87
40;88
40;89
40;90
40;91
40;92
40;181
40;182
40;183
40;184
40;185
40;186
40;187
40;188
40;189
40;190
40;191
40;192
40;193
40;194
40;195
40;196
40;197
40;198
40;199
40;200
40;201
40;202
40;203
40;204
40;205
40;206
40;207
40;208
40;209
40;210
40;211
40;212
40;213
40;214
40;215
40;216
40;217
40;218
40;219
40;220
40;221
40;222
40;223
40;224
40;225
40;226
40;227
40;228
40;229
40;230
40;231
40;232
40;233
40;234
40;235
40;236
40;355
40;356
40;357
40;358
40;359
40;360
40;361
40;362
40;363
40;364
40;365
40;366
40;367
40;368
40;369
40;370
40;371
40;372
40;373
40;374
40;375
40;376
40;377
40;378
40;379
40;380
40;381
40;382
40;383
40;384
40;385
40;386
40;387
40;388
40;389
40;390
40;391
40;392
40;393
40;394
40;395
40;396
40;397
40;398
40;399
40;400
40;401
40;402
40;403
40;404
40;405
40;406
40;407
40;408
40;409
40;410
40;411
40;412
40;413
40;414
40;415
40;416
40;417
40;418
40;419
40;420
40;421
40;422
40;423
40;424
40;425
40;426
40;427
40;428
40;429
40;430
40;431
40;432
40;433
40;434
40;435
40;436
40;437
40;438
40;439
40;440
40;441
40;442
40;443
40;444
40;445
40;446
40;447
40;448
40;449
40;450
40;451
40;452
40;453
40;454
40;455
40;456
40;457
40;458
40;459
40;460
40;461
40;462
40;463
40;464
40;465
40;466
40;467
40;468
40;469
40;470
40;471
40;472
40;473
40;474
40;475
40;476
40;477
40;478
40;479
40;480
40;481
40;482
40;483
40;484
40;485
40;486
40;487
41;5
41;6
41;7
41;8
41;9
41;10
41;11
41;12
41;13
41;14
41;15
41;16
41;17
41;18
41;19
41;20
41;21
41;22
41;23
41;24
41;25
41;26
41;27
41;28
41;29
41;30
41;31
41;32
41;33
41;34
41;35
41;36
41;37
41;38
41;39
41;40
41;41
41;42
41;43
41;44
41;45
41;46
41;47
41;48
41;49
41;50
41;51
41;52
41;53
41;54
41;55
41;56
41;57
41;58
41;59
41;60
41;61
41;62
41;63
41;64
41;65
41;66
41;67
41;68
41;69
41;70
41;71
41;72
41;73
41;74
41;75
41;76
41;77
41;78
41;79
41;80
41;81
41;82
41;83
41;84
41;85
41;86
41;87
41;88
41;89
41;179
41;180
41;181
41;182
41;183
41;184
41;185
41;186
41;187
41;188
41;189
41;190
41;191
41;192
41;193
41;194
41;195
41;196
41;197
41;198
41;199
41;200
41;201
41;202
41;203
41;204
41;205
41;206
41;207
41;208
41;209
41;210
41;211
41;212
41;213
41;214
41;215
41;216
41;217
41;218
41;219
41;220
41;221
41;222
41;223
41;224
41;225
41;226
41;227
41;228
41;229
41;230
41;231
41;232
41;233
41;234
41;235
41;236
41;356
41;357
41;358
41;359
41;360
41;361
41;362
41;363
41;364
41;365
41;366
41;367
41;368
41;369
41;370
41;371
41;372
41;373
41;374
41;375
41;376
41;377
41;378
41;379
41;380
41;381
41;382
41;383
41;384
41;385
41;386
41;387
41;388
41;389
41;390
41;391
41;392
41;393
41;394
41;395
41;396
41;397
41;398
41;399
41;400
41;401
41;402
41;403
41;404
41;405
41;406
41;407
41;408
41;409
41;410
41;411
41;412
41;413
41;414
41;415
41;416
41;417
41;418
41;419
41;420
41;421
41;422
41;423
41;424
41;425
41;426
41;427
41;428
41;429
41;430
41;431
41;432
41;433
41;434
41;435
41;436
41;437
41;438
41;439
41;440
41;441
41;442
41;443
41;444
41;445
41;446
41;447
41;448
41;449
41;450
41;451
41;452
41;453
41;454
41;455
41;456
41;457
41;458
41;459
41;460
41;461
41;462
41;463
41;464
41;465
41;466
41;467
41;468
41;469
41;470
41;471
41;472
41;473
41;474
41;475
41;476
41;477
41;478
41;479
41;480
41;481
41;482
41;483
41;484
41;485
41;486
41;487
42;4
42;5
42;6
42;7
42;8
42;9
42;10
42;11
42;12
42;13
42;14
42;15
42;16
42;17
42;18
42;19
42;20
42;21
42;22
42;23
42;24
42;25
42;26
42;27
42;28
42;29
42;30
42;31
42;32
42;33
42;34
42;35
42;36
42;37
42;38
42;39
42;40
42;41
42;42
42;43
42;44
42;45
42;46
42;47
42;48
42;49
42;50
42;51
42;52
42;53
42;54
42;55
42;56
42;57
42;58
42;59
42;60
42;61
42;62
42;63
42;64
42;65
42;66
42;67
42;68
42;69
42;70
42;71
42;72
42;73
42;74
42;75
42;76
42;77
42;78
42;79
42;80
42;81
42;82
42;83
42;84
42;85
42;86
42;87
42;178
42;179
42;180
42;181
42;182
42;183
42;184
42;185
42;186
42;187
42;188
42;189
42;190
42;191
42;192
42;193
42;194
42;195
42;196
42;197
42;198
42;199
42;200
42;201
42;202
42;203
42;204
42;205
42;206
42;207
42;208
42;209
42;210
42;211
42;212
42;213
42;214
42;215
42;216
42;217
42;218
42;219
42;220
42;221
42;222
42;223
42;224
42;225
42;226
42;227
42;228
42;229
42;230
42;231
42;232
42;233
42;234
42;235
42;357
42;358
42;359
42;360
42;361
42;362
42;363
42;364
42;365
42;366
42;367
42;368
42;369
42;370
42;371
42;372
42;373
42;374
42;375
42;376
42;377
42;378
42;379
42;380
42;381
42;382
42;383
42;384
42;385
42;386
42;387
42;388
42;389
42;390
42;391
42;392
42;393
42;394
42;395
42;396
42;397
42;398
42;399
42;400
42;401
42;402
42;403
42;404
42;405
42;406
42;407
42;408
42;409
42;410
42;411
42;412
42;413
42;414
42;415
42;416
42;417
42;418
42;419
42;420
42;421
42;422
42;423
42;424
42;425
42;426
42;427
42;428
42;429
42;430
42;431
42;432
42;433
42;434
42;435
42;436
42;437
42;438
42;439
42;440
42;441
42;442
42;443
42;444
42;445
42;446
42;447
42;448
42;449
42;450
42;451
42;452
42;453
42;454
42;455
42;456
42;457
42;458
42;459
42;460
42;461
42;462
42;463
42;464
42;465
42;466
42;467
42;468
42;469
42;470
42;471
42;472
42;473
42;474
42;475
42;476
42;477
42;478
42;479
42;480
42;481
42;482
42;483
42;484
42;485
42;486
42;487
43;4
43;5
43;6
43;7
43;8
43;9
43;10
43;11
43;12
43;13
43;14
43;15
43;16
43;17
43;18
43;19
43;20
43;21
43;22
43;23
43;24
43;25
43;26
43;27
43;28
43;29
43;30
43;31
43;32
43;33
43;34
43;35
43;36
43;37
43;38
43;39
43;40
43;41
43;42
43;43
43;44
43;45
43;46
43;47
43;48
43;49
43;50
43;51
43;52
43;53
43;54
43;55
43;56
43;57
43;58
43;59
43;60
43;61
43;62
43;63
43;64
43;65
43;66
43;67
43;68
43;69
43;70
43;71
43;72
43;73
43;74
43;75
43;76
43;77
43;78
43;79
43;80
43;81
43;82
43;83
43;84
43;176
43;177
43;178
43;179
43;180
43;181
43;182
43;183
43;184
43;185
43;186
43;187
43;188
43;189
43;190
43;191
43;192
43;193
43;194
43;195
43;196
43;197
43;198
43;199
43;200
43;201
43;202
43;203
43;204
43;205
43;206
43;207
43;208
43;209
43;210
43;211
43;212
43;213
43;214
43;215
43;216
43;217
43;218
43;219
43;220
43;221
43;222
43;223
43;224
43;225
43;226
43;227
43;228
43;229
43;230
43;231
43;232
43;233
43;234
43;358
43;359
43;360
43;361
43;362
43;363
43;364
43;365
43;366
43;367
43;368
43;369
43;370
43;371
43;372
43;373
43;374
43;375
43;376
43;377
43;378
43;379
43;380
43;381
43;382
43;383
43;384
43;385
43;386
43;387
43;388
43;389
43;390
43;391
43;392
43;393
43;394
43;395
43;396
43;397
43;398
43;399
43;400
43;401
43;402
43;403
43;404
43;405
43;406
43;407
43;408
43;409
43;410
43;411
43;412
43;413
43;414
43;415
43;416
43;417
43;418
43;419
43;420
43;421
43;422
43;423
43;424
43;425
43;426
43;427
43;428
43;429
43;430
43;431
43;432
43;433
43;434
43;435
43;436
43;437
43;438
43;439
43;440
43;441
43;442
43;443
43;444
43;445
43;446
43;447
43;448
43;449
43;450
43;451
43;452
43;453
43;454
43;455
43;456
43;457
43;458
43;459
43;460
43;461
43;462
43;463
43;464
43;465
43;466
43;467
43;468
43;469
43;470
43;471
43;472
43;473
43;474
43;475
43;476
43;477
43;478
43;479
43;480
43;481
43;482
43;483
43;484
43;485
43;486
43;487
44;4
44;5
44;6
44;7
44;8
44;9
44;10
44;11
44;12
44;13
44;14
44;15
44;16
44;17
44;18
44;19
44;20
44;21
44;22
44;23
44;24
44;25
44;26
44;27
44;28
44;29
44;30
44;31
44;32
44;33
44;34
44;35
44;36
44;37
44;38
44;39
44;40
44;41
44;42
44;43
44;44
44;45
44;46
44;47
44;48
44;49
44;50
44;51
44;52
44;53
44;54
44;55
44;56
44;57
44;58
44;59
44;60
44;61
44;62
44;63
44;64
44;65
44;66
44;67
44;68
44;69
44;70
44;71
44;72
44;73
44;74
44;75
44;76
44;77
44;78
44;79
44;80
44;81
44;82
44;175
44;176
44;177
44;178
44;179
44;180
44;181
44;182
44;183
44;184
44;185
44;186
44;187
44;188
44;189
44;190
44;191
44;192
44;193
44;194
44;195
44;196
44;197
44;198
44;199
44;200
44;201
44;202
44;203
44;204
44;205
44;206
44;207
44;208
44;209
44;210
44;211
44;212
44;213
44;214
44;215
44;216
44;217
44;218
44;219
44;220
44;221
44;222
44;223
44;224
44;225
44;226
44;227
44;228
44;229
44;230
44;231
44;232
44;233
44;359
44;360
44;361
44;362
44;363
44;364
44;365
44;366
44;367
44;368
44;369
44;370
44;371
44;372
44;373
44;374
44;375
44;376
44;377
44;378
44;379
44;380
44;381
44;382
44;383
44;384
44;385
44;386
44;387
44;388
44;389
44;390
44;391
44;392
44;393
44;394
44;395
44;396
44;397
44;398
44;399
44;400
44;401
44;402
44;403
44;404
44;405
44;406
44;407
44;408
44;409
44;410
44;411
44;412
44;413
44;414
44;415
44;416
44;417
44;418
44;419
44;420
44;421
44;422
44;423
44;424
44;425
44;426
44;427
44;428
44;429
44;430
44;431
44;432
44;433
44;434
44;435
44;436
44;437
44;438
44;439
44;440
44;441
44;442
44;443
44;444
44;445
44;446
44;447
44;448
44;449
44;450
44;451
44;452
44;453
44;454
44;455
44;456
44;457
44;458
44;459
44;460
44;461
44;462
44;463
44;464
44;465
44;466
44;467
44;468
44;469
44;470
44;471
44;472
44;473
44;474
44;475
44;476
44;477
44;478
44;479
44;480
44;481
44;482
44;483
44;484
44;485
44;486
44;487
45;4
45;5
45;6
45;7
45;8
45;9
45;10
45;11
45;12
45;13
45;14
45;15
45;16
45;17
45;18
45;19
45;20
45;21
45;22
45;23
45;24
45;25
45;26
45;27
45;28
45;29
45;30
45;31
45;32
45;33
45;34
45;35
45;36
45;37
45;38
45;39
45;40
45;41
45;42
45;43
45;44
45;45
45;46
45;47
45;48
45;49
45;50
45;51
45;52
45;53
45;54
45;55
45;56
45;57
45;58
45;59
45;60
45;61
45;62
45;63
45;64
45;65
45;66
45;67
45;68
45;69
45;70
45;71
45;72
45;73
45;74
45;75
45;76
45;77
45;78
45;79
45;80
45;173
45;174
45;175
45;176
45;177
45;178
45;179
45;180
45;181
45;182
45;183
45;184
45;185
45;186
45;187
45;188
45;189
45;190
45;191
45;192
45;193
45;194
45;195
45;196
45;197
45;198
45;199
45;200
45;201
45;202
45;203
45;204
45;205
45;206
45;207
45;208
45;209
45;210
45;211
45;212
45;213
45;214
45;215
45;216
45;217
45;218
45;219
45;220
45;221
45;222
45;223
45;224
45;225
45;226
45;227
45;228
45;229
45;230
45;231
45;232
45;360
45;361
45;362
45;363
45;364
45;365
45;366
45;367
45;368
45;369
45;370
45;371
45;372
45;373
45;374
45;375
45;376
45;377
45;378
45;379
45;380
45;381
45;382
45;383
45;384
45;385
45;386
45;387
45;388
45;389
45;390
45;391
45;392
45;393
45;394
45;395
45;396
45;397
45;398
45;399
45;400
45;401
45;402
45;403
45;404
45;405
45;406
45;407
45;408
45;409
45;410
45;411
45;412
45;413
45;414
45;415
45;416
45;417
45;418
45;419
45;420
45;421
45;422
45;423
45;424
45;425
45;426
45;427
45;428
45;429
45;430
45;431
45;432
45;433
45;434
45;435
45;436
45;437
45;438
45;439
45;440
45;441
45;442
45;443
45;444
45;445
45;446
45;447
45;448
45;449
45;450
45;451
45;452
45;453
45;454
45;455
45;456
45;457
45;458
45;459
45;460
45;461
45;462
45;463
45;464
45;465
45;466
45;467
45;468
45;469
45;470
45;471
45;472
45;473
45;474
45;475
45;476
45;477
45;478
45;479
45;480
45;481
45;482
45;483
45;484
45;485
45;486
45;487
46;4
46;5
46;6
46;7
46;8
46;9
46;10
46;11
46;12
46;13
46;14
46;15
46;16
46;17
46;18
46;19
46;20
46;21
46;22
46;23
46;24
46;25
46;26
46;27
46;28
46;29
46;30
46;31
46;32
46;33
46;34
46;35
46;36
46;37
46;38
46;39
46;40
46;41
46;42
46;43
46;44
46;45
46;46
46;47
46;48
46;49
46;50
46;51
46;52
46;53
46;54
46;55
46;56
46;57
46;58
46;59
46;60
46;61
46;62
46;63
46;64
46;65
46;66
46;67
46;68
46;69
46;70
46;71
46;72
46;73
46;74
46;75
46;76
46;77
46;172
46;173
46;174
46;175
46;176
46;177
46;178
46;179
46;180
46;181
46;182
46;183
46;184
46;185
46;186
46;187
46;188
46;189
46;190
46;191
46;192
46;193
46;194
46;195
46;196
46;197
46;198
46;199
46;200
46;201
46;202
46;203
46;204
46;205
46;206
46;207
46;208
46;209
46;210
46;211
46;212
46;213
46;214
46;215
46;216
46;217
46;218
46;219
46;220
46;221
46;222
46;223
46;224
46;225
46;226
46;227
46;228
46;229
46;230
46;231
46;361
46;362
46;363
46;364
46;365
46;366
46;367
46;368
46;369
46;370
46;371
46;372
46;373
46;374
46;375
46;376
46;377
46;378
46;379
46;380
46;381
46;382
46;383
46;384
46;385
46;386
46;387
46;388
46;389
46;390
46;391
46;392
46;393
46;394
46;395
46;396
46;397
46;398
46;399
46;400
46;401
46;402
46;403
46;404
46;405
46;406
46;407
46;408
46;409
46;410
46;411
46;412
46;413
46;414
46;415
46;416
46;417
46;418
46;419
46;420
46;421
46;422
46;423
46;424
46;425
46;426
46;427
46;428
46;429
46;430
46;431
46;432
46;433
46;434
46;435
46;436
46;437
46;438
46;439
46;440
46;441
46;442
46;443
46;444
46;445
46;446
46;447
46;448
46;449
46;450
46;451
46;452
46;453
46;454
46;455
46;456
46;457
46;458
46;459
46;460
46;461
46;462
46;463
46;464
46;465
46;466
46;467
46;468
46;469
46;470
46;471
46;472
46;473
46;474
46;475
46;476
46;477
46;478
46;479
46;480
46;481
46;482
46;483
46;484
46;485
46;486
46;487
47;4
47;5
47;6
47;7
47;8
47;9
47;10
47;11
47;12
47;13
47;14
47;15
47;16
47;17
47;18
47;19
47;20
47;21
47;22
47;23
47;24
47;25
47;26
47;27
47;28
47;29
47;30
47;31
47;32
47;33
47;34
47;35
47;36
47;37
47;38
47;39
47;40
47;41
47;42
47;43
47;44
47;45
47;46
47;47
47;48
47;49
47;50
47;51
47;52
47;53
47;54
47;55
47;56
47;57
47;58
47;59
47;60
47;61
47;62
47;63
47;64
47;65
47;66
47;67
47;68
47;69
47;70
47;71
47;72
47;73
47;74
47;75
47;170
47;171
47;172
47;173
47;174
47;175
47;176
47;177
47;178
47;179
47;180
47;181
47;182
47;183
47;184
47;185
47;186
47;187
47;188
47;189
47;190
47;191
47;192
47;193
47;194
47;195
47;196
47;197
47;198
47;199
47;200
47;201
47;202
47;203
47;204
47;205
47;206
47;207
47;208
47;209
47;210
47;211
47;212
47;213
47;214
47;215
47;216
47;217
47;218
47;219
47;220
47;221
47;222
47;223
47;224
47;225
47;226
47;227
47;228
47;229
47;230
47;362
47;363
47;364
47;365
47;366
47;367
47;368
47;369
47;370
47;371
47;372
47;373
47;374
47;375
47;376
47;377
47;378
47;379
47;380
47;381
47;382
47;383
47;384
47;385
47;386
47;387
47;388
47;389
47;390
47;391
47;392
47;393
47;394
47;395
47;396
47;397
47;398
47;399
47;400
47;401
47;402
47;403
47;404
47;405
47;406
47;407
47;408
47;409
47;410
47;411
47;412
47;413
47;414
47;415
47;416
47;417
47;418
47;419
47;420
47;421
47;422
47;423
47;424
47;425
47;426
47;427
47;428
47;429
47;430
47;431
47;432
47;433
47;434
47;435
47;436
47;437
47;438
47;439
47;440
47;441
47;442
47;443
47;444
47;445
47;446
47;447
47;448
47;449
47;450
47;451
47;452
47;453
47;454
47;455
47;456
47;457
47;458
47;459
47;460
47;461
47;462
47;463
47;464
47;465
47;466
47;467
47;468
47;469
47;470
47;471
47;472
47;473
47;474
47;475
47;476
47;477
47;478
47;479
47;480
47;481
47;482
47;483
47;484
47;485
47;486
47;487
48;4
48;5
48;6
48;7
48;8
48;9
48;10
48;11
48;12
48;13
48;14
48;15
48;16
48;17
48;18
48;19
48;20
48;21
48;22
48;23
48;24
48;25
48;26
48;27
48;28
48;29
48;30
48;31
48;32
48;33
48;34
48;35
48;36
48;37
48;38
48;39
48;40
48;41
48;42
48;43
48;44
48;45
48;46
48;47
48;48
48;49
48;50
48;51
48;52
48;53
48;54
48;55
48;56
48;57
48;58
48;59
48;60
48;61
48;62
48;63
48;64
48;65
48;66
48;67
48;68
48;69
48;70
48;71
48;72
48;73
48;168
48;169
48;170
48;171
48;172
48;173
48;174
48;175
48;176
48;177
48;178
48;179
48;180
48;181
48;182
48;183
48;184
48;185
48;186
48;187
48;188
48;189
48;190
48;191
48;192
48;193
48;194
48;195
48;196
48;197
48;198
48;199
48;200
48;201
48;202
48;203
48;204
48;205
48;206
48;207
48;208
48;209
48;210
48;211
48;212
48;213
48;214
48;215
48;216
48;217
48;218
48;219
48;220
48;221
48;222
48;223
48;224
48;225
48;226
48;227
48;228
48;363
48;364
48;365
48;366
48;367
48;368
48;369
48;370
48;371
48;372
48;373
48;374
48;375
48;376
48;377
48;378
48;379
48;380
48;381
48;382
48;383
48;384
48;385
48;386
48;387
48;388
48;389
48;390
48;391
48;392
48;393
48;394
48;395
48;396
48;397
48;398
48;399
48;400
48;401
48;402
48;403
48;404
48;405
48;406
48;407
48;408
48;409
48;410
48;411
48;412
48;413
48;414
48;415
48;416
48;417
48;418
48;419
48;420
48;421
48;422
48;423
48;424
48;425
48;426
48;427
48;428
48;429
48;430
48;431
48;432
48;433
48;434
48;435
48;436
48;437
48;438
48;439
48;440
48;441
48;442
48;443
48;444
48;445
48;446
48;447
48;448
48;449
48;450
48;451
48;452
48;453
48;454
48;455
48;456
48;457
48;458
48;459
48;460
48;461
48;462
48;463
48;464
48;465
48;466
48;467
48;468
48;469
48;470
48;471
48;472
48;473
48;474
48;475
48;476
48;477
48;478
48;479
48;480
48;481
48;482
48;483
48;484
48;485
48;486
48;487
49;4
49;5
49;6
49;7
49;8
49;9
49;10
49;11
49;12
49;13
49;14
49;15
49;16
49;17
49;18
49;19
49;20
49;21
49;22
49;23
49;24
49;25
49;26
49;27
49;28
49;29
49;30
49;31
49;32
49;33
49;34
49;35
49;36
49;37
49;38
49;39
49;40
49;41
49;42
49;43
49;44
49;45
49;46
49;47
49;48
49;49
49;50
49;51
49;52
49;53
49;54
49;55
49;56
49;57
49;58
49;59
49;60
49;61
49;62
49;63
49;64
49;65
49;66
49;67
49;68
49;69
49;70
49;167
49;168
49;169
49;170
49;171
49;172
49;173
49;174
49;175
49;176
49;177
49;178
49;179
49;180
49;181
49;182
49;183
49;184
49;185
49;186
49;187
49;188
49;189
49;190
49;191
49;192
49;193
49;194
49;195
49;196
49;197
49;198
49;199
49;200
49;201
49;202
49;203
49;204
49;205
49;206
49;207
49;208
49;209
49;210
49;211
49;212
49;213
49;214
49;215
49;216
49;217
49;218
49;219
49;220
49;221
49;222
49;223
49;224
49;225
49;226
49;364
49;365
49;366
49;367
49;368
49;369
49;370
49;371
49;372
49;373
49;374
49;375
49;376
49;377
49;378
49;379
49;380
49;381
49;382
49;383
49;384
49;385
49;386
49;387
49;388
49;389
49;390
49;391
49;392
49;393
49;394
49;395
49;396
49;397
49;398
49;399
49;400
49;401
49;402
49;403
49;404
49;405
49;406
49;407
49;408
49;409
49;410
49;411
49;412
49;413
49;414
49;415
49;416
49;417
49;418
49;419
49;420
49;421
49;422
49;423
49;424
49;425
49;426
49;427
49;428
49;429
49;430
49;431
49;432
49;433
49;434
49;435
49;436
49;437
49;438
49;439
49;440
49;441
49;442
49;443
49;444
49;445
49;446
49;447
49;448
49;449
49;450
49;451
49;452
49;453
49;454
49;455
49;456
49;457
49;458
49;459
49;460
49;461
49;462
49;463
49;464
49;465
49;466
49;467
49;468
49;469
49;470
49;471
49;472
49;473
49;474
49;475
49;476
49;477
49;478
49;479
49;480
49;481
49;482
49;483
49;484
49;485
49;486
49;487
50;4
50;5
50;6
50;7
50;8
50;9
50;10
50;11
50;12
50;13
50;14
50;15
50;16
50;17
50;18
50;19
50;20
50;21
50;22
50;23
50;24
50;25
50;26
50;27
50;28
50;29
50;30
50;31
50;32
50;33
50;34
50;35
50;36
50;37
50;38
50;39
50;40
50;41
50;42
50;43
50;44
50;45
50;46
50;47
50;48
50;49
50;50
50;51
50;52
50;53
50;54
50;55
50;56
50;57
50;58
50;59
50;60
50;61
50;62
50;63
50;64
50;65
50;66
50;67
50;68
50;165
50;166
50;167
50;168
50;169
50;170
50;171
50;172
50;173
50;174
50;175
50;176
50;177
50;178
50;179
50;180
50;181
50;182
50;183
50;184
50;185
50;186
50;187
50;188
50;189
50;190
50;191
50;192
50;193
50;194
50;195
50;196
50;197
50;198
50;199
50;200
50;201
50;202
50;203
50;204
50;205
50;206
50;207
50;208
50;209
50;210
50;211
50;212
50;213
50;214
50;217
50;218
50;219
50;220
50;221
50;222
50;223
50;365
50;366
50;367
50;368
50;369
50;370
50;371
50;372
50;373
50;374
50;375
50;376
50;377
50;378
50;379
50;380
50;381
50;382
50;383
50;384
50;385
50;386
50;387
50;388
50;389
50;390
50;391
50;392
50;393
50;394
50;395
50;396
50;397
50;398
50;399
50;400
50;401
50;402
50;403
50;404
50;405
50;406
50;407
50;408
50;409
50;410
50;411
50;412
50;413
50;414
50;415
50;416
50;417
50;418
50;419
50;420
50;421
50;422
50;423
50;424
50;425
50;426
50;427
50;428
50;429
50;430
50;431
50;432
50;433
50;434
50;435
50;436
50;437
50;438
50;439
50;440
50;441
50;442
50;443
50;444
50;445
50;446
50;447
50;448
50;449
50;450
50;451
50;452
50;453
50;454
50;455
50;456
50;457
50;458
50;459
50;460
50;461
50;462
50;463
50;464
50;465
50;466
50;467
50;468
50;469
50;470
50;471
50;472
50;473
50;474
50;475
50;476
50;477
50;478
50;479
50;480
50;481
50;482
50;483
50;484
50;485
50;486
50;487
51;3
51;4
51;5
51;6
51;7
51;8
51;9
51;10
51;11
51;12
51;13
51;14
51;15
51;16
51;17
51;18
51;19
51;20
51;21
51;22
51;23
51;24
51;25
51;26
51;27
51;28
51;29
51;30
51;31
51;32
51;33
51;34
51;35
51;36
51;37
51;38
51;39
51;40
51;41
51;42
51;43
51;44
51;45
51;46
51;47
51;48
51;49
51;50
51;51
51;52
51;53
51;54
51;55
51;56
51;57
51;58
51;59
51;60
51;61
51;62
51;63
51;64
51;65
51;66
51;164
51;165
51;166
51;167
51;168
51;169
51;170
51;171
51;172
51;173
51;174
51;175
51;176
51;177
51;178
51;179
51;180
51;181
51;182
51;183
51;184
51;185
51;186
51;187
51;188
51;189
51;190
51;191
51;192
51;193
51;194
51;195
51;196
51;197
51;198
51;199
51;200
51;201
51;202
51;203
51;204
51;205
51;206
51;207
51;208
51;209
51;210
51;211
51;212
51;213
51;214
51;366
51;367
51;368
51;369
51;370
51;371
51;372
51;373
51;374
51;375
51;376
51;377
51;378
51;379
51;380
51;381
51;382
51;383
51;384
51;385
51;386
51;387
51;388
51;389
51;390
51;391
51;392
51;393
51;394
51;395
51;396
51;397
51;398
51;399
51;400
51;401
51;402
51;403
51;404
51;405
51;406
51;407
51;408
51;409
51;410
51;411
51;412
51;413
51;414
51;415
51;416
51;417
51;418
51;419
51;420
51;421
51;422
51;423
51;424
51;425
51;426
51;427
51;428
51;429
51;430
51;431
51;432
51;433
51;434
51;435
51;436
51;437
51;438
51;439
51;440
51;441
51;442
51;443
51;444
51;445
51;446
51;447
51;448
51;449
51;450
51;451
51;452
51;453
51;454
51;455
51;456
51;457
51;458
51;459
51;460
51;461
51;462
51;463
51;464
51;465
51;466
51;467
51;468
51;469
51;470
51;471
51;472
51;473
51;474
51;475
51;476
51;477
51;478
51;479
51;480
51;481
51;482
51;483
51;484
51;485
51;486
51;487
52;3
52;4
52;5
52;6
52;7
52;8
52;9
52;10
52;11
52;12
52;13
52;14
52;15
52;16
52;17
52;18
52;19
52;20
52;21
52;22
52;23
52;24
52;25
52;26
52;27
52;28
52;29
52;30
52;31
52;32
52;33
52;34
52;35
52;36
52;37
52;38
52;39
52;40
52;41
52;42
52;43
52;44
52;45
52;46
52;47
52;48
52;49
52;50
52;51
52;52
52;53
52;54
52;55
52;56
52;57
52;58
52;59
52;60
52;61
52;62
52;63
52;162
52;163
52;164
52;165
52;166
52;167
52;168
52;169
52;170
52;171
52;172
52;173
52;174
52;175
52;176
52;177
52;178
52;179
52;180
52;181
52;182
52;183
52;184
52;185
52;186
52;187
52;188
52;189
52;190
52;191
52;192
52;193
52;194
52;195
52;196
52;197
52;198
52;199
52;200
52;201
52;202
52;203
52;204
52;205
52;206
52;207
52;208
52;209
52;210
52;211
52;212
52;213
52;214
52;367
52;368
52;369
52;370
52;371
52;372
52;373
52;374
52;375
52;376
52;377
52;378
52;379
52;380
52;381
52;382
52;383
52;384
52;385
52;386
52;387
52;388
52;389
52;390
52;391
52;392
52;393
52;394
52;395
52;396
52;397
52;398
52;399
52;400
52;401
52;402
52;403
52;404
52;405
52;406
52;407
52;408
52;409
52;410
52;411
52;412
52;413
52;414
52;415
52;416
52;417
52;418
52;419
52;420
52;421
52;422
52;423
52;424
52;425
52;426
52;427
52;428
52;429
52;430
52;431
52;432
52;433
52;434
52;435
52;436
52;437
52;438
52;439
52;440
52;441
52;442
52;443
52;444
52;445
52;446
52;447
52;448
52;449
52;450
52;451
52;452
52;453
52;454
52;455
52;456
52;457
52;458
52;459
52;460
52;461
52;462
52;463
52;464
52;465
52;466
52;467
52;468
52;469
52;470
52;471
52;472
52;473
52;474
52;475
52;476
52;477
52;478
52;479
52;480
52;481
52;482
52;483
52;484
52;485
52;486
52;487
53;3
53;4
53;5
53;6
53;7
53;8
53;9
53;10
53;11
53;12
53;13
53;14
53;15
53;16
53;17
53;18
53;19
53;20
53;21
53;22
53;23
53;24
53;25
53;26
53;27
53;28
53;29
53;30
53;31
53;32
53;33
53;34
53;35
53;36
53;37
53;38
53;39
53;40
53;41
53;42
53;43
53;44
53;45
53;46
53;47
53;48
53;49
53;50
53;51
53;52
53;53
53;54
53;55
53;56
53;57
53;58
53;59
53;60
53;61
53;161
53;162
53;163
53;164
53;165
53;166
53;167
53;168
53;169
53;170
53;171
53;172
53;173
53;174
53;175
53;176
53;177
53;178
53;179
53;180
53;181
53;182
53;183
53;184
53;185
53;186
53;187
53;188
53;189
53;190
53;191
53;192
53;193
53;194
53;195
53;196
53;197
53;198
53;199
53;200
53;201
53;202
53;203
53;204
53;205
53;206
53;207
53;208
53;209
53;210
53;211
53;212
53;213
53;214
53;368
53;369
53;370
53;371
53;372
53;373
53;374
53;375
53;376
53;377
53;378
53;379
53;380
53;381
53;382
53;383
53;384
53;385
53;386
53;387
53;388
53;389
53;390
53;391
53;392
53;393
53;394
53;395
53;396
53;397
53;398
53;399
53;400
53;401
53;402
53;403
53;404
53;405
53;406
53;407
53;408
53;409
53;410
53;411
53;412
53;413
53;414
53;415
53;416
53;417
53;418
53;419
53;420
53;421
53;422
53;423
53;424
53;425
53;426
53;427
53;428
53;429
53;430
53;431
53;432
53;433
53;434
53;435
53;436
53;437
53;438
53;439
53;440
53;441
53;442
53;443
53;444
53;445
53;446
53;447
53;448
53;449
53;450
53;451
53;452
53;453
53;454
53;455
53;456
53;457
53;458
53;459
53;460
53;461
53;462
53;463
53;464
53;465
53;466
53;467
53;468
53;469
53;470
53;471
53;472
53;473
53;474
53;475
53;476
53;477
53;478
53;479
53;480
53;481
53;482
53;483
53;484
53;485
53;486
53;487
54;3
54;4
54;5
54;6
54;7
54;8
54;9
54;10
54;11
54;12
54;13
54;14
54;15
54;16
54;17
54;18
54;19
54;20
54;21
54;22
54;23
54;24
54;25
54;26
54;27
54;28
54;29
54;30
54;31
54;32
54;33
54;34
54;35
54;36
54;37
54;38
54;39
54;40
54;41
54;42
54;43
54;44
54;45
54;46
54;47
54;48
54;49
54;50
54;51
54;52
54;53
54;54
54;55
54;56
54;57
54;58
54;159
54;160
54;161
54;162
54;163
54;164
54;165
54;166
54;167
54;168
54;169
54;170
54;171
54;172
54;173
54;174
54;175
54;176
54;177
54;178
54;179
54;180
54;181
54;182
54;183
54;184
54;185
54;186
54;187
54;188
54;189
54;190
54;191
54;192
54;193
54;194
54;195
54;196
54;197
54;198
54;199
54;200
54;201
54;202
54;203
54;204
54;205
54;206
54;207
54;208
54;209
54;210
54;211
54;212
54;213
54;214
54;369
54;370
54;371
54;372
54;373
54;374
54;375
54;376
54;377
54;378
54;379
54;380
54;381
54;382
54;383
54;384
54;385
54;386
54;387
54;388
54;389
54;390
54;391
54;392
54;393
54;394
54;395
54;396
54;397
54;398
54;399
54;400
54;401
54;402
54;403
54;404
54;405
54;406
54;407
54;408
54;409
54;410
54;411
54;412
54;413
54;414
54;415
54;416
54;417
54;418
54;419
54;420
54;421
54;422
54;423
54;424
54;425
54;426
54;427
54;428
54;429
54;430
54;431
54;432
54;433
54;434
54;435
54;436
54;437
54;438
54;439
54;440
54;441
54;442
54;443
54;444
54;445
54;446
54;447
54;448
54;449
54;450
54;451
54;452
54;453
54;454
54;455
54;456
54;457
54;458
54;459
54;460
54;461
54;462
54;463
54;464
54;465
54;466
54;467
54;468
54;469
54;470
54;471
54;472
54;473
54;474
54;475
54;476
54;477
54;478
54;479
54;480
54;481
54;482
54;483
54;484
54;485
54;486
55;3
55;4
55;5
55;6
55;7
55;8
55;9
55;10
55;11
55;12
55;13
55;14
55;15
55;16
55;17
55;18
55;19
55;20
55;21
55;22
55;23
55;24
55;25
55;26
55;27
55;28
55;29
55;30
55;31
55;32
55;33
55;34
55;35
55;36
55;37
55;38
55;39
55;40
55;41
55;42
55;43
55;44
55;45
55;46
55;47
55;48
55;49
55;50
55;51
55;52
55;53
55;54
55;55
55;56
55;57
55;58
55;158
55;159
55;160
55;161
55;162
55;163
55;164
55;165
55;166
55;167
55;168
55;169
55;170
55;171
55;172
55;173
55;174
55;175
55;176
55;177
55;178
55;179
55;180
55;181
55;182
55;183
55;184
55;185
55;186
55;187
55;188
55;189
55;190
55;191
55;192
55;193
55;194
55;195
55;196
55;197
55;198
55;199
55;200
55;201
55;202
55;203
55;204
55;205
55;206
55;207
55;208
55;209
55;210
55;211
55;212
55;213
55;214
55;370
55;371
55;372
55;373
55;374
55;375
55;376
55;377
55;378
55;379
55;380
55;381
55;382
55;383
55;384
55;385
55;386
55;387
55;388
55;389
55;390
55;391
55;392
55;393
55;394
55;395
55;396
55;397
55;398
55;399
55;400
55;401
55;402
55;403
55;404
55;405
55;406
55;407
55;408
55;409
55;410
55;411
55;412
55;413
55;414
55;415
55;416
55;417
55;418
55;419
55;420
55;421
55;422
55;423
55;424
55;425
55;426
55;427
55;428
55;429
55;430
55;431
55;432
55;433
55;434
55;435
55;436
55;437
55;438
55;439
55;440
55;441
55;442
55;443
55;444
55;445
55;446
55;447
55;448
55;449
55;450
55;451
55;452
55;453
55;454
55;455
55;456
55;457
55;458
55;459
55;460
55;461
55;462
55;463
55;464
55;465
55;466
55;467
55;468
55;469
55;470
55;471
55;472
55;473
55;474
55;475
55;476
55;477
55;478
55;479
55;480
55;481
55;482
55;483
55;484
55;485
55;486
56;2
56;3
56;4
56;5
56;6
56;7
56;8
56;9
56;10
56;11
56;12
56;13
56;14
56;15
56;16
56;17
56;18
56;19
56;20
56;21
56;22
56;23
56;24
56;25
56;26
56;27
56;28
56;29
56;30
56;31
56;32
56;33
56;34
56;35
56;36
56;37
56;38
56;39
56;40
56;41
56;42
56;43
56;44
56;45
56;46
56;47
56;48
56;49
56;50
56;51
56;52
56;53
56;54
56;55
56;56
56;57
56;58
56;59
56;60
56;156
56;157
56;158
56;159
56;160
56;161
56;162
56;163
56;164
56;165
56;166
56;167
56;168
56;169
56;170
56;171
56;172
56;173
56;174
56;175
56;176
56;177
56;178
56;179
56;180
56;181
56;182
56;183
56;184
56;185
56;186
56;187
56;188
56;189
56;190
56;191
56;192
56;193
56;194
56;195
56;196
56;197
56;198
56;199
56;200
56;201
56;202
56;203
56;204
56;205
56;206
56;207
56;208
56;209
56;210
56;211
56;212
56;213
56;214
56;371
56;372
56;373
56;374
56;375
56;376
56;377
56;378
56;379
56;380
56;381
56;382
56;383
56;384
56;385
56;386
56;387
56;388
56;389
56;390
56;391
56;392
56;393
56;394
56;395
56;396
56;397
56;398
56;399
56;400
56;401
56;402
56;403
56;404
56;405
56;406
56;407
56;408
56;409
56;410
56;411
56;412
56;413
56;414
56;415
56;416
56;417
56;418
56;419
56;420
56;421
56;422
56;423
56;424
56;425
56;426
56;427
56;428
56;429
56;430
56;431
56;432
56;433
56;434
56;435
56;436
56;437
56;438
56;439
56;440
56;441
56;442
56;443
56;444
56;445
56;446
56;447
56;448
56;449
56;450
56;451
56;452
56;453
56;454
56;455
56;456
56;457
56;458
56;459
56;460
56;461
56;462
56;463
56;464
56;465
56;466
56;467
56;468
56;469
56;470
56;471
56;472
56;473
56;474
56;475
56;476
56;477
56;478
56;479
56;480
56;481
56;482
56;483
56;484
56;485
56;486
57;1
57;2
57;3
57;4
57;5
57;6
57;7
57;8
57;9
57;10
57;11
57;12
57;13
57;14
57;15
57;16
57;17
57;18
57;19
57;20
57;21
57;22
57;23
57;24
57;25
57;26
57;27
57;28
57;29
57;30
57;31
57;32
57;33
57;34
57;35
57;36
57;37
57;38
57;39
57;40
57;41
57;42
57;43
57;44
57;45
57;46
57;47
57;48
57;49
57;50
57;51
57;52
57;53
57;54
57;55
57;56
57;57
57;58
57;59
57;60
57;61
57;155
57;156
57;157
57;158
57;159
57;160
57;161
57;162
57;163
57;164
57;165
57;166
57;167
57;168
57;169
57;170
57;171
57;172
57;173
57;174
57;175
57;176
57;177
57;178
57;179
57;180
57;181
57;182
57;183
57;184
57;185
57;186
57;187
57;188
57;189
57;190
57;191
57;192
57;193
57;194
57;195
57;196
57;197
57;198
57;199
57;200
57;201
57;202
57;203
57;204
57;205
57;206
57;207
57;208
57;209
57;210
57;211
57;212
57;213
57;214
57;372
57;373
57;374
57;375
57;376
57;377
57;378
57;379
57;380
57;381
57;382
57;383
57;384
57;385
57;386
57;387
57;388
57;389
57;390
57;391
57;392
57;393
57;394
57;395
57;396
57;397
57;398
57;399
57;400
57;401
57;402
57;403
57;404
57;405
57;406
57;407
57;408
57;409
57;410
57;411
57;412
57;413
57;414
57;415
57;416
57;417
57;418
57;419
57;420
57;421
57;422
57;423
57;424
57;425
57;426
57;427
57;428
57;429
57;430
57;431
57;432
57;433
57;434
57;435
57;436
57;437
57;438
57;439
57;440
57;441
57;442
57;443
57;444
57;445
57;446
57;447
57;448
57;449
57;450
57;451
57;452
57;453
57;454
57;455
57;456
57;457
57;458
57;459
57;460
57;461
57;462
57;463
57;464
57;465
57;466
57;467
57;468
57;469
57;470
57;471
57;472
57;473
57;474
57;475
57;476
57;477
57;478
57;479
57;480
57;481
57;482
57;483
57;484
57;485
57;486
58;1
58;2
58;3
58;4
58;5
58;6
58;7
58;8
58;9
58;10
58;11
58;12
58;13
58;14
58;15
58;16
58;17
58;18
58;19
58;20
58;21
58;22
58;23
58;24
58;25
58;26
58;27
58;28
58;29
58;30
58;31
58;32
58;33
58;34
58;35
58;36
58;37
58;38
58;39
58;40
58;41
58;42
58;43
58;44
58;45
58;46
58;47
58;48
58;49
58;50
58;51
58;52
58;53
58;54
58;55
58;56
58;57
58;58
58;59
58;60
58;61
58;62
58;153
58;154
58;155
58;156
58;157
58;158
58;159
58;160
58;161
58;162
58;163
58;164
58;165
58;166
58;167
58;168
58;169
58;170
58;171
58;172
58;173
58;174
58;175
58;176
58;177
58;178
58;179
58;180
58;181
58;182
58;183
58;184
58;185
58;186
58;187
58;188
58;189
58;190
58;191
58;192
58;193
58;194
58;195
58;196
58;197
58;198
58;199
58;200
58;201
58;202
58;203
58;204
58;205
58;206
58;207
58;208
58;209
58;210
58;211
58;212
58;213
58;214
58;373
58;374
58;375
58;376
58;377
58;378
58;379
58;380
58;381
58;382
58;383
58;384
58;385
58;386
58;387
58;388
58;389
58;390
58;391
58;392
58;393
58;394
58;395
58;396
58;397
58;398
58;399
58;400
58;401
58;402
58;403
58;404
58;405
58;406
58;407
58;408
58;409
58;410
58;411
58;412
58;413
58;414
58;415
58;416
58;417
58;418
58;419
58;420
58;421
58;422
58;423
58;424
58;425
58;426
58;427
58;428
58;429
58;430
58;431
58;432
58;433
58;434
58;435
58;436
58;437
58;438
58;439
58;440
58;441
58;442
58;443
58;444
58;445
58;446
58;447
58;448
58;449
58;450
58;451
58;452
58;453
58;454
58;455
58;456
58;457
58;458
58;459
58;460
58;461
58;462
58;463
58;464
58;465
58;466
58;467
58;468
58;469
58;470
58;471
58;472
58;473
58;474
58;475
58;476
58;477
58;478
58;479
58;480
58;481
58;482
58;483
58;484
58;485
59;0
59;1
59;2
59;3
59;4
59;5
59;6
59;7
59;8
59;9
59;10
59;11
59;12
59;13
59;14
59;15
59;16
59;17
59;18
59;19
59;20
59;21
59;22
59;23
59;24
59;25
59;26
59;27
59;28
59;29
59;30
59;31
59;32
59;33
59;34
59;35
59;36
59;37
59;38
59;39
59;40
59;41
59;42
59;43
59;44
59;45
59;46
59;47
59;48
59;49
59;50
59;51
59;52
59;53
59;54
59;55
59;56
59;57
59;58
59;59
59;60
59;61
59;62
59;63
59;64
59;151
59;152
59;153
59;154
59;155
59;156
59;157
59;158
59;159
59;160
59;161
59;162
59;163
59;164
59;165
59;166
59;167
59;168
59;169
59;170
59;171
59;172
59;173
59;174
59;175
59;176
59;177
59;178
59;179
59;180
59;181
59;182
59;183
59;184
59;185
59;186
59;187
59;188
59;189
59;190
59;191
59;192
59;193
59;194
59;195
59;196
59;197
59;198
59;199
59;200
59;201
59;202
59;203
59;204
59;205
59;206
59;207
59;208
59;209
59;210
59;211
59;212
59;213
59;214
59;215
59;374
59;375
59;376
59;377
59;378
59;379
59;380
59;381
59;382
59;383
59;384
59;385
59;386
59;387
59;388
59;389
59;390
59;391
59;392
59;393
59;394
59;395
59;396
59;397
59;398
59;399
59;400
59;401
59;402
59;403
59;404
59;405
59;406
59;407
59;408
59;409
59;410
59;411
59;412
59;413
59;414
59;415
59;416
59;417
59;418
59;419
59;420
59;421
59;422
59;423
59;424
59;425
59;426
59;427
59;428
59;429
59;430
59;431
59;432
59;433
59;434
59;435
59;436
59;437
59;438
59;439
59;440
59;441
59;442
59;443
59;444
59;445
59;446
59;447
59;448
59;449
59;450
59;451
59;452
59;453
59;454
59;455
59;456
59;457
59;458
59;459
59;460
59;461
59;462
59;463
59;464
59;465
59;466
59;467
59;468
59;469
59;470
59;471
59;472
59;473
59;474
59;475
59;476
59;477
59;478
59;479
59;480
59;481
59;482
59;483
59;484
59;485
60;0
60;1
60;2
60;3
60;4
60;5
60;6
60;7
60;8
60;9
60;10
60;11
60;12
60;13
60;14
60;15
60;16
60;17
60;18
60;19
60;20
60;21
60;22
60;23
60;24
60;25
60;26
60;27
60;28
60;29
60;30
60;31
60;32
60;33
60;34
60;35
60;36
60;37
60;38
60;39
60;40
60;41
60;42
60;43
60;44
60;45
60;46
60;47
60;48
60;49
60;50
60;51
60;52
60;53
60;54
60;55
60;56
60;57
60;58
60;59
60;60
60;61
60;62
60;63
60;64
60;65
60;150
60;151
60;152
60;153
60;154
60;155
60;156
60;157
60;158
60;159
60;160
60;161
60;162
60;163
60;164
60;165
60;166
60;167
60;168
60;169
60;170
60;171
60;172
60;173
60;174
60;175
60;176
60;177
60;178
60;179
60;180
60;181
60;182
60;183
60;184
60;185
60;186
60;187
60;188
60;189
60;190
60;191
60;192
60;193
60;194
60;195
60;196
60;197
60;198
60;199
60;200
60;201
60;202
60;203
60;204
60;205
60;206
60;207
60;208
60;209
60;210
60;211
60;212
60;213
60;214
60;215
60;375
60;376
60;377
60;378
60;379
60;380
60;381
60;382
60;383
60;384
60;385
60;386
60;387
60;388
60;389
60;390
60;391
60;392
60;393
60;394
60;395
60;396
60;397
60;398
60;399
60;400
60;401
60;402
60;403
60;404
60;405
60;406
60;407
60;408
60;409
60;410
60;411
60;412
60;413
60;414
60;415
60;416
60;417
60;418
60;419
60;420
60;421
60;422
60;423
60;424
60;425
60;426
60;427
60;428
60;429
60;430
60;431
60;432
60;433
60;434
60;435
60;436
60;437
60;438
60;439
60;440
60;441
60;442
60;443
60;444
60;445
60;446
60;447
60;448
60;449
60;450
60;451
60;452
60;453
60;454
60;455
60;456
60;457
60;458
60;459
60;460
60;461
60;462
60;463
60;464
60;465
60;466
60;467
60;468
60;469
60;470
60;471
60;472
60;473
60;474
60;475
60;476
60;477
60;478
60;479
60;480
60;481
60;482
60;483
60;484
60;485
61;0
61;1
61;2
61;3
61;4
61;5
61;6
61;7
61;8
61;9
61;10
61;11
61;12
61;13
61;14
61;15
61;16
61;17
61;18
61;19
61;20
61;21
61;22
61;23
61;24
61;25
61;26
61;27
61;28
61;29
61;30
61;31
61;32
61;33
61;34
61;35
61;36
61;37
61;38
61;39
61;40
61;41
61;42
61;43
61;44
61;45
61;46
61;47
61;48
61;49
61;50
61;51
61;52
61;53
61;54
61;55
61;56
61;57
61;58
61;59
61;60
61;61
61;62
61;63
61;64
61;65
61;66
61;67
61;148
61;149
61;150
61;151
61;152
61;153
61;154
61;155
61;156
61;157
61;158
61;159
61;160
61;161
61;162
61;163
61;164
61;165
61;166
61;167
61;168
61;169
61;170
61;171
61;172
61;173
61;174
61;175
61;176
61;177
61;178
61;179
61;180
61;181
61;182
61;183
61;184
61;185
61;186
61;187
61;188
61;189
61;190
61;191
61;192
61;193
61;194
61;195
61;196
61;197
61;198
61;199
61;200
61;201
61;202
61;203
61;204
61;205
61;206
61;207
61;208
61;209
61;210
61;211
61;212
61;213
61;214
61;215
61;376
61;377
61;378
61;379
61;380
61;381
61;382
61;383
61;384
61;385
61;386
61;387
61;388
61;389
61;390
61;391
61;392
61;393
61;394
61;395
61;396
61;397
61;398
61;399
61;400
61;401
61;402
61;403
61;404
61;405
61;406
61;407
61;408
61;409
61;410
61;411
61;412
61;413
61;414
61;415
61;416
61;417
61;418
61;419
61;420
61;421
61;422
61;423
61;424
61;425
61;426
61;427
61;428
61;429
61;430
61;431
61;432
61;433
61;434
61;435
61;436
61;437
61;438
61;439
61;440
61;441
61;442
61;443
61;444
61;445
61;446
61;447
61;448
61;449
61;450
61;451
61;452
61;453
61;454
61;455
61;456
61;457
61;458
61;459
61;460
61;461
61;462
61;463
61;464
61;465
61;466
61;467
61;468
61;469
61;470
61;471
61;472
61;473
61;474
61;475
61;476
61;477
61;478
61;479
61;480
61;481
61;482
61;483
61;484
62;0
62;1
62;2
62;3
62;4
62;5
62;6
62;7
62;8
62;9
62;10
62;11
62;12
62;13
62;14
62;15
62;16
62;17
62;18
62;19
62;20
62;21
62;22
62;23
62;24
62;25
62;26
62;27
62;28
62;29
62;30
62;31
62;32
62;33
62;34
62;35
62;36
62;37
62;38
62;39
62;40
62;41
62;42
62;43
62;44
62;45
62;46
62;47
62;48
62;49
62;50
62;51
62;52
62;53
62;54
62;55
62;56
62;57
62;58
62;59
62;60
62;61
62;62
62;63
62;64
62;65
62;66
62;67
62;68
62;147
62;148
62;149
62;150
62;151
62;152
62;153
62;154
62;155
62;156
62;157
62;158
62;159
62;160
62;161
62;162
62;163
62;164
62;165
62;166
62;167
62;168
62;169
62;170
62;171
62;172
62;173
62;174
62;175
62;176
62;177
62;178
62;179
62;180
62;181
62;182
62;183
62;184
62;185
62;186
62;187
62;188
62;189
62;190
62;191
62;192
62;193
62;194
62;195
62;196
62;197
62;198
62;199
62;200
62;201
62;202
62;203
62;204
62;205
62;206
62;207
62;208
62;209
62;210
62;211
62;212
62;213
62;214
62;215
62;377
62;378
62;379
62;380
62;381
62;382
62;383
62;384
62;385
62;386
62;387
62;388
62;389
62;390
62;391
62;392
62;393
62;394
62;395
62;396
62;397
62;398
62;399
62;400
62;401
62;402
62;403
62;404
62;405
62;406
62;407
62;408
62;409
62;410
62;411
62;412
62;413
62;414
62;415
62;416
62;417
62;418
62;419
62;420
62;421
62;422
62;423
62;424
62;425
62;426
62;427
62;428
62;429
62;430
62;431
62;432
62;433
62;434
62;435
62;436
62;437
62;438
62;439
62;440
62;441
62;442
62;443
62;444
62;445
62;446
62;447
62;448
62;449
62;450
62;451
62;452
62;453
62;454
62;455
62;456
62;457
62;458
62;459
62;460
62;461
62;462
62;463
62;464
62;465
62;466
62;467
62;468
62;469
62;470
62;471
62;472
62;473
62;474
62;475
62;476
62;477
62;478
62;479
62;480
62;481
62;482
62;483
62;484
63;0
63;1
63;2
63;3
63;4
63;5
63;6
63;7
63;8
63;9
63;10
63;11
63;12
63;13
63;14
63;15
63;16
63;17
63;18
63;19
63;20
63;21
63;22
63;23
63;24
63;25
63;26
63;27
63;28
63;29
63;30
63;31
63;32
63;33
63;34
63;35
63;36
63;37
63;38
63;39
63;40
63;41
63;42
63;43
63;44
63;45
63;46
63;47
63;48
63;49
63;50
63;51
63;52
63;53
63;54
63;55
63;56
63;57
63;58
63;59
63;60
63;61
63;62
63;63
63;64
63;65
63;66
63;67
63;68
63;69
63;145
63;146
63;147
63;148
63;149
63;150
63;151
63;152
63;153
63;154
63;155
63;156
63;157
63;158
63;159
63;160
63;161
63;162
63;163
63;164
63;165
63;166
63;167
63;168
63;169
63;170
63;171
63;172
63;173
63;174
63;175
63;176
63;177
63;178
63;179
63;180
63;181
63;182
63;183
63;184
63;185
63;186
63;187
63;188
63;189
63;190
63;191
63;192
63;193
63;194
63;195
63;196
63;197
63;198
63;199
63;200
63;201
63;202
63;203
63;204
63;205
63;206
63;207
63;208
63;209
63;210
63;211
63;212
63;213
63;214
63;215
63;378
63;379
63;380
63;381
63;382
63;383
63;384
63;385
63;386
63;387
63;388
63;389
63;390
63;391
63;392
63;393
63;394
63;395
63;396
63;397
63;398
63;399
63;400
63;401
63;402
63;403
63;404
63;405
63;406
63;407
63;408
63;409
63;410
63;411
63;412
63;413
63;414
63;415
63;416
63;417
63;418
63;419
63;420
63;421
63;422
63;423
63;424
63;425
63;426
63;427
63;428
63;429
63;430
63;431
63;432
63;433
63;434
63;435
63;436
63;437
63;438
63;439
63;440
63;441
63;442
63;443
63;444
63;445
63;446
63;447
63;448
63;449
63;450
63;451
63;452
63;453
63;454
63;455
63;456
63;457
63;458
63;459
63;460
63;461
63;462
63;463
63;464
63;465
63;466
63;467
63;468
63;469
63;470
63;471
63;472
63;473
63;474
63;475
63;476
63;477
63;478
63;479
63;480
63;481
63;482
63;483
64;0
64;1
64;2
64;3
64;4
64;5
64;6
64;7
64;8
64;9
64;10
64;11
64;12
64;13
64;14
64;15
64;16
64;17
64;18
64;19
64;20
64;21
64;22
64;23
64;24
64;25
64;26
64;27
64;28
64;29
64;30
64;31
64;32
64;33
64;34
64;35
64;36
64;37
64;38
64;39
64;40
64;41
64;42
64;43
64;44
64;45
64;46
64;47
64;48
64;49
64;50
64;51
64;52
64;53
64;54
64;55
64;56
64;57
64;58
64;59
64;60
64;61
64;62
64;63
64;64
64;65
64;66
64;67
64;68
64;69
64;70
64;71
64;144
64;145
64;146
64;147
64;148
64;149
64;150
64;151
64;152
64;153
64;154
64;155
64;156
64;157
64;158
64;159
64;160
64;161
64;162
64;163
64;164
64;165
64;166
64;167
64;168
64;169
64;170
64;171
64;172
64;173
64;174
64;175
64;176
64;177
64;178
64;179
64;180
64;181
64;182
64;183
64;184
64;185
64;186
64;187
64;188
64;189
64;190
64;191
64;192
64;193
64;194
64;195
64;196
64;197
64;198
64;199
64;200
64;201
64;202
64;203
64;204
64;205
64;206
64;207
64;208
64;209
64;210
64;211
64;212
64;213
64;214
64;215
64;379
64;380
64;381
64;382
64;383
64;384
64;385
64;386
64;387
64;388
64;389
64;390
64;391
64;392
64;393
64;394
64;395
64;396
64;397
64;398
64;399
64;400
64;401
64;402
64;403
64;404
64;405
64;406
64;407
64;408
64;409
64;410
64;411
64;412
64;413
64;414
64;415
64;416
64;417
64;418
64;419
64;420
64;421
64;422
64;423
64;424
64;425
64;426
64;427
64;428
64;429
64;430
64;431
64;432
64;433
64;434
64;435
64;436
64;437
64;438
64;439
64;440
64;441
64;442
64;443
64;444
64;445
64;446
64;447
64;448
64;449
64;450
64;451
64;452
64;453
64;454
64;455
64;456
64;457
64;458
64;459
64;460
64;461
64;462
64;463
64;464
64;465
64;466
64;467
64;468
64;469
64;470
64;471
64;472
64;473
64;474
64;475
64;476
64;477
64;478
64;479
64;480
64;481
64;482
64;483
65;0
65;1
65;2
65;3
65;4
65;5
65;6
65;7
65;8
65;9
65;10
65;11
65;12
65;13
65;14
65;15
65;16
65;17
65;18
65;19
65;20
65;21
65;22
65;23
65;24
65;25
65;26
65;27
65;28
65;29
65;30
65;31
65;32
65;33
65;34
65;35
65;36
65;37
65;38
65;39
65;40
65;41
65;42
65;43
65;44
65;45
65;46
65;47
65;48
65;49
65;50
65;51
65;52
65;53
65;54
65;55
65;56
65;57
65;58
65;59
65;60
65;61
65;62
65;63
65;64
65;65
65;66
65;67
65;68
65;69
65;70
65;71
65;72
65;142
65;143
65;144
65;145
65;146
65;147
65;148
65;149
65;150
65;151
65;152
65;153
65;154
65;155
65;156
65;157
65;158
65;159
65;160
65;161
65;162
65;163
65;164
65;165
65;166
65;167
65;168
65;169
65;170
65;171
65;172
65;173
65;174
65;175
65;176
65;177
65;178
65;179
65;180
65;181
65;182
65;183
65;184
65;185
65;186
65;187
65;188
65;189
65;190
65;191
65;192
65;193
65;194
65;195
65;196
65;197
65;198
65;199
65;200
65;201
65;202
65;203
65;204
65;205
65;206
65;207
65;208
65;209
65;210
65;211
65;212
65;213
65;214
65;215
65;380
65;381
65;382
65;383
65;384
65;385
65;386
65;387
65;388
65;389
65;390
65;391
65;392
65;393
65;394
65;395
65;396
65;397
65;398
65;399
65;400
65;401
65;402
65;403
65;404
65;405
65;406
65;407
65;408
65;409
65;410
65;411
65;412
65;413
65;414
65;415
65;416
65;417
65;418
65;419
65;420
65;421
65;422
65;423
65;424
65;425
65;426
65;427
65;428
65;429
65;430
65;431
65;432
65;433
65;434
65;435
65;436
65;437
65;438
65;439
65;440
65;441
65;442
65;443
65;444
65;445
65;446
65;447
65;448
65;449
65;450
65;451
65;452
65;453
65;454
65;455
65;456
65;457
65;458
65;459
65;460
65;461
65;462
65;463
65;464
65;465
65;466
65;467
65;468
65;469
65;470
65;471
65;472
65;473
65;474
65;475
65;476
65;477
65;478
65;479
65;480
65;481
65;482
66;0
66;1
66;2
66;3
66;4
66;5
66;6
66;7
66;8
66;9
66;10
66;11
66;12
66;13
66;14
66;15
66;16
66;17
66;18
66;19
66;20
66;21
66;22
66;23
66;24
66;25
66;26
66;27
66;28
66;29
66;30
66;31
66;32
66;33
66;34
66;35
66;36
66;37
66;38
66;39
66;40
66;41
66;42
66;43
66;44
66;45
66;46
66;47
66;48
66;49
66;50
66;51
66;52
66;53
66;54
66;55
66;56
66;57
66;58
66;59
66;60
66;61
66;62
66;63
66;64
66;65
66;66
66;67
66;68
66;69
66;70
66;71
66;72
66;73
66;74
66;141
66;142
66;143
66;144
66;145
66;146
66;147
66;148
66;149
66;150
66;151
66;152
66;153
66;154
66;155
66;156
66;157
66;158
66;159
66;160
66;161
66;162
66;163
66;164
66;165
66;166
66;167
66;168
66;169
66;170
66;171
66;172
66;173
66;174
66;175
66;176
66;177
66;178
66;179
66;180
66;181
66;182
66;183
66;184
66;185
66;186
66;187
66;188
66;189
66;190
66;191
66;192
66;193
66;194
66;195
66;196
66;197
66;198
66;199
66;200
66;201
66;202
66;203
66;204
66;205
66;206
66;207
66;208
66;209
66;210
66;211
66;212
66;213
66;214
66;215
66;381
66;382
66;383
66;384
66;385
66;386
66;387
66;388
66;389
66;390
66;391
66;392
66;393
66;394
66;395
66;396
66;397
66;398
66;399
66;400
66;401
66;402
66;403
66;404
66;405
66;406
66;407
66;408
66;409
66;410
66;411
66;412
66;413
66;414
66;415
66;416
66;417
66;418
66;419
66;420
66;421
66;422
66;423
66;424
66;425
66;426
66;427
66;428
66;429
66;430
66;431
66;432
66;433
66;434
66;435
66;436
66;437
66;438
66;439
66;440
66;441
66;442
66;443
66;444
66;445
66;446
66;447
66;448
66;449
66;450
66;451
66;452
66;453
66;454
66;455
66;456
66;457
66;458
66;459
66;460
66;461
66;462
66;463
66;464
66;465
66;466
66;467
66;468
66;469
66;470
66;471
66;472
66;473
66;474
66;475
66;476
66;477
66;478
66;479
66;480
66;481
66;482
67;0
67;1
67;2
67;3
67;4
67;5
67;6
67;7
67;8
67;9
67;10
67;11
67;12
67;13
67;14
67;15
67;16
67;17
67;18
67;19
67;20
67;21
67;22
67;23
67;24
67;25
67;26
67;27
67;28
67;29
67;30
67;31
67;32
67;33
67;34
67;35
67;36
67;37
67;38
67;39
67;40
67;41
67;42
67;43
67;44
67;45
67;46
67;47
67;48
67;49
67;50
67;51
67;52
67;53
67;54
67;55
67;56
67;57
67;58
67;59
67;60
67;61
67;62
67;63
67;64
67;65
67;66
67;67
67;68
67;69
67;70
67;71
67;72
67;73
67;74
67;75
67;139
67;140
67;141
67;142
67;143
67;144
67;145
67;146
67;147
67;148
67;149
67;150
67;151
67;152
67;153
67;154
67;155
67;156
67;157
67;158
67;159
67;160
67;161
67;162
67;163
67;164
67;165
67;166
67;167
67;168
67;169
67;170
67;171
67;172
67;173
67;174
67;175
67;176
67;177
67;178
67;179
67;180
67;181
67;182
67;183
67;184
67;185
67;186
67;187
67;188
67;189
67;190
67;191
67;192
67;193
67;194
67;195
67;196
67;197
67;198
67;199
67;200
67;201
67;202
67;203
67;204
67;205
67;206
67;207
67;208
67;209
67;210
67;211
67;212
67;213
67;214
67;215
67;382
67;383
67;384
67;385
67;386
67;387
67;388
67;389
67;390
67;391
67;392
67;393
67;394
67;395
67;396
67;397
67;398
67;399
67;400
67;401
67;402
67;403
67;404
67;405
67;406
67;407
67;408
67;409
67;410
67;411
67;412
67;413
67;414
67;415
67;416
67;417
67;418
67;419
67;420
67;421
67;422
67;423
67;424
67;425
67;426
67;427
67;428
67;429
67;430
67;431
67;432
67;433
67;434
67;435
67;436
67;437
67;438
67;439
67;440
67;441
67;442
67;443
67;444
67;445
67;446
67;447
67;448
67;449
67;450
67;451
67;452
67;453
67;454
67;455
67;456
67;457
67;458
67;459
67;460
67;461
67;462
67;463
67;464
67;465
67;466
67;467
67;468
67;469
67;470
67;471
67;472
67;473
67;474
67;475
67;476
67;477
67;478
67;479
67;480
67;481
68;0
68;1
68;2
68;3
68;4
68;5
68;6
68;7
68;8
68;9
68;10
68;11
68;12
68;13
68;14
68;15
68;16
68;17
68;18
68;19
68;20
68;21
68;22
68;23
68;24
68;25
68;26
68;27
68;28
68;29
68;30
68;31
68;32
68;33
68;34
68;35
68;36
68;37
68;38
68;39
68;40
68;41
68;42
68;43
68;44
68;45
68;46
68;47
68;48
68;49
68;50
68;51
68;52
68;53
68;54
68;55
68;56
68;57
68;58
68;59
68;60
68;61
68;62
68;63
68;64
68;65
68;66
68;67
68;68
68;69
68;70
68;71
68;72
68;73
68;74
68;75
68;76
68;138
68;139
68;140
68;141
68;142
68;143
68;144
68;145
68;146
68;147
68;148
68;149
68;150
68;151
68;152
68;153
68;154
68;155
68;156
68;157
68;158
68;159
68;160
68;161
68;162
68;163
68;164
68;165
68;166
68;167
68;168
68;169
68;170
68;171
68;172
68;173
68;174
68;175
68;176
68;177
68;178
68;179
68;180
68;181
68;182
68;183
68;184
68;185
68;186
68;187
68;188
68;189
68;190
68;191
68;192
68;193
68;194
68;195
68;196
68;197
68;198
68;199
68;200
68;201
68;202
68;203
68;204
68;205
68;206
68;207
68;208
68;209
68;210
68;211
68;212
68;213
68;214
68;215
68;383
68;384
68;385
68;386
68;387
68;388
68;389
68;390
68;391
68;392
68;393
68;394
68;395
68;396
68;397
68;398
68;399
68;400
68;401
68;402
68;403
68;404
68;405
68;406
68;407
68;408
68;409
68;410
68;411
68;412
68;413
68;414
68;415
68;416
68;417
68;418
68;419
68;420
68;421
68;422
68;423
68;424
68;425
68;426
68;427
68;428
68;429
68;430
68;431
68;432
68;433
68;434
68;435
68;436
68;437
68;438
68;439
68;440
68;441
68;442
68;443
68;444
68;445
68;446
68;447
68;448
68;449
68;450
68;451
68;452
68;453
68;454
68;455
68;456
68;457
68;458
68;459
68;460
68;461
68;462
68;463
68;464
68;465
68;466
68;467
68;468
68;469
68;470
68;471
68;472
68;473
68;474
68;475
68;476
68;477
68;478
68;479
68;480
68;481
69;0
69;1
69;2
69;3
69;4
69;5
69;6
69;7
69;8
69;9
69;10
69;11
69;12
69;13
69;14
69;15
69;16
69;17
69;18
69;19
69;20
69;21
69;22
69;23
69;24
69;25
69;26
69;27
69;28
69;29
69;30
69;31
69;32
69;33
69;34
69;35
69;36
69;37
69;38
69;39
69;40
69;41
69;42
69;43
69;44
69;45
69;46
69;47
69;48
69;49
69;50
69;51
69;52
69;53
69;54
69;55
69;56
69;57
69;58
69;59
69;60
69;61
69;62
69;63
69;64
69;65
69;66
69;67
69;68
69;69
69;70
69;71
69;72
69;73
69;74
69;75
69;136
69;137
69;138
69;139
69;140
69;141
69;142
69;143
69;144
69;145
69;146
69;147
69;148
69;149
69;150
69;151
69;152
69;153
69;154
69;155
69;156
69;157
69;158
69;159
69;160
69;161
69;162
69;163
69;164
69;165
69;166
69;167
69;168
69;169
69;170
69;171
69;172
69;173
69;174
69;175
69;176
69;177
69;178
69;179
69;180
69;181
69;182
69;183
69;184
69;185
69;186
69;187
69;188
69;189
69;190
69;191
69;192
69;193
69;194
69;195
69;196
69;197
69;198
69;199
69;200
69;201
69;202
69;203
69;204
69;205
69;206
69;207
69;208
69;209
69;210
69;211
69;212
69;213
69;214
69;215
69;384
69;385
69;386
69;387
69;388
69;389
69;390
69;391
69;392
69;393
69;394
69;395
69;396
69;397
69;398
69;399
69;400
69;401
69;402
69;403
69;404
69;405
69;406
69;407
69;408
69;409
69;410
69;411
69;412
69;413
69;414
69;415
69;416
69;417
69;418
69;419
69;420
69;421
69;422
69;423
69;424
69;425
69;426
69;427
69;428
69;429
69;430
69;431
69;432
69;433
69;434
69;435
69;436
69;437
69;438
69;439
69;440
69;441
69;442
69;443
69;444
69;445
69;446
69;447
69;448
69;449
69;450
69;451
69;452
69;453
69;454
69;455
69;456
69;457
69;458
69;459
69;460
69;461
69;462
69;463
69;464
69;465
69;466
69;467
69;468
69;469
69;470
69;471
69;472
69;473
69;474
69;475
69;476
69;477
69;478
69;479
69;480
70;0
70;1
70;2
70;3
70;4
70;5
70;6
70;7
70;8
70;9
70;10
70;11
70;12
70;13
70;14
70;15
70;16
70;17
70;18
70;19
70;20
70;21
70;22
70;23
70;24
70;25
70;26
70;27
70;28
70;29
70;30
70;31
70;32
70;33
70;34
70;35
70;36
70;37
70;38
70;39
70;40
70;41
70;42
70;43
70;44
70;45
70;46
70;47
70;48
70;49
70;50
70;51
70;52
70;53
70;54
70;55
70;56
70;57
70;58
70;59
70;60
70;61
70;62
70;63
70;64
70;65
70;66
70;67
70;68
70;69
70;70
70;71
70;72
70;73
70;74
70;75
70;134
70;135
70;136
70;137
70;138
70;139
70;140
70;141
70;142
70;143
70;144
70;145
70;146
70;147
70;148
70;149
70;150
70;151
70;152
70;153
70;154
70;155
70;156
70;157
70;158
70;159
70;160
70;161
70;162
70;163
70;164
70;165
70;166
70;167
70;168
70;169
70;170
70;171
70;172
70;173
70;174
70;175
70;176
70;177
70;178
70;179
70;180
70;181
70;182
70;183
70;184
70;185
70;186
70;187
70;188
70;189
70;190
70;191
70;192
70;193
70;194
70;195
70;196
70;197
70;198
70;199
70;200
70;201
70;202
70;203
70;204
70;205
70;206
70;207
70;208
70;209
70;210
70;211
70;212
70;213
70;214
70;215
70;385
70;386
70;387
70;388
70;389
70;390
70;391
70;392
70;393
70;394
70;395
70;396
70;397
70;398
70;399
70;400
70;401
70;402
70;403
70;404
70;405
70;406
70;407
70;408
70;409
70;410
70;411
70;412
70;413
70;414
70;415
70;416
70;417
70;418
70;419
70;420
70;421
70;422
70;423
70;424
70;425
70;426
70;427
70;428
70;429
70;430
70;431
70;432
70;433
70;434
70;435
70;436
70;437
70;438
70;439
70;440
70;441
70;442
70;443
70;444
70;445
70;446
70;447
70;448
70;449
70;450
70;451
70;452
70;453
70;454
70;455
70;456
70;457
70;458
70;459
70;460
70;461
70;462
70;463
70;464
70;465
70;466
70;467
70;468
70;469
70;470
70;471
70;472
70;473
70;474
70;475
70;476
70;477
70;478
70;479
71;0
71;1
71;2
71;3
71;4
71;5
71;6
71;7
71;8
71;9
71;10
71;11
71;12
71;13
71;14
71;15
71;16
71;17
71;18
71;19
71;20
71;21
71;22
71;23
71;24
71;25
71;26
71;27
71;28
71;29
71;30
71;31
71;32
71;33
71;34
71;35
71;36
71;37
71;38
71;39
71;40
71;41
71;42
71;43
71;44
71;45
71;46
71;47
71;48
71;49
71;50
71;51
71;52
71;53
71;54
71;55
71;56
71;57
71;58
71;59
71;60
71;61
71;62
71;63
71;64
71;65
71;66
71;67
71;68
71;69
71;70
71;71
71;72
71;73
71;74
71;133
71;134
71;135
71;136
71;137
71;138
71;139
71;140
71;141
71;142
71;143
71;144
71;145
71;146
71;147
71;148
71;149
71;150
71;151
71;152
71;153
71;154
71;155
71;156
71;157
71;158
71;159
71;160
71;161
71;162
71;163
71;164
71;165
71;166
71;167
71;168
71;169
71;170
71;171
71;172
71;173
71;174
71;175
71;176
71;177
71;178
71;179
71;180
71;181
71;182
71;183
71;184
71;185
71;186
71;187
71;188
71;189
71;190
71;191
71;192
71;193
71;194
71;195
71;196
71;197
71;198
71;199
71;200
71;201
71;202
71;203
71;204
71;205
71;206
71;207
71;208
71;209
71;210
71;211
71;212
71;213
71;214
71;215
71;386
71;387
71;388
71;389
71;390
71;391
71;392
71;393
71;394
71;395
71;396
71;397
71;398
71;399
71;400
71;401
71;402
71;403
71;404
71;405
71;406
71;407
71;408
71;409
71;410
71;411
71;412
71;413
71;414
71;415
71;416
71;417
71;418
71;419
71;420
71;421
71;422
71;423
71;424
71;425
71;426
71;427
71;428
71;429
71;430
71;431
71;432
71;433
71;434
71;435
71;436
71;437
71;438
71;439
71;440
71;441
71;442
71;443
71;444
71;445
71;446
71;447
71;448
71;449
71;450
71;451
71;452
71;453
71;454
71;455
71;456
71;457
71;458
71;459
71;460
71;461
71;462
71;463
71;464
71;465
71;466
71;467
71;468
71;469
71;470
71;471
71;472
71;473
71;474
71;475
71;476
71;477
71;478
71;479
72;0
72;1
72;2
72;3
72;4
72;5
72;6
72;7
72;8
72;9
72;10
72;11
72;12
72;13
72;14
72;15
72;16
72;17
72;18
72;19
72;20
72;21
72;22
72;23
72;24
72;25
72;26
72;27
72;28
72;29
72;30
72;31
72;32
72;33
72;34
72;35
72;36
72;37
72;38
72;39
72;40
72;41
72;42
72;43
72;44
72;45
72;46
72;47
72;48
72;49
72;50
72;51
72;52
72;53
72;54
72;55
72;56
72;57
72;58
72;59
72;60
72;61
72;62
72;63
72;64
72;65
72;66
72;67
72;68
72;69
72;70
72;71
72;72
72;73
72;131
72;132
72;133
72;134
72;135
72;136
72;137
72;138
72;139
72;140
72;141
72;142
72;143
72;144
72;145
72;146
72;147
72;148
72;149
72;150
72;151
72;152
72;153
72;154
72;155
72;156
72;157
72;158
72;159
72;160
72;161
72;162
72;163
72;164
72;165
72;166
72;167
72;168
72;169
72;170
72;171
72;172
72;173
72;174
72;175
72;176
72;177
72;178
72;179
72;180
72;181
72;182
72;183
72;184
72;185
72;186
72;187
72;188
72;189
72;190
72;191
72;192
72;193
72;194
72;195
72;196
72;197
72;198
72;199
72;200
72;201
72;202
72;203
72;204
72;205
72;206
72;207
72;208
72;209
72;210
72;211
72;212
72;213
72;214
72;215
72;387
72;388
72;389
72;390
72;391
72;392
72;393
72;394
72;395
72;396
72;397
72;398
72;399
72;400
72;401
72;402
72;403
72;404
72;405
72;406
72;407
72;408
72;410
72;411
72;412
72;413
72;414
72;415
72;416
72;417
72;418
72;419
72;420
72;421
72;422
72;423
72;424
72;425
72;426
72;427
72;428
72;429
72;430
72;431
72;432
72;433
72;434
72;435
72;436
72;437
72;438
72;439
72;440
72;441
72;442
72;443
72;444
72;445
72;446
72;447
72;448
72;449
72;450
72;451
72;452
72;453
72;454
72;455
72;456
72;457
72;458
72;459
72;460
72;461
72;462
72;463
72;464
72;465
72;466
72;467
72;468
72;469
72;470
72;471
72;472
72;473
72;474
72;475
72;476
72;477
72;478
73;0
73;1
73;2
73;3
73;4
73;5
73;6
73;7
73;8
73;9
73;10
73;11
73;12
73;13
73;14
73;15
73;16
73;17
73;18
73;19
73;20
73;21
73;22
73;23
73;24
73;25
73;26
73;27
73;28
73;29
73;30
73;31
73;32
73;33
73;34
73;35
73;36
73;37
73;38
73;39
73;40
73;41
73;42
73;43
73;44
73;45
73;46
73;47
73;48
73;49
73;50
73;51
73;52
73;53
73;54
73;55
73;56
73;57
73;58
73;59
73;60
73;61
73;62
73;63
73;64
73;65
73;66
73;67
73;68
73;69
73;70
73;71
73;72
73;130
73;131
73;132
73;133
73;134
73;135
73;136
73;137
73;138
73;139
73;140
73;141
73;142
73;143
73;144
73;145
73;146
73;147
73;148
73;149
73;150
73;151
73;152
73;153
73;154
73;155
73;156
73;157
73;158
73;159
73;160
73;161
73;162
73;163
73;164
73;165
73;166
73;167
73;168
73;169
73;170
73;171
73;172
73;173
73;174
73;175
73;176
73;177
73;178
73;179
73;180
73;181
73;182
73;183
73;184
73;185
73;186
73;187
73;188
73;189
73;190
73;191
73;192
73;193
73;194
73;195
73;196
73;197
73;198
73;199
73;200
73;201
73;202
73;203
73;204
73;205
73;206
73;207
73;208
73;209
73;210
73;211
73;212
73;213
73;214
73;215
73;388
73;389
73;390
73;391
73;392
73;393
73;394
73;395
73;396
73;397
73;398
73;399
73;400
73;401
73;402
73;403
73;404
73;405
73;406
73;407
73;408
73;411
73;412
73;413
73;414
73;415
73;416
73;417
73;418
73;419
73;420
73;421
73;422
73;423
73;424
73;425
73;426
73;427
73;428
73;429
73;430
73;431
73;432
73;433
73;434
73;435
73;436
73;437
73;438
73;439
73;440
73;441
73;442
73;443
73;444
73;445
73;446
73;447
73;448
73;449
73;450
73;451
73;452
73;453
73;454
73;455
73;456
73;457
73;458
73;459
73;460
73;461
73;462
73;463
73;464
73;465
73;466
73;467
73;468
73;469
73;470
73;471
73;472
73;473
73;474
73;475
73;476
73;477
74;0
74;1
74;2
74;3
74;4
74;5
74;6
74;7
74;8
74;9
74;10
74;11
74;12
74;13
74;14
74;15
74;16
74;17
74;18
74;19
74;20
74;21
74;22
74;23
74;24
74;25
74;26
74;27
74;28
74;29
74;30
74;31
74;32
74;33
74;34
74;35
74;36
74;37
74;38
74;39
74;40
74;41
74;42
74;43
74;44
74;45
74;46
74;47
74;48
74;49
74;50
74;51
74;52
74;53
74;54
74;55
74;56
74;57
74;58
74;59
74;60
74;61
74;62
74;63
74;64
74;65
74;66
74;67
74;68
74;69
74;70
74;71
74;72
74;128
74;129
74;130
74;131
74;132
74;133
74;134
74;135
74;136
74;137
74;138
74;139
74;140
74;141
74;142
74;143
74;144
74;145
74;146
74;147
74;148
74;149
74;150
74;151
74;152
74;153
74;154
74;155
74;156
74;157
74;158
74;159
74;160
74;161
74;162
74;163
74;164
74;165
74;166
74;167
74;168
74;169
74;170
74;171
74;172
74;173
74;174
74;175
74;176
74;177
74;178
74;179
74;180
74;181
74;182
74;183
74;184
74;185
74;186
74;187
74;188
74;189
74;190
74;191
74;192
74;193
74;194
74;195
74;196
74;197
74;198
74;199
74;200
74;201
74;202
74;203
74;204
74;205
74;206
74;207
74;208
74;209
74;210
74;211
74;212
74;213
74;214
74;215
74;389
74;390
74;391
74;392
74;393
74;394
74;395
74;396
74;397
74;398
74;399
74;400
74;401
74;402
74;403
74;404
74;405
74;406
74;407
74;408
74;412
74;413
74;414
74;415
74;416
74;417
74;418
74;419
74;420
74;421
74;422
74;423
74;424
74;425
74;426
74;427
74;428
74;429
74;430
74;431
74;432
74;433
74;434
74;435
74;436
74;437
74;438
74;439
74;440
74;441
74;442
74;443
74;444
74;445
74;446
74;447
74;448
74;449
74;450
74;451
74;452
74;453
74;454
74;455
74;456
74;457
74;458
74;459
74;460
74;461
74;462
74;463
74;464
74;465
74;466
74;467
74;468
74;469
74;470
74;471
74;472
74;473
74;474
74;475
74;476
75;0
75;1
75;2
75;3
75;4
75;5
75;6
75;7
75;8
75;9
75;10
75;11
75;12
75;13
75;14
75;15
75;16
75;17
75;18
75;19
75;20
75;21
75;22
75;23
75;24
75;25
75;26
75;27
75;28
75;29
75;30
75;31
75;32
75;33
75;34
75;35
75;36
75;37
75;38
75;39
75;40
75;41
75;42
75;43
75;44
75;45
75;46
75;47
75;48
75;49
75;50
75;51
75;52
75;53
75;54
75;55
75;56
75;57
75;58
75;59
75;60
75;61
75;62
75;63
75;64
75;65
75;66
75;67
75;68
75;69
75;70
75;71
75;127
75;128
75;129
75;130
75;131
75;132
75;133
75;134
75;135
75;136
75;137
75;138
75;139
75;140
75;141
75;142
75;143
75;144
75;145
75;146
75;147
75;148
75;149
75;150
75;151
75;152
75;153
75;154
75;155
75;156
75;157
75;158
75;159
75;160
75;161
75;162
75;163
75;164
75;165
75;166
75;167
75;168
75;169
75;170
75;171
75;172
75;173
75;174
75;175
75;176
75;177
75;178
75;179
75;180
75;181
75;182
75;183
75;184
75;185
75;186
75;187
75;188
75;189
75;190
75;191
75;192
75;193
75;194
75;195
75;196
75;197
75;198
75;199
75;200
75;201
75;202
75;203
75;204
75;205
75;206
75;207
75;208
75;209
75;210
75;211
75;212
75;213
75;214
75;215
75;390
75;391
75;392
75;393
75;394
75;395
75;396
75;397
75;398
75;399
75;400
75;401
75;402
75;403
75;404
75;405
75;406
75;407
75;408
75;413
75;414
75;415
75;416
75;417
75;418
75;419
75;420
75;421
75;422
75;423
75;424
75;425
75;426
75;427
75;428
75;429
75;430
75;431
75;432
75;433
75;434
75;435
75;436
75;437
75;438
75;439
75;440
75;441
75;442
75;443
75;444
75;445
75;446
75;447
75;448
75;449
75;450
75;451
75;452
75;453
75;454
75;455
75;456
75;457
75;458
75;459
75;460
75;461
75;462
75;463
75;464
75;465
75;466
75;467
75;468
75;469
75;470
75;471
75;472
75;473
75;474
75;475
76;0
76;1
76;2
76;3
76;4
76;5
76;6
76;7
76;8
76;9
76;10
76;11
76;12
76;13
76;14
76;15
76;16
76;17
76;18
76;19
76;20
76;21
76;22
76;23
76;24
76;25
76;26
76;27
76;28
76;29
76;30
76;31
76;32
76;33
76;34
76;35
76;36
76;37
76;38
76;39
76;40
76;41
76;42
76;43
76;44
76;45
76;46
76;47
76;48
76;49
76;50
76;51
76;52
76;53
76;54
76;55
76;56
76;57
76;58
76;59
76;60
76;61
76;62
76;63
76;64
76;65
76;66
76;67
76;68
76;69
76;70
76;125
76;126
76;127
76;128
76;129
76;130
76;131
76;132
76;133
76;134
76;135
76;136
76;137
76;138
76;139
76;140
76;141
76;142
76;143
76;144
76;145
76;146
76;147
76;148
76;149
76;150
76;151
76;152
76;153
76;154
76;155
76;156
76;157
76;158
76;159
76;160
76;161
76;162
76;163
76;164
76;165
76;166
76;167
76;168
76;169
76;170
76;171
76;172
76;173
76;174
76;175
76;176
76;177
76;178
76;179
76;180
76;181
76;182
76;183
76;184
76;185
76;186
76;187
76;188
76;189
76;190
76;191
76;192
76;193
76;194
76;195
76;196
76;197
76;198
76;199
76;200
76;201
76;202
76;203
76;204
76;205
76;206
76;207
76;208
76;209
76;210
76;211
76;212
76;213
76;214
76;215
76;391
76;392
76;393
76;394
76;395
76;396
76;397
76;398
76;399
76;400
76;401
76;402
76;403
76;404
76;405
76;406
76;407
76;414
76;415
76;416
76;417
76;418
76;419
76;420
76;421
76;422
76;423
76;424
76;425
76;426
76;427
76;428
76;429
76;430
76;431
76;432
76;433
76;434
76;435
76;436
76;437
76;438
76;439
76;440
76;441
76;442
76;443
76;444
76;445
76;446
76;447
76;448
76;449
76;450
76;451
76;452
76;453
76;454
76;455
76;456
76;457
76;458
76;459
76;460
76;461
76;462
76;463
76;464
76;465
76;466
76;467
76;468
76;469
76;470
76;471
76;472
76;473
76;474
77;0
77;1
77;2
77;3
77;4
77;5
77;6
77;7
77;8
77;9
77;10
77;11
77;12
77;13
77;14
77;15
77;16
77;17
77;18
77;19
77;20
77;21
77;22
77;23
77;24
77;25
77;26
77;27
77;28
77;29
77;30
77;31
77;32
77;33
77;34
77;35
77;36
77;37
77;38
77;39
77;40
77;41
77;42
77;43
77;44
77;45
77;46
77;47
77;48
77;49
77;50
77;51
77;52
77;53
77;54
77;55
77;56
77;57
77;58
77;59
77;60
77;61
77;62
77;63
77;64
77;65
77;66
77;67
77;68
77;69
77;124
77;125
77;126
77;127
77;128
77;129
77;130
77;131
77;132
77;133
77;134
77;135
77;136
77;137
77;138
77;139
77;140
77;141
77;142
77;143
77;144
77;145
77;146
77;147
77;148
77;149
77;150
77;151
77;152
77;153
77;154
77;155
77;156
77;157
77;158
77;159
77;160
77;161
77;162
77;163
77;164
77;165
77;166
77;167
77;168
77;169
77;170
77;171
77;172
77;173
77;174
77;175
77;176
77;177
77;178
77;179
77;180
77;181
77;182
77;183
77;184
77;185
77;186
77;187
77;188
77;189
77;190
77;191
77;192
77;193
77;194
77;195
77;196
77;197
77;198
77;199
77;200
77;201
77;202
77;203
77;204
77;205
77;206
77;207
77;208
77;209
77;210
77;211
77;212
77;213
77;214
77;215
77;392
77;393
77;394
77;395
77;396
77;397
77;398
77;399
77;400
77;401
77;402
77;403
77;404
77;405
77;406
77;407
77;415
77;416
77;417
77;418
77;419
77;420
77;421
77;422
77;423
77;424
77;425
77;426
77;427
77;428
77;429
77;430
77;431
77;432
77;433
77;434
77;435
77;436
77;437
77;438
77;439
77;440
77;441
77;442
77;443
77;444
77;445
77;446
77;447
77;448
77;449
77;450
77;451
77;452
77;453
77;454
77;455
77;456
77;457
77;458
77;459
77;460
77;461
77;462
77;463
77;464
77;465
77;466
77;467
77;468
77;469
77;470
77;471
77;472
77;473
78;0
78;1
78;2
78;3
78;4
78;5
78;6
78;7
78;8
78;9
78;10
78;11
78;12
78;13
78;14
78;15
78;16
78;17
78;18
78;19
78;20
78;21
78;22
78;23
78;24
78;25
78;26
78;27
78;28
78;29
78;30
78;31
78;32
78;33
78;34
78;35
78;36
78;37
78;38
78;39
78;40
78;41
78;42
78;43
78;44
78;45
78;46
78;47
78;48
78;49
78;50
78;51
78;52
78;53
78;54
78;55
78;56
78;57
78;58
78;59
78;60
78;61
78;62
78;63
78;64
78;65
78;66
78;67
78;68
78;69
78;122
78;123
78;124
78;125
78;126
78;127
78;128
78;129
78;130
78;131
78;132
78;133
78;134
78;135
78;136
78;137
78;138
78;139
78;140
78;141
78;142
78;143
78;144
78;145
78;146
78;147
78;148
78;149
78;150
78;151
78;152
78;153
78;154
78;155
78;156
78;157
78;158
78;159
78;160
78;161
78;162
78;163
78;164
78;165
78;166
78;167
78;168
78;169
78;170
78;171
78;172
78;173
78;174
78;175
78;176
78;177
78;178
78;179
78;180
78;181
78;182
78;183
78;184
78;185
78;186
78;187
78;188
78;189
78;190
78;191
78;192
78;193
78;194
78;195
78;196
78;197
78;198
78;199
78;200
78;201
78;202
78;203
78;204
78;205
78;206
78;207
78;208
78;209
78;210
78;211
78;212
78;213
78;214
78;215
78;393
78;394
78;395
78;396
78;397
78;398
78;399
78;400
78;401
78;402
78;403
78;404
78;405
78;406
78;407
78;416
78;417
78;418
78;419
78;420
78;421
78;422
78;423
78;424
78;425
78;426
78;427
78;428
78;429
78;430
78;431
78;432
78;433
78;434
78;435
78;436
78;437
78;438
78;439
78;440
78;441
78;442
78;443
78;444
78;445
78;446
78;447
78;448
78;449
78;450
78;451
78;452
78;453
78;454
78;455
78;456
78;457
78;458
78;459
78;460
78;461
78;462
78;463
78;464
78;465
78;466
78;467
78;468
78;469
78;470
78;471
78;472
79;0
79;1
79;2
79;3
79;4
79;5
79;6
79;7
79;8
79;9
79;10
79;11
79;12
79;13
79;14
79;15
79;16
79;17
79;18
79;19
79;20
79;21
79;22
79;23
79;24
79;25
79;26
79;27
79;28
79;29
79;30
79;31
79;32
79;33
79;34
79;35
79;36
79;37
79;38
79;39
79;40
79;41
79;42
79;43
79;44
79;45
79;46
79;47
79;48
79;49
79;50
79;51
79;52
79;53
79;54
79;55
79;56
79;57
79;58
79;59
79;60
79;61
79;62
79;63
79;64
79;65
79;66
79;67
79;68
79;120
79;121
79;122
79;123
79;124
79;125
79;126
79;127
79;128
79;129
79;130
79;131
79;132
79;133
79;134
79;135
79;136
79;137
79;138
79;139
79;140
79;141
79;142
79;143
79;144
79;145
79;146
79;147
79;148
79;149
79;150
79;151
79;152
79;153
79;154
79;155
79;156
79;157
79;158
79;159
79;160
79;161
79;162
79;163
79;164
79;165
79;166
79;167
79;168
79;169
79;170
79;171
79;172
79;173
79;174
79;175
79;176
79;177
79;178
79;179
79;180
79;181
79;182
79;183
79;184
79;185
79;186
79;187
79;188
79;189
79;190
79;191
79;192
79;193
79;194
79;195
79;196
79;197
79;198
79;199
79;200
79;201
79;202
79;203
79;204
79;205
79;206
79;207
79;208
79;209
79;210
79;211
79;212
79;213
79;214
79;215
79;216
79;394
79;395
79;396
79;397
79;398
79;399
79;400
79;401
79;402
79;403
79;404
79;405
79;406
79;407
79;417
79;418
79;419
79;420
79;421
79;422
79;423
79;424
79;425
79;426
79;427
79;428
79;429
79;430
79;431
79;432
79;433
79;434
79;435
79;436
79;437
79;438
79;439
79;440
79;441
79;442
79;443
79;444
79;445
79;446
79;447
79;448
79;449
79;450
79;451
79;452
79;453
79;454
79;455
79;456
79;457
79;458
79;459
79;460
79;461
79;462
79;463
79;464
79;465
79;466
79;467
79;468
79;469
79;470
79;471
80;0
80;1
80;2
80;3
80;4
80;5
80;6
80;7
80;8
80;9
80;10
80;11
80;12
80;13
80;14
80;15
80;16
80;17
80;18
80;19
80;20
80;21
80;22
80;23
80;24
80;25
80;26
80;27
80;28
80;29
80;30
80;31
80;32
80;33
80;34
80;35
80;36
80;37
80;38
80;39
80;40
80;41
80;42
80;43
80;44
80;45
80;46
80;47
80;48
80;49
80;50
80;51
80;52
80;53
80;54
80;55
80;56
80;57
80;58
80;59
80;60
80;61
80;62
80;63
80;64
80;65
80;66
80;67
80;119
80;120
80;121
80;122
80;123
80;124
80;125
80;126
80;127
80;128
80;129
80;130
80;131
80;132
80;133
80;134
80;135
80;136
80;137
80;138
80;139
80;140
80;141
80;142
80;143
80;144
80;145
80;146
80;147
80;148
80;149
80;150
80;151
80;152
80;153
80;154
80;155
80;156
80;157
80;158
80;159
80;160
80;161
80;162
80;163
80;164
80;165
80;166
80;167
80;168
80;169
80;170
80;171
80;172
80;173
80;174
80;175
80;176
80;177
80;178
80;179
80;180
80;181
80;182
80;183
80;184
80;185
80;186
80;187
80;188
80;189
80;190
80;191
80;192
80;193
80;194
80;195
80;196
80;197
80;198
80;199
80;200
80;201
80;202
80;203
80;204
80;205
80;206
80;207
80;208
80;209
80;210
80;211
80;212
80;213
80;214
80;215
80;216
80;395
80;396
80;397
80;398
80;399
80;400
80;401
80;402
80;403
80;404
80;405
80;406
80;419
80;420
80;421
80;422
80;423
80;424
80;425
80;426
80;427
80;428
80;429
80;430
80;431
80;432
80;433
80;434
80;435
80;436
80;437
80;438
80;439
80;440
80;441
80;442
80;443
80;444
80;445
80;446
80;447
80;448
80;449
80;450
80;451
80;452
80;453
80;454
80;455
80;456
80;457
80;458
80;459
80;460
80;461
80;462
80;463
80;464
80;465
80;466
80;467
80;468
80;469
80;470
81;0
81;1
81;2
81;3
81;4
81;5
81;6
81;7
81;8
81;9
81;10
81;11
81;12
81;13
81;14
81;15
81;16
81;17
81;18
81;19
81;20
81;21
81;22
81;23
81;24
81;25
81;26
81;27
81;28
81;29
81;30
81;31
81;32
81;33
81;34
81;35
81;36
81;37
81;38
81;39
81;40
81;41
81;42
81;43
81;44
81;45
81;46
81;47
81;48
81;49
81;50
81;51
81;52
81;53
81;54
81;55
81;56
81;57
81;58
81;59
81;60
81;61
81;62
81;63
81;64
81;65
81;66
81;67
81;117
81;118
81;119
81;120
81;121
81;122
81;123
81;124
81;125
81;126
81;127
81;128
81;129
81;130
81;131
81;132
81;133
81;134
81;135
81;136
81;137
81;138
81;139
81;140
81;141
81;142
81;143
81;144
81;145
81;146
81;147
81;148
81;149
81;150
81;151
81;152
81;153
81;154
81;155
81;156
81;157
81;158
81;159
81;160
81;161
81;162
81;163
81;164
81;165
81;166
81;167
81;168
81;169
81;170
81;171
81;172
81;173
81;174
81;175
81;176
81;177
81;178
81;179
81;180
81;181
81;182
81;183
81;184
81;185
81;186
81;187
81;188
81;189
81;190
81;191
81;192
81;193
81;194
81;195
81;196
81;197
81;198
81;199
81;200
81;201
81;202
81;203
81;204
81;205
81;206
81;207
81;208
81;209
81;210
81;211
81;212
81;213
81;214
81;215
81;216
81;396
81;397
81;398
81;399
81;400
81;401
81;402
81;403
81;404
81;405
81;406
81;420
81;421
81;422
81;423
81;424
81;425
81;426
81;427
81;428
81;429
81;430
81;431
81;432
81;433
81;434
81;435
81;436
81;437
81;438
81;439
81;440
81;441
81;442
81;443
81;444
81;445
81;446
81;447
81;448
81;449
81;450
81;451
81;452
81;453
81;454
81;455
81;456
81;457
81;458
81;459
81;460
81;461
81;462
81;463
81;464
81;465
81;466
81;467
81;468
82;0
82;1
82;2
82;3
82;4
82;5
82;6
82;7
82;8
82;9
82;10
82;11
82;12
82;13
82;14
82;15
82;16
82;17
82;18
82;19
82;20
82;21
82;22
82;23
82;24
82;25
82;26
82;27
82;28
82;29
82;30
82;31
82;32
82;33
82;34
82;35
82;36
82;37
82;38
82;39
82;40
82;41
82;42
82;43
82;44
82;45
82;46
82;47
82;48
82;49
82;50
82;51
82;52
82;53
82;54
82;55
82;56
82;57
82;58
82;59
82;60
82;61
82;62
82;63
82;64
82;65
82;66
82;116
82;117
82;118
82;119
82;120
82;121
82;122
82;123
82;124
82;125
82;126
82;127
82;128
82;129
82;130
82;131
82;132
82;133
82;134
82;135
82;136
82;137
82;138
82;139
82;140
82;141
82;142
82;143
82;144
82;145
82;146
82;147
82;148
82;149
82;150
82;151
82;152
82;153
82;154
82;155
82;156
82;157
82;158
82;159
82;160
82;161
82;162
82;163
82;164
82;165
82;166
82;167
82;168
82;169
82;170
82;171
82;172
82;173
82;174
82;175
82;176
82;177
82;178
82;179
82;180
82;181
82;182
82;183
82;184
82;185
82;186
82;187
82;188
82;189
82;190
82;191
82;192
82;193
82;194
82;195
82;196
82;197
82;198
82;199
82;200
82;201
82;202
82;203
82;204
82;205
82;206
82;207
82;208
82;209
82;210
82;211
82;212
82;213
82;214
82;215
82;216
82;397
82;398
82;399
82;400
82;401
82;402
82;403
82;404
82;405
82;406
82;422
82;423
82;424
82;425
82;426
82;427
82;428
82;429
82;430
82;431
82;432
82;433
82;434
82;435
82;436
82;437
82;438
82;439
82;440
82;441
82;442
82;443
82;444
82;445
82;446
82;447
82;448
82;449
82;450
82;451
82;452
82;453
82;454
82;455
82;456
82;457
82;458
82;459
82;460
82;461
82;462
82;463
82;464
82;465
82;466
82;467
83;0
83;1
83;2
83;3
83;4
83;5
83;6
83;7
83;8
83;9
83;10
83;11
83;12
83;13
83;14
83;15
83;16
83;17
83;18
83;19
83;20
83;21
83;22
83;23
83;24
83;25
83;26
83;27
83;28
83;29
83;30
83;31
83;32
83;33
83;34
83;35
83;36
83;37
83;38
83;39
83;40
83;41
83;42
83;43
83;44
83;45
83;46
83;47
83;48
83;49
83;50
83;51
83;52
83;53
83;54
83;55
83;56
83;57
83;58
83;59
83;60
83;61
83;62
83;63
83;64
83;65
83;114
83;115
83;116
83;117
83;118
83;119
83;120
83;121
83;122
83;123
83;124
83;125
83;126
83;127
83;128
83;129
83;130
83;131
83;132
83;133
83;134
83;135
83;136
83;137
83;138
83;139
83;140
83;141
83;142
83;143
83;144
83;145
83;146
83;147
83;148
83;149
83;150
83;151
83;152
83;153
83;154
83;155
83;156
83;157
83;158
83;159
83;160
83;161
83;162
83;163
83;164
83;165
83;166
83;167
83;168
83;169
83;170
83;171
83;172
83;173
83;174
83;175
83;176
83;177
83;178
83;179
83;180
83;181
83;182
83;183
83;184
83;185
83;186
83;187
83;188
83;189
83;190
83;191
83;192
83;193
83;194
83;195
83;196
83;197
83;198
83;199
83;200
83;201
83;202
83;203
83;204
83;205
83;206
83;207
83;208
83;209
83;210
83;211
83;212
83;213
83;214
83;215
83;216
83;398
83;399
83;400
83;401
83;402
83;403
83;404
83;405
83;423
83;424
83;425
83;426
83;427
83;428
83;429
83;430
83;431
83;432
83;433
83;434
83;435
83;436
83;437
83;438
83;439
83;440
83;441
83;442
83;443
83;444
83;445
83;446
83;447
83;448
83;449
83;450
83;451
83;452
83;453
83;454
83;455
83;456
83;457
83;458
83;459
83;460
83;461
83;462
83;463
83;464
83;465
84;0
84;1
84;2
84;3
84;4
84;5
84;6
84;7
84;8
84;9
84;10
84;11
84;12
84;13
84;14
84;15
84;16
84;17
84;18
84;19
84;20
84;21
84;22
84;23
84;24
84;25
84;26
84;27
84;28
84;29
84;30
84;31
84;32
84;33
84;34
84;35
84;36
84;37
84;38
84;39
84;40
84;41
84;42
84;43
84;44
84;45
84;46
84;47
84;48
84;49
84;50
84;51
84;52
84;53
84;54
84;55
84;56
84;57
84;58
84;59
84;60
84;61
84;62
84;63
84;64
84;113
84;114
84;115
84;116
84;117
84;118
84;119
84;120
84;121
84;122
84;123
84;124
84;125
84;126
84;127
84;128
84;129
84;130
84;131
84;132
84;133
84;134
84;135
84;136
84;137
84;138
84;139
84;140
84;141
84;142
84;143
84;144
84;145
84;146
84;147
84;148
84;149
84;150
84;151
84;152
84;153
84;154
84;155
84;156
84;157
84;158
84;159
84;160
84;161
84;162
84;163
84;164
84;165
84;166
84;167
84;168
84;169
84;170
84;171
84;172
84;173
84;174
84;175
84;176
84;177
84;178
84;179
84;180
84;181
84;182
84;183
84;184
84;185
84;186
84;187
84;188
84;189
84;190
84;191
84;192
84;193
84;194
84;195
84;196
84;197
84;198
84;199
84;200
84;201
84;202
84;203
84;204
84;205
84;206
84;207
84;208
84;209
84;210
84;211
84;212
84;213
84;214
84;215
84;216
84;399
84;400
84;401
84;402
84;403
84;404
84;405
84;425
84;426
84;427
84;428
84;429
84;430
84;431
84;432
84;433
84;434
84;435
84;436
84;437
84;438
84;439
84;440
84;441
84;442
84;443
84;444
84;445
84;446
84;447
84;448
84;449
84;450
84;451
84;452
84;453
84;454
84;455
84;456
84;457
84;458
84;459
84;460
84;461
84;462
84;463
85;0
85;1
85;2
85;3
85;4
85;5
85;6
85;7
85;8
85;9
85;10
85;11
85;12
85;13
85;14
85;15
85;16
85;17
85;18
85;19
85;20
85;21
85;22
85;23
85;24
85;25
85;26
85;27
85;28
85;29
85;30
85;31
85;32
85;33
85;34
85;35
85;36
85;37
85;38
85;39
85;40
85;41
85;42
85;43
85;44
85;45
85;46
85;47
85;48
85;49
85;50
85;51
85;52
85;53
85;54
85;55
85;56
85;57
85;58
85;59
85;60
85;61
85;62
85;63
85;64
85;111
85;112
85;113
85;114
85;115
85;116
85;117
85;118
85;119
85;120
85;121
85;122
85;123
85;124
85;125
85;126
85;127
85;128
85;129
85;130
85;131
85;132
85;133
85;134
85;135
85;136
85;137
85;138
85;139
85;140
85;141
85;142
85;143
85;144
85;145
85;146
85;147
85;148
85;149
85;150
85;151
85;152
85;153
85;154
85;155
85;156
85;157
85;158
85;159
85;160
85;161
85;162
85;163
85;164
85;165
85;166
85;167
85;168
85;169
85;170
85;171
85;172
85;173
85;174
85;175
85;176
85;177
85;178
85;179
85;180
85;181
85;182
85;183
85;184
85;185
85;186
85;187
85;188
85;189
85;190
85;191
85;192
85;193
85;194
85;195
85;196
85;197
85;198
85;199
85;200
85;201
85;202
85;203
85;204
85;205
85;206
85;207
85;208
85;209
85;210
85;211
85;212
85;213
85;214
85;215
85;216
85;400
85;401
85;402
85;403
85;404
85;405
85;427
85;428
85;429
85;430
85;431
85;432
85;433
85;434
85;435
85;436
85;437
85;438
85;439
85;440
85;441
85;442
85;443
85;444
85;445
85;446
85;447
85;448
85;449
85;450
85;451
85;452
85;453
85;454
85;455
85;456
85;457
85;458
85;459
85;460
85;461
86;0
86;1
86;2
86;3
86;4
86;5
86;6
86;7
86;8
86;9
86;10
86;11
86;12
86;13
86;14
86;15
86;16
86;17
86;18
86;19
86;20
86;21
86;22
86;23
86;24
86;25
86;26
86;27
86;28
86;29
86;30
86;31
86;32
86;33
86;34
86;35
86;36
86;37
86;38
86;39
86;40
86;41
86;42
86;43
86;44
86;45
86;46
86;47
86;48
86;49
86;50
86;51
86;52
86;53
86;54
86;55
86;56
86;57
86;58
86;59
86;60
86;61
86;62
86;63
86;112
86;113
86;114
86;115
86;116
86;117
86;118
86;119
86;120
86;121
86;122
86;123
86;124
86;125
86;126
86;127
86;128
86;129
86;130
86;131
86;132
86;133
86;134
86;135
86;136
86;137
86;138
86;139
86;140
86;141
86;142
86;143
86;144
86;145
86;146
86;147
86;148
86;149
86;150
86;151
86;152
86;153
86;154
86;155
86;156
86;157
86;158
86;159
86;160
86;161
86;162
86;163
86;164
86;165
86;166
86;167
86;168
86;169
86;170
86;171
86;172
86;173
86;174
86;175
86;176
86;177
86;178
86;179
86;180
86;181
86;182
86;183
86;184
86;185
86;186
86;187
86;188
86;189
86;190
86;191
86;192
86;193
86;194
86;195
86;196
86;197
86;198
86;199
86;200
86;201
86;202
86;203
86;204
86;205
86;206
86;207
86;208
86;209
86;210
86;211
86;212
86;213
86;214
86;215
86;216
86;401
86;402
86;403
86;404
86;405
86;430
86;431
86;432
86;433
86;434
86;435
86;436
86;437
86;438
86;439
86;440
86;441
86;442
86;443
86;444
86;445
86;446
86;447
86;448
86;449
86;450
86;451
86;452
86;453
86;454
86;455
86;456
86;457
86;458
87;0
87;1
87;2
87;3
87;4
87;5
87;6
87;7
87;8
87;9
87;10
87;11
87;12
87;13
87;14
87;15
87;16
87;17
87;18
87;19
87;20
87;21
87;22
87;23
87;24
87;25
87;26
87;27
87;28
87;29
87;30
87;31
87;32
87;33
87;34
87;35
87;36
87;37
87;38
87;39
87;40
87;41
87;42
87;43
87;44
87;45
87;46
87;47
87;48
87;49
87;50
87;51
87;52
87;53
87;54
87;55
87;56
87;57
87;58
87;59
87;60
87;61
87;62
87;114
87;115
87;116
87;117
87;118
87;119
87;120
87;121
87;122
87;123
87;124
87;125
87;126
87;127
87;128
87;129
87;130
87;131
87;132
87;133
87;134
87;135
87;136
87;137
87;138
87;139
87;140
87;141
87;142
87;143
87;144
87;145
87;146
87;147
87;148
87;149
87;150
87;151
87;152
87;153
87;154
87;155
87;156
87;157
87;158
87;159
87;160
87;161
87;162
87;163
87;164
87;165
87;166
87;167
87;168
87;169
87;170
87;171
87;172
87;173
87;174
87;175
87;176
87;177
87;178
87;179
87;180
87;181
87;182
87;183
87;184
87;185
87;186
87;187
87;188
87;189
87;190
87;191
87;192
87;193
87;194
87;195
87;196
87;197
87;198
87;199
87;200
87;201
87;202
87;203
87;204
87;205
87;206
87;207
87;208
87;209
87;210
87;211
87;212
87;213
87;214
87;215
87;216
87;402
87;403
87;404
87;433
87;434
87;435
87;436
87;437
87;438
87;439
87;440
87;441
87;442
87;443
87;444
87;445
87;446
87;447
87;448
87;449
87;450
87;451
87;452
87;453
87;454
87;455
88;0
88;1
88;2
88;3
88;4
88;5
88;6
88;7
88;8
88;9
88;10
88;11
88;12
88;13
88;14
88;15
88;16
88;17
88;18
88;19
88;20
88;21
88;22
88;23
88;24
88;25
88;26
88;27
88;28
88;29
88;30
88;31
88;32
88;33
88;34
88;35
88;36
88;37
88;38
88;39
88;40
88;41
88;42
88;43
88;44
88;45
88;46
88;47
88;48
88;49
88;50
88;51
88;52
88;53
88;54
88;55
88;56
88;57
88;58
88;59
88;60
88;61
88;62
88;116
88;117
88;118
88;119
88;120
88;121
88;122
88;123
88;124
88;125
88;126
88;127
88;128
88;129
88;130
88;131
88;132
88;133
88;134
88;135
88;136
88;137
88;138
88;139
88;140
88;141
88;142
88;143
88;144
88;145
88;146
88;147
88;148
88;149
88;150
88;151
88;152
88;153
88;154
88;155
88;156
88;157
88;158
88;159
88;160
88;161
88;162
88;163
88;164
88;165
88;166
88;167
88;168
88;169
88;170
88;171
88;172
88;173
88;174
88;175
88;176
88;177
88;178
88;179
88;180
88;181
88;182
88;183
88;184
88;185
88;186
88;187
88;188
88;189
88;190
88;191
88;192
88;193
88;194
88;195
88;196
88;197
88;198
88;199
88;200
88;201
88;202
88;203
88;204
88;205
88;206
88;207
88;208
88;209
88;210
88;211
88;212
88;213
88;214
88;215
88;216
88;403
88;404
88;438
88;439
88;440
88;441
88;442
88;443
88;444
88;445
88;446
88;447
88;448
88;449
88;450
88;451
89;0
89;1
89;2
89;3
89;4
89;5
89;6
89;7
89;8
89;9
89;10
89;11
89;12
89;13
89;14
89;15
89;16
89;17
89;18
89;19
89;20
89;21
89;22
89;23
89;24
89;25
89;26
89;27
89;28
89;29
89;30
89;31
89;32
89;33
89;34
89;35
89;36
89;37
89;38
89;39
89;40
89;41
89;42
89;43
89;44
89;45
89;46
89;47
89;48
89;49
89;50
89;51
89;52
89;53
89;54
89;55
89;56
89;57
89;58
89;59
89;60
89;61
89;118
89;119
89;120
89;121
89;122
89;123
89;124
89;125
89;126
89;127
89;128
89;129
89;130
89;131
89;132
89;133
89;134
89;135
89;136
89;137
89;138
89;139
89;140
89;141
89;142
89;143
89;144
89;145
89;146
89;147
89;148
89;149
89;150
89;151
89;152
89;153
89;154
89;155
89;156
89;157
89;158
89;159
89;160
89;161
89;162
89;163
89;164
89;165
89;166
89;167
89;168
89;169
89;170
89;171
89;172
89;173
89;174
89;175
89;176
89;177
89;178
89;179
89;180
89;181
89;182
89;183
89;184
89;185
89;186
89;187
89;188
89;189
89;190
89;191
89;192
89;193
89;194
89;195
89;196
89;197
89;198
89;199
89;200
89;201
89;202
89;203
89;204
89;205
89;206
89;207
89;208
89;209
89;210
89;211
89;212
89;213
89;214
89;215
89;216
89;404
90;0
90;1
90;2
90;3
90;4
90;5
90;6
90;7
90;8
90;9
90;10
90;11
90;12
90;13
90;14
90;15
90;16
90;17
90;18
90;19
90;20
90;21
90;22
90;23
90;24
90;25
90;26
90;27
90;28
90;29
90;30
90;31
90;32
90;33
90;34
90;35
90;36
90;37
90;38
90;39
90;40
90;41
90;42
90;43
90;44
90;45
90;46
90;47
90;48
90;49
90;50
90;51
90;52
90;53
90;54
90;55
90;56
90;57
90;58
90;59
90;60
90;120
90;121
90;122
90;123
90;124
90;125
90;126
90;127
90;128
90;129
90;130
90;131
90;132
90;133
90;134
90;135
90;136
90;137
90;138
90;139
90;140
90;141
90;142
90;143
90;144
90;145
90;146
90;147
90;148
90;149
90;150
90;151
90;152
90;153
90;154
90;155
90;156
90;157
90;158
90;159
90;160
90;161
90;162
90;163
90;164
90;165
90;166
90;167
90;168
90;169
90;170
90;171
90;172
90;173
90;174
90;175
90;176
90;177
90;178
90;179
90;180
90;181
90;182
90;183
90;184
90;185
90;186
90;187
90;188
90;189
90;190
90;191
90;192
90;193
90;194
90;195
90;196
90;197
90;198
90;199
90;200
90;201
90;202
90;203
90;204
90;205
90;206
90;207
90;208
90;209
90;210
90;211
90;212
90;213
90;214
90;215
90;216
91;0
91;1
91;2
91;3
91;4
91;5
91;6
91;7
91;8
91;9
91;10
91;11
91;12
91;13
91;14
91;15
91;16
91;17
91;18
91;19
91;20
91;21
91;22
91;23
91;24
91;25
91;26
91;27
91;28
91;29
91;30
91;31
91;32
91;33
91;34
91;35
91;36
91;37
91;38
91;39
91;40
91;41
91;42
91;43
91;44
91;45
91;46
91;47
91;48
91;49
91;50
91;51
91;52
91;53
91;54
91;55
91;56
91;57
91;58
91;59
91;122
91;123
91;124
91;125
91;126
91;127
91;128
91;129
91;130
91;131
91;132
91;133
91;134
91;135
91;136
91;137
91;138
91;139
91;140
91;141
91;142
91;143
91;144
91;145
91;146
91;147
91;148
91;149
91;150
91;151
91;152
91;153
91;154
91;155
91;156
91;157
91;158
91;159
91;160
91;161
91;162
91;163
91;164
91;165
91;166
91;167
91;168
91;169
91;170
91;171
91;172
91;173
91;174
91;175
91;176
91;177
91;178
91;179
91;180
91;181
91;182
91;183
91;184
91;185
91;186
91;187
91;188
91;189
91;190
91;191
91;192
91;193
91;194
91;195
91;196
91;197
91;198
91;199
91;200
91;201
91;202
91;203
91;204
91;205
91;206
91;207
91;208
91;209
91;210
91;211
91;212
91;213
91;214
91;215
91;216
92;0
92;1
92;2
92;3
92;4
92;5
92;6
92;7
92;8
92;9
92;10
92;11
92;12
92;13
92;14
92;15
92;16
92;17
92;18
92;19
92;20
92;21
92;22
92;23
92;24
92;25
92;26
92;27
92;28
92;29
92;30
92;31
92;32
92;33
92;34
92;35
92;36
92;37
92;38
92;39
92;40
92;41
92;42
92;43
92;44
92;45
92;46
92;47
92;48
92;49
92;50
92;51
92;52
92;53
92;54
92;55
92;56
92;57
92;58
92;59
92;124
92;125
92;126
92;127
92;128
92;129
92;130
92;131
92;132
92;133
92;134
92;135
92;136
92;137
92;138
92;139
92;140
92;141
92;142
92;143
92;144
92;145
92;146
92;147
92;148
92;149
92;150
92;151
92;152
92;153
92;154
92;155
92;156
92;157
92;158
92;159
92;160
92;161
92;162
92;163
92;164
92;165
92;166
92;167
92;168
92;169
92;170
92;171
92;172
92;173
92;174
92;175
92;176
92;177
92;178
92;179
92;180
92;181
92;182
92;183
92;184
92;185
92;186
92;187
92;188
92;189
92;190
92;191
92;192
92;193
92;194
92;195
92;196
92;197
92;198
92;199
92;200
92;201
92;202
92;203
92;204
92;205
92;206
92;207
92;208
92;209
92;210
92;211
92;212
92;213
92;214
92;215
92;216
93;0
93;1
93;2
93;3
93;4
93;5
93;6
93;7
93;8
93;9
93;10
93;11
93;12
93;13
93;14
93;15
93;16
93;17
93;18
93;19
93;20
93;21
93;22
93;23
93;24
93;25
93;26
93;27
93;28
93;29
93;30
93;31
93;32
93;33
93;34
93;35
93;36
93;37
93;38
93;39
93;40
93;41
93;42
93;43
93;44
93;45
93;46
93;47
93;48
93;49
93;50
93;51
93;52
93;53
93;54
93;55
93;56
93;57
93;58
93;126
93;127
93;128
93;129
93;130
93;131
93;132
93;133
93;134
93;135
93;136
93;137
93;138
93;139
93;140
93;141
93;142
93;143
93;144
93;145
93;146
93;147
93;148
93;149
93;150
93;151
93;152
93;153
93;154
93;155
93;156
93;157
93;158
93;159
93;160
93;161
93;162
93;163
93;164
93;165
93;166
93;167
93;168
93;169
93;170
93;171
93;172
93;173
93;174
93;175
93;176
93;177
93;178
93;179
93;180
93;181
93;182
93;183
93;184
93;185
93;186
93;187
93;188
93;189
93;190
93;191
93;192
93;193
93;194
93;195
93;196
93;197
93;198
93;199
93;200
93;201
93;202
93;203
93;204
93;205
93;206
93;207
93;208
93;209
93;210
93;211
93;212
93;213
93;214
93;215
93;216
94;0
94;1
94;2
94;3
94;4
94;5
94;6
94;7
94;8
94;9
94;10
94;11
94;12
94;13
94;14
94;15
94;16
94;17
94;18
94;19
94;20
94;21
94;22
94;23
94;24
94;25
94;26
94;27
94;28
94;29
94;30
94;31
94;32
94;33
94;34
94;35
94;36
94;37
94;38
94;39
94;40
94;41
94;42
94;43
94;44
94;45
94;46
94;47
94;48
94;49
94;50
94;51
94;52
94;53
94;54
94;55
94;56
94;57
94;128
94;129
94;130
94;131
94;132
94;133
94;134
94;135
94;136
94;137
94;138
94;139
94;140
94;141
94;142
94;143
94;144
94;145
94;146
94;147
94;148
94;149
94;150
94;151
94;152
94;153
94;154
94;155
94;156
94;157
94;158
94;159
94;160
94;161
94;162
94;163
94;164
94;165
94;166
94;167
94;168
94;169
94;170
94;171
94;172
94;173
94;174
94;175
94;176
94;177
94;178
94;179
94;180
94;181
94;182
94;183
94;184
94;185
94;186
94;187
94;188
94;189
94;190
94;191
94;192
94;193
94;194
94;195
94;196
94;197
94;198
94;199
94;200
94;201
94;202
94;203
94;204
94;205
94;206
94;207
94;208
94;209
94;210
94;211
94;212
94;213
94;214
94;215
94;216
95;0
95;1
95;2
95;3
95;4
95;5
95;6
95;7
95;8
95;9
95;10
95;11
95;12
95;13
95;14
95;15
95;16
95;17
95;18
95;19
95;20
95;21
95;22
95;23
95;24
95;25
95;26
95;27
95;28
95;29
95;30
95;31
95;32
95;33
95;34
95;35
95;36
95;37
95;38
95;39
95;40
95;41
95;42
95;43
95;44
95;45
95;46
95;47
95;48
95;49
95;50
95;51
95;52
95;53
95;54
95;55
95;56
95;130
95;131
95;132
95;133
95;134
95;135
95;136
95;137
95;138
95;139
95;140
95;141
95;142
95;143
95;144
95;145
95;146
95;147
95;148
95;149
95;150
95;151
95;152
95;153
95;154
95;155
95;156
95;157
95;158
95;159
95;160
95;161
95;162
95;163
95;164
95;165
95;166
95;167
95;168
95;169
95;170
95;171
95;172
95;173
95;174
95;175
95;176
95;177
95;178
95;179
95;180
95;181
95;182
95;183
95;184
95;185
95;186
95;187
95;188
95;189
95;190
95;191
95;192
95;193
95;194
95;195
95;196
95;197
95;198
95;199
95;200
95;201
95;202
95;203
95;204
95;205
95;206
95;207
95;208
95;209
95;210
95;211
95;212
95;213
95;214
95;215
95;216
96;0
96;1
96;2
96;3
96;4
96;5
96;6
96;7
96;8
96;9
96;10
96;11
96;12
96;13
96;14
96;15
96;16
96;17
96;18
96;19
96;20
96;21
96;22
96;23
96;24
96;25
96;26
96;27
96;28
96;29
96;30
96;31
96;32
96;33
96;34
96;35
96;36
96;37
96;38
96;39
96;40
96;41
96;42
96;43
96;44
96;45
96;46
96;47
96;48
96;49
96;50
96;51
96;52
96;53
96;54
96;55
96;56
96;132
96;133
96;134
96;135
96;136
96;137
96;138
96;139
96;140
96;141
96;142
96;143
96;144
96;145
96;146
96;147
96;148
96;149
96;150
96;151
96;152
96;153
96;154
96;155
96;156
96;157
96;158
96;159
96;160
96;161
96;162
96;163
96;164
96;165
96;166
96;167
96;168
96;169
96;170
96;171
96;172
96;173
96;174
96;175
96;176
96;177
96;178
96;179
96;180
96;181
96;182
96;183
96;184
96;185
96;186
96;187
96;188
96;189
96;190
96;191
96;192
96;193
96;194
96;195
96;196
96;197
96;198
96;199
96;200
96;201
96;202
96;203
96;204
96;205
96;206
96;207
96;208
96;209
96;210
96;211
96;212
96;213
96;214
96;215
96;216
97;2
97;3
97;4
97;5
97;6
97;7
97;8
97;9
97;10
97;11
97;12
97;13
97;14
97;15
97;16
97;17
97;18
97;19
97;20
97;21
97;22
97;23
97;24
97;25
97;26
97;27
97;28
97;29
97;30
97;31
97;32
97;33
97;34
97;35
97;36
97;37
97;38
97;39
97;40
97;41
97;42
97;43
97;44
97;45
97;46
97;47
97;48
97;49
97;50
97;51
97;52
97;53
97;54
97;55
97;134
97;135
97;136
97;137
97;138
97;139
97;140
97;141
97;142
97;143
97;144
97;145
97;146
97;147
97;148
97;149
97;150
97;151
97;152
97;153
97;154
97;155
97;156
97;157
97;158
97;159
97;160
97;161
97;162
97;163
97;164
97;165
97;166
97;167
97;168
97;169
97;170
97;171
97;172
97;173
97;174
97;175
97;176
97;177
97;178
97;179
97;180
97;181
97;182
97;183
97;184
97;185
97;186
97;187
97;188
97;189
97;190
97;191
97;192
97;193
97;194
97;195
97;196
97;197
97;198
97;199
97;200
97;201
97;202
97;203
97;204
97;205
97;206
97;207
97;208
97;209
97;210
97;211
97;212
97;213
97;214
97;215
97;216
98;3
98;4
98;5
98;6
98;7
98;8
98;9
98;10
98;11
98;12
98;13
98;14
98;15
98;16
98;17
98;18
98;19
98;20
98;21
98;22
98;23
98;24
98;25
98;26
98;27
98;28
98;29
98;30
98;31
98;32
98;33
98;34
98;35
98;36
98;37
98;38
98;39
98;40
98;41
98;42
98;43
98;44
98;45
98;46
98;47
98;48
98;49
98;50
98;51
98;52
98;53
98;54
98;136
98;137
98;138
98;139
98;140
98;141
98;142
98;143
98;144
98;145
98;146
98;147
98;148
98;149
98;150
98;151
98;152
98;153
98;154
98;155
98;156
98;157
98;158
98;159
98;160
98;161
98;162
98;163
98;164
98;165
98;166
98;167
98;168
98;169
98;170
98;171
98;172
98;173
98;174
98;175
98;176
98;177
98;178
98;179
98;180
98;181
98;182
98;183
98;184
98;185
98;186
98;187
98;188
98;189
98;190
98;191
98;192
98;193
98;194
98;195
98;196
98;197
98;198
98;199
98;200
98;201
98;202
98;203
98;204
98;205
98;206
98;207
98;208
98;209
98;210
98;211
98;212
98;213
98;214
98;215
98;216
99;5
99;6
99;7
99;8
99;9
99;10
99;11
99;12
99;13
99;14
99;15
99;16
99;17
99;18
99;19
99;20
99;21
99;22
99;23
99;24
99;25
99;26
99;27
99;28
99;29
99;30
99;31
99;32
99;33
99;34
99;35
99;36
99;37
99;38
99;39
99;40
99;41
99;42
99;43
99;44
99;45
99;46
99;47
99;48
99;49
99;50
99;51
99;52
99;53
99;54
99;138
99;139
99;140
99;141
99;142
99;143
99;144
99;145
99;146
99;147
99;148
99;149
99;150
99;151
99;152
99;153
99;154
99;155
99;156
99;157
99;158
99;159
99;160
99;161
99;162
99;163
99;164
99;165
99;166
99;167
99;168
99;169
99;170
99;171
99;172
99;173
99;174
99;175
99;176
99;177
99;178
99;179
99;180
99;181
99;182
99;183
99;184
99;185
99;186
99;187
99;188
99;189
99;190
99;191
99;192
99;193
99;194
99;195
99;196
99;197
99;198
99;199
99;200
99;201
99;202
99;203
99;204
99;205
99;206
99;207
99;208
99;209
99;210
99;211
99;212
99;213
99;214
99;215
99;216
99;217
100;6
100;7
100;8
100;9
100;10
100;11
100;12
100;13
100;14
100;15
100;16
100;17
100;18
100;19
100;20
100;21
100;22
100;23
100;24
100;25
100;26
100;27
100;28
100;29
100;30
100;31
100;32
100;33
100;34
100;35
100;36
100;37
100;38
100;39
100;40
100;41
100;42
100;43
100;44
100;45
100;46
100;47
100;48
100;49
100;50
100;51
100;52
100;53
100;139
100;140
100;141
100;142
100;143
100;144
100;145
100;146
100;147
100;148
100;149
100;150
100;151
100;152
100;153
100;154
100;155
100;156
100;157
100;158
100;159
100;160
100;161
100;162
100;163
100;164
100;165
100;166
100;167
100;168
100;169
100;170
100;171
100;172
100;173
100;174
100;175
100;176
100;177
100;178
100;179
100;180
100;181
100;182
100;183
100;184
100;185
100;186
100;187
100;188
100;189
100;190
100;191
100;192
100;193
100;194
100;195
100;196
100;197
100;198
100;199
100;200
100;201
100;202
100;203
100;204
100;205
100;206
100;207
100;208
100;209
100;210
100;211
100;212
100;213
100;214
100;215
100;216
100;217
101;7
101;8
101;9
101;10
101;11
101;12
101;13
101;14
101;15
101;16
101;17
101;18
101;19
101;20
101;21
101;22
101;23
101;24
101;25
101;26
101;27
101;28
101;29
101;30
101;31
101;32
101;33
101;34
101;35
101;36
101;37
101;38
101;39
101;40
101;41
101;42
101;43
101;44
101;45
101;46
101;47
101;48
101;49
101;50
101;51
101;52
101;141
101;142
101;143
101;144
101;145
101;146
101;147
101;148
101;149
101;150
101;151
101;152
101;153
101;154
101;155
101;156
101;157
101;158
101;159
101;160
101;161
101;162
101;163
101;164
101;165
101;166
101;167
101;168
101;169
101;170
101;171
101;172
101;173
101;174
101;175
101;176
101;177
101;178
101;179
101;180
101;181
101;182
101;183
101;184
101;185
101;186
101;187
101;188
101;189
101;190
101;191
101;192
101;193
101;194
101;195
101;196
101;197
101;198
101;199
101;200
101;201
101;202
101;203
101;204
101;205
101;206
101;207
101;208
101;209
101;210
101;211
101;212
101;213
101;214
101;215
101;216
101;217
102;9
102;10
102;11
102;12
102;13
102;14
102;15
102;16
102;17
102;18
102;19
102;20
102;21
102;22
102;23
102;24
102;25
102;26
102;27
102;28
102;29
102;30
102;31
102;32
102;33
102;34
102;35
102;36
102;37
102;38
102;39
102;40
102;41
102;42
102;43
102;44
102;45
102;46
102;47
102;48
102;49
102;50
102;51
102;143
102;144
102;145
102;146
102;147
102;148
102;149
102;150
102;151
102;152
102;153
102;154
102;155
102;156
102;157
102;158
102;159
102;160
102;161
102;162
102;163
102;164
102;165
102;166
102;167
102;168
102;169
102;170
102;171
102;172
102;173
102;174
102;175
102;176
102;177
102;178
102;179
102;180
102;181
102;182
102;183
102;184
102;185
102;186
102;187
102;188
102;189
102;190
102;191
102;192
102;193
102;194
102;195
102;196
102;197
102;198
102;199
102;200
102;201
102;202
102;203
102;204
102;205
102;206
102;207
102;208
102;209
102;210
102;211
102;212
102;213
102;214
102;215
102;216
102;217
103;10
103;11
103;12
103;13
103;14
103;15
103;16
103;17
103;18
103;19
103;20
103;21
103;22
103;23
103;24
103;25
103;26
103;27
103;28
103;29
103;30
103;31
103;32
103;33
103;34
103;35
103;36
103;37
103;38
103;39
103;40
103;41
103;42
103;43
103;44
103;45
103;46
103;47
103;48
103;49
103;50
103;51
103;145
103;146
103;147
103;148
103;149
103;150
103;151
103;152
103;153
103;154
103;155
103;156
103;157
103;158
103;159
103;160
103;161
103;162
103;163
103;164
103;165
103;166
103;167
103;168
103;169
103;170
103;171
103;172
103;173
103;174
103;175
103;176
103;177
103;178
103;179
103;180
103;181
103;182
103;183
103;184
103;185
103;186
103;187
103;188
103;189
103;190
103;191
103;192
103;193
103;194
103;195
103;196
103;197
103;198
103;199
103;200
103;201
103;202
103;203
103;204
103;205
103;206
103;207
103;208
103;209
103;210
103;211
103;212
103;213
103;214
103;215
103;216
103;217
104;12
104;13
104;14
104;15
104;16
104;17
104;18
104;19
104;20
104;21
104;22
104;23
104;24
104;25
104;26
104;27
104;28
104;29
104;30
104;31
104;32
104;33
104;34
104;35
104;36
104;37
104;38
104;39
104;40
104;41
104;42
104;43
104;44
104;45
104;46
104;47
104;48
104;49
104;50
104;147
104;148
104;149
104;150
104;151
104;152
104;153
104;154
104;155
104;156
104;157
104;158
104;159
104;160
104;161
104;162
104;163
104;164
104;165
104;166
104;167
104;168
104;169
104;170
104;171
104;172
104;173
104;174
104;175
104;176
104;177
104;178
104;179
104;180
104;181
104;182
104;183
104;184
104;185
104;186
104;187
104;188
104;189
104;190
104;191
104;192
104;193
104;194
104;195
104;196
104;197
104;198
104;199
104;200
104;201
104;202
104;203
104;204
104;205
104;206
104;207
104;208
104;209
104;210
104;211
104;212
104;213
104;214
104;215
104;216
104;217
105;13
105;14
105;15
105;16
105;17
105;18
105;19
105;20
105;21
105;22
105;23
105;24
105;25
105;26
105;27
105;28
105;29
105;30
105;31
105;32
105;33
105;34
105;35
105;36
105;37
105;38
105;39
105;40
105;41
105;42
105;43
105;44
105;45
105;46
105;47
105;48
105;49
105;149
105;150
105;151
105;152
105;153
105;154
105;155
105;156
105;157
105;158
105;159
105;160
105;161
105;162
105;163
105;164
105;165
105;166
105;167
105;168
105;169
105;170
105;171
105;172
105;173
105;174
105;175
105;176
105;177
105;178
105;179
105;180
105;181
105;182
105;183
105;184
105;185
105;186
105;187
105;188
105;189
105;190
105;191
105;192
105;193
105;194
105;195
105;196
105;197
105;198
105;199
105;200
105;201
105;202
105;203
105;204
105;205
105;206
105;207
105;208
105;209
105;210
105;211
105;212
105;213
105;214
105;215
105;216
105;217
106;14
106;15
106;16
106;17
106;18
106;19
106;20
106;21
106;22
106;23
106;24
106;25
106;26
106;27
106;28
106;29
106;30
106;31
106;32
106;33
106;34
106;35
106;36
106;37
106;38
106;39
106;40
106;41
106;42
106;43
106;44
106;45
106;46
106;47
106;48
106;151
106;152
106;153
106;154
106;155
106;156
106;157
106;158
106;159
106;160
106;161
106;162
106;163
106;164
106;165
106;166
106;167
106;168
106;169
106;170
106;171
106;172
106;173
106;174
106;175
106;176
106;177
106;178
106;179
106;180
106;181
106;182
106;183
106;184
106;185
106;186
106;187
106;188
106;189
106;190
106;191
106;192
106;193
106;194
106;195
106;196
106;197
106;198
106;199
106;200
106;201
106;202
106;203
106;204
106;205
106;206
106;207
106;208
106;209
106;210
106;211
106;212
106;213
106;214
106;215
106;216
106;217
107;16
107;17
107;18
107;19
107;20
107;21
107;22
107;23
107;24
107;25
107;26
107;27
107;28
107;29
107;30
107;31
107;32
107;33
107;34
107;35
107;36
107;37
107;38
107;39
107;40
107;41
107;42
107;43
107;44
107;45
107;46
107;47
107;48
107;153
107;154
107;155
107;156
107;157
107;158
107;159
107;160
107;161
107;162
107;163
107;164
107;165
107;166
107;167
107;168
107;169
107;170
107;171
107;172
107;173
107;174
107;175
107;176
107;177
107;178
107;179
107;180
107;181
107;182
107;183
107;184
107;185
107;186
107;187
107;188
107;189
107;190
107;191
107;192
107;193
107;194
107;195
107;196
107;197
107;198
107;199
107;200
107;201
107;202
107;203
107;204
107;205
107;206
107;207
107;208
107;209
107;210
107;211
107;212
107;213
107;214
107;215
107;216
107;217
108;17
108;18
108;19
108;20
108;21
108;22
108;23
108;24
108;25
108;26
108;27
108;28
108;29
108;30
108;31
108;32
108;33
108;34
108;35
108;36
108;37
108;38
108;39
108;40
108;41
108;42
108;43
108;44
108;45
108;46
108;47
108;155
108;156
108;157
108;158
108;159
108;160
108;161
108;162
108;163
108;164
108;165
108;166
108;167
108;168
108;169
108;170
108;171
108;172
108;173
108;174
108;175
108;176
108;177
108;178
108;179
108;180
108;181
108;182
108;183
108;184
108;185
108;186
108;187
108;188
108;189
108;190
108;191
108;192
108;193
108;194
108;195
108;196
108;197
108;198
108;199
108;200
108;201
108;202
108;203
108;204
108;205
108;206
108;207
108;208
108;209
108;210
108;211
108;212
108;213
108;214
108;215
108;216
108;217
109;18
109;19
109;20
109;21
109;22
109;23
109;24
109;25
109;26
109;27
109;28
109;29
109;30
109;31
109;32
109;33
109;34
109;35
109;36
109;37
109;38
109;39
109;40
109;41
109;42
109;43
109;44
109;45
109;46
109;157
109;158
109;159
109;160
109;161
109;162
109;163
109;164
109;165
109;166
109;167
109;168
109;169
109;170
109;171
109;172
109;173
109;174
109;175
109;176
109;177
109;178
109;179
109;180
109;181
109;182
109;183
109;184
109;185
109;186
109;187
109;188
109;189
109;190
109;191
109;192
109;193
109;194
109;195
109;196
109;197
109;198
109;199
109;200
109;201
109;202
109;203
109;204
109;205
109;206
109;207
109;208
109;209
109;210
109;211
109;212
109;213
109;214
109;215
109;216
109;217
110;20
110;21
110;22
110;23
110;24
110;25
110;26
110;27
110;28
110;29
110;30
110;31
110;32
110;33
110;34
110;35
110;36
110;37
110;38
110;39
110;40
110;41
110;42
110;43
110;44
110;45
110;46
110;159
110;160
110;161
110;162
110;163
110;164
110;165
110;166
110;167
110;168
110;169
110;170
110;171
110;172
110;173
110;174
110;175
110;176
110;177
110;178
110;179
110;180
110;181
110;182
110;183
110;184
110;185
110;186
110;187
110;188
110;189
110;190
110;191
110;192
110;193
110;194
110;195
110;196
110;197
110;198
110;199
110;200
110;201
110;202
110;203
110;204
110;205
110;206
110;207
110;208
110;209
110;210
110;211
110;212
110;213
110;214
110;215
110;216
110;217
111;21
111;22
111;23
111;24
111;25
111;26
111;27
111;28
111;29
111;30
111;31
111;32
111;33
111;34
111;35
111;36
111;37
111;38
111;39
111;40
111;41
111;42
111;43
111;44
111;45
111;161
111;162
111;163
111;164
111;165
111;166
111;167
111;168
111;169
111;170
111;171
111;172
111;173
111;174
111;175
111;176
111;177
111;178
111;179
111;180
111;181
111;182
111;183
111;184
111;185
111;186
111;187
111;188
111;189
111;190
111;191
111;192
111;193
111;194
111;195
111;196
111;197
111;198
111;199
111;200
111;201
111;202
111;203
111;204
111;205
111;206
111;207
111;208
111;209
111;210
111;211
111;212
111;213
111;214
111;215
111;216
111;217
112;23
112;24
112;25
112;26
112;27
112;28
112;29
112;30
112;31
112;32
112;33
112;34
112;35
112;36
112;37
112;38
112;39
112;40
112;41
112;42
112;43
112;44
112;163
112;164
112;165
112;166
112;167
112;168
112;169
112;170
112;171
112;172
112;173
112;174
112;175
112;176
112;177
112;178
112;179
112;180
112;181
112;182
112;183
112;184
112;185
112;186
112;187
112;188
112;189
112;190
112;191
112;192
112;193
112;194
112;195
112;196
112;197
112;198
112;199
112;200
112;201
112;202
112;203
112;204
112;205
112;206
112;207
112;208
112;209
112;210
112;211
112;212
112;213
112;214
112;215
112;216
112;217
113;24
113;25
113;26
113;27
113;28
113;29
113;30
113;31
113;32
113;33
113;34
113;35
113;36
113;37
113;38
113;39
113;40
113;41
113;42
113;43
113;165
113;166
113;167
113;168
113;169
113;170
113;171
113;172
113;173
113;174
113;175
113;176
113;177
113;178
113;179
113;180
113;181
113;182
113;183
113;184
113;185
113;186
113;187
113;188
113;189
113;190
113;191
113;192
113;193
113;194
113;195
113;196
113;197
113;198
113;199
113;200
113;201
113;202
113;203
113;204
113;205
113;206
113;207
113;208
113;209
113;210
113;211
113;212
113;213
113;214
113;215
113;216
113;217
114;25
114;26
114;27
114;28
114;29
114;30
114;31
114;32
114;33
114;34
114;35
114;36
114;37
114;38
114;39
114;40
114;41
114;42
114;43
114;167
114;168
114;169
114;170
114;171
114;172
114;173
114;174
114;175
114;176
114;177
114;178
114;179
114;180
114;181
114;182
114;183
114;184
114;185
114;186
114;187
114;188
114;189
114;190
114;191
114;192
114;193
114;194
114;195
114;196
114;197
114;198
114;199
114;200
114;201
114;202
114;203
114;204
114;205
114;206
114;207
114;208
114;209
114;210
114;211
114;212
114;213
114;214
114;215
114;216
114;217
115;27
115;28
115;29
115;30
115;31
115;32
115;33
115;34
115;35
115;36
115;37
115;38
115;39
115;40
115;41
115;42
115;169
115;170
115;171
115;172
115;173
115;174
115;175
115;176
115;177
115;178
115;179
115;180
115;181
115;182
115;183
115;184
115;185
115;186
115;187
115;188
115;189
115;190
115;191
115;192
115;193
115;194
115;195
115;196
115;197
115;198
115;199
115;200
115;201
115;202
115;203
115;204
115;205
115;206
115;207
115;208
115;209
115;210
115;211
115;212
115;213
115;214
115;215
115;216
115;217
116;28
116;29
116;30
116;31
116;32
116;33
116;34
116;35
116;36
116;37
116;38
116;39
116;40
116;41
116;171
116;172
116;173
116;174
116;175
116;176
116;177
116;178
116;179
116;180
116;181
116;182
116;183
116;184
116;185
116;186
116;187
116;188
116;189
116;190
116;191
116;192
116;193
116;194
116;195
116;196
116;197
116;198
116;199
116;200
116;201
116;202
116;203
116;204
116;205
116;206
116;207
116;208
116;209
116;210
116;211
116;212
116;213
116;214
116;215
116;216
116;217
117;29
117;30
117;31
117;32
117;33
117;34
117;35
117;36
117;37
117;38
117;39
117;40
117;41
117;173
117;174
117;175
117;176
117;177
117;178
117;179
117;180
117;181
117;182
117;183
117;184
117;185
117;186
117;187
117;188
117;189
117;190
117;191
117;192
117;193
117;194
117;195
117;196
117;197
117;198
117;199
117;200
117;201
117;202
117;203
117;204
117;205
117;206
117;207
117;208
117;209
117;210
117;211
117;212
117;213
117;214
117;215
117;216
117;217
118;31
118;32
118;33
118;34
118;35
118;36
118;37
118;38
118;39
118;40
118;175
118;176
118;177
118;178
118;179
118;180
118;181
118;182
118;183
118;184
118;185
118;186
118;187
118;188
118;189
118;190
118;191
118;192
118;193
118;194
118;195
118;196
118;197
118;198
118;199
118;200
118;201
118;202
118;203
118;204
118;205
118;206
118;207
118;208
118;209
118;210
118;211
118;212
118;213
118;214
118;215
118;216
118;217
119;32
119;33
119;34
119;35
119;36
119;37
119;38
119;39
119;177
119;178
119;179
119;180
119;181
119;182
119;183
119;184
119;185
119;186
119;187
119;188
119;189
119;190
119;191
119;192
119;193
119;194
119;195
119;196
119;197
119;198
119;199
119;200
119;201
119;202
119;203
119;204
119;205
119;206
119;207
119;208
119;209
119;210
119;211
119;212
119;213
119;214
119;215
119;216
119;217
119;218
120;34
120;35
120;36
120;37
120;38
120;178
120;179
120;180
120;181
120;182
120;183
120;184
120;185
120;186
120;187
120;188
120;189
120;190
120;191
120;192
120;193
120;194
120;195
120;196
120;197
120;198
120;199
120;200
120;201
120;202
120;203
120;204
120;205
120;206
120;207
120;208
120;209
120;210
120;211
120;212
120;213
120;214
120;215
120;216
120;217
120;218
121;35
121;36
121;37
121;38
121;180
121;181
121;182
121;183
121;184
121;185
121;186
121;187
121;188
121;189
121;190
121;191
121;192
121;193
121;194
121;195
121;196
121;197
121;198
121;199
121;200
121;201
121;202
121;203
121;204
121;205
121;206
121;207
121;208
121;209
121;210
121;211
121;212
121;213
121;214
121;215
121;216
121;217
121;218
122;36
122;37
122;182
122;183
122;184
122;185
122;186
122;187
122;188
122;189
122;190
122;191
122;192
122;193
122;194
122;195
122;196
122;197
122;198
122;199
122;200
122;201
122;202
122;203
122;204
122;205
122;206
122;207
122;208
122;209
122;210
122;211
122;212
122;213
122;214
122;215
122;216
122;217
122;218
123;184
123;185
123;186
123;187
123;188
123;189
123;190
123;191
123;192
123;193
123;194
123;195
123;196
123;197
123;198
123;199
123;200
123;201
123;202
123;203
123;204
123;205
123;206
123;207
123;208
123;209
123;210
123;211
123;212
123;213
123;214
123;215
123;216
123;217
123;218
124;186
124;187
124;188
124;189
124;190
124;191
124;192
124;193
124;194
124;195
124;196
124;197
124;198
124;199
124;200
124;201
124;202
124;203
124;204
124;205
124;206
124;207
124;208
124;209
124;210
124;211
124;212
124;213
124;214
124;215
124;216
124;217
124;218
125;188
125;189
125;190
125;191
125;192
125;193
125;194
125;195
125;196
125;197
125;198
125;199
125;200
125;201
125;202
125;203
125;204
125;205
125;206
125;207
125;208
125;209
125;210
125;211
125;212
125;213
125;214
125;215
125;216
125;217
125;218
126;190
126;191
126;192
126;193
126;194
126;195
126;196
126;197
126;198
126;199
126;200
126;201
126;202
126;203
126;204
126;205
126;206
126;207
126;208
126;209
126;210
126;211
126;212
126;213
126;214
126;215
126;216
126;217
126;218
127;192
127;193
127;194
127;195
127;196
127;197
127;198
127;199
127;200
127;201
127;202
127;203
127;204
127;205
127;206
127;207
127;208
127;209
127;210
127;211
127;212
127;213
127;214
127;215
127;216
127;217
127;218
128;194
128;195
128;196
128;197
128;198
128;199
128;200
128;201
128;202
128;203
128;204
128;205
128;206
128;207
128;208
128;209
128;210
128;211
128;212
128;213
128;214
128;215
128;216
128;217
128;218
129;196
129;197
129;198
129;199
129;200
129;201
129;202
129;203
129;204
129;205
129;206
129;207
129;208
129;209
129;210
129;211
129;212
129;213
129;214
129;215
129;216
129;217
129;218
130;198
130;199
130;200
130;201
130;202
130;203
130;204
130;205
130;206
130;207
130;208
130;209
130;210
130;211
130;212
130;213
130;214
130;215
130;216
130;217
130;218
131;200
131;201
131;202
131;203
131;204
131;205
131;206
131;207
131;208
131;209
131;210
131;211
131;212
131;213
131;214
131;215
131;216
131;217
131;218
132;202
132;203
132;204
132;205
132;206
132;207
132;208
132;209
132;210
132;211
132;212
132;213
132;214
132;215
132;216
132;217
132;218
133;204
133;205
133;206
133;207
133;208
133;209
133;210
133;211
133;212
133;213
133;214
133;215
133;216
133;217
133;218
133;453
134;206
134;207
134;208
134;209
134;210
134;211
134;212
134;213
134;214
134;215
134;216
134;217
134;218
134;451
134;452
134;453
135;208
135;209
135;210
135;211
135;212
135;213
135;214
135;215
135;216
135;217
135;218
135;450
135;451
135;452
135;453
136;210
136;211
136;212
136;213
136;214
136;215
136;216
136;217
136;218
136;448
136;449
136;450
136;451
136;452
136;453
137;212
137;213
137;214
137;215
137;216
137;217
137;218
137;447
137;448
137;449
137;450
137;451
137;452
137;453
138;214
138;215
138;216
138;217
138;218
138;445
138;446
138;447
138;448
138;449
138;450
138;451
138;452
138;453
139;216
139;217
139;218
139;219
139;444
139;445
139;446
139;447
139;448
139;449
139;450
139;451
139;452
139;453
140;217
140;218
140;219
140;443
140;444
140;445
140;446
140;447
140;448
140;449
140;450
140;451
140;452
140;453
141;219
141;441
141;442
141;443
141;444
141;445
141;446
141;447
141;448
141;449
141;450
141;451
141;452
141;453
142;440
142;441
142;442
142;443
142;444
142;445
142;446
142;447
142;448
142;449
142;450
142;451
142;452
142;453
142;454
143;438
143;439
143;440
143;441
143;442
143;443
143;444
143;445
143;446
143;447
143;448
143;449
143;450
143;451
143;452
143;453
143;454
144;437
144;438
144;439
144;440
144;441
144;442
144;443
144;444
144;445
144;446
144;447
144;448
144;449
144;450
144;451
144;452
144;453
144;454
145;435
145;436
145;437
145;438
145;439
145;440
145;441
145;442
145;443
145;444
145;445
145;446
145;447
145;448
145;449
145;450
145;451
145;452
145;453
145;454
146;434
146;435
146;436
146;437
146;438
146;439
146;440
146;441
146;442
146;443
146;444
146;445
146;446
146;447
146;448
146;449
146;450
146;451
146;452
146;453
146;454
147;432
147;433
147;434
147;435
147;436
147;437
147;438
147;439
147;440
147;441
147;442
147;443
147;444
147;445
147;446
147;447
147;448
147;449
147;450
147;451
147;452
147;453
147;454
148;431
148;432
148;433
148;434
148;435
148;436
148;437
148;438
148;439
148;440
148;441
148;442
148;443
148;444
148;445
148;446
148;447
148;448
148;449
148;450
148;451
148;452
148;453
148;454
149;430
149;431
149;432
149;433
149;434
149;435
149;436
149;437
149;438
149;439
149;440
149;441
149;442
149;443
149;444
149;445
149;446
149;447
149;448
149;449
149;450
149;451
149;452
149;453
149;454
150;428
150;429
150;430
150;431
150;432
150;433
150;434
150;435
150;436
150;437
150;438
150;439
150;440
150;441
150;442
150;443
150;444
150;445
150;446
150;447
150;448
150;449
150;450
150;451
150;452
150;453
150;454
151;427
151;428
151;429
151;430
151;431
151;432
151;433
151;434
151;435
151;436
151;437
151;438
151;439
151;440
151;441
151;442
151;443
151;444
151;445
151;446
151;447
151;448
151;449
151;450
151;451
151;452
151;453
151;454
152;425
152;426
152;427
152;428
152;429
152;430
152;431
152;432
152;433
152;434
152;435
152;436
152;437
152;438
152;439
152;440
152;441
152;442
152;443
152;444
152;445
152;446
152;447
152;448
152;449
152;450
152;451
152;452
152;453
152;454
153;424
153;425
153;426
153;427
153;428
153;429
153;430
153;431
153;432
153;433
153;434
153;435
153;436
153;437
153;438
153;439
153;440
153;441
153;442
153;443
153;444
153;445
153;446
153;447
153;448
153;449
153;450
153;451
153;452
153;453
153;454
154;422
154;423
154;424
154;425
154;426
154;427
154;428
154;429
154;430
154;431
154;432
154;433
154;434
154;435
154;436
154;437
154;438
154;439
154;440
154;441
154;442
154;443
154;444
154;445
154;446
154;447
154;448
154;449
154;450
154;451
154;452
154;453
154;454
155;421
155;422
155;423
155;424
155;425
155;426
155;427
155;428
155;429
155;430
155;431
155;432
155;433
155;434
155;435
155;436
155;437
155;438
155;439
155;440
155;441
155;442
155;443
155;444
155;445
155;446
155;447
155;448
155;449
155;450
155;451
155;452
155;453
155;454
155;455
156;419
156;420
156;421
156;422
156;423
156;424
156;425
156;426
156;427
156;428
156;429
156;430
156;431
156;432
156;433
156;434
156;435
156;436
156;437
156;438
156;439
156;440
156;441
156;442
156;443
156;444
156;445
156;446
156;447
156;448
156;449
156;450
156;451
156;452
156;453
156;454
156;455
157;418
157;419
157;420
157;421
157;422
157;423
157;424
157;425
157;426
157;427
157;428
157;429
157;430
157;431
157;432
157;433
157;434
157;435
157;436
157;437
157;438
157;439
157;440
157;441
157;442
157;443
157;444
157;445
157;446
157;447
157;448
157;449
157;450
157;451
157;452
157;453
157;454
157;455
158;416
158;417
158;418
158;419
158;420
158;421
158;422
158;423
158;424
158;425
158;426
158;427
158;428
158;429
158;430
158;431
158;432
158;433
158;434
158;435
158;436
158;437
158;438
158;439
158;440
158;441
158;442
158;443
158;444
158;445
158;446
158;447
158;448
158;449
158;450
158;451
158;452
158;453
158;454
158;455
159;415
159;416
159;417
159;418
159;419
159;420
159;421
159;422
159;423
159;424
159;425
159;426
159;427
159;428
159;429
159;430
159;431
159;432
159;433
159;434
159;435
159;436
159;437
159;438
159;439
159;440
159;441
159;442
159;443
159;444
159;445
159;446
159;447
159;448
159;449
159;450
159;451
159;452
159;453
159;454
159;455
160;414
160;415
160;416
160;417
160;418
160;419
160;420
160;421
160;422
160;423
160;424
160;425
160;426
160;427
160;428
160;429
160;430
160;431
160;432
160;433
160;434
160;435
160;436
160;437
160;438
160;439
160;440
160;441
160;442
160;443
160;444
160;445
160;446
160;447
160;448
160;449
160;450
160;451
160;452
160;453
160;454
160;455
161;412
161;413
161;414
161;415
161;416
161;417
161;418
161;419
161;420
161;421
161;422
161;423
161;424
161;425
161;426
161;427
161;428
161;429
161;430
161;431
161;432
161;433
161;434
161;435
161;436
161;437
161;438
161;439
161;440
161;441
161;442
161;443
161;444
161;445
161;446
161;447
161;448
161;449
161;450
161;451
161;452
161;453
161;454
161;455
162;411
162;412
162;413
162;414
162;415
162;416
162;417
162;418
162;419
162;420
162;421
162;422
162;423
162;424
162;425
162;426
162;427
162;428
162;429
162;430
162;431
162;432
162;433
162;434
162;435
162;436
162;437
162;438
162;439
162;440
162;441
162;442
162;443
162;444
162;445
162;446
162;447
162;448
162;449
162;450
162;451
162;452
162;453
162;454
162;455
163;409
163;410
163;411
163;412
163;413
163;414
163;415
163;416
163;417
163;418
163;419
163;420
163;421
163;422
163;423
163;424
163;425
163;426
163;427
163;428
163;429
163;430
163;431
163;432
163;433
163;434
163;435
163;436
163;437
163;438
163;439
163;440
163;441
163;442
163;443
163;444
163;445
163;446
163;447
163;448
163;449
163;450
163;451
163;452
163;453
163;454
163;455
164;408
164;409
164;410
164;411
164;412
164;413
164;414
164;415
164;416
164;417
164;418
164;419
164;420
164;421
164;422
164;423
164;424
164;425
164;426
164;427
164;428
164;429
164;430
164;431
164;432
164;433
164;434
164;435
164;436
164;437
164;438
164;439
164;440
164;441
164;442
164;443
164;444
164;445
164;446
164;447
164;448
164;449
164;450
164;451
164;452
164;453
164;454
164;455
165;406
165;407
165;408
165;409
165;410
165;411
165;412
165;413
165;414
165;415
165;416
165;417
165;418
165;419
165;420
165;421
165;422
165;423
165;424
165;425
165;426
165;427
165;428
165;429
165;430
165;431
165;432
165;433
165;434
165;435
165;436
165;437
165;438
165;439
165;440
165;441
165;442
165;443
165;444
165;445
165;446
165;447
165;448
165;449
165;450
165;451
165;452
165;453
165;454
165;455
166;405
166;406
166;407
166;408
166;409
166;410
166;411
166;412
166;413
166;414
166;415
166;416
166;417
166;418
166;419
166;420
166;421
166;422
166;423
166;424
166;425
166;426
166;427
166;428
166;429
166;430
166;431
166;432
166;433
166;434
166;435
166;436
166;437
166;438
166;439
166;440
166;441
166;442
166;443
166;444
166;445
166;446
166;447
166;448
166;449
166;450
166;451
166;452
166;453
166;454
166;455
167;403
167;404
167;405
167;406
167;407
167;408
167;409
167;410
167;411
167;412
167;413
167;414
167;415
167;416
167;417
167;418
167;419
167;420
167;421
167;422
167;423
167;424
167;425
167;426
167;427
167;428
167;429
167;430
167;431
167;432
167;433
167;434
167;435
167;436
167;437
167;438
167;439
167;440
167;441
167;442
167;443
167;444
167;445
167;446
167;447
167;448
167;449
167;450
167;451
167;452
167;453
167;454
167;455
167;456
168;402
168;403
168;404
168;405
168;406
168;407
168;408
168;409
168;410
168;411
168;412
168;413
168;414
168;415
168;416
168;417
168;418
168;419
168;420
168;421
168;422
168;423
168;424
168;425
168;426
168;427
168;428
168;429
168;430
168;431
168;432
168;433
168;434
168;435
168;436
168;437
168;438
168;439
168;440
168;441
168;442
168;443
168;444
168;445
168;446
168;447
168;448
168;449
168;450
168;451
168;452
168;453
168;454
168;455
168;456
169;400
169;401
169;402
169;403
169;404
169;405
169;406
169;407
169;408
169;409
169;410
169;411
169;412
169;413
169;414
169;415
169;416
169;417
169;418
169;419
169;420
169;421
169;422
169;423
169;424
169;425
169;426
169;427
169;428
169;429
169;430
169;431
169;432
169;433
169;434
169;435
169;436
169;437
169;438
169;439
169;440
169;441
169;442
169;443
169;444
169;445
169;446
169;447
169;448
169;449
169;450
169;451
169;452
169;453
169;454
169;455
169;456
170;399
170;400
170;401
170;402
170;403
170;404
170;405
170;406
170;407
170;408
170;409
170;410
170;411
170;412
170;413
170;414
170;415
170;416
170;417
170;418
170;419
170;420
170;421
170;422
170;423
170;424
170;425
170;426
170;427
170;428
170;429
170;430
170;431
170;432
170;433
170;434
170;435
170;436
170;437
170;438
170;439
170;440
170;441
170;442
170;443
170;444
170;445
170;446
170;447
170;448
170;449
170;450
170;451
170;452
170;453
170;454
170;455
170;456
171;398
171;399
171;400
171;401
171;402
171;403
171;404
171;405
171;406
171;407
171;408
171;409
171;410
171;411
171;412
171;413
171;414
171;415
171;416
171;417
171;418
171;419
171;420
171;421
171;422
171;423
171;424
171;425
171;426
171;427
171;428
171;429
171;430
171;431
171;432
171;433
171;434
171;435
171;436
171;437
171;438
171;439
171;440
171;441
171;442
171;443
171;444
171;445
171;446
171;447
171;448
171;449
171;450
171;451
171;452
171;453
171;454
171;455
171;456
172;398
172;399
172;400
172;401
172;402
172;403
172;404
172;405
172;406
172;407
172;408
172;409
172;410
172;411
172;412
172;413
172;414
172;415
172;416
172;417
172;418
172;419
172;420
172;421
172;422
172;423
172;424
172;425
172;426
172;427
172;428
172;429
172;430
172;431
172;432
172;433
172;434
172;435
172;436
172;437
172;438
172;439
172;440
172;441
172;442
172;443
172;444
172;445
172;446
172;447
172;448
172;449
172;450
172;451
172;452
172;453
172;454
172;455
172;456
173;401
173;402
173;403
173;404
173;405
173;406
173;407
173;408
173;409
173;410
173;411
173;412
173;413
173;414
173;415
173;416
173;417
173;418
173;419
173;420
173;421
173;422
173;423
173;424
173;425
173;426
173;427
173;428
173;429
173;430
173;431
173;432
173;433
173;434
173;435
173;436
173;437
173;438
173;439
173;440
173;441
173;442
173;443
173;444
173;445
173;446
173;447
173;448
173;449
173;450
173;451
173;452
173;453
173;454
173;455
173;456
174;403
174;404
174;405
174;406
174;407
174;408
174;409
174;410
174;411
174;412
174;413
174;414
174;415
174;416
174;417
174;418
174;419
174;420
174;421
174;422
174;423
174;424
174;425
174;426
174;427
174;428
174;429
174;430
174;431
174;432
174;433
174;434
174;435
174;436
174;437
174;438
174;439
174;440
174;441
174;442
174;443
174;444
174;445
174;446
174;447
174;448
174;449
174;450
174;451
174;452
174;453
174;454
174;455
174;456
175;405
175;406
175;407
175;408
175;409
175;410
175;411
175;412
175;413
175;414
175;415
175;416
175;417
175;418
175;419
175;420
175;421
175;422
175;423
175;424
175;425
175;426
175;427
175;428
175;429
175;430
175;431
175;432
175;433
175;434
175;435
175;436
175;437
175;438
175;439
175;440
175;441
175;442
175;443
175;444
175;445
175;446
175;447
175;448
175;449
175;450
175;451
175;452
175;453
175;454
175;455
175;456
176;407
176;408
176;409
176;410
176;411
176;412
176;413
176;414
176;415
176;416
176;417
176;418
176;419
176;420
176;421
176;422
176;423
176;424
176;425
176;426
176;427
176;428
176;429
176;430
176;431
176;432
176;433
176;434
176;435
176;436
176;437
176;438
176;439
176;440
176;441
176;442
176;443
176;444
176;445
176;446
176;447
176;448
176;449
176;450
176;451
176;452
176;453
176;454
176;455
176;456
177;409
177;410
177;411
177;412
177;413
177;414
177;415
177;416
177;417
177;418
177;419
177;420
177;421
177;422
177;423
177;424
177;425
177;426
177;427
177;428
177;429
177;430
177;431
177;432
177;433
177;434
177;435
177;436
177;437
177;438
177;439
177;440
177;441
177;442
177;443
177;444
177;445
177;446
177;447
177;448
177;449
177;450
177;451
177;452
177;453
177;454
177;455
177;456
178;411
178;412
178;413
178;414
178;415
178;416
178;417
178;418
178;419
178;420
178;421
178;422
178;423
178;424
178;425
178;426
178;427
178;428
178;429
178;430
178;431
178;432
178;433
178;434
178;435
178;436
178;437
178;438
178;439
178;440
178;441
178;442
178;443
178;444
178;445
178;446
178;447
178;448
178;449
178;450
178;451
178;452
178;453
178;454
178;455
178;456
179;413
179;414
179;415
179;416
179;417
179;418
179;419
179;420
179;421
179;422
179;423
179;424
179;425
179;426
179;427
179;428
179;429
179;430
179;431
179;432
179;433
179;434
179;435
179;436
179;437
179;438
179;439
179;440
179;441
179;442
179;443
179;444
179;445
179;446
179;447
179;448
179;449
179;450
179;451
179;452
179;453
179;454
179;455
179;456
180;415
180;416
180;417
180;418
180;419
180;420
180;421
180;422
180;423
180;424
180;425
180;426
180;427
180;428
180;429
180;430
180;431
180;432
180;433
180;434
180;435
180;436
180;437
180;438
180;439
180;440
180;441
180;442
180;443
180;444
180;445
180;446
180;447
180;448
180;449
180;450
180;451
180;452
180;453
180;454
180;455
180;456
180;457
181;417
181;418
181;419
181;420
181;421
181;422
181;423
181;424
181;425
181;426
181;427
181;428
181;429
181;430
181;431
181;432
181;433
181;434
181;435
181;436
181;437
181;438
181;439
181;440
181;441
181;442
181;443
181;444
181;445
181;446
181;447
181;448
181;449
181;450
181;451
181;452
181;453
181;454
181;455
181;456
181;457
182;419
182;420
182;421
182;422
182;423
182;424
182;425
182;426
182;427
182;428
182;429
182;430
182;431
182;432
182;433
182;434
182;435
182;436
182;437
182;438
182;439
182;440
182;441
182;442
182;443
182;444
182;445
182;446
182;447
182;448
182;449
182;450
182;451
182;452
182;453
182;454
182;455
182;456
182;457
183;235
183;236
183;422
183;423
183;424
183;425
183;426
183;427
183;428
183;429
183;430
183;431
183;432
183;433
183;434
183;435
183;436
183;437
183;438
183;439
183;440
183;441
183;442
183;443
183;444
183;445
183;446
183;447
183;448
183;449
183;450
183;451
183;452
183;453
183;454
183;455
183;456
183;457
184;226
184;227
184;228
184;229
184;230
184;231
184;232
184;233
184;234
184;235
184;236
184;237
184;238
184;239
184;240
184;241
184;242
184;243
184;244
184;245
184;424
184;425
184;426
184;427
184;428
184;429
184;430
184;431
184;432
184;433
184;434
184;435
184;436
184;437
184;438
184;439
184;440
184;441
184;442
184;443
184;444
184;445
184;446
184;447
184;448
184;449
184;450
184;451
184;452
184;453
184;454
184;455
184;456
184;457
185;222
185;223
185;224
185;225
185;226
185;227
185;228
185;229
185;230
185;231
185;232
185;233
185;234
185;235
185;236
185;237
185;238
185;239
185;240
185;241
185;242
185;243
185;244
185;245
185;246
185;247
185;248
185;249
185;426
185;427
185;428
185;429
185;430
185;431
185;432
185;433
185;434
185;435
185;436
185;437
185;438
185;439
185;440
185;441
185;442
185;443
185;444
185;445
185;446
185;447
185;448
185;449
185;450
185;451
185;452
185;453
185;454
185;455
185;456
185;457
186;219
186;220
186;221
186;222
186;223
186;224
186;225
186;226
186;227
186;228
186;229
186;230
186;231
186;232
186;233
186;234
186;235
186;236
186;237
186;238
186;239
186;240
186;241
186;242
186;243
186;244
186;245
186;246
186;247
186;248
186;249
186;250
186;251
186;252
186;428
186;429
186;430
186;431
186;432
186;433
186;434
186;435
186;436
186;437
186;438
186;439
186;440
186;441
186;442
186;443
186;444
186;445
186;446
186;447
186;448
186;449
186;450
186;451
186;452
186;453
186;454
186;455
186;456
186;457
187;217
187;218
187;219
187;220
187;221
187;222
187;223
187;224
187;225
187;226
187;227
187;228
187;229
187;230
187;231
187;232
187;233
187;234
187;235
187;236
187;237
187;238
187;239
187;240
187;241
187;242
187;243
187;244
187;245
187;246
187;247
187;248
187;249
187;250
187;251
187;252
187;253
187;254
187;255
187;430
187;431
187;432
187;433
187;434
187;435
187;436
187;437
187;438
187;439
187;440
187;441
187;442
187;443
187;444
187;445
187;446
187;447
187;448
187;449
187;450
187;451
187;452
187;453
187;454
187;455
187;456
187;457
188;215
188;216
188;217
188;218
188;219
188;220
188;221
188;222
188;223
188;224
188;225
188;226
188;227
188;228
188;229
188;230
188;231
188;232
188;233
188;234
188;235
188;236
188;237
188;238
188;239
188;240
188;241
188;242
188;243
188;244
188;245
188;246
188;247
188;248
188;249
188;250
188;251
188;252
188;253
188;254
188;255
188;256
188;257
188;432
188;433
188;434
188;435
188;436
188;437
188;438
188;439
188;440
188;441
188;442
188;443
188;444
188;445
188;446
188;447
188;448
188;449
188;450
188;451
188;452
188;453
188;454
188;455
188;456
188;457
189;213
189;214
189;215
189;216
189;217
189;218
189;219
189;220
189;221
189;222
189;223
189;224
189;225
189;226
189;227
189;228
189;229
189;230
189;231
189;232
189;233
189;234
189;235
189;236
189;237
189;238
189;239
189;240
189;241
189;242
189;243
189;244
189;245
189;246
189;247
189;248
189;249
189;250
189;251
189;252
189;253
189;254
189;255
189;256
189;257
189;258
189;259
189;434
189;435
189;436
189;437
189;438
189;439
189;440
189;441
189;442
189;443
189;444
189;445
189;446
189;447
189;448
189;449
189;450
189;451
189;452
189;453
189;454
189;455
189;456
189;457
190;211
190;212
190;213
190;214
190;215
190;216
190;217
190;218
190;219
190;220
190;221
190;222
190;223
190;224
190;225
190;226
190;227
190;228
190;229
190;230
190;231
190;232
190;233
190;234
190;235
190;236
190;237
190;238
190;239
190;240
190;241
190;242
190;243
190;244
190;245
190;246
190;247
190;248
190;249
190;250
190;251
190;252
190;253
190;254
190;255
190;256
190;257
190;258
190;259
190;260
190;436
190;437
190;438
190;439
190;440
190;441
190;442
190;443
190;444
190;445
190;446
190;447
190;448
190;449
190;450
190;451
190;452
190;453
190;454
190;455
190;456
190;457
191;210
191;211
191;212
191;213
191;214
191;215
191;216
191;217
191;218
191;219
191;220
191;221
191;222
191;223
191;224
191;225
191;226
191;227
191;228
191;229
191;230
191;231
191;232
191;233
191;234
191;235
191;236
191;237
191;238
191;239
191;240
191;241
191;242
191;243
191;244
191;245
191;246
191;247
191;248
191;249
191;250
191;251
191;252
191;253
191;254
191;255
191;256
191;257
191;258
191;259
191;260
191;261
191;262
191;438
191;439
191;440
191;441
191;442
191;443
191;444
191;445
191;446
191;447
191;448
191;449
191;450
191;451
191;452
191;453
191;454
191;455
191;456
191;457
192;208
192;209
192;210
192;211
192;212
192;213
192;214
192;215
192;216
192;217
192;218
192;219
192;220
192;221
192;222
192;223
192;224
192;225
192;226
192;227
192;228
192;229
192;230
192;231
192;232
192;233
192;234
192;235
192;236
192;237
192;238
192;239
192;240
192;241
192;242
192;243
192;244
192;245
192;246
192;247
192;248
192;249
192;250
192;251
192;252
192;253
192;254
192;255
192;256
192;257
192;258
192;259
192;260
192;261
192;262
192;263
192;440
192;441
192;442
192;443
192;444
192;445
192;446
192;447
192;448
192;449
192;450
192;451
192;452
192;453
192;454
192;455
192;456
192;457
192;458
193;207
193;208
193;209
193;210
193;211
193;212
193;213
193;214
193;215
193;216
193;217
193;218
193;219
193;220
193;221
193;222
193;223
193;224
193;225
193;226
193;227
193;228
193;229
193;230
193;231
193;232
193;233
193;234
193;235
193;236
193;237
193;238
193;239
193;240
193;241
193;242
193;243
193;244
193;245
193;246
193;247
193;248
193;249
193;250
193;251
193;252
193;253
193;254
193;255
193;256
193;257
193;258
193;259
193;260
193;261
193;262
193;263
193;264
193;265
193;443
193;444
193;445
193;446
193;447
193;448
193;449
193;450
193;451
193;452
193;453
193;454
193;455
193;456
193;457
193;458
194;206
194;207
194;208
194;209
194;210
194;211
194;212
194;213
194;214
194;215
194;216
194;217
194;218
194;219
194;220
194;221
194;222
194;223
194;224
194;225
194;226
194;227
194;228
194;229
194;230
194;231
194;232
194;233
194;234
194;235
194;236
194;237
194;238
194;239
194;240
194;241
194;242
194;243
194;244
194;245
194;246
194;247
194;248
194;249
194;250
194;251
194;252
194;253
194;254
194;255
194;256
194;257
194;258
194;259
194;260
194;261
194;262
194;263
194;264
194;265
194;266
194;445
194;446
194;447
194;448
194;449
194;450
194;451
194;452
194;453
194;454
194;455
194;456
194;457
194;458
195;204
195;205
195;206
195;207
195;208
195;209
195;210
195;211
195;212
195;213
195;214
195;215
195;216
195;217
195;218
195;219
195;220
195;221
195;222
195;223
195;224
195;225
195;226
195;227
195;228
195;229
195;230
195;231
195;232
195;233
195;234
195;235
195;236
195;237
195;238
195;239
195;240
195;241
195;242
195;243
195;244
195;245
195;246
195;247
195;248
195;249
195;250
195;251
195;252
195;253
195;254
195;255
195;256
195;257
195;258
195;259
195;260
195;261
195;262
195;263
195;264
195;265
195;266
195;267
195;447
195;448
195;449
195;450
195;451
195;452
195;453
195;454
195;455
195;456
195;457
195;458
196;203
196;204
196;205
196;206
196;207
196;208
196;209
196;210
196;211
196;212
196;213
196;214
196;215
196;216
196;217
196;218
196;219
196;220
196;221
196;222
196;223
196;224
196;225
196;226
196;227
196;228
196;229
196;230
196;231
196;232
196;233
196;234
196;235
196;236
196;237
196;238
196;239
196;240
196;241
196;242
196;243
196;244
196;245
196;246
196;247
196;248
196;249
196;250
196;251
196;252
196;253
196;254
196;255
196;256
196;257
196;258
196;259
196;260
196;261
196;262
196;263
196;264
196;265
196;266
196;267
196;268
196;449
196;450
196;451
196;452
196;453
196;454
196;455
196;456
196;457
196;458
197;202
197;203
197;204
197;205
197;206
197;207
197;208
197;209
197;210
197;211
197;212
197;213
197;214
197;215
197;216
197;217
197;218
197;219
197;220
197;221
197;222
197;223
197;224
197;225
197;226
197;227
197;228
197;229
197;230
197;231
197;232
197;233
197;234
197;235
197;236
197;237
197;238
197;239
197;240
197;241
197;242
197;243
197;244
197;245
197;246
197;247
197;248
197;249
197;250
197;251
197;252
197;253
197;254
197;255
197;256
197;257
197;258
197;259
197;260
197;261
197;262
197;263
197;264
197;265
197;266
197;267
197;268
197;269
197;451
197;452
197;453
197;454
197;455
197;456
197;457
197;458
198;201
198;202
198;203
198;204
198;205
198;206
198;207
198;208
198;209
198;210
198;211
198;212
198;213
198;214
198;215
198;216
198;217
198;218
198;219
198;220
198;221
198;222
198;223
198;224
198;225
198;226
198;227
198;228
198;229
198;230
198;231
198;232
198;233
198;234
198;235
198;236
198;237
198;238
198;239
198;240
198;241
198;242
198;243
198;244
198;245
198;246
198;247
198;248
198;249
198;250
198;251
198;252
198;253
198;254
198;255
198;256
198;257
198;258
198;259
198;260
198;261
198;262
198;263
198;264
198;265
198;266
198;267
198;268
198;269
198;270
198;453
198;454
198;455
198;456
198;457
198;458
199;200
199;201
199;202
199;203
199;204
199;205
199;206
199;207
199;208
199;209
199;210
199;211
199;212
199;213
199;214
199;215
199;216
199;217
199;218
199;219
199;220
199;221
199;222
199;223
199;224
199;225
199;226
199;227
199;228
199;229
199;230
199;231
199;232
199;233
199;234
199;235
199;236
199;237
199;238
199;239
199;240
199;241
199;242
199;243
199;244
199;245
199;246
199;247
199;248
199;249
199;250
199;251
199;252
199;253
199;254
199;255
199;256
199;257
199;258
199;259
199;260
199;261
199;262
199;263
199;264
199;265
199;266
199;267
199;268
199;269
199;270
199;271
199;455
199;456
199;457
199;458
200;199
200;200
200;201
200;202
200;203
200;204
200;205
200;206
200;207
200;208
200;209
200;210
200;211
200;212
200;213
200;214
200;215
200;216
200;217
200;218
200;219
200;220
200;221
200;222
200;223
200;224
200;225
200;226
200;227
200;228
200;229
200;230
200;231
200;232
200;233
200;234
200;235
200;236
200;237
200;238
200;239
200;240
200;241
200;242
200;243
200;244
200;245
200;246
200;247
200;248
200;249
200;250
200;251
200;252
200;253
200;254
200;255
200;256
200;257
200;258
200;259
200;260
200;261
200;262
200;263
200;264
200;265
200;266
200;267
200;268
200;269
200;270
200;271
200;272
200;457
200;458
201;199
201;200
201;201
201;202
201;203
201;204
201;205
201;206
201;207
201;208
201;209
201;210
201;211
201;212
201;213
201;214
201;215
201;216
201;217
201;218
201;219
201;220
201;221
201;222
201;223
201;224
201;225
201;226
201;227
201;228
201;229
201;230
201;231
201;232
201;233
201;234
201;235
201;236
201;237
201;238
201;239
201;240
201;241
201;242
201;243
201;244
201;245
201;246
201;247
201;248
201;249
201;250
201;251
201;252
201;253
201;254
201;255
201;256
201;257
201;258
201;259
201;260
201;261
201;262
201;263
201;264
201;265
201;266
201;267
201;268
201;269
201;270
201;271
201;272
201;273
202;198
202;199
202;200
202;201
202;202
202;203
202;204
202;205
202;206
202;207
202;208
202;209
202;210
202;211
202;212
202;213
202;214
202;215
202;216
202;217
202;218
202;219
202;220
202;221
202;222
202;223
202;224
202;225
202;226
202;227
202;228
202;229
202;230
202;231
202;232
202;233
202;234
202;235
202;236
202;237
202;238
202;239
202;240
202;241
202;242
202;243
202;244
202;245
202;246
202;247
202;248
202;249
202;250
202;251
202;252
202;253
202;254
202;255
202;256
202;257
202;258
202;259
202;260
202;261
202;262
202;263
202;264
202;265
202;266
202;267
202;268
202;269
202;270
202;271
202;272
202;273
202;274
203;197
203;198
203;199
203;200
203;201
203;202
203;203
203;204
203;205
203;206
203;207
203;208
203;209
203;210
203;211
203;212
203;213
203;214
203;215
203;216
203;217
203;218
203;219
203;220
203;221
203;222
203;223
203;224
203;225
203;226
203;227
203;228
203;229
203;230
203;231
203;232
203;233
203;234
203;235
203;236
203;237
203;238
203;239
203;240
203;241
203;242
203;243
203;244
203;245
203;246
203;247
203;248
203;249
203;250
203;251
203;252
203;253
203;254
203;255
203;256
203;257
203;258
203;259
203;260
203;261
203;262
203;263
203;264
203;265
203;266
203;267
203;268
203;269
203;270
203;271
203;272
203;273
203;274
204;196
204;197
204;198
204;199
204;200
204;201
204;202
204;203
204;204
204;205
204;206
204;207
204;208
204;209
204;210
204;211
204;212
204;213
204;214
204;215
204;216
204;217
204;218
204;219
204;220
204;221
204;222
204;223
204;224
204;225
204;226
204;227
204;228
204;229
204;230
204;231
204;232
204;233
204;234
204;235
204;236
204;237
204;238
204;239
204;240
204;241
204;242
204;243
204;244
204;245
204;246
204;247
204;248
204;249
204;250
204;251
204;252
204;253
204;254
204;255
204;256
204;257
204;258
204;259
204;260
204;261
204;262
204;263
204;264
204;265
204;266
204;267
204;268
204;269
204;270
204;271
204;272
204;273
204;274
204;275
205;196
205;197
205;198
205;199
205;200
205;201
205;202
205;203
205;204
205;205
205;206
205;207
205;208
205;209
205;210
205;211
205;212
205;213
205;214
205;215
205;216
205;217
205;218
205;219
205;220
205;221
205;222
205;223
205;224
205;225
205;226
205;227
205;228
205;229
205;230
205;231
205;232
205;233
205;234
205;235
205;236
205;237
205;238
205;239
205;240
205;241
205;242
205;243
205;244
205;245
205;246
205;247
205;248
205;249
205;250
205;251
205;252
205;253
205;254
205;255
205;256
205;257
205;258
205;259
205;260
205;261
205;262
205;263
205;264
205;265
205;266
205;267
205;268
205;269
205;270
205;271
205;272
205;273
205;274
205;275
205;276
206;195
206;196
206;197
206;198
206;199
206;200
206;201
206;202
206;203
206;204
206;205
206;206
206;207
206;208
206;209
206;210
206;211
206;212
206;213
206;214
206;215
206;216
206;217
206;218
206;219
206;220
206;221
206;222
206;223
206;224
206;225
206;226
206;227
206;228
206;229
206;230
206;231
206;232
206;233
206;234
206;235
206;236
206;237
206;238
206;239
206;240
206;241
206;242
206;243
206;244
206;245
206;246
206;247
206;248
206;249
206;250
206;251
206;252
206;253
206;254
206;255
206;256
206;257
206;258
206;259
206;260
206;261
206;262
206;263
206;264
206;265
206;266
206;267
206;268
206;269
206;270
206;271
206;272
206;273
206;274
206;275
206;276
206;419
206;420
206;421
206;422
206;423
206;424
206;425
206;426
206;427
206;428
206;429
207;195
207;196
207;197
207;198
207;199
207;200
207;201
207;202
207;203
207;204
207;205
207;206
207;207
207;208
207;209
207;210
207;211
207;212
207;213
207;214
207;215
207;216
207;217
207;218
207;219
207;220
207;221
207;222
207;223
207;224
207;225
207;226
207;227
207;228
207;229
207;230
207;231
207;232
207;233
207;234
207;235
207;236
207;237
207;238
207;239
207;240
207;241
207;242
207;243
207;244
207;245
207;246
207;247
207;248
207;249
207;250
207;251
207;252
207;253
207;254
207;255
207;256
207;257
207;258
207;259
207;260
207;261
207;262
207;263
207;264
207;265
207;266
207;267
207;268
207;269
207;270
207;271
207;272
207;273
207;274
207;275
207;276
207;277
207;414
207;415
207;416
207;417
207;418
207;419
207;420
207;421
207;422
207;423
207;424
207;425
207;426
207;427
207;428
207;429
207;430
207;431
207;432
207;433
207;434
208;194
208;195
208;196
208;197
208;198
208;199
208;200
208;201
208;202
208;203
208;204
208;205
208;206
208;207
208;208
208;209
208;210
208;211
208;212
208;213
208;214
208;215
208;216
208;217
208;218
208;219
208;220
208;221
208;222
208;223
208;224
208;225
208;226
208;227
208;228
208;229
208;230
208;231
208;232
208;233
208;234
208;235
208;236
208;237
208;238
208;239
208;240
208;241
208;242
208;243
208;244
208;245
208;246
208;247
208;248
208;249
208;250
208;251
208;252
208;253
208;254
208;255
208;256
208;257
208;258
208;259
208;260
208;261
208;262
208;263
208;264
208;265
208;266
208;267
208;268
208;269
208;270
208;271
208;272
208;273
208;274
208;275
208;276
208;277
208;278
208;410
208;411
208;412
208;413
208;414
208;415
208;416
208;417
208;418
208;419
208;420
208;421
208;422
208;423
208;424
208;425
208;426
208;427
208;428
208;429
208;430
208;431
208;432
208;433
208;434
208;435
208;436
208;437
208;438
209;193
209;194
209;195
209;196
209;197
209;198
209;199
209;200
209;201
209;202
209;203
209;204
209;205
209;206
209;207
209;208
209;209
209;210
209;211
209;212
209;213
209;214
209;215
209;216
209;217
209;218
209;219
209;220
209;221
209;222
209;223
209;224
209;225
209;226
209;227
209;228
209;229
209;230
209;231
209;232
209;233
209;234
209;235
209;236
209;237
209;238
209;239
209;240
209;241
209;242
209;243
209;244
209;245
209;246
209;247
209;248
209;249
209;250
209;251
209;252
209;253
209;254
209;255
209;256
209;257
209;258
209;259
209;260
209;261
209;262
209;263
209;264
209;265
209;266
209;267
209;268
209;269
209;270
209;271
209;272
209;273
209;274
209;275
209;276
209;277
209;278
209;408
209;409
209;410
209;411
209;412
209;413
209;414
209;415
209;416
209;417
209;418
209;419
209;420
209;421
209;422
209;423
209;424
209;425
209;426
209;427
209;428
209;429
209;430
209;431
209;432
209;433
209;434
209;435
209;436
209;437
209;438
209;439
209;440
210;193
210;194
210;195
210;196
210;197
210;198
210;199
210;200
210;201
210;202
210;203
210;204
210;205
210;206
210;207
210;208
210;209
210;210
210;211
210;212
210;213
210;214
210;215
210;216
210;217
210;218
210;219
210;220
210;221
210;222
210;223
210;224
210;225
210;226
210;227
210;228
210;229
210;230
210;231
210;232
210;233
210;234
210;235
210;236
210;237
210;238
210;239
210;240
210;241
210;242
210;243
210;244
210;245
210;246
210;247
210;248
210;249
210;250
210;251
210;252
210;253
210;254
210;255
210;256
210;257
210;258
210;259
210;260
210;261
210;262
210;263
210;264
210;265
210;266
210;267
210;268
210;269
210;270
210;271
210;272
210;273
210;274
210;275
210;276
210;277
210;278
210;279
210;406
210;407
210;408
210;409
210;410
210;411
210;412
210;413
210;414
210;415
210;416
210;417
210;418
210;419
210;420
210;421
210;422
210;423
210;424
210;425
210;426
210;427
210;428
210;429
210;430
210;431
210;432
210;433
210;434
210;435
210;436
210;437
210;438
210;439
210;440
210;441
210;442
211;192
211;193
211;194
211;195
211;196
211;197
211;198
211;199
211;200
211;201
211;202
211;203
211;204
211;205
211;206
211;207
211;208
211;209
211;210
211;211
211;212
211;213
211;214
211;215
211;216
211;217
211;218
211;219
211;220
211;221
211;222
211;223
211;224
211;225
211;226
211;227
211;228
211;229
211;230
211;231
211;232
211;233
211;234
211;235
211;236
211;237
211;238
211;239
211;240
211;241
211;242
211;243
211;244
211;245
211;246
211;247
211;248
211;249
211;250
211;251
211;252
211;253
211;254
211;255
211;256
211;257
211;258
211;259
211;260
211;261
211;262
211;263
211;264
211;265
211;266
211;267
211;268
211;269
211;270
211;271
211;272
211;273
211;274
211;275
211;276
211;277
211;278
211;279
211;404
211;405
211;406
211;407
211;408
211;409
211;410
211;411
211;412
211;413
211;414
211;415
211;416
211;417
211;418
211;419
211;420
211;421
211;422
211;423
211;424
211;425
211;426
211;427
211;428
211;429
211;430
211;431
211;432
211;433
211;434
211;435
211;436
211;437
211;438
211;439
211;440
211;441
211;442
211;443
211;444
212;192
212;193
212;194
212;195
212;196
212;197
212;198
212;199
212;200
212;201
212;202
212;203
212;204
212;205
212;206
212;207
212;208
212;209
212;210
212;211
212;212
212;213
212;214
212;215
212;216
212;217
212;218
212;219
212;220
212;221
212;222
212;223
212;224
212;225
212;226
212;227
212;228
212;229
212;230
212;231
212;232
212;233
212;234
212;235
212;236
212;237
212;238
212;239
212;240
212;241
212;242
212;243
212;244
212;245
212;246
212;247
212;248
212;249
212;250
212;251
212;252
212;253
212;254
212;255
212;256
212;257
212;258
212;259
212;260
212;261
212;262
212;263
212;264
212;265
212;266
212;267
212;268
212;269
212;270
212;271
212;272
212;273
212;274
212;275
212;276
212;277
212;278
212;279
212;280
212;402
212;403
212;404
212;405
212;406
212;407
212;408
212;409
212;410
212;411
212;412
212;413
212;414
212;415
212;416
212;417
212;418
212;419
212;420
212;421
212;422
212;423
212;424
212;425
212;426
212;427
212;428
212;429
212;430
212;431
212;432
212;433
212;434
212;435
212;436
212;437
212;438
212;439
212;440
212;441
212;442
212;443
212;444
212;445
212;446
213;192
213;193
213;194
213;195
213;196
213;197
213;198
213;199
213;200
213;201
213;202
213;203
213;204
213;205
213;206
213;207
213;208
213;209
213;210
213;211
213;212
213;213
213;214
213;215
213;216
213;217
213;218
213;219
213;220
213;221
213;222
213;223
213;224
213;225
213;226
213;227
213;228
213;229
213;230
213;231
213;232
213;233
213;234
213;235
213;236
213;237
213;238
213;239
213;240
213;241
213;242
213;243
213;244
213;245
213;246
213;247
213;248
213;249
213;250
213;251
213;252
213;253
213;254
213;255
213;256
213;257
213;258
213;259
213;260
213;261
213;262
213;263
213;264
213;265
213;266
213;267
213;268
213;269
213;270
213;271
213;272
213;273
213;274
213;275
213;276
213;277
213;278
213;279
213;280
213;401
213;402
213;403
213;404
213;405
213;406
213;407
213;408
213;409
213;410
213;411
213;412
213;413
213;414
213;415
213;416
213;417
213;418
213;419
213;420
213;421
213;422
213;423
213;424
213;425
213;426
213;427
213;428
213;429
213;430
213;431
213;432
213;433
213;434
213;435
213;436
213;437
213;438
213;439
213;440
213;441
213;442
213;443
213;444
213;445
213;446
213;447
214;191
214;192
214;193
214;194
214;195
214;196
214;197
214;198
214;199
214;200
214;201
214;202
214;203
214;204
214;205
214;206
214;207
214;208
214;209
214;210
214;211
214;212
214;213
214;214
214;215
214;216
214;217
214;218
214;219
214;220
214;221
214;222
214;223
214;224
214;225
214;226
214;227
214;228
214;229
214;230
214;231
214;232
214;233
214;234
214;235
214;236
214;237
214;238
214;239
214;240
214;241
214;242
214;243
214;244
214;245
214;246
214;247
214;248
214;249
214;250
214;251
214;252
214;253
214;254
214;255
214;256
214;257
214;258
214;259
214;260
214;261
214;262
214;263
214;264
214;265
214;266
214;267
214;268
214;269
214;270
214;271
214;272
214;273
214;274
214;275
214;276
214;277
214;278
214;279
214;280
214;399
214;400
214;401
214;402
214;403
214;404
214;405
214;406
214;407
214;408
214;409
214;410
214;411
214;412
214;413
214;414
214;415
214;416
214;417
214;418
214;419
214;420
214;421
214;422
214;423
214;424
214;425
214;426
214;427
214;428
214;429
214;430
214;431
214;432
214;433
214;434
214;435
214;436
214;437
214;438
214;439
214;440
214;441
214;442
214;443
214;444
214;445
214;446
214;447
214;448
214;449
215;191
215;192
215;193
215;194
215;195
215;196
215;197
215;198
215;199
215;200
215;201
215;202
215;203
215;204
215;205
215;206
215;207
215;208
215;209
215;210
215;211
215;212
215;213
215;214
215;215
215;216
215;217
215;218
215;219
215;220
215;221
215;222
215;223
215;224
215;225
215;226
215;227
215;228
215;229
215;230
215;231
215;232
215;233
215;234
215;235
215;236
215;237
215;238
215;239
215;240
215;241
215;242
215;243
215;244
215;245
215;246
215;247
215;248
215;249
215;250
215;251
215;252
215;253
215;254
215;255
215;256
215;257
215;258
215;259
215;260
215;261
215;262
215;263
215;264
215;265
215;266
215;267
215;268
215;269
215;270
215;271
215;272
215;273
215;274
215;275
215;276
215;277
215;278
215;279
215;280
215;281
215;398
215;399
215;400
215;401
215;402
215;403
215;404
215;405
215;406
215;407
215;408
215;409
215;410
215;411
215;412
215;413
215;414
215;415
215;416
215;417
215;418
215;419
215;420
215;421
215;422
215;423
215;424
215;425
215;426
215;427
215;428
215;429
215;430
215;431
215;432
215;433
215;434
215;435
215;436
215;437
215;438
215;439
215;440
215;441
215;442
215;443
215;444
215;445
215;446
215;447
215;448
215;449
215;450
216;190
216;191
216;192
216;193
216;194
216;195
216;196
216;197
216;198
216;199
216;200
216;201
216;202
216;203
216;204
216;205
216;206
216;207
216;208
216;209
216;210
216;211
216;212
216;213
216;214
216;215
216;216
216;217
216;218
216;219
216;220
216;221
216;222
216;223
216;224
216;225
216;226
216;227
216;228
216;229
216;230
216;231
216;232
216;233
216;234
216;235
216;236
216;237
216;238
216;239
216;240
216;241
216;242
216;243
216;244
216;245
216;246
216;247
216;248
216;249
216;250
216;251
216;252
216;253
216;254
216;255
216;256
216;257
216;258
216;259
216;260
216;261
216;262
216;263
216;264
216;265
216;266
216;267
216;268
216;269
216;270
216;271
216;272
216;273
216;274
216;275
216;276
216;277
216;278
216;279
216;280
216;281
216;397
216;398
216;399
216;400
216;401
216;402
216;403
216;404
216;405
216;406
216;407
216;408
216;409
216;410
216;411
216;412
216;413
216;414
216;415
216;416
216;417
216;418
216;419
216;420
216;421
216;422
216;423
216;424
216;425
216;426
216;427
216;428
216;429
216;430
216;431
216;432
216;433
216;434
216;435
216;436
216;437
216;438
216;439
216;440
216;441
216;442
216;443
216;444
216;445
216;446
216;447
216;448
216;449
216;450
216;451
217;190
217;191
217;192
217;193
217;194
217;195
217;196
217;197
217;198
217;199
217;200
217;201
217;202
217;203
217;204
217;205
217;206
217;207
217;208
217;209
217;210
217;211
217;212
217;213
217;214
217;215
217;216
217;217
217;218
217;219
217;220
217;221
217;222
217;223
217;224
217;225
217;226
217;227
217;228
217;229
217;230
217;231
217;232
217;233
217;234
217;235
217;236
217;237
217;238
217;239
217;240
217;241
217;242
217;243
217;244
217;245
217;246
217;247
217;248
217;249
217;250
217;251
217;252
217;253
217;254
217;255
217;256
217;257
217;258
217;259
217;260
217;261
217;262
217;263
217;264
217;265
217;266
217;267
217;268
217;269
217;270
217;271
217;272
217;273
217;274
217;275
217;276
217;277
217;278
217;279
217;280
217;281
217;396
217;397
217;398
217;399
217;400
217;401
217;402
217;403
217;404
217;405
217;406
217;407
217;408
217;409
217;410
217;411
217;412
217;413
217;414
217;415
217;416
217;417
217;418
217;419
217;420
217;421
217;422
217;423
217;424
217;425
217;426
217;427
217;428
217;429
217;430
217;431
217;432
217;433
217;434
217;435
217;436
217;437
217;438
217;439
217;440
217;441
217;442
217;443
217;444
217;445
217;446
217;447
217;448
217;449
217;450
217;451
217;452
218;190
218;191
218;192
218;193
218;194
218;195
218;196
218;197
218;198
218;199
218;200
218;201
218;202
218;203
218;204
218;205
218;206
218;207
218;208
218;209
218;210
218;211
218;212
218;213
218;214
218;215
218;216
218;217
218;218
218;219
218;220
218;221
218;222
218;223
218;224
218;225
218;226
218;227
218;228
218;229
218;230
218;231
218;232
218;233
218;234
218;235
218;236
218;237
218;238
218;239
218;240
218;241
218;242
218;243
218;244
218;245
218;246
218;247
218;248
218;249
218;250
218;251
218;252
218;253
218;254
218;255
218;256
218;257
218;258
218;259
218;260
218;261
218;262
218;263
218;264
218;265
218;266
218;267
218;268
218;269
218;270
218;271
218;272
218;273
218;274
218;275
218;276
218;277
218;278
218;279
218;280
218;281
218;282
218;395
218;396
218;397
218;398
218;399
218;400
218;401
218;402
218;403
218;404
218;405
218;406
218;407
218;408
218;409
218;410
218;411
218;412
218;413
218;414
218;415
218;416
218;417
218;418
218;419
218;420
218;421
218;422
218;423
218;424
218;425
218;426
218;427
218;428
218;429
218;430
218;431
218;432
218;433
218;434
218;435
218;436
218;437
218;438
218;439
218;440
218;441
218;442
218;443
218;444
218;445
218;446
218;447
218;448
218;449
218;450
218;451
218;452
218;453
219;190
219;191
219;192
219;193
219;194
219;195
219;196
219;197
219;198
219;199
219;200
219;201
219;202
219;203
219;204
219;205
219;206
219;207
219;208
219;209
219;210
219;211
219;212
219;213
219;214
219;215
219;216
219;217
219;218
219;219
219;220
219;221
219;222
219;223
219;224
219;225
219;226
219;227
219;228
219;229
219;230
219;231
219;232
219;233
219;234
219;235
219;236
219;237
219;238
219;239
219;240
219;241
219;242
219;243
219;244
219;245
219;246
219;247
219;248
219;249
219;250
219;251
219;252
219;253
219;254
219;255
219;256
219;257
219;258
219;259
219;260
219;261
219;262
219;263
219;264
219;265
219;266
219;267
219;268
219;269
219;270
219;271
219;272
219;273
219;274
219;275
219;276
219;277
219;278
219;279
219;280
219;281
219;282
219;394
219;395
219;396
219;397
219;398
219;399
219;400
219;401
219;402
219;403
219;404
219;405
219;406
219;407
219;408
219;409
219;410
219;411
219;412
219;413
219;414
219;415
219;416
219;417
219;418
219;419
219;420
219;421
219;422
219;423
219;424
219;425
219;426
219;427
219;428
219;429
219;430
219;431
219;432
219;433
219;434
219;435
219;436
219;437
219;438
219;439
219;440
219;441
219;442
219;443
219;444
219;445
219;446
219;447
219;448
219;449
219;450
219;451
219;452
219;453
219;454
220;189
220;190
220;191
220;192
220;193
220;194
220;195
220;196
220;197
220;198
220;199
220;200
220;201
220;202
220;203
220;204
220;205
220;206
220;207
220;208
220;209
220;210
220;211
220;212
220;213
220;214
220;215
220;216
220;217
220;218
220;219
220;220
220;221
220;222
220;223
220;224
220;225
220;226
220;227
220;228
220;229
220;230
220;231
220;232
220;233
220;234
220;235
220;236
220;237
220;238
220;239
220;240
220;241
220;242
220;243
220;244
220;245
220;246
220;247
220;248
220;249
220;250
220;251
220;252
220;253
220;254
220;255
220;256
220;257
220;258
220;259
220;260
220;261
220;262
220;263
220;264
220;265
220;266
220;267
220;268
220;269
220;270
220;271
220;272
220;273
220;274
220;275
220;276
220;277
220;278
220;279
220;280
220;281
220;282
220;393
220;394
220;395
220;396
220;397
220;398
220;399
220;400
220;401
220;402
220;403
220;404
220;405
220;406
220;407
220;408
220;409
220;410
220;411
220;412
220;413
220;414
220;415
220;416
220;417
220;418
220;419
220;420
220;421
220;422
220;423
220;424
220;425
220;426
220;427
220;428
220;429
220;430
220;431
220;432
220;433
220;434
220;435
220;436
220;437
220;438
220;439
220;440
220;441
220;442
220;443
220;444
220;445
220;446
220;447
220;448
220;449
220;450
220;451
220;452
220;453
220;454
220;455
221;189
221;190
221;191
221;192
221;193
221;194
221;195
221;196
221;197
221;198
221;199
221;200
221;201
221;202
221;203
221;204
221;205
221;206
221;207
221;208
221;209
221;210
221;211
221;212
221;213
221;214
221;215
221;216
221;217
221;218
221;219
221;220
221;221
221;222
221;223
221;224
221;225
221;226
221;227
221;228
221;229
221;230
221;231
221;232
221;233
221;234
221;235
221;236
221;237
221;238
221;239
221;240
221;241
221;242
221;243
221;244
221;245
221;246
221;247
221;248
221;249
221;250
221;251
221;252
221;253
221;254
221;255
221;256
221;257
221;258
221;259
221;260
221;261
221;262
221;263
221;264
221;265
221;266
221;267
221;268
221;269
221;270
221;271
221;272
221;273
221;274
221;275
221;276
221;277
221;278
221;279
221;280
221;281
221;282
221;392
221;393
221;394
221;395
221;396
221;397
221;398
221;399
221;400
221;401
221;402
221;403
221;404
221;405
221;406
221;407
221;408
221;409
221;410
221;411
221;412
221;413
221;414
221;415
221;416
221;417
221;418
221;419
221;420
221;421
221;422
221;423
221;424
221;425
221;426
221;427
221;428
221;429
221;430
221;431
221;432
221;433
221;434
221;435
221;436
221;437
221;438
221;439
221;440
221;441
221;442
221;443
221;444
221;445
221;446
221;447
221;448
221;449
221;450
221;451
221;452
221;453
221;454
221;455
221;456
222;189
222;190
222;191
222;192
222;193
222;194
222;195
222;196
222;197
222;198
222;199
222;200
222;201
222;202
222;203
222;204
222;205
222;206
222;207
222;208
222;209
222;210
222;211
222;212
222;213
222;214
222;215
222;216
222;217
222;218
222;219
222;220
222;221
222;222
222;223
222;224
222;225
222;226
222;227
222;228
222;229
222;230
222;231
222;232
222;233
222;234
222;235
222;236
222;237
222;238
222;239
222;240
222;241
222;242
222;243
222;244
222;245
222;246
222;247
222;248
222;249
222;250
222;251
222;252
222;253
222;254
222;255
222;256
222;257
222;258
222;259
222;260
222;261
222;262
222;263
222;264
222;265
222;266
222;267
222;268
222;269
222;270
222;271
222;272
222;273
222;274
222;275
222;276
222;277
222;278
222;279
222;280
222;281
222;282
222;283
222;391
222;392
222;393
222;394
222;395
222;396
222;397
222;398
222;399
222;400
222;401
222;402
222;403
222;404
222;405
222;406
222;407
222;408
222;409
222;410
222;411
222;412
222;413
222;414
222;415
222;416
222;417
222;418
222;419
222;420
222;421
222;422
222;423
222;424
222;425
222;426
222;427
222;428
222;429
222;430
222;431
222;432
222;433
222;434
222;435
222;436
222;437
222;438
222;439
222;440
222;441
222;442
222;443
222;444
222;445
222;446
222;447
222;448
222;449
222;450
222;451
222;452
222;453
222;454
222;455
222;456
222;457
223;189
223;190
223;191
223;192
223;193
223;194
223;195
223;196
223;197
223;198
223;199
223;200
223;201
223;202
223;203
223;204
223;205
223;206
223;207
223;208
223;209
223;210
223;211
223;212
223;213
223;214
223;215
223;216
223;217
223;218
223;219
223;220
223;221
223;222
223;223
223;224
223;225
223;226
223;227
223;228
223;229
223;230
223;231
223;232
223;233
223;234
223;235
223;236
223;237
223;238
223;239
223;240
223;241
223;242
223;243
223;244
223;245
223;246
223;247
223;248
223;249
223;250
223;251
223;252
223;253
223;254
223;255
223;256
223;257
223;258
223;259
223;260
223;261
223;262
223;263
223;264
223;265
223;266
223;267
223;268
223;269
223;270
223;271
223;272
223;273
223;274
223;275
223;276
223;277
223;278
223;279
223;280
223;281
223;282
223;283
223;390
223;391
223;392
223;393
223;394
223;395
223;396
223;397
223;398
223;399
223;400
223;401
223;402
223;403
223;404
223;405
223;406
223;407
223;408
223;409
223;410
223;411
223;412
223;413
223;414
223;415
223;416
223;417
223;418
223;419
223;420
223;421
223;422
223;423
223;424
223;425
223;426
223;427
223;428
223;429
223;430
223;431
223;432
223;433
223;434
223;435
223;436
223;437
223;438
223;439
223;440
223;441
223;442
223;443
223;444
223;445
223;446
223;447
223;448
223;449
223;450
223;451
223;452
223;453
223;454
223;455
223;456
223;457
223;458
224;189
224;190
224;191
224;192
224;193
224;194
224;195
224;196
224;197
224;198
224;199
224;200
224;201
224;202
224;203
224;204
224;205
224;206
224;207
224;208
224;209
224;210
224;211
224;212
224;213
224;214
224;215
224;216
224;217
224;218
224;219
224;220
224;221
224;222
224;223
224;224
224;225
224;226
224;227
224;228
224;229
224;230
224;231
224;232
224;233
224;234
224;235
224;236
224;237
224;238
224;239
224;240
224;241
224;242
224;243
224;244
224;245
224;246
224;247
224;248
224;249
224;250
224;251
224;252
224;253
224;254
224;255
224;256
224;257
224;258
224;259
224;260
224;261
224;262
224;263
224;264
224;265
224;266
224;267
224;268
224;269
224;270
224;271
224;272
224;273
224;274
224;275
224;276
224;277
224;278
224;279
224;280
224;281
224;282
224;283
224;390
224;391
224;392
224;393
224;394
224;395
224;396
224;397
224;398
224;399
224;400
224;401
224;402
224;403
224;404
224;405
224;406
224;407
224;408
224;409
224;410
224;411
224;412
224;413
224;414
224;415
224;416
224;417
224;418
224;419
224;420
224;421
224;422
224;423
224;424
224;425
224;426
224;427
224;428
224;429
224;430
224;431
224;432
224;433
224;434
224;435
224;436
224;437
224;438
224;439
224;440
224;441
224;442
224;443
224;444
224;445
224;446
224;447
224;448
224;449
224;450
224;451
224;452
224;453
224;454
224;455
224;456
224;457
224;458
225;188
225;189
225;190
225;191
225;192
225;193
225;194
225;195
225;196
225;197
225;198
225;199
225;200
225;201
225;202
225;203
225;204
225;205
225;206
225;207
225;208
225;209
225;210
225;211
225;212
225;213
225;214
225;215
225;216
225;217
225;218
225;219
225;220
225;221
225;222
225;223
225;224
225;225
225;226
225;227
225;228
225;229
225;230
225;231
225;232
225;233
225;234
225;235
225;236
225;237
225;238
225;239
225;240
225;241
225;242
225;243
225;244
225;245
225;246
225;247
225;248
225;249
225;250
225;251
225;252
225;253
225;254
225;255
225;256
225;257
225;258
225;259
225;260
225;261
225;262
225;263
225;264
225;265
225;266
225;267
225;268
225;269
225;270
225;271
225;272
225;273
225;274
225;275
225;276
225;277
225;278
225;279
225;280
225;281
225;282
225;283
225;389
225;390
225;391
225;392
225;393
225;394
225;395
225;396
225;397
225;398
225;399
225;400
225;401
225;402
225;403
225;404
225;405
225;406
225;407
225;408
225;409
225;410
225;411
225;412
225;413
225;414
225;415
225;416
225;417
225;418
225;419
225;420
225;421
225;422
225;423
225;424
225;425
225;426
225;427
225;428
225;429
225;430
225;431
225;432
225;433
225;434
225;435
225;436
225;437
225;438
225;439
225;440
225;441
225;442
225;443
225;444
225;445
225;446
225;447
225;448
225;449
225;450
225;451
225;452
225;453
225;454
225;455
225;456
225;457
225;458
225;459
226;188
226;189
226;190
226;191
226;192
226;193
226;194
226;195
226;196
226;197
226;198
226;199
226;200
226;201
226;202
226;203
226;204
226;205
226;206
226;207
226;208
226;209
226;210
226;211
226;212
226;213
226;214
226;215
226;216
226;217
226;218
226;219
226;220
226;221
226;222
226;223
226;224
226;225
226;226
226;227
226;228
226;229
226;230
226;231
226;232
226;233
226;234
226;235
226;236
226;237
226;238
226;239
226;240
226;241
226;242
226;243
226;244
226;245
226;246
226;247
226;248
226;249
226;250
226;251
226;252
226;253
226;254
226;255
226;256
226;257
226;258
226;259
226;260
226;261
226;262
226;263
226;264
226;265
226;266
226;267
226;268
226;269
226;270
226;271
226;272
226;273
226;274
226;275
226;276
226;277
226;278
226;279
226;280
226;281
226;282
226;283
226;388
226;389
226;390
226;391
226;392
226;393
226;394
226;395
226;396
226;397
226;398
226;399
226;400
226;401
226;402
226;403
226;404
226;405
226;406
226;407
226;408
226;409
226;410
226;411
226;412
226;413
226;414
226;415
226;416
226;417
226;418
226;419
226;420
226;421
226;422
226;423
226;424
226;425
226;426
226;427
226;428
226;429
226;430
226;431
226;432
226;433
226;434
226;435
226;436
226;437
226;438
226;439
226;440
226;441
226;442
226;443
226;444
226;445
226;446
226;447
226;448
226;449
226;450
226;451
226;452
226;453
226;454
226;455
226;456
226;457
226;458
226;459
226;460
227;188
227;189
227;190
227;191
227;192
227;193
227;194
227;195
227;196
227;197
227;198
227;199
227;200
227;201
227;202
227;203
227;204
227;205
227;206
227;207
227;208
227;209
227;210
227;211
227;212
227;213
227;214
227;215
227;216
227;217
227;218
227;219
227;220
227;221
227;222
227;223
227;224
227;225
227;226
227;227
227;228
227;229
227;230
227;231
227;232
227;233
227;234
227;235
227;236
227;237
227;238
227;239
227;240
227;241
227;242
227;243
227;244
227;245
227;246
227;247
227;248
227;249
227;250
227;251
227;252
227;253
227;254
227;255
227;256
227;257
227;258
227;259
227;260
227;261
227;262
227;263
227;264
227;265
227;266
227;267
227;268
227;269
227;270
227;271
227;272
227;273
227;274
227;275
227;276
227;277
227;278
227;279
227;280
227;281
227;282
227;283
227;388
227;389
227;390
227;391
227;392
227;393
227;394
227;395
227;396
227;397
227;398
227;399
227;400
227;401
227;402
227;403
227;404
227;405
227;406
227;407
227;408
227;409
227;410
227;411
227;412
227;413
227;414
227;415
227;416
227;417
227;418
227;419
227;420
227;421
227;422
227;423
227;424
227;425
227;426
227;427
227;428
227;429
227;430
227;431
227;432
227;433
227;434
227;435
227;436
227;437
227;438
227;439
227;440
227;441
227;442
227;443
227;444
227;445
227;446
227;447
227;448
227;449
227;450
227;451
227;452
227;453
227;454
227;455
227;456
227;457
227;458
227;459
227;460
228;188
228;189
228;190
228;191
228;192
228;193
228;194
228;195
228;196
228;197
228;198
228;199
228;200
228;201
228;202
228;203
228;204
228;205
228;206
228;207
228;208
228;209
228;210
228;211
228;212
228;213
228;214
228;215
228;216
228;217
228;218
228;219
228;220
228;221
228;222
228;223
228;224
228;225
228;226
228;227
228;228
228;229
228;230
228;231
228;232
228;233
228;234
228;235
228;236
228;237
228;238
228;239
228;240
228;241
228;242
228;243
228;244
228;245
228;246
228;247
228;248
228;249
228;250
228;251
228;252
228;253
228;254
228;255
228;256
228;257
228;258
228;259
228;260
228;261
228;262
228;263
228;264
228;265
228;266
228;267
228;268
228;269
228;270
228;271
228;272
228;273
228;274
228;275
228;276
228;277
228;278
228;279
228;280
228;281
228;282
228;283
228;387
228;388
228;389
228;390
228;391
228;392
228;393
228;394
228;395
228;396
228;397
228;398
228;399
228;400
228;401
228;402
228;403
228;404
228;405
228;406
228;407
228;408
228;409
228;410
228;411
228;412
228;413
228;414
228;415
228;416
228;417
228;418
228;419
228;420
228;421
228;422
228;423
228;424
228;425
228;426
228;427
228;428
228;429
228;430
228;431
228;432
228;433
228;434
228;435
228;436
228;437
228;438
228;439
228;440
228;441
228;442
228;443
228;444
228;445
228;446
228;447
228;448
228;449
228;450
228;451
228;452
228;453
228;454
228;455
228;456
228;457
228;458
228;459
228;460
228;461
229;188
229;189
229;190
229;191
229;192
229;193
229;194
229;195
229;196
229;197
229;198
229;199
229;200
229;201
229;202
229;203
229;204
229;205
229;206
229;207
229;208
229;209
229;210
229;211
229;212
229;213
229;214
229;215
229;216
229;217
229;218
229;219
229;220
229;221
229;222
229;223
229;224
229;225
229;226
229;227
229;228
229;229
229;230
229;231
229;232
229;233
229;234
229;235
229;236
229;237
229;238
229;239
229;240
229;241
229;242
229;243
229;244
229;245
229;246
229;247
229;248
229;249
229;250
229;251
229;252
229;253
229;254
229;255
229;256
229;257
229;258
229;259
229;260
229;261
229;262
229;263
229;264
229;265
229;266
229;267
229;268
229;269
229;270
229;271
229;272
229;273
229;274
229;275
229;276
229;277
229;278
229;279
229;280
229;281
229;282
229;283
229;387
229;388
229;389
229;390
229;391
229;392
229;393
229;394
229;395
229;396
229;397
229;398
229;399
229;400
229;401
229;402
229;403
229;404
229;405
229;406
229;407
229;408
229;409
229;410
229;411
229;412
229;413
229;414
229;415
229;416
229;417
229;418
229;419
229;420
229;421
229;422
229;423
229;424
229;425
229;426
229;427
229;428
229;429
229;430
229;431
229;432
229;433
229;434
229;435
229;436
229;437
229;438
229;439
229;440
229;441
229;442
229;443
229;444
229;445
229;446
229;447
229;448
229;449
229;450
229;451
229;452
229;453
229;454
229;455
229;456
229;457
229;458
229;459
229;460
229;461
230;188
230;189
230;190
230;191
230;192
230;193
230;194
230;195
230;196
230;197
230;198
230;199
230;200
230;201
230;202
230;203
230;204
230;205
230;206
230;207
230;208
230;209
230;210
230;211
230;212
230;213
230;214
230;215
230;216
230;217
230;218
230;219
230;220
230;221
230;222
230;223
230;224
230;225
230;226
230;227
230;228
230;229
230;230
230;231
230;232
230;233
230;234
230;235
230;236
230;237
230;238
230;239
230;240
230;241
230;242
230;243
230;244
230;245
230;246
230;247
230;248
230;249
230;250
230;251
230;252
230;253
230;254
230;255
230;256
230;257
230;258
230;259
230;260
230;261
230;262
230;263
230;264
230;265
230;266
230;267
230;268
230;269
230;270
230;271
230;272
230;273
230;274
230;275
230;276
230;277
230;278
230;279
230;280
230;281
230;282
230;283
230;284
230;386
230;387
230;388
230;389
230;390
230;391
230;392
230;393
230;394
230;395
230;396
230;397
230;398
230;399
230;400
230;401
230;402
230;403
230;404
230;405
230;406
230;407
230;408
230;409
230;410
230;411
230;412
230;413
230;414
230;415
230;416
230;417
230;418
230;419
230;420
230;421
230;422
230;423
230;424
230;425
230;426
230;427
230;428
230;429
230;430
230;431
230;432
230;433
230;434
230;435
230;436
230;437
230;438
230;439
230;440
230;441
230;442
230;443
230;444
230;445
230;446
230;447
230;448
230;449
230;450
230;451
230;452
230;453
230;454
230;455
230;456
230;457
230;458
230;459
230;460
230;461
230;462
231;188
231;189
231;190
231;191
231;192
231;193
231;194
231;195
231;196
231;197
231;198
231;199
231;200
231;201
231;202
231;203
231;204
231;205
231;206
231;207
231;208
231;209
231;210
231;211
231;212
231;213
231;214
231;215
231;216
231;217
231;218
231;219
231;220
231;221
231;222
231;223
231;224
231;225
231;226
231;227
231;228
231;229
231;230
231;231
231;232
231;233
231;234
231;235
231;236
231;237
231;238
231;239
231;240
231;241
231;242
231;243
231;244
231;245
231;246
231;247
231;248
231;249
231;250
231;251
231;252
231;253
231;254
231;255
231;256
231;257
231;258
231;259
231;260
231;261
231;262
231;263
231;264
231;265
231;266
231;267
231;268
231;269
231;270
231;271
231;272
231;273
231;274
231;275
231;276
231;277
231;278
231;279
231;280
231;281
231;282
231;283
231;284
231;386
231;387
231;388
231;389
231;390
231;391
231;392
231;393
231;394
231;395
231;396
231;397
231;398
231;399
231;400
231;401
231;402
231;403
231;404
231;405
231;406
231;407
231;408
231;409
231;410
231;411
231;412
231;413
231;414
231;415
231;416
231;417
231;418
231;419
231;420
231;421
231;422
231;423
231;424
231;425
231;426
231;427
231;428
231;429
231;430
231;431
231;432
231;433
231;434
231;435
231;436
231;437
231;438
231;439
231;440
231;441
231;442
231;443
231;444
231;445
231;446
231;447
231;448
231;449
231;450
231;451
231;452
231;453
231;454
231;455
231;456
231;457
231;458
231;459
231;460
231;461
231;462
232;188
232;189
232;190
232;191
232;192
232;193
232;194
232;195
232;196
232;197
232;198
232;199
232;200
232;201
232;202
232;203
232;204
232;205
232;206
232;207
232;208
232;209
232;210
232;211
232;212
232;213
232;214
232;215
232;216
232;217
232;218
232;219
232;220
232;221
232;222
232;223
232;224
232;225
232;226
232;227
232;228
232;229
232;230
232;231
232;232
232;233
232;234
232;235
232;236
232;237
232;238
232;239
232;240
232;241
232;242
232;243
232;244
232;245
232;246
232;247
232;248
232;249
232;250
232;251
232;252
232;253
232;254
232;255
232;256
232;257
232;258
232;259
232;260
232;261
232;262
232;263
232;264
232;265
232;266
232;267
232;268
232;269
232;270
232;271
232;272
232;273
232;274
232;275
232;276
232;277
232;278
232;279
232;280
232;281
232;282
232;283
232;284
232;385
232;386
232;387
232;388
232;389
232;390
232;391
232;392
232;393
232;394
232;395
232;396
232;397
232;398
232;399
232;400
232;401
232;402
232;403
232;404
232;405
232;406
232;407
232;408
232;409
232;410
232;411
232;412
232;413
232;414
232;415
232;416
232;417
232;418
232;419
232;420
232;421
232;422
232;423
232;424
232;425
232;426
232;427
232;428
232;429
232;430
232;431
232;432
232;433
232;434
232;435
232;436
232;437
232;438
232;439
232;440
232;441
232;442
232;443
232;444
232;445
232;446
232;447
232;448
232;449
232;450
232;451
232;452
232;453
232;454
232;455
232;456
232;457
232;458
232;459
232;460
232;461
232;462
233;188
233;189
233;190
233;191
233;192
233;193
233;194
233;195
233;196
233;197
233;198
233;199
233;200
233;201
233;202
233;203
233;204
233;205
233;206
233;207
233;208
233;209
233;210
233;211
233;212
233;213
233;214
233;215
233;216
233;217
233;218
233;219
233;220
233;221
233;222
233;223
233;224
233;225
233;226
233;227
233;228
233;229
233;230
233;231
233;232
233;233
233;234
233;235
233;236
233;237
233;238
233;239
233;240
233;241
233;242
233;243
233;244
233;245
233;246
233;247
233;248
233;249
233;250
233;251
233;252
233;253
233;254
233;255
233;256
233;257
233;258
233;259
233;260
233;261
233;262
233;263
233;264
233;265
233;266
233;267
233;268
233;269
233;270
233;271
233;272
233;273
233;274
233;275
233;276
233;277
233;278
233;279
233;280
233;281
233;282
233;283
233;385
233;386
233;387
233;388
233;389
233;390
233;391
233;392
233;393
233;394
233;395
233;396
233;397
233;398
233;399
233;400
233;401
233;402
233;403
233;404
233;405
233;406
233;407
233;408
233;409
233;410
233;411
233;412
233;413
233;414
233;415
233;416
233;417
233;418
233;419
233;420
233;421
233;422
233;423
233;424
233;425
233;426
233;427
233;428
233;429
233;430
233;431
233;432
233;433
233;434
233;435
233;436
233;437
233;438
233;439
233;440
233;441
233;442
233;443
233;444
233;445
233;446
233;447
233;448
233;449
233;450
233;451
233;452
233;453
233;454
233;455
233;456
233;457
233;458
233;459
233;460
233;461
233;462
233;463
234;188
234;189
234;190
234;191
234;192
234;193
234;194
234;195
234;196
234;197
234;198
234;199
234;200
234;201
234;202
234;203
234;204
234;205
234;206
234;207
234;208
234;209
234;210
234;211
234;212
234;213
234;214
234;215
234;216
234;217
234;218
234;219
234;220
234;221
234;222
234;223
234;224
234;225
234;226
234;227
234;228
234;229
234;230
234;231
234;232
234;233
234;234
234;235
234;236
234;237
234;238
234;239
234;240
234;241
234;242
234;243
234;244
234;245
234;246
234;247
234;248
234;249
234;250
234;251
234;252
234;253
234;254
234;255
234;256
234;257
234;258
234;259
234;260
234;261
234;262
234;263
234;264
234;265
234;266
234;267
234;268
234;269
234;270
234;271
234;272
234;273
234;274
234;275
234;276
234;277
234;278
234;279
234;280
234;281
234;282
234;283
234;385
234;386
234;387
234;388
234;389
234;390
234;391
234;392
234;393
234;394
234;395
234;396
234;397
234;398
234;399
234;400
234;401
234;402
234;403
234;404
234;405
234;406
234;407
234;408
234;409
234;410
234;411
234;412
234;413
234;414
234;415
234;416
234;417
234;418
234;419
234;420
234;421
234;422
234;423
234;424
234;425
234;426
234;427
234;428
234;429
234;430
234;431
234;432
234;433
234;434
234;435
234;436
234;437
234;438
234;439
234;440
234;441
234;442
234;443
234;444
234;445
234;446
234;447
234;448
234;449
234;450
234;451
234;452
234;453
234;454
234;455
234;456
234;457
234;458
234;459
234;460
234;461
234;462
234;463
235;188
235;189
235;190
235;191
235;192
235;193
235;194
235;195
235;196
235;197
235;198
235;199
235;200
235;201
235;202
235;203
235;204
235;205
235;206
235;207
235;208
235;209
235;210
235;211
235;212
235;213
235;214
235;215
235;216
235;217
235;218
235;219
235;220
235;221
235;222
235;223
235;224
235;225
235;226
235;227
235;228
235;229
235;230
235;231
235;232
235;233
235;234
235;235
235;236
235;237
235;238
235;239
235;240
235;241
235;242
235;243
235;244
235;245
235;246
235;247
235;248
235;249
235;250
235;251
235;252
235;253
235;254
235;255
235;256
235;257
235;258
235;259
235;260
235;261
235;262
235;263
235;264
235;265
235;266
235;267
235;268
235;269
235;270
235;271
235;272
235;273
235;274
235;275
235;276
235;277
235;278
235;279
235;280
235;281
235;282
235;283
235;384
235;385
235;386
235;387
235;388
235;389
235;390
235;391
235;392
235;393
235;394
235;395
235;396
235;397
235;398
235;399
235;400
235;401
235;402
235;403
235;404
235;405
235;406
235;407
235;408
235;409
235;410
235;411
235;412
235;413
235;414
235;415
235;416
235;417
235;418
235;419
235;420
235;421
235;422
235;423
235;424
235;425
235;426
235;427
235;428
235;429
235;430
235;431
235;432
235;433
235;434
235;435
235;436
235;437
235;438
235;439
235;440
235;441
235;442
235;443
235;444
235;445
235;446
235;447
235;448
235;449
235;450
235;451
235;452
235;453
235;454
235;455
235;456
235;457
235;458
235;459
235;460
235;461
235;462
235;463
235;464
236;188
236;189
236;190
236;191
236;192
236;193
236;194
236;195
236;196
236;197
236;198
236;199
236;200
236;201
236;202
236;203
236;204
236;205
236;206
236;207
236;208
236;209
236;210
236;211
236;212
236;213
236;214
236;215
236;216
236;217
236;218
236;219
236;220
236;221
236;222
236;223
236;224
236;225
236;226
236;227
236;228
236;229
236;230
236;231
236;232
236;233
236;234
236;235
236;236
236;237
236;238
236;239
236;240
236;241
236;242
236;243
236;244
236;245
236;246
236;247
236;248
236;249
236;250
236;251
236;252
236;253
236;254
236;255
236;256
236;257
236;258
236;259
236;260
236;261
236;262
236;263
236;264
236;265
236;266
236;267
236;268
236;269
236;270
236;271
236;272
236;273
236;274
236;275
236;276
236;277
236;278
236;279
236;280
236;281
236;282
236;283
236;384
236;385
236;386
236;387
236;388
236;389
236;390
236;391
236;392
236;393
236;394
236;395
236;396
236;397
236;398
236;399
236;400
236;401
236;402
236;403
236;404
236;405
236;406
236;407
236;408
236;409
236;410
236;411
236;412
236;413
236;414
236;415
236;416
236;417
236;418
236;419
236;420
236;421
236;422
236;423
236;424
236;425
236;426
236;427
236;428
236;429
236;430
236;431
236;432
236;433
236;434
236;435
236;436
236;437
236;438
236;439
236;440
236;441
236;442
236;443
236;444
236;445
236;446
236;447
236;448
236;449
236;450
236;451
236;452
236;453
236;454
236;455
236;456
236;457
236;458
236;459
236;460
236;461
236;462
236;463
236;464
237;188
237;189
237;190
237;191
237;192
237;193
237;194
237;195
237;196
237;197
237;198
237;199
237;200
237;201
237;202
237;203
237;204
237;205
237;206
237;207
237;208
237;209
237;210
237;211
237;212
237;213
237;214
237;215
237;216
237;217
237;218
237;219
237;220
237;221
237;222
237;223
237;224
237;225
237;226
237;227
237;228
237;229
237;230
237;231
237;232
237;233
237;234
237;235
237;236
237;237
237;238
237;239
237;240
237;241
237;242
237;243
237;244
237;245
237;246
237;247
237;248
237;249
237;250
237;251
237;252
237;253
237;254
237;255
237;256
237;257
237;258
237;259
237;260
237;261
237;262
237;263
237;264
237;265
237;266
237;267
237;268
237;269
237;270
237;271
237;272
237;273
237;274
237;275
237;276
237;277
237;278
237;279
237;280
237;281
237;282
237;283
237;384
237;385
237;386
237;387
237;388
237;389
237;390
237;391
237;392
237;393
237;394
237;395
237;396
237;397
237;398
237;399
237;400
237;401
237;402
237;403
237;404
237;405
237;406
237;407
237;408
237;409
237;410
237;411
237;412
237;413
237;414
237;415
237;416
237;417
237;418
237;419
237;420
237;421
237;422
237;423
237;424
237;425
237;426
237;427
237;428
237;429
237;430
237;431
237;432
237;433
237;434
237;435
237;436
237;437
237;438
237;439
237;440
237;441
237;442
237;443
237;444
237;445
237;446
237;447
237;448
237;449
237;450
237;451
237;452
237;453
237;454
237;455
237;456
237;457
237;458
237;459
237;460
237;461
237;462
237;463
237;464
238;188
238;189
238;190
238;191
238;192
238;193
238;194
238;195
238;196
238;197
238;198
238;199
238;200
238;201
238;202
238;203
238;204
238;205
238;206
238;207
238;208
238;209
238;210
238;211
238;212
238;213
238;214
238;215
238;216
238;217
238;218
238;219
238;220
238;221
238;222
238;223
238;224
238;225
238;226
238;227
238;228
238;229
238;230
238;231
238;232
238;233
238;234
238;235
238;236
238;237
238;238
238;239
238;240
238;241
238;242
238;243
238;244
238;245
238;246
238;247
238;248
238;249
238;250
238;251
238;252
238;253
238;254
238;255
238;256
238;257
238;258
238;259
238;260
238;261
238;262
238;263
238;264
238;265
238;266
238;267
238;268
238;269
238;270
238;271
238;272
238;273
238;274
238;275
238;276
238;277
238;278
238;279
238;280
238;281
238;282
238;283
238;384
238;385
238;386
238;387
238;388
238;389
238;390
238;391
238;392
238;393
238;394
238;395
238;396
238;397
238;398
238;399
238;400
238;401
238;402
238;403
238;404
238;405
238;406
238;407
238;408
238;409
238;410
238;411
238;412
238;413
238;414
238;415
238;416
238;417
238;418
238;419
238;420
238;421
238;422
238;423
238;424
238;425
238;426
238;427
238;428
238;429
238;430
238;431
238;432
238;433
238;434
238;435
238;436
238;437
238;438
238;439
238;440
238;441
238;442
238;443
238;444
238;445
238;446
238;447
238;448
238;449
238;450
238;451
238;452
238;453
238;454
238;455
238;456
238;457
238;458
238;459
238;460
238;461
238;462
238;463
238;464
239;189
239;190
239;191
239;192
239;193
239;194
239;195
239;196
239;197
239;198
239;199
239;200
239;201
239;202
239;203
239;204
239;205
239;206
239;207
239;208
239;209
239;210
239;211
239;212
239;213
239;214
239;215
239;216
239;217
239;218
239;219
239;220
239;221
239;222
239;223
239;224
239;225
239;226
239;227
239;228
239;229
239;230
239;231
239;232
239;233
239;234
239;235
239;236
239;237
239;238
239;239
239;240
239;241
239;242
239;243
239;244
239;245
239;246
239;247
239;248
239;249
239;250
239;251
239;252
239;253
239;254
239;255
239;256
239;257
239;258
239;259
239;260
239;261
239;262
239;263
239;264
239;265
239;266
239;267
239;268
239;269
239;270
239;271
239;272
239;273
239;274
239;275
239;276
239;277
239;278
239;279
239;280
239;281
239;282
239;283
239;383
239;384
239;385
239;386
239;387
239;388
239;389
239;390
239;391
239;392
239;393
239;394
239;395
239;396
239;397
239;398
239;399
239;400
239;401
239;402
239;403
239;404
239;405
239;406
239;407
239;408
239;409
239;410
239;411
239;412
239;413
239;414
239;415
239;416
239;417
239;418
239;419
239;420
239;421
239;422
239;423
239;424
239;425
239;426
239;427
239;428
239;429
239;430
239;431
239;432
239;433
239;434
239;435
239;436
239;437
239;438
239;439
239;440
239;441
239;442
239;443
239;444
239;445
239;446
239;447
239;448
239;449
239;450
239;451
239;452
239;453
239;454
239;455
239;456
239;457
239;458
239;459
239;460
239;461
239;462
239;463
239;464
239;465
240;189
240;190
240;191
240;192
240;193
240;194
240;195
240;196
240;197
240;198
240;199
240;200
240;201
240;202
240;203
240;204
240;205
240;206
240;207
240;208
240;209
240;210
240;211
240;212
240;213
240;214
240;215
240;216
240;217
240;218
240;219
240;220
240;221
240;222
240;223
240;224
240;225
240;226
240;227
240;228
240;229
240;230
240;231
240;232
240;233
240;234
240;235
240;236
240;237
240;238
240;239
240;240
240;241
240;242
240;243
240;244
240;245
240;246
240;247
240;248
240;249
240;250
240;251
240;252
240;253
240;254
240;255
240;256
240;257
240;258
240;259
240;260
240;261
240;262
240;263
240;264
240;265
240;266
240;267
240;268
240;269
240;270
240;271
240;272
240;273
240;274
240;275
240;276
240;277
240;278
240;279
240;280
240;281
240;282
240;283
240;383
240;384
240;385
240;386
240;387
240;388
240;389
240;390
240;391
240;392
240;393
240;394
240;395
240;396
240;397
240;398
240;399
240;400
240;401
240;402
240;403
240;404
240;405
240;406
240;407
240;408
240;409
240;410
240;411
240;412
240;413
240;414
240;415
240;416
240;417
240;418
240;419
240;420
240;421
240;422
240;423
240;424
240;425
240;426
240;427
240;428
240;429
240;430
240;431
240;432
240;433
240;434
240;435
240;436
240;437
240;438
240;439
240;440
240;441
240;442
240;443
240;444
240;445
240;446
240;447
240;448
240;449
240;450
240;451
240;452
240;453
240;454
240;455
240;456
240;457
240;458
240;459
240;460
240;461
240;462
240;463
240;464
240;465
241;189
241;190
241;191
241;192
241;193
241;194
241;195
241;196
241;197
241;198
241;199
241;200
241;201
241;202
241;203
241;204
241;205
241;206
241;207
241;208
241;209
241;210
241;211
241;212
241;213
241;214
241;215
241;216
241;217
241;218
241;219
241;220
241;221
241;222
241;223
241;224
241;225
241;226
241;227
241;228
241;229
241;230
241;231
241;232
241;233
241;234
241;235
241;236
241;237
241;238
241;239
241;240
241;241
241;242
241;243
241;244
241;245
241;246
241;247
241;248
241;249
241;250
241;251
241;252
241;253
241;254
241;255
241;256
241;257
241;258
241;259
241;260
241;261
241;262
241;263
241;264
241;265
241;266
241;267
241;268
241;269
241;270
241;271
241;272
241;273
241;274
241;275
241;276
241;277
241;278
241;279
241;280
241;281
241;282
241;283
241;383
241;384
241;385
241;386
241;387
241;388
241;389
241;390
241;391
241;392
241;393
241;394
241;395
241;396
241;397
241;398
241;399
241;400
241;401
241;402
241;403
241;404
241;405
241;406
241;407
241;408
241;409
241;410
241;411
241;412
241;413
241;414
241;415
241;416
241;417
241;418
241;419
241;420
241;421
241;422
241;423
241;424
241;425
241;426
241;427
241;428
241;429
241;430
241;431
241;432
241;433
241;434
241;435
241;436
241;437
241;438
241;439
241;440
241;441
241;442
241;443
241;444
241;445
241;446
241;447
241;448
241;449
241;450
241;451
241;452
241;453
241;454
241;455
241;456
241;457
241;458
241;459
241;460
241;461
241;462
241;463
241;464
241;465
242;189
242;190
242;191
242;192
242;193
242;194
242;195
242;196
242;197
242;198
242;199
242;200
242;201
242;202
242;203
242;204
242;205
242;206
242;207
242;208
242;209
242;210
242;211
242;212
242;213
242;214
242;215
242;216
242;217
242;218
242;219
242;220
242;221
242;222
242;223
242;224
242;225
242;226
242;227
242;228
242;229
242;230
242;231
242;232
242;233
242;234
242;235
242;236
242;237
242;238
242;239
242;240
242;241
242;242
242;243
242;244
242;245
242;246
242;247
242;248
242;249
242;250
242;251
242;252
242;253
242;254
242;255
242;256
242;257
242;258
242;259
242;260
242;261
242;262
242;263
242;264
242;265
242;266
242;267
242;268
242;269
242;270
242;271
242;272
242;273
242;274
242;275
242;276
242;277
242;278
242;279
242;280
242;281
242;282
242;383
242;384
242;385
242;386
242;387
242;388
242;389
242;390
242;391
242;392
242;393
242;394
242;395
242;396
242;397
242;398
242;399
242;400
242;401
242;402
242;403
242;404
242;405
242;406
242;407
242;408
242;409
242;410
242;411
242;412
242;413
242;414
242;415
242;416
242;417
242;418
242;419
242;420
242;421
242;422
242;423
242;424
242;425
242;426
242;427
242;428
242;429
242;430
242;431
242;432
242;433
242;434
242;435
242;436
242;437
242;438
242;439
242;440
242;441
242;442
242;443
242;444
242;445
242;446
242;447
242;448
242;449
242;450
242;451
242;452
242;453
242;454
242;455
242;456
242;457
242;458
242;459
242;460
242;461
242;462
242;463
242;464
242;465
243;189
243;190
243;191
243;192
243;193
243;194
243;195
243;196
243;197
243;198
243;199
243;200
243;201
243;202
243;203
243;204
243;205
243;206
243;207
243;208
243;209
243;210
243;211
243;212
243;213
243;214
243;215
243;216
243;217
243;218
243;219
243;220
243;221
243;222
243;223
243;224
243;225
243;226
243;227
243;228
243;229
243;230
243;231
243;232
243;233
243;234
243;235
243;236
243;237
243;238
243;239
243;240
243;241
243;242
243;243
243;244
243;245
243;246
243;247
243;248
243;249
243;250
243;251
243;252
243;253
243;254
243;255
243;256
243;257
243;258
243;259
243;260
243;261
243;262
243;263
243;264
243;265
243;266
243;267
243;268
243;269
243;270
243;271
243;272
243;273
243;274
243;275
243;276
243;277
243;278
243;279
243;280
243;281
243;282
243;383
243;384
243;385
243;386
243;387
243;388
243;389
243;390
243;391
243;392
243;393
243;394
243;395
243;396
243;397
243;398
243;399
243;400
243;401
243;402
243;403
243;404
243;405
243;406
243;407
243;408
243;409
243;410
243;411
243;412
243;413
243;414
243;415
243;416
243;417
243;418
243;419
243;420
243;421
243;422
243;423
243;424
243;425
243;426
243;427
243;428
243;429
243;430
243;431
243;432
243;433
243;434
243;435
243;436
243;437
243;438
243;439
243;440
243;441
243;442
243;443
243;444
243;445
243;446
243;447
243;448
243;449
243;450
243;451
243;452
243;453
243;454
243;455
243;456
243;457
243;458
243;459
243;460
243;461
243;462
243;463
243;464
243;465
244;190
244;191
244;192
244;193
244;194
244;195
244;196
244;197
244;198
244;199
244;200
244;201
244;202
244;203
244;204
244;205
244;206
244;207
244;208
244;209
244;210
244;211
244;212
244;213
244;214
244;215
244;216
244;217
244;218
244;219
244;220
244;221
244;222
244;223
244;224
244;225
244;226
244;227
244;228
244;229
244;230
244;231
244;232
244;233
244;234
244;235
244;236
244;237
244;238
244;239
244;240
244;241
244;242
244;243
244;244
244;245
244;246
244;247
244;248
244;249
244;250
244;251
244;252
244;253
244;254
244;255
244;256
244;257
244;258
244;259
244;260
244;261
244;262
244;263
244;264
244;265
244;266
244;267
244;268
244;269
244;270
244;271
244;272
244;273
244;274
244;275
244;276
244;277
244;278
244;279
244;280
244;281
244;282
244;383
244;384
244;385
244;386
244;387
244;388
244;389
244;390
244;391
244;392
244;393
244;394
244;395
244;396
244;397
244;398
244;399
244;400
244;401
244;402
244;403
244;404
244;405
244;406
244;407
244;408
244;409
244;410
244;411
244;412
244;413
244;414
244;415
244;416
244;417
244;418
244;419
244;420
244;421
244;422
244;423
244;424
244;425
244;426
244;427
244;428
244;429
244;430
244;431
244;432
244;433
244;434
244;435
244;436
244;437
244;438
244;439
244;440
244;441
244;442
244;443
244;444
244;445
244;446
244;447
244;448
244;449
244;450
244;451
244;452
244;453
244;454
244;455
244;456
244;457
244;458
244;459
244;460
244;461
244;462
244;463
244;464
244;465
245;190
245;191
245;192
245;193
245;194
245;195
245;196
245;197
245;198
245;199
245;200
245;201
245;202
245;203
245;204
245;205
245;206
245;207
245;208
245;209
245;210
245;211
245;212
245;213
245;214
245;215
245;216
245;217
245;218
245;219
245;220
245;221
245;222
245;223
245;224
245;225
245;226
245;227
245;228
245;229
245;230
245;231
245;232
245;233
245;234
245;235
245;236
245;237
245;238
245;239
245;240
245;241
245;242
245;243
245;244
245;245
245;246
245;247
245;248
245;249
245;250
245;251
245;252
245;253
245;254
245;255
245;256
245;257
245;258
245;259
245;260
245;261
245;262
245;263
245;264
245;265
245;266
245;267
245;268
245;269
245;270
245;271
245;272
245;273
245;274
245;275
245;276
245;277
245;278
245;279
245;280
245;281
245;282
245;383
245;384
245;385
245;386
245;387
245;388
245;389
245;390
245;391
245;392
245;393
245;394
245;395
245;396
245;397
245;398
245;399
245;400
245;401
245;402
245;403
245;404
245;405
245;406
245;407
245;408
245;409
245;410
245;411
245;412
245;413
245;414
245;415
245;416
245;417
245;418
245;419
245;420
245;421
245;422
245;423
245;424
245;425
245;426
245;427
245;428
245;429
245;430
245;431
245;432
245;433
245;434
245;435
245;436
245;437
245;438
245;439
245;440
245;441
245;442
245;443
245;444
245;445
245;446
245;447
245;448
245;449
245;450
245;451
245;452
245;453
245;454
245;455
245;456
245;457
245;458
245;459
245;460
245;461
245;462
245;463
245;464
245;465
246;190
246;191
246;192
246;193
246;194
246;195
246;196
246;197
246;198
246;199
246;200
246;201
246;202
246;203
246;204
246;205
246;206
246;207
246;208
246;209
246;210
246;211
246;212
246;213
246;214
246;215
246;216
246;217
246;218
246;219
246;220
246;221
246;222
246;223
246;224
246;225
246;226
246;227
246;228
246;229
246;230
246;231
246;232
246;233
246;234
246;235
246;236
246;237
246;238
246;239
246;240
246;241
246;242
246;243
246;244
246;245
246;246
246;247
246;248
246;249
246;250
246;251
246;252
246;253
246;254
246;255
246;256
246;257
246;258
246;259
246;260
246;261
246;262
246;263
246;264
246;265
246;266
246;267
246;268
246;269
246;270
246;271
246;272
246;273
246;274
246;275
246;276
246;277
246;278
246;279
246;280
246;281
246;383
246;384
246;385
246;386
246;387
246;388
246;389
246;390
246;391
246;392
246;393
246;394
246;395
246;396
246;397
246;398
246;399
246;400
246;401
246;402
246;403
246;404
246;405
246;406
246;407
246;408
246;409
246;410
246;411
246;412
246;413
246;414
246;415
246;416
246;417
246;418
246;419
246;420
246;421
246;422
246;423
246;424
246;425
246;426
246;427
246;428
246;429
246;430
246;431
246;432
246;433
246;434
246;435
246;436
246;437
246;438
246;439
246;440
246;441
246;442
246;443
246;444
246;445
246;446
246;447
246;448
246;449
246;450
246;451
246;452
246;453
246;454
246;455
246;456
246;457
246;458
246;459
246;460
246;461
246;462
246;463
246;464
246;465
247;191
247;192
247;193
247;194
247;195
247;196
247;197
247;198
247;199
247;200
247;201
247;202
247;203
247;204
247;205
247;206
247;207
247;208
247;209
247;210
247;211
247;212
247;213
247;214
247;215
247;216
247;217
247;218
247;219
247;220
247;221
247;222
247;223
247;224
247;225
247;226
247;227
247;228
247;229
247;230
247;231
247;232
247;233
247;234
247;235
247;236
247;237
247;238
247;239
247;240
247;241
247;242
247;243
247;244
247;245
247;246
247;247
247;248
247;249
247;250
247;251
247;252
247;253
247;254
247;255
247;256
247;257
247;258
247;259
247;260
247;261
247;262
247;263
247;264
247;265
247;266
247;267
247;268
247;269
247;270
247;271
247;272
247;273
247;274
247;275
247;276
247;277
247;278
247;279
247;280
247;281
247;383
247;384
247;385
247;386
247;387
247;388
247;389
247;390
247;391
247;392
247;393
247;394
247;395
247;396
247;397
247;398
247;399
247;400
247;401
247;402
247;403
247;404
247;405
247;406
247;407
247;408
247;409
247;410
247;411
247;412
247;413
247;414
247;415
247;416
247;417
247;418
247;419
247;420
247;421
247;422
247;423
247;424
247;425
247;426
247;427
247;428
247;429
247;430
247;431
247;432
247;433
247;434
247;435
247;436
247;437
247;438
247;439
247;440
247;441
247;442
247;443
247;444
247;445
247;446
247;447
247;448
247;449
247;450
247;451
247;452
247;453
247;454
247;455
247;456
247;457
247;458
247;459
247;460
247;461
247;462
247;463
247;464
247;465
248;191
248;192
248;193
248;194
248;195
248;196
248;197
248;198
248;199
248;200
248;201
248;202
248;203
248;204
248;205
248;206
248;207
248;208
248;209
248;210
248;211
248;212
248;213
248;214
248;215
248;216
248;217
248;218
248;219
248;220
248;221
248;222
248;223
248;224
248;225
248;226
248;227
248;228
248;229
248;230
248;231
248;232
248;233
248;234
248;235
248;236
248;237
248;238
248;239
248;240
248;241
248;242
248;243
248;244
248;245
248;246
248;247
248;248
248;249
248;250
248;251
248;252
248;253
248;254
248;255
248;256
248;257
248;258
248;259
248;260
248;261
248;262
248;263
248;264
248;265
248;266
248;267
248;268
248;269
248;270
248;271
248;272
248;273
248;274
248;275
248;276
248;277
248;278
248;279
248;280
248;281
248;382
248;383
248;384
248;385
248;386
248;387
248;388
248;389
248;390
248;391
248;392
248;393
248;394
248;395
248;396
248;397
248;398
248;399
248;400
248;401
248;402
248;403
248;404
248;405
248;406
248;407
248;408
248;409
248;410
248;411
248;412
248;413
248;414
248;415
248;416
248;417
248;418
248;419
248;420
248;421
248;422
248;423
248;424
248;425
248;426
248;427
248;428
248;429
248;430
248;431
248;432
248;433
248;434
248;435
248;436
248;437
248;438
248;439
248;440
248;441
248;442
248;443
248;444
248;445
248;446
248;447
248;448
248;449
248;450
248;451
248;452
248;453
248;454
248;455
248;456
248;457
248;458
248;459
248;460
248;461
248;462
248;463
248;464
248;465
249;191
249;192
249;193
249;194
249;195
249;196
249;197
249;198
249;199
249;200
249;201
249;202
249;203
249;204
249;205
249;206
249;207
249;208
249;209
249;210
249;211
249;212
249;213
249;214
249;215
249;216
249;217
249;218
249;219
249;220
249;221
249;222
249;223
249;224
249;225
249;226
249;227
249;228
249;229
249;230
249;231
249;232
249;233
249;234
249;235
249;236
249;237
249;238
249;239
249;240
249;241
249;242
249;243
249;244
249;245
249;246
249;247
249;248
249;249
249;250
249;251
249;252
249;253
249;254
249;255
249;256
249;257
249;258
249;259
249;260
249;261
249;262
249;263
249;264
249;265
249;266
249;267
249;268
249;269
249;270
249;271
249;272
249;273
249;274
249;275
249;276
249;277
249;278
249;279
249;280
249;383
249;384
249;385
249;386
249;387
249;388
249;389
249;390
249;391
249;392
249;393
249;394
249;395
249;396
249;397
249;398
249;399
249;400
249;401
249;402
249;403
249;404
249;405
249;406
249;407
249;408
249;409
249;410
249;411
249;412
249;413
249;414
249;415
249;416
249;417
249;418
249;419
249;420
249;421
249;422
249;423
249;424
249;425
249;426
249;427
249;428
249;429
249;430
249;431
249;432
249;433
249;434
249;435
249;436
249;437
249;438
249;439
249;440
249;441
249;442
249;443
249;444
249;445
249;446
249;447
249;448
249;449
249;450
249;451
249;452
249;453
249;454
249;455
249;456
249;457
249;458
249;459
249;460
249;461
249;462
249;463
249;464
249;465
250;192
250;193
250;194
250;195
250;196
250;197
250;198
250;199
250;200
250;201
250;202
250;203
250;204
250;205
250;206
250;207
250;208
250;209
250;210
250;211
250;212
250;213
250;214
250;215
250;216
250;217
250;218
250;219
250;220
250;221
250;222
250;223
250;224
250;225
250;226
250;227
250;228
250;229
250;230
250;231
250;232
250;233
250;234
250;235
250;236
250;237
250;238
250;239
250;240
250;241
250;242
250;243
250;244
250;245
250;246
250;247
250;248
250;249
250;250
250;251
250;252
250;253
250;254
250;255
250;256
250;257
250;258
250;259
250;260
250;261
250;262
250;263
250;264
250;265
250;266
250;267
250;268
250;269
250;270
250;271
250;272
250;273
250;274
250;275
250;276
250;277
250;278
250;279
250;280
250;383
250;384
250;385
250;386
250;387
250;388
250;389
250;390
250;391
250;392
250;393
250;394
250;395
250;396
250;397
250;398
250;399
250;400
250;401
250;402
250;403
250;404
250;405
250;406
250;407
250;408
250;409
250;410
250;411
250;412
250;413
250;414
250;415
250;416
250;417
250;418
250;419
250;420
250;421
250;422
250;423
250;424
250;425
250;426
250;427
250;428
250;429
250;430
250;431
250;432
250;433
250;434
250;435
250;436
250;437
250;438
250;439
250;440
250;441
250;442
250;443
250;444
250;445
250;446
250;447
250;448
250;449
250;450
250;451
250;452
250;453
250;454
250;455
250;456
250;457
250;458
250;459
250;460
250;461
250;462
250;463
250;464
250;465
251;192
251;193
251;194
251;195
251;196
251;197
251;198
251;199
251;200
251;201
251;202
251;203
251;204
251;205
251;206
251;207
251;208
251;209
251;210
251;211
251;212
251;213
251;214
251;215
251;216
251;217
251;218
251;219
251;220
251;221
251;222
251;223
251;224
251;225
251;226
251;227
251;228
251;229
251;230
251;231
251;232
251;233
251;234
251;235
251;236
251;237
251;238
251;239
251;240
251;241
251;242
251;243
251;244
251;245
251;246
251;247
251;248
251;249
251;250
251;251
251;252
251;253
251;254
251;255
251;256
251;257
251;258
251;259
251;260
251;261
251;262
251;263
251;264
251;265
251;266
251;267
251;268
251;269
251;270
251;271
251;272
251;273
251;274
251;275
251;276
251;277
251;278
251;279
251;383
251;384
251;385
251;386
251;387
251;388
251;389
251;390
251;391
251;392
251;393
251;394
251;395
251;396
251;397
251;398
251;399
251;400
251;401
251;402
251;403
251;404
251;405
251;406
251;407
251;408
251;409
251;410
251;411
251;412
251;413
251;414
251;415
251;416
251;417
251;418
251;419
251;420
251;421
251;422
251;423
251;424
251;425
251;426
251;427
251;428
251;429
251;430
251;431
251;432
251;433
251;434
251;435
251;436
251;437
251;438
251;439
251;440
251;441
251;442
251;443
251;444
251;445
251;446
251;447
251;448
251;449
251;450
251;451
251;452
251;453
251;454
251;455
251;456
251;457
251;458
251;459
251;460
251;461
251;462
251;463
251;464
251;465
252;193
252;194
252;195
252;196
252;197
252;198
252;199
252;200
252;201
252;202
252;203
252;204
252;205
252;206
252;207
252;208
252;209
252;210
252;211
252;212
252;213
252;214
252;215
252;216
252;217
252;218
252;219
252;220
252;221
252;222
252;223
252;224
252;225
252;226
252;227
252;228
252;229
252;230
252;231
252;232
252;233
252;234
252;235
252;236
252;237
252;238
252;239
252;240
252;241
252;242
252;243
252;244
252;245
252;246
252;247
252;248
252;249
252;250
252;251
252;252
252;253
252;254
252;255
252;256
252;257
252;258
252;259
252;260
252;261
252;262
252;263
252;264
252;265
252;266
252;267
252;268
252;269
252;270
252;271
252;272
252;273
252;274
252;275
252;276
252;277
252;278
252;279
252;383
252;384
252;385
252;386
252;387
252;388
252;389
252;390
252;391
252;392
252;393
252;394
252;395
252;396
252;397
252;398
252;399
252;400
252;401
252;402
252;403
252;404
252;405
252;406
252;407
252;408
252;409
252;410
252;411
252;412
252;413
252;414
252;415
252;416
252;417
252;418
252;419
252;420
252;421
252;422
252;423
252;424
252;425
252;426
252;427
252;428
252;429
252;430
252;431
252;432
252;433
252;434
252;435
252;436
252;437
252;438
252;439
252;440
252;441
252;442
252;443
252;444
252;445
252;446
252;447
252;448
252;449
252;450
252;451
252;452
252;453
252;454
252;455
252;456
252;457
252;458
252;459
252;460
252;461
252;462
252;463
252;464
252;465
253;193
253;194
253;195
253;196
253;197
253;198
253;199
253;200
253;201
253;202
253;203
253;204
253;205
253;206
253;207
253;208
253;209
253;210
253;211
253;212
253;213
253;214
253;215
253;216
253;217
253;218
253;219
253;220
253;221
253;222
253;223
253;224
253;225
253;226
253;227
253;228
253;229
253;230
253;231
253;232
253;233
253;234
253;235
253;236
253;237
253;238
253;239
253;240
253;241
253;242
253;243
253;244
253;245
253;246
253;247
253;248
253;249
253;250
253;251
253;252
253;253
253;254
253;255
253;256
253;257
253;258
253;259
253;260
253;261
253;262
253;263
253;264
253;265
253;266
253;267
253;268
253;269
253;270
253;271
253;272
253;273
253;274
253;275
253;276
253;277
253;278
253;383
253;384
253;385
253;386
253;387
253;388
253;389
253;390
253;391
253;392
253;393
253;394
253;395
253;396
253;397
253;398
253;399
253;400
253;401
253;402
253;403
253;404
253;405
253;406
253;407
253;408
253;409
253;410
253;411
253;412
253;413
253;414
253;415
253;416
253;417
253;418
253;419
253;420
253;421
253;422
253;423
253;424
253;425
253;426
253;427
253;428
253;429
253;430
253;431
253;432
253;433
253;434
253;435
253;436
253;437
253;438
253;439
253;440
253;441
253;442
253;443
253;444
253;445
253;446
253;447
253;448
253;449
253;450
253;451
253;452
253;453
253;454
253;455
253;456
253;457
253;458
253;459
253;460
253;461
253;462
253;463
253;464
253;465
254;194
254;195
254;196
254;197
254;198
254;199
254;200
254;201
254;202
254;203
254;204
254;205
254;206
254;207
254;208
254;209
254;210
254;211
254;212
254;213
254;214
254;215
254;216
254;217
254;218
254;219
254;220
254;221
254;222
254;223
254;224
254;225
254;226
254;227
254;228
254;229
254;230
254;231
254;232
254;233
254;234
254;235
254;236
254;237
254;238
254;239
254;240
254;241
254;242
254;243
254;244
254;245
254;246
254;247
254;248
254;249
254;250
254;251
254;252
254;253
254;254
254;255
254;256
254;257
254;258
254;259
254;260
254;261
254;262
254;263
254;264
254;265
254;266
254;267
254;268
254;269
254;270
254;271
254;272
254;273
254;274
254;275
254;276
254;277
254;278
254;383
254;384
254;385
254;386
254;387
254;388
254;389
254;390
254;391
254;392
254;393
254;394
254;395
254;396
254;397
254;398
254;399
254;400
254;401
254;402
254;403
254;404
254;405
254;406
254;407
254;408
254;409
254;410
254;411
254;412
254;413
254;414
254;415
254;416
254;417
254;418
254;419
254;420
254;421
254;422
254;423
254;424
254;425
254;426
254;427
254;428
254;429
254;430
254;431
254;432
254;433
254;434
254;435
254;436
254;437
254;438
254;439
254;440
254;441
254;442
254;443
254;444
254;445
254;446
254;447
254;448
254;449
254;450
254;451
254;452
254;453
254;454
254;455
254;456
254;457
254;458
254;459
254;460
254;461
254;462
254;463
254;464
254;465
255;194
255;195
255;196
255;197
255;198
255;199
255;200
255;201
255;202
255;203
255;204
255;205
255;206
255;207
255;208
255;209
255;210
255;211
255;212
255;213
255;214
255;215
255;216
255;217
255;218
255;219
255;220
255;221
255;222
255;223
255;224
255;225
255;226
255;227
255;228
255;229
255;230
255;231
255;232
255;233
255;234
255;235
255;236
255;237
255;238
255;239
255;240
255;241
255;242
255;243
255;244
255;245
255;246
255;247
255;248
255;249
255;250
255;251
255;252
255;253
255;254
255;255
255;256
255;257
255;258
255;259
255;260
255;261
255;262
255;263
255;264
255;265
255;266
255;267
255;268
255;269
255;270
255;271
255;272
255;273
255;274
255;275
255;276
255;277
255;383
255;384
255;385
255;386
255;387
255;388
255;389
255;390
255;391
255;392
255;393
255;394
255;395
255;396
255;397
255;398
255;399
255;400
255;401
255;402
255;403
255;404
255;405
255;406
255;407
255;408
255;409
255;410
255;411
255;412
255;413
255;414
255;415
255;416
255;417
255;418
255;419
255;420
255;421
255;422
255;423
255;424
255;425
255;426
255;427
255;428
255;429
255;430
255;431
255;432
255;433
255;434
255;435
255;436
255;437
255;438
255;439
255;440
255;441
255;442
255;443
255;444
255;445
255;446
255;447
255;448
255;449
255;450
255;451
255;452
255;453
255;454
255;455
255;456
255;457
255;458
255;459
255;460
255;461
255;462
255;463
255;464
255;465
256;195
256;196
256;197
256;198
256;199
256;200
256;201
256;202
256;203
256;204
256;205
256;206
256;207
256;208
256;209
256;210
256;211
256;212
256;213
256;214
256;215
256;216
256;217
256;218
256;219
256;220
256;221
256;222
256;223
256;224
256;225
256;226
256;227
256;228
256;229
256;230
256;231
256;232
256;233
256;234
256;235
256;236
256;237
256;238
256;239
256;240
256;241
256;242
256;243
256;244
256;245
256;246
256;247
256;248
256;249
256;250
256;251
256;252
256;253
256;254
256;255
256;256
256;257
256;258
256;259
256;260
256;261
256;262
256;263
256;264
256;265
256;266
256;267
256;268
256;269
256;270
256;271
256;272
256;273
256;274
256;275
256;276
256;277
256;383
256;384
256;385
256;386
256;387
256;388
256;389
256;390
256;391
256;392
256;393
256;394
256;395
256;396
256;397
256;398
256;399
256;400
256;401
256;402
256;403
256;404
256;405
256;406
256;407
256;408
256;409
256;410
256;411
256;412
256;413
256;414
256;415
256;416
256;417
256;418
256;419
256;420
256;421
256;422
256;423
256;424
256;425
256;426
256;427
256;428
256;429
256;430
256;431
256;432
256;433
256;434
256;435
256;436
256;437
256;438
256;439
256;440
256;441
256;442
256;443
256;444
256;445
256;446
256;447
256;448
256;449
256;450
256;451
256;452
256;453
256;454
256;455
256;456
256;457
256;458
256;459
256;460
256;461
256;462
256;463
256;464
256;465
257;195
257;196
257;197
257;198
257;199
257;200
257;201
257;202
257;203
257;204
257;205
257;206
257;207
257;208
257;209
257;210
257;211
257;212
257;213
257;214
257;215
257;216
257;217
257;218
257;219
257;220
257;221
257;222
257;223
257;224
257;225
257;226
257;227
257;228
257;229
257;230
257;231
257;232
257;233
257;234
257;235
257;236
257;237
257;238
257;239
257;240
257;241
257;242
257;243
257;244
257;245
257;246
257;247
257;248
257;249
257;250
257;251
257;252
257;253
257;254
257;255
257;256
257;257
257;258
257;259
257;260
257;261
257;262
257;263
257;264
257;265
257;266
257;267
257;268
257;269
257;270
257;271
257;272
257;273
257;274
257;275
257;276
257;384
257;385
257;386
257;387
257;388
257;389
257;390
257;391
257;392
257;393
257;394
257;395
257;396
257;397
257;398
257;399
257;400
257;401
257;402
257;403
257;404
257;405
257;406
257;407
257;408
257;409
257;410
257;411
257;412
257;413
257;414
257;415
257;416
257;417
257;418
257;419
257;420
257;421
257;422
257;423
257;424
257;425
257;426
257;427
257;428
257;429
257;430
257;431
257;432
257;433
257;434
257;435
257;436
257;437
257;438
257;439
257;440
257;441
257;442
257;443
257;444
257;445
257;446
257;447
257;448
257;449
257;450
257;451
257;452
257;453
257;454
257;455
257;456
257;457
257;458
257;459
257;460
257;461
257;462
257;463
257;464
258;196
258;197
258;198
258;199
258;200
258;201
258;202
258;203
258;204
258;205
258;206
258;207
258;208
258;209
258;210
258;211
258;212
258;213
258;214
258;215
258;216
258;217
258;218
258;219
258;220
258;221
258;222
258;223
258;224
258;225
258;226
258;227
258;228
258;229
258;230
258;231
258;232
258;233
258;234
258;235
258;236
258;237
258;238
258;239
258;240
258;241
258;242
258;243
258;244
258;245
258;246
258;247
258;248
258;249
258;250
258;251
258;252
258;253
258;254
258;255
258;256
258;257
258;258
258;259
258;260
258;261
258;262
258;263
258;264
258;265
258;266
258;267
258;268
258;269
258;270
258;271
258;272
258;273
258;274
258;275
258;384
258;385
258;386
258;387
258;388
258;389
258;390
258;391
258;392
258;393
258;394
258;395
258;396
258;397
258;398
258;399
258;400
258;401
258;402
258;403
258;404
258;405
258;406
258;407
258;408
258;409
258;410
258;411
258;412
258;413
258;414
258;415
258;416
258;417
258;418
258;419
258;420
258;421
258;422
258;423
258;424
258;425
258;426
258;427
258;428
258;429
258;430
258;431
258;432
258;433
258;434
258;435
258;436
258;437
258;438
258;439
258;440
258;441
258;442
258;443
258;444
258;445
258;446
258;447
258;448
258;449
258;450
258;451
258;452
258;453
258;454
258;455
258;456
258;457
258;458
258;459
258;460
258;461
258;462
258;463
258;464
259;197
259;198
259;199
259;200
259;201
259;202
259;203
259;204
259;205
259;206
259;207
259;208
259;209
259;210
259;211
259;212
259;213
259;214
259;215
259;216
259;217
259;218
259;219
259;220
259;221
259;222
259;223
259;224
259;225
259;226
259;227
259;228
259;229
259;230
259;231
259;232
259;233
259;234
259;235
259;236
259;237
259;238
259;239
259;240
259;241
259;242
259;243
259;244
259;245
259;246
259;247
259;248
259;249
259;250
259;251
259;252
259;253
259;254
259;255
259;256
259;257
259;258
259;259
259;260
259;261
259;262
259;263
259;264
259;265
259;266
259;267
259;268
259;269
259;270
259;271
259;272
259;273
259;274
259;275
259;278
259;384
259;385
259;386
259;387
259;388
259;389
259;390
259;391
259;392
259;393
259;394
259;395
259;396
259;397
259;398
259;399
259;400
259;401
259;402
259;403
259;404
259;405
259;406
259;407
259;408
259;409
259;410
259;411
259;412
259;413
259;414
259;415
259;416
259;417
259;418
259;419
259;420
259;421
259;422
259;423
259;424
259;425
259;426
259;427
259;428
259;429
259;430
259;431
259;432
259;433
259;434
259;435
259;436
259;437
259;438
259;439
259;440
259;441
259;442
259;443
259;444
259;445
259;446
259;447
259;448
259;449
259;450
259;451
259;452
259;453
259;454
259;455
259;456
259;457
259;458
259;459
259;460
259;461
259;462
259;463
259;464
260;197
260;198
260;199
260;200
260;201
260;202
260;203
260;204
260;205
260;206
260;207
260;208
260;209
260;210
260;211
260;212
260;213
260;214
260;215
260;216
260;217
260;218
260;219
260;220
260;221
260;222
260;223
260;224
260;225
260;226
260;227
260;228
260;229
260;230
260;231
260;232
260;233
260;234
260;235
260;236
260;237
260;238
260;239
260;240
260;241
260;242
260;243
260;244
260;245
260;246
260;247
260;248
260;249
260;250
260;251
260;252
260;253
260;254
260;255
260;256
260;257
260;258
260;259
260;260
260;261
260;262
260;263
260;264
260;265
260;266
260;267
260;268
260;269
260;270
260;271
260;272
260;273
260;274
260;276
260;277
260;278
260;279
260;384
260;385
260;386
260;387
260;388
260;389
260;390
260;391
260;392
260;393
260;394
260;395
260;396
260;397
260;398
260;399
260;400
260;401
260;402
260;403
260;404
260;405
260;406
260;407
260;408
260;409
260;410
260;411
260;412
260;413
260;414
260;415
260;416
260;417
260;418
260;419
260;420
260;421
260;422
260;423
260;424
260;425
260;426
260;427
260;428
260;429
260;430
260;431
260;432
260;433
260;434
260;435
260;436
260;437
260;438
260;439
260;440
260;441
260;442
260;443
260;444
260;445
260;446
260;447
260;448
260;449
260;450
260;451
260;452
260;453
260;454
260;455
260;456
260;457
260;458
260;459
260;460
260;461
260;462
260;463
260;464
261;198
261;199
261;200
261;201
261;202
261;203
261;204
261;205
261;206
261;207
261;208
261;209
261;210
261;211
261;212
261;213
261;214
261;215
261;216
261;217
261;218
261;219
261;220
261;221
261;222
261;223
261;224
261;225
261;226
261;227
261;228
261;229
261;230
261;231
261;232
261;233
261;234
261;235
261;236
261;237
261;238
261;239
261;240
261;241
261;242
261;243
261;244
261;245
261;246
261;247
261;248
261;249
261;250
261;251
261;252
261;253
261;254
261;255
261;256
261;257
261;258
261;259
261;260
261;261
261;262
261;263
261;264
261;265
261;266
261;267
261;268
261;269
261;270
261;271
261;272
261;273
261;275
261;276
261;277
261;278
261;279
261;385
261;386
261;387
261;388
261;389
261;390
261;391
261;392
261;393
261;394
261;395
261;396
261;397
261;398
261;399
261;400
261;401
261;402
261;403
261;404
261;405
261;406
261;407
261;408
261;409
261;410
261;411
261;412
261;413
261;414
261;415
261;416
261;417
261;418
261;419
261;420
261;421
261;422
261;423
261;424
261;425
261;426
261;427
261;428
261;429
261;430
261;431
261;432
261;433
261;434
261;435
261;436
261;437
261;438
261;439
261;440
261;441
261;442
261;443
261;444
261;445
261;446
261;447
261;448
261;449
261;450
261;451
261;452
261;453
261;454
261;455
261;456
261;457
261;458
261;459
261;460
261;461
261;462
261;463
262;199
262;200
262;201
262;202
262;203
262;204
262;205
262;206
262;207
262;208
262;209
262;210
262;211
262;212
262;213
262;214
262;215
262;216
262;217
262;218
262;219
262;220
262;221
262;222
262;223
262;224
262;225
262;226
262;227
262;228
262;229
262;230
262;231
262;232
262;233
262;234
262;235
262;236
262;237
262;238
262;239
262;240
262;241
262;242
262;243
262;244
262;245
262;246
262;247
262;248
262;249
262;250
262;251
262;252
262;253
262;254
262;255
262;256
262;257
262;258
262;259
262;260
262;261
262;262
262;263
262;264
262;265
262;266
262;267
262;268
262;269
262;270
262;271
262;272
262;274
262;275
262;276
262;277
262;278
262;279
262;385
262;386
262;387
262;388
262;389
262;390
262;391
262;392
262;393
262;394
262;395
262;396
262;397
262;398
262;399
262;400
262;401
262;402
262;403
262;404
262;405
262;406
262;407
262;408
262;409
262;410
262;411
262;412
262;413
262;414
262;415
262;416
262;417
262;418
262;419
262;420
262;421
262;422
262;423
262;424
262;425
262;426
262;427
262;428
262;429
262;430
262;431
262;432
262;433
262;434
262;435
262;436
262;437
262;438
262;439
262;440
262;441
262;442
262;443
262;444
262;445
262;446
262;447
262;448
262;449
262;450
262;451
262;452
262;453
262;454
262;455
262;456
262;457
262;458
262;459
262;460
262;461
262;462
262;463
263;200
263;201
263;202
263;203
263;204
263;205
263;206
263;207
263;208
263;209
263;210
263;211
263;212
263;213
263;214
263;215
263;216
263;217
263;218
263;219
263;220
263;221
263;222
263;223
263;224
263;225
263;226
263;227
263;228
263;229
263;230
263;231
263;232
263;233
263;234
263;235
263;236
263;237
263;238
263;239
263;240
263;241
263;242
263;243
263;244
263;245
263;246
263;247
263;248
263;249
263;250
263;251
263;252
263;253
263;254
263;255
263;256
263;257
263;258
263;259
263;260
263;261
263;262
263;263
263;264
263;265
263;266
263;267
263;268
263;269
263;270
263;271
263;272
263;273
263;274
263;275
263;276
263;277
263;278
263;279
263;385
263;386
263;387
263;388
263;389
263;390
263;391
263;392
263;393
263;394
263;395
263;396
263;397
263;398
263;399
263;400
263;401
263;402
263;403
263;404
263;405
263;406
263;407
263;408
263;409
263;410
263;411
263;412
263;413
263;414
263;415
263;416
263;417
263;418
263;419
263;420
263;421
263;422
263;423
263;424
263;425
263;426
263;427
263;428
263;429
263;430
263;431
263;432
263;433
263;434
263;435
263;436
263;437
263;438
263;439
263;440
263;441
263;442
263;443
263;444
263;445
263;446
263;447
263;448
263;449
263;450
263;451
263;452
263;453
263;454
263;455
263;456
263;457
263;458
263;459
263;460
263;461
263;462
263;463
264;201
264;202
264;203
264;204
264;205
264;206
264;207
264;208
264;209
264;210
264;211
264;212
264;213
264;214
264;215
264;216
264;217
264;218
264;219
264;220
264;221
264;222
264;223
264;224
264;225
264;226
264;227
264;228
264;229
264;230
264;231
264;232
264;233
264;234
264;235
264;236
264;237
264;238
264;239
264;240
264;241
264;242
264;243
264;244
264;245
264;246
264;247
264;248
264;249
264;250
264;251
264;252
264;253
264;254
264;255
264;256
264;257
264;258
264;259
264;260
264;261
264;262
264;263
264;264
264;265
264;266
264;267
264;268
264;269
264;270
264;271
264;272
264;273
264;274
264;275
264;276
264;277
264;278
264;279
264;386
264;387
264;388
264;389
264;390
264;391
264;392
264;393
264;394
264;395
264;396
264;397
264;398
264;399
264;400
264;401
264;402
264;403
264;404
264;405
264;406
264;407
264;408
264;409
264;410
264;411
264;412
264;413
264;414
264;415
264;416
264;417
264;418
264;419
264;420
264;421
264;422
264;423
264;424
264;425
264;426
264;427
264;428
264;429
264;430
264;431
264;432
264;433
264;434
264;435
264;436
264;437
264;438
264;439
264;440
264;441
264;442
264;443
264;444
264;445
264;446
264;447
264;448
264;449
264;450
264;451
264;452
264;453
264;454
264;455
264;456
264;457
264;458
264;459
264;460
264;461
264;462
265;202
265;203
265;204
265;205
265;206
265;207
265;208
265;209
265;210
265;211
265;212
265;213
265;214
265;215
265;216
265;217
265;218
265;219
265;220
265;221
265;222
265;223
265;224
265;225
265;226
265;227
265;228
265;229
265;230
265;231
265;232
265;233
265;234
265;235
265;236
265;237
265;238
265;239
265;240
265;241
265;242
265;243
265;244
265;245
265;246
265;247
265;248
265;249
265;250
265;251
265;252
265;253
265;254
265;255
265;256
265;257
265;258
265;259
265;260
265;261
265;262
265;263
265;264
265;265
265;266
265;267
265;268
265;269
265;270
265;271
265;272
265;273
265;274
265;275
265;276
265;277
265;278
265;279
265;386
265;387
265;388
265;389
265;390
265;391
265;392
265;393
265;394
265;395
265;396
265;397
265;398
265;399
265;400
265;401
265;402
265;403
265;404
265;405
265;406
265;407
265;408
265;409
265;410
265;411
265;412
265;413
265;414
265;415
265;416
265;417
265;418
265;419
265;420
265;421
265;422
265;423
265;424
265;425
265;426
265;427
265;428
265;429
265;430
265;431
265;432
265;433
265;434
265;435
265;436
265;437
265;438
265;439
265;440
265;441
265;442
265;443
265;444
265;445
265;446
265;447
265;448
265;449
265;450
265;451
265;452
265;453
265;454
265;455
265;456
265;457
265;458
265;459
265;460
265;461
265;462
266;203
266;204
266;205
266;206
266;207
266;208
266;209
266;210
266;211
266;212
266;213
266;214
266;215
266;216
266;217
266;218
266;219
266;220
266;221
266;222
266;223
266;224
266;225
266;226
266;227
266;228
266;229
266;230
266;231
266;232
266;233
266;234
266;235
266;236
266;237
266;238
266;239
266;240
266;241
266;242
266;243
266;244
266;245
266;246
266;247
266;248
266;249
266;250
266;251
266;252
266;253
266;254
266;255
266;256
266;257
266;258
266;259
266;260
266;261
266;262
266;263
266;264
266;265
266;266
266;267
266;268
266;269
266;270
266;271
266;272
266;273
266;274
266;275
266;276
266;277
266;278
266;279
266;387
266;388
266;389
266;390
266;391
266;392
266;393
266;394
266;395
266;396
266;397
266;398
266;399
266;400
266;401
266;402
266;403
266;404
266;405
266;406
266;407
266;408
266;409
266;410
266;411
266;412
266;413
266;414
266;415
266;416
266;417
266;418
266;419
266;420
266;421
266;422
266;423
266;424
266;425
266;426
266;427
266;428
266;429
266;430
266;431
266;432
266;433
266;434
266;435
266;436
266;437
266;438
266;439
266;440
266;441
266;442
266;443
266;444
266;445
266;446
266;447
266;448
266;449
266;450
266;451
266;452
266;453
266;454
266;455
266;456
266;457
266;458
266;459
266;460
266;461
267;204
267;205
267;206
267;207
267;208
267;209
267;210
267;211
267;212
267;213
267;214
267;215
267;216
267;217
267;218
267;219
267;220
267;221
267;222
267;223
267;224
267;225
267;226
267;227
267;228
267;229
267;230
267;231
267;232
267;233
267;234
267;235
267;236
267;237
267;238
267;239
267;240
267;241
267;242
267;243
267;244
267;245
267;246
267;247
267;248
267;249
267;250
267;251
267;252
267;253
267;254
267;255
267;256
267;257
267;258
267;259
267;260
267;261
267;262
267;263
267;264
267;265
267;266
267;267
267;268
267;269
267;270
267;271
267;272
267;273
267;274
267;275
267;276
267;277
267;278
267;279
267;387
267;388
267;389
267;390
267;391
267;392
267;393
267;394
267;395
267;396
267;397
267;398
267;399
267;400
267;401
267;402
267;403
267;404
267;405
267;406
267;407
267;408
267;409
267;410
267;411
267;412
267;413
267;414
267;415
267;416
267;417
267;418
267;419
267;420
267;421
267;422
267;423
267;424
267;425
267;426
267;427
267;428
267;429
267;430
267;431
267;432
267;433
267;434
267;435
267;436
267;437
267;438
267;439
267;440
267;441
267;442
267;443
267;444
267;445
267;446
267;447
267;448
267;449
267;450
267;451
267;452
267;453
267;454
267;455
267;456
267;457
267;458
267;459
267;460
267;461
268;150
268;151
268;152
268;153
268;154
268;155
268;156
268;157
268;158
268;159
268;160
268;161
268;162
268;163
268;205
268;206
268;207
268;208
268;209
268;210
268;211
268;212
268;213
268;214
268;215
268;216
268;217
268;218
268;219
268;220
268;221
268;222
268;223
268;224
268;225
268;226
268;227
268;228
268;229
268;230
268;231
268;232
268;233
268;234
268;235
268;236
268;237
268;238
268;239
268;240
268;241
268;242
268;243
268;244
268;245
268;246
268;247
268;248
268;249
268;250
268;251
268;252
268;253
268;254
268;255
268;256
268;257
268;258
268;259
268;260
268;261
268;262
268;263
268;264
268;265
268;266
268;267
268;268
268;269
268;270
268;271
268;272
268;273
268;274
268;275
268;276
268;277
268;278
268;279
268;280
268;388
268;389
268;390
268;391
268;392
268;393
268;394
268;395
268;396
268;397
268;398
268;399
268;400
268;401
268;402
268;403
268;404
268;405
268;406
268;407
268;408
268;409
268;410
268;411
268;412
268;413
268;414
268;415
268;416
268;417
268;418
268;419
268;420
268;421
268;422
268;423
268;424
268;425
268;426
268;427
268;428
268;429
268;430
268;431
268;432
268;433
268;434
268;435
268;436
268;437
268;438
268;439
268;440
268;441
268;442
268;443
268;444
268;445
268;446
268;447
268;448
268;449
268;450
268;451
268;452
268;453
268;454
268;455
268;456
268;457
268;458
268;459
268;460
269;145
269;146
269;147
269;148
269;149
269;150
269;151
269;152
269;153
269;154
269;155
269;156
269;157
269;158
269;159
269;160
269;161
269;162
269;163
269;164
269;165
269;166
269;167
269;168
269;206
269;207
269;208
269;209
269;210
269;211
269;212
269;213
269;214
269;215
269;216
269;217
269;218
269;219
269;220
269;221
269;222
269;223
269;224
269;225
269;226
269;227
269;228
269;229
269;230
269;231
269;232
269;233
269;234
269;235
269;236
269;237
269;238
269;239
269;240
269;241
269;242
269;243
269;244
269;245
269;246
269;247
269;248
269;249
269;250
269;251
269;252
269;253
269;254
269;255
269;256
269;257
269;258
269;259
269;260
269;261
269;262
269;263
269;264
269;265
269;266
269;267
269;268
269;269
269;270
269;271
269;272
269;273
269;274
269;275
269;276
269;277
269;278
269;279
269;280
269;388
269;389
269;390
269;391
269;392
269;393
269;394
269;395
269;396
269;397
269;398
269;399
269;400
269;401
269;402
269;403
269;404
269;405
269;406
269;407
269;408
269;409
269;410
269;411
269;412
269;413
269;414
269;415
269;416
269;417
269;418
269;419
269;420
269;421
269;422
269;423
269;424
269;425
269;426
269;427
269;428
269;429
269;430
269;431
269;432
269;433
269;434
269;435
269;436
269;437
269;438
269;439
269;440
269;441
269;442
269;443
269;444
269;445
269;446
269;447
269;448
269;449
269;450
269;451
269;452
269;453
269;454
269;455
269;456
269;457
269;458
269;459
269;460
270;142
270;143
270;144
270;145
270;146
270;147
270;148
270;149
270;150
270;151
270;152
270;153
270;154
270;155
270;156
270;157
270;158
270;159
270;160
270;161
270;162
270;163
270;164
270;165
270;166
270;167
270;168
270;169
270;170
270;171
270;207
270;208
270;209
270;210
270;211
270;212
270;213
270;214
270;215
270;216
270;217
270;218
270;219
270;220
270;221
270;222
270;223
270;224
270;225
270;226
270;227
270;228
270;229
270;230
270;231
270;232
270;233
270;234
270;235
270;236
270;237
270;238
270;239
270;240
270;241
270;242
270;243
270;244
270;245
270;246
270;247
270;248
270;249
270;250
270;251
270;252
270;253
270;254
270;255
270;256
270;257
270;258
270;259
270;260
270;261
270;262
270;263
270;264
270;265
270;266
270;267
270;268
270;269
270;270
270;271
270;272
270;273
270;274
270;275
270;276
270;277
270;278
270;279
270;280
270;389
270;390
270;391
270;392
270;393
270;394
270;395
270;396
270;397
270;398
270;399
270;400
270;401
270;402
270;403
270;404
270;405
270;406
270;407
270;408
270;409
270;410
270;411
270;412
270;413
270;414
270;415
270;416
270;417
270;418
270;419
270;420
270;421
270;422
270;423
270;424
270;425
270;426
270;427
270;428
270;429
270;430
270;431
270;432
270;433
270;434
270;435
270;436
270;437
270;438
270;439
270;440
270;441
270;442
270;443
270;444
270;445
270;446
270;447
270;448
270;449
270;450
270;451
270;452
270;453
270;454
270;455
270;456
270;457
270;458
270;459
271;139
271;140
271;141
271;142
271;143
271;144
271;145
271;146
271;147
271;148
271;149
271;150
271;151
271;152
271;153
271;154
271;155
271;156
271;157
271;158
271;159
271;160
271;161
271;162
271;163
271;164
271;165
271;166
271;167
271;168
271;169
271;170
271;171
271;172
271;173
271;174
271;209
271;210
271;211
271;212
271;213
271;214
271;215
271;216
271;217
271;218
271;219
271;220
271;221
271;222
271;223
271;224
271;225
271;226
271;227
271;228
271;229
271;230
271;231
271;232
271;233
271;234
271;235
271;236
271;237
271;238
271;239
271;240
271;241
271;242
271;243
271;244
271;245
271;246
271;247
271;248
271;249
271;250
271;251
271;252
271;253
271;254
271;255
271;256
271;257
271;258
271;259
271;260
271;261
271;262
271;263
271;264
271;265
271;266
271;267
271;268
271;269
271;270
271;271
271;272
271;273
271;274
271;275
271;276
271;277
271;278
271;279
271;280
271;390
271;391
271;392
271;393
271;394
271;395
271;396
271;397
271;398
271;399
271;400
271;401
271;402
271;403
271;404
271;405
271;406
271;407
271;408
271;409
271;410
271;411
271;412
271;413
271;414
271;415
271;416
271;417
271;418
271;419
271;420
271;421
271;422
271;423
271;424
271;425
271;426
271;427
271;428
271;429
271;430
271;431
271;432
271;433
271;434
271;435
271;436
271;437
271;438
271;439
271;440
271;441
271;442
271;443
271;444
271;445
271;446
271;447
271;448
271;449
271;450
271;451
271;452
271;453
271;454
271;455
271;456
271;457
271;458
272;137
272;138
272;139
272;140
272;141
272;142
272;143
272;144
272;145
272;146
272;147
272;148
272;149
272;150
272;151
272;152
272;153
272;154
272;155
272;156
272;157
272;158
272;159
272;160
272;161
272;162
272;163
272;164
272;165
272;166
272;167
272;168
272;169
272;170
272;171
272;172
272;173
272;174
272;175
272;176
272;210
272;211
272;212
272;213
272;214
272;215
272;216
272;217
272;218
272;219
272;220
272;221
272;222
272;223
272;224
272;225
272;226
272;227
272;228
272;229
272;230
272;231
272;232
272;233
272;234
272;235
272;236
272;237
272;238
272;239
272;240
272;241
272;242
272;243
272;244
272;245
272;246
272;247
272;248
272;249
272;250
272;251
272;252
272;253
272;254
272;255
272;256
272;257
272;258
272;259
272;260
272;261
272;262
272;263
272;264
272;265
272;266
272;267
272;268
272;269
272;270
272;271
272;272
272;273
272;274
272;275
272;276
272;277
272;278
272;279
272;280
272;390
272;391
272;392
272;393
272;394
272;395
272;396
272;397
272;398
272;399
272;400
272;401
272;402
272;403
272;404
272;405
272;406
272;407
272;408
272;409
272;410
272;411
272;412
272;413
272;414
272;415
272;416
272;417
272;418
272;419
272;420
272;421
272;422
272;423
272;424
272;425
272;426
272;427
272;428
272;429
272;430
272;431
272;432
272;433
272;434
272;435
272;436
272;437
272;438
272;439
272;440
272;441
272;442
272;443
272;444
272;445
272;446
272;447
272;448
272;449
272;450
272;451
272;452
272;453
272;454
272;455
272;456
272;457
272;458
273;135
273;136
273;137
273;138
273;139
273;140
273;141
273;142
273;143
273;144
273;145
273;146
273;147
273;148
273;149
273;150
273;151
273;152
273;153
273;154
273;155
273;156
273;157
273;158
273;159
273;160
273;161
273;162
273;163
273;164
273;165
273;166
273;167
273;168
273;169
273;170
273;171
273;172
273;173
273;174
273;175
273;176
273;177
273;178
273;212
273;213
273;214
273;215
273;216
273;217
273;218
273;219
273;220
273;221
273;222
273;223
273;224
273;225
273;226
273;227
273;228
273;229
273;230
273;231
273;232
273;233
273;234
273;235
273;236
273;237
273;238
273;239
273;240
273;241
273;242
273;243
273;244
273;245
273;246
273;247
273;248
273;249
273;250
273;251
273;252
273;253
273;254
273;255
273;256
273;257
273;258
273;259
273;260
273;261
273;262
273;263
273;264
273;265
273;266
273;267
273;268
273;269
273;270
273;271
273;272
273;273
273;274
273;275
273;276
273;277
273;278
273;279
273;280
273;391
273;392
273;393
273;394
273;395
273;396
273;397
273;398
273;399
273;400
273;401
273;402
273;403
273;404
273;405
273;406
273;407
273;408
273;409
273;410
273;411
273;412
273;413
273;414
273;415
273;416
273;417
273;418
273;419
273;420
273;421
273;422
273;423
273;424
273;425
273;426
273;427
273;428
273;429
273;430
273;431
273;432
273;433
273;434
273;435
273;436
273;437
273;438
273;439
273;440
273;441
273;442
273;443
273;444
273;445
273;446
273;447
273;448
273;449
273;450
273;451
273;452
273;453
273;454
273;455
273;456
273;457
274;133
274;134
274;135
274;136
274;137
274;138
274;139
274;140
274;141
274;142
274;143
274;144
274;145
274;146
274;147
274;148
274;149
274;150
274;151
274;152
274;153
274;154
274;155
274;156
274;157
274;158
274;159
274;160
274;161
274;162
274;163
274;164
274;165
274;166
274;167
274;168
274;169
274;170
274;171
274;172
274;173
274;174
274;175
274;176
274;177
274;178
274;179
274;180
274;214
274;215
274;216
274;217
274;218
274;219
274;220
274;221
274;222
274;223
274;224
274;225
274;226
274;227
274;228
274;229
274;230
274;231
274;232
274;233
274;234
274;235
274;236
274;237
274;238
274;239
274;240
274;241
274;242
274;243
274;244
274;245
274;246
274;247
274;248
274;249
274;250
274;251
274;252
274;253
274;254
274;255
274;256
274;257
274;258
274;259
274;260
274;261
274;262
274;263
274;264
274;265
274;266
274;267
274;268
274;269
274;270
274;271
274;272
274;273
274;274
274;275
274;276
274;277
274;278
274;279
274;280
274;392
274;393
274;394
274;395
274;396
274;397
274;398
274;399
274;400
274;401
274;402
274;403
274;404
274;405
274;406
274;407
274;408
274;409
274;410
274;411
274;412
274;413
274;414
274;415
274;416
274;417
274;418
274;419
274;420
274;421
274;422
274;423
274;424
274;425
274;426
274;427
274;428
274;429
274;430
274;431
274;432
274;433
274;434
274;435
274;436
274;437
274;438
274;439
274;440
274;441
274;442
274;443
274;444
274;445
274;446
274;447
274;448
274;449
274;450
274;451
274;452
274;453
274;454
274;455
274;456
275;132
275;133
275;134
275;135
275;136
275;137
275;138
275;139
275;140
275;141
275;142
275;143
275;144
275;145
275;146
275;147
275;148
275;149
275;150
275;151
275;152
275;153
275;154
275;155
275;156
275;157
275;158
275;159
275;160
275;161
275;162
275;163
275;164
275;165
275;166
275;167
275;168
275;169
275;170
275;171
275;172
275;173
275;174
275;175
275;176
275;177
275;178
275;179
275;180
275;181
275;182
275;216
275;217
275;218
275;219
275;220
275;221
275;222
275;223
275;224
275;225
275;226
275;227
275;228
275;229
275;230
275;231
275;232
275;233
275;234
275;235
275;236
275;237
275;238
275;239
275;240
275;241
275;242
275;243
275;244
275;245
275;246
275;247
275;248
275;249
275;250
275;251
275;252
275;253
275;254
275;255
275;256
275;257
275;258
275;259
275;260
275;261
275;262
275;263
275;264
275;265
275;266
275;267
275;268
275;269
275;270
275;271
275;272
275;273
275;274
275;275
275;276
275;277
275;278
275;279
275;280
275;393
275;394
275;395
275;396
275;397
275;398
275;399
275;400
275;401
275;402
275;403
275;404
275;405
275;406
275;407
275;408
275;409
275;410
275;411
275;412
275;413
275;414
275;415
275;416
275;417
275;418
275;419
275;420
275;421
275;422
275;423
275;424
275;425
275;426
275;427
275;428
275;429
275;430
275;431
275;432
275;433
275;434
275;435
275;436
275;437
275;438
275;439
275;440
275;441
275;442
275;443
275;444
275;445
275;446
275;447
275;448
275;449
275;450
275;451
275;452
275;453
275;454
275;455
276;130
276;131
276;132
276;133
276;134
276;135
276;136
276;137
276;138
276;139
276;140
276;141
276;142
276;143
276;144
276;145
276;146
276;147
276;148
276;149
276;150
276;151
276;152
276;153
276;154
276;155
276;156
276;157
276;158
276;159
276;160
276;161
276;162
276;163
276;164
276;165
276;166
276;167
276;168
276;169
276;170
276;171
276;172
276;173
276;174
276;175
276;176
276;177
276;178
276;179
276;180
276;181
276;182
276;183
276;218
276;219
276;220
276;221
276;222
276;223
276;224
276;225
276;226
276;227
276;228
276;229
276;230
276;231
276;232
276;233
276;234
276;235
276;236
276;237
276;238
276;239
276;240
276;241
276;242
276;243
276;244
276;245
276;246
276;247
276;248
276;249
276;250
276;251
276;252
276;253
276;256
276;257
276;258
276;259
276;260
276;261
276;262
276;263
276;264
276;265
276;266
276;267
276;268
276;269
276;270
276;271
276;272
276;273
276;274
276;275
276;276
276;277
276;278
276;279
276;280
276;281
276;394
276;395
276;396
276;397
276;398
276;399
276;400
276;401
276;402
276;403
276;404
276;405
276;406
276;407
276;408
276;409
276;410
276;411
276;412
276;413
276;414
276;415
276;416
276;417
276;418
276;419
276;420
276;421
276;422
276;423
276;424
276;425
276;426
276;427
276;428
276;429
276;430
276;431
276;432
276;433
276;434
276;435
276;436
276;437
276;438
276;439
276;440
276;441
276;442
276;443
276;444
276;445
276;446
276;447
276;448
276;449
276;450
276;451
276;452
276;453
276;454
277;129
277;130
277;131
277;132
277;133
277;134
277;135
277;136
277;137
277;138
277;139
277;140
277;141
277;142
277;143
277;144
277;145
277;146
277;147
277;148
277;149
277;150
277;151
277;152
277;153
277;154
277;155
277;156
277;157
277;158
277;159
277;160
277;161
277;162
277;163
277;164
277;165
277;166
277;167
277;168
277;169
277;170
277;171
277;172
277;173
277;174
277;175
277;176
277;177
277;178
277;179
277;180
277;181
277;182
277;183
277;184
277;185
277;221
277;222
277;223
277;224
277;225
277;226
277;227
277;228
277;229
277;230
277;231
277;232
277;233
277;234
277;235
277;236
277;237
277;238
277;239
277;240
277;241
277;242
277;243
277;244
277;245
277;246
277;247
277;248
277;249
277;250
277;251
277;254
277;255
277;256
277;257
277;258
277;259
277;260
277;261
277;262
277;263
277;264
277;265
277;266
277;267
277;268
277;269
277;270
277;271
277;272
277;273
277;274
277;275
277;276
277;277
277;278
277;279
277;280
277;281
277;395
277;396
277;397
277;398
277;399
277;400
277;401
277;402
277;403
277;404
277;405
277;406
277;407
277;408
277;409
277;410
277;411
277;412
277;413
277;414
277;415
277;416
277;417
277;418
277;419
277;420
277;421
277;422
277;423
277;424
277;425
277;426
277;427
277;428
277;429
277;430
277;431
277;432
277;433
277;434
277;435
277;436
277;437
277;438
277;439
277;440
277;441
277;442
277;443
277;444
277;445
277;446
277;447
277;448
277;449
277;450
277;451
277;452
277;453
278;128
278;129
278;130
278;131
278;132
278;133
278;134
278;135
278;136
278;137
278;138
278;139
278;140
278;141
278;142
278;143
278;144
278;145
278;146
278;147
278;148
278;149
278;150
278;151
278;152
278;153
278;154
278;155
278;156
278;157
278;158
278;159
278;160
278;161
278;162
278;163
278;164
278;165
278;166
278;167
278;168
278;169
278;170
278;171
278;172
278;173
278;174
278;175
278;176
278;177
278;178
278;179
278;180
278;181
278;182
278;183
278;184
278;185
278;186
278;224
278;225
278;226
278;227
278;228
278;229
278;230
278;231
278;232
278;233
278;234
278;235
278;236
278;237
278;238
278;239
278;240
278;241
278;242
278;243
278;244
278;245
278;246
278;247
278;253
278;254
278;255
278;256
278;257
278;258
278;259
278;260
278;261
278;262
278;263
278;264
278;265
278;266
278;267
278;268
278;269
278;270
278;271
278;272
278;273
278;274
278;275
278;276
278;277
278;278
278;279
278;280
278;281
278;396
278;397
278;398
278;399
278;400
278;401
278;402
278;403
278;404
278;405
278;406
278;407
278;408
278;409
278;410
278;411
278;412
278;413
278;414
278;415
278;416
278;417
278;418
278;419
278;420
278;421
278;422
278;423
278;424
278;425
278;426
278;427
278;428
278;429
278;430
278;431
278;432
278;433
278;434
278;435
278;436
278;437
278;438
278;439
278;440
278;441
278;442
278;443
278;444
278;445
278;446
278;447
278;448
278;449
278;450
278;451
278;452
279;126
279;127
279;128
279;129
279;130
279;131
279;132
279;133
279;134
279;135
279;136
279;137
279;138
279;139
279;140
279;141
279;142
279;143
279;144
279;145
279;146
279;147
279;148
279;149
279;150
279;151
279;152
279;153
279;154
279;155
279;156
279;157
279;158
279;159
279;160
279;161
279;162
279;163
279;164
279;165
279;166
279;167
279;168
279;169
279;170
279;171
279;172
279;173
279;174
279;175
279;176
279;177
279;178
279;179
279;180
279;181
279;182
279;183
279;184
279;185
279;186
279;187
279;229
279;230
279;231
279;232
279;233
279;234
279;235
279;236
279;237
279;238
279;239
279;240
279;241
279;242
279;252
279;253
279;254
279;255
279;256
279;257
279;258
279;259
279;260
279;261
279;262
279;263
279;264
279;265
279;266
279;267
279;268
279;269
279;270
279;271
279;272
279;273
279;274
279;275
279;276
279;277
279;278
279;279
279;280
279;281
279;397
279;398
279;399
279;400
279;401
279;402
279;403
279;404
279;405
279;406
279;407
279;408
279;409
279;410
279;411
279;412
279;413
279;414
279;415
279;416
279;417
279;418
279;419
279;420
279;421
279;422
279;423
279;424
279;425
279;426
279;427
279;428
279;429
279;430
279;431
279;432
279;433
279;434
279;435
279;436
279;437
279;438
279;439
279;440
279;441
279;442
279;443
279;444
279;445
279;446
279;447
279;448
279;449
279;450
279;451
280;125
280;126
280;127
280;128
280;129
280;130
280;131
280;132
280;133
280;134
280;135
280;136
280;137
280;138
280;139
280;140
280;141
280;142
280;143
280;144
280;145
280;146
280;147
280;148
280;149
280;150
280;151
280;152
280;153
280;154
280;155
280;156
280;157
280;158
280;159
280;160
280;161
280;162
280;163
280;164
280;165
280;166
280;167
280;168
280;169
280;170
280;171
280;172
280;173
280;174
280;175
280;176
280;177
280;178
280;179
280;180
280;181
280;182
280;183
280;184
280;185
280;186
280;187
280;188
280;250
280;251
280;252
280;253
280;254
280;255
280;256
280;257
280;258
280;259
280;260
280;261
280;262
280;263
280;264
280;265
280;266
280;267
280;268
280;269
280;270
280;271
280;272
280;273
280;274
280;275
280;276
280;277
280;278
280;279
280;280
280;281
280;398
280;399
280;400
280;401
280;402
280;403
280;404
280;405
280;406
280;407
280;408
280;409
280;410
280;411
280;412
280;413
280;414
280;415
280;416
280;417
280;418
280;419
280;420
280;421
280;422
280;423
280;424
280;425
280;426
280;427
280;428
280;429
280;430
280;431
280;432
280;433
280;434
280;435
280;436
280;437
280;438
280;439
280;440
280;441
280;442
280;443
280;444
280;445
280;446
280;447
280;448
280;449
280;450
281;124
281;125
281;126
281;127
281;128
281;129
281;130
281;131
281;132
281;133
281;134
281;135
281;136
281;137
281;138
281;139
281;140
281;141
281;142
281;143
281;144
281;145
281;146
281;147
281;148
281;149
281;150
281;151
281;152
281;153
281;154
281;155
281;156
281;157
281;158
281;159
281;160
281;161
281;162
281;163
281;164
281;165
281;166
281;167
281;168
281;169
281;170
281;171
281;172
281;173
281;174
281;175
281;176
281;177
281;178
281;179
281;180
281;181
281;182
281;183
281;184
281;185
281;186
281;187
281;188
281;189
281;249
281;250
281;251
281;252
281;253
281;254
281;255
281;256
281;257
281;258
281;259
281;260
281;261
281;262
281;263
281;264
281;265
281;266
281;267
281;268
281;269
281;270
281;271
281;272
281;273
281;274
281;275
281;276
281;277
281;278
281;279
281;280
281;281
281;399
281;400
281;401
281;402
281;403
281;404
281;405
281;406
281;407
281;408
281;409
281;410
281;411
281;412
281;413
281;414
281;415
281;416
281;417
281;418
281;419
281;420
281;421
281;422
281;423
281;424
281;425
281;426
281;427
281;428
281;429
281;430
281;431
281;432
281;433
281;434
281;435
281;436
281;437
281;438
281;439
281;440
281;441
281;442
281;443
281;444
281;445
281;446
281;447
281;448
281;449
282;123
282;124
282;125
282;126
282;127
282;128
282;129
282;130
282;131
282;132
282;133
282;134
282;135
282;136
282;137
282;138
282;139
282;140
282;141
282;142
282;143
282;144
282;145
282;146
282;147
282;148
282;149
282;150
282;151
282;152
282;153
282;154
282;155
282;156
282;157
282;158
282;159
282;160
282;161
282;162
282;163
282;164
282;165
282;166
282;167
282;168
282;169
282;170
282;171
282;172
282;173
282;174
282;175
282;176
282;177
282;178
282;179
282;180
282;181
282;182
282;183
282;184
282;185
282;186
282;187
282;188
282;189
282;190
282;248
282;249
282;250
282;251
282;252
282;253
282;254
282;255
282;256
282;257
282;258
282;259
282;260
282;261
282;262
282;263
282;264
282;265
282;266
282;267
282;268
282;269
282;270
282;271
282;272
282;273
282;274
282;275
282;276
282;277
282;278
282;279
282;280
282;281
282;400
282;401
282;402
282;403
282;404
282;405
282;406
282;407
282;408
282;409
282;410
282;411
282;412
282;413
282;414
282;415
282;416
282;417
282;418
282;419
282;420
282;421
282;422
282;423
282;424
282;425
282;426
282;427
282;428
282;429
282;430
282;431
282;432
282;433
282;434
282;435
282;436
282;437
282;438
282;439
282;440
282;441
282;442
282;443
282;444
282;445
282;446
282;447
282;448
283;122
283;123
283;124
283;125
283;126
283;127
283;128
283;129
283;130
283;131
283;132
283;133
283;134
283;135
283;136
283;137
283;138
283;139
283;140
283;141
283;142
283;143
283;144
283;145
283;146
283;147
283;148
283;149
283;150
283;151
283;152
283;153
283;154
283;155
283;156
283;157
283;158
283;159
283;160
283;161
283;162
283;163
283;164
283;165
283;166
283;167
283;168
283;169
283;170
283;171
283;172
283;173
283;174
283;175
283;176
283;177
283;178
283;179
283;180
283;181
283;182
283;183
283;184
283;185
283;186
283;187
283;188
283;189
283;190
283;191
283;246
283;247
283;248
283;249
283;250
283;251
283;252
283;253
283;254
283;255
283;256
283;257
283;258
283;259
283;260
283;261
283;262
283;263
283;264
283;265
283;266
283;267
283;268
283;269
283;270
283;271
283;272
283;273
283;274
283;275
283;276
283;277
283;278
283;279
283;280
283;281
283;402
283;403
283;404
283;405
283;406
283;407
283;408
283;409
283;410
283;411
283;412
283;413
283;414
283;415
283;416
283;417
283;418
283;419
283;420
283;421
283;422
283;423
283;424
283;425
283;426
283;427
283;428
283;429
283;430
283;431
283;432
283;433
283;434
283;435
283;436
283;437
283;438
283;439
283;440
283;441
283;442
283;443
283;444
283;445
283;446
284;121
284;122
284;123
284;124
284;125
284;126
284;127
284;128
284;129
284;130
284;131
284;132
284;133
284;134
284;135
284;136
284;137
284;138
284;139
284;140
284;141
284;142
284;143
284;144
284;145
284;146
284;147
284;148
284;149
284;150
284;151
284;152
284;153
284;154
284;155
284;156
284;157
284;158
284;159
284;160
284;161
284;162
284;163
284;164
284;165
284;166
284;167
284;168
284;169
284;170
284;171
284;172
284;173
284;174
284;175
284;176
284;177
284;178
284;179
284;180
284;181
284;182
284;183
284;184
284;185
284;186
284;187
284;188
284;189
284;190
284;191
284;192
284;245
284;246
284;247
284;248
284;249
284;250
284;251
284;252
284;253
284;254
284;255
284;256
284;257
284;258
284;259
284;260
284;261
284;262
284;263
284;264
284;265
284;266
284;267
284;268
284;269
284;270
284;271
284;272
284;273
284;274
284;275
284;276
284;277
284;278
284;279
284;280
284;281
284;282
284;404
284;405
284;406
284;407
284;408
284;409
284;410
284;411
284;412
284;413
284;414
284;415
284;416
284;417
284;418
284;419
284;420
284;421
284;422
284;423
284;424
284;425
284;426
284;427
284;428
284;429
284;430
284;431
284;432
284;433
284;434
284;435
284;436
284;437
284;438
284;439
284;440
284;441
284;442
284;443
284;444
285;121
285;122
285;123
285;124
285;125
285;126
285;127
285;128
285;129
285;130
285;131
285;132
285;133
285;134
285;135
285;136
285;137
285;138
285;139
285;140
285;141
285;142
285;143
285;144
285;145
285;146
285;147
285;148
285;149
285;150
285;151
285;152
285;153
285;154
285;155
285;156
285;157
285;158
285;159
285;160
285;161
285;162
285;163
285;164
285;165
285;166
285;167
285;168
285;169
285;170
285;171
285;172
285;173
285;174
285;175
285;176
285;177
285;178
285;179
285;180
285;181
285;182
285;183
285;184
285;185
285;186
285;187
285;188
285;189
285;190
285;191
285;192
285;193
285;244
285;245
285;246
285;247
285;248
285;249
285;250
285;251
285;252
285;253
285;254
285;255
285;256
285;257
285;258
285;259
285;260
285;261
285;262
285;263
285;264
285;265
285;266
285;267
285;268
285;269
285;270
285;271
285;272
285;273
285;274
285;275
285;276
285;277
285;278
285;279
285;280
285;281
285;282
285;405
285;406
285;407
285;408
285;409
285;410
285;411
285;412
285;413
285;414
285;415
285;416
285;417
285;418
285;419
285;420
285;421
285;422
285;423
285;424
285;425
285;426
285;427
285;428
285;429
285;430
285;431
285;432
285;433
285;434
285;435
285;436
285;437
285;438
285;439
285;440
285;441
285;442
285;443
286;120
286;121
286;122
286;123
286;124
286;125
286;126
286;127
286;128
286;129
286;130
286;131
286;132
286;133
286;134
286;135
286;136
286;137
286;138
286;139
286;140
286;141
286;142
286;143
286;144
286;145
286;146
286;147
286;148
286;149
286;150
286;151
286;152
286;153
286;154
286;155
286;156
286;157
286;158
286;159
286;160
286;161
286;162
286;163
286;164
286;165
286;166
286;167
286;168
286;169
286;170
286;171
286;172
286;173
286;174
286;175
286;176
286;177
286;178
286;179
286;180
286;181
286;182
286;183
286;184
286;185
286;186
286;187
286;188
286;189
286;190
286;191
286;192
286;193
286;194
286;242
286;243
286;244
286;245
286;246
286;247
286;248
286;249
286;250
286;251
286;252
286;253
286;254
286;255
286;256
286;257
286;258
286;259
286;260
286;261
286;262
286;263
286;264
286;265
286;266
286;267
286;268
286;269
286;270
286;271
286;272
286;273
286;274
286;275
286;276
286;277
286;278
286;279
286;280
286;281
286;282
286;408
286;409
286;410
286;411
286;412
286;413
286;414
286;415
286;416
286;417
286;418
286;419
286;420
286;421
286;422
286;423
286;424
286;425
286;426
286;427
286;428
286;429
286;430
286;431
286;432
286;433
286;434
286;435
286;436
286;437
286;438
286;439
286;440
287;119
287;120
287;121
287;122
287;123
287;124
287;125
287;126
287;127
287;128
287;129
287;130
287;131
287;132
287;133
287;134
287;135
287;136
287;137
287;138
287;139
287;140
287;141
287;142
287;143
287;144
287;145
287;146
287;147
287;148
287;149
287;150
287;151
287;152
287;153
287;154
287;155
287;156
287;157
287;158
287;159
287;160
287;161
287;162
287;163
287;164
287;165
287;166
287;167
287;168
287;169
287;170
287;171
287;172
287;173
287;174
287;175
287;176
287;177
287;178
287;179
287;180
287;181
287;182
287;183
287;184
287;185
287;186
287;187
287;188
287;189
287;190
287;191
287;192
287;193
287;194
287;195
287;241
287;242
287;243
287;244
287;245
287;246
287;247
287;248
287;249
287;250
287;251
287;252
287;253
287;254
287;255
287;256
287;257
287;258
287;259
287;260
287;261
287;262
287;263
287;264
287;265
287;266
287;267
287;268
287;269
287;270
287;271
287;272
287;273
287;274
287;275
287;276
287;277
287;278
287;279
287;280
287;281
287;282
287;410
287;411
287;412
287;413
287;414
287;415
287;416
287;417
287;418
287;419
287;420
287;421
287;422
287;423
287;424
287;425
287;426
287;427
287;428
287;429
287;430
287;431
287;432
287;433
287;434
287;435
287;436
287;437
287;438
288;118
288;119
288;120
288;121
288;122
288;123
288;124
288;125
288;126
288;127
288;128
288;129
288;130
288;131
288;132
288;133
288;134
288;135
288;136
288;137
288;138
288;139
288;140
288;141
288;142
288;143
288;144
288;145
288;146
288;147
288;148
288;149
288;150
288;151
288;152
288;153
288;154
288;155
288;156
288;157
288;158
288;159
288;160
288;161
288;162
288;163
288;164
288;165
288;166
288;167
288;168
288;169
288;170
288;171
288;172
288;173
288;174
288;175
288;176
288;177
288;178
288;179
288;180
288;181
288;182
288;183
288;184
288;185
288;186
288;187
288;188
288;189
288;190
288;191
288;192
288;193
288;194
288;195
288;240
288;241
288;242
288;243
288;244
288;245
288;246
288;247
288;248
288;249
288;250
288;251
288;252
288;253
288;254
288;255
288;256
288;257
288;258
288;259
288;260
288;261
288;262
288;263
288;264
288;265
288;266
288;267
288;268
288;269
288;270
288;271
288;272
288;273
288;274
288;275
288;276
288;277
288;278
288;279
288;280
288;281
288;282
288;413
288;414
288;415
288;416
288;417
288;418
288;419
288;420
288;421
288;422
288;423
288;424
288;425
288;426
288;427
288;428
288;429
288;430
288;431
288;432
288;433
288;434
288;435
289;118
289;119
289;120
289;121
289;122
289;123
289;124
289;125
289;126
289;127
289;128
289;129
289;130
289;131
289;132
289;133
289;134
289;135
289;136
289;137
289;138
289;139
289;140
289;141
289;142
289;143
289;144
289;145
289;146
289;147
289;148
289;149
289;150
289;151
289;152
289;153
289;154
289;155
289;156
289;157
289;158
289;159
289;160
289;161
289;162
289;163
289;164
289;165
289;166
289;167
289;168
289;169
289;170
289;171
289;172
289;173
289;174
289;175
289;176
289;177
289;178
289;179
289;180
289;181
289;182
289;183
289;184
289;185
289;186
289;187
289;188
289;189
289;190
289;191
289;192
289;193
289;194
289;195
289;196
289;238
289;239
289;240
289;241
289;242
289;243
289;244
289;245
289;246
289;247
289;248
289;249
289;250
289;251
289;252
289;253
289;254
289;255
289;256
289;257
289;258
289;259
289;260
289;261
289;262
289;263
289;264
289;265
289;266
289;267
289;268
289;269
289;270
289;271
289;272
289;273
289;274
289;275
289;276
289;277
289;278
289;279
289;280
289;281
289;282
289;418
289;419
289;420
289;421
289;422
289;423
289;424
289;425
289;426
289;427
289;428
289;429
289;430
290;117
290;118
290;119
290;120
290;121
290;122
290;123
290;124
290;125
290;126
290;127
290;128
290;129
290;130
290;131
290;132
290;133
290;134
290;135
290;136
290;137
290;138
290;139
290;140
290;141
290;142
290;143
290;144
290;145
290;146
290;147
290;148
290;149
290;150
290;151
290;152
290;153
290;154
290;155
290;156
290;157
290;158
290;159
290;160
290;161
290;162
290;163
290;164
290;165
290;166
290;167
290;168
290;169
290;170
290;171
290;172
290;173
290;174
290;175
290;176
290;177
290;178
290;179
290;180
290;181
290;182
290;183
290;184
290;185
290;186
290;187
290;188
290;189
290;190
290;191
290;192
290;193
290;194
290;195
290;196
290;197
290;237
290;238
290;239
290;240
290;241
290;242
290;243
290;244
290;245
290;246
290;247
290;248
290;249
290;250
290;251
290;252
290;253
290;254
290;255
290;256
290;257
290;258
290;259
290;260
290;261
290;262
290;263
290;264
290;265
290;266
290;267
290;268
290;269
290;270
290;271
290;272
290;273
290;274
290;275
290;276
290;277
290;278
290;279
290;280
290;281
290;282
291;116
291;117
291;118
291;119
291;120
291;121
291;122
291;123
291;124
291;125
291;126
291;127
291;128
291;129
291;130
291;131
291;132
291;133
291;134
291;135
291;136
291;137
291;138
291;139
291;140
291;141
291;142
291;143
291;144
291;145
291;146
291;147
291;148
291;149
291;150
291;151
291;152
291;153
291;154
291;155
291;156
291;157
291;158
291;159
291;160
291;161
291;162
291;163
291;164
291;165
291;166
291;167
291;168
291;169
291;170
291;171
291;172
291;173
291;174
291;175
291;176
291;177
291;178
291;179
291;180
291;181
291;182
291;183
291;184
291;185
291;186
291;187
291;188
291;189
291;190
291;191
291;192
291;193
291;194
291;195
291;196
291;197
291;236
291;237
291;238
291;239
291;240
291;241
291;242
291;243
291;244
291;245
291;246
291;247
291;248
291;249
291;250
291;251
291;252
291;253
291;254
291;255
291;256
291;257
291;258
291;259
291;260
291;261
291;262
291;263
291;264
291;265
291;266
291;267
291;268
291;269
291;270
291;271
291;272
291;273
291;274
291;275
291;276
291;277
291;278
291;279
291;280
291;281
291;282
291;283
292;116
292;117
292;118
292;119
292;120
292;121
292;122
292;123
292;124
292;125
292;126
292;127
292;128
292;129
292;130
292;131
292;132
292;133
292;134
292;135
292;136
292;137
292;138
292;139
292;140
292;141
292;142
292;143
292;144
292;145
292;146
292;147
292;148
292;149
292;150
292;151
292;152
292;153
292;154
292;155
292;156
292;157
292;158
292;159
292;160
292;161
292;162
292;163
292;164
292;165
292;166
292;167
292;168
292;169
292;170
292;171
292;172
292;173
292;174
292;175
292;176
292;177
292;178
292;179
292;180
292;181
292;182
292;183
292;184
292;185
292;186
292;187
292;188
292;189
292;190
292;191
292;192
292;193
292;194
292;195
292;196
292;197
292;198
292;235
292;236
292;237
292;238
292;239
292;240
292;241
292;242
292;243
292;244
292;245
292;246
292;247
292;248
292;249
292;250
292;251
292;252
292;253
292;254
292;255
292;256
292;257
292;258
292;259
292;260
292;261
292;262
292;263
292;264
292;265
292;266
292;267
292;268
292;269
292;270
292;271
292;272
292;273
292;274
292;275
292;276
292;277
292;278
292;279
292;280
292;281
292;282
292;283
293;115
293;116
293;117
293;118
293;119
293;120
293;121
293;122
293;123
293;124
293;125
293;126
293;127
293;128
293;129
293;130
293;131
293;132
293;133
293;134
293;135
293;136
293;137
293;138
293;139
293;140
293;141
293;142
293;143
293;144
293;145
293;146
293;147
293;148
293;149
293;150
293;151
293;152
293;153
293;154
293;155
293;156
293;157
293;158
293;159
293;160
293;161
293;162
293;163
293;164
293;165
293;166
293;167
293;168
293;169
293;170
293;171
293;172
293;173
293;174
293;175
293;176
293;177
293;178
293;179
293;180
293;181
293;182
293;183
293;184
293;185
293;186
293;187
293;188
293;189
293;190
293;191
293;192
293;193
293;194
293;195
293;196
293;197
293;198
293;233
293;234
293;235
293;236
293;237
293;238
293;239
293;240
293;241
293;242
293;243
293;244
293;245
293;246
293;247
293;248
293;249
293;250
293;251
293;252
293;253
293;254
293;255
293;256
293;257
293;258
293;259
293;260
293;261
293;262
293;263
293;264
293;265
293;266
293;267
293;268
293;269
293;270
293;271
293;272
293;273
293;274
293;275
293;276
293;277
293;278
293;279
293;280
293;281
293;282
293;283
294;115
294;116
294;117
294;118
294;119
294;120
294;121
294;122
294;123
294;124
294;125
294;126
294;127
294;128
294;129
294;130
294;131
294;132
294;133
294;134
294;135
294;136
294;137
294;138
294;139
294;140
294;141
294;142
294;143
294;144
294;145
294;146
294;147
294;148
294;149
294;150
294;151
294;152
294;153
294;154
294;155
294;156
294;157
294;158
294;159
294;160
294;161
294;162
294;163
294;164
294;165
294;166
294;167
294;168
294;169
294;170
294;171
294;172
294;173
294;174
294;175
294;176
294;177
294;178
294;179
294;180
294;181
294;182
294;183
294;184
294;185
294;186
294;187
294;188
294;189
294;190
294;191
294;192
294;193
294;194
294;195
294;196
294;197
294;198
294;199
294;232
294;233
294;234
294;235
294;236
294;237
294;238
294;239
294;240
294;241
294;242
294;243
294;244
294;245
294;246
294;247
294;248
294;249
294;250
294;251
294;252
294;253
294;254
294;255
294;256
294;257
294;258
294;259
294;260
294;261
294;262
294;263
294;264
294;265
294;266
294;267
294;268
294;269
294;270
294;271
294;272
294;273
294;274
294;275
294;276
294;277
294;278
294;279
294;280
294;281
294;282
294;283
295;114
295;115
295;116
295;117
295;118
295;119
295;120
295;121
295;122
295;123
295;124
295;125
295;126
295;127
295;128
295;129
295;130
295;131
295;132
295;133
295;134
295;135
295;136
295;137
295;138
295;139
295;140
295;141
295;142
295;143
295;144
295;145
295;146
295;147
295;148
295;149
295;150
295;151
295;152
295;153
295;154
295;155
295;156
295;157
295;158
295;159
295;160
295;161
295;162
295;163
295;164
295;165
295;166
295;167
295;168
295;169
295;170
295;171
295;172
295;173
295;174
295;175
295;176
295;177
295;178
295;179
295;180
295;181
295;182
295;183
295;184
295;185
295;186
295;187
295;188
295;189
295;190
295;191
295;192
295;193
295;194
295;195
295;196
295;197
295;198
295;199
295;231
295;232
295;233
295;234
295;235
295;236
295;237
295;238
295;239
295;240
295;241
295;242
295;243
295;244
295;245
295;246
295;247
295;248
295;249
295;250
295;251
295;252
295;253
295;254
295;255
295;256
295;257
295;258
295;259
295;260
295;261
295;262
295;263
295;264
295;265
295;266
295;267
295;268
295;269
295;270
295;271
295;272
295;273
295;274
295;275
295;276
295;277
295;278
295;279
295;280
295;281
295;282
295;283
296;114
296;115
296;116
296;117
296;118
296;119
296;120
296;121
296;122
296;123
296;124
296;125
296;126
296;127
296;128
296;129
296;130
296;131
296;132
296;133
296;134
296;135
296;136
296;137
296;138
296;139
296;140
296;141
296;142
296;143
296;144
296;145
296;146
296;147
296;148
296;149
296;150
296;151
296;152
296;153
296;154
296;155
296;156
296;157
296;158
296;159
296;160
296;161
296;162
296;163
296;164
296;165
296;166
296;167
296;168
296;169
296;170
296;171
296;172
296;173
296;174
296;175
296;176
296;177
296;178
296;179
296;180
296;181
296;182
296;183
296;184
296;185
296;186
296;187
296;188
296;189
296;190
296;191
296;192
296;193
296;194
296;195
296;196
296;197
296;198
296;199
296;200
296;229
296;230
296;231
296;232
296;233
296;234
296;235
296;236
296;237
296;238
296;239
296;240
296;241
296;242
296;243
296;244
296;245
296;246
296;247
296;248
296;249
296;250
296;251
296;252
296;253
296;254
296;255
296;256
296;257
296;258
296;259
296;260
296;261
296;262
296;263
296;264
296;265
296;266
296;267
296;268
296;269
296;270
296;271
296;272
296;273
296;274
296;275
296;276
296;277
296;278
296;279
296;280
296;281
296;282
296;283
297;113
297;114
297;115
297;116
297;117
297;118
297;119
297;120
297;121
297;122
297;123
297;124
297;125
297;126
297;127
297;128
297;129
297;130
297;131
297;132
297;133
297;134
297;135
297;136
297;137
297;138
297;139
297;140
297;141
297;142
297;143
297;144
297;145
297;146
297;147
297;148
297;149
297;150
297;151
297;152
297;153
297;154
297;155
297;156
297;157
297;158
297;159
297;160
297;161
297;162
297;163
297;164
297;165
297;166
297;167
297;168
297;169
297;170
297;171
297;172
297;173
297;174
297;175
297;176
297;177
297;178
297;179
297;180
297;181
297;182
297;183
297;184
297;185
297;186
297;187
297;188
297;189
297;190
297;191
297;192
297;193
297;194
297;195
297;196
297;197
297;198
297;199
297;200
297;228
297;229
297;230
297;231
297;232
297;233
297;234
297;235
297;236
297;237
297;238
297;239
297;240
297;241
297;242
297;243
297;244
297;245
297;246
297;247
297;248
297;249
297;250
297;251
297;252
297;253
297;254
297;255
297;256
297;257
297;258
297;259
297;260
297;261
297;262
297;263
297;264
297;265
297;266
297;267
297;268
297;269
297;270
297;271
297;272
297;273
297;274
297;275
297;276
297;277
297;278
297;279
297;280
297;281
297;282
297;283
298;113
298;114
298;115
298;116
298;117
298;118
298;119
298;120
298;121
298;122
298;123
298;124
298;125
298;126
298;127
298;128
298;129
298;130
298;131
298;132
298;133
298;134
298;135
298;136
298;137
298;138
298;139
298;140
298;141
298;142
298;143
298;144
298;145
298;146
298;147
298;148
298;149
298;150
298;151
298;152
298;153
298;154
298;155
298;156
298;157
298;158
298;159
298;160
298;161
298;162
298;163
298;164
298;165
298;166
298;167
298;168
298;169
298;170
298;171
298;172
298;173
298;174
298;175
298;176
298;177
298;178
298;179
298;180
298;181
298;182
298;183
298;184
298;185
298;186
298;187
298;188
298;189
298;190
298;191
298;192
298;193
298;194
298;195
298;196
298;197
298;198
298;199
298;200
298;201
298;227
298;228
298;229
298;230
298;231
298;232
298;233
298;234
298;235
298;236
298;237
298;238
298;239
298;240
298;241
298;242
298;243
298;244
298;245
298;246
298;247
298;248
298;249
298;250
298;251
298;252
298;253
298;254
298;255
298;256
298;257
298;258
298;259
298;260
298;261
298;262
298;263
298;264
298;265
298;266
298;267
298;268
298;269
298;270
298;271
298;272
298;273
298;274
298;275
298;276
298;277
298;278
298;279
298;280
298;281
298;282
298;283
299;113
299;114
299;115
299;116
299;117
299;118
299;119
299;120
299;121
299;122
299;123
299;124
299;125
299;126
299;127
299;128
299;129
299;130
299;131
299;132
299;133
299;134
299;135
299;136
299;137
299;138
299;139
299;140
299;141
299;142
299;143
299;144
299;145
299;146
299;147
299;148
299;149
299;150
299;151
299;152
299;153
299;154
299;155
299;156
299;157
299;158
299;159
299;160
299;161
299;162
299;163
299;164
299;165
299;166
299;167
299;168
299;169
299;170
299;171
299;172
299;173
299;174
299;175
299;176
299;177
299;178
299;179
299;180
299;181
299;182
299;183
299;184
299;185
299;186
299;187
299;188
299;189
299;190
299;191
299;192
299;193
299;194
299;195
299;196
299;197
299;198
299;199
299;200
299;201
299;225
299;226
299;227
299;228
299;229
299;230
299;231
299;232
299;233
299;234
299;235
299;236
299;237
299;238
299;239
299;240
299;241
299;242
299;243
299;244
299;245
299;246
299;247
299;248
299;249
299;250
299;251
299;252
299;253
299;254
299;255
299;256
299;257
299;258
299;259
299;260
299;261
299;262
299;263
299;264
299;265
299;266
299;267
299;268
299;269
299;270
299;271
299;272
299;273
299;274
299;275
299;276
299;277
299;278
299;279
299;280
299;281
299;282
299;283
299;284
299;341
300;112
300;113
300;114
300;115
300;116
300;117
300;118
300;119
300;120
300;121
300;122
300;123
300;124
300;125
300;126
300;127
300;128
300;129
300;130
300;131
300;132
300;133
300;134
300;135
300;136
300;137
300;138
300;139
300;140
300;141
300;142
300;143
300;144
300;145
300;146
300;147
300;148
300;149
300;150
300;151
300;152
300;153
300;154
300;155
300;156
300;157
300;158
300;159
300;160
300;161
300;162
300;163
300;164
300;165
300;166
300;167
300;168
300;169
300;170
300;171
300;172
300;173
300;174
300;175
300;176
300;177
300;178
300;179
300;180
300;181
300;182
300;183
300;184
300;185
300;186
300;187
300;188
300;189
300;190
300;191
300;192
300;193
300;194
300;195
300;196
300;197
300;198
300;199
300;200
300;201
300;224
300;225
300;226
300;227
300;228
300;229
300;230
300;231
300;232
300;233
300;234
300;235
300;236
300;237
300;238
300;239
300;240
300;241
300;242
300;243
300;244
300;245
300;246
300;247
300;248
300;249
300;250
300;251
300;252
300;253
300;254
300;255
300;256
300;257
300;258
300;259
300;260
300;261
300;262
300;263
300;264
300;265
300;266
300;267
300;268
300;269
300;270
300;271
300;272
300;273
300;274
300;275
300;276
300;277
300;278
300;279
300;280
300;281
300;282
300;283
300;284
300;340
300;341
301;112
301;113
301;114
301;115
301;116
301;117
301;118
301;119
301;120
301;121
301;122
301;123
301;124
301;125
301;126
301;127
301;128
301;129
301;130
301;131
301;132
301;133
301;134
301;135
301;136
301;137
301;138
301;139
301;140
301;141
301;142
301;143
301;144
301;145
301;146
301;147
301;148
301;149
301;150
301;151
301;152
301;153
301;154
301;155
301;156
301;157
301;158
301;159
301;160
301;161
301;162
301;163
301;164
301;165
301;166
301;167
301;168
301;169
301;170
301;171
301;172
301;173
301;174
301;175
301;176
301;177
301;178
301;179
301;180
301;181
301;182
301;183
301;184
301;185
301;186
301;187
301;188
301;189
301;190
301;191
301;192
301;193
301;194
301;195
301;196
301;197
301;198
301;199
301;200
301;201
301;202
301;223
301;224
301;225
301;226
301;227
301;228
301;229
301;230
301;231
301;232
301;233
301;234
301;235
301;236
301;237
301;238
301;239
301;240
301;241
301;242
301;243
301;244
301;245
301;246
301;247
301;248
301;249
301;250
301;251
301;252
301;253
301;254
301;255
301;256
301;257
301;258
301;259
301;260
301;261
301;262
301;263
301;264
301;265
301;266
301;267
301;268
301;269
301;270
301;271
301;272
301;273
301;274
301;275
301;276
301;277
301;278
301;279
301;280
301;281
301;282
301;283
301;284
301;339
301;340
301;341
302;112
302;113
302;114
302;115
302;116
302;117
302;118
302;119
302;120
302;121
302;122
302;123
302;124
302;125
302;126
302;127
302;128
302;129
302;130
302;131
302;132
302;133
302;134
302;135
302;136
302;137
302;138
302;139
302;140
302;141
302;142
302;143
302;144
302;145
302;146
302;147
302;148
302;149
302;150
302;151
302;152
302;153
302;154
302;155
302;156
302;157
302;158
302;159
302;160
302;161
302;162
302;163
302;164
302;165
302;166
302;167
302;168
302;169
302;170
302;171
302;172
302;173
302;174
302;175
302;176
302;177
302;178
302;179
302;180
302;181
302;182
302;183
302;184
302;185
302;186
302;187
302;188
302;189
302;190
302;191
302;192
302;193
302;194
302;195
302;196
302;197
302;198
302;199
302;200
302;201
302;202
302;221
302;222
302;223
302;224
302;225
302;226
302;227
302;228
302;229
302;230
302;231
302;232
302;233
302;234
302;235
302;236
302;237
302;238
302;239
302;240
302;241
302;242
302;243
302;244
302;245
302;246
302;247
302;248
302;249
302;250
302;251
302;252
302;253
302;254
302;255
302;256
302;257
302;258
302;259
302;260
302;261
302;262
302;263
302;264
302;265
302;266
302;267
302;268
302;269
302;270
302;271
302;272
302;273
302;274
302;275
302;276
302;277
302;278
302;279
302;280
302;281
302;282
302;283
302;284
302;338
302;339
302;340
302;341
302;342
303;111
303;112
303;113
303;114
303;115
303;116
303;117
303;118
303;119
303;120
303;121
303;122
303;123
303;124
303;125
303;126
303;127
303;128
303;129
303;130
303;131
303;132
303;133
303;134
303;135
303;136
303;137
303;138
303;139
303;140
303;141
303;142
303;143
303;144
303;145
303;146
303;147
303;148
303;149
303;150
303;151
303;152
303;153
303;154
303;155
303;156
303;157
303;158
303;159
303;160
303;161
303;162
303;163
303;164
303;165
303;166
303;167
303;168
303;169
303;170
303;171
303;172
303;173
303;174
303;175
303;176
303;177
303;178
303;179
303;180
303;181
303;182
303;183
303;184
303;185
303;186
303;187
303;188
303;189
303;190
303;191
303;192
303;193
303;194
303;195
303;196
303;197
303;198
303;199
303;200
303;201
303;202
303;220
303;221
303;222
303;223
303;224
303;225
303;226
303;227
303;228
303;229
303;230
303;231
303;232
303;233
303;234
303;235
303;236
303;237
303;238
303;239
303;240
303;241
303;242
303;243
303;244
303;245
303;246
303;247
303;248
303;249
303;250
303;251
303;252
303;253
303;254
303;255
303;256
303;257
303;258
303;259
303;260
303;261
303;262
303;263
303;264
303;265
303;266
303;267
303;268
303;269
303;270
303;271
303;272
303;273
303;274
303;275
303;276
303;277
303;278
303;279
303;280
303;281
303;282
303;283
303;284
303;337
303;338
303;339
303;340
303;341
303;342
304;111
304;112
304;113
304;114
304;115
304;116
304;117
304;118
304;119
304;120
304;121
304;122
304;123
304;124
304;125
304;126
304;127
304;128
304;129
304;130
304;131
304;132
304;133
304;134
304;135
304;136
304;137
304;138
304;139
304;140
304;141
304;142
304;143
304;144
304;145
304;146
304;147
304;148
304;149
304;150
304;151
304;152
304;153
304;154
304;155
304;156
304;157
304;158
304;159
304;160
304;161
304;162
304;163
304;164
304;165
304;166
304;167
304;168
304;169
304;170
304;171
304;172
304;173
304;174
304;175
304;176
304;177
304;178
304;179
304;180
304;181
304;182
304;183
304;184
304;185
304;186
304;187
304;188
304;189
304;190
304;191
304;192
304;193
304;194
304;195
304;196
304;197
304;198
304;199
304;200
304;201
304;202
304;219
304;220
304;221
304;222
304;223
304;224
304;225
304;226
304;227
304;228
304;229
304;230
304;231
304;232
304;233
304;234
304;235
304;236
304;237
304;238
304;239
304;240
304;241
304;242
304;243
304;244
304;245
304;246
304;247
304;248
304;249
304;250
304;251
304;252
304;253
304;254
304;255
304;256
304;257
304;258
304;259
304;260
304;261
304;262
304;263
304;264
304;265
304;266
304;267
304;268
304;269
304;270
304;271
304;272
304;273
304;274
304;275
304;276
304;277
304;278
304;279
304;280
304;281
304;282
304;283
304;284
304;336
304;337
304;338
304;339
304;340
304;341
304;342
305;111
305;112
305;113
305;114
305;115
305;116
305;117
305;118
305;119
305;120
305;121
305;122
305;123
305;124
305;125
305;126
305;127
305;128
305;129
305;130
305;131
305;132
305;133
305;134
305;135
305;136
305;137
305;138
305;139
305;140
305;141
305;142
305;143
305;144
305;145
305;146
305;147
305;148
305;149
305;150
305;151
305;152
305;153
305;154
305;155
305;156
305;157
305;158
305;159
305;160
305;161
305;162
305;163
305;164
305;165
305;166
305;167
305;168
305;169
305;170
305;171
305;172
305;173
305;174
305;175
305;176
305;177
305;178
305;179
305;180
305;181
305;182
305;183
305;184
305;185
305;186
305;187
305;188
305;189
305;190
305;191
305;192
305;193
305;194
305;195
305;196
305;197
305;198
305;199
305;200
305;201
305;202
305;203
305;217
305;218
305;219
305;220
305;221
305;222
305;223
305;224
305;225
305;226
305;227
305;228
305;229
305;230
305;231
305;232
305;233
305;234
305;235
305;236
305;237
305;238
305;239
305;240
305;241
305;242
305;243
305;244
305;245
305;246
305;247
305;248
305;249
305;250
305;251
305;252
305;253
305;254
305;255
305;256
305;257
305;258
305;259
305;260
305;261
305;262
305;263
305;264
305;265
305;266
305;267
305;268
305;269
305;270
305;271
305;272
305;273
305;274
305;275
305;276
305;277
305;278
305;279
305;280
305;281
305;282
305;283
305;284
305;335
305;336
305;337
305;338
305;339
305;340
305;341
305;342
305;343
306;111
306;112
306;113
306;114
306;115
306;116
306;117
306;118
306;119
306;120
306;121
306;122
306;123
306;124
306;125
306;126
306;127
306;128
306;129
306;130
306;131
306;132
306;133
306;134
306;135
306;136
306;137
306;138
306;139
306;140
306;141
306;142
306;143
306;144
306;145
306;146
306;147
306;148
306;149
306;150
306;151
306;152
306;153
306;154
306;155
306;156
306;157
306;158
306;159
306;160
306;161
306;162
306;163
306;164
306;165
306;166
306;167
306;168
306;169
306;170
306;171
306;172
306;173
306;174
306;175
306;176
306;177
306;178
306;179
306;180
306;181
306;182
306;183
306;184
306;185
306;186
306;187
306;188
306;189
306;190
306;191
306;192
306;193
306;194
306;195
306;196
306;197
306;198
306;199
306;200
306;201
306;202
306;203
306;216
306;217
306;218
306;219
306;220
306;221
306;222
306;223
306;224
306;225
306;226
306;227
306;228
306;229
306;230
306;231
306;232
306;233
306;234
306;235
306;236
306;237
306;238
306;239
306;240
306;241
306;242
306;243
306;244
306;245
306;246
306;247
306;248
306;249
306;250
306;251
306;252
306;253
306;254
306;255
306;256
306;257
306;258
306;259
306;260
306;261
306;262
306;263
306;264
306;265
306;266
306;267
306;268
306;269
306;270
306;271
306;272
306;273
306;274
306;275
306;276
306;277
306;278
306;279
306;280
306;281
306;282
306;283
306;284
306;334
306;335
306;336
306;337
306;338
306;339
306;340
306;341
306;342
306;343
306;427
307;111
307;112
307;113
307;114
307;115
307;116
307;117
307;118
307;119
307;120
307;121
307;122
307;123
307;124
307;125
307;126
307;127
307;128
307;129
307;130
307;131
307;132
307;133
307;134
307;135
307;136
307;137
307;138
307;139
307;140
307;141
307;142
307;143
307;144
307;145
307;146
307;147
307;148
307;149
307;150
307;151
307;152
307;153
307;154
307;155
307;156
307;157
307;158
307;159
307;160
307;161
307;162
307;163
307;164
307;165
307;166
307;167
307;168
307;169
307;170
307;171
307;172
307;173
307;174
307;175
307;176
307;177
307;178
307;179
307;180
307;181
307;182
307;183
307;184
307;185
307;186
307;187
307;188
307;189
307;190
307;191
307;192
307;193
307;194
307;195
307;196
307;197
307;198
307;199
307;200
307;201
307;202
307;203
307;215
307;216
307;217
307;218
307;219
307;220
307;221
307;222
307;223
307;224
307;225
307;226
307;227
307;228
307;229
307;230
307;231
307;232
307;233
307;234
307;235
307;236
307;237
307;238
307;239
307;240
307;241
307;242
307;243
307;244
307;245
307;246
307;247
307;248
307;249
307;250
307;251
307;252
307;253
307;254
307;255
307;256
307;257
307;258
307;259
307;260
307;261
307;262
307;263
307;264
307;265
307;266
307;267
307;268
307;269
307;270
307;271
307;272
307;273
307;274
307;275
307;276
307;277
307;278
307;279
307;280
307;281
307;282
307;283
307;284
307;285
307;333
307;334
307;335
307;336
307;337
307;338
307;339
307;340
307;341
307;342
307;343
307;427
307;428
307;429
308;110
308;111
308;112
308;113
308;114
308;115
308;116
308;117
308;118
308;119
308;120
308;121
308;122
308;123
308;124
308;125
308;126
308;127
308;128
308;129
308;130
308;131
308;132
308;133
308;134
308;135
308;136
308;137
308;138
308;139
308;140
308;141
308;142
308;143
308;144
308;145
308;146
308;147
308;148
308;149
308;150
308;151
308;152
308;153
308;154
308;155
308;156
308;157
308;158
308;159
308;160
308;161
308;162
308;163
308;164
308;165
308;166
308;167
308;168
308;169
308;170
308;171
308;172
308;173
308;174
308;175
308;176
308;177
308;178
308;179
308;180
308;181
308;182
308;183
308;184
308;185
308;186
308;187
308;188
308;189
308;190
308;191
308;192
308;193
308;194
308;195
308;196
308;197
308;198
308;199
308;200
308;201
308;202
308;203
308;214
308;215
308;216
308;217
308;218
308;219
308;220
308;221
308;222
308;223
308;224
308;225
308;226
308;227
308;228
308;229
308;230
308;231
308;232
308;233
308;234
308;235
308;236
308;237
308;238
308;239
308;240
308;241
308;242
308;243
308;244
308;245
308;246
308;247
308;248
308;249
308;250
308;251
308;252
308;253
308;254
308;255
308;256
308;257
308;258
308;259
308;260
308;261
308;262
308;263
308;264
308;265
308;266
308;267
308;268
308;269
308;270
308;271
308;272
308;273
308;274
308;275
308;276
308;277
308;278
308;279
308;280
308;281
308;282
308;283
308;284
308;285
308;332
308;333
308;334
308;335
308;336
308;337
308;338
308;339
308;340
308;341
308;342
308;343
308;427
308;428
308;429
308;430
309;110
309;111
309;112
309;113
309;114
309;115
309;116
309;117
309;118
309;119
309;120
309;121
309;122
309;123
309;124
309;125
309;126
309;127
309;128
309;129
309;130
309;131
309;132
309;133
309;134
309;135
309;136
309;137
309;138
309;139
309;140
309;141
309;142
309;143
309;144
309;145
309;146
309;147
309;148
309;149
309;150
309;151
309;152
309;153
309;154
309;155
309;156
309;157
309;158
309;159
309;160
309;161
309;162
309;163
309;164
309;165
309;166
309;167
309;168
309;169
309;170
309;171
309;172
309;173
309;174
309;175
309;176
309;177
309;178
309;179
309;180
309;181
309;182
309;183
309;184
309;185
309;186
309;187
309;188
309;189
309;190
309;191
309;192
309;193
309;194
309;195
309;196
309;197
309;198
309;199
309;200
309;201
309;202
309;203
309;212
309;213
309;214
309;215
309;216
309;217
309;218
309;219
309;220
309;221
309;222
309;223
309;224
309;225
309;226
309;227
309;228
309;229
309;230
309;231
309;232
309;233
309;234
309;235
309;236
309;237
309;238
309;239
309;240
309;241
309;242
309;243
309;244
309;245
309;246
309;247
309;248
309;249
309;250
309;251
309;252
309;253
309;254
309;255
309;256
309;257
309;258
309;259
309;260
309;261
309;262
309;263
309;264
309;265
309;266
309;267
309;268
309;269
309;270
309;271
309;272
309;273
309;274
309;275
309;276
309;277
309;278
309;279
309;280
309;281
309;282
309;283
309;284
309;285
309;331
309;332
309;333
309;334
309;335
309;336
309;337
309;338
309;339
309;340
309;341
309;342
309;343
309;344
309;427
309;428
309;429
309;430
309;431
309;432
310;110
310;111
310;112
310;113
310;114
310;115
310;116
310;117
310;118
310;119
310;120
310;121
310;122
310;123
310;124
310;125
310;126
310;127
310;128
310;129
310;130
310;131
310;132
310;133
310;134
310;135
310;136
310;137
310;138
310;139
310;140
310;141
310;142
310;143
310;144
310;145
310;146
310;147
310;148
310;149
310;150
310;151
310;152
310;153
310;154
310;155
310;156
310;157
310;158
310;159
310;160
310;161
310;162
310;163
310;164
310;165
310;166
310;167
310;168
310;169
310;170
310;171
310;172
310;173
310;174
310;175
310;176
310;177
310;178
310;179
310;180
310;181
310;182
310;183
310;184
310;185
310;186
310;187
310;188
310;189
310;190
310;191
310;192
310;193
310;194
310;195
310;196
310;197
310;198
310;199
310;200
310;201
310;202
310;203
310;211
310;212
310;213
310;214
310;215
310;216
310;217
310;218
310;219
310;220
310;221
310;222
310;223
310;224
310;225
310;226
310;227
310;228
310;229
310;230
310;231
310;232
310;233
310;234
310;235
310;236
310;237
310;238
310;239
310;240
310;241
310;242
310;243
310;244
310;245
310;246
310;247
310;248
310;249
310;250
310;251
310;252
310;253
310;254
310;255
310;256
310;257
310;258
310;259
310;260
310;261
310;262
310;263
310;264
310;265
310;266
310;267
310;268
310;269
310;270
310;271
310;272
310;273
310;274
310;275
310;276
310;277
310;278
310;279
310;280
310;281
310;282
310;283
310;284
310;285
310;330
310;331
310;332
310;333
310;334
310;335
310;336
310;337
310;338
310;339
310;340
310;341
310;342
310;343
310;344
310;427
310;428
310;429
310;430
310;431
310;432
310;433
311;110
311;111
311;112
311;113
311;114
311;115
311;116
311;117
311;118
311;119
311;120
311;121
311;122
311;123
311;124
311;125
311;126
311;127
311;128
311;129
311;130
311;131
311;132
311;133
311;134
311;135
311;136
311;137
311;138
311;139
311;140
311;141
311;142
311;143
311;144
311;145
311;146
311;147
311;148
311;149
311;150
311;151
311;152
311;153
311;154
311;155
311;156
311;157
311;158
311;159
311;160
311;161
311;162
311;163
311;164
311;165
311;166
311;167
311;168
311;169
311;170
311;171
311;172
311;173
311;174
311;175
311;176
311;177
311;178
311;179
311;180
311;181
311;182
311;183
311;184
311;185
311;186
311;187
311;188
311;189
311;190
311;191
311;192
311;193
311;194
311;195
311;196
311;197
311;198
311;199
311;200
311;201
311;202
311;203
311;204
311;210
311;211
311;212
311;213
311;214
311;215
311;216
311;217
311;218
311;219
311;220
311;221
311;222
311;223
311;224
311;225
311;226
311;227
311;228
311;229
311;230
311;231
311;232
311;233
311;234
311;235
311;236
311;237
311;238
311;239
311;240
311;241
311;242
311;243
311;244
311;245
311;246
311;247
311;248
311;249
311;250
311;251
311;252
311;253
311;254
311;255
311;256
311;257
311;258
311;259
311;260
311;261
311;262
311;263
311;264
311;265
311;266
311;267
311;268
311;269
311;270
311;271
311;272
311;273
311;274
311;275
311;276
311;277
311;278
311;279
311;280
311;281
311;282
311;283
311;284
311;285
311;330
311;331
311;332
311;333
311;334
311;335
311;336
311;337
311;338
311;339
311;340
311;341
311;342
311;343
311;344
311;427
311;428
311;429
311;430
311;431
311;432
311;433
311;434
311;435
312;110
312;111
312;112
312;113
312;114
312;115
312;116
312;117
312;118
312;119
312;120
312;121
312;122
312;123
312;124
312;125
312;126
312;127
312;128
312;129
312;130
312;131
312;132
312;133
312;134
312;135
312;136
312;137
312;138
312;139
312;140
312;141
312;142
312;143
312;144
312;145
312;146
312;147
312;148
312;149
312;150
312;151
312;152
312;153
312;154
312;155
312;156
312;157
312;158
312;159
312;160
312;161
312;162
312;163
312;164
312;165
312;166
312;167
312;168
312;169
312;170
312;171
312;172
312;173
312;174
312;175
312;176
312;177
312;178
312;179
312;180
312;181
312;182
312;183
312;184
312;185
312;186
312;187
312;188
312;189
312;190
312;191
312;192
312;193
312;194
312;195
312;196
312;197
312;198
312;199
312;200
312;201
312;202
312;203
312;204
312;208
312;209
312;210
312;211
312;212
312;213
312;214
312;215
312;216
312;217
312;218
312;219
312;220
312;221
312;222
312;223
312;224
312;225
312;226
312;227
312;228
312;229
312;230
312;231
312;232
312;233
312;234
312;235
312;236
312;237
312;238
312;239
312;240
312;241
312;242
312;243
312;244
312;245
312;246
312;247
312;248
312;249
312;250
312;251
312;252
312;253
312;254
312;255
312;256
312;257
312;258
312;259
312;260
312;261
312;262
312;263
312;264
312;265
312;266
312;267
312;268
312;269
312;270
312;271
312;272
312;273
312;274
312;275
312;276
312;277
312;278
312;279
312;280
312;281
312;282
312;283
312;284
312;285
312;329
312;330
312;331
312;332
312;333
312;334
312;335
312;336
312;337
312;338
312;339
312;340
312;341
312;342
312;343
312;344
312;345
312;427
312;428
312;429
312;430
312;431
312;432
312;433
312;434
312;435
312;436
312;437
313;110
313;111
313;112
313;113
313;114
313;115
313;116
313;117
313;118
313;119
313;120
313;121
313;122
313;123
313;124
313;125
313;126
313;127
313;128
313;129
313;130
313;131
313;132
313;133
313;134
313;135
313;136
313;137
313;138
313;139
313;140
313;141
313;142
313;143
313;144
313;145
313;146
313;147
313;148
313;149
313;150
313;151
313;152
313;153
313;154
313;155
313;156
313;157
313;158
313;159
313;160
313;161
313;162
313;163
313;164
313;165
313;166
313;167
313;168
313;169
313;170
313;171
313;172
313;173
313;174
313;175
313;176
313;177
313;178
313;179
313;180
313;181
313;182
313;183
313;184
313;185
313;186
313;187
313;188
313;189
313;190
313;191
313;192
313;193
313;194
313;195
313;196
313;197
313;198
313;199
313;200
313;201
313;202
313;203
313;204
313;207
313;208
313;209
313;210
313;211
313;212
313;213
313;214
313;215
313;216
313;217
313;218
313;219
313;220
313;221
313;222
313;223
313;224
313;225
313;226
313;227
313;228
313;229
313;230
313;231
313;232
313;233
313;234
313;235
313;236
313;237
313;238
313;239
313;240
313;241
313;242
313;243
313;244
313;245
313;246
313;247
313;248
313;249
313;250
313;251
313;252
313;253
313;254
313;255
313;256
313;257
313;258
313;259
313;260
313;261
313;262
313;263
313;264
313;265
313;266
313;267
313;268
313;269
313;270
313;271
313;272
313;273
313;274
313;275
313;276
313;277
313;278
313;279
313;280
313;281
313;282
313;283
313;284
313;285
313;328
313;329
313;330
313;331
313;332
313;333
313;334
313;335
313;336
313;337
313;338
313;339
313;340
313;341
313;342
313;343
313;344
313;345
313;427
313;428
313;429
313;430
313;431
313;432
313;433
313;434
313;435
313;436
313;437
313;438
314;110
314;111
314;112
314;113
314;114
314;115
314;116
314;117
314;118
314;119
314;120
314;121
314;122
314;123
314;124
314;125
314;126
314;127
314;128
314;129
314;130
314;131
314;132
314;133
314;134
314;135
314;136
314;137
314;138
314;139
314;140
314;141
314;142
314;143
314;144
314;145
314;146
314;147
314;148
314;149
314;150
314;151
314;152
314;153
314;154
314;155
314;156
314;157
314;158
314;159
314;160
314;161
314;162
314;163
314;164
314;165
314;166
314;167
314;168
314;169
314;170
314;171
314;172
314;173
314;174
314;175
314;176
314;177
314;178
314;179
314;180
314;181
314;182
314;183
314;184
314;185
314;186
314;187
314;188
314;189
314;190
314;191
314;192
314;193
314;194
314;195
314;196
314;197
314;198
314;199
314;200
314;201
314;202
314;203
314;204
314;206
314;207
314;208
314;209
314;210
314;211
314;212
314;213
314;214
314;215
314;216
314;217
314;218
314;219
314;220
314;221
314;222
314;223
314;224
314;225
314;226
314;227
314;228
314;229
314;230
314;231
314;232
314;233
314;234
314;235
314;236
314;237
314;238
314;239
314;240
314;241
314;242
314;243
314;244
314;245
314;246
314;247
314;248
314;249
314;250
314;251
314;252
314;253
314;254
314;255
314;256
314;257
314;258
314;259
314;260
314;261
314;262
314;263
314;264
314;265
314;266
314;267
314;268
314;269
314;270
314;271
314;272
314;273
314;274
314;275
314;276
314;277
314;278
314;279
314;280
314;281
314;282
314;283
314;284
314;285
314;327
314;328
314;329
314;330
314;331
314;332
314;333
314;334
314;335
314;336
314;337
314;338
314;339
314;340
314;341
314;342
314;343
314;344
314;345
314;427
314;428
314;429
314;430
314;431
314;432
314;433
314;434
314;435
314;436
314;437
314;438
314;439
314;440
315;110
315;111
315;112
315;113
315;114
315;115
315;116
315;117
315;118
315;119
315;120
315;121
315;122
315;123
315;124
315;125
315;126
315;127
315;128
315;129
315;130
315;131
315;132
315;133
315;134
315;135
315;136
315;137
315;138
315;139
315;140
315;141
315;142
315;143
315;144
315;145
315;146
315;147
315;148
315;149
315;150
315;151
315;152
315;153
315;154
315;155
315;156
315;157
315;158
315;159
315;160
315;161
315;162
315;163
315;164
315;165
315;166
315;167
315;168
315;169
315;170
315;171
315;172
315;173
315;174
315;175
315;176
315;177
315;178
315;179
315;180
315;181
315;182
315;183
315;184
315;185
315;186
315;187
315;188
315;189
315;190
315;191
315;192
315;193
315;194
315;195
315;196
315;197
315;198
315;199
315;200
315;201
315;202
315;203
315;204
315;205
315;206
315;207
315;208
315;209
315;210
315;211
315;212
315;213
315;214
315;215
315;216
315;217
315;218
315;219
315;220
315;221
315;222
315;223
315;224
315;225
315;226
315;227
315;228
315;229
315;230
315;231
315;232
315;233
315;234
315;235
315;236
315;237
315;238
315;239
315;240
315;241
315;242
315;243
315;244
315;245
315;246
315;247
315;248
315;249
315;250
315;251
315;252
315;253
315;254
315;255
315;256
315;257
315;258
315;259
315;260
315;261
315;262
315;263
315;264
315;265
315;266
315;267
315;268
315;269
315;270
315;271
315;272
315;273
315;274
315;275
315;276
315;277
315;278
315;279
315;280
315;281
315;282
315;283
315;284
315;285
315;286
315;326
315;327
315;328
315;329
315;330
315;331
315;332
315;333
315;334
315;335
315;336
315;337
315;338
315;339
315;340
315;341
315;342
315;343
315;344
315;345
315;427
315;428
315;429
315;430
315;431
315;432
315;433
315;434
315;435
315;436
315;437
315;438
315;439
315;440
315;441
316;110
316;111
316;112
316;113
316;114
316;115
316;116
316;117
316;118
316;119
316;120
316;121
316;122
316;123
316;124
316;125
316;126
316;127
316;128
316;129
316;130
316;131
316;132
316;133
316;134
316;135
316;136
316;137
316;138
316;139
316;140
316;141
316;142
316;143
316;144
316;145
316;146
316;147
316;148
316;149
316;150
316;151
316;152
316;153
316;154
316;155
316;156
316;157
316;158
316;159
316;160
316;161
316;162
316;163
316;164
316;165
316;166
316;167
316;168
316;169
316;170
316;171
316;172
316;173
316;174
316;175
316;176
316;177
316;178
316;179
316;180
316;181
316;182
316;183
316;184
316;185
316;186
316;187
316;188
316;189
316;190
316;191
316;192
316;193
316;194
316;195
316;196
316;197
316;198
316;199
316;200
316;201
316;202
316;203
316;204
316;205
316;206
316;207
316;208
316;209
316;210
316;211
316;212
316;213
316;214
316;215
316;216
316;217
316;218
316;219
316;220
316;221
316;222
316;223
316;224
316;225
316;226
316;227
316;228
316;229
316;230
316;231
316;232
316;233
316;234
316;235
316;236
316;237
316;238
316;239
316;240
316;241
316;242
316;243
316;244
316;245
316;246
316;247
316;248
316;249
316;250
316;251
316;252
316;253
316;254
316;255
316;256
316;257
316;258
316;259
316;260
316;261
316;262
316;263
316;264
316;265
316;266
316;267
316;268
316;269
316;270
316;271
316;272
316;273
316;274
316;275
316;276
316;277
316;278
316;279
316;280
316;281
316;282
316;283
316;284
316;285
316;286
316;325
316;326
316;327
316;328
316;329
316;330
316;331
316;332
316;333
316;334
316;335
316;336
316;337
316;338
316;339
316;340
316;341
316;342
316;343
316;344
316;345
316;346
316;427
316;428
316;429
316;430
316;431
316;432
316;433
316;434
316;435
316;436
316;437
316;438
316;439
316;440
316;441
316;442
316;443
317;110
317;111
317;112
317;113
317;114
317;115
317;116
317;117
317;118
317;119
317;120
317;121
317;122
317;123
317;124
317;125
317;126
317;127
317;128
317;129
317;130
317;131
317;132
317;133
317;134
317;135
317;136
317;137
317;138
317;139
317;140
317;141
317;142
317;143
317;144
317;145
317;146
317;147
317;148
317;149
317;150
317;151
317;152
317;153
317;154
317;155
317;156
317;157
317;158
317;159
317;160
317;161
317;162
317;163
317;164
317;165
317;166
317;167
317;168
317;169
317;170
317;171
317;172
317;173
317;174
317;175
317;176
317;177
317;178
317;179
317;180
317;181
317;182
317;183
317;184
317;185
317;186
317;187
317;188
317;189
317;190
317;191
317;192
317;193
317;194
317;195
317;196
317;197
317;198
317;199
317;200
317;201
317;202
317;203
317;204
317;205
317;206
317;207
317;208
317;209
317;210
317;211
317;212
317;213
317;214
317;215
317;216
317;217
317;218
317;219
317;220
317;221
317;222
317;223
317;224
317;225
317;226
317;227
317;228
317;229
317;230
317;231
317;232
317;233
317;234
317;235
317;236
317;237
317;238
317;239
317;240
317;241
317;242
317;243
317;244
317;245
317;246
317;247
317;248
317;249
317;250
317;251
317;252
317;253
317;254
317;255
317;256
317;257
317;258
317;259
317;260
317;261
317;262
317;263
317;264
317;265
317;266
317;267
317;268
317;269
317;270
317;271
317;272
317;273
317;274
317;275
317;276
317;277
317;278
317;279
317;280
317;281
317;282
317;283
317;284
317;285
317;286
317;324
317;325
317;326
317;327
317;328
317;329
317;330
317;331
317;332
317;333
317;334
317;335
317;336
317;337
317;338
317;339
317;340
317;341
317;342
317;343
317;344
317;345
317;346
317;427
317;428
317;429
317;430
317;431
317;432
317;433
317;434
317;435
317;436
317;437
317;438
317;439
317;440
317;441
317;442
317;443
317;444
318;110
318;111
318;112
318;113
318;114
318;115
318;116
318;117
318;118
318;119
318;120
318;121
318;122
318;123
318;124
318;125
318;126
318;127
318;128
318;129
318;130
318;131
318;132
318;133
318;134
318;135
318;136
318;137
318;138
318;139
318;140
318;141
318;142
318;143
318;144
318;145
318;146
318;147
318;148
318;149
318;150
318;151
318;152
318;153
318;154
318;155
318;156
318;157
318;158
318;159
318;160
318;161
318;162
318;163
318;164
318;165
318;166
318;167
318;168
318;169
318;170
318;171
318;172
318;173
318;174
318;175
318;176
318;177
318;178
318;179
318;180
318;181
318;182
318;183
318;184
318;185
318;186
318;187
318;188
318;189
318;190
318;191
318;192
318;193
318;194
318;195
318;196
318;197
318;198
318;199
318;200
318;201
318;202
318;203
318;204
318;205
318;206
318;207
318;208
318;209
318;210
318;211
318;212
318;213
318;214
318;215
318;216
318;217
318;218
318;219
318;220
318;221
318;222
318;223
318;224
318;225
318;226
318;227
318;228
318;229
318;230
318;231
318;232
318;233
318;234
318;235
318;236
318;237
318;238
318;239
318;240
318;241
318;242
318;243
318;244
318;245
318;246
318;247
318;248
318;249
318;250
318;251
318;252
318;253
318;254
318;255
318;256
318;257
318;258
318;259
318;260
318;261
318;262
318;263
318;264
318;265
318;266
318;267
318;268
318;269
318;270
318;271
318;272
318;273
318;274
318;275
318;276
318;277
318;278
318;279
318;280
318;281
318;282
318;283
318;284
318;285
318;286
318;323
318;324
318;325
318;326
318;327
318;328
318;329
318;330
318;331
318;332
318;333
318;334
318;335
318;336
318;337
318;338
318;339
318;340
318;341
318;342
318;343
318;344
318;345
318;346
318;427
318;428
318;429
318;430
318;431
318;432
318;433
318;434
318;435
318;436
318;437
318;438
318;439
318;440
318;441
318;442
318;443
318;444
318;445
318;446
319;110
319;111
319;112
319;113
319;114
319;115
319;116
319;117
319;118
319;119
319;120
319;121
319;122
319;123
319;124
319;125
319;126
319;127
319;128
319;129
319;130
319;131
319;132
319;133
319;134
319;135
319;136
319;137
319;138
319;139
319;140
319;141
319;142
319;143
319;144
319;145
319;146
319;147
319;148
319;149
319;150
319;151
319;152
319;153
319;154
319;155
319;156
319;157
319;158
319;159
319;160
319;161
319;162
319;163
319;164
319;165
319;166
319;167
319;168
319;169
319;170
319;171
319;172
319;173
319;174
319;175
319;176
319;177
319;178
319;179
319;180
319;181
319;182
319;183
319;184
319;185
319;186
319;187
319;188
319;189
319;190
319;191
319;192
319;193
319;194
319;195
319;196
319;197
319;198
319;199
319;200
319;201
319;202
319;203
319;204
319;205
319;206
319;207
319;208
319;209
319;210
319;211
319;212
319;213
319;214
319;215
319;216
319;217
319;218
319;219
319;220
319;221
319;222
319;223
319;224
319;225
319;226
319;227
319;228
319;229
319;230
319;231
319;232
319;233
319;234
319;235
319;236
319;237
319;238
319;239
319;240
319;241
319;242
319;243
319;244
319;245
319;246
319;247
319;248
319;249
319;250
319;251
319;252
319;253
319;254
319;255
319;256
319;257
319;258
319;259
319;260
319;261
319;262
319;263
319;264
319;265
319;266
319;267
319;268
319;269
319;270
319;271
319;272
319;273
319;274
319;275
319;276
319;277
319;278
319;279
319;280
319;281
319;282
319;283
319;284
319;285
319;286
319;322
319;323
319;324
319;325
319;326
319;327
319;328
319;329
319;330
319;331
319;332
319;333
319;334
319;335
319;336
319;337
319;338
319;339
319;340
319;341
319;342
319;343
319;344
319;345
319;346
319;347
319;427
319;428
319;429
319;430
319;431
319;432
319;433
319;434
319;435
319;436
319;437
319;438
319;439
319;440
319;441
319;442
319;443
319;444
319;445
319;446
319;447
319;448
320;110
320;111
320;112
320;113
320;114
320;115
320;116
320;117
320;118
320;119
320;120
320;121
320;122
320;123
320;124
320;125
320;126
320;127
320;128
320;129
320;130
320;131
320;132
320;133
320;134
320;135
320;136
320;137
320;138
320;139
320;140
320;141
320;142
320;143
320;144
320;145
320;146
320;147
320;148
320;149
320;150
320;151
320;152
320;153
320;154
320;155
320;156
320;157
320;158
320;159
320;160
320;161
320;162
320;163
320;164
320;165
320;166
320;167
320;168
320;169
320;170
320;171
320;172
320;173
320;174
320;175
320;176
320;177
320;178
320;179
320;180
320;181
320;182
320;183
320;184
320;185
320;186
320;187
320;188
320;189
320;190
320;191
320;192
320;193
320;194
320;195
320;196
320;197
320;198
320;199
320;200
320;201
320;202
320;203
320;204
320;205
320;206
320;207
320;208
320;209
320;210
320;211
320;212
320;213
320;214
320;215
320;216
320;217
320;218
320;219
320;220
320;221
320;222
320;223
320;224
320;225
320;226
320;227
320;228
320;229
320;230
320;231
320;232
320;233
320;234
320;235
320;236
320;237
320;238
320;239
320;240
320;241
320;242
320;243
320;244
320;245
320;246
320;247
320;248
320;249
320;250
320;251
320;252
320;253
320;254
320;255
320;256
320;257
320;258
320;259
320;260
320;261
320;262
320;263
320;264
320;265
320;266
320;267
320;268
320;269
320;270
320;271
320;272
320;273
320;274
320;275
320;276
320;277
320;278
320;279
320;280
320;281
320;282
320;283
320;284
320;285
320;286
320;321
320;322
320;323
320;324
320;325
320;326
320;327
320;328
320;329
320;330
320;331
320;332
320;333
320;334
320;335
320;336
320;337
320;338
320;339
320;340
320;341
320;342
320;343
320;344
320;345
320;346
320;347
320;426
320;427
320;428
320;429
320;430
320;431
320;432
320;433
320;434
320;435
320;436
320;437
320;438
320;439
320;440
320;441
320;442
320;443
320;444
320;445
320;446
320;447
320;448
320;449
321;110
321;111
321;112
321;113
321;114
321;115
321;116
321;117
321;118
321;119
321;120
321;121
321;122
321;123
321;124
321;125
321;126
321;127
321;128
321;129
321;130
321;131
321;132
321;133
321;134
321;135
321;136
321;137
321;138
321;139
321;140
321;141
321;142
321;143
321;144
321;145
321;146
321;147
321;148
321;149
321;150
321;151
321;152
321;153
321;154
321;155
321;156
321;157
321;158
321;159
321;160
321;161
321;162
321;163
321;164
321;165
321;166
321;167
321;168
321;169
321;170
321;171
321;172
321;173
321;174
321;175
321;176
321;177
321;178
321;179
321;180
321;181
321;182
321;183
321;184
321;185
321;186
321;187
321;188
321;189
321;190
321;191
321;192
321;193
321;194
321;195
321;196
321;197
321;198
321;199
321;200
321;201
321;202
321;203
321;204
321;205
321;206
321;207
321;208
321;209
321;210
321;211
321;212
321;213
321;214
321;215
321;216
321;217
321;218
321;219
321;220
321;221
321;222
321;223
321;224
321;225
321;226
321;227
321;228
321;229
321;230
321;231
321;232
321;233
321;234
321;235
321;236
321;237
321;238
321;239
321;240
321;241
321;242
321;243
321;244
321;245
321;246
321;247
321;248
321;249
321;250
321;251
321;252
321;253
321;254
321;255
321;256
321;257
321;258
321;259
321;260
321;261
321;262
321;263
321;264
321;265
321;266
321;267
321;268
321;269
321;270
321;271
321;272
321;273
321;274
321;275
321;276
321;277
321;278
321;279
321;280
321;281
321;282
321;283
321;284
321;285
321;286
321;320
321;321
321;322
321;323
321;324
321;325
321;326
321;327
321;328
321;329
321;330
321;331
321;332
321;333
321;334
321;335
321;336
321;337
321;338
321;339
321;340
321;341
321;342
321;343
321;344
321;345
321;346
321;347
321;426
321;427
321;428
321;429
321;430
321;431
321;432
321;433
321;434
321;435
321;436
321;437
321;438
321;439
321;440
321;441
321;442
321;443
321;444
321;445
321;446
321;447
321;448
321;449
321;450
321;451
322;110
322;111
322;112
322;113
322;114
322;115
322;116
322;117
322;118
322;119
322;120
322;121
322;122
322;123
322;124
322;125
322;126
322;127
322;128
322;129
322;130
322;131
322;132
322;133
322;134
322;135
322;136
322;137
322;138
322;139
322;140
322;141
322;142
322;143
322;144
322;145
322;146
322;147
322;148
322;149
322;150
322;151
322;152
322;153
322;154
322;155
322;156
322;157
322;158
322;159
322;160
322;161
322;162
322;163
322;164
322;165
322;166
322;167
322;168
322;169
322;170
322;171
322;172
322;173
322;174
322;175
322;176
322;177
322;178
322;179
322;180
322;181
322;182
322;183
322;184
322;185
322;186
322;187
322;188
322;189
322;190
322;191
322;192
322;193
322;194
322;195
322;196
322;197
322;198
322;199
322;200
322;201
322;202
322;203
322;204
322;205
322;206
322;207
322;208
322;209
322;210
322;211
322;212
322;213
322;214
322;215
322;216
322;217
322;218
322;219
322;220
322;221
322;222
322;223
322;224
322;225
322;226
322;227
322;228
322;229
322;230
322;231
322;232
322;233
322;234
322;235
322;236
322;237
322;238
322;239
322;240
322;241
322;242
322;243
322;244
322;245
322;246
322;247
322;248
322;249
322;250
322;251
322;252
322;253
322;254
322;255
322;256
322;257
322;258
322;259
322;260
322;261
322;262
322;263
322;264
322;265
322;266
322;267
322;268
322;269
322;270
322;271
322;272
322;273
322;274
322;275
322;276
322;277
322;278
322;279
322;280
322;281
322;282
322;283
322;284
322;285
322;286
322;319
322;320
322;321
322;322
322;323
322;324
322;325
322;326
322;327
322;328
322;329
322;330
322;331
322;332
322;333
322;334
322;335
322;336
322;337
322;338
322;339
322;340
322;341
322;342
322;343
322;344
322;345
322;346
322;347
322;426
322;427
322;428
322;429
322;430
322;431
322;432
322;433
322;434
322;435
322;436
322;437
322;438
322;439
322;440
322;441
322;442
322;443
322;444
322;445
322;446
322;447
322;448
322;449
322;450
322;451
322;452
323;111
323;112
323;113
323;114
323;115
323;116
323;117
323;118
323;119
323;120
323;121
323;122
323;123
323;124
323;125
323;126
323;127
323;128
323;129
323;130
323;131
323;132
323;133
323;134
323;135
323;136
323;137
323;138
323;139
323;140
323;141
323;142
323;143
323;144
323;145
323;146
323;147
323;148
323;149
323;150
323;151
323;152
323;153
323;154
323;155
323;156
323;157
323;158
323;159
323;160
323;161
323;162
323;163
323;164
323;165
323;166
323;167
323;168
323;169
323;170
323;171
323;172
323;173
323;174
323;175
323;176
323;177
323;178
323;179
323;180
323;181
323;182
323;183
323;184
323;185
323;186
323;187
323;188
323;189
323;190
323;191
323;192
323;193
323;194
323;195
323;196
323;197
323;198
323;199
323;200
323;201
323;202
323;203
323;204
323;205
323;206
323;207
323;208
323;209
323;210
323;211
323;212
323;213
323;214
323;215
323;216
323;217
323;218
323;219
323;220
323;221
323;222
323;223
323;224
323;225
323;226
323;227
323;228
323;229
323;230
323;231
323;232
323;233
323;234
323;235
323;236
323;237
323;238
323;239
323;240
323;241
323;242
323;243
323;244
323;245
323;246
323;247
323;248
323;249
323;250
323;251
323;252
323;253
323;254
323;255
323;256
323;257
323;258
323;259
323;260
323;261
323;262
323;263
323;264
323;265
323;266
323;267
323;268
323;269
323;270
323;271
323;272
323;273
323;274
323;275
323;276
323;277
323;278
323;279
323;280
323;281
323;282
323;283
323;284
323;285
323;286
323;287
323;318
323;319
323;320
323;321
323;322
323;323
323;324
323;325
323;326
323;327
323;328
323;329
323;330
323;331
323;332
323;333
323;334
323;335
323;336
323;337
323;338
323;339
323;340
323;341
323;342
323;343
323;344
323;345
323;346
323;347
323;348
323;426
323;427
323;428
323;429
323;430
323;431
323;432
323;433
323;434
323;435
323;436
323;437
323;438
323;439
323;440
323;441
323;442
323;443
323;444
323;445
323;446
323;447
323;448
323;449
323;450
323;451
323;452
323;453
323;454
324;111
324;112
324;113
324;114
324;115
324;116
324;117
324;118
324;119
324;120
324;121
324;122
324;123
324;124
324;125
324;126
324;127
324;128
324;129
324;130
324;131
324;132
324;133
324;134
324;135
324;136
324;137
324;138
324;139
324;140
324;141
324;142
324;143
324;144
324;145
324;146
324;147
324;148
324;149
324;150
324;151
324;152
324;153
324;154
324;155
324;156
324;157
324;158
324;159
324;160
324;161
324;162
324;163
324;164
324;165
324;166
324;167
324;168
324;169
324;170
324;171
324;172
324;173
324;174
324;175
324;176
324;177
324;178
324;179
324;180
324;181
324;182
324;183
324;184
324;185
324;186
324;187
324;188
324;189
324;190
324;191
324;192
324;193
324;194
324;195
324;196
324;197
324;198
324;199
324;200
324;201
324;202
324;203
324;204
324;205
324;206
324;207
324;208
324;209
324;210
324;211
324;212
324;213
324;214
324;215
324;216
324;217
324;218
324;219
324;220
324;221
324;222
324;223
324;224
324;225
324;226
324;227
324;228
324;229
324;230
324;231
324;232
324;233
324;234
324;235
324;236
324;237
324;238
324;239
324;240
324;241
324;242
324;243
324;244
324;245
324;246
324;247
324;248
324;249
324;250
324;251
324;252
324;253
324;254
324;255
324;256
324;257
324;258
324;259
324;260
324;261
324;262
324;263
324;264
324;265
324;266
324;267
324;268
324;269
324;270
324;271
324;272
324;273
324;274
324;275
324;276
324;277
324;278
324;279
324;280
324;281
324;282
324;283
324;284
324;285
324;286
324;287
324;317
324;318
324;319
324;320
324;321
324;322
324;323
324;324
324;325
324;326
324;327
324;328
324;329
324;330
324;331
324;332
324;333
324;334
324;335
324;336
324;337
324;338
324;339
324;340
324;341
324;342
324;343
324;344
324;345
324;346
324;347
324;348
324;426
324;427
324;428
324;429
324;430
324;431
324;432
324;433
324;434
324;435
324;436
324;437
324;438
324;439
324;440
324;441
324;442
324;443
324;444
324;445
324;446
324;447
324;448
324;449
324;450
324;451
324;452
324;453
324;454
324;455
325;111
325;112
325;113
325;114
325;115
325;116
325;117
325;118
325;119
325;120
325;121
325;122
325;123
325;124
325;125
325;126
325;127
325;128
325;129
325;130
325;131
325;132
325;133
325;134
325;135
325;136
325;137
325;138
325;139
325;140
325;141
325;142
325;143
325;144
325;145
325;146
325;147
325;148
325;149
325;150
325;151
325;152
325;153
325;154
325;155
325;156
325;157
325;158
325;159
325;160
325;161
325;162
325;163
325;164
325;165
325;166
325;167
325;168
325;169
325;170
325;171
325;172
325;173
325;174
325;175
325;176
325;177
325;178
325;179
325;180
325;181
325;182
325;183
325;184
325;185
325;186
325;187
325;188
325;189
325;190
325;191
325;192
325;193
325;194
325;195
325;196
325;197
325;198
325;199
325;200
325;201
325;202
325;203
325;204
325;205
325;206
325;207
325;208
325;209
325;210
325;211
325;212
325;213
325;214
325;215
325;216
325;217
325;218
325;219
325;220
325;221
325;222
325;223
325;224
325;225
325;226
325;227
325;228
325;229
325;230
325;231
325;232
325;233
325;234
325;235
325;236
325;237
325;238
325;239
325;240
325;241
325;242
325;243
325;244
325;245
325;246
325;247
325;248
325;249
325;250
325;251
325;252
325;253
325;254
325;255
325;256
325;257
325;258
325;259
325;260
325;261
325;262
325;263
325;264
325;265
325;266
325;267
325;268
325;269
325;270
325;271
325;272
325;273
325;274
325;275
325;276
325;277
325;278
325;279
325;280
325;281
325;282
325;283
325;284
325;285
325;286
325;287
325;316
325;317
325;318
325;319
325;320
325;321
325;322
325;323
325;324
325;325
325;326
325;327
325;328
325;329
325;330
325;331
325;332
325;333
325;334
325;335
325;336
325;337
325;338
325;339
325;340
325;341
325;342
325;343
325;344
325;345
325;346
325;347
325;348
325;426
325;427
325;428
325;429
325;430
325;431
325;432
325;433
325;434
325;435
325;436
325;437
325;438
325;439
325;440
325;441
325;442
325;443
325;444
325;445
325;446
325;447
325;448
325;449
325;450
325;451
325;452
325;453
325;454
325;455
325;456
325;457
326;111
326;112
326;113
326;114
326;115
326;116
326;117
326;118
326;119
326;120
326;121
326;122
326;123
326;124
326;125
326;126
326;127
326;128
326;129
326;130
326;131
326;132
326;133
326;134
326;135
326;136
326;137
326;138
326;139
326;140
326;141
326;142
326;143
326;144
326;145
326;146
326;147
326;148
326;149
326;150
326;151
326;152
326;153
326;154
326;155
326;156
326;157
326;158
326;159
326;160
326;161
326;162
326;163
326;164
326;165
326;166
326;167
326;168
326;169
326;170
326;171
326;172
326;173
326;174
326;175
326;176
326;177
326;178
326;179
326;180
326;181
326;182
326;183
326;184
326;185
326;186
326;187
326;188
326;189
326;190
326;191
326;192
326;193
326;194
326;195
326;196
326;197
326;198
326;199
326;200
326;201
326;202
326;203
326;204
326;205
326;206
326;207
326;208
326;209
326;210
326;211
326;212
326;213
326;214
326;215
326;216
326;217
326;218
326;219
326;220
326;221
326;222
326;223
326;224
326;225
326;226
326;227
326;228
326;229
326;230
326;231
326;232
326;233
326;234
326;235
326;236
326;237
326;238
326;239
326;240
326;241
326;242
326;243
326;244
326;245
326;246
326;247
326;248
326;249
326;250
326;251
326;252
326;253
326;254
326;255
326;256
326;257
326;258
326;259
326;260
326;261
326;262
326;263
326;264
326;265
326;266
326;267
326;268
326;269
326;270
326;271
326;272
326;273
326;274
326;275
326;276
326;277
326;278
326;279
326;280
326;281
326;282
326;283
326;284
326;285
326;286
326;287
326;315
326;316
326;317
326;318
326;319
326;320
326;321
326;322
326;323
326;324
326;325
326;326
326;327
326;328
326;329
326;330
326;331
326;332
326;333
326;334
326;335
326;336
326;337
326;338
326;339
326;340
326;341
326;342
326;343
326;344
326;345
326;346
326;347
326;348
326;349
326;426
326;427
326;428
326;429
326;430
326;431
326;432
326;433
326;434
326;435
326;436
326;437
326;438
326;439
326;440
326;441
326;442
326;443
326;444
326;445
326;446
326;447
326;448
326;449
326;450
326;451
326;452
326;453
326;454
326;455
326;456
326;457
326;458
326;459
327;111
327;112
327;113
327;114
327;115
327;116
327;117
327;118
327;119
327;120
327;121
327;122
327;123
327;124
327;125
327;126
327;127
327;128
327;129
327;130
327;131
327;132
327;133
327;134
327;135
327;136
327;137
327;138
327;139
327;140
327;141
327;142
327;143
327;144
327;145
327;146
327;147
327;148
327;149
327;150
327;151
327;152
327;153
327;154
327;155
327;156
327;157
327;158
327;159
327;160
327;161
327;162
327;163
327;164
327;165
327;166
327;167
327;168
327;169
327;170
327;171
327;172
327;173
327;174
327;175
327;176
327;177
327;178
327;179
327;180
327;181
327;182
327;183
327;184
327;185
327;186
327;187
327;188
327;189
327;190
327;191
327;192
327;193
327;194
327;195
327;196
327;197
327;198
327;199
327;200
327;201
327;202
327;203
327;204
327;205
327;206
327;207
327;208
327;209
327;210
327;211
327;212
327;213
327;214
327;215
327;216
327;217
327;218
327;219
327;220
327;221
327;222
327;223
327;224
327;225
327;226
327;227
327;228
327;229
327;230
327;231
327;232
327;233
327;234
327;235
327;236
327;237
327;238
327;239
327;240
327;241
327;242
327;243
327;244
327;245
327;246
327;247
327;248
327;249
327;250
327;251
327;252
327;253
327;254
327;255
327;256
327;257
327;258
327;259
327;260
327;261
327;262
327;263
327;264
327;265
327;266
327;267
327;268
327;269
327;270
327;271
327;272
327;273
327;274
327;275
327;276
327;277
327;278
327;279
327;280
327;281
327;282
327;283
327;284
327;285
327;286
327;287
327;314
327;315
327;316
327;317
327;318
327;319
327;320
327;321
327;322
327;323
327;324
327;325
327;326
327;327
327;328
327;329
327;330
327;331
327;332
327;333
327;334
327;335
327;336
327;337
327;338
327;339
327;340
327;341
327;342
327;343
327;344
327;345
327;346
327;347
327;348
327;349
327;426
327;427
327;428
327;429
327;430
327;431
327;432
327;433
327;434
327;435
327;436
327;437
327;438
327;439
327;440
327;441
327;442
327;443
327;444
327;445
327;446
327;447
327;448
327;449
327;450
327;451
327;452
327;453
327;454
327;455
327;456
327;457
327;458
327;459
327;460
328;112
328;113
328;114
328;115
328;116
328;117
328;118
328;119
328;120
328;121
328;122
328;123
328;124
328;125
328;126
328;127
328;128
328;129
328;130
328;131
328;132
328;133
328;134
328;135
328;136
328;137
328;138
328;139
328;140
328;141
328;142
328;143
328;144
328;145
328;146
328;147
328;148
328;149
328;150
328;151
328;152
328;153
328;154
328;155
328;156
328;157
328;158
328;159
328;160
328;161
328;162
328;163
328;164
328;165
328;166
328;167
328;168
328;169
328;170
328;171
328;172
328;173
328;174
328;175
328;176
328;177
328;178
328;179
328;180
328;181
328;182
328;183
328;184
328;185
328;186
328;187
328;188
328;189
328;190
328;191
328;192
328;193
328;194
328;195
328;196
328;197
328;198
328;199
328;200
328;201
328;202
328;203
328;204
328;205
328;206
328;207
328;208
328;209
328;210
328;211
328;212
328;213
328;214
328;215
328;216
328;217
328;218
328;219
328;220
328;221
328;222
328;223
328;224
328;225
328;226
328;227
328;228
328;229
328;230
328;231
328;232
328;233
328;234
328;235
328;236
328;237
328;238
328;239
328;240
328;241
328;242
328;243
328;244
328;245
328;246
328;247
328;248
328;249
328;250
328;251
328;252
328;253
328;254
328;255
328;256
328;257
328;258
328;259
328;260
328;261
328;262
328;263
328;264
328;265
328;266
328;267
328;268
328;269
328;270
328;271
328;272
328;273
328;274
328;275
328;276
328;277
328;278
328;279
328;280
328;281
328;282
328;283
328;284
328;285
328;286
328;287
328;313
328;314
328;315
328;316
328;317
328;318
328;319
328;320
328;321
328;322
328;323
328;324
328;325
328;326
328;327
328;328
328;329
328;330
328;331
328;332
328;333
328;334
328;335
328;336
328;337
328;338
328;339
328;340
328;341
328;342
328;343
328;344
328;345
328;346
328;347
328;348
328;349
328;426
328;427
328;428
328;429
328;430
328;431
328;432
328;433
328;434
328;435
328;436
328;437
328;438
328;439
328;440
328;441
328;442
328;443
328;444
328;445
328;446
328;447
328;448
328;449
328;450
328;451
328;452
328;453
328;454
328;455
328;456
328;457
328;458
328;459
328;460
328;461
328;462
329;112
329;113
329;114
329;115
329;116
329;117
329;118
329;119
329;120
329;121
329;122
329;123
329;124
329;125
329;126
329;127
329;128
329;129
329;130
329;131
329;132
329;133
329;134
329;135
329;136
329;137
329;138
329;139
329;140
329;141
329;142
329;143
329;144
329;145
329;146
329;147
329;148
329;149
329;150
329;151
329;152
329;153
329;154
329;155
329;156
329;157
329;158
329;159
329;160
329;161
329;162
329;163
329;164
329;165
329;166
329;167
329;168
329;169
329;170
329;171
329;172
329;173
329;174
329;175
329;176
329;177
329;178
329;179
329;180
329;181
329;182
329;183
329;184
329;185
329;186
329;187
329;188
329;189
329;190
329;191
329;192
329;193
329;194
329;195
329;196
329;197
329;198
329;199
329;200
329;201
329;202
329;203
329;204
329;205
329;206
329;207
329;208
329;209
329;210
329;211
329;212
329;213
329;214
329;215
329;216
329;217
329;218
329;219
329;220
329;221
329;222
329;223
329;224
329;225
329;226
329;227
329;228
329;229
329;230
329;231
329;232
329;233
329;234
329;235
329;236
329;237
329;238
329;239
329;240
329;241
329;242
329;243
329;244
329;245
329;246
329;247
329;248
329;249
329;250
329;251
329;252
329;253
329;254
329;255
329;256
329;257
329;258
329;259
329;260
329;261
329;262
329;263
329;264
329;265
329;266
329;267
329;268
329;269
329;270
329;271
329;272
329;273
329;274
329;275
329;276
329;277
329;278
329;279
329;280
329;281
329;282
329;283
329;284
329;285
329;286
329;287
329;312
329;313
329;314
329;315
329;316
329;317
329;318
329;319
329;320
329;321
329;322
329;323
329;324
329;325
329;326
329;327
329;328
329;329
329;330
329;331
329;332
329;333
329;334
329;335
329;336
329;337
329;338
329;339
329;340
329;341
329;342
329;343
329;344
329;345
329;346
329;347
329;348
329;349
329;426
329;427
329;428
329;429
329;430
329;431
329;432
329;433
329;434
329;435
329;436
329;437
329;438
329;439
329;440
329;441
329;442
329;443
329;444
329;445
329;446
329;447
329;448
329;449
329;450
329;451
329;452
329;453
329;454
329;455
329;456
329;457
329;458
329;459
329;460
329;461
329;462
329;463
330;112
330;113
330;114
330;115
330;116
330;117
330;118
330;119
330;120
330;121
330;122
330;123
330;124
330;125
330;126
330;127
330;128
330;129
330;130
330;131
330;132
330;133
330;134
330;135
330;136
330;137
330;138
330;139
330;140
330;141
330;142
330;143
330;144
330;145
330;146
330;147
330;148
330;149
330;150
330;151
330;152
330;153
330;154
330;155
330;156
330;157
330;158
330;159
330;160
330;161
330;162
330;163
330;164
330;165
330;166
330;167
330;168
330;169
330;170
330;171
330;172
330;173
330;174
330;175
330;176
330;177
330;178
330;179
330;180
330;181
330;182
330;183
330;184
330;185
330;186
330;187
330;188
330;189
330;190
330;191
330;192
330;193
330;194
330;195
330;196
330;197
330;198
330;199
330;200
330;201
330;202
330;203
330;204
330;205
330;206
330;207
330;208
330;209
330;210
330;211
330;212
330;213
330;214
330;215
330;216
330;217
330;218
330;219
330;220
330;221
330;222
330;223
330;224
330;225
330;226
330;227
330;228
330;229
330;230
330;231
330;232
330;233
330;234
330;235
330;236
330;237
330;238
330;239
330;240
330;241
330;242
330;243
330;244
330;245
330;246
330;247
330;248
330;249
330;250
330;251
330;252
330;253
330;254
330;255
330;256
330;257
330;258
330;259
330;260
330;261
330;262
330;263
330;264
330;265
330;266
330;267
330;268
330;269
330;270
330;271
330;272
330;273
330;274
330;275
330;276
330;277
330;278
330;279
330;280
330;281
330;282
330;283
330;284
330;285
330;286
330;287
330;288
330;311
330;312
330;313
330;314
330;315
330;316
330;317
330;318
330;319
330;320
330;321
330;322
330;323
330;324
330;325
330;326
330;327
330;328
330;329
330;330
330;331
330;332
330;333
330;334
330;335
330;336
330;337
330;338
330;339
330;340
330;341
330;342
330;343
330;344
330;345
330;346
330;347
330;348
330;349
330;350
330;426
330;427
330;428
330;429
330;430
330;431
330;432
330;433
330;434
330;435
330;436
330;437
330;438
330;439
330;440
330;441
330;442
330;443
330;444
330;445
330;446
330;447
330;448
330;449
330;450
330;451
330;452
330;453
330;454
330;455
330;456
330;457
330;458
330;459
330;460
330;461
330;462
330;463
330;464
330;465
331;113
331;114
331;115
331;116
331;117
331;118
331;119
331;120
331;121
331;122
331;123
331;124
331;125
331;126
331;127
331;128
331;129
331;130
331;131
331;132
331;133
331;134
331;135
331;136
331;137
331;138
331;139
331;140
331;141
331;142
331;143
331;144
331;145
331;146
331;147
331;148
331;149
331;150
331;151
331;152
331;153
331;154
331;155
331;156
331;157
331;158
331;159
331;160
331;161
331;162
331;163
331;164
331;165
331;166
331;167
331;168
331;169
331;170
331;171
331;172
331;173
331;174
331;175
331;176
331;177
331;178
331;179
331;180
331;181
331;182
331;183
331;184
331;185
331;186
331;187
331;188
331;189
331;190
331;191
331;192
331;193
331;194
331;195
331;196
331;197
331;198
331;199
331;200
331;201
331;202
331;203
331;204
331;205
331;206
331;207
331;208
331;209
331;210
331;211
331;212
331;213
331;214
331;215
331;216
331;217
331;218
331;219
331;220
331;221
331;222
331;223
331;224
331;225
331;226
331;227
331;228
331;229
331;230
331;231
331;232
331;233
331;234
331;235
331;236
331;237
331;238
331;239
331;240
331;241
331;242
331;243
331;244
331;245
331;246
331;247
331;248
331;249
331;250
331;251
331;252
331;253
331;254
331;255
331;256
331;257
331;258
331;259
331;260
331;261
331;262
331;263
331;264
331;265
331;266
331;267
331;268
331;269
331;270
331;271
331;272
331;273
331;274
331;275
331;276
331;277
331;278
331;279
331;280
331;281
331;282
331;283
331;284
331;285
331;286
331;287
331;288
331;310
331;311
331;312
331;313
331;314
331;315
331;316
331;317
331;318
331;319
331;320
331;321
331;322
331;323
331;324
331;325
331;326
331;327
331;328
331;329
331;330
331;331
331;332
331;333
331;334
331;335
331;336
331;337
331;338
331;339
331;340
331;341
331;342
331;343
331;344
331;345
331;346
331;347
331;348
331;349
331;350
331;426
331;427
331;428
331;429
331;430
331;431
331;432
331;433
331;434
331;435
331;436
331;437
331;438
331;439
331;440
331;441
331;442
331;443
331;444
331;445
331;446
331;447
331;448
331;449
331;450
331;451
331;452
331;453
331;454
331;455
331;456
331;457
331;458
331;459
331;460
331;461
331;462
331;463
331;464
331;465
331;466
331;467
332;113
332;114
332;115
332;116
332;117
332;118
332;119
332;120
332;121
332;122
332;123
332;124
332;125
332;126
332;127
332;128
332;129
332;130
332;131
332;132
332;133
332;134
332;135
332;136
332;137
332;138
332;139
332;140
332;141
332;142
332;143
332;144
332;145
332;146
332;147
332;148
332;149
332;150
332;151
332;152
332;153
332;154
332;155
332;156
332;157
332;158
332;159
332;160
332;161
332;162
332;163
332;164
332;165
332;166
332;167
332;168
332;169
332;170
332;171
332;172
332;173
332;174
332;175
332;176
332;177
332;178
332;179
332;180
332;181
332;182
332;183
332;184
332;185
332;186
332;187
332;188
332;189
332;190
332;191
332;192
332;193
332;194
332;195
332;196
332;197
332;198
332;199
332;200
332;201
332;202
332;203
332;204
332;205
332;206
332;207
332;208
332;209
332;210
332;211
332;212
332;213
332;214
332;215
332;216
332;217
332;218
332;219
332;220
332;221
332;222
332;223
332;224
332;225
332;226
332;227
332;228
332;229
332;230
332;231
332;232
332;233
332;234
332;235
332;236
332;237
332;238
332;239
332;240
332;241
332;242
332;243
332;244
332;245
332;246
332;247
332;248
332;249
332;250
332;251
332;252
332;253
332;254
332;255
332;256
332;257
332;258
332;259
332;260
332;261
332;262
332;263
332;264
332;265
332;266
332;267
332;268
332;269
332;270
332;271
332;272
332;273
332;274
332;275
332;276
332;277
332;278
332;279
332;280
332;281
332;282
332;283
332;284
332;285
332;286
332;287
332;288
332;309
332;310
332;311
332;312
332;313
332;314
332;315
332;316
332;317
332;318
332;319
332;320
332;321
332;322
332;323
332;324
332;325
332;326
332;327
332;328
332;329
332;330
332;331
332;332
332;333
332;334
332;335
332;336
332;337
332;338
332;339
332;340
332;341
332;342
332;343
332;344
332;345
332;346
332;347
332;348
332;349
332;350
332;426
332;427
332;428
332;429
332;430
332;431
332;432
332;433
332;434
332;435
332;436
332;437
332;438
332;439
332;440
332;441
332;442
332;443
332;444
332;445
332;446
332;447
332;448
332;449
332;450
332;451
332;452
332;453
332;454
332;455
332;456
332;457
332;458
332;459
332;460
332;461
332;462
332;463
332;464
332;465
332;466
332;467
332;468
333;114
333;115
333;116
333;117
333;118
333;119
333;120
333;121
333;122
333;123
333;124
333;125
333;126
333;127
333;128
333;129
333;130
333;131
333;132
333;133
333;134
333;135
333;136
333;137
333;138
333;139
333;140
333;141
333;142
333;143
333;144
333;145
333;146
333;147
333;148
333;149
333;150
333;151
333;152
333;153
333;154
333;155
333;156
333;157
333;158
333;159
333;160
333;161
333;162
333;163
333;164
333;165
333;166
333;167
333;168
333;169
333;170
333;171
333;172
333;173
333;174
333;175
333;176
333;177
333;178
333;179
333;180
333;181
333;182
333;183
333;184
333;185
333;186
333;187
333;188
333;189
333;190
333;191
333;192
333;193
333;194
333;195
333;196
333;197
333;198
333;199
333;200
333;201
333;202
333;203
333;204
333;205
333;206
333;207
333;208
333;209
333;210
333;211
333;212
333;213
333;214
333;215
333;216
333;217
333;218
333;219
333;220
333;221
333;222
333;223
333;224
333;225
333;226
333;227
333;228
333;229
333;230
333;231
333;232
333;233
333;234
333;235
333;236
333;237
333;238
333;239
333;240
333;241
333;242
333;243
333;244
333;245
333;246
333;247
333;248
333;249
333;250
333;251
333;252
333;253
333;254
333;255
333;256
333;257
333;258
333;259
333;260
333;261
333;262
333;263
333;264
333;265
333;266
333;267
333;268
333;269
333;270
333;271
333;272
333;273
333;274
333;275
333;276
333;277
333;278
333;279
333;280
333;281
333;282
333;283
333;284
333;285
333;286
333;287
333;288
333;308
333;309
333;310
333;311
333;312
333;313
333;314
333;315
333;316
333;317
333;318
333;319
333;320
333;321
333;322
333;323
333;324
333;325
333;326
333;327
333;328
333;329
333;330
333;331
333;332
333;333
333;334
333;335
333;336
333;337
333;338
333;339
333;340
333;341
333;342
333;343
333;344
333;345
333;346
333;347
333;348
333;349
333;350
333;426
333;427
333;428
333;429
333;430
333;431
333;432
333;433
333;434
333;435
333;436
333;437
333;438
333;439
333;440
333;441
333;442
333;443
333;444
333;445
333;446
333;447
333;448
333;449
333;450
333;451
333;452
333;453
333;454
333;455
333;456
333;457
333;458
333;459
333;460
333;461
333;462
333;463
333;464
333;465
333;466
333;467
333;468
333;469
333;470
334;114
334;115
334;116
334;117
334;118
334;119
334;120
334;121
334;122
334;123
334;124
334;125
334;126
334;127
334;128
334;129
334;130
334;131
334;132
334;133
334;134
334;135
334;136
334;137
334;138
334;139
334;140
334;141
334;142
334;143
334;144
334;145
334;146
334;147
334;148
334;149
334;150
334;151
334;152
334;153
334;154
334;155
334;156
334;157
334;158
334;159
334;160
334;161
334;162
334;163
334;164
334;165
334;166
334;167
334;168
334;169
334;170
334;171
334;172
334;173
334;174
334;175
334;176
334;177
334;178
334;179
334;180
334;181
334;182
334;183
334;184
334;185
334;186
334;187
334;188
334;189
334;190
334;191
334;192
334;193
334;194
334;195
334;196
334;197
334;198
334;199
334;200
334;201
334;202
334;203
334;204
334;205
334;206
334;207
334;208
334;209
334;210
334;211
334;212
334;213
334;214
334;215
334;216
334;217
334;218
334;219
334;220
334;221
334;222
334;223
334;224
334;225
334;226
334;227
334;228
334;229
334;230
334;231
334;232
334;233
334;234
334;235
334;236
334;237
334;238
334;239
334;240
334;241
334;242
334;243
334;244
334;245
334;246
334;247
334;248
334;249
334;250
334;251
334;252
334;253
334;254
334;255
334;256
334;257
334;258
334;259
334;260
334;261
334;262
334;263
334;264
334;265
334;266
334;267
334;268
334;269
334;270
334;271
334;272
334;273
334;274
334;275
334;276
334;277
334;278
334;279
334;280
334;281
334;282
334;283
334;284
334;285
334;286
334;287
334;288
334;307
334;308
334;309
334;310
334;311
334;312
334;313
334;314
334;315
334;316
334;317
334;318
334;319
334;320
334;321
334;322
334;323
334;324
334;325
334;326
334;327
334;328
334;329
334;330
334;331
334;332
334;333
334;334
334;335
334;336
334;337
334;338
334;339
334;340
334;341
334;342
334;343
334;344
334;345
334;346
334;347
334;348
334;349
334;350
334;351
334;426
334;427
334;428
334;429
334;430
334;431
334;432
334;433
334;434
334;435
334;436
334;437
334;438
334;439
334;440
334;441
334;442
334;443
334;444
334;445
334;446
334;447
334;448
334;449
334;450
334;451
334;452
334;453
334;454
334;455
334;456
334;457
334;458
334;459
334;460
334;461
334;462
334;463
334;464
334;465
334;466
334;467
334;468
334;469
334;470
334;471
335;114
335;115
335;116
335;117
335;118
335;119
335;120
335;121
335;122
335;123
335;124
335;125
335;126
335;127
335;128
335;129
335;130
335;131
335;132
335;133
335;134
335;135
335;136
335;137
335;138
335;139
335;140
335;141
335;142
335;143
335;144
335;145
335;146
335;147
335;148
335;149
335;150
335;151
335;152
335;153
335;154
335;155
335;156
335;157
335;158
335;159
335;160
335;161
335;162
335;163
335;164
335;165
335;166
335;167
335;168
335;169
335;170
335;171
335;172
335;173
335;174
335;175
335;176
335;177
335;178
335;179
335;180
335;181
335;182
335;183
335;184
335;185
335;186
335;187
335;188
335;189
335;190
335;191
335;192
335;193
335;194
335;195
335;196
335;197
335;198
335;199
335;200
335;201
335;202
335;203
335;204
335;205
335;206
335;207
335;208
335;209
335;210
335;211
335;212
335;213
335;214
335;215
335;216
335;217
335;218
335;219
335;220
335;221
335;222
335;223
335;224
335;225
335;226
335;227
335;228
335;229
335;230
335;231
335;232
335;233
335;234
335;235
335;236
335;237
335;238
335;239
335;240
335;241
335;242
335;243
335;244
335;245
335;246
335;247
335;248
335;249
335;250
335;251
335;252
335;253
335;254
335;255
335;256
335;257
335;258
335;259
335;260
335;261
335;262
335;263
335;264
335;265
335;266
335;267
335;268
335;269
335;270
335;271
335;272
335;273
335;274
335;275
335;276
335;277
335;278
335;279
335;280
335;281
335;282
335;283
335;284
335;285
335;286
335;287
335;288
335;306
335;307
335;308
335;309
335;310
335;311
335;312
335;313
335;314
335;315
335;316
335;317
335;318
335;319
335;320
335;321
335;322
335;323
335;324
335;325
335;326
335;327
335;328
335;329
335;330
335;331
335;332
335;333
335;334
335;335
335;336
335;337
335;338
335;339
335;340
335;341
335;342
335;343
335;344
335;345
335;346
335;347
335;348
335;349
335;350
335;351
335;426
335;427
335;428
335;429
335;430
335;431
335;432
335;433
335;434
335;435
335;436
335;437
335;438
335;439
335;440
335;441
335;442
335;443
335;444
335;445
335;446
335;447
335;448
335;449
335;450
335;451
335;452
335;453
335;454
335;455
335;456
335;457
335;458
335;459
335;460
335;461
335;462
335;463
335;464
335;465
335;466
335;467
335;468
335;469
335;470
335;471
335;472
335;473
336;115
336;116
336;117
336;118
336;119
336;120
336;121
336;122
336;123
336;124
336;125
336;126
336;127
336;128
336;129
336;130
336;131
336;132
336;133
336;134
336;135
336;136
336;137
336;138
336;139
336;140
336;141
336;142
336;143
336;144
336;145
336;146
336;147
336;148
336;149
336;150
336;151
336;152
336;153
336;154
336;155
336;156
336;157
336;158
336;159
336;160
336;161
336;162
336;163
336;164
336;165
336;166
336;167
336;168
336;169
336;170
336;171
336;172
336;173
336;174
336;175
336;176
336;177
336;178
336;179
336;180
336;181
336;182
336;183
336;184
336;185
336;186
336;187
336;188
336;189
336;190
336;191
336;192
336;193
336;194
336;195
336;196
336;197
336;198
336;199
336;200
336;201
336;202
336;203
336;204
336;205
336;206
336;207
336;208
336;209
336;210
336;211
336;212
336;213
336;214
336;215
336;216
336;217
336;218
336;219
336;220
336;221
336;222
336;223
336;224
336;225
336;226
336;227
336;228
336;229
336;230
336;231
336;232
336;233
336;234
336;235
336;236
336;237
336;238
336;239
336;240
336;241
336;242
336;243
336;244
336;245
336;246
336;247
336;248
336;249
336;250
336;251
336;252
336;253
336;254
336;255
336;256
336;257
336;258
336;259
336;260
336;261
336;262
336;263
336;264
336;265
336;266
336;267
336;268
336;269
336;270
336;271
336;272
336;273
336;274
336;275
336;276
336;277
336;278
336;279
336;280
336;281
336;282
336;283
336;284
336;285
336;286
336;287
336;288
336;305
336;306
336;307
336;308
336;309
336;310
336;311
336;312
336;313
336;314
336;315
336;316
336;317
336;318
336;319
336;320
336;321
336;322
336;323
336;324
336;325
336;326
336;327
336;328
336;329
336;330
336;331
336;332
336;333
336;334
336;335
336;336
336;337
336;338
336;339
336;340
336;341
336;342
336;343
336;344
336;345
336;346
336;347
336;348
336;349
336;350
336;351
336;426
336;427
336;428
336;429
336;430
336;431
336;432
336;433
336;434
336;435
336;436
336;437
336;438
336;439
336;440
336;441
336;442
336;443
336;444
336;445
336;446
336;447
336;448
336;449
336;450
336;451
336;452
336;453
336;454
336;455
336;456
336;457
336;458
336;459
336;460
336;461
336;462
336;463
336;464
336;465
336;466
336;467
336;468
336;469
336;470
336;471
336;472
336;473
336;474
337;115
337;116
337;117
337;118
337;119
337;120
337;121
337;122
337;123
337;124
337;125
337;126
337;127
337;128
337;129
337;130
337;131
337;132
337;133
337;134
337;135
337;136
337;137
337;138
337;139
337;140
337;141
337;142
337;143
337;144
337;145
337;146
337;147
337;148
337;149
337;150
337;151
337;152
337;153
337;154
337;155
337;156
337;157
337;158
337;159
337;160
337;161
337;162
337;163
337;164
337;165
337;166
337;167
337;168
337;169
337;170
337;171
337;172
337;173
337;174
337;175
337;176
337;177
337;178
337;179
337;180
337;181
337;182
337;183
337;184
337;185
337;186
337;187
337;188
337;189
337;190
337;191
337;192
337;193
337;194
337;195
337;196
337;197
337;198
337;199
337;200
337;201
337;202
337;203
337;204
337;205
337;206
337;207
337;208
337;209
337;210
337;211
337;212
337;213
337;214
337;215
337;216
337;217
337;218
337;219
337;220
337;221
337;222
337;223
337;224
337;225
337;226
337;227
337;228
337;229
337;230
337;231
337;232
337;233
337;234
337;235
337;236
337;237
337;238
337;239
337;240
337;241
337;242
337;243
337;244
337;245
337;246
337;247
337;248
337;249
337;250
337;251
337;252
337;253
337;254
337;255
337;256
337;257
337;258
337;259
337;260
337;261
337;262
337;263
337;264
337;265
337;266
337;267
337;268
337;269
337;270
337;271
337;272
337;273
337;274
337;275
337;276
337;277
337;278
337;279
337;280
337;281
337;282
337;283
337;284
337;285
337;286
337;287
337;288
337;304
337;305
337;306
337;307
337;308
337;309
337;310
337;311
337;312
337;313
337;314
337;315
337;316
337;317
337;318
337;319
337;320
337;321
337;322
337;323
337;324
337;325
337;326
337;327
337;328
337;329
337;330
337;331
337;332
337;333
337;334
337;335
337;336
337;337
337;338
337;339
337;340
337;341
337;342
337;343
337;344
337;345
337;346
337;347
337;348
337;349
337;350
337;351
337;352
337;426
337;427
337;428
337;429
337;430
337;431
337;432
337;433
337;434
337;435
337;436
337;437
337;438
337;439
337;440
337;441
337;442
337;443
337;444
337;445
337;446
337;447
337;448
337;449
337;450
337;451
337;452
337;453
337;454
337;455
337;456
337;457
337;458
337;459
337;460
337;461
337;462
337;463
337;464
337;465
337;466
337;467
337;468
337;469
337;470
337;471
337;472
337;473
337;474
337;475
337;476
338;116
338;117
338;118
338;119
338;120
338;121
338;122
338;123
338;124
338;125
338;126
338;127
338;128
338;129
338;130
338;131
338;132
338;133
338;134
338;135
338;136
338;137
338;138
338;139
338;140
338;141
338;142
338;143
338;144
338;145
338;146
338;147
338;148
338;149
338;150
338;151
338;152
338;153
338;154
338;155
338;156
338;157
338;158
338;159
338;160
338;161
338;162
338;163
338;164
338;165
338;166
338;167
338;168
338;169
338;170
338;171
338;172
338;173
338;174
338;175
338;176
338;177
338;178
338;179
338;180
338;181
338;182
338;183
338;184
338;185
338;186
338;187
338;188
338;189
338;190
338;191
338;192
338;193
338;194
338;195
338;196
338;197
338;198
338;199
338;200
338;201
338;202
338;203
338;204
338;205
338;206
338;207
338;208
338;209
338;210
338;211
338;212
338;213
338;214
338;215
338;216
338;217
338;218
338;219
338;220
338;221
338;222
338;223
338;224
338;225
338;226
338;227
338;228
338;229
338;230
338;231
338;232
338;233
338;234
338;235
338;236
338;237
338;238
338;239
338;240
338;241
338;242
338;243
338;244
338;245
338;246
338;247
338;248
338;249
338;250
338;251
338;252
338;253
338;254
338;255
338;256
338;257
338;258
338;259
338;260
338;261
338;262
338;263
338;264
338;265
338;266
338;267
338;268
338;269
338;270
338;271
338;272
338;273
338;274
338;275
338;276
338;277
338;278
338;279
338;280
338;281
338;282
338;283
338;284
338;285
338;286
338;287
338;288
338;289
338;303
338;304
338;305
338;306
338;307
338;308
338;309
338;310
338;311
338;312
338;313
338;314
338;315
338;316
338;317
338;318
338;319
338;320
338;321
338;322
338;323
338;324
338;325
338;326
338;327
338;328
338;329
338;330
338;331
338;332
338;333
338;334
338;335
338;336
338;337
338;338
338;339
338;340
338;341
338;342
338;343
338;344
338;345
338;346
338;347
338;348
338;349
338;350
338;351
338;352
338;426
338;427
338;428
338;429
338;430
338;431
338;432
338;433
338;434
338;435
338;436
338;437
338;438
338;439
338;440
338;441
338;442
338;443
338;444
338;445
338;446
338;447
338;448
338;449
338;450
338;451
338;452
338;453
338;454
338;455
338;456
338;457
338;458
338;459
338;460
338;461
338;462
338;463
338;464
338;465
338;466
338;467
338;468
338;469
338;470
338;471
338;472
338;473
338;474
338;475
338;476
338;477
338;478
339;117
339;118
339;119
339;120
339;121
339;122
339;123
339;124
339;125
339;126
339;127
339;128
339;129
339;130
339;131
339;132
339;133
339;134
339;135
339;136
339;137
339;138
339;139
339;140
339;141
339;142
339;143
339;144
339;145
339;146
339;147
339;148
339;149
339;150
339;151
339;152
339;153
339;154
339;155
339;156
339;157
339;158
339;159
339;160
339;161
339;162
339;163
339;164
339;165
339;166
339;167
339;168
339;169
339;170
339;171
339;172
339;173
339;174
339;175
339;176
339;177
339;178
339;179
339;180
339;181
339;182
339;183
339;184
339;185
339;186
339;187
339;188
339;189
339;190
339;191
339;192
339;193
339;194
339;195
339;196
339;197
339;198
339;199
339;200
339;201
339;202
339;203
339;204
339;205
339;206
339;207
339;208
339;209
339;210
339;211
339;212
339;213
339;214
339;215
339;216
339;217
339;218
339;219
339;220
339;221
339;222
339;223
339;224
339;225
339;226
339;227
339;228
339;229
339;230
339;231
339;232
339;233
339;234
339;235
339;236
339;237
339;238
339;239
339;240
339;241
339;242
339;243
339;244
339;245
339;246
339;247
339;248
339;249
339;250
339;251
339;252
339;253
339;254
339;255
339;256
339;257
339;258
339;259
339;260
339;261
339;262
339;263
339;264
339;265
339;266
339;267
339;268
339;269
339;270
339;271
339;272
339;273
339;274
339;275
339;276
339;277
339;278
339;279
339;280
339;281
339;282
339;283
339;284
339;285
339;286
339;287
339;288
339;289
339;302
339;303
339;304
339;305
339;306
339;307
339;308
339;309
339;310
339;311
339;312
339;313
339;314
339;315
339;316
339;317
339;318
339;319
339;320
339;321
339;322
339;323
339;324
339;325
339;326
339;327
339;328
339;329
339;330
339;331
339;332
339;333
339;334
339;335
339;336
339;337
339;338
339;339
339;340
339;341
339;342
339;343
339;344
339;345
339;346
339;347
339;348
339;349
339;350
339;351
339;352
339;426
339;427
339;428
339;429
339;430
339;431
339;432
339;433
339;434
339;435
339;436
339;437
339;438
339;439
339;440
339;441
339;442
339;443
339;444
339;445
339;446
339;447
339;448
339;449
339;450
339;451
339;452
339;453
339;454
339;455
339;456
339;457
339;458
339;459
339;460
339;461
339;462
339;463
339;464
339;465
339;466
339;467
339;468
339;469
339;470
339;471
339;472
339;473
339;474
339;475
339;476
339;477
339;478
339;479
340;117
340;118
340;119
340;120
340;121
340;122
340;123
340;124
340;125
340;126
340;127
340;128
340;129
340;130
340;131
340;132
340;133
340;134
340;135
340;136
340;137
340;138
340;139
340;140
340;141
340;142
340;143
340;144
340;145
340;146
340;147
340;148
340;149
340;150
340;151
340;152
340;153
340;154
340;155
340;156
340;157
340;158
340;159
340;160
340;161
340;162
340;163
340;164
340;165
340;166
340;167
340;168
340;169
340;170
340;171
340;172
340;173
340;174
340;175
340;176
340;177
340;178
340;179
340;180
340;181
340;182
340;183
340;184
340;185
340;186
340;187
340;188
340;189
340;190
340;191
340;192
340;193
340;194
340;195
340;196
340;197
340;198
340;199
340;200
340;201
340;202
340;203
340;204
340;205
340;206
340;207
340;208
340;209
340;210
340;211
340;212
340;213
340;214
340;215
340;216
340;217
340;218
340;219
340;220
340;221
340;222
340;223
340;224
340;225
340;226
340;227
340;228
340;229
340;230
340;231
340;232
340;233
340;234
340;235
340;236
340;237
340;238
340;239
340;240
340;241
340;242
340;243
340;244
340;245
340;246
340;247
340;248
340;249
340;250
340;251
340;252
340;253
340;254
340;255
340;256
340;257
340;258
340;259
340;260
340;261
340;262
340;263
340;264
340;265
340;266
340;267
340;268
340;269
340;270
340;271
340;272
340;273
340;274
340;275
340;276
340;277
340;278
340;279
340;280
340;281
340;282
340;283
340;284
340;285
340;286
340;287
340;288
340;289
340;301
340;302
340;303
340;304
340;305
340;306
340;307
340;308
340;309
340;310
340;311
340;312
340;313
340;314
340;315
340;316
340;317
340;318
340;319
340;320
340;321
340;322
340;323
340;324
340;325
340;326
340;327
340;328
340;329
340;330
340;331
340;332
340;333
340;334
340;335
340;336
340;337
340;338
340;339
340;340
340;341
340;342
340;343
340;344
340;345
340;346
340;347
340;348
340;349
340;350
340;351
340;352
340;426
340;427
340;428
340;429
340;430
340;431
340;432
340;433
340;434
340;435
340;436
340;437
340;438
340;439
340;440
340;441
340;442
340;443
340;444
340;445
340;446
340;447
340;448
340;449
340;450
340;451
340;452
340;453
340;454
340;455
340;456
340;457
340;458
340;459
340;460
340;461
340;462
340;463
340;464
340;465
340;466
340;467
340;468
340;469
340;470
340;471
340;472
340;473
340;474
340;475
340;476
340;477
340;478
340;479
340;480
340;481
341;118
341;119
341;120
341;121
341;122
341;123
341;124
341;125
341;126
341;127
341;128
341;129
341;130
341;131
341;132
341;133
341;134
341;135
341;136
341;137
341;138
341;139
341;140
341;141
341;142
341;143
341;144
341;145
341;146
341;147
341;148
341;149
341;150
341;151
341;152
341;153
341;154
341;155
341;156
341;157
341;158
341;159
341;160
341;161
341;162
341;163
341;164
341;165
341;166
341;167
341;168
341;169
341;170
341;171
341;172
341;173
341;174
341;175
341;176
341;177
341;178
341;179
341;180
341;181
341;182
341;183
341;184
341;185
341;186
341;187
341;188
341;189
341;190
341;191
341;192
341;193
341;194
341;195
341;196
341;197
341;198
341;199
341;200
341;201
341;202
341;203
341;204
341;205
341;206
341;207
341;208
341;209
341;210
341;211
341;212
341;213
341;214
341;215
341;216
341;217
341;218
341;219
341;220
341;221
341;222
341;223
341;224
341;225
341;226
341;227
341;228
341;229
341;230
341;231
341;232
341;233
341;234
341;235
341;236
341;237
341;238
341;239
341;240
341;241
341;242
341;243
341;244
341;245
341;246
341;247
341;248
341;249
341;250
341;251
341;252
341;253
341;254
341;255
341;256
341;257
341;258
341;259
341;260
341;261
341;262
341;263
341;264
341;265
341;266
341;267
341;268
341;269
341;270
341;271
341;272
341;273
341;274
341;275
341;276
341;277
341;278
341;279
341;280
341;281
341;282
341;283
341;284
341;285
341;286
341;287
341;288
341;289
341;300
341;301
341;302
341;303
341;304
341;305
341;306
341;307
341;308
341;309
341;310
341;311
341;312
341;313
341;314
341;315
341;316
341;317
341;318
341;319
341;320
341;321
341;322
341;323
341;324
341;325
341;326
341;327
341;328
341;329
341;330
341;331
341;332
341;333
341;334
341;335
341;336
341;337
341;338
341;339
341;340
341;341
341;342
341;343
341;344
341;345
341;346
341;347
341;348
341;349
341;350
341;351
341;352
341;353
341;426
341;427
341;428
341;429
341;430
341;431
341;432
341;433
341;434
341;435
341;436
341;437
341;438
341;439
341;440
341;441
341;442
341;443
341;444
341;445
341;446
341;447
341;448
341;449
341;450
341;451
341;452
341;453
341;454
341;455
341;456
341;457
341;458
341;459
341;460
341;461
341;462
341;463
341;464
341;465
341;466
341;467
341;468
341;469
341;470
341;471
341;472
341;473
341;474
341;475
341;476
341;477
341;478
341;479
341;480
341;481
341;482
342;118
342;119
342;120
342;121
342;122
342;123
342;124
342;125
342;126
342;127
342;128
342;129
342;130
342;131
342;132
342;133
342;134
342;135
342;136
342;137
342;138
342;139
342;140
342;141
342;142
342;143
342;144
342;145
342;146
342;147
342;148
342;149
342;150
342;151
342;152
342;153
342;154
342;155
342;156
342;157
342;158
342;159
342;160
342;161
342;162
342;163
342;164
342;165
342;166
342;167
342;168
342;169
342;170
342;171
342;172
342;173
342;174
342;175
342;176
342;177
342;178
342;179
342;180
342;181
342;182
342;183
342;184
342;185
342;186
342;187
342;188
342;189
342;190
342;191
342;192
342;193
342;194
342;195
342;196
342;197
342;198
342;199
342;200
342;201
342;202
342;203
342;204
342;205
342;206
342;207
342;208
342;209
342;210
342;211
342;212
342;213
342;214
342;215
342;216
342;217
342;218
342;219
342;220
342;221
342;222
342;223
342;224
342;225
342;226
342;227
342;228
342;229
342;230
342;231
342;232
342;233
342;234
342;235
342;236
342;237
342;238
342;239
342;240
342;241
342;242
342;243
342;244
342;245
342;246
342;247
342;248
342;249
342;250
342;251
342;252
342;253
342;254
342;255
342;256
342;257
342;258
342;259
342;260
342;261
342;262
342;263
342;264
342;265
342;266
342;267
342;268
342;269
342;270
342;271
342;272
342;273
342;274
342;275
342;276
342;277
342;278
342;279
342;280
342;281
342;282
342;283
342;284
342;285
342;286
342;287
342;288
342;289
342;299
342;300
342;301
342;302
342;303
342;304
342;305
342;306
342;307
342;308
342;309
342;310
342;311
342;312
342;313
342;314
342;315
342;316
342;317
342;318
342;319
342;320
342;321
342;322
342;323
342;324
342;325
342;326
342;327
342;328
342;329
342;330
342;331
342;332
342;333
342;334
342;335
342;336
342;337
342;338
342;339
342;340
342;341
342;342
342;343
342;344
342;345
342;346
342;347
342;348
342;349
342;350
342;351
342;352
342;353
342;426
342;427
342;428
342;429
342;430
342;431
342;432
342;433
342;434
342;435
342;436
342;437
342;438
342;439
342;440
342;441
342;442
342;443
342;444
342;445
342;446
342;447
342;448
342;449
342;450
342;451
342;452
342;453
342;454
342;455
342;456
342;457
342;458
342;459
342;460
342;461
342;462
342;463
342;464
342;465
342;466
342;467
342;468
342;469
342;470
342;471
342;472
342;473
342;474
342;475
342;476
342;477
342;478
342;479
342;480
342;481
342;482
342;483
342;484
343;60
343;119
343;120
343;121
343;122
343;123
343;124
343;125
343;126
343;127
343;128
343;129
343;130
343;131
343;132
343;133
343;134
343;135
343;136
343;137
343;138
343;139
343;140
343;141
343;142
343;143
343;144
343;145
343;146
343;147
343;148
343;149
343;150
343;151
343;152
343;153
343;154
343;155
343;156
343;157
343;158
343;159
343;160
343;161
343;162
343;163
343;164
343;165
343;166
343;167
343;168
343;169
343;170
343;171
343;172
343;173
343;174
343;175
343;176
343;177
343;178
343;179
343;180
343;181
343;182
343;183
343;184
343;185
343;186
343;187
343;188
343;189
343;190
343;191
343;192
343;193
343;194
343;195
343;196
343;197
343;198
343;199
343;200
343;201
343;202
343;203
343;204
343;205
343;206
343;207
343;208
343;209
343;210
343;211
343;212
343;213
343;214
343;215
343;216
343;217
343;218
343;219
343;220
343;221
343;222
343;223
343;224
343;225
343;226
343;227
343;228
343;229
343;230
343;231
343;232
343;233
343;234
343;235
343;236
343;237
343;238
343;239
343;240
343;241
343;242
343;243
343;244
343;245
343;246
343;247
343;248
343;249
343;250
343;251
343;252
343;253
343;254
343;255
343;256
343;257
343;258
343;259
343;260
343;261
343;262
343;263
343;264
343;265
343;266
343;267
343;268
343;269
343;270
343;271
343;272
343;273
343;274
343;275
343;276
343;277
343;278
343;279
343;280
343;281
343;282
343;283
343;284
343;285
343;286
343;287
343;288
343;289
343;298
343;299
343;300
343;301
343;302
343;303
343;304
343;305
343;306
343;307
343;308
343;309
343;310
343;311
343;312
343;313
343;314
343;315
343;316
343;317
343;318
343;319
343;320
343;321
343;322
343;323
343;324
343;325
343;326
343;327
343;328
343;329
343;330
343;331
343;332
343;333
343;334
343;335
343;336
343;337
343;338
343;339
343;340
343;341
343;342
343;343
343;344
343;345
343;346
343;347
343;348
343;349
343;350
343;351
343;352
343;353
343;426
343;427
343;428
343;429
343;430
343;431
343;432
343;433
343;434
343;435
343;436
343;437
343;438
343;439
343;440
343;441
343;442
343;443
343;444
343;445
343;446
343;447
343;448
343;449
343;450
343;451
343;452
343;453
343;454
343;455
343;456
343;457
343;458
343;459
343;460
343;461
343;462
343;463
343;464
343;465
343;466
343;467
343;468
343;469
343;470
343;471
343;472
343;473
343;474
343;475
343;476
343;477
343;478
343;479
343;480
343;481
343;482
343;483
343;484
343;485
344;58
344;59
344;60
344;61
344;120
344;121
344;122
344;123
344;124
344;125
344;126
344;127
344;128
344;129
344;130
344;131
344;132
344;133
344;134
344;135
344;136
344;137
344;138
344;139
344;140
344;141
344;142
344;143
344;144
344;145
344;146
344;147
344;148
344;149
344;150
344;151
344;152
344;153
344;154
344;155
344;156
344;157
344;158
344;159
344;160
344;161
344;162
344;163
344;164
344;165
344;166
344;167
344;168
344;169
344;170
344;171
344;172
344;173
344;174
344;175
344;176
344;177
344;178
344;179
344;180
344;181
344;182
344;183
344;184
344;185
344;186
344;187
344;188
344;189
344;190
344;191
344;192
344;193
344;194
344;195
344;196
344;197
344;198
344;199
344;200
344;201
344;202
344;203
344;204
344;205
344;206
344;207
344;208
344;209
344;210
344;211
344;212
344;213
344;214
344;215
344;216
344;217
344;218
344;219
344;220
344;221
344;222
344;223
344;224
344;225
344;226
344;227
344;228
344;229
344;230
344;231
344;232
344;233
344;234
344;235
344;236
344;237
344;238
344;239
344;240
344;241
344;242
344;243
344;244
344;245
344;246
344;247
344;248
344;249
344;250
344;251
344;252
344;253
344;254
344;255
344;256
344;257
344;258
344;259
344;260
344;261
344;262
344;263
344;264
344;265
344;266
344;267
344;268
344;269
344;270
344;271
344;272
344;273
344;274
344;275
344;276
344;277
344;278
344;279
344;280
344;281
344;282
344;283
344;284
344;285
344;286
344;287
344;288
344;289
344;297
344;298
344;299
344;300
344;301
344;302
344;303
344;304
344;305
344;306
344;307
344;308
344;309
344;310
344;311
344;312
344;313
344;314
344;315
344;316
344;317
344;318
344;319
344;320
344;321
344;322
344;323
344;324
344;325
344;326
344;327
344;328
344;329
344;330
344;331
344;332
344;333
344;334
344;335
344;336
344;337
344;338
344;339
344;340
344;341
344;342
344;343
344;344
344;345
344;346
344;347
344;348
344;349
344;350
344;351
344;352
344;353
344;354
344;425
344;426
344;427
344;428
344;429
344;430
344;431
344;432
344;433
344;434
344;435
344;436
344;437
344;438
344;439
344;440
344;441
344;442
344;443
344;444
344;445
344;446
344;447
344;448
344;449
344;450
344;451
344;452
344;453
344;454
344;455
344;456
344;457
344;458
344;459
344;460
344;461
344;462
344;463
344;464
344;465
344;466
344;467
344;468
344;469
344;470
344;471
344;472
344;473
344;474
344;475
344;476
344;477
344;478
344;479
344;480
344;481
344;482
344;483
344;484
344;485
344;486
344;487
345;57
345;58
345;59
345;60
345;61
345;62
345;121
345;122
345;123
345;124
345;125
345;126
345;127
345;128
345;129
345;130
345;131
345;132
345;133
345;134
345;135
345;136
345;137
345;138
345;139
345;140
345;141
345;142
345;143
345;144
345;145
345;146
345;147
345;148
345;149
345;150
345;151
345;152
345;153
345;154
345;155
345;156
345;157
345;158
345;159
345;160
345;161
345;162
345;163
345;164
345;165
345;166
345;167
345;168
345;169
345;170
345;171
345;172
345;173
345;174
345;175
345;176
345;177
345;178
345;179
345;180
345;181
345;182
345;183
345;184
345;185
345;186
345;187
345;188
345;189
345;190
345;191
345;192
345;193
345;195
345;196
345;197
345;198
345;199
345;200
345;201
345;202
345;203
345;204
345;205
345;206
345;207
345;208
345;209
345;210
345;211
345;212
345;213
345;214
345;215
345;216
345;217
345;218
345;219
345;220
345;221
345;222
345;223
345;224
345;225
345;226
345;227
345;228
345;229
345;230
345;231
345;232
345;233
345;234
345;235
345;236
345;237
345;238
345;239
345;240
345;241
345;242
345;243
345;244
345;245
345;246
345;247
345;248
345;249
345;250
345;251
345;252
345;253
345;254
345;255
345;256
345;257
345;258
345;259
345;260
345;261
345;262
345;263
345;264
345;265
345;266
345;267
345;268
345;269
345;270
345;271
345;272
345;273
345;274
345;275
345;276
345;277
345;278
345;279
345;280
345;281
345;282
345;283
345;284
345;285
345;286
345;287
345;288
345;289
345;296
345;297
345;298
345;299
345;300
345;301
345;302
345;303
345;304
345;305
345;306
345;307
345;308
345;309
345;310
345;311
345;312
345;313
345;314
345;315
345;316
345;317
345;318
345;319
345;320
345;321
345;322
345;323
345;324
345;325
345;326
345;327
345;328
345;329
345;330
345;331
345;332
345;333
345;334
345;335
345;336
345;337
345;338
345;339
345;340
345;341
345;342
345;343
345;344
345;345
345;346
345;347
345;348
345;349
345;350
345;351
345;352
345;353
345;354
345;425
345;426
345;427
345;428
345;429
345;430
345;431
345;432
345;433
345;434
345;435
345;436
345;437
345;438
345;439
345;440
345;441
345;442
345;443
345;444
345;445
345;446
345;447
345;448
345;449
345;450
345;451
345;452
345;453
345;454
345;455
345;456
345;457
345;458
345;459
345;460
345;461
345;462
345;463
345;464
345;465
345;466
345;467
345;468
345;469
345;470
345;471
345;472
345;473
345;474
345;475
345;476
345;477
345;478
345;479
345;480
345;481
345;482
345;483
345;484
345;485
345;486
345;487
345;488
345;489
346;55
346;56
346;57
346;58
346;59
346;60
346;61
346;62
346;122
346;123
346;124
346;125
346;126
346;127
346;128
346;129
346;130
346;131
346;132
346;133
346;134
346;135
346;136
346;137
346;138
346;139
346;140
346;141
346;142
346;143
346;144
346;145
346;146
346;147
346;148
346;149
346;150
346;151
346;152
346;153
346;154
346;155
346;156
346;157
346;158
346;159
346;160
346;161
346;162
346;163
346;164
346;165
346;166
346;167
346;168
346;169
346;170
346;171
346;172
346;173
346;174
346;175
346;176
346;177
346;178
346;179
346;180
346;181
346;182
346;183
346;184
346;185
346;186
346;187
346;188
346;189
346;190
346;191
346;192
346;197
346;198
346;199
346;200
346;201
346;202
346;203
346;204
346;205
346;206
346;207
346;208
346;209
346;210
346;211
346;212
346;213
346;214
346;215
346;216
346;217
346;218
346;219
346;220
346;221
346;222
346;223
346;224
346;225
346;226
346;227
346;228
346;229
346;230
346;231
346;232
346;233
346;234
346;235
346;236
346;237
346;238
346;239
346;240
346;241
346;242
346;243
346;244
346;245
346;246
346;247
346;248
346;249
346;250
346;251
346;252
346;253
346;254
346;255
346;256
346;257
346;258
346;259
346;260
346;261
346;262
346;263
346;264
346;265
346;266
346;267
346;268
346;269
346;270
346;271
346;272
346;273
346;274
346;275
346;276
346;277
346;278
346;279
346;280
346;281
346;282
346;283
346;284
346;285
346;286
346;287
346;288
346;289
346;290
346;295
346;296
346;297
346;298
346;299
346;300
346;301
346;302
346;303
346;304
346;305
346;306
346;307
346;308
346;309
346;310
346;311
346;312
346;313
346;314
346;315
346;316
346;317
346;318
346;319
346;320
346;321
346;322
346;323
346;324
346;325
346;326
346;327
346;328
346;329
346;330
346;331
346;332
346;333
346;334
346;335
346;336
346;337
346;338
346;339
346;340
346;341
346;342
346;343
346;344
346;345
346;346
346;347
346;348
346;349
346;350
346;351
346;352
346;353
346;354
346;425
346;426
346;427
346;428
346;429
346;430
346;431
346;432
346;433
346;434
346;435
346;436
346;437
346;438
346;439
346;440
346;441
346;442
346;443
346;444
346;445
346;446
346;447
346;448
346;449
346;450
346;451
346;452
346;453
346;454
346;455
346;456
346;457
346;458
346;459
346;460
346;461
346;462
346;463
346;464
346;465
346;466
346;467
346;468
346;469
346;470
346;471
346;472
346;473
346;474
346;475
346;476
346;477
346;478
346;479
346;480
346;481
346;482
346;483
346;484
346;485
346;486
346;487
346;488
346;489
346;490
347;54
347;55
347;56
347;57
347;58
347;59
347;60
347;61
347;62
347;63
347;122
347;123
347;124
347;125
347;126
347;127
347;128
347;129
347;130
347;131
347;132
347;133
347;134
347;135
347;136
347;137
347;138
347;139
347;140
347;141
347;142
347;143
347;144
347;145
347;146
347;147
347;148
347;149
347;150
347;151
347;152
347;153
347;154
347;155
347;156
347;157
347;158
347;159
347;160
347;161
347;162
347;163
347;164
347;165
347;166
347;167
347;168
347;169
347;170
347;171
347;172
347;173
347;174
347;175
347;176
347;177
347;178
347;179
347;180
347;181
347;182
347;183
347;184
347;185
347;186
347;187
347;188
347;189
347;190
347;191
347;199
347;200
347;201
347;202
347;203
347;204
347;205
347;206
347;207
347;208
347;209
347;210
347;211
347;212
347;213
347;214
347;215
347;216
347;217
347;218
347;219
347;220
347;221
347;222
347;223
347;224
347;225
347;226
347;227
347;228
347;229
347;230
347;231
347;232
347;233
347;234
347;235
347;236
347;237
347;238
347;239
347;240
347;241
347;242
347;243
347;244
347;245
347;246
347;247
347;248
347;249
347;250
347;251
347;252
347;253
347;254
347;255
347;256
347;257
347;258
347;259
347;260
347;261
347;262
347;263
347;264
347;265
347;266
347;267
347;268
347;269
347;270
347;271
347;272
347;273
347;274
347;275
347;276
347;277
347;278
347;279
347;280
347;281
347;282
347;283
347;284
347;285
347;286
347;287
347;288
347;289
347;290
347;294
347;295
347;296
347;297
347;298
347;299
347;300
347;301
347;302
347;303
347;304
347;305
347;306
347;307
347;308
347;309
347;310
347;311
347;312
347;313
347;314
347;315
347;316
347;317
347;318
347;319
347;320
347;321
347;322
347;323
347;324
347;325
347;326
347;327
347;328
347;329
347;330
347;331
347;332
347;333
347;334
347;335
347;336
347;337
347;338
347;339
347;340
347;341
347;342
347;343
347;344
347;345
347;346
347;347
347;348
347;349
347;350
347;351
347;352
347;353
347;354
347;425
347;426
347;427
347;428
347;429
347;430
347;431
347;432
347;433
347;434
347;435
347;436
347;437
347;438
347;439
347;440
347;441
347;442
347;443
347;444
347;445
347;446
347;447
347;448
347;449
347;450
347;451
347;452
347;453
347;454
347;455
347;456
347;457
347;458
347;459
347;460
347;461
347;462
347;463
347;464
347;465
347;466
347;467
347;468
347;469
347;470
347;471
347;472
347;473
347;474
347;475
347;476
347;477
347;478
347;479
347;480
347;481
347;482
347;483
347;484
347;485
347;486
347;487
347;488
347;489
347;490
347;491
347;492
348;52
348;53
348;54
348;55
348;56
348;57
348;58
348;59
348;60
348;61
348;62
348;63
348;64
348;123
348;124
348;125
348;126
348;127
348;128
348;129
348;130
348;131
348;132
348;133
348;134
348;135
348;136
348;137
348;138
348;139
348;140
348;141
348;142
348;143
348;144
348;145
348;146
348;147
348;148
348;149
348;150
348;151
348;152
348;153
348;154
348;155
348;156
348;157
348;158
348;159
348;160
348;161
348;162
348;163
348;164
348;165
348;166
348;167
348;168
348;169
348;170
348;171
348;172
348;173
348;174
348;175
348;176
348;177
348;178
348;179
348;180
348;181
348;182
348;183
348;184
348;185
348;186
348;187
348;188
348;189
348;190
348;202
348;203
348;204
348;205
348;206
348;207
348;208
348;209
348;210
348;211
348;212
348;213
348;214
348;215
348;216
348;217
348;218
348;219
348;220
348;221
348;222
348;223
348;224
348;225
348;226
348;227
348;228
348;229
348;230
348;231
348;232
348;233
348;234
348;235
348;236
348;237
348;238
348;239
348;240
348;241
348;242
348;243
348;244
348;245
348;246
348;247
348;248
348;249
348;250
348;251
348;252
348;253
348;254
348;255
348;256
348;257
348;258
348;259
348;260
348;261
348;262
348;263
348;264
348;265
348;266
348;267
348;268
348;269
348;270
348;271
348;272
348;273
348;274
348;275
348;276
348;277
348;278
348;279
348;280
348;281
348;282
348;283
348;284
348;285
348;286
348;287
348;288
348;289
348;290
348;293
348;294
348;295
348;296
348;297
348;298
348;299
348;300
348;301
348;302
348;303
348;304
348;305
348;306
348;307
348;308
348;309
348;310
348;311
348;312
348;313
348;314
348;315
348;316
348;317
348;318
348;319
348;320
348;321
348;322
348;323
348;324
348;325
348;326
348;327
348;328
348;329
348;330
348;331
348;332
348;333
348;334
348;335
348;336
348;337
348;338
348;339
348;340
348;341
348;342
348;343
348;344
348;345
348;346
348;347
348;348
348;349
348;350
348;351
348;352
348;353
348;354
348;355
348;425
348;426
348;427
348;428
348;429
348;430
348;431
348;432
348;433
348;434
348;435
348;436
348;437
348;438
348;439
348;440
348;441
348;442
348;443
348;444
348;445
348;446
348;447
348;448
348;449
348;450
348;451
348;452
348;453
348;454
348;455
348;456
348;457
348;458
348;459
348;460
348;461
348;462
348;463
348;464
348;465
348;466
348;467
348;468
348;469
348;470
348;471
348;472
348;473
348;474
348;475
348;476
348;477
348;478
348;479
348;480
348;481
348;482
348;483
348;484
348;485
348;486
348;487
348;488
348;489
348;490
348;491
348;492
348;493
349;51
349;52
349;53
349;54
349;55
349;56
349;57
349;58
349;59
349;60
349;61
349;62
349;63
349;64
349;124
349;125
349;126
349;127
349;128
349;129
349;130
349;131
349;132
349;133
349;134
349;135
349;136
349;137
349;138
349;139
349;140
349;141
349;142
349;143
349;144
349;145
349;146
349;147
349;148
349;149
349;150
349;151
349;152
349;153
349;154
349;155
349;156
349;157
349;158
349;159
349;160
349;161
349;162
349;163
349;164
349;165
349;166
349;167
349;168
349;169
349;170
349;171
349;172
349;173
349;174
349;175
349;176
349;177
349;178
349;179
349;180
349;181
349;182
349;183
349;184
349;185
349;186
349;187
349;188
349;189
349;204
349;205
349;206
349;207
349;208
349;209
349;210
349;211
349;212
349;213
349;214
349;215
349;216
349;217
349;218
349;219
349;220
349;221
349;222
349;223
349;224
349;225
349;226
349;227
349;228
349;229
349;230
349;231
349;232
349;233
349;234
349;235
349;236
349;237
349;238
349;239
349;240
349;241
349;242
349;243
349;244
349;245
349;246
349;247
349;248
349;249
349;250
349;251
349;252
349;253
349;254
349;255
349;256
349;257
349;258
349;259
349;260
349;261
349;262
349;263
349;264
349;265
349;266
349;267
349;268
349;269
349;270
349;271
349;272
349;273
349;274
349;275
349;276
349;277
349;278
349;279
349;280
349;281
349;282
349;283
349;284
349;285
349;286
349;287
349;288
349;289
349;290
349;292
349;293
349;294
349;295
349;296
349;297
349;298
349;299
349;300
349;301
349;302
349;303
349;304
349;305
349;306
349;307
349;308
349;309
349;310
349;311
349;312
349;313
349;314
349;315
349;316
349;317
349;318
349;319
349;320
349;321
349;322
349;323
349;324
349;325
349;326
349;327
349;328
349;329
349;330
349;331
349;332
349;333
349;334
349;335
349;336
349;337
349;338
349;339
349;340
349;341
349;342
349;343
349;344
349;345
349;346
349;347
349;348
349;349
349;350
349;351
349;352
349;353
349;354
349;355
349;425
349;426
349;427
349;428
349;429
349;430
349;431
349;432
349;433
349;434
349;435
349;436
349;437
349;438
349;439
349;440
349;441
349;442
349;443
349;444
349;445
349;446
349;447
349;448
349;449
349;450
349;451
349;452
349;453
349;454
349;455
349;456
349;457
349;458
349;459
349;460
349;461
349;462
349;463
349;464
349;465
349;466
349;467
349;468
349;469
349;470
349;471
349;472
349;473
349;474
349;475
349;476
349;477
349;478
349;479
349;480
349;481
349;482
349;483
349;484
349;485
349;486
349;487
349;488
349;489
349;490
349;491
349;492
349;493
349;494
349;495
350;49
350;50
350;51
350;52
350;53
350;54
350;55
350;56
350;57
350;58
350;59
350;60
350;61
350;62
350;63
350;64
350;65
350;125
350;126
350;127
350;128
350;129
350;130
350;131
350;132
350;133
350;134
350;135
350;136
350;137
350;138
350;139
350;140
350;141
350;142
350;143
350;144
350;145
350;146
350;147
350;148
350;149
350;150
350;151
350;152
350;153
350;154
350;155
350;156
350;157
350;158
350;159
350;160
350;161
350;162
350;163
350;164
350;165
350;166
350;167
350;168
350;169
350;170
350;171
350;172
350;173
350;174
350;175
350;176
350;177
350;178
350;179
350;180
350;181
350;182
350;183
350;184
350;185
350;186
350;187
350;188
350;207
350;208
350;209
350;210
350;211
350;212
350;213
350;214
350;215
350;216
350;217
350;218
350;219
350;220
350;221
350;222
350;223
350;224
350;225
350;226
350;227
350;228
350;229
350;230
350;231
350;232
350;233
350;234
350;235
350;236
350;237
350;238
350;239
350;240
350;241
350;242
350;243
350;244
350;245
350;246
350;247
350;248
350;249
350;250
350;251
350;252
350;253
350;254
350;255
350;256
350;257
350;258
350;259
350;260
350;261
350;262
350;263
350;264
350;265
350;266
350;267
350;268
350;269
350;270
350;271
350;272
350;273
350;274
350;275
350;276
350;277
350;278
350;279
350;280
350;281
350;282
350;283
350;284
350;285
350;286
350;287
350;288
350;289
350;290
350;291
350;292
350;293
350;294
350;295
350;296
350;297
350;298
350;299
350;300
350;301
350;302
350;303
350;304
350;305
350;306
350;307
350;308
350;309
350;310
350;311
350;312
350;313
350;314
350;315
350;316
350;317
350;318
350;319
350;320
350;321
350;322
350;323
350;324
350;325
350;326
350;327
350;328
350;329
350;330
350;331
350;332
350;333
350;334
350;335
350;336
350;337
350;338
350;339
350;340
350;341
350;342
350;343
350;344
350;345
350;346
350;347
350;348
350;349
350;350
350;351
350;352
350;353
350;354
350;355
350;425
350;426
350;427
350;428
350;429
350;430
350;431
350;432
350;433
350;434
350;435
350;436
350;437
350;438
350;439
350;440
350;441
350;442
350;443
350;444
350;445
350;446
350;447
350;448
350;449
350;450
350;451
350;452
350;453
350;454
350;455
350;456
350;457
350;458
350;459
350;460
350;461
350;462
350;463
350;464
350;465
350;466
350;467
350;468
350;469
350;470
350;471
350;472
350;473
350;474
350;475
350;476
350;477
350;478
350;479
350;480
350;481
350;482
350;483
350;484
350;485
350;486
350;487
350;488
350;489
350;490
350;491
350;492
350;493
350;494
350;495
350;496
351;48
351;49
351;50
351;51
351;52
351;53
351;54
351;55
351;56
351;57
351;58
351;59
351;60
351;61
351;62
351;63
351;64
351;65
351;66
351;127
351;128
351;129
351;130
351;131
351;132
351;133
351;134
351;135
351;136
351;137
351;138
351;139
351;140
351;141
351;142
351;143
351;144
351;145
351;146
351;147
351;148
351;149
351;150
351;151
351;152
351;153
351;154
351;155
351;156
351;157
351;158
351;159
351;160
351;161
351;162
351;163
351;164
351;165
351;166
351;167
351;168
351;169
351;170
351;171
351;172
351;173
351;174
351;175
351;176
351;177
351;178
351;179
351;180
351;181
351;182
351;183
351;184
351;185
351;186
351;187
351;209
351;210
351;211
351;212
351;213
351;214
351;215
351;216
351;217
351;218
351;219
351;220
351;221
351;222
351;223
351;224
351;225
351;226
351;227
351;228
351;229
351;230
351;231
351;232
351;233
351;234
351;235
351;236
351;237
351;238
351;239
351;240
351;241
351;242
351;243
351;244
351;245
351;246
351;247
351;248
351;249
351;250
351;251
351;252
351;253
351;254
351;255
351;256
351;257
351;258
351;259
351;260
351;261
351;262
351;263
351;264
351;265
351;266
351;267
351;268
351;269
351;270
351;271
351;272
351;273
351;274
351;275
351;276
351;277
351;278
351;279
351;280
351;281
351;282
351;283
351;284
351;285
351;286
351;287
351;288
351;289
351;290
351;291
351;292
351;293
351;294
351;295
351;296
351;297
351;298
351;299
351;300
351;301
351;302
351;303
351;304
351;305
351;306
351;307
351;308
351;309
351;310
351;311
351;312
351;313
351;314
351;315
351;316
351;317
351;318
351;319
351;320
351;321
351;322
351;323
351;324
351;325
351;326
351;327
351;328
351;329
351;330
351;331
351;332
351;333
351;334
351;335
351;336
351;337
351;338
351;339
351;340
351;341
351;342
351;343
351;344
351;345
351;346
351;347
351;348
351;349
351;350
351;351
351;352
351;353
351;354
351;355
351;356
351;425
351;426
351;427
351;428
351;429
351;430
351;431
351;432
351;433
351;434
351;435
351;436
351;437
351;438
351;439
351;440
351;441
351;442
351;443
351;444
351;445
351;446
351;447
351;448
351;449
351;450
351;451
351;452
351;453
351;454
351;455
351;456
351;457
351;458
351;459
351;460
351;461
351;462
351;463
351;464
351;465
351;466
351;467
351;468
351;469
351;470
351;471
351;472
351;473
351;474
351;475
351;476
351;477
351;478
351;479
351;480
351;481
351;482
351;483
351;484
351;485
351;486
351;487
351;488
351;489
351;490
351;491
351;492
351;493
351;494
351;495
351;496
351;497
351;498
352;46
352;47
352;48
352;49
352;50
352;51
352;52
352;53
352;54
352;55
352;56
352;57
352;58
352;59
352;60
352;61
352;62
352;63
352;64
352;65
352;66
352;128
352;129
352;130
352;131
352;132
352;133
352;134
352;135
352;136
352;137
352;138
352;139
352;140
352;141
352;142
352;143
352;144
352;145
352;146
352;147
352;148
352;149
352;150
352;151
352;152
352;153
352;154
352;155
352;156
352;157
352;158
352;159
352;160
352;161
352;162
352;163
352;164
352;165
352;166
352;167
352;168
352;169
352;170
352;171
352;172
352;173
352;174
352;175
352;176
352;177
352;178
352;179
352;180
352;181
352;182
352;183
352;184
352;185
352;186
352;211
352;212
352;213
352;214
352;215
352;216
352;217
352;218
352;219
352;220
352;221
352;222
352;223
352;224
352;225
352;226
352;227
352;228
352;229
352;230
352;231
352;232
352;233
352;234
352;235
352;236
352;237
352;238
352;239
352;240
352;241
352;242
352;243
352;244
352;245
352;246
352;247
352;248
352;249
352;250
352;251
352;252
352;253
352;254
352;255
352;256
352;257
352;258
352;259
352;260
352;261
352;262
352;263
352;264
352;265
352;266
352;267
352;268
352;269
352;270
352;271
352;272
352;273
352;274
352;275
352;276
352;277
352;278
352;279
352;280
352;281
352;282
352;283
352;284
352;285
352;286
352;287
352;288
352;289
352;290
352;291
352;292
352;293
352;294
352;295
352;296
352;297
352;298
352;299
352;300
352;301
352;302
352;303
352;304
352;305
352;306
352;307
352;308
352;309
352;310
352;311
352;312
352;313
352;314
352;315
352;316
352;317
352;318
352;319
352;320
352;321
352;322
352;323
352;324
352;325
352;326
352;327
352;328
352;329
352;330
352;331
352;332
352;333
352;334
352;335
352;336
352;337
352;338
352;339
352;340
352;341
352;342
352;343
352;344
352;345
352;346
352;347
352;348
352;349
352;350
352;351
352;352
352;353
352;354
352;355
352;356
352;425
352;426
352;427
352;428
352;429
352;430
352;431
352;432
352;433
352;434
352;435
352;436
352;437
352;438
352;439
352;440
352;441
352;442
352;443
352;444
352;445
352;446
352;447
352;448
352;449
352;450
352;451
352;452
352;453
352;454
352;455
352;456
352;457
352;458
352;459
352;460
352;461
352;462
352;463
352;464
352;465
352;466
352;467
352;468
352;469
352;470
352;471
352;472
352;473
352;474
352;475
352;476
352;477
352;478
352;479
352;480
352;481
352;482
352;483
352;484
352;485
352;486
352;487
352;488
352;489
352;490
352;491
352;492
352;493
352;494
352;495
352;496
352;497
352;498
352;499
353;45
353;46
353;47
353;48
353;49
353;50
353;51
353;52
353;53
353;54
353;55
353;56
353;57
353;58
353;59
353;60
353;61
353;62
353;63
353;64
353;65
353;66
353;67
353;129
353;130
353;131
353;132
353;133
353;134
353;135
353;136
353;137
353;138
353;139
353;140
353;141
353;142
353;143
353;144
353;145
353;146
353;147
353;148
353;149
353;150
353;151
353;152
353;153
353;154
353;155
353;156
353;157
353;158
353;159
353;160
353;161
353;162
353;163
353;164
353;165
353;166
353;167
353;168
353;169
353;170
353;171
353;172
353;173
353;174
353;175
353;176
353;177
353;178
353;179
353;180
353;181
353;182
353;183
353;184
353;214
353;215
353;216
353;217
353;218
353;219
353;220
353;221
353;222
353;223
353;224
353;225
353;226
353;227
353;228
353;229
353;230
353;231
353;232
353;233
353;234
353;235
353;236
353;237
353;238
353;239
353;240
353;241
353;242
353;243
353;244
353;245
353;246
353;247
353;248
353;249
353;250
353;251
353;252
353;253
353;254
353;255
353;256
353;257
353;258
353;259
353;260
353;261
353;262
353;263
353;264
353;265
353;266
353;267
353;268
353;269
353;270
353;271
353;272
353;273
353;274
353;275
353;276
353;277
353;278
353;279
353;280
353;281
353;282
353;283
353;284
353;285
353;286
353;287
353;288
353;289
353;290
353;291
353;292
353;293
353;294
353;295
353;296
353;297
353;298
353;299
353;300
353;301
353;302
353;303
353;304
353;305
353;306
353;307
353;308
353;309
353;310
353;311
353;312
353;313
353;314
353;315
353;316
353;317
353;318
353;319
353;320
353;321
353;322
353;323
353;324
353;325
353;326
353;327
353;328
353;329
353;330
353;331
353;332
353;333
353;334
353;335
353;336
353;337
353;338
353;339
353;340
353;341
353;342
353;343
353;344
353;345
353;346
353;347
353;348
353;349
353;350
353;351
353;352
353;353
353;354
353;355
353;356
353;425
353;426
353;427
353;428
353;429
353;430
353;431
353;432
353;433
353;434
353;435
353;436
353;437
353;438
353;439
353;440
353;441
353;442
353;443
353;444
353;445
353;446
353;447
353;448
353;449
353;450
353;451
353;452
353;453
353;454
353;455
353;456
353;457
353;458
353;459
353;460
353;461
353;462
353;463
353;464
353;465
353;466
353;467
353;468
353;469
353;470
353;471
353;472
353;473
353;474
353;475
353;476
353;477
353;478
353;479
353;480
353;481
353;482
353;483
353;484
353;485
353;486
353;487
353;488
353;489
353;490
353;491
353;492
353;493
353;494
353;495
353;496
353;497
353;498
353;499
354;43
354;44
354;45
354;46
354;47
354;48
354;49
354;50
354;51
354;52
354;53
354;54
354;55
354;56
354;57
354;58
354;59
354;60
354;61
354;62
354;63
354;64
354;65
354;66
354;67
354;68
354;131
354;132
354;133
354;134
354;135
354;136
354;137
354;138
354;139
354;140
354;141
354;142
354;143
354;144
354;145
354;146
354;147
354;148
354;149
354;150
354;151
354;152
354;153
354;154
354;155
354;156
354;157
354;158
354;159
354;160
354;161
354;162
354;163
354;164
354;165
354;166
354;167
354;168
354;169
354;170
354;171
354;172
354;173
354;174
354;175
354;176
354;177
354;178
354;179
354;180
354;181
354;182
354;183
354;216
354;217
354;218
354;219
354;220
354;221
354;222
354;223
354;224
354;225
354;226
354;227
354;228
354;229
354;230
354;231
354;232
354;233
354;234
354;235
354;236
354;237
354;238
354;239
354;240
354;241
354;242
354;243
354;244
354;245
354;246
354;247
354;248
354;249
354;250
354;251
354;252
354;253
354;254
354;255
354;256
354;257
354;258
354;259
354;260
354;261
354;262
354;263
354;264
354;265
354;266
354;267
354;268
354;269
354;270
354;271
354;272
354;273
354;274
354;275
354;276
354;277
354;278
354;279
354;280
354;281
354;282
354;283
354;284
354;285
354;286
354;287
354;288
354;289
354;290
354;291
354;292
354;293
354;294
354;295
354;296
354;297
354;298
354;299
354;300
354;301
354;302
354;303
354;304
354;305
354;306
354;307
354;308
354;309
354;310
354;311
354;312
354;313
354;314
354;315
354;316
354;317
354;318
354;319
354;320
354;321
354;322
354;323
354;324
354;325
354;326
354;327
354;328
354;329
354;330
354;331
354;332
354;333
354;334
354;335
354;336
354;337
354;338
354;339
354;340
354;341
354;342
354;343
354;344
354;345
354;346
354;347
354;348
354;349
354;350
354;351
354;352
354;353
354;354
354;355
354;356
354;425
354;426
354;427
354;428
354;429
354;430
354;431
354;432
354;433
354;434
354;435
354;436
354;437
354;438
354;439
354;440
354;441
354;442
354;443
354;444
354;445
354;446
354;447
354;448
354;449
354;450
354;451
354;452
354;453
354;454
354;455
354;456
354;457
354;458
354;459
354;460
354;461
354;462
354;463
354;464
354;465
354;466
354;467
354;468
354;469
354;470
354;471
354;472
354;473
354;474
354;475
354;476
354;477
354;478
354;479
354;480
354;481
354;482
354;483
354;484
354;485
354;486
354;487
354;488
354;489
354;490
354;491
354;492
354;493
354;494
354;495
354;496
354;497
354;498
354;499
355;42
355;43
355;44
355;45
355;46
355;47
355;48
355;49
355;50
355;51
355;52
355;53
355;54
355;55
355;56
355;57
355;58
355;59
355;60
355;61
355;62
355;63
355;64
355;65
355;66
355;67
355;68
355;132
355;133
355;134
355;135
355;136
355;137
355;138
355;139
355;140
355;141
355;142
355;143
355;144
355;145
355;146
355;147
355;148
355;149
355;150
355;151
355;152
355;153
355;154
355;155
355;156
355;157
355;158
355;159
355;160
355;161
355;162
355;163
355;164
355;165
355;166
355;167
355;168
355;169
355;170
355;171
355;172
355;173
355;174
355;175
355;176
355;177
355;178
355;179
355;180
355;181
355;182
355;219
355;220
355;221
355;222
355;223
355;224
355;225
355;226
355;227
355;228
355;229
355;230
355;231
355;232
355;233
355;234
355;235
355;236
355;237
355;238
355;239
355;240
355;241
355;242
355;243
355;244
355;245
355;246
355;247
355;248
355;249
355;250
355;251
355;252
355;253
355;254
355;255
355;256
355;257
355;258
355;259
355;260
355;261
355;262
355;263
355;264
355;265
355;266
355;267
355;268
355;269
355;270
355;271
355;272
355;273
355;274
355;275
355;276
355;277
355;278
355;279
355;280
355;281
355;282
355;283
355;284
355;285
355;286
355;287
355;288
355;289
355;290
355;291
355;292
355;293
355;294
355;295
355;296
355;297
355;298
355;299
355;300
355;301
355;302
355;303
355;304
355;305
355;306
355;307
355;308
355;309
355;310
355;311
355;312
355;313
355;314
355;315
355;316
355;317
355;318
355;319
355;320
355;321
355;322
355;323
355;324
355;325
355;326
355;327
355;328
355;329
355;330
355;331
355;332
355;333
355;334
355;335
355;336
355;337
355;338
355;339
355;340
355;341
355;342
355;343
355;344
355;345
355;346
355;347
355;348
355;349
355;350
355;351
355;352
355;353
355;354
355;355
355;356
355;357
355;425
355;426
355;427
355;428
355;429
355;430
355;431
355;432
355;433
355;434
355;435
355;436
355;437
355;438
355;439
355;440
355;441
355;442
355;443
355;444
355;445
355;446
355;447
355;448
355;449
355;450
355;451
355;452
355;453
355;454
355;455
355;456
355;457
355;458
355;459
355;460
355;461
355;462
355;463
355;464
355;465
355;466
355;467
355;468
355;469
355;470
355;471
355;472
355;473
355;474
355;475
355;476
355;477
355;478
355;479
355;480
355;481
355;482
355;483
355;484
355;485
355;486
355;487
355;488
355;489
355;490
355;491
355;492
355;493
355;494
355;495
355;496
355;497
355;498
355;499
356;40
356;41
356;42
356;43
356;44
356;45
356;46
356;47
356;48
356;49
356;50
356;51
356;52
356;53
356;54
356;55
356;56
356;57
356;58
356;59
356;60
356;61
356;62
356;63
356;64
356;65
356;66
356;67
356;68
356;69
356;134
356;135
356;136
356;137
356;138
356;139
356;140
356;141
356;142
356;143
356;144
356;145
356;146
356;147
356;148
356;149
356;150
356;151
356;152
356;153
356;154
356;155
356;156
356;157
356;158
356;159
356;160
356;161
356;162
356;163
356;164
356;165
356;166
356;167
356;168
356;169
356;170
356;171
356;172
356;173
356;174
356;175
356;176
356;177
356;178
356;179
356;180
356;221
356;222
356;223
356;224
356;225
356;226
356;227
356;228
356;229
356;230
356;231
356;232
356;233
356;234
356;235
356;236
356;237
356;238
356;239
356;240
356;241
356;242
356;243
356;244
356;245
356;246
356;247
356;248
356;249
356;250
356;251
356;252
356;253
356;254
356;255
356;256
356;257
356;258
356;259
356;260
356;261
356;262
356;263
356;264
356;265
356;266
356;267
356;268
356;269
356;270
356;271
356;272
356;273
356;274
356;275
356;276
356;277
356;278
356;279
356;280
356;281
356;282
356;283
356;284
356;285
356;286
356;287
356;288
356;289
356;290
356;291
356;292
356;293
356;294
356;295
356;296
356;297
356;298
356;299
356;300
356;301
356;302
356;303
356;304
356;305
356;306
356;307
356;308
356;309
356;310
356;311
356;312
356;313
356;314
356;315
356;316
356;317
356;318
356;319
356;320
356;321
356;322
356;323
356;324
356;325
356;326
356;327
356;328
356;329
356;330
356;331
356;332
356;333
356;334
356;335
356;336
356;337
356;338
356;339
356;340
356;341
356;342
356;343
356;344
356;345
356;346
356;347
356;348
356;349
356;350
356;351
356;352
356;353
356;354
356;355
356;356
356;357
356;425
356;426
356;427
356;428
356;429
356;430
356;431
356;432
356;433
356;434
356;435
356;436
356;437
356;438
356;439
356;440
356;441
356;442
356;443
356;444
356;445
356;446
356;447
356;448
356;449
356;450
356;451
356;452
356;453
356;454
356;455
356;456
356;457
356;458
356;459
356;460
356;461
356;462
356;463
356;464
356;465
356;466
356;467
356;468
356;469
356;470
356;471
356;472
356;473
356;474
356;475
356;476
356;477
356;478
356;479
356;480
356;481
356;482
356;483
356;484
356;485
356;486
356;487
356;488
356;489
356;490
356;491
356;492
356;493
356;494
356;495
356;496
356;497
356;498
356;499
357;39
357;40
357;41
357;42
357;43
357;44
357;45
357;46
357;47
357;48
357;49
357;50
357;51
357;52
357;53
357;54
357;55
357;56
357;57
357;58
357;59
357;60
357;61
357;62
357;63
357;64
357;65
357;66
357;67
357;68
357;69
357;70
357;136
357;137
357;138
357;139
357;140
357;141
357;142
357;143
357;144
357;145
357;146
357;147
357;148
357;149
357;150
357;151
357;152
357;153
357;154
357;155
357;156
357;157
357;158
357;159
357;160
357;161
357;162
357;163
357;164
357;165
357;166
357;167
357;168
357;169
357;170
357;171
357;172
357;173
357;174
357;175
357;176
357;177
357;178
357;223
357;224
357;225
357;226
357;227
357;228
357;229
357;230
357;231
357;232
357;233
357;234
357;235
357;236
357;237
357;238
357;239
357;240
357;241
357;242
357;243
357;244
357;245
357;246
357;247
357;248
357;249
357;250
357;251
357;252
357;253
357;254
357;255
357;256
357;257
357;258
357;259
357;260
357;261
357;262
357;263
357;264
357;265
357;266
357;267
357;268
357;269
357;270
357;271
357;272
357;273
357;274
357;275
357;276
357;277
357;278
357;279
357;280
357;281
357;282
357;283
357;284
357;285
357;286
357;287
357;288
357;289
357;290
357;291
357;292
357;293
357;294
357;295
357;296
357;297
357;298
357;299
357;300
357;301
357;302
357;303
357;304
357;305
357;306
357;307
357;308
357;309
357;310
357;311
357;312
357;313
357;314
357;315
357;316
357;317
357;318
357;319
357;320
357;321
357;322
357;323
357;324
357;325
357;326
357;327
357;328
357;329
357;330
357;331
357;332
357;333
357;334
357;335
357;336
357;337
357;338
357;339
357;340
357;341
357;342
357;343
357;344
357;345
357;346
357;347
357;348
357;349
357;350
357;351
357;352
357;353
357;354
357;355
357;356
357;357
357;425
357;426
357;427
357;428
357;429
357;430
357;431
357;432
357;433
357;434
357;435
357;436
357;437
357;438
357;439
357;440
357;441
357;442
357;443
357;444
357;445
357;446
357;447
357;448
357;449
357;450
357;451
357;452
357;453
357;454
357;455
357;456
357;457
357;458
357;459
357;460
357;461
357;462
357;463
357;464
357;465
357;466
357;467
357;468
357;469
357;470
357;471
357;472
357;473
357;474
357;475
357;476
357;477
357;478
357;479
357;480
357;481
357;482
357;483
357;484
357;485
357;486
357;487
357;488
357;489
357;490
357;491
357;492
357;493
357;494
357;495
357;496
357;497
357;498
357;499
358;37
358;38
358;39
358;40
358;41
358;42
358;43
358;44
358;45
358;46
358;47
358;48
358;49
358;50
358;51
358;52
358;53
358;54
358;55
358;56
358;57
358;58
358;59
358;60
358;61
358;62
358;63
358;64
358;65
358;66
358;67
358;68
358;69
358;70
358;138
358;139
358;140
358;141
358;142
358;143
358;144
358;145
358;146
358;147
358;148
358;149
358;150
358;151
358;152
358;153
358;154
358;155
358;156
358;157
358;158
358;159
358;160
358;161
358;162
358;163
358;164
358;165
358;166
358;167
358;168
358;169
358;170
358;171
358;172
358;173
358;174
358;175
358;176
358;226
358;227
358;228
358;229
358;230
358;231
358;232
358;233
358;234
358;235
358;236
358;237
358;238
358;239
358;240
358;241
358;242
358;243
358;244
358;245
358;246
358;247
358;248
358;249
358;250
358;251
358;252
358;253
358;254
358;255
358;256
358;257
358;258
358;259
358;260
358;261
358;262
358;263
358;264
358;265
358;266
358;267
358;268
358;269
358;270
358;271
358;272
358;273
358;274
358;275
358;276
358;277
358;278
358;279
358;280
358;281
358;282
358;283
358;284
358;285
358;286
358;287
358;288
358;289
358;290
358;291
358;292
358;293
358;294
358;295
358;296
358;297
358;298
358;299
358;300
358;301
358;302
358;303
358;304
358;305
358;306
358;307
358;308
358;309
358;310
358;311
358;312
358;313
358;314
358;315
358;316
358;317
358;318
358;319
358;320
358;321
358;322
358;323
358;324
358;325
358;326
358;327
358;328
358;329
358;330
358;331
358;332
358;333
358;334
358;335
358;336
358;337
358;338
358;339
358;340
358;341
358;342
358;343
358;344
358;345
358;346
358;347
358;348
358;349
358;350
358;351
358;352
358;353
358;354
358;355
358;356
358;357
358;358
358;425
358;426
358;427
358;428
358;429
358;430
358;431
358;432
358;433
358;434
358;435
358;436
358;437
358;438
358;439
358;440
358;441
358;442
358;443
358;444
358;445
358;446
358;447
358;448
358;449
358;450
358;451
358;452
358;453
358;454
358;455
358;456
358;457
358;458
358;459
358;460
358;461
358;462
358;463
358;464
358;465
358;466
358;467
358;468
358;469
358;470
358;471
358;472
358;473
358;474
358;475
358;476
358;477
358;478
358;479
358;480
358;481
358;482
358;483
358;484
358;485
358;486
358;487
358;488
358;489
358;490
358;491
358;492
358;493
358;494
358;495
358;496
358;497
358;498
358;499
359;36
359;37
359;38
359;39
359;40
359;41
359;42
359;43
359;44
359;45
359;46
359;47
359;48
359;49
359;50
359;51
359;52
359;53
359;54
359;55
359;56
359;57
359;58
359;59
359;60
359;61
359;62
359;63
359;64
359;65
359;66
359;67
359;68
359;69
359;70
359;71
359;140
359;141
359;142
359;143
359;144
359;145
359;146
359;147
359;148
359;149
359;150
359;151
359;152
359;153
359;154
359;155
359;156
359;157
359;158
359;159
359;160
359;161
359;162
359;163
359;164
359;165
359;166
359;167
359;168
359;169
359;170
359;171
359;172
359;173
359;174
359;228
359;229
359;230
359;231
359;232
359;233
359;234
359;235
359;236
359;237
359;238
359;239
359;240
359;241
359;242
359;243
359;244
359;245
359;246
359;247
359;248
359;249
359;250
359;251
359;252
359;253
359;254
359;255
359;256
359;257
359;258
359;259
359;260
359;261
359;262
359;263
359;264
359;265
359;266
359;267
359;268
359;269
359;270
359;271
359;272
359;273
359;274
359;275
359;276
359;277
359;278
359;279
359;280
359;281
359;282
359;283
359;284
359;285
359;286
359;287
359;288
359;289
359;290
359;291
359;292
359;293
359;294
359;295
359;296
359;297
359;298
359;299
359;300
359;301
359;302
359;303
359;304
359;305
359;306
359;307
359;308
359;309
359;310
359;311
359;312
359;313
359;314
359;315
359;316
359;317
359;318
359;319
359;320
359;321
359;322
359;323
359;324
359;325
359;326
359;327
359;328
359;329
359;330
359;331
359;332
359;333
359;334
359;335
359;336
359;337
359;338
359;339
359;340
359;341
359;342
359;343
359;344
359;345
359;346
359;347
359;348
359;349
359;350
359;351
359;352
359;353
359;354
359;355
359;356
359;357
359;358
359;425
359;426
359;427
359;428
359;429
359;430
359;431
359;432
359;433
359;434
359;435
359;436
359;437
359;438
359;439
359;440
359;441
359;442
359;443
359;444
359;445
359;446
359;447
359;448
359;449
359;450
359;451
359;452
359;453
359;454
359;455
359;456
359;457
359;458
359;459
359;460
359;461
359;462
359;463
359;464
359;465
359;466
359;467
359;468
359;469
359;470
359;471
359;472
359;473
359;474
359;475
359;476
359;477
359;478
359;479
359;480
359;481
359;482
359;483
359;484
359;485
359;486
359;487
359;488
359;489
359;490
359;491
359;492
359;493
359;494
359;495
359;496
359;497
359;498
359;499
360;34
360;35
360;36
360;37
360;38
360;39
360;40
360;41
360;42
360;43
360;44
360;45
360;46
360;47
360;48
360;49
360;50
360;51
360;52
360;53
360;54
360;55
360;56
360;57
360;58
360;59
360;60
360;61
360;62
360;63
360;64
360;65
360;66
360;67
360;68
360;69
360;70
360;71
360;72
360;143
360;144
360;145
360;146
360;147
360;148
360;149
360;150
360;151
360;152
360;153
360;154
360;155
360;156
360;157
360;158
360;159
360;160
360;161
360;162
360;163
360;164
360;165
360;166
360;167
360;168
360;169
360;170
360;171
360;231
360;232
360;233
360;234
360;235
360;236
360;237
360;238
360;239
360;240
360;241
360;242
360;243
360;244
360;245
360;246
360;247
360;248
360;249
360;250
360;251
360;252
360;253
360;254
360;255
360;256
360;257
360;258
360;259
360;260
360;261
360;262
360;263
360;264
360;265
360;266
360;267
360;268
360;269
360;270
360;271
360;272
360;273
360;274
360;275
360;276
360;277
360;278
360;279
360;280
360;281
360;282
360;283
360;284
360;285
360;286
360;287
360;288
360;289
360;290
360;291
360;292
360;293
360;294
360;295
360;296
360;297
360;298
360;299
360;300
360;301
360;302
360;303
360;304
360;305
360;306
360;307
360;308
360;309
360;310
360;311
360;312
360;313
360;314
360;315
360;316
360;317
360;318
360;319
360;320
360;321
360;322
360;323
360;324
360;325
360;326
360;327
360;328
360;329
360;330
360;331
360;332
360;333
360;334
360;335
360;336
360;337
360;338
360;339
360;340
360;341
360;342
360;343
360;344
360;345
360;346
360;347
360;348
360;349
360;350
360;351
360;352
360;353
360;354
360;355
360;356
360;357
360;358
360;425
360;426
360;427
360;428
360;429
360;430
360;431
360;432
360;433
360;434
360;435
360;436
360;437
360;438
360;439
360;440
360;441
360;442
360;443
360;444
360;445
360;446
360;447
360;448
360;449
360;450
360;451
360;452
360;453
360;454
360;455
360;456
360;457
360;458
360;459
360;460
360;461
360;462
360;463
360;464
360;465
360;466
360;467
360;468
360;469
360;470
360;471
360;472
360;473
360;474
360;475
360;476
360;477
360;478
360;479
360;480
360;481
360;482
360;483
360;484
360;485
360;486
360;487
360;488
360;489
360;490
360;491
360;492
360;493
360;494
360;495
360;496
360;497
360;498
360;499
361;33
361;34
361;35
361;36
361;37
361;38
361;39
361;40
361;41
361;42
361;43
361;44
361;45
361;46
361;47
361;48
361;49
361;50
361;51
361;52
361;53
361;54
361;55
361;56
361;57
361;58
361;59
361;60
361;61
361;62
361;63
361;64
361;65
361;66
361;67
361;68
361;69
361;70
361;71
361;72
361;146
361;147
361;148
361;149
361;150
361;151
361;152
361;153
361;154
361;155
361;156
361;157
361;158
361;159
361;160
361;161
361;162
361;163
361;164
361;165
361;166
361;167
361;233
361;234
361;235
361;236
361;237
361;238
361;239
361;240
361;241
361;242
361;243
361;244
361;245
361;246
361;247
361;248
361;249
361;250
361;251
361;252
361;253
361;254
361;255
361;256
361;257
361;258
361;259
361;260
361;261
361;262
361;263
361;264
361;265
361;266
361;267
361;268
361;269
361;270
361;271
361;272
361;273
361;274
361;275
361;276
361;277
361;278
361;279
361;280
361;281
361;282
361;283
361;284
361;285
361;286
361;287
361;288
361;289
361;290
361;291
361;292
361;293
361;294
361;295
361;296
361;297
361;298
361;299
361;300
361;301
361;302
361;303
361;304
361;305
361;306
361;307
361;308
361;309
361;310
361;311
361;312
361;313
361;314
361;315
361;316
361;317
361;318
361;319
361;320
361;321
361;322
361;323
361;324
361;325
361;326
361;327
361;328
361;329
361;330
361;331
361;332
361;333
361;334
361;335
361;336
361;337
361;338
361;339
361;340
361;341
361;342
361;343
361;344
361;345
361;346
361;347
361;348
361;349
361;350
361;351
361;352
361;353
361;354
361;355
361;356
361;357
361;358
361;425
361;426
361;427
361;428
361;429
361;430
361;431
361;432
361;433
361;434
361;435
361;436
361;437
361;438
361;439
361;440
361;441
361;442
361;443
361;444
361;445
361;446
361;447
361;448
361;449
361;450
361;451
361;452
361;453
361;454
361;455
361;456
361;457
361;458
361;459
361;460
361;461
361;462
361;463
361;464
361;465
361;466
361;467
361;468
361;469
361;470
361;471
361;472
361;473
361;474
361;475
361;476
361;477
361;478
361;479
361;480
361;481
361;482
361;483
361;484
361;485
361;486
361;487
361;488
361;489
361;490
361;491
361;492
361;493
361;494
361;495
361;496
361;497
361;498
361;499
362;32
362;33
362;34
362;35
362;36
362;37
362;38
362;39
362;40
362;41
362;42
362;43
362;44
362;45
362;46
362;47
362;48
362;49
362;50
362;51
362;52
362;53
362;54
362;55
362;56
362;57
362;58
362;59
362;60
362;61
362;62
362;63
362;64
362;65
362;66
362;67
362;68
362;69
362;70
362;71
362;72
362;73
362;152
362;153
362;154
362;155
362;156
362;157
362;158
362;159
362;160
362;161
362;235
362;236
362;237
362;238
362;239
362;240
362;241
362;242
362;243
362;244
362;245
362;246
362;247
362;248
362;249
362;250
362;251
362;252
362;253
362;254
362;255
362;256
362;257
362;258
362;259
362;260
362;261
362;262
362;263
362;264
362;265
362;266
362;267
362;268
362;269
362;270
362;271
362;272
362;273
362;274
362;275
362;276
362;277
362;278
362;279
362;280
362;281
362;282
362;283
362;284
362;285
362;286
362;287
362;288
362;289
362;290
362;291
362;292
362;293
362;294
362;295
362;296
362;297
362;298
362;299
362;300
362;301
362;302
362;303
362;304
362;305
362;306
362;307
362;308
362;309
362;310
362;311
362;312
362;313
362;314
362;315
362;316
362;317
362;318
362;319
362;320
362;321
362;322
362;323
362;324
362;325
362;326
362;327
362;328
362;329
362;330
362;331
362;332
362;333
362;334
362;335
362;336
362;337
362;338
362;339
362;340
362;341
362;342
362;343
362;344
362;345
362;346
362;347
362;348
362;349
362;350
362;351
362;352
362;353
362;354
362;355
362;356
362;357
362;358
362;359
362;425
362;426
362;427
362;428
362;429
362;430
362;431
362;432
362;433
362;434
362;435
362;436
362;437
362;438
362;439
362;440
362;441
362;442
362;443
362;444
362;445
362;446
362;447
362;448
362;449
362;450
362;451
362;452
362;453
362;454
362;455
362;456
362;457
362;458
362;459
362;460
362;461
362;462
362;463
362;464
362;465
362;466
362;467
362;468
362;469
362;470
362;471
362;472
362;473
362;474
362;475
362;476
362;477
362;478
362;479
362;480
362;481
362;482
362;483
362;484
362;485
362;486
362;487
362;488
362;489
362;490
362;491
362;492
362;493
362;494
362;495
362;496
362;497
362;498
362;499
363;30
363;31
363;32
363;33
363;34
363;35
363;36
363;37
363;38
363;39
363;40
363;41
363;42
363;43
363;44
363;45
363;46
363;47
363;48
363;49
363;50
363;51
363;52
363;53
363;54
363;55
363;56
363;57
363;58
363;59
363;60
363;61
363;62
363;63
363;64
363;65
363;66
363;67
363;68
363;69
363;70
363;71
363;72
363;73
363;74
363;238
363;239
363;240
363;241
363;242
363;243
363;244
363;245
363;246
363;247
363;248
363;249
363;250
363;251
363;252
363;253
363;254
363;255
363;256
363;257
363;258
363;259
363;260
363;261
363;262
363;263
363;264
363;265
363;266
363;267
363;268
363;269
363;270
363;271
363;272
363;273
363;274
363;275
363;276
363;277
363;278
363;279
363;280
363;281
363;282
363;283
363;284
363;285
363;286
363;287
363;288
363;289
363;290
363;291
363;292
363;293
363;294
363;295
363;296
363;297
363;298
363;299
363;300
363;301
363;302
363;303
363;304
363;305
363;306
363;307
363;308
363;309
363;310
363;311
363;312
363;313
363;314
363;315
363;316
363;317
363;318
363;319
363;320
363;321
363;322
363;323
363;324
363;325
363;326
363;327
363;328
363;329
363;330
363;331
363;332
363;333
363;334
363;335
363;336
363;337
363;338
363;339
363;340
363;341
363;342
363;343
363;344
363;345
363;346
363;347
363;348
363;349
363;350
363;351
363;352
363;353
363;354
363;355
363;356
363;357
363;358
363;359
363;425
363;426
363;427
363;428
363;429
363;430
363;431
363;432
363;433
363;434
363;435
363;436
363;437
363;438
363;439
363;440
363;441
363;442
363;443
363;444
363;445
363;446
363;447
363;448
363;449
363;450
363;451
363;452
363;453
363;454
363;455
363;456
363;457
363;458
363;459
363;460
363;461
363;462
363;463
363;464
363;465
363;466
363;467
363;468
363;469
363;470
363;471
363;472
363;473
363;474
363;475
363;476
363;477
363;478
363;479
363;480
363;481
363;482
363;483
363;484
363;485
363;486
363;487
363;488
363;489
363;490
363;491
363;492
363;493
363;494
363;495
363;496
363;497
363;498
363;499
364;29
364;30
364;31
364;32
364;33
364;34
364;35
364;36
364;37
364;38
364;39
364;40
364;41
364;42
364;43
364;44
364;45
364;46
364;47
364;48
364;49
364;50
364;51
364;52
364;53
364;54
364;55
364;56
364;57
364;58
364;59
364;60
364;61
364;62
364;63
364;64
364;65
364;66
364;67
364;68
364;69
364;70
364;71
364;72
364;73
364;74
364;240
364;241
364;242
364;243
364;244
364;245
364;246
364;247
364;248
364;249
364;250
364;251
364;252
364;253
364;254
364;255
364;256
364;257
364;258
364;259
364;260
364;261
364;262
364;263
364;264
364;265
364;266
364;267
364;268
364;269
364;270
364;271
364;272
364;273
364;274
364;275
364;276
364;277
364;278
364;279
364;280
364;281
364;282
364;283
364;284
364;285
364;286
364;287
364;288
364;289
364;290
364;291
364;292
364;293
364;294
364;295
364;296
364;297
364;298
364;299
364;300
364;301
364;302
364;303
364;304
364;305
364;306
364;307
364;308
364;309
364;310
364;311
364;312
364;313
364;314
364;315
364;316
364;317
364;318
364;319
364;320
364;321
364;322
364;323
364;324
364;325
364;326
364;327
364;328
364;329
364;330
364;331
364;332
364;333
364;334
364;335
364;336
364;337
364;338
364;339
364;340
364;341
364;342
364;343
364;344
364;345
364;346
364;347
364;348
364;349
364;350
364;351
364;352
364;353
364;354
364;355
364;356
364;357
364;358
364;359
364;425
364;426
364;427
364;428
364;429
364;430
364;431
364;432
364;433
364;434
364;435
364;436
364;437
364;438
364;439
364;440
364;441
364;442
364;443
364;444
364;445
364;446
364;447
364;448
364;449
364;450
364;451
364;452
364;453
364;454
364;455
364;456
364;457
364;458
364;459
364;460
364;461
364;462
364;463
364;464
364;465
364;466
364;467
364;468
364;469
364;470
364;471
364;472
364;473
364;474
364;475
364;476
364;477
364;478
364;479
364;480
364;481
364;482
364;483
364;484
364;485
364;486
364;487
364;488
364;489
364;490
364;491
364;492
364;493
364;494
364;495
364;496
364;497
364;498
364;499
365;27
365;28
365;29
365;30
365;31
365;32
365;33
365;34
365;35
365;36
365;37
365;38
365;39
365;40
365;41
365;42
365;43
365;44
365;45
365;46
365;47
365;48
365;49
365;50
365;51
365;52
365;53
365;54
365;55
365;56
365;57
365;58
365;59
365;60
365;61
365;62
365;63
365;64
365;65
365;66
365;67
365;68
365;69
365;70
365;71
365;72
365;73
365;74
365;75
365;243
365;244
365;245
365;246
365;247
365;248
365;249
365;250
365;251
365;252
365;253
365;254
365;255
365;256
365;257
365;258
365;259
365;260
365;261
365;262
365;263
365;264
365;265
365;266
365;267
365;268
365;269
365;270
365;271
365;272
365;273
365;274
365;275
365;276
365;277
365;278
365;279
365;280
365;281
365;282
365;283
365;284
365;285
365;286
365;287
365;288
365;289
365;290
365;291
365;292
365;293
365;294
365;295
365;296
365;297
365;298
365;299
365;300
365;301
365;302
365;303
365;304
365;305
365;306
365;307
365;308
365;309
365;310
365;311
365;312
365;313
365;314
365;315
365;316
365;317
365;318
365;319
365;320
365;321
365;322
365;323
365;324
365;325
365;326
365;327
365;328
365;329
365;330
365;331
365;332
365;333
365;334
365;335
365;336
365;337
365;338
365;339
365;340
365;341
365;342
365;343
365;344
365;345
365;346
365;347
365;348
365;349
365;350
365;351
365;352
365;353
365;354
365;355
365;356
365;357
365;358
365;359
365;360
365;425
365;426
365;427
365;428
365;429
365;430
365;431
365;432
365;433
365;434
365;435
365;436
365;437
365;438
365;439
365;440
365;441
365;442
365;443
365;444
365;445
365;446
365;447
365;448
365;449
365;450
365;451
365;452
365;453
365;454
365;455
365;456
365;457
365;458
365;459
365;460
365;461
365;462
365;463
365;464
365;465
365;466
365;467
365;468
365;469
365;470
365;471
365;472
365;473
365;474
365;475
365;476
365;477
365;478
365;479
365;480
365;481
365;482
365;483
365;484
365;485
365;486
365;487
365;488
365;489
365;490
365;491
365;492
365;493
365;494
365;495
365;496
365;497
365;498
365;499
366;26
366;27
366;28
366;29
366;30
366;31
366;32
366;33
366;34
366;35
366;36
366;37
366;38
366;39
366;40
366;41
366;42
366;43
366;44
366;45
366;46
366;47
366;48
366;49
366;50
366;51
366;52
366;53
366;54
366;55
366;56
366;57
366;58
366;59
366;60
366;61
366;62
366;63
366;64
366;65
366;66
366;67
366;68
366;69
366;70
366;71
366;72
366;73
366;74
366;75
366;76
366;245
366;246
366;247
366;248
366;249
366;250
366;251
366;252
366;253
366;254
366;255
366;256
366;257
366;258
366;259
366;260
366;261
366;262
366;263
366;264
366;265
366;266
366;267
366;268
366;269
366;270
366;271
366;272
366;273
366;274
366;275
366;276
366;277
366;278
366;279
366;280
366;281
366;282
366;283
366;284
366;285
366;286
366;287
366;288
366;289
366;290
366;291
366;292
366;293
366;294
366;295
366;296
366;297
366;298
366;299
366;300
366;301
366;302
366;303
366;304
366;305
366;306
366;307
366;308
366;309
366;310
366;311
366;312
366;313
366;314
366;315
366;316
366;317
366;318
366;319
366;320
366;321
366;322
366;323
366;324
366;325
366;326
366;327
366;328
366;329
366;330
366;331
366;332
366;333
366;334
366;335
366;336
366;337
366;338
366;339
366;340
366;341
366;342
366;343
366;344
366;345
366;346
366;347
366;348
366;349
366;350
366;351
366;352
366;353
366;354
366;355
366;356
366;357
366;358
366;359
366;360
366;425
366;426
366;427
366;428
366;429
366;430
366;431
366;432
366;433
366;434
366;435
366;436
366;437
366;438
366;439
366;440
366;441
366;442
366;443
366;444
366;445
366;446
366;447
366;448
366;449
366;450
366;451
366;452
366;453
366;454
366;455
366;456
366;457
366;458
366;459
366;460
366;461
366;462
366;463
366;464
366;465
366;466
366;467
366;468
366;469
366;470
366;471
366;472
366;473
366;474
366;475
366;476
366;477
366;478
366;479
366;480
366;481
366;482
366;483
366;484
366;485
366;486
366;487
366;488
366;489
366;490
366;491
366;492
366;493
366;494
366;495
366;496
366;497
366;498
366;499
367;24
367;25
367;26
367;27
367;28
367;29
367;30
367;31
367;32
367;33
367;34
367;35
367;36
367;37
367;38
367;39
367;40
367;41
367;42
367;43
367;44
367;45
367;46
367;47
367;48
367;49
367;50
367;51
367;52
367;53
367;54
367;55
367;56
367;57
367;58
367;59
367;60
367;61
367;62
367;63
367;64
367;65
367;66
367;67
367;68
367;69
367;70
367;71
367;72
367;73
367;74
367;75
367;76
367;247
367;248
367;249
367;250
367;251
367;252
367;253
367;254
367;255
367;256
367;257
367;258
367;259
367;260
367;261
367;262
367;263
367;264
367;265
367;266
367;267
367;268
367;269
367;270
367;271
367;272
367;273
367;274
367;275
367;276
367;277
367;278
367;279
367;280
367;281
367;282
367;283
367;284
367;285
367;286
367;287
367;288
367;289
367;290
367;291
367;292
367;293
367;294
367;295
367;296
367;297
367;298
367;299
367;300
367;301
367;302
367;303
367;304
367;305
367;306
367;307
367;308
367;309
367;310
367;311
367;312
367;313
367;314
367;315
367;316
367;317
367;318
367;319
367;320
367;321
367;322
367;323
367;324
367;325
367;326
367;327
367;328
367;329
367;330
367;331
367;332
367;333
367;334
367;335
367;336
367;337
367;338
367;339
367;340
367;341
367;342
367;343
367;344
367;345
367;346
367;347
367;348
367;349
367;350
367;351
367;352
367;353
367;354
367;355
367;356
367;357
367;358
367;359
367;360
367;425
367;426
367;427
367;428
367;429
367;430
367;431
367;432
367;433
367;434
367;435
367;436
367;437
367;438
367;439
367;440
367;441
367;442
367;443
367;444
367;445
367;446
367;447
367;448
367;449
367;450
367;451
367;452
367;453
367;454
367;455
367;456
367;457
367;458
367;459
367;460
367;461
367;462
367;463
367;464
367;465
367;466
367;467
367;468
367;469
367;470
367;471
367;472
367;473
367;474
367;475
367;476
367;477
367;478
367;479
367;480
367;481
367;482
367;483
367;484
367;485
367;486
367;487
367;488
367;489
367;490
367;491
367;492
367;493
367;494
367;495
367;496
367;497
367;498
367;499
368;23
368;24
368;25
368;26
368;27
368;28
368;29
368;30
368;31
368;32
368;33
368;34
368;35
368;36
368;37
368;38
368;39
368;40
368;41
368;42
368;43
368;44
368;45
368;46
368;47
368;48
368;49
368;50
368;51
368;52
368;53
368;54
368;55
368;56
368;57
368;58
368;59
368;60
368;61
368;62
368;63
368;64
368;65
368;66
368;67
368;68
368;69
368;70
368;71
368;72
368;73
368;74
368;75
368;76
368;77
368;250
368;251
368;252
368;253
368;254
368;255
368;256
368;257
368;258
368;259
368;260
368;261
368;262
368;263
368;264
368;265
368;266
368;267
368;268
368;269
368;270
368;271
368;272
368;273
368;274
368;275
368;276
368;277
368;278
368;279
368;280
368;281
368;282
368;283
368;284
368;285
368;286
368;287
368;288
368;289
368;290
368;291
368;292
368;293
368;294
368;295
368;296
368;297
368;298
368;299
368;300
368;301
368;302
368;303
368;304
368;305
368;306
368;307
368;308
368;309
368;310
368;311
368;312
368;313
368;314
368;315
368;316
368;317
368;318
368;319
368;320
368;321
368;322
368;323
368;324
368;325
368;326
368;327
368;328
368;329
368;330
368;331
368;332
368;333
368;334
368;335
368;336
368;337
368;338
368;339
368;340
368;341
368;342
368;343
368;344
368;345
368;346
368;347
368;348
368;349
368;350
368;351
368;352
368;353
368;354
368;355
368;356
368;357
368;358
368;359
368;360
368;424
368;425
368;426
368;427
368;428
368;429
368;430
368;431
368;432
368;433
368;434
368;435
368;436
368;437
368;438
368;439
368;440
368;441
368;442
368;443
368;444
368;445
368;446
368;447
368;448
368;449
368;450
368;451
368;452
368;453
368;454
368;455
368;456
368;457
368;458
368;459
368;460
368;461
368;462
368;463
368;464
368;465
368;466
368;467
368;468
368;469
368;470
368;471
368;472
368;473
368;474
368;475
368;476
368;477
368;478
368;479
368;480
368;481
368;482
368;483
368;484
368;485
368;486
368;487
368;488
368;489
368;490
368;491
368;492
368;493
368;494
368;495
368;496
368;497
368;498
368;499
369;21
369;22
369;23
369;24
369;25
369;26
369;27
369;28
369;29
369;30
369;31
369;32
369;33
369;34
369;35
369;36
369;37
369;38
369;39
369;40
369;41
369;42
369;43
369;44
369;45
369;46
369;47
369;48
369;49
369;50
369;51
369;52
369;53
369;54
369;55
369;56
369;57
369;58
369;59
369;60
369;61
369;62
369;63
369;64
369;65
369;66
369;67
369;68
369;69
369;70
369;71
369;72
369;73
369;74
369;75
369;76
369;77
369;78
369;252
369;253
369;254
369;255
369;256
369;257
369;258
369;259
369;260
369;261
369;262
369;263
369;264
369;265
369;266
369;267
369;268
369;269
369;270
369;271
369;272
369;273
369;274
369;275
369;276
369;277
369;278
369;279
369;280
369;281
369;282
369;283
369;284
369;285
369;286
369;287
369;288
369;289
369;290
369;291
369;292
369;293
369;294
369;295
369;296
369;297
369;298
369;299
369;300
369;301
369;302
369;303
369;304
369;305
369;306
369;307
369;308
369;309
369;310
369;311
369;312
369;313
369;314
369;315
369;316
369;317
369;318
369;319
369;320
369;321
369;322
369;323
369;324
369;325
369;326
369;327
369;328
369;329
369;330
369;331
369;332
369;333
369;334
369;335
369;336
369;337
369;338
369;339
369;340
369;341
369;342
369;343
369;344
369;345
369;346
369;347
369;348
369;349
369;350
369;351
369;352
369;353
369;354
369;355
369;356
369;357
369;358
369;359
369;360
369;361
369;424
369;425
369;426
369;427
369;428
369;429
369;430
369;431
369;432
369;433
369;434
369;435
369;436
369;437
369;438
369;439
369;440
369;441
369;442
369;443
369;444
369;445
369;446
369;447
369;448
369;449
369;450
369;451
369;452
369;453
369;454
369;455
369;456
369;457
369;458
369;459
369;460
369;461
369;462
369;463
369;464
369;465
369;466
369;467
369;468
369;469
369;470
369;471
369;472
369;473
369;474
369;475
369;476
369;477
369;478
369;479
369;480
369;481
369;482
369;483
369;484
369;485
369;486
369;487
369;488
369;489
369;490
369;491
369;492
369;493
369;494
369;495
369;496
369;497
369;498
369;499
370;20
370;21
370;22
370;23
370;24
370;25
370;26
370;27
370;28
370;29
370;30
370;31
370;32
370;33
370;34
370;35
370;36
370;37
370;38
370;39
370;40
370;41
370;42
370;43
370;44
370;45
370;46
370;47
370;48
370;49
370;50
370;51
370;52
370;53
370;54
370;55
370;56
370;57
370;58
370;59
370;60
370;61
370;62
370;63
370;64
370;65
370;66
370;67
370;68
370;69
370;70
370;71
370;72
370;73
370;74
370;75
370;76
370;77
370;78
370;254
370;255
370;256
370;257
370;258
370;259
370;260
370;261
370;262
370;263
370;264
370;265
370;266
370;267
370;268
370;269
370;270
370;271
370;272
370;273
370;274
370;275
370;276
370;277
370;278
370;279
370;280
370;281
370;282
370;283
370;284
370;285
370;286
370;287
370;288
370;289
370;290
370;291
370;292
370;293
370;294
370;295
370;296
370;297
370;298
370;299
370;300
370;301
370;302
370;303
370;304
370;305
370;306
370;307
370;308
370;309
370;310
370;311
370;312
370;313
370;314
370;315
370;316
370;317
370;318
370;319
370;320
370;321
370;322
370;323
370;324
370;325
370;326
370;327
370;328
370;329
370;330
370;331
370;332
370;333
370;334
370;335
370;336
370;337
370;338
370;339
370;340
370;341
370;342
370;343
370;344
370;345
370;346
370;347
370;348
370;349
370;350
370;351
370;352
370;353
370;354
370;355
370;356
370;357
370;358
370;359
370;360
370;361
370;424
370;425
370;426
370;427
370;428
370;429
370;430
370;431
370;432
370;433
370;434
370;435
370;436
370;437
370;438
370;439
370;440
370;441
370;442
370;443
370;444
370;445
370;446
370;447
370;448
370;449
370;450
370;451
370;452
370;453
370;454
370;455
370;456
370;457
370;458
370;459
370;460
370;461
370;462
370;463
370;464
370;465
370;466
370;467
370;468
370;469
370;470
370;471
370;472
370;473
370;474
370;475
370;476
370;477
370;478
370;479
370;480
370;481
370;482
370;483
370;484
370;485
370;486
370;487
370;488
370;489
370;490
370;491
370;492
370;493
370;494
370;495
370;496
370;497
370;498
370;499
371;18
371;19
371;20
371;21
371;22
371;23
371;24
371;25
371;26
371;27
371;28
371;29
371;30
371;31
371;32
371;33
371;34
371;35
371;36
371;37
371;38
371;39
371;40
371;41
371;42
371;43
371;44
371;45
371;46
371;47
371;48
371;49
371;50
371;51
371;52
371;53
371;54
371;55
371;56
371;57
371;58
371;59
371;60
371;61
371;62
371;63
371;64
371;65
371;66
371;67
371;68
371;69
371;70
371;71
371;72
371;73
371;74
371;75
371;76
371;77
371;78
371;79
371;257
371;258
371;259
371;260
371;261
371;262
371;263
371;264
371;265
371;266
371;267
371;268
371;269
371;270
371;271
371;272
371;273
371;274
371;275
371;276
371;277
371;278
371;279
371;280
371;281
371;282
371;283
371;284
371;285
371;286
371;287
371;288
371;289
371;290
371;291
371;292
371;293
371;294
371;295
371;296
371;297
371;298
371;299
371;300
371;301
371;302
371;303
371;304
371;305
371;306
371;307
371;308
371;309
371;310
371;311
371;312
371;313
371;314
371;315
371;316
371;317
371;318
371;319
371;320
371;321
371;322
371;323
371;324
371;325
371;326
371;327
371;328
371;329
371;330
371;331
371;332
371;333
371;334
371;335
371;336
371;337
371;338
371;339
371;340
371;341
371;342
371;343
371;344
371;345
371;346
371;347
371;348
371;349
371;350
371;351
371;352
371;353
371;354
371;355
371;356
371;357
371;358
371;359
371;360
371;361
371;424
371;425
371;426
371;427
371;428
371;429
371;430
371;431
371;432
371;433
371;434
371;435
371;436
371;437
371;438
371;439
371;440
371;441
371;442
371;443
371;444
371;445
371;446
371;447
371;448
371;449
371;450
371;451
371;452
371;453
371;454
371;455
371;456
371;457
371;458
371;459
371;460
371;461
371;462
371;463
371;464
371;465
371;466
371;467
371;468
371;469
371;470
371;471
371;472
371;473
371;474
371;475
371;476
371;477
371;478
371;479
371;480
371;481
371;482
371;483
371;484
371;485
371;486
371;487
371;488
371;489
371;490
371;491
371;492
371;493
371;494
371;495
371;496
371;497
371;498
371;499
372;17
372;18
372;19
372;20
372;21
372;22
372;23
372;24
372;25
372;26
372;27
372;28
372;29
372;30
372;31
372;32
372;33
372;34
372;35
372;36
372;37
372;38
372;39
372;40
372;41
372;42
372;43
372;44
372;45
372;46
372;47
372;48
372;49
372;50
372;51
372;52
372;53
372;54
372;55
372;56
372;57
372;58
372;59
372;60
372;61
372;62
372;63
372;64
372;65
372;66
372;67
372;68
372;69
372;70
372;71
372;72
372;73
372;74
372;75
372;76
372;77
372;78
372;79
372;80
372;259
372;260
372;261
372;262
372;263
372;264
372;265
372;266
372;267
372;268
372;269
372;270
372;271
372;272
372;273
372;274
372;275
372;276
372;277
372;278
372;279
372;280
372;281
372;282
372;283
372;284
372;285
372;286
372;287
372;288
372;289
372;290
372;291
372;292
372;293
372;294
372;295
372;296
372;297
372;298
372;299
372;300
372;301
372;302
372;303
372;304
372;305
372;306
372;307
372;308
372;309
372;310
372;311
372;312
372;313
372;314
372;315
372;316
372;317
372;318
372;319
372;320
372;321
372;322
372;323
372;324
372;325
372;326
372;327
372;328
372;329
372;330
372;331
372;332
372;333
372;334
372;335
372;336
372;337
372;338
372;339
372;340
372;341
372;342
372;343
372;344
372;345
372;346
372;347
372;348
372;349
372;350
372;351
372;352
372;353
372;354
372;355
372;356
372;357
372;358
372;359
372;360
372;361
372;424
372;425
372;426
372;427
372;428
372;429
372;430
372;431
372;432
372;433
372;434
372;435
372;436
372;437
372;438
372;439
372;440
372;441
372;442
372;443
372;444
372;445
372;446
372;447
372;448
372;449
372;450
372;451
372;452
372;453
372;454
372;455
372;456
372;457
372;458
372;459
372;460
372;461
372;462
372;463
372;464
372;465
372;466
372;467
372;468
372;469
372;470
372;471
372;472
372;473
372;474
372;475
372;476
372;477
372;478
372;479
372;480
372;481
372;482
372;483
372;484
372;485
372;486
372;487
372;488
372;489
372;490
372;491
372;492
372;493
372;494
372;495
372;496
372;497
373;15
373;16
373;17
373;18
373;19
373;20
373;21
373;22
373;23
373;24
373;25
373;26
373;27
373;28
373;29
373;30
373;31
373;32
373;33
373;34
373;35
373;36
373;37
373;38
373;39
373;40
373;41
373;42
373;43
373;44
373;45
373;46
373;47
373;48
373;49
373;50
373;51
373;52
373;53
373;54
373;55
373;56
373;57
373;58
373;59
373;60
373;61
373;62
373;63
373;64
373;65
373;66
373;67
373;68
373;69
373;70
373;71
373;72
373;73
373;74
373;75
373;76
373;77
373;78
373;79
373;80
373;262
373;263
373;264
373;265
373;266
373;267
373;268
373;269
373;270
373;271
373;272
373;273
373;274
373;275
373;276
373;277
373;278
373;279
373;280
373;281
373;282
373;283
373;284
373;285
373;286
373;287
373;288
373;289
373;290
373;291
373;292
373;293
373;294
373;295
373;296
373;297
373;298
373;299
373;300
373;301
373;302
373;303
373;304
373;305
373;306
373;307
373;308
373;309
373;310
373;311
373;312
373;313
373;314
373;315
373;316
373;317
373;318
373;319
373;320
373;321
373;322
373;323
373;324
373;325
373;326
373;327
373;328
373;329
373;330
373;331
373;332
373;333
373;334
373;335
373;336
373;337
373;338
373;339
373;340
373;341
373;342
373;343
373;344
373;345
373;346
373;347
373;348
373;349
373;350
373;351
373;352
373;353
373;354
373;355
373;356
373;357
373;358
373;359
373;360
373;361
373;362
373;424
373;425
373;426
373;427
373;428
373;429
373;430
373;431
373;432
373;433
373;434
373;435
373;436
373;437
373;438
373;439
373;440
373;441
373;442
373;443
373;444
373;445
373;446
373;447
373;448
373;449
373;450
373;451
373;452
373;453
373;454
373;455
373;456
373;457
373;458
373;459
373;460
373;461
373;462
373;463
373;464
373;465
373;466
373;467
373;468
373;469
373;470
373;471
373;472
373;473
373;474
373;475
373;476
373;477
373;478
373;479
373;480
373;481
373;482
373;483
373;484
373;485
373;486
373;487
373;488
373;489
373;490
373;491
373;492
373;493
373;494
373;495
374;14
374;15
374;16
374;17
374;18
374;19
374;20
374;21
374;22
374;23
374;24
374;25
374;26
374;27
374;28
374;29
374;30
374;31
374;32
374;33
374;34
374;35
374;36
374;37
374;38
374;39
374;40
374;41
374;42
374;43
374;44
374;45
374;46
374;47
374;48
374;49
374;50
374;51
374;52
374;53
374;54
374;55
374;56
374;57
374;58
374;59
374;60
374;61
374;62
374;63
374;64
374;65
374;66
374;67
374;68
374;69
374;70
374;71
374;72
374;73
374;74
374;75
374;76
374;77
374;78
374;79
374;80
374;81
374;264
374;265
374;266
374;267
374;268
374;269
374;270
374;271
374;272
374;273
374;274
374;275
374;276
374;277
374;278
374;279
374;280
374;281
374;282
374;283
374;284
374;285
374;286
374;287
374;288
374;289
374;290
374;291
374;292
374;293
374;294
374;295
374;296
374;297
374;298
374;299
374;300
374;301
374;302
374;303
374;304
374;305
374;306
374;307
374;308
374;309
374;310
374;311
374;312
374;313
374;314
374;315
374;316
374;317
374;318
374;319
374;320
374;321
374;322
374;323
374;324
374;325
374;326
374;327
374;328
374;329
374;330
374;331
374;332
374;333
374;334
374;335
374;336
374;337
374;338
374;339
374;340
374;341
374;342
374;343
374;344
374;345
374;346
374;347
374;348
374;349
374;350
374;351
374;352
374;353
374;354
374;355
374;356
374;357
374;358
374;359
374;360
374;361
374;362
374;424
374;425
374;426
374;427
374;428
374;429
374;430
374;431
374;432
374;433
374;434
374;435
374;436
374;437
374;438
374;439
374;440
374;441
374;442
374;443
374;444
374;445
374;446
374;447
374;448
374;449
374;450
374;451
374;452
374;453
374;454
374;455
374;456
374;457
374;458
374;459
374;460
374;461
374;462
374;463
374;464
374;465
374;466
374;467
374;468
374;469
374;470
374;471
374;472
374;473
374;474
374;475
374;476
374;477
374;478
374;479
374;480
374;481
374;482
374;483
374;484
374;485
374;486
374;487
374;488
374;489
374;490
374;491
374;492
374;493
375;12
375;13
375;14
375;15
375;16
375;17
375;18
375;19
375;20
375;21
375;22
375;23
375;24
375;25
375;26
375;27
375;28
375;29
375;30
375;31
375;32
375;33
375;34
375;35
375;36
375;37
375;38
375;39
375;40
375;41
375;42
375;43
375;44
375;45
375;46
375;47
375;48
375;49
375;50
375;51
375;52
375;53
375;54
375;55
375;56
375;57
375;58
375;59
375;60
375;61
375;62
375;63
375;64
375;65
375;66
375;67
375;68
375;69
375;70
375;71
375;72
375;73
375;74
375;75
375;76
375;77
375;78
375;79
375;80
375;81
375;82
375;266
375;267
375;268
375;269
375;270
375;271
375;272
375;273
375;274
375;275
375;276
375;277
375;278
375;279
375;280
375;281
375;282
375;283
375;284
375;285
375;286
375;287
375;288
375;289
375;290
375;291
375;292
375;293
375;294
375;295
375;296
375;297
375;298
375;299
375;300
375;301
375;302
375;303
375;304
375;305
375;306
375;307
375;308
375;309
375;310
375;311
375;312
375;313
375;314
375;315
375;316
375;317
375;318
375;319
375;320
375;321
375;322
375;323
375;324
375;325
375;326
375;327
375;328
375;329
375;330
375;331
375;332
375;333
375;334
375;335
375;336
375;337
375;338
375;339
375;340
375;341
375;342
375;343
375;344
375;345
375;346
375;347
375;348
375;349
375;350
375;351
375;352
375;353
375;354
375;355
375;356
375;357
375;358
375;359
375;360
375;361
375;362
375;424
375;425
375;426
375;427
375;428
375;429
375;430
375;431
375;432
375;433
375;434
375;435
375;436
375;437
375;438
375;439
375;440
375;441
375;442
375;443
375;444
375;445
375;446
375;447
375;448
375;449
375;450
375;451
375;452
375;453
375;454
375;455
375;456
375;457
375;458
375;459
375;460
375;461
375;462
375;463
375;464
375;465
375;466
375;467
375;468
375;469
375;470
375;471
375;472
375;473
375;474
375;475
375;476
375;477
375;478
375;479
375;480
375;481
375;482
375;483
375;484
375;485
375;486
375;487
375;488
375;489
375;490
375;491
375;492
376;11
376;12
376;13
376;14
376;15
376;16
376;17
376;18
376;19
376;20
376;21
376;22
376;23
376;24
376;25
376;26
376;27
376;28
376;29
376;30
376;31
376;32
376;33
376;34
376;35
376;36
376;37
376;38
376;39
376;40
376;41
376;42
376;43
376;44
376;45
376;46
376;47
376;48
376;49
376;50
376;51
376;52
376;53
376;54
376;55
376;56
376;57
376;58
376;59
376;60
376;61
376;62
376;63
376;64
376;65
376;66
376;67
376;68
376;69
376;70
376;71
376;72
376;73
376;74
376;75
376;76
376;77
376;78
376;79
376;80
376;81
376;82
376;266
376;267
376;268
376;269
376;270
376;271
376;272
376;273
376;274
376;275
376;276
376;277
376;278
376;279
376;280
376;281
376;282
376;283
376;284
376;285
376;286
376;287
376;288
376;289
376;290
376;291
376;292
376;293
376;294
376;295
376;296
376;297
376;298
376;299
376;300
376;301
376;302
376;303
376;304
376;305
376;306
376;307
376;308
376;309
376;310
376;311
376;312
376;313
376;314
376;315
376;316
376;317
376;318
376;319
376;320
376;321
376;322
376;323
376;324
376;325
376;326
376;327
376;328
376;329
376;330
376;331
376;332
376;333
376;334
376;335
376;336
376;337
376;338
376;339
376;340
376;341
376;342
376;343
376;344
376;345
376;346
376;347
376;348
376;349
376;350
376;351
376;352
376;353
376;354
376;355
376;356
376;357
376;358
376;359
376;360
376;361
376;362
376;363
376;424
376;425
376;426
376;427
376;428
376;429
376;430
376;431
376;432
376;433
376;434
376;435
376;436
376;437
376;438
376;439
376;440
376;441
376;442
376;443
376;444
376;445
376;446
376;447
376;448
376;449
376;450
376;451
376;452
376;453
376;454
376;455
376;456
376;457
376;458
376;459
376;460
376;461
376;462
376;463
376;464
376;465
376;466
376;467
376;468
376;469
376;470
376;471
376;472
376;473
376;474
376;475
376;476
376;477
376;478
376;479
376;480
376;481
376;482
376;483
376;484
376;485
376;486
376;487
376;488
376;489
376;490
377;9
377;10
377;11
377;12
377;13
377;14
377;15
377;16
377;17
377;18
377;19
377;20
377;21
377;22
377;23
377;24
377;25
377;26
377;27
377;28
377;29
377;30
377;31
377;32
377;33
377;34
377;35
377;36
377;37
377;38
377;39
377;40
377;41
377;42
377;43
377;44
377;45
377;46
377;47
377;48
377;49
377;50
377;51
377;52
377;53
377;54
377;55
377;56
377;57
377;58
377;59
377;60
377;61
377;62
377;63
377;64
377;65
377;66
377;67
377;68
377;69
377;70
377;71
377;72
377;73
377;74
377;75
377;76
377;77
377;78
377;79
377;80
377;81
377;82
377;83
377;265
377;266
377;267
377;268
377;269
377;270
377;271
377;272
377;273
377;274
377;275
377;276
377;277
377;278
377;279
377;280
377;281
377;282
377;283
377;284
377;285
377;286
377;287
377;288
377;289
377;290
377;291
377;292
377;293
377;294
377;295
377;296
377;297
377;298
377;299
377;300
377;301
377;302
377;303
377;304
377;305
377;306
377;307
377;308
377;309
377;310
377;311
377;312
377;313
377;314
377;315
377;316
377;317
377;318
377;319
377;320
377;321
377;322
377;323
377;324
377;325
377;326
377;327
377;328
377;329
377;330
377;331
377;332
377;333
377;334
377;335
377;336
377;337
377;338
377;339
377;340
377;341
377;342
377;343
377;344
377;345
377;346
377;347
377;348
377;349
377;350
377;351
377;352
377;353
377;354
377;355
377;356
377;357
377;358
377;359
377;360
377;361
377;362
377;363
377;424
377;425
377;426
377;427
377;428
377;429
377;430
377;431
377;432
377;433
377;434
377;435
377;436
377;437
377;438
377;439
377;440
377;441
377;442
377;443
377;444
377;445
377;446
377;447
377;448
377;449
377;450
377;451
377;452
377;453
377;454
377;455
377;456
377;457
377;458
377;459
377;460
377;461
377;462
377;463
377;464
377;465
377;466
377;467
377;468
377;469
377;470
377;471
377;472
377;473
377;474
377;475
377;476
377;477
377;478
377;479
377;480
377;481
377;482
377;483
377;484
377;485
377;486
377;487
377;488
378;8
378;9
378;10
378;11
378;12
378;13
378;14
378;15
378;16
378;17
378;18
378;19
378;20
378;21
378;22
378;23
378;24
378;25
378;26
378;27
378;28
378;29
378;30
378;31
378;32
378;33
378;34
378;35
378;36
378;37
378;38
378;39
378;40
378;41
378;42
378;43
378;44
378;45
378;46
378;47
378;48
378;49
378;50
378;51
378;52
378;53
378;54
378;55
378;56
378;57
378;58
378;59
378;60
378;61
378;62
378;63
378;64
378;65
378;66
378;67
378;68
378;69
378;70
378;71
378;72
378;73
378;74
378;75
378;76
378;77
378;78
378;79
378;80
378;81
378;82
378;83
378;84
378;269
378;270
378;271
378;272
378;273
378;274
378;275
378;276
378;277
378;278
378;279
378;280
378;281
378;282
378;283
378;284
378;285
378;286
378;287
378;288
378;289
378;290
378;291
378;292
378;293
378;294
378;295
378;296
378;297
378;298
378;299
378;300
378;301
378;302
378;303
378;304
378;305
378;306
378;307
378;308
378;309
378;310
378;311
378;312
378;313
378;314
378;315
378;316
378;317
378;318
378;319
378;320
378;321
378;322
378;323
378;324
378;325
378;326
378;327
378;328
378;329
378;330
378;331
378;332
378;333
378;334
378;335
378;336
378;337
378;338
378;339
378;340
378;341
378;342
378;343
378;344
378;345
378;346
378;347
378;348
378;349
378;350
378;351
378;352
378;353
378;354
378;355
378;356
378;357
378;358
378;359
378;360
378;361
378;362
378;363
378;424
378;425
378;426
378;427
378;428
378;429
378;430
378;431
378;432
378;433
378;434
378;435
378;436
378;437
378;438
378;439
378;440
378;441
378;442
378;443
378;444
378;445
378;446
378;447
378;448
378;449
378;450
378;451
378;452
378;453
378;454
378;455
378;456
378;457
378;458
378;459
378;460
378;461
378;462
378;463
378;464
378;465
378;466
378;467
378;468
378;469
378;470
378;471
378;472
378;473
378;474
378;475
378;476
378;477
378;478
378;479
378;480
378;481
378;482
378;483
378;484
378;485
378;486
379;6
379;7
379;8
379;9
379;10
379;11
379;12
379;13
379;14
379;15
379;16
379;17
379;18
379;19
379;20
379;21
379;22
379;23
379;24
379;25
379;26
379;27
379;28
379;29
379;30
379;31
379;32
379;33
379;34
379;35
379;36
379;37
379;38
379;39
379;40
379;41
379;42
379;43
379;44
379;45
379;46
379;47
379;48
379;49
379;50
379;51
379;52
379;53
379;54
379;55
379;56
379;57
379;58
379;59
379;60
379;61
379;62
379;63
379;64
379;65
379;66
379;67
379;68
379;69
379;70
379;71
379;72
379;73
379;74
379;75
379;76
379;77
379;78
379;79
379;80
379;81
379;82
379;83
379;84
379;273
379;274
379;275
379;276
379;277
379;278
379;279
379;280
379;281
379;282
379;283
379;284
379;285
379;286
379;287
379;288
379;289
379;290
379;291
379;292
379;293
379;294
379;295
379;296
379;297
379;298
379;299
379;300
379;301
379;302
379;303
379;304
379;305
379;306
379;307
379;308
379;309
379;310
379;311
379;312
379;313
379;314
379;315
379;316
379;317
379;318
379;319
379;320
379;321
379;322
379;323
379;324
379;325
379;326
379;327
379;328
379;329
379;330
379;331
379;332
379;333
379;334
379;335
379;336
379;337
379;338
379;339
379;340
379;341
379;342
379;343
379;344
379;345
379;346
379;347
379;348
379;349
379;350
379;351
379;352
379;353
379;354
379;355
379;356
379;357
379;358
379;359
379;360
379;361
379;362
379;363
379;424
379;425
379;426
379;427
379;428
379;429
379;430
379;431
379;432
379;433
379;434
379;435
379;436
379;437
379;438
379;439
379;440
379;441
379;442
379;443
379;444
379;445
379;446
379;447
379;448
379;449
379;450
379;451
379;452
379;453
379;454
379;455
379;456
379;457
379;458
379;459
379;460
379;461
379;462
379;463
379;464
379;465
379;466
379;467
379;468
379;469
379;470
379;471
379;472
379;473
379;474
379;475
379;476
379;477
379;478
379;479
379;480
379;481
379;482
379;483
379;484
380;5
380;6
380;7
380;8
380;9
380;10
380;11
380;12
380;13
380;14
380;15
380;16
380;17
380;18
380;19
380;20
380;21
380;22
380;23
380;24
380;25
380;26
380;27
380;28
380;29
380;30
380;31
380;32
380;33
380;34
380;35
380;36
380;37
380;38
380;39
380;40
380;41
380;42
380;43
380;44
380;45
380;46
380;47
380;48
380;49
380;50
380;51
380;52
380;53
380;54
380;55
380;56
380;57
380;58
380;59
380;60
380;61
380;62
380;63
380;64
380;65
380;66
380;67
380;68
380;69
380;70
380;71
380;72
380;73
380;74
380;75
380;76
380;77
380;78
380;79
380;80
380;81
380;82
380;83
380;84
380;85
380;277
380;278
380;279
380;280
380;281
380;282
380;283
380;284
380;285
380;286
380;287
380;288
380;289
380;290
380;291
380;292
380;293
380;294
380;295
380;296
380;297
380;298
380;299
380;300
380;301
380;302
380;303
380;304
380;305
380;306
380;307
380;308
380;309
380;310
380;311
380;312
380;313
380;314
380;315
380;316
380;317
380;318
380;319
380;320
380;321
380;322
380;323
380;324
380;325
380;326
380;327
380;328
380;329
380;330
380;331
380;332
380;333
380;334
380;335
380;336
380;337
380;338
380;339
380;340
380;341
380;342
380;343
380;344
380;345
380;346
380;347
380;348
380;349
380;350
380;351
380;352
380;353
380;354
380;355
380;356
380;357
380;358
380;359
380;360
380;361
380;362
380;363
380;364
380;424
380;425
380;426
380;427
380;428
380;429
380;430
380;431
380;432
380;433
380;434
380;435
380;436
380;437
380;438
380;439
380;440
380;441
380;442
380;443
380;444
380;445
380;446
380;447
380;448
380;449
380;450
380;451
380;452
380;453
380;454
380;455
380;456
380;457
380;458
380;459
380;460
380;461
380;462
380;463
380;464
380;465
380;466
380;467
380;468
380;469
380;470
380;471
380;472
380;473
380;474
380;475
380;476
380;477
380;478
380;479
380;480
380;481
380;482
381;3
381;4
381;5
381;6
381;7
381;8
381;9
381;10
381;11
381;12
381;13
381;14
381;15
381;16
381;17
381;18
381;19
381;20
381;21
381;22
381;23
381;24
381;25
381;26
381;27
381;28
381;29
381;30
381;31
381;32
381;33
381;34
381;35
381;36
381;37
381;38
381;39
381;40
381;41
381;42
381;43
381;44
381;45
381;46
381;47
381;48
381;49
381;50
381;51
381;52
381;53
381;54
381;55
381;56
381;57
381;58
381;59
381;60
381;61
381;62
381;63
381;64
381;65
381;66
381;67
381;68
381;69
381;70
381;71
381;72
381;73
381;74
381;75
381;76
381;77
381;78
381;79
381;80
381;81
381;82
381;83
381;84
381;85
381;86
381;281
381;282
381;283
381;284
381;285
381;286
381;287
381;288
381;289
381;290
381;291
381;292
381;293
381;294
381;295
381;296
381;297
381;298
381;299
381;300
381;301
381;302
381;303
381;304
381;305
381;306
381;307
381;308
381;309
381;310
381;311
381;312
381;313
381;314
381;315
381;316
381;317
381;318
381;319
381;320
381;321
381;322
381;323
381;324
381;325
381;326
381;327
381;328
381;329
381;330
381;331
381;332
381;333
381;334
381;335
381;336
381;337
381;338
381;339
381;340
381;341
381;342
381;343
381;344
381;345
381;346
381;347
381;348
381;349
381;350
381;351
381;352
381;353
381;354
381;355
381;356
381;357
381;358
381;359
381;360
381;361
381;362
381;363
381;364
381;424
381;425
381;426
381;427
381;428
381;429
381;430
381;431
381;432
381;433
381;434
381;435
381;436
381;437
381;438
381;439
381;440
381;441
381;442
381;443
381;444
381;445
381;446
381;447
381;448
381;449
381;450
381;451
381;452
381;453
381;454
381;455
381;456
381;457
381;458
381;459
381;460
381;461
381;462
381;463
381;464
381;465
381;466
381;467
381;468
381;469
381;470
381;471
381;472
381;473
381;474
381;475
381;476
381;477
381;478
381;479
381;480
382;2
382;3
382;4
382;5
382;6
382;7
382;8
382;9
382;10
382;11
382;12
382;13
382;14
382;15
382;16
382;17
382;18
382;19
382;20
382;21
382;22
382;23
382;24
382;25
382;26
382;27
382;28
382;29
382;30
382;31
382;32
382;33
382;34
382;35
382;36
382;37
382;38
382;39
382;40
382;41
382;42
382;43
382;44
382;45
382;46
382;47
382;48
382;49
382;50
382;51
382;52
382;53
382;54
382;55
382;56
382;57
382;58
382;59
382;60
382;61
382;62
382;63
382;64
382;65
382;66
382;67
382;68
382;69
382;70
382;71
382;72
382;73
382;74
382;75
382;76
382;77
382;78
382;79
382;80
382;81
382;82
382;83
382;84
382;85
382;86
382;283
382;284
382;285
382;286
382;287
382;288
382;289
382;290
382;291
382;292
382;293
382;294
382;295
382;296
382;297
382;298
382;299
382;300
382;301
382;302
382;303
382;304
382;305
382;306
382;307
382;308
382;309
382;310
382;311
382;312
382;313
382;314
382;315
382;316
382;317
382;318
382;319
382;320
382;321
382;322
382;323
382;324
382;325
382;326
382;327
382;328
382;329
382;330
382;331
382;332
382;333
382;334
382;335
382;336
382;337
382;338
382;339
382;340
382;341
382;342
382;343
382;344
382;345
382;346
382;347
382;348
382;349
382;350
382;351
382;352
382;353
382;354
382;355
382;356
382;357
382;358
382;359
382;360
382;361
382;362
382;363
382;364
382;424
382;425
382;426
382;427
382;428
382;429
382;430
382;431
382;432
382;433
382;434
382;435
382;436
382;437
382;438
382;439
382;440
382;441
382;442
382;443
382;444
382;445
382;446
382;447
382;448
382;449
382;450
382;451
382;452
382;453
382;454
382;455
382;456
382;457
382;458
382;459
382;460
382;461
382;462
382;463
382;464
382;465
382;466
382;467
382;468
382;469
382;470
382;471
382;472
382;473
382;474
382;475
382;476
382;477
382;478
383;0
383;1
383;2
383;3
383;4
383;5
383;6
383;7
383;8
383;9
383;10
383;11
383;12
383;13
383;14
383;15
383;16
383;17
383;18
383;19
383;20
383;21
383;22
383;23
383;24
383;25
383;26
383;27
383;28
383;29
383;30
383;31
383;32
383;33
383;34
383;35
383;36
383;37
383;38
383;39
383;40
383;41
383;42
383;43
383;44
383;45
383;46
383;47
383;48
383;49
383;50
383;51
383;52
383;53
383;54
383;55
383;56
383;57
383;58
383;59
383;60
383;61
383;62
383;63
383;64
383;65
383;66
383;67
383;68
383;69
383;70
383;71
383;72
383;73
383;74
383;75
383;76
383;77
383;78
383;79
383;80
383;81
383;82
383;83
383;84
383;85
383;86
383;87
383;286
383;287
383;288
383;289
383;290
383;291
383;292
383;293
383;294
383;295
383;296
383;297
383;298
383;299
383;300
383;301
383;302
383;303
383;304
383;305
383;306
383;307
383;308
383;309
383;310
383;311
383;312
383;313
383;314
383;315
383;316
383;317
383;318
383;319
383;320
383;321
383;322
383;323
383;324
383;325
383;326
383;327
383;328
383;329
383;330
383;331
383;332
383;333
383;334
383;335
383;336
383;337
383;338
383;339
383;340
383;341
383;342
383;343
383;344
383;345
383;346
383;347
383;348
383;349
383;350
383;351
383;352
383;353
383;354
383;355
383;356
383;357
383;358
383;359
383;360
383;361
383;362
383;363
383;364
383;365
383;424
383;425
383;426
383;427
383;428
383;429
383;430
383;431
383;432
383;433
383;434
383;435
383;436
383;437
383;438
383;439
383;440
383;441
383;442
383;443
383;444
383;445
383;446
383;447
383;448
383;449
383;450
383;451
383;452
383;453
383;454
383;455
383;456
383;457
383;458
383;459
383;460
383;461
383;462
383;463
383;464
383;465
383;466
383;467
383;468
383;469
383;470
383;471
383;472
383;473
383;474
383;475
383;476
384;0
384;1
384;2
384;3
384;4
384;5
384;6
384;7
384;8
384;9
384;10
384;11
384;12
384;13
384;14
384;15
384;16
384;17
384;18
384;19
384;20
384;21
384;22
384;23
384;24
384;25
384;26
384;27
384;28
384;29
384;30
384;31
384;32
384;33
384;34
384;35
384;36
384;37
384;38
384;39
384;40
384;41
384;42
384;43
384;44
384;45
384;46
384;47
384;48
384;49
384;50
384;51
384;52
384;53
384;54
384;55
384;56
384;57
384;58
384;59
384;60
384;61
384;62
384;63
384;64
384;65
384;66
384;67
384;68
384;69
384;70
384;71
384;72
384;73
384;74
384;75
384;76
384;77
384;78
384;79
384;80
384;81
384;82
384;83
384;84
384;85
384;86
384;87
384;88
384;288
384;289
384;290
384;291
384;292
384;293
384;294
384;295
384;296
384;297
384;298
384;299
384;300
384;301
384;302
384;303
384;304
384;305
384;306
384;307
384;308
384;309
384;310
384;311
384;312
384;313
384;314
384;315
384;316
384;317
384;318
384;319
384;320
384;321
384;322
384;323
384;324
384;325
384;326
384;327
384;328
384;329
384;330
384;331
384;332
384;333
384;334
384;335
384;336
384;337
384;338
384;339
384;340
384;341
384;342
384;343
384;344
384;345
384;346
384;347
384;348
384;349
384;350
384;351
384;352
384;353
384;354
384;355
384;356
384;357
384;358
384;359
384;360
384;361
384;362
384;363
384;364
384;365
384;424
384;425
384;426
384;427
384;428
384;429
384;430
384;431
384;432
384;433
384;434
384;435
384;436
384;437
384;438
384;439
384;440
384;441
384;442
384;443
384;444
384;445
384;446
384;447
384;448
384;449
384;450
384;451
384;452
384;453
384;454
384;455
384;456
384;457
384;458
384;459
384;460
384;461
384;462
384;463
384;464
384;465
384;466
384;467
384;468
384;469
384;470
384;471
384;472
384;473
384;474
385;0
385;1
385;2
385;3
385;4
385;5
385;6
385;7
385;8
385;9
385;10
385;11
385;12
385;13
385;14
385;15
385;16
385;17
385;18
385;19
385;20
385;21
385;22
385;23
385;24
385;25
385;26
385;27
385;28
385;29
385;30
385;31
385;32
385;33
385;34
385;35
385;36
385;37
385;38
385;39
385;40
385;41
385;42
385;43
385;44
385;45
385;46
385;47
385;48
385;49
385;50
385;51
385;52
385;53
385;54
385;55
385;56
385;57
385;58
385;59
385;60
385;61
385;62
385;63
385;64
385;65
385;66
385;67
385;68
385;69
385;70
385;71
385;72
385;73
385;74
385;75
385;76
385;77
385;78
385;79
385;80
385;81
385;82
385;83
385;84
385;85
385;86
385;87
385;88
385;290
385;291
385;292
385;293
385;294
385;295
385;297
385;298
385;299
385;300
385;301
385;302
385;303
385;304
385;305
385;306
385;307
385;308
385;309
385;310
385;311
385;312
385;313
385;314
385;315
385;316
385;317
385;318
385;319
385;320
385;321
385;322
385;323
385;324
385;325
385;326
385;327
385;328
385;329
385;330
385;331
385;332
385;333
385;334
385;335
385;336
385;337
385;338
385;339
385;340
385;341
385;342
385;343
385;344
385;345
385;346
385;347
385;348
385;349
385;350
385;351
385;352
385;353
385;354
385;355
385;356
385;357
385;358
385;359
385;360
385;361
385;362
385;363
385;364
385;365
385;424
385;425
385;426
385;427
385;428
385;429
385;430
385;431
385;432
385;433
385;434
385;435
385;436
385;437
385;438
385;439
385;440
385;441
385;442
385;443
385;444
385;445
385;446
385;447
385;448
385;449
385;450
385;451
385;452
385;453
385;454
385;455
385;456
385;457
385;458
385;459
385;460
385;461
385;462
385;463
385;464
385;465
385;466
385;467
385;468
385;469
385;470
385;471
385;472
386;0
386;1
386;2
386;3
386;4
386;5
386;6
386;7
386;8
386;9
386;10
386;11
386;12
386;13
386;14
386;15
386;16
386;17
386;18
386;19
386;20
386;21
386;22
386;23
386;24
386;25
386;26
386;27
386;28
386;29
386;30
386;31
386;32
386;33
386;34
386;35
386;36
386;37
386;38
386;39
386;40
386;41
386;42
386;43
386;44
386;45
386;46
386;47
386;48
386;49
386;50
386;51
386;52
386;53
386;54
386;55
386;56
386;57
386;58
386;59
386;60
386;61
386;62
386;63
386;64
386;65
386;66
386;67
386;68
386;69
386;70
386;71
386;72
386;73
386;74
386;75
386;76
386;77
386;78
386;79
386;80
386;81
386;82
386;83
386;84
386;85
386;86
386;87
386;88
386;89
386;293
386;294
386;295
386;301
386;302
386;303
386;304
386;305
386;306
386;307
386;308
386;309
386;310
386;311
386;312
386;313
386;314
386;315
386;316
386;317
386;318
386;319
386;320
386;321
386;322
386;323
386;324
386;325
386;326
386;327
386;328
386;329
386;330
386;331
386;332
386;333
386;334
386;335
386;336
386;337
386;338
386;339
386;340
386;341
386;342
386;343
386;344
386;345
386;346
386;347
386;348
386;349
386;350
386;351
386;352
386;353
386;354
386;355
386;356
386;357
386;358
386;359
386;360
386;361
386;362
386;363
386;364
386;365
386;424
386;425
386;426
386;427
386;428
386;429
386;430
386;431
386;432
386;433
386;434
386;435
386;436
386;437
386;438
386;439
386;440
386;441
386;442
386;443
386;444
386;445
386;446
386;447
386;448
386;449
386;450
386;451
386;452
386;453
386;454
386;455
386;456
386;457
386;458
386;459
386;460
386;461
386;462
386;463
386;464
386;465
386;466
386;467
386;468
386;469
386;470
387;0
387;1
387;2
387;3
387;4
387;5
387;6
387;7
387;8
387;9
387;10
387;11
387;12
387;13
387;14
387;15
387;16
387;17
387;18
387;19
387;20
387;21
387;22
387;23
387;24
387;25
387;26
387;27
387;28
387;29
387;30
387;31
387;32
387;33
387;34
387;35
387;36
387;37
387;38
387;39
387;40
387;41
387;42
387;43
387;44
387;45
387;46
387;47
387;48
387;49
387;50
387;51
387;52
387;53
387;54
387;55
387;56
387;57
387;58
387;59
387;60
387;61
387;62
387;63
387;64
387;65
387;66
387;67
387;68
387;69
387;70
387;71
387;72
387;73
387;74
387;75
387;76
387;77
387;78
387;79
387;80
387;81
387;82
387;83
387;84
387;85
387;86
387;87
387;88
387;89
387;90
387;295
387;305
387;306
387;307
387;308
387;309
387;310
387;311
387;312
387;313
387;314
387;315
387;316
387;317
387;318
387;319
387;320
387;321
387;322
387;323
387;324
387;325
387;326
387;327
387;328
387;329
387;330
387;331
387;332
387;333
387;334
387;335
387;336
387;337
387;338
387;339
387;340
387;341
387;342
387;343
387;344
387;345
387;346
387;347
387;348
387;349
387;350
387;351
387;352
387;353
387;354
387;355
387;356
387;357
387;358
387;359
387;360
387;361
387;362
387;363
387;364
387;365
387;366
387;424
387;425
387;426
387;427
387;428
387;429
387;430
387;431
387;432
387;433
387;434
387;435
387;436
387;437
387;438
387;439
387;440
387;441
387;442
387;443
387;444
387;445
387;446
387;447
387;448
387;449
387;450
387;451
387;452
387;453
387;454
387;455
387;456
387;457
387;458
387;459
387;460
387;461
387;462
387;463
387;464
387;465
387;466
387;467
387;468
387;469
388;0
388;1
388;2
388;3
388;4
388;5
388;6
388;7
388;8
388;9
388;10
388;11
388;12
388;13
388;14
388;15
388;16
388;17
388;18
388;19
388;20
388;21
388;22
388;23
388;24
388;25
388;26
388;27
388;28
388;29
388;30
388;31
388;32
388;33
388;34
388;35
388;36
388;37
388;38
388;39
388;40
388;41
388;42
388;43
388;44
388;45
388;46
388;47
388;48
388;49
388;50
388;51
388;52
388;53
388;54
388;55
388;56
388;57
388;58
388;59
388;60
388;61
388;62
388;63
388;64
388;65
388;66
388;67
388;68
388;69
388;70
388;71
388;72
388;73
388;74
388;75
388;76
388;77
388;78
388;79
388;80
388;81
388;82
388;83
388;84
388;85
388;86
388;87
388;88
388;89
388;90
388;309
388;310
388;311
388;312
388;313
388;314
388;315
388;316
388;317
388;318
388;319
388;320
388;321
388;322
388;323
388;324
388;325
388;326
388;327
388;328
388;329
388;330
388;331
388;332
388;333
388;334
388;335
388;336
388;337
388;338
388;339
388;340
388;341
388;342
388;343
388;344
388;345
388;346
388;347
388;348
388;349
388;350
388;351
388;352
388;353
388;354
388;355
388;356
388;357
388;358
388;359
388;360
388;361
388;362
388;363
388;364
388;365
388;366
388;424
388;425
388;426
388;427
388;428
388;429
388;430
388;431
388;432
388;433
388;434
388;435
388;436
388;437
388;438
388;439
388;440
388;441
388;442
388;443
388;444
388;445
388;446
388;447
388;448
388;449
388;450
388;451
388;452
388;453
388;454
388;455
388;456
388;457
388;458
388;459
388;460
388;461
388;462
388;463
388;464
388;465
388;466
388;467
389;0
389;1
389;2
389;3
389;4
389;5
389;6
389;7
389;8
389;9
389;10
389;11
389;12
389;13
389;14
389;15
389;16
389;17
389;18
389;19
389;20
389;21
389;22
389;23
389;24
389;25
389;26
389;27
389;28
389;29
389;30
389;31
389;32
389;33
389;34
389;35
389;36
389;37
389;38
389;39
389;40
389;41
389;42
389;43
389;44
389;45
389;46
389;47
389;48
389;49
389;50
389;51
389;52
389;53
389;54
389;55
389;56
389;57
389;58
389;59
389;60
389;61
389;62
389;63
389;64
389;65
389;66
389;67
389;68
389;69
389;70
389;71
389;72
389;73
389;74
389;75
389;76
389;77
389;78
389;79
389;80
389;81
389;82
389;83
389;84
389;85
389;86
389;87
389;88
389;89
389;90
389;91
389;313
389;314
389;315
389;316
389;317
389;318
389;319
389;320
389;321
389;322
389;323
389;324
389;325
389;326
389;327
389;328
389;329
389;330
389;331
389;332
389;333
389;334
389;335
389;336
389;337
389;338
389;339
389;340
389;341
389;342
389;343
389;344
389;345
389;346
389;347
389;348
389;349
389;350
389;351
389;352
389;353
389;354
389;355
389;356
389;357
389;358
389;359
389;360
389;361
389;362
389;363
389;364
389;365
389;366
389;424
389;425
389;426
389;427
389;428
389;429
389;430
389;431
389;432
389;433
389;434
389;435
389;436
389;437
389;438
389;439
389;440
389;441
389;442
389;443
389;444
389;445
389;446
389;447
389;448
389;449
389;450
389;451
389;452
389;453
389;454
389;455
389;456
389;457
389;458
389;459
389;460
389;461
389;462
389;463
389;464
389;465
390;0
390;1
390;2
390;3
390;4
390;5
390;6
390;7
390;8
390;9
390;10
390;11
390;12
390;13
390;14
390;15
390;16
390;17
390;18
390;19
390;20
390;21
390;22
390;23
390;24
390;25
390;26
390;27
390;28
390;29
390;30
390;31
390;32
390;33
390;34
390;35
390;36
390;37
390;38
390;39
390;40
390;41
390;42
390;43
390;44
390;45
390;46
390;47
390;48
390;49
390;50
390;51
390;52
390;53
390;54
390;55
390;56
390;57
390;58
390;59
390;60
390;61
390;62
390;63
390;64
390;65
390;66
390;67
390;68
390;69
390;70
390;71
390;72
390;73
390;74
390;75
390;76
390;77
390;78
390;79
390;80
390;81
390;82
390;83
390;84
390;85
390;86
390;87
390;88
390;89
390;90
390;91
390;92
390;317
390;318
390;319
390;320
390;321
390;322
390;323
390;324
390;325
390;326
390;327
390;328
390;329
390;330
390;331
390;332
390;333
390;334
390;335
390;336
390;337
390;338
390;339
390;340
390;341
390;342
390;343
390;344
390;345
390;346
390;347
390;348
390;349
390;350
390;351
390;352
390;353
390;354
390;355
390;356
390;357
390;358
390;359
390;360
390;361
390;362
390;363
390;364
390;365
390;366
390;367
390;424
390;425
390;426
390;427
390;428
390;429
390;430
390;431
390;432
390;433
390;434
390;435
390;436
390;437
390;438
390;439
390;440
390;441
390;442
390;443
390;444
390;445
390;446
390;447
390;448
390;449
390;450
390;451
390;452
390;453
390;454
390;455
390;456
390;457
390;458
390;459
390;460
390;461
390;462
390;463
391;0
391;1
391;2
391;3
391;4
391;5
391;6
391;7
391;8
391;9
391;10
391;11
391;12
391;13
391;14
391;15
391;16
391;17
391;18
391;19
391;20
391;21
391;22
391;23
391;24
391;25
391;26
391;27
391;28
391;29
391;30
391;31
391;32
391;33
391;34
391;35
391;36
391;37
391;38
391;39
391;40
391;41
391;42
391;43
391;44
391;45
391;46
391;47
391;48
391;49
391;50
391;51
391;52
391;53
391;54
391;55
391;56
391;57
391;58
391;59
391;60
391;61
391;62
391;63
391;64
391;65
391;66
391;67
391;68
391;69
391;70
391;71
391;72
391;73
391;74
391;75
391;76
391;77
391;78
391;79
391;80
391;81
391;82
391;83
391;84
391;85
391;86
391;87
391;88
391;89
391;90
391;91
391;92
391;320
391;321
391;322
391;323
391;324
391;325
391;326
391;327
391;328
391;329
391;330
391;331
391;332
391;333
391;334
391;335
391;336
391;337
391;338
391;339
391;340
391;341
391;342
391;343
391;344
391;345
391;346
391;347
391;348
391;349
391;350
391;351
391;352
391;353
391;354
391;355
391;356
391;357
391;358
391;359
391;360
391;361
391;362
391;363
391;364
391;365
391;366
391;367
391;423
391;424
391;425
391;426
391;427
391;428
391;429
391;430
391;431
391;432
391;433
391;434
391;435
391;436
391;437
391;438
391;439
391;440
391;441
391;442
391;443
391;444
391;445
391;446
391;447
391;448
391;449
391;450
391;451
391;452
391;453
391;454
391;455
391;456
391;457
391;458
391;459
391;460
391;461
392;0
392;1
392;2
392;3
392;4
392;5
392;6
392;7
392;8
392;9
392;10
392;11
392;12
392;13
392;14
392;15
392;16
392;17
392;18
392;19
392;20
392;21
392;22
392;23
392;24
392;25
392;26
392;27
392;28
392;29
392;30
392;31
392;32
392;33
392;34
392;35
392;36
392;37
392;38
392;39
392;40
392;41
392;42
392;43
392;44
392;45
392;46
392;47
392;48
392;49
392;50
392;51
392;52
392;53
392;54
392;55
392;56
392;57
392;58
392;59
392;60
392;61
392;62
392;63
392;64
392;65
392;66
392;67
392;68
392;69
392;70
392;71
392;72
392;73
392;74
392;75
392;76
392;77
392;78
392;79
392;80
392;81
392;82
392;83
392;84
392;85
392;86
392;87
392;88
392;89
392;90
392;91
392;92
392;93
392;324
392;325
392;326
392;327
392;328
392;329
392;330
392;331
392;332
392;333
392;334
392;335
392;336
392;337
392;338
392;339
392;340
392;341
392;342
392;343
392;344
392;345
392;346
392;347
392;348
392;349
392;350
392;351
392;352
392;353
392;354
392;355
392;356
392;357
392;358
392;359
392;360
392;361
392;362
392;363
392;364
392;365
392;366
392;367
392;423
392;424
392;425
392;426
392;427
392;428
392;429
392;430
392;431
392;432
392;433
392;434
392;435
392;436
392;437
392;438
392;439
392;440
392;441
392;442
392;443
392;444
392;445
392;446
392;447
392;448
392;449
392;450
392;451
392;452
392;453
392;454
392;455
392;456
392;457
392;458
392;459
393;0
393;1
393;2
393;3
393;4
393;5
393;6
393;7
393;8
393;9
393;10
393;11
393;12
393;13
393;14
393;15
393;16
393;17
393;18
393;19
393;20
393;21
393;22
393;23
393;24
393;25
393;26
393;27
393;28
393;29
393;30
393;31
393;32
393;33
393;34
393;35
393;36
393;37
393;38
393;39
393;40
393;41
393;42
393;43
393;44
393;45
393;46
393;47
393;48
393;49
393;50
393;51
393;52
393;53
393;54
393;55
393;56
393;57
393;58
393;59
393;60
393;61
393;62
393;63
393;64
393;65
393;66
393;67
393;68
393;69
393;70
393;71
393;72
393;73
393;74
393;75
393;76
393;77
393;78
393;79
393;80
393;81
393;82
393;83
393;84
393;85
393;86
393;87
393;88
393;89
393;90
393;91
393;92
393;93
393;94
393;328
393;329
393;330
393;331
393;332
393;333
393;334
393;335
393;336
393;337
393;338
393;339
393;340
393;341
393;342
393;343
393;344
393;345
393;346
393;347
393;348
393;349
393;350
393;351
393;352
393;353
393;354
393;355
393;356
393;357
393;358
393;359
393;360
393;361
393;362
393;363
393;364
393;365
393;366
393;367
393;423
393;424
393;425
393;426
393;427
393;428
393;429
393;430
393;431
393;432
393;433
393;434
393;435
393;436
393;437
393;438
393;439
393;440
393;441
393;442
393;443
393;444
393;445
393;446
393;447
393;448
393;449
393;450
393;451
393;452
393;453
393;454
393;455
393;456
393;457
394;0
394;1
394;2
394;3
394;4
394;5
394;6
394;7
394;8
394;9
394;10
394;11
394;12
394;13
394;14
394;15
394;16
394;17
394;18
394;19
394;20
394;21
394;22
394;23
394;24
394;25
394;26
394;27
394;28
394;29
394;30
394;31
394;32
394;33
394;34
394;35
394;36
394;37
394;38
394;39
394;40
394;41
394;42
394;43
394;44
394;45
394;46
394;47
394;48
394;49
394;50
394;51
394;52
394;53
394;54
394;55
394;56
394;57
394;58
394;59
394;60
394;61
394;62
394;63
394;64
394;65
394;66
394;67
394;68
394;69
394;70
394;71
394;72
394;73
394;74
394;75
394;76
394;77
394;78
394;79
394;80
394;81
394;82
394;83
394;84
394;85
394;86
394;87
394;88
394;89
394;90
394;91
394;92
394;93
394;94
394;332
394;333
394;334
394;335
394;336
394;337
394;338
394;339
394;340
394;341
394;342
394;343
394;344
394;345
394;346
394;347
394;348
394;349
394;350
394;351
394;352
394;353
394;354
394;355
394;356
394;357
394;358
394;359
394;360
394;361
394;362
394;363
394;364
394;365
394;366
394;367
394;368
394;423
394;424
394;425
394;426
394;427
394;428
394;429
394;430
394;431
394;432
394;433
394;434
394;435
394;436
394;437
394;438
394;439
394;440
394;441
394;442
394;443
394;444
394;445
394;446
394;447
394;448
394;449
394;450
394;451
394;452
394;453
394;454
394;455
395;0
395;1
395;2
395;3
395;4
395;5
395;6
395;7
395;8
395;9
395;10
395;11
395;12
395;13
395;14
395;15
395;16
395;17
395;18
395;19
395;20
395;21
395;22
395;23
395;24
395;25
395;26
395;27
395;28
395;29
395;30
395;31
395;32
395;33
395;34
395;35
395;36
395;37
395;38
395;39
395;40
395;41
395;42
395;43
395;44
395;45
395;46
395;47
395;48
395;49
395;50
395;51
395;52
395;53
395;54
395;55
395;56
395;57
395;58
395;59
395;60
395;61
395;62
395;63
395;64
395;65
395;66
395;67
395;68
395;69
395;70
395;71
395;72
395;73
395;74
395;75
395;76
395;77
395;78
395;79
395;80
395;81
395;82
395;83
395;84
395;85
395;86
395;87
395;88
395;89
395;90
395;91
395;92
395;93
395;94
395;95
395;336
395;337
395;338
395;339
395;340
395;341
395;342
395;343
395;344
395;345
395;346
395;347
395;348
395;349
395;350
395;351
395;352
395;353
395;354
395;355
395;356
395;357
395;358
395;359
395;360
395;361
395;362
395;363
395;364
395;365
395;366
395;367
395;368
395;423
395;424
395;425
395;426
395;427
395;428
395;429
395;430
395;431
395;432
395;433
395;434
395;435
395;436
395;437
395;438
395;439
395;440
395;441
395;442
395;443
395;444
395;445
395;446
395;447
395;448
395;449
395;450
395;451
395;452
395;453
396;0
396;1
396;2
396;3
396;4
396;5
396;6
396;7
396;8
396;9
396;10
396;11
396;12
396;13
396;14
396;15
396;16
396;17
396;18
396;19
396;20
396;21
396;22
396;23
396;24
396;25
396;26
396;27
396;28
396;29
396;30
396;31
396;32
396;33
396;34
396;35
396;36
396;37
396;38
396;39
396;40
396;41
396;42
396;43
396;44
396;45
396;46
396;47
396;48
396;49
396;50
396;51
396;52
396;53
396;54
396;55
396;56
396;57
396;58
396;59
396;60
396;61
396;62
396;63
396;64
396;65
396;66
396;67
396;68
396;69
396;70
396;71
396;72
396;73
396;74
396;75
396;76
396;77
396;78
396;79
396;80
396;81
396;82
396;83
396;84
396;85
396;86
396;87
396;88
396;89
396;90
396;91
396;92
396;93
396;94
396;95
396;96
396;340
396;341
396;342
396;343
396;344
396;345
396;346
396;347
396;348
396;349
396;350
396;351
396;352
396;353
396;354
396;355
396;356
396;357
396;358
396;359
396;360
396;361
396;362
396;363
396;364
396;365
396;366
396;367
396;368
396;423
396;424
396;425
396;426
396;427
396;428
396;429
396;430
396;431
396;432
396;433
396;434
396;435
396;436
396;437
396;438
396;439
396;440
396;441
396;442
396;443
396;444
396;445
396;446
396;447
396;448
396;449
396;450
396;451
397;0
397;1
397;2
397;3
397;4
397;5
397;6
397;7
397;8
397;9
397;10
397;11
397;12
397;13
397;14
397;15
397;16
397;17
397;18
397;19
397;20
397;21
397;22
397;23
397;24
397;25
397;26
397;27
397;28
397;29
397;30
397;31
397;32
397;33
397;34
397;35
397;36
397;37
397;38
397;39
397;40
397;41
397;42
397;43
397;44
397;45
397;46
397;47
397;48
397;49
397;50
397;51
397;52
397;53
397;54
397;55
397;56
397;57
397;58
397;59
397;60
397;61
397;62
397;63
397;64
397;65
397;66
397;67
397;68
397;69
397;70
397;71
397;72
397;73
397;74
397;75
397;76
397;77
397;78
397;79
397;80
397;81
397;82
397;83
397;84
397;85
397;86
397;87
397;88
397;89
397;90
397;91
397;92
397;93
397;94
397;95
397;96
397;344
397;345
397;346
397;347
397;348
397;349
397;350
397;351
397;352
397;353
397;354
397;355
397;356
397;357
397;358
397;359
397;360
397;361
397;362
397;363
397;364
397;365
397;366
397;367
397;368
397;369
397;423
397;424
397;425
397;426
397;427
397;428
397;429
397;430
397;431
397;432
397;433
397;434
397;435
397;436
397;437
397;438
397;439
397;440
397;441
397;442
397;443
397;444
397;445
397;446
397;447
397;448
397;449
398;0
398;1
398;2
398;3
398;4
398;5
398;6
398;7
398;8
398;9
398;10
398;11
398;12
398;13
398;14
398;15
398;16
398;17
398;18
398;19
398;20
398;21
398;22
398;23
398;24
398;25
398;26
398;27
398;28
398;29
398;30
398;31
398;32
398;33
398;34
398;35
398;36
398;37
398;38
398;39
398;40
398;41
398;42
398;43
398;44
398;45
398;46
398;47
398;48
398;49
398;50
398;51
398;52
398;53
398;54
398;55
398;56
398;57
398;58
398;59
398;60
398;61
398;62
398;63
398;64
398;65
398;66
398;67
398;68
398;69
398;70
398;71
398;72
398;73
398;74
398;75
398;76
398;77
398;78
398;79
398;80
398;81
398;82
398;83
398;84
398;85
398;86
398;87
398;88
398;89
398;90
398;91
398;92
398;93
398;94
398;95
398;96
398;97
398;348
398;349
398;350
398;351
398;352
398;353
398;354
398;355
398;356
398;357
398;358
398;359
398;360
398;361
398;362
398;363
398;364
398;365
398;366
398;367
398;368
398;369
398;423
398;424
398;425
398;426
398;427
398;428
398;429
398;430
398;431
398;432
398;433
398;434
398;435
398;436
398;437
398;438
398;439
398;440
398;441
398;442
398;443
398;444
398;445
398;446
398;447
398;448
399;1
399;2
399;3
399;4
399;5
399;6
399;7
399;8
399;9
399;10
399;11
399;12
399;13
399;14
399;15
399;16
399;17
399;18
399;19
399;20
399;21
399;22
399;23
399;24
399;25
399;26
399;27
399;28
399;29
399;30
399;31
399;32
399;33
399;34
399;35
399;36
399;37
399;38
399;39
399;40
399;41
399;42
399;43
399;44
399;45
399;46
399;47
399;48
399;49
399;50
399;51
399;52
399;53
399;54
399;55
399;56
399;57
399;58
399;59
399;60
399;61
399;62
399;63
399;64
399;65
399;66
399;67
399;68
399;69
399;70
399;71
399;72
399;73
399;74
399;75
399;76
399;77
399;78
399;79
399;80
399;81
399;82
399;83
399;84
399;85
399;86
399;87
399;88
399;89
399;90
399;91
399;92
399;93
399;94
399;95
399;96
399;97
399;98
399;352
399;353
399;354
399;355
399;356
399;357
399;358
399;359
399;360
399;361
399;362
399;363
399;364
399;365
399;366
399;367
399;368
399;369
399;423
399;424
399;425
399;426
399;427
399;428
399;429
399;430
399;431
399;432
399;433
399;434
399;435
399;436
399;437
399;438
399;439
399;440
399;441
399;442
399;443
399;444
399;445
399;446
400;2
400;3
400;4
400;5
400;6
400;7
400;8
400;9
400;10
400;11
400;12
400;13
400;14
400;15
400;16
400;17
400;18
400;19
400;20
400;21
400;22
400;23
400;24
400;25
400;26
400;27
400;28
400;29
400;30
400;31
400;32
400;33
400;34
400;35
400;36
400;37
400;38
400;39
400;40
400;41
400;42
400;43
400;44
400;45
400;46
400;47
400;48
400;49
400;50
400;51
400;52
400;53
400;54
400;55
400;56
400;57
400;58
400;59
400;60
400;61
400;62
400;63
400;64
400;65
400;66
400;67
400;68
400;69
400;70
400;71
400;72
400;73
400;74
400;75
400;76
400;77
400;78
400;79
400;80
400;81
400;82
400;83
400;84
400;85
400;86
400;87
400;88
400;89
400;90
400;91
400;92
400;93
400;94
400;95
400;96
400;97
400;98
400;356
400;357
400;358
400;359
400;360
400;361
400;362
400;363
400;364
400;365
400;366
400;367
400;368
400;369
400;423
400;424
400;425
400;426
400;427
400;428
400;429
400;430
400;431
400;432
400;433
400;434
400;435
400;436
400;437
400;438
400;439
400;440
400;441
400;442
400;443
400;444
401;2
401;3
401;4
401;5
401;6
401;7
401;8
401;9
401;10
401;11
401;12
401;13
401;14
401;15
401;16
401;17
401;18
401;19
401;20
401;21
401;22
401;23
401;24
401;25
401;26
401;27
401;28
401;29
401;30
401;31
401;32
401;33
401;34
401;35
401;36
401;37
401;38
401;39
401;40
401;41
401;42
401;43
401;44
401;45
401;46
401;47
401;48
401;49
401;50
401;51
401;52
401;53
401;54
401;55
401;56
401;57
401;58
401;59
401;60
401;61
401;62
401;63
401;64
401;65
401;66
401;67
401;68
401;69
401;70
401;71
401;72
401;73
401;74
401;75
401;76
401;77
401;78
401;79
401;80
401;81
401;82
401;83
401;84
401;85
401;86
401;87
401;88
401;89
401;90
401;91
401;92
401;93
401;94
401;95
401;96
401;97
401;98
401;99
401;360
401;361
401;362
401;363
401;364
401;365
401;366
401;367
401;368
401;369
401;370
401;423
401;424
401;425
401;426
401;427
401;428
401;429
401;430
401;431
401;432
401;433
401;434
401;435
401;436
401;437
401;438
401;439
401;440
401;441
401;442
402;3
402;4
402;5
402;6
402;7
402;8
402;9
402;10
402;11
402;12
402;13
402;14
402;15
402;16
402;17
402;18
402;19
402;20
402;21
402;22
402;23
402;24
402;25
402;26
402;27
402;28
402;29
402;30
402;31
402;32
402;33
402;34
402;35
402;36
402;37
402;38
402;39
402;40
402;41
402;42
402;43
402;44
402;45
402;46
402;47
402;48
402;49
402;50
402;51
402;52
402;53
402;54
402;55
402;56
402;57
402;58
402;59
402;60
402;61
402;62
402;63
402;64
402;65
402;66
402;67
402;68
402;69
402;70
402;71
402;72
402;73
402;74
402;75
402;76
402;77
402;78
402;79
402;80
402;81
402;82
402;83
402;84
402;85
402;86
402;87
402;88
402;89
402;90
402;91
402;92
402;93
402;94
402;95
402;96
402;97
402;98
402;99
402;100
402;364
402;365
402;366
402;367
402;368
402;369
402;370
402;423
402;424
402;425
402;426
402;427
402;428
402;429
402;430
402;431
402;432
402;433
402;434
402;435
402;436
402;437
402;438
402;439
402;440
403;4
403;5
403;6
403;7
403;8
403;9
403;10
403;11
403;12
403;13
403;14
403;15
403;16
403;17
403;18
403;19
403;20
403;21
403;22
403;23
403;24
403;25
403;26
403;27
403;28
403;29
403;30
403;31
403;32
403;33
403;34
403;35
403;36
403;37
403;38
403;39
403;40
403;41
403;42
403;43
403;44
403;45
403;46
403;47
403;48
403;49
403;50
403;51
403;52
403;53
403;54
403;55
403;56
403;57
403;58
403;59
403;60
403;61
403;62
403;63
403;64
403;65
403;66
403;67
403;68
403;69
403;70
403;71
403;72
403;73
403;74
403;75
403;76
403;77
403;78
403;79
403;80
403;81
403;82
403;83
403;84
403;85
403;86
403;87
403;88
403;89
403;90
403;91
403;92
403;93
403;94
403;95
403;96
403;97
403;98
403;99
403;100
403;368
403;369
403;370
403;423
403;424
403;425
403;426
403;427
403;428
403;429
403;430
403;431
403;432
403;433
403;434
403;435
403;436
403;437
403;438
404;4
404;5
404;6
404;7
404;8
404;9
404;10
404;11
404;12
404;13
404;14
404;15
404;16
404;17
404;18
404;19
404;20
404;21
404;22
404;23
404;24
404;25
404;26
404;27
404;28
404;29
404;30
404;31
404;32
404;33
404;34
404;35
404;36
404;37
404;38
404;39
404;40
404;41
404;42
404;43
404;44
404;45
404;46
404;47
404;48
404;49
404;50
404;51
404;52
404;53
404;54
404;55
404;56
404;57
404;58
404;59
404;60
404;61
404;62
404;63
404;64
404;65
404;66
404;67
404;68
404;69
404;70
404;71
404;72
404;73
404;74
404;75
404;76
404;77
404;78
404;79
404;80
404;81
404;82
404;83
404;84
404;85
404;86
404;87
404;88
404;89
404;90
404;91
404;92
404;93
404;94
404;95
404;96
404;97
404;98
404;99
404;100
404;101
404;423
404;424
404;425
404;426
404;427
404;428
404;429
404;430
404;431
404;432
404;433
404;434
404;435
404;436
405;5
405;6
405;7
405;8
405;9
405;10
405;11
405;12
405;13
405;14
405;15
405;16
405;17
405;18
405;19
405;20
405;21
405;22
405;23
405;24
405;25
405;26
405;27
405;28
405;29
405;30
405;31
405;32
405;33
405;34
405;35
405;36
405;37
405;38
405;39
405;40
405;41
405;42
405;43
405;44
405;45
405;46
405;47
405;48
405;49
405;50
405;51
405;52
405;53
405;54
405;55
405;56
405;57
405;58
405;59
405;60
405;61
405;62
405;63
405;64
405;65
405;66
405;67
405;68
405;69
405;70
405;71
405;72
405;73
405;74
405;75
405;76
405;77
405;78
405;79
405;80
405;81
405;82
405;83
405;84
405;85
405;86
405;87
405;88
405;89
405;90
405;91
405;92
405;93
405;94
405;95
405;96
405;97
405;98
405;99
405;100
405;101
405;102
405;423
405;424
405;425
405;426
405;427
405;428
405;429
405;430
405;431
405;432
405;433
405;434
406;6
406;7
406;8
406;9
406;10
406;11
406;12
406;13
406;14
406;15
406;16
406;17
406;18
406;19
406;20
406;21
406;22
406;23
406;24
406;25
406;26
406;27
406;28
406;29
406;30
406;31
406;32
406;33
406;34
406;35
406;36
406;37
406;38
406;39
406;40
406;41
406;42
406;43
406;44
406;45
406;46
406;47
406;48
406;49
406;50
406;51
406;52
406;53
406;54
406;55
406;56
406;57
406;58
406;59
406;60
406;61
406;62
406;63
406;64
406;65
406;66
406;67
406;68
406;69
406;70
406;71
406;72
406;73
406;74
406;75
406;76
406;77
406;78
406;79
406;80
406;81
406;82
406;83
406;84
406;85
406;86
406;87
406;88
406;89
406;90
406;91
406;92
406;93
406;94
406;95
406;96
406;97
406;98
406;99
406;100
406;101
406;102
406;423
406;424
406;425
406;426
406;427
406;428
406;429
406;430
406;431
406;432
407;6
407;7
407;8
407;9
407;10
407;11
407;12
407;13
407;14
407;15
407;16
407;17
407;18
407;19
407;20
407;21
407;22
407;23
407;24
407;25
407;26
407;27
407;28
407;29
407;30
407;31
407;32
407;33
407;34
407;35
407;36
407;37
407;38
407;39
407;40
407;41
407;42
407;43
407;44
407;45
407;46
407;47
407;48
407;49
407;50
407;51
407;52
407;53
407;54
407;55
407;56
407;57
407;58
407;59
407;60
407;61
407;62
407;63
407;64
407;65
407;66
407;67
407;68
407;69
407;70
407;71
407;72
407;73
407;74
407;75
407;76
407;77
407;78
407;79
407;80
407;81
407;82
407;83
407;84
407;85
407;86
407;87
407;88
407;89
407;90
407;91
407;92
407;93
407;94
407;95
407;96
407;97
407;98
407;99
407;100
407;101
407;102
407;103
407;423
407;424
407;425
407;426
407;427
407;428
407;429
407;430
408;7
408;8
408;9
408;10
408;11
408;12
408;13
408;14
408;15
408;16
408;17
408;18
408;19
408;20
408;21
408;22
408;23
408;24
408;25
408;26
408;27
408;28
408;29
408;30
408;31
408;32
408;33
408;34
408;35
408;36
408;37
408;38
408;39
408;40
408;41
408;42
408;43
408;44
408;45
408;46
408;47
408;48
408;49
408;50
408;51
408;52
408;53
408;54
408;55
408;56
408;57
408;58
408;59
408;60
408;61
408;62
408;63
408;64
408;65
408;66
408;67
408;68
408;69
408;70
408;71
408;72
408;73
408;74
408;75
408;76
408;77
408;78
408;79
408;80
408;81
408;82
408;83
408;84
408;85
408;86
408;87
408;88
408;89
408;90
408;91
408;92
408;93
408;94
408;95
408;96
408;97
408;98
408;99
408;100
408;101
408;102
408;103
408;104
408;423
408;424
408;425
408;426
408;427
408;428
409;8
409;9
409;10
409;11
409;12
409;13
409;14
409;15
409;16
409;17
409;18
409;19
409;20
409;21
409;22
409;23
409;24
409;25
409;26
409;27
409;28
409;29
409;30
409;31
409;32
409;33
409;34
409;35
409;36
409;37
409;38
409;39
409;40
409;41
409;42
409;43
409;44
409;45
409;46
409;47
409;48
409;49
409;50
409;51
409;52
409;53
409;54
409;55
409;56
409;57
409;58
409;59
409;60
409;61
409;62
409;63
409;64
409;65
409;66
409;67
409;68
409;69
409;70
409;71
409;72
409;73
409;74
409;75
409;76
409;77
409;78
409;79
409;80
409;81
409;82
409;83
409;84
409;85
409;86
409;87
409;88
409;89
409;90
409;91
409;92
409;93
409;94
409;95
409;96
409;97
409;98
409;99
409;100
409;101
409;102
409;103
409;104
409;423
409;424
409;425
409;426
410;8
410;9
410;10
410;11
410;12
410;13
410;14
410;15
410;16
410;17
410;18
410;19
410;20
410;21
410;22
410;23
410;24
410;25
410;26
410;27
410;28
410;29
410;30
410;31
410;32
410;33
410;34
410;35
410;36
410;37
410;38
410;39
410;40
410;41
410;42
410;43
410;44
410;45
410;46
410;47
410;48
410;49
410;50
410;51
410;52
410;53
410;54
410;55
410;56
410;57
410;58
410;59
410;60
410;61
410;62
410;63
410;64
410;65
410;66
410;67
410;68
410;69
410;70
410;71
410;72
410;73
410;74
410;75
410;76
410;77
410;78
410;79
410;80
410;81
410;82
410;83
410;84
410;85
410;86
410;87
410;88
410;89
410;90
410;91
410;92
410;93
410;94
410;95
410;96
410;97
410;98
410;99
410;100
410;101
410;102
410;103
410;104
410;105
410;423
410;424
410;425
411;9
411;10
411;11
411;12
411;13
411;14
411;15
411;16
411;17
411;18
411;19
411;20
411;21
411;22
411;23
411;24
411;25
411;26
411;27
411;28
411;29
411;30
411;31
411;32
411;33
411;34
411;35
411;36
411;37
411;38
411;39
411;40
411;41
411;42
411;43
411;44
411;45
411;46
411;47
411;48
411;49
411;50
411;51
411;52
411;53
411;54
411;55
411;56
411;57
411;58
411;59
411;60
411;61
411;62
411;63
411;64
411;65
411;66
411;67
411;68
411;69
411;70
411;71
411;72
411;73
411;74
411;75
411;76
411;77
411;78
411;79
411;80
411;81
411;82
411;83
411;84
411;85
411;86
411;87
411;88
411;89
411;90
411;91
411;92
411;93
411;94
411;95
411;96
411;97
411;98
411;99
411;100
411;101
411;102
411;103
411;423
412;10
412;11
412;12
412;13
412;14
412;15
412;16
412;17
412;18
412;19
412;20
412;21
412;22
412;23
412;24
412;25
412;26
412;27
412;28
412;29
412;30
412;31
412;32
412;33
412;34
412;35
412;36
412;37
412;38
412;39
412;40
412;41
412;42
412;43
412;44
412;45
412;46
412;47
412;48
412;49
412;50
412;51
412;52
412;53
412;54
412;55
412;56
412;57
412;58
412;59
412;60
412;61
412;62
412;63
412;64
412;65
412;66
412;67
412;68
412;69
412;70
412;71
412;72
412;73
412;74
412;75
412;76
412;77
412;78
412;79
412;80
412;81
412;82
412;83
412;84
412;85
412;86
412;87
412;88
412;89
412;90
412;91
412;92
412;93
412;94
412;95
412;96
412;97
412;98
412;99
412;100
412;101
412;102
413;10
413;11
413;12
413;13
413;14
413;15
413;16
413;17
413;18
413;19
413;20
413;21
413;22
413;23
413;24
413;25
413;26
413;27
413;28
413;29
413;30
413;31
413;32
413;33
413;34
413;35
413;36
413;37
413;38
413;39
413;40
413;41
413;42
413;43
413;44
413;45
413;46
413;47
413;48
413;49
413;50
413;51
413;52
413;53
413;54
413;55
413;56
413;57
413;58
413;59
413;60
413;61
413;62
413;63
413;64
413;65
413;66
413;67
413;68
413;69
413;70
413;71
413;72
413;73
413;74
413;75
413;76
413;77
413;78
413;79
413;80
413;81
413;82
413;83
413;84
413;85
413;86
413;87
413;88
413;89
413;90
413;91
413;92
413;93
413;94
413;95
413;96
413;97
413;98
413;99
413;100
414;11
414;12
414;13
414;14
414;15
414;16
414;17
414;18
414;19
414;20
414;21
414;22
414;23
414;24
414;25
414;26
414;27
414;28
414;29
414;30
414;31
414;32
414;33
414;34
414;35
414;36
414;37
414;38
414;39
414;40
414;41
414;42
414;43
414;44
414;45
414;46
414;47
414;48
414;49
414;50
414;51
414;52
414;53
414;54
414;55
414;56
414;57
414;58
414;59
414;60
414;61
414;62
414;63
414;64
414;65
414;66
414;67
414;68
414;69
414;70
414;71
414;72
414;73
414;74
414;75
414;76
414;77
414;78
414;79
414;80
414;81
414;82
414;83
414;84
414;85
414;86
414;87
414;88
414;89
414;90
414;91
414;92
414;93
414;94
414;95
414;96
414;97
414;98
414;99
415;12
415;13
415;14
415;15
415;16
415;17
415;18
415;19
415;20
415;21
415;22
415;23
415;24
415;25
415;26
415;27
415;28
415;29
415;30
415;31
415;32
415;33
415;34
415;35
415;36
415;37
415;38
415;39
415;40
415;41
415;42
415;43
415;44
415;45
415;46
415;47
415;48
415;49
415;50
415;51
415;52
415;53
415;54
415;55
415;56
415;57
415;58
415;59
415;60
415;61
415;62
415;63
415;64
415;65
415;66
415;67
415;68
415;69
415;70
415;71
415;72
415;73
415;74
415;75
415;76
415;77
415;78
415;79
415;80
415;81
415;82
415;83
415;84
415;85
415;86
415;87
415;88
415;89
415;90
415;91
415;92
415;93
415;94
415;95
415;96
415;97
416;12
416;13
416;14
416;15
416;16
416;17
416;18
416;19
416;20
416;21
416;22
416;23
416;24
416;25
416;26
416;27
416;28
416;29
416;30
416;31
416;32
416;33
416;34
416;35
416;36
416;37
416;38
416;39
416;40
416;41
416;42
416;43
416;44
416;45
416;46
416;47
416;48
416;49
416;50
416;51
416;52
416;53
416;54
416;55
416;56
416;57
416;58
416;59
416;60
416;61
416;62
416;63
416;64
416;65
416;66
416;67
416;68
416;69
416;70
416;71
416;72
416;73
416;74
416;75
416;76
416;77
416;78
416;79
416;80
416;81
416;82
416;83
416;84
416;85
416;86
416;87
416;88
416;89
416;90
416;91
416;92
416;93
416;94
416;95
416;96
417;13
417;14
417;15
417;16
417;17
417;18
417;19
417;20
417;21
417;22
417;23
417;24
417;25
417;26
417;27
417;28
417;29
417;30
417;31
417;32
417;33
417;34
417;35
417;36
417;37
417;38
417;39
417;40
417;41
417;42
417;43
417;44
417;45
417;46
417;47
417;48
417;49
417;50
417;51
417;52
417;53
417;54
417;55
417;56
417;57
417;58
417;59
417;60
417;61
417;62
417;63
417;64
417;65
417;66
417;67
417;68
417;69
417;70
417;71
417;72
417;73
417;74
417;75
417;76
417;77
417;78
417;79
417;80
417;81
417;82
417;83
417;84
417;85
417;86
417;87
417;88
417;89
417;90
417;91
417;92
417;93
417;94
418;14
418;15
418;16
418;17
418;18
418;19
418;20
418;21
418;22
418;23
418;24
418;25
418;26
418;27
418;28
418;29
418;30
418;31
418;32
418;33
418;34
418;35
418;36
418;37
418;38
418;39
418;40
418;41
418;42
418;43
418;44
418;45
418;46
418;47
418;48
418;49
418;50
418;51
418;52
418;53
418;54
418;55
418;56
418;57
418;58
418;59
418;60
418;61
418;62
418;63
418;64
418;65
418;66
418;67
418;68
418;69
418;70
418;71
418;72
418;73
418;74
418;75
418;76
418;77
418;78
418;79
418;80
418;81
418;82
418;83
418;84
418;85
418;86
418;87
418;88
418;89
418;90
418;91
418;92
418;93
418;188
418;189
418;190
418;191
418;192
418;193
419;15
419;16
419;17
419;18
419;19
419;20
419;21
419;22
419;23
419;24
419;25
419;26
419;27
419;28
419;29
419;30
419;31
419;32
419;33
419;34
419;35
419;36
419;37
419;38
419;39
419;40
419;41
419;42
419;43
419;44
419;45
419;46
419;47
419;48
419;49
419;50
419;51
419;52
419;53
419;54
419;55
419;56
419;57
419;58
419;59
419;60
419;61
419;62
419;63
419;64
419;65
419;66
419;67
419;68
419;69
419;70
419;71
419;72
419;73
419;74
419;75
419;76
419;77
419;78
419;79
419;80
419;81
419;82
419;83
419;84
419;85
419;86
419;87
419;88
419;89
419;90
419;91
419;188
419;189
419;190
419;191
419;192
419;193
419;194
419;195
419;196
419;197
419;198
419;199
419;200
419;201
419;202
419;203
419;204
419;205
419;206
419;207
419;208
419;209
420;15
420;16
420;17
420;18
420;19
420;20
420;21
420;22
420;23
420;24
420;25
420;26
420;27
420;28
420;29
420;30
420;31
420;32
420;33
420;34
420;35
420;36
420;37
420;38
420;39
420;40
420;41
420;42
420;43
420;44
420;45
420;46
420;47
420;48
420;49
420;50
420;51
420;52
420;53
420;54
420;55
420;56
420;57
420;58
420;59
420;60
420;61
420;62
420;63
420;64
420;65
420;66
420;67
420;68
420;69
420;70
420;71
420;72
420;73
420;74
420;75
420;76
420;77
420;78
420;79
420;80
420;81
420;82
420;83
420;84
420;85
420;86
420;87
420;88
420;89
420;90
420;189
420;190
420;191
420;192
420;193
420;194
420;195
420;196
420;197
420;198
420;199
420;200
420;201
420;202
420;203
420;204
420;205
420;206
420;207
420;208
420;209
420;210
420;211
420;212
420;213
420;214
420;215
420;216
420;217
420;218
420;219
420;220
420;221
420;222
420;223
420;224
420;225
420;226
421;16
421;17
421;18
421;19
421;20
421;21
421;22
421;23
421;24
421;25
421;26
421;27
421;28
421;29
421;30
421;31
421;32
421;33
421;34
421;35
421;36
421;37
421;38
421;39
421;40
421;41
421;42
421;43
421;44
421;45
421;46
421;47
421;48
421;49
421;50
421;51
421;52
421;53
421;54
421;55
421;56
421;57
421;58
421;59
421;60
421;61
421;62
421;63
421;64
421;65
421;66
421;67
421;68
421;69
421;70
421;71
421;72
421;73
421;74
421;75
421;76
421;77
421;78
421;79
421;80
421;81
421;82
421;83
421;84
421;85
421;86
421;87
421;88
421;189
421;190
421;191
421;192
421;193
421;194
421;195
421;196
421;197
421;198
421;199
421;200
421;201
421;202
421;203
421;204
421;205
421;206
421;207
421;208
421;209
421;210
421;211
421;212
421;213
421;214
421;215
421;216
421;217
421;218
421;219
421;220
421;221
421;222
421;223
421;224
421;225
421;226
421;227
421;228
421;229
421;230
421;231
421;232
421;233
421;234
421;235
421;236
421;237
421;238
421;239
421;240
421;241
421;242
422;17
422;18
422;19
422;20
422;21
422;22
422;23
422;24
422;25
422;26
422;27
422;28
422;29
422;30
422;31
422;32
422;33
422;34
422;35
422;36
422;37
422;38
422;39
422;40
422;41
422;42
422;43
422;44
422;45
422;46
422;47
422;48
422;49
422;50
422;51
422;52
422;53
422;54
422;55
422;56
422;57
422;58
422;59
422;60
422;61
422;62
422;63
422;64
422;65
422;66
422;67
422;68
422;69
422;70
422;71
422;72
422;73
422;74
422;75
422;76
422;77
422;78
422;79
422;80
422;81
422;82
422;83
422;84
422;85
422;86
422;87
422;190
422;191
422;192
422;193
422;194
422;195
422;196
422;197
422;198
422;199
422;200
422;201
422;202
422;203
422;204
422;205
422;206
422;207
422;208
422;209
422;210
422;211
422;212
422;213
422;214
422;215
422;216
422;217
422;218
422;219
422;220
422;221
422;222
422;223
422;224
422;225
422;226
422;227
422;228
422;229
422;230
422;231
422;232
422;233
422;234
422;235
422;236
422;237
422;238
422;239
422;240
422;241
422;242
422;243
422;244
422;245
422;246
422;247
422;248
422;249
422;250
422;251
422;252
422;253
422;254
423;17
423;18
423;19
423;20
423;21
423;22
423;23
423;24
423;25
423;26
423;27
423;28
423;29
423;30
423;31
423;32
423;33
423;34
423;35
423;36
423;37
423;38
423;39
423;40
423;41
423;42
423;43
423;44
423;45
423;46
423;47
423;48
423;49
423;50
423;51
423;52
423;53
423;54
423;55
423;56
423;57
423;58
423;59
423;60
423;61
423;62
423;63
423;64
423;65
423;66
423;67
423;68
423;69
423;70
423;71
423;72
423;73
423;74
423;75
423;76
423;77
423;78
423;79
423;80
423;81
423;82
423;83
423;84
423;85
423;190
423;191
423;192
423;193
423;194
423;195
423;196
423;197
423;198
423;199
423;200
423;201
423;202
423;203
423;204
423;205
423;206
423;207
423;208
423;209
423;210
423;211
423;212
423;213
423;214
423;215
423;216
423;217
423;218
423;219
423;220
423;221
423;222
423;223
423;224
423;225
423;226
423;227
423;228
423;229
423;230
423;231
423;232
423;233
423;234
423;235
423;236
423;237
423;238
423;239
423;240
423;241
423;242
423;243
423;244
423;245
423;246
423;247
423;248
423;249
423;250
423;251
423;252
423;253
423;254
424;18
424;19
424;20
424;21
424;22
424;23
424;24
424;25
424;26
424;27
424;28
424;29
424;30
424;31
424;32
424;33
424;34
424;35
424;36
424;37
424;38
424;39
424;40
424;41
424;42
424;43
424;44
424;45
424;46
424;47
424;48
424;49
424;50
424;51
424;52
424;53
424;54
424;55
424;56
424;57
424;58
424;59
424;60
424;61
424;62
424;63
424;64
424;65
424;66
424;67
424;68
424;69
424;70
424;71
424;72
424;73
424;74
424;75
424;76
424;77
424;78
424;79
424;80
424;81
424;82
424;83
424;84
424;191
424;192
424;193
424;194
424;195
424;196
424;197
424;198
424;199
424;200
424;201
424;202
424;203
424;204
424;205
424;206
424;207
424;208
424;209
424;210
424;211
424;212
424;213
424;214
424;215
424;216
424;217
424;218
424;219
424;220
424;221
424;222
424;223
424;224
424;225
424;226
424;227
424;228
424;229
424;230
424;231
424;232
424;233
424;234
424;235
424;236
424;237
424;238
424;239
424;240
424;241
424;242
424;243
424;244
424;245
424;246
424;247
424;248
424;249
424;250
424;251
424;252
424;253
425;19
425;20
425;21
425;22
425;23
425;24
425;25
425;26
425;27
425;28
425;29
425;30
425;31
425;32
425;33
425;34
425;35
425;36
425;37
425;38
425;39
425;40
425;41
425;42
425;43
425;44
425;45
425;46
425;47
425;48
425;49
425;50
425;51
425;52
425;53
425;54
425;55
425;56
425;57
425;58
425;59
425;60
425;61
425;62
425;63
425;64
425;65
425;66
425;67
425;68
425;69
425;70
425;71
425;72
425;73
425;74
425;75
425;76
425;77
425;78
425;79
425;80
425;81
425;82
425;191
425;192
425;193
425;194
425;195
425;196
425;197
425;198
425;199
425;200
425;201
425;202
425;203
425;204
425;205
425;206
425;207
425;208
425;209
425;210
425;211
425;212
425;213
425;214
425;215
425;216
425;217
425;218
425;219
425;220
425;221
425;222
425;223
425;224
425;225
425;226
425;227
425;228
425;229
425;230
425;231
425;232
425;233
425;234
425;235
425;236
425;237
425;238
425;239
425;240
425;241
425;242
425;243
425;244
425;245
425;246
425;247
425;248
425;249
425;250
425;251
425;252
426;19
426;20
426;21
426;22
426;23
426;24
426;25
426;26
426;27
426;28
426;29
426;30
426;31
426;32
426;33
426;34
426;35
426;36
426;37
426;38
426;39
426;40
426;41
426;42
426;43
426;44
426;45
426;46
426;47
426;48
426;49
426;50
426;51
426;52
426;53
426;54
426;55
426;56
426;57
426;58
426;59
426;60
426;61
426;62
426;63
426;64
426;65
426;66
426;67
426;68
426;69
426;70
426;71
426;72
426;73
426;74
426;75
426;76
426;77
426;78
426;79
426;80
426;81
426;192
426;193
426;194
426;195
426;196
426;197
426;198
426;199
426;200
426;201
426;202
426;203
426;204
426;205
426;206
426;207
426;208
426;209
426;210
426;211
426;212
426;213
426;214
426;215
426;216
426;217
426;218
426;219
426;220
426;221
426;222
426;223
426;224
426;225
426;226
426;227
426;228
426;229
426;230
426;231
426;232
426;233
426;234
426;235
426;236
426;237
426;238
426;239
426;240
426;241
426;242
426;243
426;244
426;245
426;246
426;247
426;248
426;249
426;250
426;251
426;252
427;20
427;21
427;22
427;23
427;24
427;25
427;26
427;27
427;28
427;29
427;30
427;31
427;32
427;33
427;34
427;35
427;36
427;37
427;38
427;39
427;40
427;41
427;42
427;43
427;44
427;45
427;46
427;47
427;48
427;49
427;50
427;51
427;52
427;53
427;54
427;55
427;56
427;57
427;58
427;59
427;60
427;61
427;62
427;63
427;64
427;65
427;66
427;67
427;68
427;69
427;70
427;71
427;72
427;73
427;74
427;75
427;76
427;77
427;78
427;79
427;192
427;193
427;194
427;195
427;196
427;197
427;198
427;199
427;200
427;201
427;202
427;203
427;204
427;205
427;206
427;207
427;208
427;209
427;210
427;211
427;212
427;213
427;214
427;215
427;216
427;217
427;218
427;219
427;220
427;221
427;222
427;223
427;224
427;225
427;226
427;227
427;228
427;229
427;230
427;231
427;232
427;233
427;234
427;235
427;236
427;237
427;238
427;239
427;240
427;241
427;242
427;243
427;244
427;245
427;246
427;247
427;248
427;249
427;250
427;251
428;21
428;22
428;23
428;24
428;25
428;26
428;27
428;28
428;29
428;30
428;31
428;32
428;33
428;34
428;35
428;36
428;37
428;38
428;39
428;40
428;41
428;42
428;43
428;44
428;45
428;46
428;47
428;48
428;49
428;50
428;51
428;52
428;53
428;54
428;55
428;56
428;57
428;58
428;59
428;60
428;61
428;62
428;63
428;64
428;65
428;66
428;67
428;68
428;69
428;70
428;71
428;72
428;73
428;74
428;75
428;76
428;77
428;78
428;193
428;194
428;195
428;196
428;197
428;198
428;199
428;200
428;201
428;202
428;203
428;204
428;205
428;206
428;207
428;208
428;209
428;210
428;211
428;212
428;213
428;214
428;215
428;216
428;217
428;218
428;219
428;220
428;221
428;222
428;223
428;224
428;225
428;226
428;227
428;228
428;229
428;230
428;231
428;232
428;233
428;234
428;235
428;236
428;237
428;238
428;239
428;240
428;241
428;242
428;243
428;244
428;245
428;246
428;247
428;248
428;249
428;250
429;21
429;22
429;23
429;24
429;25
429;26
429;27
429;28
429;29
429;30
429;31
429;32
429;33
429;34
429;35
429;36
429;37
429;38
429;39
429;40
429;41
429;42
429;43
429;44
429;45
429;46
429;47
429;48
429;49
429;50
429;51
429;52
429;53
429;54
429;55
429;56
429;57
429;58
429;59
429;60
429;61
429;62
429;63
429;64
429;65
429;66
429;67
429;68
429;69
429;70
429;71
429;72
429;73
429;74
429;75
429;76
429;193
429;194
429;195
429;196
429;197
429;198
429;199
429;200
429;201
429;202
429;203
429;204
429;205
429;206
429;207
429;208
429;209
429;210
429;211
429;212
429;213
429;214
429;215
429;216
429;217
429;218
429;219
429;220
429;221
429;222
429;223
429;224
429;225
429;226
429;227
429;228
429;229
429;230
429;231
429;232
429;233
429;234
429;235
429;236
429;237
429;238
429;239
429;240
429;241
429;242
429;243
429;244
429;245
429;246
429;247
429;248
429;249
429;250
430;22
430;23
430;24
430;25
430;26
430;27
430;28
430;29
430;30
430;31
430;32
430;33
430;34
430;35
430;36
430;37
430;38
430;39
430;40
430;41
430;42
430;43
430;44
430;45
430;46
430;47
430;48
430;49
430;50
430;51
430;52
430;53
430;54
430;55
430;56
430;57
430;58
430;59
430;60
430;61
430;62
430;63
430;64
430;65
430;66
430;67
430;68
430;69
430;70
430;71
430;72
430;73
430;74
430;75
430;194
430;195
430;196
430;197
430;198
430;199
430;200
430;201
430;202
430;203
430;204
430;205
430;206
430;207
430;208
430;209
430;210
430;211
430;212
430;213
430;214
430;215
430;216
430;217
430;218
430;219
430;220
430;221
430;222
430;223
430;224
430;225
430;226
430;227
430;228
430;229
430;230
430;231
430;232
430;233
430;234
430;235
430;236
430;237
430;238
430;239
430;240
430;241
430;242
430;243
430;244
430;245
430;246
430;247
430;248
430;249
431;23
431;24
431;25
431;26
431;27
431;28
431;29
431;30
431;31
431;32
431;33
431;34
431;35
431;36
431;37
431;38
431;39
431;40
431;41
431;42
431;43
431;44
431;45
431;46
431;47
431;48
431;49
431;50
431;51
431;52
431;53
431;54
431;55
431;56
431;57
431;58
431;59
431;60
431;61
431;62
431;63
431;64
431;65
431;66
431;67
431;68
431;69
431;70
431;71
431;72
431;73
431;194
431;195
431;196
431;197
431;198
431;199
431;200
431;201
431;202
431;203
431;204
431;205
431;206
431;207
431;208
431;209
431;210
431;211
431;212
431;213
431;214
431;215
431;216
431;217
431;218
431;219
431;220
431;221
431;222
431;223
431;224
431;225
431;226
431;227
431;228
431;229
431;230
431;231
431;232
431;233
431;234
431;235
431;236
431;237
431;238
431;239
431;240
431;241
431;242
431;243
431;244
431;245
431;246
431;247
431;248
432;23
432;24
432;25
432;26
432;27
432;28
432;29
432;30
432;31
432;32
432;33
432;34
432;35
432;36
432;37
432;38
432;39
432;40
432;41
432;42
432;43
432;44
432;45
432;46
432;47
432;48
432;49
432;50
432;51
432;52
432;53
432;54
432;55
432;56
432;57
432;58
432;59
432;60
432;61
432;62
432;63
432;64
432;65
432;66
432;67
432;68
432;69
432;70
432;71
432;72
432;195
432;196
432;197
432;198
432;199
432;200
432;201
432;202
432;203
432;204
432;205
432;206
432;207
432;208
432;209
432;210
432;211
432;212
432;213
432;214
432;215
432;216
432;217
432;218
432;219
432;220
432;221
432;222
432;223
432;224
432;225
432;226
432;227
432;228
432;229
432;230
432;231
432;232
432;233
432;234
432;235
432;236
432;237
432;238
432;239
432;240
432;241
432;242
432;243
432;244
432;245
432;246
432;247
432;248
433;24
433;25
433;26
433;27
433;28
433;29
433;30
433;31
433;32
433;33
433;34
433;35
433;36
433;37
433;38
433;39
433;40
433;41
433;42
433;43
433;44
433;45
433;46
433;47
433;48
433;49
433;50
433;51
433;52
433;53
433;54
433;55
433;56
433;57
433;58
433;59
433;60
433;61
433;62
433;63
433;64
433;65
433;66
433;67
433;68
433;69
433;70
433;195
433;196
433;197
433;198
433;199
433;200
433;201
433;202
433;203
433;204
433;205
433;206
433;207
433;208
433;209
433;210
433;211
433;212
433;213
433;214
433;215
433;216
433;217
433;218
433;219
433;220
433;221
433;222
433;223
433;224
433;225
433;226
433;227
433;228
433;229
433;230
433;231
433;232
433;233
433;234
433;235
433;236
433;237
433;238
433;239
433;240
433;241
433;242
433;243
433;244
433;245
433;246
433;247
434;25
434;26
434;27
434;28
434;29
434;30
434;31
434;32
434;33
434;34
434;35
434;36
434;37
434;38
434;39
434;40
434;41
434;42
434;43
434;44
434;45
434;46
434;47
434;48
434;49
434;50
434;51
434;52
434;53
434;54
434;55
434;56
434;57
434;58
434;59
434;60
434;61
434;62
434;63
434;64
434;65
434;66
434;67
434;68
434;69
434;196
434;197
434;198
434;199
434;200
434;201
434;202
434;203
434;204
434;205
434;206
434;207
434;208
434;209
434;210
434;211
434;212
434;213
434;214
434;215
434;216
434;217
434;218
434;219
434;220
434;221
434;222
434;223
434;224
434;225
434;226
434;227
434;228
434;229
434;230
434;231
434;232
434;233
434;234
434;235
434;236
434;237
434;238
434;239
434;240
434;241
434;242
434;243
434;244
434;245
434;246
435;25
435;26
435;27
435;28
435;29
435;30
435;31
435;32
435;33
435;34
435;35
435;36
435;37
435;38
435;39
435;40
435;41
435;42
435;43
435;44
435;45
435;46
435;47
435;48
435;49
435;50
435;51
435;52
435;53
435;54
435;55
435;56
435;57
435;58
435;59
435;60
435;61
435;62
435;63
435;64
435;65
435;66
435;67
435;196
435;197
435;198
435;199
435;200
435;201
435;202
435;203
435;204
435;205
435;206
435;207
435;208
435;209
435;210
435;211
435;212
435;213
435;214
435;215
435;216
435;217
435;218
435;219
435;220
435;221
435;222
435;223
435;224
435;225
435;226
435;227
435;228
435;229
435;230
435;231
435;232
435;233
435;234
435;235
435;236
435;237
435;238
435;239
435;240
435;241
435;242
435;243
435;244
435;245
435;246
436;26
436;27
436;28
436;29
436;30
436;31
436;32
436;33
436;34
436;35
436;36
436;37
436;38
436;39
436;40
436;41
436;42
436;43
436;44
436;45
436;46
436;47
436;48
436;49
436;50
436;51
436;52
436;53
436;54
436;55
436;56
436;57
436;58
436;59
436;60
436;61
436;62
436;63
436;64
436;65
436;66
436;197
436;198
436;199
436;200
436;201
436;202
436;203
436;204
436;205
436;206
436;207
436;208
436;209
436;210
436;211
436;212
436;213
436;214
436;215
436;216
436;217
436;218
436;219
436;220
436;221
436;222
436;223
436;224
436;225
436;226
436;227
436;228
436;229
436;230
436;231
436;232
436;233
436;234
436;235
436;236
436;237
436;238
436;239
436;240
436;241
436;242
436;243
436;244
436;245
437;27
437;28
437;29
437;30
437;31
437;32
437;33
437;34
437;35
437;36
437;37
437;38
437;39
437;40
437;41
437;42
437;43
437;44
437;45
437;46
437;47
437;48
437;49
437;50
437;51
437;52
437;53
437;54
437;55
437;56
437;57
437;58
437;59
437;60
437;61
437;62
437;63
437;64
437;197
437;198
437;199
437;200
437;201
437;202
437;203
437;204
437;205
437;206
437;207
437;208
437;209
437;210
437;211
437;212
437;213
437;214
437;215
437;216
437;217
437;218
437;219
437;220
437;221
437;222
437;223
437;224
437;225
437;226
437;227
437;228
437;229
437;230
437;231
437;232
437;233
437;234
437;235
437;236
437;237
437;238
437;239
437;240
437;241
437;242
437;243
437;244
438;27
438;28
438;29
438;30
438;31
438;32
438;33
438;34
438;35
438;36
438;37
438;38
438;39
438;40
438;41
438;42
438;43
438;44
438;45
438;46
438;47
438;48
438;49
438;50
438;51
438;52
438;53
438;54
438;55
438;56
438;57
438;58
438;59
438;60
438;61
438;62
438;63
438;198
438;199
438;200
438;201
438;202
438;203
438;204
438;205
438;206
438;207
438;208
438;209
438;210
438;211
438;212
438;213
438;214
438;215
438;216
438;217
438;218
438;219
438;220
438;221
438;222
438;223
438;224
438;225
438;226
438;227
438;228
438;229
438;230
438;231
438;232
438;233
438;234
438;235
438;236
438;237
438;238
438;239
438;240
438;241
438;242
438;243
438;244
439;28
439;29
439;30
439;31
439;32
439;33
439;34
439;35
439;36
439;37
439;38
439;39
439;40
439;41
439;42
439;43
439;44
439;45
439;46
439;47
439;48
439;49
439;50
439;51
439;52
439;53
439;54
439;55
439;56
439;57
439;58
439;59
439;60
439;61
439;198
439;199
439;200
439;201
439;202
439;203
439;204
439;205
439;206
439;207
439;208
439;209
439;210
439;211
439;212
439;213
439;214
439;215
439;216
439;217
439;218
439;219
439;220
439;221
439;222
439;223
439;224
439;225
439;226
439;227
439;228
439;229
439;230
439;231
439;232
439;233
439;234
439;235
439;236
439;237
439;238
439;239
439;240
439;241
439;242
439;243
440;29
440;30
440;31
440;32
440;33
440;34
440;35
440;36
440;37
440;38
440;39
440;40
440;41
440;42
440;43
440;44
440;45
440;46
440;47
440;48
440;49
440;50
440;51
440;52
440;53
440;54
440;55
440;56
440;57
440;58
440;59
440;60
440;199
440;200
440;201
440;202
440;203
440;204
440;205
440;206
440;207
440;208
440;209
440;210
440;211
440;212
440;213
440;214
440;215
440;216
440;217
440;218
440;219
440;220
440;221
440;222
440;223
440;224
440;225
440;226
440;227
440;228
440;229
440;230
440;231
440;232
440;233
440;234
440;235
440;236
440;237
440;238
440;239
440;240
440;241
440;242
441;29
441;30
441;31
441;32
441;33
441;34
441;35
441;36
441;37
441;38
441;39
441;40
441;41
441;42
441;43
441;44
441;45
441;46
441;47
441;48
441;49
441;50
441;51
441;52
441;53
441;54
441;55
441;56
441;57
441;58
441;199
441;200
441;201
441;202
441;203
441;204
441;205
441;206
441;207
441;208
441;209
441;210
441;211
441;212
441;213
441;214
441;215
441;216
441;217
441;218
441;219
441;220
441;221
441;222
441;223
441;224
441;225
441;226
441;227
441;228
441;229
441;230
441;231
441;232
441;233
441;234
441;235
441;236
441;237
441;238
441;239
441;240
441;241
441;242
442;30
442;31
442;32
442;33
442;34
442;35
442;36
442;37
442;38
442;39
442;40
442;41
442;42
442;43
442;44
442;45
442;46
442;47
442;48
442;49
442;50
442;51
442;52
442;53
442;54
442;55
442;56
442;57
442;200
442;201
442;202
442;203
442;204
442;205
442;206
442;207
442;208
442;209
442;210
442;211
442;212
442;213
442;214
442;215
442;216
442;217
442;218
442;219
442;220
442;221
442;222
442;223
442;224
442;225
442;226
442;227
442;228
442;229
442;230
442;231
442;232
442;233
442;234
442;235
442;236
442;237
442;238
442;239
442;240
442;241
443;31
443;32
443;33
443;34
443;35
443;36
443;37
443;38
443;39
443;40
443;41
443;42
443;43
443;44
443;45
443;46
443;47
443;48
443;49
443;50
443;51
443;52
443;53
443;54
443;55
443;200
443;201
443;202
443;203
443;204
443;205
443;206
443;207
443;208
443;209
443;210
443;211
443;212
443;213
443;214
443;215
443;216
443;217
443;218
443;219
443;220
443;221
443;222
443;223
443;224
443;225
443;226
443;227
443;228
443;229
443;230
443;231
443;232
443;233
443;234
443;235
443;236
443;237
443;238
443;239
443;240
444;31
444;32
444;33
444;34
444;35
444;36
444;37
444;38
444;39
444;40
444;41
444;42
444;43
444;44
444;45
444;46
444;47
444;48
444;49
444;50
444;51
444;52
444;53
444;54
444;201
444;202
444;203
444;204
444;205
444;206
444;207
444;208
444;209
444;210
444;211
444;212
444;213
444;214
444;215
444;216
444;217
444;218
444;219
444;220
444;221
444;222
444;223
444;224
444;225
444;226
444;227
444;228
444;229
444;230
444;231
444;232
444;233
444;234
444;235
444;236
444;237
444;238
444;239
444;240
445;32
445;33
445;34
445;35
445;36
445;37
445;38
445;39
445;40
445;41
445;42
445;43
445;44
445;45
445;46
445;47
445;48
445;49
445;50
445;51
445;52
445;201
445;202
445;203
445;204
445;205
445;206
445;207
445;208
445;209
445;210
445;211
445;212
445;213
445;214
445;215
445;216
445;217
445;218
445;219
445;220
445;221
445;222
445;223
445;224
445;225
445;226
445;227
445;228
445;229
445;230
445;231
445;232
445;233
445;234
445;235
445;236
445;237
445;238
445;239
446;33
446;34
446;35
446;36
446;37
446;38
446;39
446;40
446;41
446;42
446;43
446;44
446;45
446;46
446;47
446;48
446;49
446;50
446;51
446;202
446;203
446;204
446;205
446;206
446;207
446;208
446;209
446;210
446;211
446;212
446;213
446;214
446;215
446;216
446;217
446;218
446;219
446;220
446;221
446;222
446;223
446;224
446;225
446;226
446;227
446;228
446;229
446;230
446;231
446;232
446;233
446;234
446;235
446;236
446;237
446;238
447;33
447;34
447;35
447;36
447;37
447;38
447;39
447;40
447;41
447;42
447;43
447;44
447;45
447;46
447;47
447;48
447;49
447;202
447;203
447;204
447;205
447;206
447;207
447;208
447;209
447;210
447;211
447;212
447;213
447;214
447;215
447;216
447;217
447;218
447;219
447;220
447;221
447;222
447;223
447;224
447;225
447;226
447;227
447;228
447;229
447;230
447;231
447;232
447;233
447;234
447;235
447;236
447;237
447;238
448;34
448;35
448;36
448;37
448;38
448;39
448;40
448;41
448;42
448;43
448;44
448;45
448;46
448;47
448;48
448;203
448;204
448;205
448;206
448;207
448;208
448;209
448;210
448;211
448;212
448;213
448;214
448;215
448;216
448;217
448;218
448;219
448;220
448;221
448;222
448;223
448;224
448;225
448;226
448;227
448;228
448;229
448;230
448;231
448;232
448;233
448;234
448;235
448;236
448;237
449;35
449;36
449;37
449;38
449;39
449;40
449;41
449;42
449;43
449;44
449;45
449;46
449;203
449;204
449;205
449;206
449;207
449;208
449;209
449;210
449;211
449;212
449;213
449;214
449;215
449;216
449;217
449;218
449;219
449;220
449;221
449;222
449;223
449;224
449;225
449;226
449;227
449;228
449;229
449;230
449;231
449;232
449;233
449;234
449;235
449;236
450;35
450;36
450;37
450;38
450;39
450;40
450;41
450;42
450;43
450;44
450;45
450;204
450;205
450;206
450;207
450;208
450;209
450;210
450;211
450;212
450;213
450;214
450;215
450;216
450;217
450;218
450;219
450;220
450;221
450;222
450;223
450;224
450;225
450;226
450;227
450;228
450;229
450;230
450;231
450;232
450;233
450;234
450;235
450;236
451;36
451;37
451;38
451;39
451;40
451;41
451;42
451;43
451;204
451;205
451;206
451;207
451;208
451;209
451;210
451;211
451;212
451;213
451;214
451;215
451;216
451;217
451;218
451;219
451;220
451;221
451;222
451;223
451;224
451;225
451;226
451;227
451;228
451;229
451;230
451;231
451;232
451;233
451;234
451;235
452;37
452;38
452;39
452;40
452;41
452;42
452;205
452;206
452;207
452;208
452;209
452;210
452;211
452;212
452;213
452;214
452;215
452;216
452;217
452;218
452;219
452;220
452;221
452;222
452;223
452;224
452;225
452;226
452;227
452;228
452;229
452;230
452;231
452;232
452;233
452;234
453;37
453;38
453;39
453;40
453;205
453;206
453;207
453;208
453;209
453;210
453;211
453;212
453;213
453;214
453;215
453;216
453;217
453;218
453;219
453;220
453;221
453;222
453;223
453;224
453;225
453;226
453;227
453;228
453;229
453;230
453;231
453;232
453;233
453;234
454;38
454;39
454;206
454;207
454;208
454;209
454;210
454;211
454;212
454;213
454;214
454;215
454;216
454;217
454;218
454;219
454;220
454;221
454;222
454;223
454;224
454;225
454;226
454;227
454;228
454;229
454;230
454;231
454;232
454;233
455;206
455;207
455;208
455;209
455;210
455;211
455;212
455;213
455;214
455;215
455;216
455;217
455;218
455;219
455;220
455;221
455;222
455;223
455;224
455;225
455;226
455;227
455;228
455;229
455;230
455;231
455;232
456;207
456;208
456;209
456;210
456;211
456;212
456;213
456;214
456;215
456;216
456;217
456;218
456;219
456;220
456;221
456;222
456;223
456;224
456;225
456;226
456;227
456;228
456;229
456;230
456;231
456;232
457;207
457;208
457;209
457;210
457;211
457;212
457;213
457;214
457;215
457;216
457;217
457;218
457;219
457;220
457;221
457;222
457;223
457;224
457;225
457;226
457;227
457;228
457;229
457;230
457;231
458;208
458;209
458;210
458;211
458;212
458;213
458;214
458;215
458;216
458;217
458;218
458;219
458;220
458;221
458;222
458;223
458;224
458;225
458;226
458;227
458;228
458;229
458;230
459;208
459;209
459;210
459;211
459;212
459;213
459;214
459;215
459;216
459;217
459;218
459;219
459;220
459;221
459;222
459;223
459;224
459;225
459;226
459;227
459;228
459;229
459;230
460;209
460;210
460;211
460;212
460;213
460;214
460;215
460;216
460;217
460;218
460;219
460;220
460;221
460;222
460;223
460;224
460;225
460;226
460;227
460;228
460;229
461;209
461;210
461;211
461;212
461;213
461;214
461;215
461;216
461;217
461;218
461;219
461;220
461;221
461;222
461;223
461;224
461;225
461;226
461;227
461;228
462;210
462;211
462;212
462;213
462;214
462;215
462;216
462;217
462;218
462;219
462;220
462;221
462;222
462;223
462;224
462;225
462;226
462;227
462;228
463;210
463;211
463;212
463;213
463;214
463;215
463;216
463;217
463;218
463;219
463;220
463;221
463;222
463;223
463;224
463;225
463;226
463;227
464;211
464;212
464;213
464;214
464;215
464;216
464;217
464;218
464;219
464;220
464;221
464;222
464;223
464;224
464;225
464;226
465;211
465;212
465;213
465;214
465;215
465;216
465;217
465;218
465;219
465;220
465;221
465;222
465;223
465;224
465;225
465;226
466;212
466;213
466;214
466;215
466;216
466;217
466;218
466;219
466;220
466;221
466;222
466;223
466;224
466;225
467;101
467;212
467;213
467;214
467;215
467;216
467;217
467;218
467;219
467;220
467;221
467;222
467;223
467;224
468;100
468;101
468;102
468;103
468;213
468;214
468;215
468;216
468;217
468;218
468;219
468;220
468;221
468;222
468;223
468;224
469;100
469;101
469;102
469;103
469;104
469;105
469;213
469;214
469;215
469;216
469;217
469;218
469;219
469;220
469;221
469;222
469;223
470;99
470;100
470;101
470;102
470;103
470;104
470;105
470;106
470;107
470;214
470;215
470;216
470;217
470;218
470;219
470;220
470;221
470;222
471;99
471;100
471;101
471;102
471;103
471;104
471;105
471;106
471;107
471;108
471;109
471;214
471;215
471;216
471;217
471;218
471;219
471;220
471;221
471;222
472;98
472;99
472;100
472;101
472;102
472;103
472;104
472;105
472;106
472;107
472;108
472;109
472;110
472;111
472;215
472;216
472;217
472;218
472;219
472;220
472;221
473;98
473;99
473;100
473;101
473;102
473;103
473;104
473;105
473;106
473;107
473;108
473;109
473;110
473;111
473;112
473;113
473;215
473;216
473;217
473;218
473;219
473;220
473;221
474;97
474;98
474;99
474;100
474;101
474;102
474;103
474;104
474;105
474;106
474;107
474;108
474;109
474;110
474;111
474;112
474;113
474;114
474;115
474;216
474;217
474;218
474;219
474;220
475;97
475;98
475;99
475;100
475;101
475;102
475;103
475;104
475;105
475;106
475;107
475;108
475;109
475;110
475;111
475;112
475;113
475;114
475;115
475;116
475;117
475;216
475;217
475;218
475;219
476;96
476;97
476;98
476;99
476;100
476;101
476;102
476;103
476;104
476;105
476;106
476;107
476;108
476;109
476;110
476;111
476;112
476;113
476;114
476;115
476;116
476;117
476;118
476;119
476;217
476;218
476;219
477;96
477;97
477;98
477;99
477;100
477;101
477;102
477;103
477;104
477;105
477;106
477;107
477;108
477;109
477;110
477;111
477;112
477;113
477;114
477;115
477;116
477;117
477;118
477;119
477;120
477;121
477;217
477;218
478;95
478;96
478;97
478;98
478;99
478;100
478;101
478;102
478;103
478;104
478;105
478;106
478;107
478;108
478;109
478;110
478;111
478;112
478;113
478;114
478;115
478;116
478;117
478;118
478;119
478;120
478;121
478;122
478;123
478;124
479;95
479;96
479;97
479;98
479;99
479;100
479;101
479;102
479;103
479;104
479;105
479;106
479;107
479;108
479;109
479;110
479;111
479;112
479;113
479;114
479;115
479;116
479;117
479;118
479;119
479;120
479;121
479;122
479;123
479;124
479;125
479;126
480;94
480;95
480;96
480;97
480;98
480;99
480;100
480;101
480;102
480;103
480;104
480;105
480;106
480;107
480;108
480;109
480;110
480;111
480;112
480;113
480;114
480;115
480;116
480;117
480;118
480;119
480;120
480;121
480;122
480;123
480;124
480;125
480;126
480;127
480;128
481;94
481;95
481;96
481;97
481;98
481;99
481;100
481;101
481;102
481;103
481;104
481;105
481;106
481;107
481;108
481;109
481;110
481;111
481;112
481;113
481;114
481;115
481;116
481;117
481;118
481;119
481;120
481;121
481;122
481;123
481;124
481;125
481;126
481;127
481;128
481;129
481;130
482;93
482;94
482;95
482;96
482;97
482;98
482;99
482;100
482;101
482;102
482;103
482;104
482;105
482;106
482;107
482;108
482;109
482;110
482;111
482;112
482;113
482;114
482;115
482;116
482;117
482;118
482;119
482;120
482;121
482;122
482;123
482;124
482;125
482;126
482;127
482;128
482;129
482;130
482;131
482;132
483;93
483;94
483;95
483;96
483;97
483;98
483;99
483;100
483;101
483;102
483;103
483;104
483;105
483;106
483;107
483;108
483;109
483;110
483;111
483;112
483;113
483;114
483;115
483;116
483;117
483;118
483;119
483;120
483;121
483;122
483;123
483;124
483;125
483;126
483;127
483;128
483;129
483;130
483;131
483;132
483;133
483;134
484;93
484;94
484;95
484;96
484;97
484;98
484;99
484;100
484;101
484;102
484;103
484;104
484;105
484;106
484;107
484;108
484;109
484;110
484;111
484;112
484;113
484;114
484;115
484;116
484;117
484;118
484;119
484;120
484;121
484;122
484;123
484;124
484;125
484;126
484;127
484;128
484;129
484;130
484;131
484;132
484;133
484;134
484;135
484;136
485;92
485;93
485;94
485;95
485;96
485;97
485;98
485;99
485;100
485;101
485;102
485;103
485;104
485;105
485;106
485;107
485;108
485;109
485;110
485;111
485;112
485;113
485;114
485;115
485;116
485;117
485;118
485;119
485;120
485;121
485;122
485;123
485;124
485;125
485;126
485;127
485;128
485;129
485;130
485;131
485;132
485;133
485;134
485;135
485;136
485;137
485;138
486;92
486;93
486;94
486;95
486;96
486;97
486;98
486;99
486;100
486;101
486;102
486;103
486;104
486;105
486;106
486;107
486;108
486;109
486;110
486;111
486;112
486;113
486;114
486;115
486;116
486;117
486;118
486;119
486;120
486;121
486;122
486;123
486;124
486;125
486;126
486;127
486;128
486;129
486;130
486;131
486;132
486;133
486;134
486;135
486;136
486;137
486;138
486;139
486;140
487;91
487;92
487;93
487;94
487;95
487;96
487;97
487;98
487;99
487;100
487;101
487;102
487;103
487;104
487;105
487;106
487;107
487;108
487;109
487;110
487;111
487;112
487;113
487;114
487;115
487;116
487;117
487;118
487;119
487;120
487;121
487;122
487;123
487;124
487;125
487;126
487;127
487;128
487;129
487;130
487;131
487;132
487;133
487;134
487;135
487;136
487;137
487;138
487;139
488;91
488;92
488;93
488;94
488;95
488;96
488;97
488;98
488;99
488;100
488;101
488;102
488;103
488;104
488;105
488;106
488;107
488;108
488;109
488;110
488;111
488;112
488;113
488;114
488;115
488;116
488;117
488;118
488;119
488;120
488;121
488;122
488;123
488;124
488;125
488;126
488;127
488;128
488;129
488;130
488;131
488;132
488;133
488;134
488;135
488;136
488;137
488;138
488;139
489;90
489;91
489;92
489;93
489;94
489;95
489;96
489;97
489;98
489;99
489;100
489;101
489;102
489;103
489;104
489;105
489;106
489;107
489;108
489;109
489;110
489;111
489;112
489;113
489;114
489;115
489;116
489;117
489;118
489;119
489;120
489;121
489;122
489;123
489;124
489;125
489;126
489;127
489;128
489;129
489;130
489;131
489;132
489;133
489;134
489;135
489;136
489;137
489;138
490;90
490;91
490;92
490;93
490;94
490;95
490;96
490;97
490;98
490;99
490;100
490;101
490;102
490;103
490;104
490;105
490;106
490;107
490;108
490;109
490;110
490;111
490;112
490;113
490;114
490;115
490;116
490;117
490;118
490;119
490;120
490;121
490;122
490;123
490;124
490;125
490;126
490;127
490;128
490;129
490;130
490;131
490;132
490;133
490;134
490;135
490;136
490;137
490;138
491;89
491;90
491;91
491;92
491;93
491;94
491;95
491;96
491;97
491;98
491;99
491;100
491;101
491;102
491;103
491;104
491;105
491;106
491;107
491;108
491;109
491;110
491;111
491;112
491;113
491;114
491;115
491;116
491;117
491;118
491;119
491;120
491;121
491;122
491;123
491;124
491;125
491;126
491;127
491;128
491;129
491;130
491;131
491;132
491;133
491;134
491;135
491;136
491;137
492;89
492;90
492;91
492;92
492;93
492;94
492;95
492;96
492;97
492;98
492;99
492;100
492;101
492;102
492;103
492;104
492;105
492;106
492;107
492;108
492;109
492;110
492;111
492;112
492;113
492;114
492;115
492;116
492;117
492;118
492;119
492;120
492;121
492;122
492;123
492;124
492;125
492;126
492;127
492;128
492;129
492;130
492;131
492;132
492;133
492;134
492;135
492;136
492;137
493;88
493;89
493;90
493;91
493;92
493;93
493;94
493;95
493;96
493;97
493;98
493;99
493;100
493;101
493;102
493;103
493;104
493;105
493;106
493;107
493;108
493;109
493;110
493;111
493;112
493;113
493;114
493;115
493;116
493;117
493;118
493;119
493;120
493;121
493;122
493;123
493;124
493;125
493;126
493;127
493;128
493;129
493;130
493;131
493;132
493;133
493;134
493;135
493;136
494;88
494;89
494;90
494;91
494;92
494;93
494;94
494;95
494;96
494;97
494;98
494;99
494;100
494;101
494;102
494;103
494;104
494;105
494;106
494;107
494;108
494;109
494;110
494;111
494;112
494;113
494;114
494;115
494;116
494;117
494;118
494;119
494;120
494;121
494;122
494;123
494;124
494;125
494;126
494;127
494;128
494;129
494;130
494;131
494;132
494;133
494;134
494;135
494;136
495;87
495;88
495;89
495;90
495;91
495;92
495;93
495;94
495;95
495;96
495;97
495;98
495;99
495;100
495;101
495;102
495;103
495;104
495;105
495;106
495;107
495;108
495;109
495;110
495;111
495;112
495;113
495;114
495;115
495;116
495;117
495;118
495;119
495;120
495;121
495;122
495;123
495;124
495;125
495;126
495;127
495;128
495;129
495;130
495;131
495;132
495;133
495;134
495;135
496;87
496;88
496;89
496;90
496;91
496;92
496;93
496;94
496;95
496;96
496;97
496;98
496;99
496;100
496;101
496;102
496;103
496;104
496;105
496;106
496;107
496;108
496;109
496;110
496;111
496;112
496;113
496;114
496;115
496;116
496;117
496;118
496;119
496;120
496;121
496;122
496;123
496;124
496;125
496;126
496;127
496;128
496;129
496;130
496;131
496;132
496;133
496;134
496;135
497;86
497;87
497;88
497;89
497;90
497;91
497;92
497;93
497;94
497;95
497;96
497;97
497;98
497;99
497;100
497;101
497;102
497;103
497;104
497;105
497;106
497;107
497;108
497;109
497;110
497;111
497;112
497;113
497;114
497;115
497;116
497;117
497;118
497;119
497;120
497;121
497;122
497;123
497;124
497;125
497;126
497;127
497;128
497;129
497;130
497;131
497;132
497;133
497;134
497;135
498;86
498;87
498;88
498;89
498;90
498;91
498;92
498;93
498;94
498;95
498;96
498;97
498;98
498;99
498;100
498;101
498;102
498;103
498;104
498;105
498;106
498;107
498;108
498;109
498;110
498;111
498;112
498;113
498;114
498;115
498;116
498;117
498;118
498;119
498;120
498;121
498;122
498;123
498;124
498;125
498;126
498;127
498;128
498;129
498;130
498;131
498;132
498;133
498;134
499;85
499;86
499;87
499;88
499;89
499;90
499;91
499;92
499;93
499;94
499;95
499;96
499;97
499;98
499;99
499;100
499;101
499;102
499;103
499;104
499;105
499;106
499;107
499;108
499;109
499;110
499;111
499;112
499;113
499;114
499;115
499;116
499;117
499;118
499;119
499;120
499;121
499;122
499;123
499;124
499;125
499;126
499;127
499;128
499;129
499;130
499;131
499;132
499;133
499;134
