500;500;447;267;37;5
0;146
0;147
0;148
0;149
0;150
0;151
0;152
0;153
0;154
0;155
0;156
0;157
0;158
0;159
0;160
0;161
0;162
0;163
0;164
0;165
0;166
0;167
0;168
0;169
0;170
0;171
0;172
0;173
0;174
0;175
0;176
0;177
0;178
0;179
0;180
0;181
0;182
0;183
0;184
0;185
0;186
0;187
0;188
0;189
0;190
0;191
0;192
0;193
0;194
0;195
0;196
0;197
0;198
0;199
0;200
0;201
0;202
0;203
0;204
0;205
0;206
1;146
1;147
1;148
1;149
1;150
1;151
1;152
1;153
1;154
1;155
1;156
1;157
1;158
1;159
1;160
1;161
1;162
1;163
1;164
1;165
1;166
1;167
1;168
1;169
1;170
1;171
1;172
1;173
1;174
1;175
1;176
1;177
1;178
1;179
1;180
1;181
1;182
1;183
1;184
1;185
1;186
1;187
1;188
1;189
1;190
1;191
1;192
1;193
1;194
1;195
1;196
1;197
1;198
1;199
1;200
1;201
1;202
1;203
1;204
1;205
1;206
1;207
2;146
2;147
2;148
2;149
2;150
2;151
2;152
2;153
2;154
2;155
2;156
2;157
2;158
2;159
2;160
2;161
2;162
2;163
2;164
2;165
2;166
2;167
2;168
2;169
2;170
2;171
2;172
2;173
2;174
2;175
2;176
2;177
2;178
2;179
2;180
2;181
2;182
2;183
2;184
2;185
2;186
2;187
2;188
2;189
2;190
2;191
2;192
2;193
2;194
2;195
2;196
2;197
2;198
2;199
2;200
2;201
2;202
2;203
2;204
2;205
2;206
2;207
2;208
3;145
3;146
3;147
3;148
3;149
3;150
3;151
3;152
3;153
3;154
3;155
3;156
3;157
3;158
3;159
3;160
3;161
3;162
3;163
3;164
3;165
3;166
3;167
3;168
3;169
3;170
3;171
3;172
3;173
3;174
3;175
3;176
3;177
3;178
3;179
3;180
3;181
3;182
3;183
3;184
3;185
3;186
3;187
3;188
3;189
3;190
3;191
3;192
3;193
3;194
3;195
3;196
3;197
3;198
3;199
3;200
3;201
3;202
3;203
3;204
3;205
3;206
3;207
3;208
3;209
4;145
4;146
4;147
4;148
4;149
4;150
4;151
4;152
4;153
4;154
4;155
4;156
4;157
4;158
4;159
4;160
4;161
4;162
4;163
4;164
4;165
4;166
4;167
4;168
4;169
4;170
4;171
4;172
4;173
4;174
4;175
4;176
4;177
4;178
4;179
4;180
4;181
4;182
4;183
4;184
4;185
4;186
4;187
4;188
4;189
4;190
4;191
4;192
4;193
4;194
4;195
4;196
4;197
4;198
4;199
4;200
4;201
4;202
4;203
4;204
4;205
4;206
4;207
4;208
4;209
4;210
5;145
5;146
5;147
5;148
5;149
5;150
5;151
5;152
5;153
5;154
5;155
5;156
5;157
5;158
5;159
5;160
5;161
5;162
5;163
5;164
5;165
5;166
5;167
5;168
5;169
5;170
5;171
5;172
5;173
5;174
5;175
5;176
5;177
5;178
5;179
5;180
5;181
5;182
5;183
5;184
5;185
5;186
5;187
5;188
5;189
5;190
5;191
5;192
5;193
5;194
5;195
5;196
5;197
5;198
5;199
5;200
5;201
5;202
5;203
5;204
5;205
5;206
5;207
5;208
5;209
5;210
5;211
6;145
6;146
6;147
6;148
6;149
6;150
6;151
6;152
6;153
6;154
6;155
6;156
6;157
6;158
6;159
6;160
6;161
6;162
6;163
6;164
6;165
6;166
6;167
6;168
6;169
6;170
6;171
6;172
6;173
6;174
6;175
6;176
6;177
6;178
6;179
6;180
6;181
6;182
6;183
6;184
6;185
6;186
6;187
6;188
6;189
6;190
6;191
6;192
6;193
6;194
6;195
6;196
6;197
6;198
6;199
6;200
6;201
6;202
6;203
6;204
6;205
6;206
6;207
6;208
6;209
6;210
6;211
6;212
7;144
7;145
7;146
7;147
7;148
7;149
7;150
7;151
7;152
7;153
7;154
7;155
7;156
7;157
7;158
7;159
7;160
7;161
7;162
7;163
7;164
7;165
7;166
7;167
7;168
7;169
7;170
7;171
7;172
7;173
7;174
7;175
7;176
7;177
7;178
7;179
7;180
7;181
7;182
7;183
7;184
7;185
7;186
7;187
7;188
7;189
7;190
7;191
7;192
7;193
7;194
7;195
7;196
7;197
7;198
7;199
7;200
7;201
7;202
7;203
7;204
7;205
7;206
7;207
7;208
7;209
7;210
7;211
7;212
7;213
8;144
8;145
8;146
8;147
8;148
8;149
8;150
8;151
8;152
8;153
8;154
8;155
8;156
8;157
8;158
8;159
8;160
8;161
8;162
8;163
8;164
8;165
8;166
8;167
8;168
8;169
8;170
8;171
8;172
8;173
8;174
8;175
8;176
8;177
8;178
8;179
8;180
8;181
8;182
8;183
8;184
8;185
8;186
8;187
8;188
8;189
8;190
8;191
8;192
8;193
8;194
8;195
8;196
8;197
8;198
8;199
8;200
8;201
8;202
8;203
8;204
8;205
8;206
8;207
8;208
8;209
8;210
8;211
8;212
8;213
8;214
9;144
9;145
9;146
9;147
9;148
9;149
9;150
9;151
9;152
9;153
9;154
9;155
9;156
9;157
9;158
9;159
9;160
9;161
9;162
9;163
9;164
9;165
9;166
9;167
9;168
9;169
9;170
9;171
9;172
9;173
9;174
9;175
9;176
9;177
9;178
9;179
9;180
9;181
9;182
9;183
9;184
9;185
9;186
9;187
9;188
9;189
9;190
9;191
9;192
9;193
9;194
9;195
9;196
9;197
9;198
9;199
9;200
9;201
9;202
9;203
9;204
9;205
9;206
9;207
9;208
9;209
9;210
9;211
9;212
9;213
9;214
9;215
10;143
10;144
10;145
10;146
10;147
10;148
10;149
10;150
10;151
10;152
10;153
10;154
10;155
10;156
10;157
10;158
10;159
10;160
10;161
10;162
10;163
10;164
10;165
10;166
10;167
10;168
10;169
10;170
10;171
10;172
10;173
10;174
10;175
10;176
10;177
10;178
10;179
10;180
10;181
10;182
10;183
10;184
10;185
10;186
10;187
10;188
10;189
10;190
10;191
10;192
10;193
10;194
10;195
10;196
10;197
10;198
10;199
10;200
10;201
10;202
10;203
10;204
10;205
10;206
10;207
10;208
10;209
10;210
10;211
10;212
10;213
10;214
10;215
10;216
11;143
11;144
11;145
11;146
11;147
11;148
11;149
11;150
11;151
11;152
11;153
11;154
11;155
11;156
11;157
11;158
11;159
11;160
11;161
11;162
11;163
11;164
11;165
11;166
11;167
11;168
11;169
11;170
11;171
11;172
11;173
11;174
11;175
11;176
11;177
11;178
11;179
11;180
11;181
11;182
11;183
11;184
11;185
11;186
11;187
11;188
11;189
11;190
11;191
11;192
11;193
11;194
11;195
11;196
11;197
11;198
11;199
11;200
11;201
11;202
11;203
11;204
11;205
11;206
11;207
11;208
11;209
11;210
11;211
11;212
11;213
11;214
11;215
11;216
11;217
12;143
12;144
12;145
12;146
12;147
12;148
12;149
12;150
12;151
12;152
12;153
12;154
12;155
12;156
12;157
12;158
12;159
12;160
12;161
12;162
12;163
12;164
12;165
12;166
12;167
12;168
12;169
12;170
12;171
12;172
12;173
12;174
12;175
12;176
12;177
12;178
12;179
12;180
12;181
12;182
12;183
12;184
12;185
12;186
12;187
12;188
12;189
12;190
12;191
12;192
12;193
12;194
12;195
12;196
12;197
12;198
12;199
12;200
12;201
12;202
12;203
12;204
12;205
12;206
12;207
12;208
12;209
12;210
12;211
12;212
12;213
12;214
12;215
12;216
12;217
12;218
13;142
13;143
13;144
13;145
13;146
13;147
13;148
13;149
13;150
13;151
13;152
13;153
13;154
13;155
13;156
13;157
13;158
13;159
13;160
13;161
13;162
13;163
13;164
13;165
13;166
13;167
13;168
13;169
13;170
13;171
13;172
13;173
13;174
13;175
13;176
13;177
13;178
13;179
13;180
13;181
13;182
13;183
13;184
13;185
13;186
13;187
13;188
13;189
13;190
13;191
13;192
13;193
13;194
13;195
13;196
13;197
13;198
13;199
13;200
13;201
13;202
13;203
13;204
13;205
13;206
13;207
13;208
13;209
13;210
13;211
13;212
13;213
13;214
13;215
13;216
13;217
13;218
13;219
14;142
14;143
14;144
14;145
14;146
14;147
14;148
14;149
14;150
14;151
14;152
14;153
14;154
14;155
14;156
14;157
14;158
14;159
14;160
14;161
14;162
14;163
14;164
14;165
14;166
14;167
14;168
14;169
14;170
14;171
14;172
14;173
14;174
14;175
14;176
14;177
14;178
14;179
14;180
14;181
14;182
14;183
14;184
14;185
14;186
14;187
14;188
14;189
14;190
14;191
14;192
14;193
14;194
14;195
14;196
14;197
14;198
14;199
14;200
14;201
14;202
14;203
14;204
14;205
14;206
14;207
14;208
14;209
14;210
14;211
14;212
14;213
14;214
14;215
14;216
14;217
14;218
14;219
14;220
15;142
15;143
15;144
15;145
15;146
15;147
15;148
15;149
15;150
15;151
15;152
15;153
15;154
15;155
15;156
15;157
15;158
15;159
15;160
15;161
15;162
15;163
15;164
15;165
15;166
15;167
15;168
15;169
15;170
15;171
15;172
15;173
15;174
15;175
15;176
15;177
15;178
15;179
15;180
15;181
15;182
15;183
15;184
15;185
15;186
15;187
15;188
15;189
15;190
15;191
15;192
15;193
15;194
15;195
15;196
15;197
15;198
15;199
15;200
15;201
15;202
15;203
15;204
15;205
15;206
15;207
15;208
15;209
15;210
15;211
15;212
15;213
15;214
15;215
15;216
15;217
15;218
15;219
15;220
15;221
16;142
16;143
16;144
16;145
16;146
16;147
16;148
16;149
16;150
16;151
16;152
16;153
16;154
16;155
16;156
16;157
16;158
16;159
16;160
16;161
16;162
16;163
16;164
16;165
16;166
16;167
16;168
16;169
16;170
16;171
16;172
16;173
16;174
16;175
16;176
16;177
16;178
16;179
16;180
16;181
16;182
16;183
16;184
16;185
16;186
16;187
16;188
16;189
16;190
16;191
16;192
16;193
16;194
16;195
16;196
16;197
16;198
16;199
16;200
16;201
16;202
16;203
16;204
16;205
16;206
16;207
16;208
16;209
16;210
16;211
16;212
16;213
16;214
16;215
16;216
16;217
16;218
16;219
16;220
16;221
17;141
17;142
17;143
17;144
17;145
17;146
17;147
17;148
17;149
17;150
17;151
17;152
17;153
17;154
17;155
17;156
17;157
17;158
17;159
17;160
17;161
17;162
17;163
17;164
17;165
17;166
17;167
17;168
17;169
17;170
17;171
17;172
17;173
17;174
17;175
17;176
17;177
17;178
17;179
17;180
17;181
17;182
17;183
17;184
17;185
17;186
17;187
17;188
17;189
17;190
17;191
17;192
17;193
17;194
17;195
17;196
17;197
17;198
17;199
17;200
17;201
17;202
17;203
17;204
17;205
17;206
17;207
17;208
17;209
17;210
17;211
17;212
17;213
17;214
17;215
17;216
17;217
17;218
17;219
17;220
17;221
17;222
18;141
18;142
18;143
18;144
18;145
18;146
18;147
18;148
18;149
18;150
18;151
18;152
18;153
18;154
18;155
18;156
18;157
18;158
18;159
18;160
18;161
18;162
18;163
18;164
18;165
18;166
18;167
18;168
18;169
18;170
18;171
18;172
18;173
18;174
18;175
18;176
18;177
18;178
18;179
18;180
18;181
18;182
18;183
18;184
18;185
18;186
18;187
18;188
18;189
18;190
18;191
18;192
18;193
18;194
18;195
18;196
18;197
18;198
18;199
18;200
18;201
18;202
18;203
18;204
18;205
18;206
18;207
18;208
18;209
18;210
18;211
18;212
18;213
18;214
18;215
18;216
18;217
18;218
18;219
18;220
18;221
18;222
18;223
19;141
19;142
19;143
19;144
19;145
19;146
19;147
19;148
19;149
19;150
19;151
19;152
19;153
19;154
19;155
19;156
19;157
19;158
19;159
19;160
19;161
19;162
19;163
19;164
19;165
19;166
19;167
19;168
19;169
19;170
19;171
19;172
19;173
19;174
19;175
19;176
19;177
19;178
19;179
19;180
19;181
19;182
19;183
19;184
19;185
19;186
19;187
19;188
19;189
19;190
19;191
19;192
19;193
19;194
19;195
19;196
19;197
19;198
19;199
19;200
19;201
19;202
19;203
19;204
19;205
19;206
19;207
19;208
19;209
19;210
19;211
19;212
19;213
19;214
19;215
19;216
19;217
19;218
19;219
19;220
19;221
19;222
19;223
19;224
20;140
20;141
20;142
20;143
20;144
20;145
20;146
20;147
20;148
20;149
20;150
20;151
20;152
20;153
20;154
20;155
20;156
20;157
20;158
20;159
20;160
20;161
20;162
20;163
20;164
20;165
20;166
20;167
20;168
20;169
20;170
20;171
20;172
20;173
20;174
20;175
20;176
20;177
20;178
20;179
20;180
20;181
20;182
20;183
20;184
20;185
20;186
20;187
20;188
20;189
20;190
20;191
20;192
20;193
20;194
20;195
20;196
20;197
20;198
20;199
20;200
20;201
20;202
20;203
20;204
20;205
20;206
20;207
20;208
20;209
20;210
20;211
20;212
20;213
20;214
20;215
20;216
20;217
20;218
20;219
20;220
20;221
20;222
20;223
20;224
20;225
21;140
21;141
21;142
21;143
21;144
21;145
21;146
21;147
21;148
21;149
21;150
21;151
21;152
21;153
21;154
21;155
21;156
21;157
21;158
21;159
21;160
21;161
21;162
21;163
21;164
21;165
21;166
21;167
21;168
21;169
21;170
21;171
21;172
21;173
21;174
21;175
21;176
21;177
21;178
21;179
21;180
21;181
21;182
21;183
21;184
21;185
21;186
21;187
21;188
21;189
21;190
21;191
21;192
21;193
21;194
21;195
21;196
21;197
21;198
21;199
21;200
21;201
21;202
21;203
21;204
21;205
21;206
21;207
21;208
21;209
21;210
21;211
21;212
21;213
21;214
21;215
21;216
21;217
21;218
21;219
21;220
21;221
21;222
21;223
21;224
21;225
21;226
22;140
22;141
22;142
22;143
22;144
22;145
22;146
22;147
22;148
22;149
22;150
22;151
22;152
22;153
22;154
22;155
22;156
22;157
22;158
22;159
22;160
22;161
22;162
22;163
22;164
22;165
22;166
22;167
22;168
22;169
22;170
22;171
22;172
22;173
22;174
22;175
22;176
22;177
22;178
22;179
22;180
22;181
22;182
22;183
22;184
22;185
22;186
22;187
22;188
22;189
22;190
22;191
22;192
22;193
22;194
22;195
22;196
22;197
22;198
22;199
22;200
22;201
22;202
22;203
22;204
22;205
22;206
22;207
22;208
22;209
22;210
22;211
22;212
22;213
22;214
22;215
22;216
22;217
22;218
22;219
22;220
22;221
22;222
22;223
22;224
22;225
22;226
22;227
23;140
23;141
23;142
23;143
23;144
23;145
23;146
23;147
23;148
23;149
23;150
23;151
23;152
23;153
23;154
23;155
23;156
23;157
23;158
23;159
23;160
23;161
23;162
23;163
23;164
23;165
23;166
23;167
23;168
23;169
23;170
23;171
23;172
23;173
23;174
23;175
23;176
23;177
23;178
23;179
23;180
23;181
23;182
23;183
23;184
23;185
23;186
23;187
23;188
23;189
23;190
23;191
23;192
23;193
23;194
23;195
23;196
23;197
23;198
23;199
23;200
23;201
23;202
23;203
23;204
23;205
23;206
23;207
23;208
23;209
23;210
23;211
23;212
23;213
23;214
23;215
23;216
23;217
23;218
23;219
23;220
23;221
23;222
23;223
23;224
23;225
23;226
23;227
23;228
24;139
24;140
24;141
24;142
24;143
24;144
24;145
24;146
24;147
24;148
24;149
24;150
24;151
24;152
24;153
24;154
24;155
24;156
24;157
24;158
24;159
24;160
24;161
24;162
24;163
24;164
24;165
24;166
24;167
24;168
24;169
24;170
24;171
24;172
24;173
24;174
24;175
24;176
24;177
24;178
24;179
24;180
24;181
24;182
24;183
24;184
24;185
24;186
24;187
24;188
24;189
24;190
24;191
24;192
24;193
24;194
24;195
24;196
24;197
24;198
24;199
24;200
24;201
24;202
24;203
24;204
24;205
24;206
24;207
24;208
24;209
24;210
24;211
24;212
24;213
24;214
24;215
24;216
24;217
24;218
24;219
24;220
24;221
24;222
24;223
24;224
24;225
24;226
24;227
24;228
24;229
25;139
25;140
25;141
25;142
25;143
25;144
25;145
25;146
25;147
25;148
25;149
25;150
25;151
25;152
25;153
25;154
25;155
25;156
25;157
25;158
25;159
25;160
25;161
25;162
25;163
25;164
25;165
25;166
25;167
25;168
25;169
25;170
25;171
25;172
25;173
25;174
25;175
25;176
25;177
25;178
25;179
25;180
25;181
25;182
25;183
25;184
25;185
25;186
25;187
25;188
25;189
25;190
25;191
25;192
25;193
25;194
25;195
25;196
25;197
25;198
25;199
25;200
25;201
25;202
25;203
25;204
25;205
25;206
25;207
25;208
25;209
25;210
25;211
25;212
25;213
25;214
25;215
25;216
25;217
25;218
25;219
25;220
25;221
25;222
25;223
25;224
25;225
25;226
25;227
25;228
25;229
25;230
26;139
26;140
26;141
26;142
26;143
26;144
26;145
26;146
26;147
26;148
26;149
26;150
26;151
26;152
26;153
26;154
26;155
26;156
26;157
26;158
26;159
26;160
26;161
26;162
26;163
26;164
26;165
26;166
26;167
26;168
26;169
26;170
26;171
26;172
26;173
26;174
26;175
26;176
26;177
26;178
26;179
26;180
26;181
26;182
26;183
26;184
26;185
26;186
26;187
26;188
26;189
26;190
26;191
26;192
26;193
26;194
26;195
26;196
26;197
26;198
26;199
26;200
26;201
26;202
26;203
26;204
26;205
26;206
26;207
26;208
26;209
26;210
26;211
26;212
26;213
26;214
26;215
26;216
26;217
26;218
26;219
26;220
26;221
26;222
26;223
26;224
26;225
26;226
26;227
26;228
26;229
26;230
26;231
27;138
27;139
27;140
27;141
27;142
27;143
27;144
27;145
27;146
27;147
27;148
27;149
27;150
27;151
27;152
27;153
27;154
27;155
27;156
27;157
27;158
27;159
27;160
27;161
27;162
27;163
27;164
27;165
27;166
27;167
27;168
27;169
27;170
27;171
27;172
27;173
27;174
27;175
27;176
27;177
27;178
27;179
27;180
27;181
27;182
27;183
27;184
27;185
27;186
27;187
27;188
27;189
27;190
27;191
27;192
27;193
27;194
27;195
27;196
27;197
27;198
27;199
27;200
27;201
27;202
27;203
27;204
27;205
27;206
27;207
27;208
27;209
27;210
27;211
27;212
27;213
27;214
27;215
27;216
27;217
27;218
27;219
27;220
27;221
27;222
27;223
27;224
27;225
27;226
27;227
27;228
27;229
27;230
27;231
27;232
28;138
28;139
28;140
28;141
28;142
28;143
28;144
28;145
28;146
28;147
28;148
28;149
28;150
28;151
28;152
28;153
28;154
28;155
28;156
28;157
28;158
28;159
28;160
28;161
28;162
28;163
28;164
28;165
28;166
28;167
28;168
28;169
28;170
28;171
28;172
28;173
28;174
28;175
28;176
28;177
28;178
28;179
28;180
28;181
28;182
28;183
28;184
28;185
28;186
28;187
28;188
28;189
28;190
28;191
28;192
28;193
28;194
28;195
28;196
28;197
28;198
28;199
28;200
28;201
28;202
28;203
28;204
28;205
28;206
28;207
28;208
28;209
28;210
28;211
28;212
28;213
28;214
28;215
28;216
28;217
28;218
28;219
28;220
28;221
28;222
28;223
28;224
28;225
28;226
28;227
28;228
28;229
28;230
28;231
28;232
28;233
29;138
29;139
29;140
29;141
29;142
29;143
29;144
29;145
29;146
29;147
29;148
29;149
29;150
29;151
29;152
29;153
29;154
29;155
29;156
29;157
29;158
29;159
29;160
29;161
29;162
29;163
29;164
29;165
29;166
29;167
29;168
29;169
29;170
29;171
29;172
29;173
29;174
29;175
29;176
29;177
29;178
29;179
29;180
29;181
29;182
29;183
29;184
29;185
29;186
29;187
29;188
29;189
29;190
29;191
29;192
29;193
29;194
29;195
29;196
29;197
29;198
29;199
29;200
29;201
29;202
29;203
29;204
29;205
29;206
29;207
29;208
29;209
29;210
29;211
29;212
29;213
29;214
29;215
29;216
29;217
29;218
29;219
29;220
29;221
29;222
29;223
29;224
29;225
29;226
29;227
29;228
29;229
29;230
29;231
29;232
29;233
29;234
30;138
30;139
30;140
30;141
30;142
30;143
30;144
30;145
30;146
30;147
30;148
30;149
30;150
30;151
30;152
30;153
30;154
30;155
30;156
30;157
30;158
30;159
30;160
30;161
30;162
30;163
30;164
30;165
30;166
30;167
30;168
30;169
30;170
30;171
30;172
30;173
30;174
30;175
30;176
30;177
30;178
30;179
30;180
30;181
30;182
30;183
30;184
30;185
30;186
30;187
30;188
30;189
30;190
30;191
30;192
30;193
30;194
30;195
30;196
30;197
30;198
30;199
30;200
30;201
30;202
30;203
30;204
30;205
30;206
30;207
30;208
30;209
30;210
30;211
30;212
30;213
30;214
30;215
30;216
30;217
30;218
30;219
30;220
30;221
30;222
30;223
30;224
30;225
30;226
30;227
30;228
30;229
30;230
30;231
30;232
30;233
30;234
30;235
31;137
31;138
31;139
31;140
31;141
31;142
31;143
31;144
31;145
31;146
31;147
31;148
31;149
31;150
31;151
31;152
31;153
31;154
31;155
31;156
31;157
31;158
31;159
31;160
31;161
31;162
31;163
31;164
31;165
31;166
31;167
31;168
31;169
31;170
31;171
31;172
31;173
31;174
31;175
31;176
31;177
31;178
31;179
31;180
31;181
31;182
31;183
31;184
31;185
31;186
31;187
31;188
31;189
31;190
31;191
31;192
31;193
31;194
31;195
31;196
31;197
31;198
31;199
31;200
31;201
31;202
31;203
31;204
31;205
31;206
31;207
31;208
31;209
31;210
31;211
31;212
31;213
31;214
31;215
31;216
31;217
31;218
31;219
31;220
31;221
31;222
31;223
31;224
31;225
31;226
31;227
31;228
31;229
31;230
31;231
31;232
31;233
31;234
31;235
31;236
32;137
32;138
32;139
32;140
32;141
32;142
32;143
32;144
32;145
32;146
32;147
32;148
32;149
32;150
32;151
32;152
32;153
32;154
32;155
32;156
32;157
32;158
32;159
32;160
32;161
32;162
32;163
32;164
32;165
32;166
32;167
32;168
32;169
32;170
32;171
32;172
32;173
32;174
32;175
32;176
32;177
32;178
32;179
32;180
32;181
32;182
32;183
32;184
32;185
32;186
32;187
32;188
32;189
32;190
32;191
32;192
32;193
32;194
32;195
32;196
32;197
32;198
32;199
32;200
32;201
32;202
32;203
32;204
32;205
32;206
32;207
32;208
32;209
32;210
32;211
32;212
32;213
32;214
32;215
32;216
32;217
32;218
32;219
32;220
32;221
32;222
32;223
32;224
32;225
32;226
32;227
32;228
32;229
32;230
32;231
32;232
32;233
32;234
32;235
32;236
32;237
33;137
33;138
33;139
33;140
33;141
33;142
33;143
33;144
33;145
33;146
33;147
33;148
33;149
33;150
33;151
33;152
33;153
33;154
33;155
33;156
33;157
33;158
33;159
33;160
33;161
33;162
33;163
33;164
33;165
33;166
33;167
33;168
33;169
33;170
33;171
33;172
33;173
33;174
33;175
33;176
33;177
33;178
33;179
33;180
33;181
33;182
33;183
33;184
33;185
33;186
33;187
33;188
33;189
33;190
33;191
33;192
33;193
33;194
33;195
33;196
33;197
33;198
33;199
33;200
33;201
33;202
33;203
33;204
33;205
33;206
33;207
33;208
33;209
33;210
33;211
33;212
33;213
33;214
33;215
33;216
33;217
33;218
33;219
33;220
33;221
33;222
33;223
33;224
33;225
33;226
33;227
33;228
33;229
33;230
33;231
33;232
33;233
33;234
33;235
33;236
33;237
33;238
34;136
34;137
34;138
34;139
34;140
34;141
34;142
34;143
34;144
34;145
34;146
34;147
34;148
34;149
34;150
34;151
34;152
34;153
34;154
34;155
34;156
34;157
34;158
34;159
34;160
34;161
34;162
34;163
34;164
34;165
34;166
34;167
34;168
34;169
34;170
34;171
34;172
34;173
34;174
34;175
34;176
34;177
34;178
34;179
34;180
34;181
34;182
34;183
34;184
34;185
34;186
34;187
34;188
34;189
34;190
34;191
34;192
34;193
34;194
34;195
34;196
34;197
34;198
34;199
34;200
34;201
34;202
34;203
34;204
34;205
34;206
34;207
34;208
34;209
34;210
34;211
34;212
34;213
34;214
34;215
34;216
34;217
34;218
34;219
34;220
34;221
34;222
34;223
34;224
34;225
34;226
34;227
34;228
34;229
34;230
34;231
34;232
34;233
34;234
34;235
34;236
34;237
34;238
34;239
35;136
35;137
35;138
35;139
35;140
35;141
35;142
35;143
35;144
35;145
35;146
35;147
35;148
35;149
35;150
35;151
35;152
35;153
35;154
35;155
35;156
35;157
35;158
35;159
35;160
35;161
35;162
35;163
35;164
35;165
35;166
35;167
35;168
35;169
35;170
35;171
35;172
35;173
35;174
35;175
35;176
35;177
35;178
35;179
35;180
35;181
35;182
35;183
35;184
35;185
35;186
35;187
35;188
35;189
35;190
35;191
35;192
35;193
35;194
35;195
35;196
35;197
35;198
35;199
35;200
35;201
35;202
35;203
35;204
35;205
35;206
35;207
35;208
35;209
35;210
35;211
35;212
35;213
35;214
35;215
35;216
35;217
35;218
35;219
35;220
35;221
35;222
35;223
35;224
35;225
35;226
35;227
35;228
35;229
35;230
35;231
35;232
35;233
35;234
35;235
36;136
36;137
36;138
36;139
36;140
36;141
36;142
36;143
36;144
36;145
36;146
36;147
36;148
36;149
36;150
36;151
36;152
36;153
36;154
36;155
36;156
36;157
36;158
36;159
36;160
36;161
36;162
36;163
36;164
36;165
36;166
36;167
36;168
36;169
36;170
36;171
36;172
36;173
36;174
36;175
36;176
36;177
36;178
36;179
36;180
36;181
36;182
36;183
36;184
36;185
36;186
36;187
36;188
36;189
36;190
36;191
36;192
36;193
36;194
36;195
36;196
36;197
36;198
36;199
36;200
36;201
36;202
36;203
36;204
36;205
36;206
36;207
36;208
36;209
36;210
36;211
36;212
36;213
36;214
36;215
36;216
36;217
36;218
36;219
36;220
36;221
36;222
36;223
36;224
36;225
36;226
36;227
36;228
36;229
36;230
37;136
37;137
37;138
37;139
37;140
37;141
37;142
37;143
37;144
37;145
37;146
37;147
37;148
37;149
37;150
37;151
37;152
37;153
37;154
37;155
37;156
37;157
37;158
37;159
37;160
37;161
37;162
37;163
37;164
37;165
37;166
37;167
37;168
37;169
37;170
37;171
37;172
37;173
37;174
37;175
37;176
37;177
37;178
37;179
37;180
37;181
37;182
37;183
37;184
37;185
37;186
37;187
37;188
37;189
37;190
37;191
37;192
37;193
37;194
37;195
37;196
37;197
37;198
37;199
37;200
37;201
37;202
37;203
37;204
37;205
37;206
37;207
37;208
37;209
37;210
37;211
37;212
37;213
37;214
37;215
37;216
37;217
37;218
37;219
37;220
37;221
37;222
37;223
37;224
37;225
37;226
38;135
38;136
38;137
38;138
38;139
38;140
38;141
38;142
38;143
38;144
38;145
38;146
38;147
38;148
38;149
38;150
38;151
38;152
38;153
38;154
38;155
38;156
38;157
38;158
38;159
38;160
38;161
38;162
38;163
38;164
38;165
38;166
38;167
38;168
38;169
38;170
38;171
38;172
38;173
38;174
38;175
38;176
38;177
38;178
38;179
38;180
38;181
38;182
38;183
38;184
38;185
38;186
38;187
38;188
38;189
38;190
38;191
38;192
38;193
38;194
38;195
38;196
38;197
38;198
38;199
38;200
38;201
38;202
38;203
38;204
38;205
38;206
38;207
38;208
38;209
38;210
38;211
38;212
38;213
38;214
38;215
38;216
38;217
38;218
38;219
38;220
38;221
38;222
39;135
39;136
39;137
39;138
39;139
39;140
39;141
39;142
39;143
39;144
39;145
39;146
39;147
39;148
39;149
39;150
39;151
39;152
39;153
39;154
39;155
39;156
39;157
39;158
39;159
39;160
39;161
39;162
39;163
39;164
39;165
39;166
39;167
39;168
39;169
39;170
39;171
39;172
39;173
39;174
39;175
39;176
39;177
39;178
39;179
39;180
39;181
39;182
39;183
39;184
39;185
39;186
39;187
39;188
39;189
39;190
39;191
39;192
39;193
39;194
39;195
39;196
39;197
39;198
39;199
39;200
39;201
39;202
39;203
39;204
39;205
39;206
39;207
39;208
39;209
39;210
39;211
39;212
39;213
39;214
39;215
39;216
39;217
39;218
40;135
40;136
40;137
40;138
40;139
40;140
40;141
40;142
40;143
40;144
40;145
40;146
40;147
40;148
40;149
40;150
40;151
40;152
40;153
40;154
40;155
40;156
40;157
40;158
40;159
40;160
40;161
40;162
40;163
40;164
40;165
40;166
40;167
40;168
40;169
40;170
40;171
40;172
40;173
40;174
40;175
40;176
40;177
40;178
40;179
40;180
40;181
40;182
40;183
40;184
40;185
40;186
40;187
40;188
40;189
40;190
40;191
40;192
40;193
40;194
40;195
40;196
40;197
40;198
40;199
40;200
40;201
40;202
40;203
40;204
40;205
40;206
40;207
40;208
40;209
40;210
40;211
40;212
40;213
40;214
41;134
41;135
41;136
41;137
41;138
41;139
41;140
41;141
41;142
41;143
41;144
41;145
41;146
41;147
41;148
41;149
41;150
41;151
41;152
41;153
41;154
41;155
41;156
41;157
41;158
41;159
41;160
41;161
41;162
41;163
41;164
41;165
41;166
41;167
41;168
41;169
41;170
41;171
41;172
41;173
41;174
41;175
41;176
41;177
41;178
41;179
41;180
41;181
41;182
41;183
41;184
41;185
41;186
41;187
41;188
41;189
41;190
41;191
41;192
41;193
41;194
41;195
41;196
41;197
41;198
41;199
41;200
41;201
41;202
41;203
41;204
41;205
41;206
41;207
41;208
41;209
41;210
42;134
42;135
42;136
42;137
42;138
42;139
42;140
42;141
42;142
42;143
42;144
42;145
42;146
42;147
42;148
42;149
42;150
42;151
42;152
42;153
42;154
42;155
42;156
42;157
42;158
42;159
42;160
42;161
42;162
42;163
42;164
42;165
42;166
42;167
42;168
42;169
42;170
42;171
42;172
42;173
42;174
42;175
42;176
42;177
42;178
42;179
42;180
42;181
42;182
42;183
42;184
42;185
42;186
42;187
42;188
42;189
42;190
42;191
42;192
42;193
42;194
42;195
42;196
42;197
42;198
42;199
42;200
42;201
42;202
42;203
42;204
42;205
42;206
43;134
43;135
43;136
43;137
43;138
43;139
43;140
43;141
43;142
43;143
43;144
43;145
43;146
43;147
43;148
43;149
43;150
43;151
43;152
43;153
43;154
43;155
43;156
43;157
43;158
43;159
43;160
43;161
43;162
43;163
43;164
43;165
43;166
43;167
43;168
43;169
43;170
43;171
43;172
43;173
43;174
43;175
43;176
43;177
43;178
43;179
43;180
43;181
43;182
43;183
43;184
43;185
43;186
43;187
43;188
43;189
43;190
43;191
43;192
43;193
43;194
43;195
43;196
43;197
43;198
43;199
43;200
43;201
43;202
44;133
44;134
44;135
44;136
44;137
44;138
44;139
44;140
44;141
44;142
44;143
44;144
44;145
44;146
44;147
44;148
44;149
44;150
44;151
44;152
44;153
44;154
44;155
44;156
44;157
44;158
44;159
44;160
44;161
44;162
44;163
44;164
44;165
44;166
44;167
44;168
44;169
44;170
44;171
44;172
44;173
44;174
44;175
44;176
44;177
44;178
44;179
44;180
44;181
44;182
44;183
44;184
44;185
44;186
44;187
44;188
44;189
44;190
44;191
44;192
44;193
44;194
44;195
44;196
44;197
44;198
45;133
45;134
45;135
45;136
45;137
45;138
45;139
45;140
45;141
45;142
45;143
45;144
45;145
45;146
45;147
45;148
45;149
45;150
45;151
45;152
45;153
45;154
45;155
45;156
45;157
45;158
45;159
45;160
45;161
45;162
45;163
45;164
45;165
45;166
45;167
45;168
45;169
45;170
45;171
45;172
45;173
45;174
45;175
45;176
45;177
45;178
45;179
45;180
45;181
45;182
45;183
45;184
45;185
45;186
45;187
45;188
45;189
45;190
45;191
45;192
45;193
45;194
46;133
46;134
46;135
46;136
46;137
46;138
46;139
46;140
46;141
46;142
46;143
46;144
46;145
46;146
46;147
46;148
46;149
46;150
46;151
46;152
46;153
46;154
46;155
46;156
46;157
46;158
46;159
46;160
46;161
46;162
46;163
46;164
46;165
46;166
46;167
46;168
46;169
46;170
46;171
46;172
46;173
46;174
46;175
46;176
46;177
46;178
46;179
46;180
46;181
46;182
46;183
46;184
46;185
46;186
46;187
46;188
46;189
46;190
47;133
47;134
47;135
47;136
47;137
47;138
47;139
47;140
47;141
47;142
47;143
47;144
47;145
47;146
47;147
47;148
47;149
47;150
47;151
47;152
47;153
47;154
47;155
47;156
47;157
47;158
47;159
47;160
47;161
47;162
47;163
47;164
47;165
47;166
47;167
47;168
47;169
47;170
47;171
47;172
47;173
47;174
47;175
47;176
47;177
47;178
47;179
47;180
47;181
47;182
47;183
47;184
47;185
47;186
48;132
48;133
48;134
48;135
48;136
48;137
48;138
48;139
48;140
48;141
48;142
48;143
48;144
48;145
48;146
48;147
48;148
48;149
48;150
48;151
48;152
48;153
48;154
48;155
48;156
48;157
48;158
48;159
48;160
48;161
48;162
48;163
48;164
48;165
48;166
48;167
48;168
48;169
48;170
48;171
48;172
48;173
48;174
48;175
48;176
48;177
48;178
48;179
48;180
48;181
48;182
49;132
49;133
49;134
49;135
49;136
49;137
49;138
49;139
49;140
49;141
49;142
49;143
49;144
49;145
49;146
49;147
49;148
49;149
49;150
49;151
49;152
49;153
49;154
49;155
49;156
49;157
49;158
49;159
49;160
49;161
49;162
49;163
49;164
49;165
49;166
49;167
49;168
49;169
49;170
49;171
49;172
49;173
49;174
49;175
49;176
49;177
50;132
50;133
50;134
50;135
50;136
50;137
50;138
50;139
50;140
50;141
50;142
50;143
50;144
50;145
50;146
50;147
50;148
50;149
50;150
50;151
50;152
50;153
50;154
50;155
50;156
50;157
50;158
50;159
50;160
50;161
50;162
50;163
50;164
50;165
50;166
50;167
50;168
50;169
50;170
50;171
50;172
50;173
51;131
51;132
51;133
51;134
51;135
51;136
51;137
51;138
51;139
51;140
51;141
51;142
51;143
51;144
51;145
51;146
51;147
51;148
51;149
51;150
51;151
51;152
51;153
51;154
51;155
51;156
51;157
51;158
51;159
51;160
51;161
51;162
51;163
51;164
51;165
51;166
51;167
51;168
51;169
52;131
52;132
52;133
52;134
52;135
52;136
52;137
52;138
52;139
52;140
52;141
52;142
52;143
52;144
52;145
52;146
52;147
52;148
52;149
52;150
52;151
52;152
52;153
52;154
52;155
52;156
52;157
52;158
52;159
52;160
52;161
52;162
52;163
52;164
52;165
53;131
53;132
53;133
53;134
53;135
53;136
53;137
53;138
53;139
53;140
53;141
53;142
53;143
53;144
53;145
53;146
53;147
53;148
53;149
53;150
53;151
53;152
53;153
53;154
53;155
53;156
53;157
53;158
53;159
53;160
53;161
54;131
54;132
54;133
54;134
54;135
54;136
54;137
54;138
54;139
54;140
54;141
54;142
54;143
54;144
54;145
54;146
54;147
54;148
54;149
54;150
54;151
54;152
54;153
54;154
54;155
54;156
54;157
55;130
55;131
55;132
55;133
55;134
55;135
55;136
55;137
55;138
55;139
55;140
55;141
55;142
55;143
55;144
55;145
55;146
55;147
55;148
55;149
55;150
55;151
55;152
55;153
56;130
56;131
56;132
56;133
56;134
56;135
56;136
56;137
56;138
56;139
56;140
56;141
56;142
56;143
56;144
56;145
56;146
56;147
56;148
56;149
57;130
57;131
57;132
57;133
57;134
57;135
57;136
57;137
57;138
57;139
57;140
57;141
57;142
57;143
57;144
57;145
58;129
58;130
58;131
58;132
58;133
58;134
58;135
58;136
58;137
58;138
58;139
58;140
58;141
59;129
59;130
59;131
59;132
59;133
59;134
59;135
59;136
59;137
60;129
60;130
60;131
60;132
60;133
61;129
155;142
155;143
155;144
155;145
155;146
155;147
155;148
155;149
155;150
155;151
155;152
155;153
155;154
155;155
155;156
155;157
155;158
155;159
156;138
156;139
156;140
156;141
156;142
156;143
156;144
156;145
156;146
156;147
156;148
156;149
156;150
156;151
156;152
156;153
156;154
156;155
156;156
156;157
156;158
156;159
156;160
156;161
156;162
156;163
157;135
157;136
157;137
157;138
157;139
157;140
157;141
157;142
157;143
157;144
157;145
157;146
157;147
157;148
157;149
157;150
157;151
157;152
157;153
157;154
157;155
157;156
157;157
157;158
157;159
157;160
157;161
157;162
157;163
157;164
157;165
157;166
158;132
158;133
158;134
158;135
158;136
158;137
158;138
158;139
158;140
158;141
158;142
158;143
158;144
158;145
158;146
158;147
158;148
158;149
158;150
158;151
158;152
158;153
158;154
158;155
158;156
158;157
158;158
158;159
158;160
158;161
158;162
158;163
158;164
158;165
158;166
158;167
158;168
159;130
159;131
159;132
159;133
159;134
159;135
159;136
159;137
159;138
159;139
159;140
159;141
159;142
159;143
159;144
159;145
159;146
159;147
159;148
159;149
159;150
159;151
159;152
159;153
159;154
159;155
159;156
159;157
159;158
159;159
159;160
159;161
159;162
159;163
159;164
159;165
159;166
159;167
159;168
159;169
159;170
159;171
160;128
160;129
160;130
160;131
160;132
160;133
160;134
160;135
160;136
160;137
160;138
160;139
160;140
160;141
160;142
160;143
160;144
160;145
160;146
160;147
160;148
160;149
160;150
160;151
160;152
160;153
160;154
160;155
160;156
160;157
160;158
160;159
160;160
160;161
160;162
160;163
160;164
160;165
160;166
160;167
160;168
160;169
160;170
160;171
160;172
161;126
161;127
161;128
161;129
161;130
161;131
161;132
161;133
161;134
161;135
161;136
161;137
161;138
161;139
161;140
161;141
161;142
161;143
161;144
161;145
161;146
161;147
161;148
161;149
161;150
161;151
161;152
161;153
161;154
161;155
161;156
161;157
161;158
161;159
161;160
161;161
161;162
161;163
161;164
161;165
161;166
161;167
161;168
161;169
161;170
161;171
161;172
161;173
161;174
162;125
162;126
162;127
162;128
162;129
162;130
162;131
162;132
162;133
162;134
162;135
162;136
162;137
162;138
162;139
162;140
162;141
162;142
162;143
162;144
162;145
162;146
162;147
162;148
162;149
162;150
162;151
162;152
162;153
162;154
162;155
162;156
162;157
162;158
162;159
162;160
162;161
162;162
162;163
162;164
162;165
162;166
162;167
162;168
162;169
162;170
162;171
162;172
162;173
162;174
162;175
162;176
163;124
163;125
163;126
163;127
163;128
163;129
163;130
163;131
163;132
163;133
163;134
163;135
163;136
163;137
163;138
163;139
163;140
163;141
163;142
163;143
163;144
163;145
163;146
163;147
163;148
163;149
163;150
163;151
163;152
163;153
163;154
163;155
163;156
163;157
163;158
163;159
163;160
163;161
163;162
163;163
163;164
163;165
163;166
163;167
163;168
163;169
163;170
163;171
163;172
163;173
163;174
163;175
163;176
163;177
164;122
164;123
164;124
164;125
164;126
164;127
164;128
164;129
164;130
164;131
164;132
164;133
164;134
164;135
164;136
164;137
164;138
164;139
164;140
164;141
164;142
164;143
164;144
164;145
164;146
164;147
164;148
164;149
164;150
164;151
164;152
164;153
164;154
164;155
164;156
164;157
164;158
164;159
164;160
164;161
164;162
164;163
164;164
164;165
164;166
164;167
164;168
164;169
164;170
164;171
164;172
164;173
164;174
164;175
164;176
164;177
164;178
165;121
165;122
165;123
165;124
165;125
165;126
165;127
165;128
165;129
165;130
165;131
165;132
165;133
165;134
165;135
165;136
165;137
165;138
165;139
165;140
165;141
165;142
165;143
165;144
165;145
165;146
165;147
165;148
165;149
165;150
165;151
165;152
165;153
165;154
165;155
165;156
165;157
165;158
165;159
165;160
165;161
165;162
165;163
165;164
165;165
165;166
165;167
165;168
165;169
165;170
165;171
165;172
165;173
165;174
165;175
165;176
165;177
165;178
165;179
165;180
166;120
166;121
166;122
166;123
166;124
166;125
166;126
166;127
166;128
166;129
166;130
166;131
166;132
166;133
166;134
166;135
166;136
166;137
166;138
166;139
166;140
166;141
166;142
166;143
166;144
166;145
166;146
166;147
166;148
166;149
166;150
166;151
166;152
166;153
166;154
166;155
166;156
166;157
166;158
166;159
166;160
166;161
166;162
166;163
166;164
166;165
166;166
166;167
166;168
166;169
166;170
166;171
166;172
166;173
166;174
166;175
166;176
166;177
166;178
166;179
166;180
166;181
167;119
167;120
167;121
167;122
167;123
167;124
167;125
167;126
167;127
167;128
167;129
167;130
167;131
167;132
167;133
167;134
167;135
167;136
167;137
167;138
167;139
167;140
167;141
167;142
167;143
167;144
167;145
167;146
167;147
167;148
167;149
167;150
167;151
167;152
167;153
167;154
167;155
167;156
167;157
167;158
167;159
167;160
167;161
167;162
167;163
167;164
167;165
167;166
167;167
167;168
167;169
167;170
167;171
167;172
167;173
167;174
167;175
167;176
167;177
167;178
167;179
167;180
167;181
167;182
168;118
168;119
168;120
168;121
168;122
168;123
168;124
168;125
168;126
168;127
168;128
168;129
168;130
168;131
168;132
168;133
168;134
168;135
168;136
168;137
168;138
168;139
168;140
168;141
168;142
168;143
168;144
168;145
168;146
168;147
168;148
168;149
168;150
168;151
168;152
168;153
168;154
168;155
168;156
168;157
168;158
168;159
168;160
168;161
168;162
168;163
168;164
168;165
168;166
168;167
168;168
168;169
168;170
168;171
168;172
168;173
168;174
168;175
168;176
168;177
168;178
168;179
168;180
168;181
168;182
168;183
169;117
169;118
169;119
169;120
169;121
169;122
169;123
169;124
169;125
169;126
169;127
169;128
169;129
169;130
169;131
169;132
169;133
169;134
169;135
169;136
169;137
169;138
169;139
169;140
169;141
169;142
169;143
169;144
169;145
169;146
169;147
169;148
169;149
169;150
169;151
169;152
169;153
169;154
169;155
169;156
169;157
169;158
169;159
169;160
169;161
169;162
169;163
169;164
169;165
169;166
169;167
169;168
169;169
169;170
169;171
169;172
169;173
169;174
169;175
169;176
169;177
169;178
169;179
169;180
169;181
169;182
169;183
169;184
170;116
170;117
170;118
170;119
170;120
170;121
170;122
170;123
170;124
170;125
170;126
170;127
170;128
170;129
170;130
170;131
170;132
170;133
170;134
170;135
170;136
170;137
170;138
170;139
170;140
170;141
170;142
170;143
170;144
170;145
170;146
170;147
170;148
170;149
170;150
170;151
170;152
170;153
170;154
170;155
170;156
170;157
170;158
170;159
170;160
170;161
170;162
170;163
170;164
170;165
170;166
170;167
170;168
170;169
170;170
170;171
170;172
170;173
170;174
170;175
170;176
170;177
170;178
170;179
170;180
170;181
170;182
170;183
170;184
170;185
171;115
171;116
171;117
171;118
171;119
171;120
171;121
171;122
171;123
171;124
171;125
171;126
171;127
171;128
171;129
171;130
171;131
171;132
171;133
171;134
171;135
171;136
171;137
171;138
171;139
171;140
171;141
171;142
171;143
171;144
171;145
171;146
171;147
171;148
171;149
171;150
171;151
171;152
171;153
171;154
171;155
171;156
171;157
171;158
171;159
171;160
171;161
171;162
171;163
171;164
171;165
171;166
171;167
171;168
171;169
171;170
171;171
171;172
171;173
171;174
171;175
171;176
171;177
171;178
171;179
171;180
171;181
171;182
171;183
171;184
171;185
171;186
172;114
172;115
172;116
172;117
172;118
172;119
172;120
172;121
172;122
172;123
172;124
172;125
172;126
172;127
172;128
172;129
172;130
172;131
172;132
172;133
172;134
172;135
172;136
172;137
172;138
172;139
172;140
172;141
172;142
172;143
172;144
172;145
172;146
172;147
172;148
172;149
172;150
172;151
172;152
172;153
172;154
172;155
172;156
172;157
172;158
172;159
172;160
172;161
172;162
172;163
172;164
172;165
172;166
172;167
172;168
172;169
172;170
172;171
172;172
172;173
172;174
172;175
172;176
172;177
172;178
172;179
172;180
172;181
172;182
172;183
172;184
172;185
172;186
173;114
173;115
173;116
173;117
173;118
173;119
173;120
173;121
173;122
173;123
173;124
173;125
173;126
173;127
173;128
173;129
173;130
173;131
173;132
173;133
173;134
173;135
173;136
173;137
173;138
173;139
173;140
173;141
173;142
173;143
173;144
173;145
173;146
173;147
173;148
173;149
173;150
173;151
173;152
173;153
173;154
173;155
173;156
173;157
173;158
173;159
173;160
173;161
173;162
173;163
173;164
173;165
173;166
173;167
173;168
173;169
173;170
173;171
173;172
173;173
173;174
173;175
173;176
173;177
173;178
173;179
173;180
173;181
173;182
173;183
173;184
173;185
173;186
173;187
174;113
174;114
174;115
174;116
174;117
174;118
174;119
174;120
174;121
174;122
174;123
174;124
174;125
174;126
174;127
174;128
174;129
174;130
174;131
174;132
174;133
174;134
174;135
174;136
174;137
174;138
174;139
174;140
174;141
174;142
174;143
174;144
174;145
174;146
174;147
174;148
174;149
174;150
174;151
174;152
174;153
174;154
174;155
174;156
174;157
174;158
174;159
174;160
174;161
174;162
174;163
174;164
174;165
174;166
174;167
174;168
174;169
174;170
174;171
174;172
174;173
174;174
174;175
174;176
174;177
174;178
174;179
174;180
174;181
174;182
174;183
174;184
174;185
174;186
174;187
174;188
175;112
175;113
175;114
175;115
175;116
175;117
175;118
175;119
175;120
175;121
175;122
175;123
175;124
175;125
175;126
175;127
175;128
175;129
175;130
175;131
175;132
175;133
175;134
175;135
175;136
175;137
175;138
175;139
175;140
175;141
175;142
175;143
175;144
175;145
175;146
175;147
175;148
175;149
175;150
175;151
175;152
175;153
175;154
175;155
175;156
175;157
175;158
175;159
175;160
175;161
175;162
175;163
175;164
175;165
175;166
175;167
175;168
175;169
175;170
175;171
175;172
175;173
175;174
175;175
175;176
175;177
175;178
175;179
175;180
175;181
175;182
175;183
175;184
175;185
175;186
175;187
175;188
176;112
176;113
176;114
176;115
176;116
176;117
176;118
176;119
176;120
176;121
176;122
176;123
176;124
176;125
176;126
176;127
176;128
176;129
176;130
176;131
176;132
176;133
176;134
176;135
176;136
176;137
176;138
176;139
176;140
176;141
176;142
176;143
176;144
176;145
176;146
176;147
176;148
176;149
176;150
176;151
176;152
176;153
176;154
176;155
176;156
176;157
176;158
176;159
176;160
176;161
176;162
176;163
176;164
176;165
176;166
176;167
176;168
176;169
176;170
176;171
176;172
176;173
176;174
176;175
176;176
176;177
176;178
176;179
176;180
176;181
176;182
176;183
176;184
176;185
176;186
176;187
176;188
176;189
177;111
177;112
177;113
177;114
177;115
177;116
177;117
177;118
177;119
177;120
177;121
177;122
177;123
177;124
177;125
177;126
177;127
177;128
177;129
177;130
177;131
177;132
177;133
177;134
177;135
177;136
177;137
177;138
177;139
177;140
177;141
177;142
177;143
177;144
177;145
177;146
177;147
177;148
177;149
177;150
177;151
177;152
177;153
177;154
177;155
177;156
177;157
177;158
177;159
177;160
177;161
177;162
177;163
177;164
177;165
177;166
177;167
177;168
177;169
177;170
177;171
177;172
177;173
177;174
177;175
177;176
177;177
177;178
177;179
177;180
177;181
177;182
177;183
177;184
177;185
177;186
177;187
177;188
177;189
177;190
178;110
178;111
178;112
178;113
178;114
178;115
178;116
178;117
178;118
178;119
178;120
178;121
178;122
178;123
178;124
178;125
178;126
178;127
178;128
178;129
178;130
178;131
178;132
178;133
178;134
178;135
178;136
178;137
178;138
178;139
178;140
178;141
178;142
178;143
178;144
178;145
178;146
178;147
178;148
178;149
178;150
178;151
178;152
178;153
178;154
178;155
178;156
178;157
178;158
178;159
178;160
178;161
178;162
178;163
178;164
178;165
178;166
178;167
178;168
178;169
178;170
178;171
178;172
178;173
178;174
178;175
178;176
178;177
178;178
178;179
178;180
178;181
178;182
178;183
178;184
178;185
178;186
178;187
178;188
178;189
178;190
179;4
179;5
179;6
179;7
179;8
179;9
179;10
179;11
179;12
179;13
179;110
179;111
179;112
179;113
179;114
179;115
179;116
179;117
179;118
179;119
179;120
179;121
179;122
179;123
179;124
179;125
179;126
179;127
179;128
179;129
179;130
179;131
179;132
179;133
179;134
179;135
179;136
179;137
179;138
179;139
179;140
179;141
179;142
179;143
179;144
179;145
179;146
179;147
179;148
179;149
179;150
179;151
179;152
179;153
179;154
179;155
179;156
179;157
179;158
179;159
179;160
179;161
179;162
179;163
179;164
179;165
179;166
179;167
179;168
179;169
179;170
179;171
179;172
179;173
179;174
179;175
179;176
179;177
179;178
179;179
179;180
179;181
179;182
179;183
179;184
179;185
179;186
179;187
179;188
179;189
179;190
179;191
180;0
180;1
180;2
180;3
180;4
180;5
180;6
180;7
180;8
180;9
180;10
180;11
180;12
180;13
180;14
180;15
180;16
180;17
180;18
180;19
180;109
180;110
180;111
180;112
180;113
180;114
180;115
180;116
180;117
180;118
180;119
180;120
180;121
180;122
180;123
180;124
180;125
180;126
180;127
180;128
180;129
180;130
180;131
180;132
180;133
180;134
180;135
180;136
180;137
180;138
180;139
180;140
180;141
180;142
180;143
180;144
180;145
180;146
180;147
180;148
180;149
180;150
180;151
180;152
180;153
180;154
180;155
180;156
180;157
180;158
180;159
180;160
180;161
180;162
180;163
180;164
180;165
180;166
180;167
180;168
180;169
180;170
180;171
180;172
180;173
180;174
180;175
180;176
180;177
180;178
180;179
180;180
180;181
180;182
180;183
180;184
180;185
180;186
180;187
180;188
180;189
180;190
180;191
181;0
181;1
181;2
181;3
181;4
181;5
181;6
181;7
181;8
181;9
181;10
181;11
181;12
181;13
181;14
181;15
181;16
181;17
181;18
181;19
181;20
181;21
181;22
181;109
181;110
181;111
181;112
181;113
181;114
181;115
181;116
181;117
181;118
181;119
181;120
181;121
181;122
181;123
181;124
181;125
181;126
181;127
181;128
181;129
181;130
181;131
181;132
181;133
181;134
181;135
181;136
181;137
181;138
181;139
181;140
181;141
181;142
181;143
181;144
181;145
181;146
181;147
181;148
181;149
181;150
181;151
181;152
181;153
181;154
181;155
181;156
181;157
181;158
181;159
181;160
181;161
181;162
181;163
181;164
181;165
181;166
181;167
181;168
181;169
181;170
181;171
181;172
181;173
181;174
181;175
181;176
181;177
181;178
181;179
181;180
181;181
181;182
181;183
181;184
181;185
181;186
181;187
181;188
181;189
181;190
181;191
181;192
182;0
182;1
182;2
182;3
182;4
182;5
182;6
182;7
182;8
182;9
182;10
182;11
182;12
182;13
182;14
182;15
182;16
182;17
182;18
182;19
182;20
182;21
182;22
182;23
182;24
182;25
182;108
182;109
182;110
182;111
182;112
182;113
182;114
182;115
182;116
182;117
182;118
182;119
182;120
182;121
182;122
182;123
182;124
182;125
182;126
182;127
182;128
182;129
182;130
182;131
182;132
182;133
182;134
182;135
182;136
182;137
182;138
182;139
182;140
182;141
182;142
182;143
182;144
182;145
182;146
182;147
182;148
182;149
182;150
182;151
182;152
182;153
182;154
182;155
182;156
182;157
182;158
182;159
182;160
182;161
182;162
182;163
182;164
182;165
182;166
182;167
182;168
182;169
182;170
182;171
182;172
182;173
182;174
182;175
182;176
182;177
182;178
182;179
182;180
182;181
182;182
182;183
182;184
182;185
182;186
182;187
182;188
182;189
182;190
182;191
182;192
183;0
183;1
183;2
183;3
183;4
183;5
183;6
183;7
183;8
183;9
183;10
183;11
183;12
183;13
183;14
183;15
183;16
183;17
183;18
183;19
183;20
183;21
183;22
183;23
183;24
183;25
183;26
183;27
183;108
183;109
183;110
183;111
183;112
183;113
183;114
183;115
183;116
183;117
183;118
183;119
183;120
183;121
183;122
183;123
183;124
183;125
183;126
183;127
183;128
183;129
183;130
183;131
183;132
183;133
183;134
183;135
183;136
183;137
183;138
183;139
183;140
183;141
183;142
183;143
183;144
183;145
183;146
183;147
183;148
183;149
183;150
183;151
183;152
183;153
183;154
183;155
183;156
183;157
183;158
183;159
183;160
183;161
183;162
183;163
183;164
183;165
183;166
183;167
183;168
183;169
183;170
183;171
183;172
183;173
183;174
183;175
183;176
183;177
183;178
183;179
183;180
183;181
183;182
183;183
183;184
183;185
183;186
183;187
183;188
183;189
183;190
183;191
183;192
183;193
184;0
184;1
184;2
184;3
184;4
184;5
184;6
184;7
184;8
184;9
184;10
184;11
184;12
184;13
184;14
184;15
184;16
184;17
184;18
184;19
184;20
184;21
184;22
184;23
184;24
184;25
184;26
184;27
184;28
184;29
184;108
184;109
184;110
184;111
184;112
184;113
184;114
184;115
184;116
184;117
184;118
184;119
184;120
184;121
184;122
184;123
184;124
184;125
184;126
184;127
184;128
184;129
184;130
184;131
184;132
184;133
184;134
184;135
184;136
184;137
184;138
184;139
184;140
184;141
184;142
184;143
184;144
184;145
184;146
184;147
184;148
184;149
184;150
184;151
184;152
184;153
184;154
184;155
184;156
184;157
184;158
184;159
184;160
184;161
184;162
184;163
184;164
184;165
184;166
184;167
184;168
184;169
184;170
184;171
184;172
184;173
184;174
184;175
184;176
184;177
184;178
184;179
184;180
184;181
184;182
184;183
184;184
184;185
184;186
184;187
184;188
184;189
184;190
184;191
184;192
184;193
185;0
185;1
185;2
185;3
185;4
185;5
185;6
185;7
185;8
185;9
185;10
185;11
185;12
185;13
185;14
185;15
185;16
185;17
185;18
185;19
185;20
185;21
185;22
185;23
185;24
185;25
185;26
185;27
185;28
185;29
185;30
185;31
185;107
185;108
185;109
185;110
185;111
185;112
185;113
185;114
185;115
185;116
185;117
185;118
185;119
185;120
185;121
185;122
185;123
185;124
185;125
185;126
185;127
185;128
185;129
185;130
185;131
185;132
185;133
185;134
185;135
185;136
185;137
185;138
185;139
185;140
185;141
185;142
185;143
185;144
185;145
185;146
185;147
185;148
185;149
185;150
185;151
185;152
185;153
185;154
185;155
185;156
185;157
185;158
185;159
185;160
185;161
185;162
185;163
185;164
185;165
185;166
185;167
185;168
185;169
185;170
185;171
185;172
185;173
185;174
185;175
185;176
185;177
185;178
185;179
185;180
185;181
185;182
185;183
185;184
185;185
185;186
185;187
185;188
185;189
185;190
185;191
185;192
185;193
186;0
186;1
186;2
186;3
186;4
186;5
186;6
186;7
186;8
186;9
186;10
186;11
186;12
186;13
186;14
186;15
186;16
186;17
186;18
186;19
186;20
186;21
186;22
186;23
186;24
186;25
186;26
186;27
186;28
186;29
186;30
186;31
186;32
186;33
186;107
186;108
186;109
186;110
186;111
186;112
186;113
186;114
186;115
186;116
186;117
186;118
186;119
186;120
186;121
186;122
186;123
186;124
186;125
186;126
186;127
186;128
186;129
186;130
186;131
186;132
186;133
186;134
186;135
186;136
186;137
186;138
186;139
186;140
186;141
186;142
186;143
186;144
186;145
186;146
186;147
186;148
186;149
186;150
186;151
186;152
186;153
186;154
186;155
186;156
186;157
186;158
186;159
186;160
186;161
186;162
186;163
186;164
186;165
186;166
186;167
186;168
186;169
186;170
186;171
186;172
186;173
186;174
186;175
186;176
186;177
186;178
186;179
186;180
186;181
186;182
186;183
186;184
186;185
186;186
186;187
186;188
186;189
186;190
186;191
186;192
186;193
186;194
187;0
187;1
187;2
187;3
187;4
187;5
187;6
187;7
187;8
187;9
187;10
187;11
187;12
187;13
187;14
187;15
187;16
187;17
187;18
187;19
187;20
187;21
187;22
187;23
187;24
187;25
187;26
187;27
187;28
187;29
187;30
187;31
187;32
187;33
187;34
187;107
187;108
187;109
187;110
187;111
187;112
187;113
187;114
187;115
187;116
187;117
187;118
187;119
187;120
187;121
187;122
187;123
187;124
187;125
187;126
187;127
187;128
187;129
187;130
187;131
187;132
187;133
187;134
187;135
187;136
187;137
187;138
187;139
187;140
187;141
187;142
187;143
187;144
187;145
187;146
187;147
187;148
187;149
187;150
187;151
187;152
187;153
187;154
187;155
187;156
187;157
187;158
187;159
187;160
187;161
187;162
187;163
187;164
187;165
187;166
187;167
187;168
187;169
187;170
187;171
187;172
187;173
187;174
187;175
187;176
187;177
187;178
187;179
187;180
187;181
187;182
187;183
187;184
187;185
187;186
187;187
187;188
187;189
187;190
187;191
187;192
187;193
187;194
188;0
188;1
188;2
188;3
188;4
188;5
188;6
188;7
188;8
188;9
188;10
188;11
188;12
188;13
188;14
188;15
188;16
188;17
188;18
188;19
188;20
188;21
188;22
188;23
188;24
188;25
188;26
188;27
188;28
188;29
188;30
188;31
188;32
188;33
188;34
188;35
188;36
188;106
188;107
188;108
188;109
188;110
188;111
188;112
188;113
188;114
188;115
188;116
188;117
188;118
188;119
188;120
188;121
188;122
188;123
188;124
188;125
188;126
188;127
188;128
188;129
188;130
188;131
188;132
188;133
188;134
188;135
188;136
188;137
188;138
188;139
188;140
188;141
188;142
188;143
188;144
188;145
188;146
188;147
188;148
188;149
188;150
188;151
188;152
188;153
188;154
188;155
188;156
188;157
188;158
188;159
188;160
188;161
188;162
188;163
188;164
188;165
188;166
188;167
188;168
188;169
188;170
188;171
188;172
188;173
188;174
188;175
188;176
188;177
188;178
188;179
188;180
188;181
188;182
188;183
188;184
188;185
188;186
188;187
188;188
188;189
188;190
188;191
188;192
188;193
188;194
189;0
189;1
189;2
189;3
189;4
189;5
189;6
189;7
189;8
189;9
189;10
189;11
189;12
189;13
189;14
189;15
189;16
189;17
189;18
189;19
189;20
189;21
189;22
189;23
189;24
189;25
189;26
189;27
189;28
189;29
189;30
189;31
189;32
189;33
189;34
189;35
189;36
189;37
189;106
189;107
189;108
189;109
189;110
189;111
189;112
189;113
189;114
189;115
189;116
189;117
189;118
189;119
189;120
189;121
189;122
189;123
189;124
189;125
189;126
189;127
189;128
189;129
189;130
189;131
189;132
189;133
189;134
189;135
189;136
189;137
189;138
189;139
189;140
189;141
189;142
189;143
189;144
189;145
189;146
189;147
189;148
189;149
189;150
189;151
189;152
189;153
189;154
189;155
189;156
189;157
189;158
189;159
189;160
189;161
189;162
189;163
189;164
189;165
189;166
189;167
189;168
189;169
189;170
189;171
189;172
189;173
189;174
189;175
189;176
189;177
189;178
189;179
189;180
189;181
189;182
189;183
189;184
189;185
189;186
189;187
189;188
189;189
189;190
189;191
189;192
189;193
189;194
189;195
190;0
190;1
190;2
190;3
190;4
190;5
190;6
190;7
190;8
190;9
190;10
190;11
190;12
190;13
190;14
190;15
190;16
190;17
190;18
190;19
190;20
190;21
190;22
190;23
190;24
190;25
190;26
190;27
190;28
190;29
190;30
190;31
190;32
190;33
190;34
190;35
190;36
190;37
190;38
190;106
190;107
190;108
190;109
190;110
190;111
190;112
190;113
190;114
190;115
190;116
190;117
190;118
190;119
190;120
190;121
190;122
190;123
190;124
190;125
190;126
190;127
190;128
190;129
190;130
190;131
190;132
190;133
190;134
190;135
190;136
190;137
190;138
190;139
190;140
190;141
190;142
190;143
190;144
190;145
190;146
190;147
190;148
190;149
190;150
190;151
190;152
190;153
190;154
190;155
190;156
190;157
190;158
190;159
190;160
190;161
190;162
190;163
190;164
190;165
190;166
190;167
190;168
190;169
190;170
190;171
190;172
190;173
190;174
190;175
190;176
190;177
190;178
190;179
190;180
190;181
190;182
190;183
190;184
190;185
190;186
190;187
190;188
190;189
190;190
190;191
190;192
190;193
190;194
190;195
191;0
191;1
191;2
191;3
191;4
191;5
191;6
191;7
191;8
191;9
191;10
191;11
191;12
191;13
191;14
191;15
191;16
191;17
191;18
191;19
191;20
191;21
191;22
191;23
191;24
191;25
191;26
191;27
191;28
191;29
191;30
191;31
191;32
191;33
191;34
191;35
191;36
191;37
191;38
191;39
191;106
191;107
191;108
191;109
191;110
191;111
191;112
191;113
191;114
191;115
191;116
191;117
191;118
191;119
191;120
191;121
191;122
191;123
191;124
191;125
191;126
191;127
191;128
191;129
191;130
191;131
191;132
191;133
191;134
191;135
191;136
191;137
191;138
191;139
191;140
191;141
191;142
191;143
191;144
191;145
191;146
191;147
191;148
191;149
191;150
191;151
191;152
191;153
191;154
191;155
191;156
191;157
191;158
191;159
191;160
191;161
191;162
191;163
191;164
191;165
191;166
191;167
191;168
191;169
191;170
191;171
191;172
191;173
191;174
191;175
191;176
191;177
191;178
191;179
191;180
191;181
191;182
191;183
191;184
191;185
191;186
191;187
191;188
191;189
191;190
191;191
191;192
191;193
191;194
191;195
192;0
192;1
192;2
192;3
192;4
192;5
192;6
192;7
192;8
192;9
192;10
192;11
192;12
192;13
192;14
192;15
192;16
192;17
192;18
192;19
192;20
192;21
192;22
192;23
192;24
192;25
192;26
192;27
192;28
192;29
192;30
192;31
192;32
192;33
192;34
192;35
192;36
192;37
192;38
192;39
192;40
192;105
192;106
192;107
192;108
192;109
192;110
192;111
192;112
192;113
192;114
192;115
192;116
192;117
192;118
192;119
192;120
192;121
192;122
192;123
192;124
192;125
192;126
192;127
192;128
192;129
192;130
192;131
192;132
192;133
192;134
192;135
192;136
192;137
192;138
192;139
192;140
192;141
192;142
192;143
192;144
192;145
192;146
192;147
192;148
192;149
192;150
192;151
192;152
192;153
192;154
192;155
192;156
192;157
192;158
192;159
192;160
192;161
192;162
192;163
192;164
192;165
192;166
192;167
192;168
192;169
192;170
192;171
192;172
192;173
192;174
192;175
192;176
192;177
192;178
192;179
192;180
192;181
192;182
192;183
192;184
192;185
192;186
192;187
192;188
192;189
192;190
192;191
192;192
192;193
192;194
192;195
193;0
193;1
193;2
193;3
193;4
193;5
193;6
193;7
193;8
193;9
193;10
193;11
193;12
193;13
193;14
193;15
193;16
193;17
193;18
193;19
193;20
193;21
193;22
193;23
193;24
193;25
193;26
193;27
193;28
193;29
193;30
193;31
193;32
193;33
193;34
193;35
193;36
193;37
193;38
193;39
193;40
193;41
193;105
193;106
193;107
193;108
193;109
193;110
193;111
193;112
193;113
193;114
193;115
193;116
193;117
193;118
193;119
193;120
193;121
193;122
193;123
193;124
193;125
193;126
193;127
193;128
193;129
193;130
193;131
193;132
193;133
193;134
193;135
193;136
193;137
193;138
193;139
193;140
193;141
193;142
193;143
193;144
193;145
193;146
193;147
193;148
193;149
193;150
193;151
193;152
193;153
193;154
193;155
193;156
193;157
193;158
193;159
193;160
193;161
193;162
193;163
193;164
193;165
193;166
193;167
193;168
193;169
193;170
193;171
193;172
193;173
193;174
193;175
193;176
193;177
193;178
193;179
193;180
193;181
193;182
193;183
193;184
193;185
193;186
193;187
193;188
193;189
193;190
193;191
193;192
193;193
193;194
193;195
194;0
194;1
194;2
194;3
194;4
194;5
194;6
194;7
194;8
194;9
194;10
194;11
194;12
194;13
194;14
194;15
194;16
194;17
194;18
194;19
194;20
194;21
194;22
194;23
194;24
194;25
194;26
194;27
194;28
194;29
194;30
194;31
194;32
194;33
194;34
194;35
194;36
194;37
194;38
194;39
194;40
194;41
194;42
194;105
194;106
194;107
194;108
194;109
194;110
194;111
194;112
194;113
194;114
194;115
194;116
194;117
194;118
194;119
194;120
194;121
194;122
194;123
194;124
194;125
194;126
194;127
194;128
194;129
194;130
194;131
194;132
194;133
194;134
194;135
194;136
194;137
194;138
194;139
194;140
194;141
194;142
194;143
194;144
194;145
194;146
194;147
194;148
194;149
194;150
194;151
194;152
194;153
194;154
194;155
194;156
194;157
194;158
194;159
194;160
194;161
194;162
194;163
194;164
194;165
194;166
194;167
194;168
194;169
194;170
194;171
194;172
194;173
194;174
194;175
194;176
194;177
194;178
194;179
194;180
194;181
194;182
194;183
194;184
194;185
194;186
194;187
194;188
194;189
194;190
194;191
194;192
194;193
194;194
194;195
194;196
195;0
195;1
195;2
195;3
195;4
195;5
195;6
195;7
195;8
195;9
195;10
195;11
195;12
195;13
195;14
195;15
195;16
195;17
195;18
195;19
195;20
195;21
195;22
195;23
195;24
195;25
195;26
195;27
195;28
195;29
195;30
195;31
195;32
195;33
195;34
195;35
195;36
195;37
195;38
195;39
195;40
195;41
195;42
195;43
195;105
195;106
195;107
195;108
195;109
195;110
195;111
195;112
195;113
195;114
195;115
195;116
195;117
195;118
195;119
195;120
195;121
195;122
195;123
195;124
195;125
195;126
195;127
195;128
195;129
195;130
195;131
195;132
195;133
195;134
195;135
195;136
195;137
195;138
195;139
195;140
195;141
195;142
195;143
195;144
195;145
195;146
195;147
195;148
195;149
195;150
195;151
195;152
195;153
195;154
195;155
195;156
195;157
195;158
195;159
195;160
195;161
195;162
195;163
195;164
195;165
195;166
195;167
195;168
195;169
195;170
195;171
195;172
195;173
195;174
195;175
195;176
195;177
195;178
195;179
195;180
195;181
195;182
195;183
195;184
195;185
195;186
195;187
195;188
195;189
195;190
195;191
195;192
195;193
195;194
195;195
195;196
196;0
196;1
196;2
196;3
196;4
196;5
196;6
196;7
196;8
196;9
196;10
196;11
196;12
196;13
196;14
196;15
196;16
196;17
196;18
196;19
196;20
196;21
196;22
196;23
196;24
196;25
196;26
196;27
196;28
196;29
196;30
196;31
196;32
196;33
196;34
196;35
196;36
196;37
196;38
196;39
196;40
196;41
196;42
196;43
196;44
196;105
196;106
196;107
196;108
196;109
196;110
196;111
196;112
196;113
196;114
196;115
196;116
196;117
196;118
196;119
196;120
196;121
196;122
196;123
196;124
196;125
196;126
196;127
196;128
196;129
196;130
196;131
196;132
196;133
196;134
196;135
196;136
196;137
196;138
196;139
196;140
196;141
196;142
196;143
196;144
196;145
196;146
196;147
196;148
196;149
196;150
196;151
196;152
196;153
196;154
196;155
196;156
196;157
196;158
196;159
196;160
196;161
196;162
196;163
196;164
196;165
196;166
196;167
196;168
196;169
196;170
196;171
196;172
196;173
196;174
196;175
196;176
196;177
196;178
196;179
196;180
196;181
196;182
196;183
196;184
196;185
196;186
196;187
196;188
196;189
196;190
196;191
196;192
196;193
196;194
196;195
196;196
197;0
197;1
197;2
197;3
197;4
197;5
197;6
197;7
197;8
197;9
197;10
197;11
197;12
197;13
197;14
197;15
197;16
197;17
197;18
197;19
197;20
197;21
197;22
197;23
197;24
197;25
197;26
197;27
197;28
197;29
197;30
197;31
197;32
197;33
197;34
197;35
197;36
197;37
197;38
197;39
197;40
197;41
197;42
197;43
197;44
197;45
197;105
197;106
197;107
197;108
197;109
197;110
197;111
197;112
197;113
197;114
197;115
197;116
197;117
197;118
197;119
197;120
197;121
197;122
197;123
197;124
197;125
197;126
197;127
197;128
197;129
197;130
197;131
197;132
197;133
197;134
197;135
197;136
197;137
197;138
197;139
197;140
197;141
197;142
197;143
197;144
197;145
197;146
197;147
197;148
197;149
197;150
197;151
197;152
197;153
197;154
197;155
197;156
197;157
197;158
197;159
197;160
197;161
197;162
197;163
197;164
197;165
197;166
197;167
197;168
197;169
197;170
197;171
197;172
197;173
197;174
197;175
197;176
197;177
197;178
197;179
197;180
197;181
197;182
197;183
197;184
197;185
197;186
197;187
197;188
197;189
197;190
197;191
197;192
197;193
197;194
197;195
197;196
198;0
198;1
198;2
198;3
198;4
198;5
198;6
198;7
198;8
198;9
198;10
198;11
198;12
198;13
198;14
198;15
198;16
198;17
198;18
198;19
198;20
198;21
198;22
198;23
198;24
198;25
198;26
198;27
198;28
198;29
198;30
198;31
198;32
198;33
198;34
198;35
198;36
198;37
198;38
198;39
198;40
198;41
198;42
198;43
198;44
198;45
198;105
198;106
198;107
198;108
198;109
198;110
198;111
198;112
198;113
198;114
198;115
198;116
198;117
198;118
198;119
198;120
198;121
198;122
198;123
198;124
198;125
198;126
198;127
198;128
198;129
198;130
198;131
198;132
198;133
198;134
198;135
198;136
198;137
198;138
198;139
198;140
198;141
198;142
198;143
198;144
198;145
198;146
198;147
198;148
198;149
198;150
198;151
198;152
198;153
198;154
198;155
198;156
198;157
198;158
198;159
198;160
198;161
198;162
198;163
198;164
198;165
198;166
198;167
198;168
198;169
198;170
198;171
198;172
198;173
198;174
198;175
198;176
198;177
198;178
198;179
198;180
198;181
198;182
198;183
198;184
198;185
198;186
198;187
198;188
198;189
198;190
198;191
198;192
198;193
198;194
198;195
198;196
199;0
199;1
199;2
199;3
199;4
199;5
199;6
199;7
199;8
199;9
199;10
199;11
199;12
199;13
199;14
199;15
199;16
199;17
199;18
199;19
199;20
199;21
199;22
199;23
199;24
199;25
199;26
199;27
199;28
199;29
199;30
199;31
199;32
199;33
199;34
199;35
199;36
199;37
199;38
199;39
199;40
199;41
199;42
199;43
199;44
199;45
199;46
199;105
199;106
199;107
199;108
199;109
199;110
199;111
199;112
199;113
199;114
199;115
199;116
199;117
199;118
199;119
199;120
199;121
199;122
199;123
199;124
199;125
199;126
199;127
199;128
199;129
199;130
199;131
199;132
199;133
199;134
199;135
199;136
199;137
199;138
199;139
199;140
199;141
199;142
199;143
199;144
199;145
199;146
199;147
199;148
199;149
199;150
199;151
199;152
199;153
199;154
199;155
199;156
199;157
199;158
199;159
199;160
199;161
199;162
199;163
199;164
199;165
199;166
199;167
199;168
199;169
199;170
199;171
199;172
199;173
199;174
199;175
199;176
199;177
199;178
199;179
199;180
199;181
199;182
199;183
199;184
199;185
199;186
199;187
199;188
199;189
199;190
199;191
199;192
199;193
199;194
199;195
199;196
200;0
200;1
200;2
200;3
200;4
200;5
200;6
200;7
200;8
200;9
200;10
200;11
200;12
200;13
200;14
200;15
200;16
200;17
200;18
200;19
200;20
200;21
200;22
200;23
200;24
200;25
200;26
200;27
200;28
200;29
200;30
200;31
200;32
200;33
200;34
200;35
200;36
200;37
200;38
200;39
200;40
200;41
200;42
200;43
200;44
200;45
200;46
200;47
200;105
200;106
200;107
200;108
200;109
200;110
200;111
200;112
200;113
200;114
200;115
200;116
200;117
200;118
200;119
200;120
200;121
200;122
200;123
200;124
200;125
200;126
200;127
200;128
200;129
200;130
200;131
200;132
200;133
200;134
200;135
200;136
200;137
200;138
200;139
200;140
200;141
200;142
200;143
200;144
200;145
200;146
200;147
200;148
200;149
200;150
200;151
200;152
200;153
200;154
200;155
200;156
200;157
200;158
200;159
200;160
200;161
200;162
200;163
200;164
200;165
200;166
200;167
200;168
200;169
200;170
200;171
200;172
200;173
200;174
200;175
200;176
200;177
200;178
200;179
200;180
200;181
200;182
200;183
200;184
200;185
200;186
200;187
200;188
200;189
200;190
200;191
200;192
200;193
200;194
200;195
200;196
201;0
201;1
201;2
201;3
201;4
201;5
201;6
201;7
201;8
201;9
201;10
201;11
201;12
201;13
201;14
201;15
201;16
201;17
201;18
201;19
201;20
201;21
201;22
201;23
201;24
201;25
201;26
201;27
201;28
201;29
201;30
201;31
201;32
201;33
201;34
201;35
201;36
201;37
201;38
201;39
201;40
201;41
201;42
201;43
201;44
201;45
201;46
201;47
201;105
201;106
201;107
201;108
201;109
201;110
201;111
201;112
201;113
201;114
201;115
201;116
201;117
201;118
201;119
201;120
201;121
201;122
201;123
201;124
201;125
201;126
201;127
201;128
201;129
201;130
201;131
201;132
201;133
201;134
201;135
201;136
201;137
201;138
201;139
201;140
201;141
201;142
201;143
201;144
201;145
201;146
201;147
201;148
201;149
201;150
201;151
201;152
201;153
201;154
201;155
201;156
201;157
201;158
201;159
201;160
201;161
201;162
201;163
201;164
201;165
201;166
201;167
201;168
201;169
201;170
201;171
201;172
201;173
201;174
201;175
201;176
201;177
201;178
201;179
201;180
201;181
201;182
201;183
201;184
201;185
201;186
201;187
201;188
201;189
201;190
201;191
201;192
201;193
201;194
201;195
201;196
202;0
202;1
202;2
202;3
202;4
202;5
202;6
202;7
202;8
202;9
202;10
202;11
202;12
202;13
202;14
202;15
202;16
202;17
202;18
202;19
202;20
202;21
202;22
202;23
202;24
202;25
202;26
202;27
202;28
202;29
202;30
202;31
202;32
202;33
202;34
202;35
202;36
202;37
202;38
202;39
202;40
202;41
202;42
202;43
202;44
202;45
202;46
202;47
202;48
202;105
202;106
202;107
202;108
202;109
202;110
202;111
202;112
202;113
202;114
202;115
202;116
202;117
202;118
202;119
202;120
202;121
202;122
202;123
202;124
202;125
202;126
202;127
202;128
202;129
202;130
202;131
202;132
202;133
202;134
202;135
202;136
202;137
202;138
202;139
202;140
202;141
202;142
202;143
202;144
202;145
202;146
202;147
202;148
202;149
202;150
202;151
202;152
202;153
202;154
202;155
202;156
202;157
202;158
202;159
202;160
202;161
202;162
202;163
202;164
202;165
202;166
202;167
202;168
202;169
202;170
202;171
202;172
202;173
202;174
202;175
202;176
202;177
202;178
202;179
202;180
202;181
202;182
202;183
202;184
202;185
202;186
202;187
202;188
202;189
202;190
202;191
202;192
202;193
202;194
202;195
202;196
203;0
203;1
203;2
203;3
203;4
203;5
203;6
203;7
203;8
203;9
203;10
203;11
203;12
203;13
203;14
203;15
203;16
203;17
203;18
203;19
203;20
203;21
203;22
203;23
203;24
203;25
203;26
203;27
203;28
203;29
203;30
203;31
203;32
203;33
203;34
203;35
203;36
203;37
203;38
203;39
203;40
203;41
203;42
203;43
203;44
203;45
203;46
203;47
203;48
203;105
203;106
203;107
203;108
203;109
203;110
203;111
203;112
203;113
203;114
203;115
203;116
203;117
203;118
203;119
203;120
203;121
203;122
203;123
203;124
203;125
203;126
203;127
203;128
203;129
203;130
203;131
203;132
203;133
203;134
203;135
203;136
203;137
203;138
203;139
203;140
203;141
203;142
203;143
203;144
203;145
203;146
203;147
203;148
203;149
203;150
203;151
203;152
203;153
203;154
203;155
203;156
203;157
203;158
203;159
203;160
203;161
203;162
203;163
203;164
203;165
203;166
203;167
203;168
203;169
203;170
203;171
203;172
203;173
203;174
203;175
203;176
203;177
203;178
203;179
203;180
203;181
203;182
203;183
203;184
203;185
203;186
203;187
203;188
203;189
203;190
203;191
203;192
203;193
203;194
203;195
203;196
204;0
204;1
204;2
204;3
204;4
204;5
204;6
204;7
204;8
204;9
204;10
204;11
204;12
204;13
204;14
204;15
204;16
204;17
204;18
204;19
204;20
204;21
204;22
204;23
204;24
204;25
204;26
204;27
204;28
204;29
204;30
204;31
204;32
204;33
204;34
204;35
204;36
204;37
204;38
204;39
204;40
204;41
204;42
204;43
204;44
204;45
204;46
204;47
204;48
204;49
204;105
204;106
204;107
204;108
204;109
204;110
204;111
204;112
204;113
204;114
204;115
204;116
204;117
204;118
204;119
204;120
204;121
204;122
204;123
204;124
204;125
204;126
204;127
204;128
204;129
204;130
204;131
204;132
204;133
204;134
204;135
204;136
204;137
204;138
204;139
204;140
204;141
204;142
204;143
204;144
204;145
204;146
204;147
204;148
204;149
204;150
204;151
204;152
204;153
204;154
204;155
204;156
204;157
204;158
204;159
204;160
204;161
204;162
204;163
204;164
204;165
204;166
204;167
204;168
204;169
204;170
204;171
204;172
204;173
204;174
204;175
204;176
204;177
204;178
204;179
204;180
204;181
204;182
204;183
204;184
204;185
204;186
204;187
204;188
204;189
204;190
204;191
204;192
204;193
204;194
204;195
204;196
205;0
205;1
205;2
205;3
205;4
205;5
205;6
205;7
205;8
205;9
205;10
205;11
205;12
205;13
205;14
205;15
205;16
205;17
205;18
205;19
205;20
205;21
205;22
205;23
205;24
205;25
205;26
205;27
205;28
205;29
205;30
205;31
205;32
205;33
205;34
205;35
205;36
205;37
205;38
205;39
205;40
205;41
205;42
205;43
205;44
205;45
205;46
205;47
205;48
205;49
205;105
205;106
205;107
205;108
205;109
205;110
205;111
205;112
205;113
205;114
205;115
205;116
205;117
205;118
205;119
205;120
205;121
205;122
205;123
205;124
205;125
205;126
205;127
205;128
205;129
205;130
205;131
205;132
205;133
205;134
205;135
205;136
205;137
205;138
205;139
205;140
205;141
205;142
205;143
205;144
205;145
205;146
205;147
205;148
205;149
205;150
205;151
205;152
205;153
205;154
205;155
205;156
205;157
205;158
205;159
205;160
205;161
205;162
205;163
205;164
205;165
205;166
205;167
205;168
205;169
205;170
205;171
205;172
205;173
205;174
205;175
205;176
205;177
205;178
205;179
205;180
205;181
205;182
205;183
205;184
205;185
205;186
205;187
205;188
205;189
205;190
205;191
205;192
205;193
205;194
205;195
205;196
206;0
206;1
206;2
206;3
206;4
206;5
206;6
206;7
206;8
206;9
206;10
206;11
206;12
206;13
206;14
206;15
206;16
206;17
206;18
206;19
206;20
206;21
206;22
206;23
206;24
206;25
206;26
206;27
206;28
206;29
206;30
206;31
206;32
206;33
206;34
206;35
206;36
206;37
206;38
206;39
206;40
206;41
206;42
206;43
206;44
206;45
206;46
206;47
206;48
206;49
206;50
206;105
206;106
206;107
206;108
206;109
206;110
206;111
206;112
206;113
206;114
206;115
206;116
206;117
206;118
206;119
206;120
206;121
206;122
206;123
206;124
206;125
206;126
206;127
206;128
206;129
206;130
206;131
206;132
206;133
206;134
206;135
206;136
206;137
206;138
206;139
206;140
206;141
206;142
206;143
206;144
206;145
206;146
206;147
206;148
206;149
206;150
206;151
206;152
206;153
206;154
206;155
206;156
206;157
206;158
206;159
206;160
206;161
206;162
206;163
206;164
206;165
206;166
206;167
206;168
206;169
206;170
206;171
206;172
206;173
206;174
206;175
206;176
206;177
206;178
206;179
206;180
206;181
206;182
206;183
206;184
206;185
206;186
206;187
206;188
206;189
206;190
206;191
206;192
206;193
206;194
206;195
206;196
207;0
207;1
207;2
207;3
207;4
207;5
207;6
207;7
207;8
207;9
207;10
207;11
207;12
207;13
207;14
207;15
207;16
207;17
207;18
207;19
207;20
207;21
207;22
207;23
207;24
207;25
207;26
207;27
207;28
207;29
207;30
207;31
207;32
207;33
207;34
207;35
207;36
207;37
207;38
207;39
207;40
207;41
207;42
207;43
207;44
207;45
207;46
207;47
207;48
207;49
207;50
207;105
207;106
207;107
207;108
207;109
207;110
207;111
207;112
207;113
207;114
207;115
207;116
207;117
207;118
207;119
207;120
207;121
207;122
207;123
207;124
207;125
207;126
207;127
207;128
207;129
207;130
207;131
207;132
207;133
207;134
207;135
207;136
207;137
207;138
207;139
207;140
207;141
207;142
207;143
207;144
207;145
207;146
207;147
207;148
207;149
207;150
207;151
207;152
207;153
207;154
207;155
207;156
207;157
207;158
207;159
207;160
207;161
207;162
207;163
207;164
207;165
207;166
207;167
207;168
207;169
207;170
207;171
207;172
207;173
207;174
207;175
207;176
207;177
207;178
207;179
207;180
207;181
207;182
207;183
207;184
207;185
207;186
207;187
207;188
207;189
207;190
207;191
207;192
207;193
207;194
207;195
207;196
208;0
208;1
208;2
208;3
208;4
208;5
208;6
208;7
208;8
208;9
208;10
208;11
208;12
208;13
208;14
208;15
208;16
208;17
208;18
208;19
208;20
208;21
208;22
208;23
208;24
208;25
208;26
208;27
208;28
208;29
208;30
208;31
208;32
208;33
208;34
208;35
208;36
208;37
208;38
208;39
208;40
208;41
208;42
208;43
208;44
208;45
208;46
208;47
208;48
208;49
208;50
208;51
208;105
208;106
208;107
208;108
208;109
208;110
208;111
208;112
208;113
208;114
208;115
208;116
208;117
208;118
208;119
208;120
208;121
208;122
208;123
208;124
208;125
208;126
208;127
208;128
208;129
208;130
208;131
208;132
208;133
208;134
208;135
208;136
208;137
208;138
208;139
208;140
208;141
208;142
208;143
208;144
208;145
208;146
208;147
208;148
208;149
208;150
208;151
208;152
208;153
208;154
208;155
208;156
208;157
208;158
208;159
208;160
208;161
208;162
208;163
208;164
208;165
208;166
208;167
208;168
208;169
208;170
208;171
208;172
208;173
208;174
208;175
208;176
208;177
208;178
208;179
208;180
208;181
208;182
208;183
208;184
208;185
208;186
208;187
208;188
208;189
208;190
208;191
208;192
208;193
208;194
208;195
209;0
209;1
209;2
209;3
209;4
209;5
209;6
209;7
209;8
209;9
209;10
209;11
209;12
209;13
209;14
209;15
209;16
209;17
209;18
209;19
209;20
209;21
209;22
209;23
209;24
209;25
209;26
209;27
209;28
209;29
209;30
209;31
209;32
209;33
209;34
209;35
209;36
209;37
209;38
209;39
209;40
209;41
209;42
209;43
209;44
209;45
209;46
209;47
209;48
209;49
209;50
209;51
209;105
209;106
209;107
209;108
209;109
209;110
209;111
209;112
209;113
209;114
209;115
209;116
209;117
209;118
209;119
209;120
209;121
209;122
209;123
209;124
209;125
209;126
209;127
209;128
209;129
209;130
209;131
209;132
209;133
209;134
209;135
209;136
209;137
209;138
209;139
209;140
209;141
209;142
209;143
209;144
209;145
209;146
209;147
209;148
209;149
209;150
209;151
209;152
209;153
209;154
209;155
209;156
209;157
209;158
209;159
209;160
209;161
209;162
209;163
209;164
209;165
209;166
209;167
209;168
209;169
209;170
209;171
209;172
209;173
209;174
209;175
209;176
209;177
209;178
209;179
209;180
209;181
209;182
209;183
209;184
209;185
209;186
209;187
209;188
209;189
209;190
209;191
209;192
209;193
209;194
209;195
210;0
210;1
210;2
210;3
210;4
210;5
210;6
210;7
210;8
210;9
210;10
210;11
210;12
210;13
210;14
210;15
210;16
210;17
210;18
210;19
210;20
210;21
210;22
210;23
210;24
210;25
210;26
210;27
210;28
210;29
210;30
210;31
210;32
210;33
210;34
210;35
210;36
210;37
210;38
210;39
210;40
210;41
210;42
210;43
210;44
210;45
210;46
210;47
210;48
210;49
210;50
210;51
210;106
210;107
210;108
210;109
210;110
210;111
210;112
210;113
210;114
210;115
210;116
210;117
210;118
210;119
210;120
210;121
210;122
210;123
210;124
210;125
210;126
210;127
210;128
210;129
210;130
210;131
210;132
210;133
210;134
210;135
210;136
210;137
210;138
210;139
210;140
210;141
210;142
210;143
210;144
210;145
210;146
210;147
210;148
210;149
210;150
210;151
210;152
210;153
210;154
210;155
210;156
210;157
210;158
210;159
210;160
210;161
210;162
210;163
210;164
210;165
210;166
210;167
210;168
210;169
210;170
210;171
210;172
210;173
210;174
210;175
210;176
210;177
210;178
210;179
210;180
210;181
210;182
210;183
210;184
210;185
210;186
210;187
210;188
210;189
210;190
210;191
210;192
210;193
210;194
210;195
211;0
211;1
211;2
211;3
211;4
211;5
211;6
211;7
211;8
211;9
211;10
211;11
211;12
211;13
211;14
211;15
211;16
211;17
211;18
211;19
211;20
211;21
211;22
211;23
211;24
211;25
211;26
211;27
211;28
211;29
211;30
211;31
211;32
211;33
211;34
211;35
211;36
211;37
211;38
211;39
211;40
211;41
211;42
211;43
211;44
211;45
211;46
211;47
211;48
211;49
211;50
211;51
211;52
211;106
211;107
211;108
211;109
211;110
211;111
211;112
211;113
211;114
211;115
211;116
211;117
211;118
211;119
211;120
211;121
211;122
211;123
211;124
211;125
211;126
211;127
211;128
211;129
211;130
211;131
211;132
211;133
211;134
211;135
211;136
211;137
211;138
211;139
211;140
211;141
211;142
211;143
211;144
211;145
211;146
211;147
211;148
211;149
211;150
211;151
211;152
211;153
211;154
211;155
211;156
211;157
211;158
211;159
211;160
211;161
211;162
211;163
211;164
211;165
211;166
211;167
211;168
211;169
211;170
211;171
211;172
211;173
211;174
211;175
211;176
211;177
211;178
211;179
211;180
211;181
211;182
211;183
211;184
211;185
211;186
211;187
211;188
211;189
211;190
211;191
211;192
211;193
211;194
211;195
212;0
212;1
212;2
212;3
212;4
212;5
212;6
212;7
212;8
212;9
212;10
212;11
212;12
212;13
212;14
212;15
212;16
212;17
212;18
212;19
212;20
212;21
212;22
212;23
212;24
212;25
212;26
212;27
212;28
212;29
212;30
212;31
212;32
212;33
212;34
212;35
212;36
212;37
212;38
212;39
212;40
212;41
212;42
212;43
212;44
212;45
212;46
212;47
212;48
212;49
212;50
212;51
212;52
212;106
212;107
212;108
212;109
212;110
212;111
212;112
212;113
212;114
212;115
212;116
212;117
212;118
212;119
212;120
212;121
212;122
212;123
212;124
212;125
212;126
212;127
212;128
212;129
212;130
212;131
212;132
212;133
212;134
212;135
212;136
212;137
212;138
212;139
212;140
212;141
212;142
212;143
212;144
212;145
212;146
212;147
212;148
212;149
212;150
212;151
212;152
212;153
212;154
212;155
212;156
212;157
212;158
212;159
212;160
212;161
212;162
212;163
212;164
212;165
212;166
212;167
212;168
212;169
212;170
212;171
212;172
212;173
212;174
212;175
212;176
212;177
212;178
212;179
212;180
212;181
212;182
212;183
212;184
212;185
212;186
212;187
212;188
212;189
212;190
212;191
212;192
212;193
212;194
213;0
213;1
213;2
213;3
213;4
213;5
213;6
213;7
213;8
213;9
213;10
213;11
213;12
213;13
213;14
213;15
213;16
213;17
213;18
213;19
213;20
213;21
213;22
213;23
213;24
213;25
213;26
213;27
213;28
213;29
213;30
213;31
213;32
213;33
213;34
213;35
213;36
213;37
213;38
213;39
213;40
213;41
213;42
213;43
213;44
213;45
213;46
213;47
213;48
213;49
213;50
213;51
213;52
213;106
213;107
213;108
213;109
213;110
213;111
213;112
213;113
213;114
213;115
213;116
213;117
213;118
213;119
213;120
213;121
213;122
213;123
213;124
213;125
213;126
213;127
213;128
213;129
213;130
213;131
213;132
213;133
213;134
213;135
213;136
213;137
213;138
213;139
213;140
213;141
213;142
213;143
213;144
213;145
213;146
213;147
213;148
213;149
213;150
213;151
213;152
213;153
213;154
213;155
213;156
213;157
213;158
213;159
213;160
213;161
213;162
213;163
213;164
213;165
213;166
213;167
213;168
213;169
213;170
213;171
213;172
213;173
213;174
213;175
213;176
213;177
213;178
213;179
213;180
213;181
213;182
213;183
213;184
213;185
213;186
213;187
213;188
213;189
213;190
213;191
213;192
213;193
213;194
214;0
214;1
214;2
214;3
214;4
214;5
214;6
214;7
214;8
214;9
214;10
214;11
214;12
214;13
214;14
214;15
214;16
214;17
214;18
214;19
214;20
214;21
214;22
214;23
214;24
214;25
214;26
214;27
214;28
214;29
214;30
214;31
214;32
214;33
214;34
214;35
214;36
214;37
214;38
214;39
214;40
214;41
214;42
214;43
214;44
214;45
214;46
214;47
214;48
214;49
214;50
214;51
214;52
214;53
214;107
214;108
214;109
214;110
214;111
214;112
214;113
214;114
214;115
214;116
214;117
214;118
214;119
214;120
214;121
214;122
214;123
214;124
214;125
214;126
214;127
214;128
214;129
214;130
214;131
214;132
214;133
214;134
214;135
214;136
214;137
214;138
214;139
214;140
214;141
214;142
214;143
214;144
214;145
214;146
214;147
214;148
214;149
214;150
214;151
214;152
214;153
214;154
214;155
214;156
214;157
214;158
214;159
214;160
214;161
214;162
214;163
214;164
214;165
214;166
214;167
214;168
214;169
214;170
214;171
214;172
214;173
214;174
214;175
214;176
214;177
214;178
214;179
214;180
214;181
214;182
214;183
214;184
214;185
214;186
214;187
214;188
214;189
214;190
214;191
214;192
214;193
214;194
215;0
215;1
215;2
215;3
215;4
215;5
215;6
215;7
215;8
215;9
215;10
215;11
215;12
215;13
215;14
215;15
215;16
215;17
215;18
215;19
215;20
215;21
215;22
215;23
215;24
215;25
215;26
215;27
215;28
215;29
215;30
215;31
215;32
215;33
215;34
215;35
215;36
215;37
215;38
215;39
215;40
215;41
215;42
215;43
215;44
215;45
215;46
215;47
215;48
215;49
215;50
215;51
215;52
215;53
215;107
215;108
215;109
215;110
215;111
215;112
215;113
215;114
215;115
215;116
215;117
215;118
215;119
215;120
215;121
215;122
215;123
215;124
215;125
215;126
215;127
215;128
215;129
215;130
215;131
215;132
215;133
215;134
215;135
215;136
215;137
215;138
215;139
215;140
215;141
215;142
215;143
215;144
215;145
215;146
215;147
215;148
215;149
215;150
215;151
215;152
215;153
215;154
215;155
215;156
215;157
215;158
215;159
215;160
215;161
215;162
215;163
215;164
215;165
215;166
215;167
215;168
215;169
215;170
215;171
215;172
215;173
215;174
215;175
215;176
215;177
215;178
215;179
215;180
215;181
215;182
215;183
215;184
215;185
215;186
215;187
215;188
215;189
215;190
215;191
215;192
215;193
215;194
216;0
216;1
216;2
216;3
216;4
216;5
216;6
216;7
216;8
216;9
216;10
216;11
216;12
216;13
216;14
216;15
216;16
216;17
216;18
216;19
216;20
216;21
216;22
216;23
216;24
216;25
216;26
216;27
216;28
216;29
216;30
216;31
216;32
216;33
216;34
216;35
216;36
216;37
216;38
216;39
216;40
216;41
216;42
216;43
216;44
216;45
216;46
216;47
216;48
216;49
216;50
216;51
216;52
216;53
216;107
216;108
216;109
216;110
216;111
216;112
216;113
216;114
216;115
216;116
216;117
216;118
216;119
216;120
216;121
216;122
216;123
216;124
216;125
216;126
216;127
216;128
216;129
216;130
216;131
216;132
216;133
216;134
216;135
216;136
216;137
216;138
216;139
216;140
216;141
216;142
216;143
216;144
216;145
216;146
216;147
216;148
216;149
216;150
216;151
216;152
216;153
216;154
216;155
216;156
216;157
216;158
216;159
216;160
216;161
216;162
216;163
216;164
216;165
216;166
216;167
216;168
216;169
216;170
216;171
216;172
216;173
216;174
216;175
216;176
216;177
216;178
216;179
216;180
216;181
216;182
216;183
216;184
216;185
216;186
216;187
216;188
216;189
216;190
216;191
216;192
216;193
217;0
217;1
217;2
217;3
217;4
217;5
217;6
217;7
217;8
217;9
217;10
217;11
217;12
217;13
217;14
217;15
217;16
217;17
217;18
217;19
217;20
217;21
217;22
217;23
217;24
217;25
217;26
217;27
217;28
217;29
217;30
217;31
217;32
217;33
217;34
217;35
217;36
217;37
217;38
217;39
217;40
217;41
217;42
217;43
217;44
217;45
217;46
217;47
217;48
217;49
217;50
217;51
217;52
217;53
217;108
217;109
217;110
217;111
217;112
217;113
217;114
217;115
217;116
217;117
217;118
217;119
217;120
217;121
217;122
217;123
217;124
217;125
217;126
217;127
217;128
217;129
217;130
217;131
217;132
217;133
217;134
217;135
217;136
217;137
217;138
217;139
217;140
217;141
217;142
217;143
217;144
217;145
217;146
217;147
217;148
217;149
217;150
217;151
217;152
217;153
217;154
217;155
217;156
217;157
217;158
217;159
217;160
217;161
217;162
217;163
217;164
217;165
217;166
217;167
217;168
217;169
217;170
217;171
217;172
217;173
217;174
217;175
217;176
217;177
217;178
217;179
217;180
217;181
217;182
217;183
217;184
217;185
217;186
217;187
217;188
217;189
217;190
217;191
217;192
217;193
218;0
218;1
218;2
218;3
218;4
218;5
218;6
218;7
218;8
218;9
218;10
218;11
218;12
218;13
218;14
218;15
218;16
218;17
218;18
218;19
218;20
218;21
218;22
218;23
218;24
218;25
218;26
218;27
218;28
218;29
218;30
218;31
218;32
218;33
218;34
218;35
218;36
218;37
218;38
218;39
218;40
218;41
218;42
218;43
218;44
218;45
218;46
218;47
218;48
218;49
218;50
218;51
218;52
218;53
218;108
218;109
218;110
218;111
218;112
218;113
218;114
218;115
218;116
218;117
218;118
218;119
218;120
218;121
218;122
218;123
218;124
218;125
218;126
218;127
218;128
218;129
218;130
218;131
218;132
218;133
218;134
218;135
218;136
218;137
218;138
218;139
218;140
218;141
218;142
218;143
218;144
218;145
218;146
218;147
218;148
218;149
218;150
218;151
218;152
218;153
218;154
218;155
218;156
218;157
218;158
218;159
218;160
218;161
218;162
218;163
218;164
218;165
218;166
218;167
218;168
218;169
218;170
218;171
218;172
218;173
218;174
218;175
218;176
218;177
218;178
218;179
218;180
218;181
218;182
218;183
218;184
218;185
218;186
218;187
218;188
218;189
218;190
218;191
218;192
219;0
219;1
219;2
219;3
219;4
219;5
219;6
219;7
219;8
219;9
219;10
219;11
219;12
219;13
219;14
219;15
219;16
219;17
219;18
219;19
219;20
219;21
219;22
219;23
219;24
219;25
219;26
219;27
219;28
219;29
219;30
219;31
219;32
219;33
219;34
219;35
219;36
219;37
219;38
219;39
219;40
219;41
219;42
219;43
219;44
219;45
219;46
219;47
219;48
219;49
219;50
219;51
219;52
219;53
219;109
219;110
219;111
219;112
219;113
219;114
219;115
219;116
219;117
219;118
219;119
219;120
219;121
219;122
219;123
219;124
219;125
219;126
219;127
219;128
219;129
219;130
219;131
219;132
219;133
219;134
219;135
219;136
219;137
219;138
219;139
219;140
219;141
219;142
219;143
219;144
219;145
219;146
219;147
219;148
219;149
219;150
219;151
219;152
219;153
219;154
219;155
219;156
219;157
219;158
219;159
219;160
219;161
219;162
219;163
219;164
219;165
219;166
219;167
219;168
219;169
219;170
219;171
219;172
219;173
219;174
219;175
219;176
219;177
219;178
219;179
219;180
219;181
219;182
219;183
219;184
219;185
219;186
219;187
219;188
219;189
219;190
219;191
219;192
220;0
220;1
220;2
220;3
220;4
220;5
220;6
220;7
220;8
220;9
220;10
220;11
220;12
220;13
220;14
220;15
220;16
220;17
220;18
220;19
220;20
220;21
220;22
220;23
220;24
220;25
220;26
220;27
220;28
220;29
220;30
220;31
220;32
220;33
220;34
220;35
220;36
220;37
220;38
220;39
220;40
220;41
220;42
220;43
220;44
220;45
220;46
220;47
220;48
220;49
220;50
220;51
220;52
220;53
220;54
220;109
220;110
220;111
220;112
220;113
220;114
220;115
220;116
220;117
220;118
220;119
220;120
220;121
220;122
220;123
220;124
220;125
220;126
220;127
220;128
220;129
220;130
220;131
220;132
220;133
220;134
220;135
220;136
220;137
220;138
220;139
220;140
220;141
220;142
220;143
220;144
220;145
220;146
220;147
220;148
220;149
220;150
220;151
220;152
220;153
220;154
220;155
220;156
220;157
220;158
220;159
220;160
220;161
220;162
220;163
220;164
220;165
220;166
220;167
220;168
220;169
220;170
220;171
220;172
220;173
220;174
220;175
220;176
220;177
220;178
220;179
220;180
220;181
220;182
220;183
220;184
220;185
220;186
220;187
220;188
220;189
220;190
220;191
220;192
221;0
221;1
221;2
221;3
221;4
221;5
221;6
221;7
221;8
221;9
221;10
221;11
221;12
221;13
221;14
221;15
221;16
221;17
221;18
221;19
221;20
221;21
221;22
221;23
221;24
221;25
221;26
221;27
221;28
221;29
221;30
221;31
221;32
221;33
221;34
221;35
221;36
221;37
221;38
221;39
221;40
221;41
221;42
221;43
221;44
221;45
221;46
221;47
221;48
221;49
221;50
221;51
221;52
221;53
221;54
221;110
221;111
221;112
221;113
221;114
221;115
221;116
221;117
221;118
221;119
221;120
221;121
221;122
221;123
221;124
221;125
221;126
221;127
221;128
221;129
221;130
221;131
221;132
221;133
221;134
221;135
221;136
221;137
221;138
221;139
221;140
221;141
221;142
221;143
221;144
221;145
221;146
221;147
221;148
221;149
221;150
221;151
221;152
221;153
221;154
221;155
221;156
221;157
221;158
221;159
221;160
221;161
221;162
221;163
221;164
221;165
221;166
221;167
221;168
221;169
221;170
221;171
221;172
221;173
221;174
221;175
221;176
221;177
221;178
221;179
221;180
221;181
221;182
221;183
221;184
221;185
221;186
221;187
221;188
221;189
221;190
221;191
222;0
222;1
222;2
222;3
222;4
222;5
222;6
222;7
222;8
222;9
222;10
222;11
222;12
222;13
222;14
222;15
222;16
222;17
222;18
222;19
222;20
222;21
222;22
222;23
222;24
222;25
222;26
222;27
222;28
222;29
222;30
222;31
222;32
222;33
222;34
222;35
222;36
222;37
222;38
222;39
222;40
222;41
222;42
222;43
222;44
222;45
222;46
222;47
222;48
222;49
222;50
222;51
222;52
222;53
222;54
222;110
222;111
222;112
222;113
222;114
222;115
222;116
222;117
222;118
222;119
222;120
222;121
222;122
222;123
222;124
222;125
222;126
222;127
222;128
222;129
222;130
222;131
222;132
222;133
222;134
222;135
222;136
222;137
222;138
222;139
222;140
222;141
222;142
222;143
222;144
222;145
222;146
222;147
222;148
222;149
222;150
222;151
222;152
222;153
222;154
222;155
222;156
222;157
222;158
222;159
222;160
222;161
222;162
222;163
222;164
222;165
222;166
222;167
222;168
222;169
222;170
222;171
222;172
222;173
222;174
222;175
222;176
222;177
222;178
222;179
222;180
222;181
222;182
222;183
222;184
222;185
222;186
222;187
222;188
222;189
222;190
222;191
223;0
223;1
223;2
223;3
223;4
223;5
223;6
223;7
223;8
223;9
223;10
223;11
223;12
223;13
223;14
223;15
223;16
223;17
223;18
223;19
223;20
223;21
223;22
223;23
223;24
223;25
223;26
223;27
223;28
223;29
223;30
223;31
223;32
223;33
223;34
223;35
223;36
223;37
223;38
223;39
223;40
223;41
223;42
223;43
223;44
223;45
223;46
223;47
223;48
223;49
223;50
223;51
223;52
223;53
223;54
223;111
223;112
223;113
223;114
223;115
223;116
223;117
223;118
223;119
223;120
223;121
223;122
223;123
223;124
223;125
223;126
223;127
223;128
223;129
223;130
223;131
223;132
223;133
223;134
223;135
223;136
223;137
223;138
223;139
223;140
223;141
223;142
223;143
223;144
223;145
223;146
223;147
223;148
223;149
223;150
223;151
223;152
223;153
223;154
223;155
223;156
223;157
223;158
223;159
223;160
223;161
223;162
223;163
223;164
223;165
223;166
223;167
223;168
223;169
223;170
223;171
223;172
223;173
223;174
223;175
223;176
223;177
223;178
223;179
223;180
223;181
223;182
223;183
223;184
223;185
223;186
223;187
223;188
223;189
223;190
224;0
224;1
224;2
224;3
224;4
224;5
224;6
224;7
224;8
224;9
224;10
224;11
224;12
224;13
224;14
224;15
224;16
224;17
224;18
224;19
224;20
224;21
224;22
224;23
224;24
224;25
224;26
224;27
224;28
224;29
224;30
224;31
224;32
224;33
224;34
224;35
224;36
224;37
224;38
224;39
224;40
224;41
224;42
224;43
224;44
224;45
224;46
224;47
224;48
224;49
224;50
224;51
224;52
224;53
224;54
224;111
224;112
224;113
224;114
224;115
224;116
224;117
224;118
224;119
224;120
224;121
224;122
224;123
224;124
224;125
224;126
224;127
224;128
224;129
224;130
224;131
224;132
224;133
224;134
224;135
224;136
224;137
224;138
224;139
224;140
224;141
224;142
224;143
224;144
224;145
224;146
224;147
224;148
224;149
224;150
224;151
224;152
224;153
224;154
224;155
224;156
224;157
224;158
224;159
224;160
224;161
224;162
224;163
224;164
224;165
224;166
224;167
224;168
224;169
224;170
224;171
224;172
224;173
224;174
224;175
224;176
224;177
224;178
224;179
224;180
224;181
224;182
224;183
224;184
224;185
224;186
224;187
224;188
224;189
225;0
225;1
225;2
225;3
225;4
225;5
225;6
225;7
225;8
225;9
225;10
225;11
225;12
225;13
225;14
225;15
225;16
225;17
225;18
225;19
225;20
225;21
225;22
225;23
225;24
225;25
225;26
225;27
225;28
225;29
225;30
225;31
225;32
225;33
225;34
225;35
225;36
225;37
225;38
225;39
225;40
225;41
225;42
225;43
225;44
225;45
225;46
225;47
225;48
225;49
225;50
225;51
225;52
225;53
225;54
225;112
225;113
225;114
225;115
225;116
225;117
225;118
225;119
225;120
225;121
225;122
225;123
225;124
225;125
225;126
225;127
225;128
225;129
225;130
225;131
225;132
225;133
225;134
225;135
225;136
225;137
225;138
225;139
225;140
225;141
225;142
225;143
225;144
225;145
225;146
225;147
225;148
225;149
225;150
225;151
225;152
225;153
225;154
225;155
225;156
225;157
225;158
225;159
225;160
225;161
225;162
225;163
225;164
225;165
225;166
225;167
225;168
225;169
225;170
225;171
225;172
225;173
225;174
225;175
225;176
225;177
225;178
225;179
225;180
225;181
225;182
225;183
225;184
225;185
225;186
225;187
225;188
225;189
226;0
226;1
226;2
226;3
226;4
226;5
226;6
226;7
226;8
226;9
226;10
226;11
226;12
226;13
226;14
226;15
226;16
226;17
226;18
226;19
226;20
226;21
226;22
226;23
226;24
226;25
226;26
226;27
226;28
226;29
226;30
226;31
226;32
226;33
226;34
226;35
226;36
226;37
226;38
226;39
226;40
226;41
226;42
226;43
226;44
226;45
226;46
226;47
226;48
226;49
226;50
226;51
226;52
226;53
226;54
226;112
226;113
226;114
226;115
226;116
226;117
226;118
226;119
226;120
226;121
226;122
226;123
226;124
226;125
226;126
226;127
226;128
226;129
226;130
226;131
226;132
226;133
226;134
226;135
226;136
226;137
226;138
226;139
226;140
226;141
226;142
226;143
226;144
226;145
226;146
226;147
226;148
226;149
226;150
226;151
226;152
226;153
226;154
226;155
226;156
226;157
226;158
226;159
226;160
226;161
226;162
226;163
226;164
226;165
226;166
226;167
226;168
226;169
226;170
226;171
226;172
226;173
226;174
226;175
226;176
226;177
226;178
226;179
226;180
226;181
226;182
226;183
226;184
226;185
226;186
226;187
226;188
227;0
227;1
227;2
227;3
227;4
227;5
227;6
227;7
227;8
227;9
227;10
227;11
227;12
227;13
227;14
227;15
227;16
227;17
227;18
227;19
227;20
227;21
227;22
227;23
227;24
227;25
227;26
227;27
227;28
227;29
227;30
227;31
227;32
227;33
227;34
227;35
227;36
227;37
227;38
227;39
227;40
227;41
227;42
227;43
227;44
227;45
227;46
227;47
227;48
227;49
227;50
227;51
227;52
227;53
227;54
227;113
227;114
227;115
227;116
227;117
227;118
227;119
227;120
227;121
227;122
227;123
227;124
227;125
227;126
227;127
227;128
227;129
227;130
227;131
227;132
227;133
227;134
227;135
227;136
227;137
227;138
227;139
227;140
227;141
227;142
227;143
227;144
227;145
227;146
227;147
227;148
227;149
227;150
227;151
227;152
227;153
227;154
227;155
227;156
227;157
227;158
227;159
227;160
227;161
227;162
227;163
227;164
227;165
227;166
227;167
227;168
227;169
227;170
227;171
227;172
227;173
227;174
227;175
227;176
227;177
227;178
227;179
227;180
227;181
227;182
227;183
227;184
227;185
227;186
227;187
228;0
228;1
228;2
228;3
228;4
228;5
228;6
228;7
228;8
228;9
228;10
228;11
228;12
228;13
228;14
228;15
228;16
228;17
228;18
228;19
228;20
228;21
228;22
228;23
228;24
228;25
228;26
228;27
228;28
228;29
228;30
228;31
228;32
228;33
228;34
228;35
228;36
228;37
228;38
228;39
228;40
228;41
228;42
228;43
228;44
228;45
228;46
228;47
228;48
228;49
228;50
228;51
228;52
228;53
228;54
228;114
228;115
228;116
228;117
228;118
228;119
228;120
228;121
228;122
228;123
228;124
228;125
228;126
228;127
228;128
228;129
228;130
228;131
228;132
228;133
228;134
228;135
228;136
228;137
228;138
228;139
228;140
228;141
228;142
228;143
228;144
228;145
228;146
228;147
228;148
228;149
228;150
228;151
228;152
228;153
228;154
228;155
228;156
228;157
228;158
228;159
228;160
228;161
228;162
228;163
228;164
228;165
228;166
228;167
228;168
228;169
228;170
228;171
228;172
228;173
228;174
228;175
228;176
228;177
228;178
228;179
228;180
228;181
228;182
228;183
228;184
228;185
228;186
228;187
229;0
229;1
229;2
229;3
229;4
229;5
229;6
229;7
229;8
229;9
229;10
229;11
229;12
229;13
229;14
229;15
229;16
229;17
229;18
229;19
229;20
229;21
229;22
229;23
229;24
229;25
229;26
229;27
229;28
229;29
229;30
229;31
229;32
229;33
229;34
229;35
229;36
229;37
229;38
229;39
229;40
229;41
229;42
229;43
229;44
229;45
229;46
229;47
229;48
229;49
229;50
229;51
229;52
229;53
229;54
229;115
229;116
229;117
229;118
229;119
229;120
229;121
229;122
229;123
229;124
229;125
229;126
229;127
229;128
229;129
229;130
229;131
229;132
229;133
229;134
229;135
229;136
229;137
229;138
229;139
229;140
229;141
229;142
229;143
229;144
229;145
229;146
229;147
229;148
229;149
229;150
229;151
229;152
229;153
229;154
229;155
229;156
229;157
229;158
229;159
229;160
229;161
229;162
229;163
229;164
229;165
229;166
229;167
229;168
229;169
229;170
229;171
229;172
229;173
229;174
229;175
229;176
229;177
229;178
229;179
229;180
229;181
229;182
229;183
229;184
229;185
229;186
230;0
230;1
230;2
230;3
230;4
230;5
230;6
230;7
230;8
230;9
230;10
230;11
230;12
230;13
230;14
230;15
230;16
230;17
230;18
230;19
230;20
230;21
230;22
230;23
230;24
230;25
230;26
230;27
230;28
230;29
230;30
230;31
230;32
230;33
230;34
230;35
230;36
230;37
230;38
230;39
230;40
230;41
230;42
230;43
230;44
230;45
230;46
230;47
230;48
230;49
230;50
230;51
230;52
230;53
230;116
230;117
230;118
230;119
230;120
230;121
230;122
230;123
230;124
230;125
230;126
230;127
230;128
230;129
230;130
230;131
230;132
230;133
230;134
230;135
230;136
230;137
230;138
230;139
230;140
230;141
230;142
230;143
230;144
230;145
230;146
230;147
230;148
230;149
230;150
230;151
230;152
230;153
230;154
230;155
230;156
230;157
230;158
230;159
230;160
230;161
230;162
230;163
230;164
230;165
230;166
230;167
230;168
230;169
230;170
230;171
230;172
230;173
230;174
230;175
230;176
230;177
230;178
230;179
230;180
230;181
230;182
230;183
230;184
230;185
231;0
231;1
231;2
231;3
231;4
231;5
231;6
231;7
231;8
231;9
231;10
231;11
231;12
231;13
231;14
231;15
231;16
231;17
231;18
231;19
231;20
231;21
231;22
231;23
231;24
231;25
231;26
231;27
231;28
231;29
231;30
231;31
231;32
231;33
231;34
231;35
231;36
231;37
231;38
231;39
231;40
231;41
231;42
231;43
231;44
231;45
231;46
231;47
231;48
231;49
231;50
231;51
231;52
231;53
231;116
231;117
231;118
231;119
231;120
231;121
231;122
231;123
231;124
231;125
231;126
231;127
231;128
231;129
231;130
231;131
231;132
231;133
231;134
231;135
231;136
231;137
231;138
231;139
231;140
231;141
231;142
231;143
231;144
231;145
231;146
231;147
231;148
231;149
231;150
231;151
231;152
231;153
231;154
231;155
231;156
231;157
231;158
231;159
231;160
231;161
231;162
231;163
231;164
231;165
231;166
231;167
231;168
231;169
231;170
231;171
231;172
231;173
231;174
231;175
231;176
231;177
231;178
231;179
231;180
231;181
231;182
231;183
231;184
232;0
232;1
232;2
232;3
232;4
232;5
232;6
232;7
232;8
232;9
232;10
232;11
232;12
232;13
232;14
232;15
232;16
232;17
232;18
232;19
232;20
232;21
232;22
232;23
232;24
232;25
232;26
232;27
232;28
232;29
232;30
232;31
232;32
232;33
232;34
232;35
232;36
232;37
232;38
232;39
232;40
232;41
232;42
232;43
232;44
232;45
232;46
232;47
232;48
232;49
232;50
232;51
232;52
232;53
232;117
232;118
232;119
232;120
232;121
232;122
232;123
232;124
232;125
232;126
232;127
232;128
232;129
232;130
232;131
232;132
232;133
232;134
232;135
232;136
232;137
232;138
232;139
232;140
232;141
232;142
232;143
232;144
232;145
232;146
232;147
232;148
232;149
232;150
232;151
232;152
232;153
232;154
232;155
232;156
232;157
232;158
232;159
232;160
232;161
232;162
232;163
232;164
232;165
232;166
232;167
232;168
232;169
232;170
232;171
232;172
232;173
232;174
232;175
232;176
232;177
232;178
232;179
232;180
232;181
232;182
232;183
232;184
233;0
233;1
233;2
233;3
233;4
233;5
233;6
233;7
233;8
233;9
233;10
233;11
233;12
233;13
233;14
233;15
233;16
233;17
233;18
233;19
233;20
233;21
233;22
233;23
233;24
233;25
233;26
233;27
233;28
233;29
233;30
233;31
233;32
233;33
233;34
233;35
233;36
233;37
233;38
233;39
233;40
233;41
233;42
233;43
233;44
233;45
233;46
233;47
233;48
233;49
233;50
233;51
233;52
233;53
233;118
233;119
233;120
233;121
233;122
233;123
233;124
233;125
233;126
233;127
233;128
233;129
233;130
233;131
233;132
233;133
233;134
233;135
233;136
233;137
233;138
233;139
233;140
233;141
233;142
233;143
233;144
233;145
233;146
233;147
233;148
233;149
233;150
233;151
233;152
233;153
233;154
233;155
233;156
233;157
233;158
233;159
233;160
233;161
233;162
233;163
233;164
233;165
233;166
233;167
233;168
233;169
233;170
233;171
233;172
233;173
233;174
233;175
233;176
233;177
233;178
233;179
233;180
233;181
233;182
233;184
233;185
233;186
234;0
234;1
234;2
234;3
234;4
234;5
234;6
234;7
234;8
234;9
234;10
234;11
234;12
234;13
234;14
234;15
234;16
234;17
234;18
234;19
234;20
234;21
234;22
234;23
234;24
234;25
234;26
234;27
234;28
234;29
234;30
234;31
234;32
234;33
234;34
234;35
234;36
234;37
234;38
234;39
234;40
234;41
234;42
234;43
234;44
234;45
234;46
234;47
234;48
234;49
234;50
234;51
234;52
234;53
234;119
234;120
234;121
234;122
234;123
234;124
234;125
234;126
234;127
234;128
234;129
234;130
234;131
234;132
234;133
234;134
234;135
234;136
234;137
234;138
234;139
234;140
234;141
234;142
234;143
234;144
234;145
234;146
234;147
234;148
234;149
234;150
234;151
234;152
234;153
234;154
234;155
234;156
234;157
234;158
234;159
234;160
234;161
234;162
234;163
234;164
234;165
234;166
234;167
234;168
234;169
234;170
234;171
234;172
234;173
234;174
234;175
234;176
234;177
234;178
234;179
234;180
234;181
234;183
234;184
234;185
234;186
234;187
234;188
235;0
235;1
235;2
235;3
235;4
235;5
235;6
235;7
235;8
235;9
235;10
235;11
235;12
235;13
235;14
235;15
235;16
235;17
235;18
235;19
235;20
235;21
235;22
235;23
235;24
235;25
235;26
235;27
235;28
235;29
235;30
235;31
235;32
235;33
235;34
235;35
235;36
235;37
235;38
235;39
235;40
235;41
235;42
235;43
235;44
235;45
235;46
235;47
235;48
235;49
235;50
235;51
235;52
235;53
235;120
235;121
235;122
235;123
235;124
235;125
235;126
235;127
235;128
235;129
235;130
235;131
235;132
235;133
235;134
235;135
235;136
235;137
235;138
235;139
235;140
235;141
235;142
235;143
235;144
235;145
235;146
235;147
235;148
235;149
235;150
235;151
235;152
235;153
235;154
235;155
235;156
235;157
235;158
235;159
235;160
235;161
235;162
235;163
235;164
235;165
235;166
235;167
235;168
235;169
235;170
235;171
235;172
235;173
235;174
235;175
235;176
235;177
235;178
235;179
235;180
235;183
235;184
235;185
235;186
235;187
235;188
235;189
235;190
235;191
236;0
236;1
236;2
236;3
236;4
236;5
236;6
236;7
236;8
236;9
236;10
236;11
236;12
236;13
236;14
236;15
236;16
236;17
236;18
236;19
236;20
236;21
236;22
236;23
236;24
236;25
236;26
236;27
236;28
236;29
236;30
236;31
236;32
236;33
236;34
236;35
236;36
236;37
236;38
236;39
236;40
236;41
236;42
236;43
236;44
236;45
236;46
236;47
236;48
236;49
236;50
236;51
236;52
236;122
236;123
236;124
236;125
236;126
236;127
236;128
236;129
236;130
236;131
236;132
236;133
236;134
236;135
236;136
236;137
236;138
236;139
236;140
236;141
236;142
236;143
236;144
236;145
236;146
236;147
236;148
236;149
236;150
236;151
236;152
236;153
236;154
236;155
236;156
236;157
236;158
236;159
236;160
236;161
236;162
236;163
236;164
236;165
236;166
236;167
236;168
236;169
236;170
236;171
236;172
236;173
236;174
236;175
236;176
236;177
236;178
236;179
236;182
236;183
236;184
236;185
236;186
236;187
236;188
236;189
236;190
236;191
236;192
236;193
237;0
237;1
237;2
237;3
237;4
237;5
237;6
237;7
237;8
237;9
237;10
237;11
237;12
237;13
237;14
237;15
237;16
237;17
237;18
237;19
237;20
237;21
237;22
237;23
237;24
237;25
237;26
237;27
237;28
237;29
237;30
237;31
237;32
237;33
237;34
237;35
237;36
237;37
237;38
237;39
237;40
237;41
237;42
237;43
237;44
237;45
237;46
237;47
237;48
237;49
237;50
237;51
237;52
237;123
237;124
237;125
237;126
237;127
237;128
237;129
237;130
237;131
237;132
237;133
237;134
237;135
237;136
237;137
237;138
237;139
237;140
237;141
237;142
237;143
237;144
237;145
237;146
237;147
237;148
237;149
237;150
237;151
237;152
237;153
237;154
237;155
237;156
237;157
237;158
237;159
237;160
237;161
237;162
237;163
237;164
237;165
237;166
237;167
237;168
237;169
237;170
237;171
237;172
237;173
237;174
237;175
237;176
237;177
237;178
237;182
237;183
237;184
237;185
237;186
237;187
237;188
237;189
237;190
237;191
237;192
237;193
237;194
237;195
238;0
238;1
238;2
238;3
238;4
238;5
238;6
238;7
238;8
238;9
238;10
238;11
238;12
238;13
238;14
238;15
238;16
238;17
238;18
238;19
238;20
238;21
238;22
238;23
238;24
238;25
238;26
238;27
238;28
238;29
238;30
238;31
238;32
238;33
238;34
238;35
238;36
238;37
238;38
238;39
238;40
238;41
238;42
238;43
238;44
238;45
238;46
238;47
238;48
238;49
238;50
238;51
238;52
238;124
238;125
238;126
238;127
238;128
238;129
238;130
238;131
238;132
238;133
238;134
238;135
238;136
238;137
238;138
238;139
238;140
238;141
238;142
238;143
238;144
238;145
238;146
238;147
238;148
238;149
238;150
238;151
238;152
238;153
238;154
238;155
238;156
238;157
238;158
238;159
238;160
238;161
238;162
238;163
238;164
238;165
238;166
238;167
238;168
238;169
238;170
238;171
238;172
238;173
238;174
238;175
238;176
238;182
238;183
238;184
238;185
238;186
238;187
238;188
238;189
238;190
238;191
238;192
238;193
238;194
238;195
238;196
238;197
239;0
239;1
239;2
239;3
239;4
239;5
239;6
239;7
239;8
239;9
239;10
239;11
239;12
239;13
239;14
239;15
239;16
239;17
239;18
239;19
239;20
239;21
239;22
239;23
239;24
239;25
239;26
239;27
239;28
239;29
239;30
239;31
239;32
239;33
239;34
239;35
239;36
239;37
239;38
239;39
239;40
239;41
239;42
239;43
239;44
239;45
239;46
239;47
239;48
239;49
239;50
239;51
239;126
239;127
239;128
239;129
239;130
239;131
239;132
239;133
239;134
239;135
239;136
239;137
239;138
239;139
239;140
239;141
239;142
239;143
239;144
239;145
239;146
239;147
239;148
239;149
239;150
239;151
239;152
239;153
239;154
239;155
239;156
239;157
239;158
239;159
239;160
239;161
239;162
239;163
239;164
239;165
239;166
239;167
239;168
239;169
239;170
239;171
239;172
239;173
239;174
239;175
239;181
239;182
239;183
239;184
239;185
239;186
239;187
239;188
239;189
239;190
239;191
239;192
239;193
239;194
239;195
239;196
239;197
239;198
239;199
239;200
240;0
240;1
240;2
240;3
240;4
240;5
240;6
240;7
240;8
240;9
240;10
240;11
240;12
240;13
240;14
240;15
240;16
240;17
240;18
240;19
240;20
240;21
240;22
240;23
240;24
240;25
240;26
240;27
240;28
240;29
240;30
240;31
240;32
240;33
240;34
240;35
240;36
240;37
240;38
240;39
240;40
240;41
240;42
240;43
240;44
240;45
240;46
240;47
240;48
240;49
240;50
240;51
240;127
240;128
240;129
240;130
240;131
240;132
240;133
240;134
240;135
240;136
240;137
240;138
240;139
240;140
240;141
240;142
240;143
240;144
240;145
240;146
240;147
240;148
240;149
240;150
240;151
240;152
240;153
240;154
240;155
240;156
240;157
240;158
240;159
240;160
240;161
240;162
240;163
240;164
240;165
240;166
240;167
240;168
240;169
240;170
240;171
240;172
240;173
240;181
240;182
240;183
240;184
240;185
240;186
240;187
240;188
240;189
240;190
240;191
240;192
240;193
240;194
240;195
240;196
240;197
240;198
240;199
240;200
240;201
240;202
241;0
241;1
241;2
241;3
241;4
241;5
241;6
241;7
241;8
241;9
241;10
241;11
241;12
241;13
241;14
241;15
241;16
241;17
241;18
241;19
241;20
241;21
241;22
241;23
241;24
241;25
241;26
241;27
241;28
241;29
241;30
241;31
241;32
241;33
241;34
241;35
241;36
241;37
241;38
241;39
241;40
241;41
241;42
241;43
241;44
241;45
241;46
241;47
241;48
241;49
241;50
241;51
241;129
241;130
241;131
241;132
241;133
241;134
241;135
241;136
241;137
241;138
241;139
241;140
241;141
241;142
241;143
241;144
241;145
241;146
241;147
241;148
241;149
241;150
241;151
241;152
241;153
241;154
241;155
241;156
241;157
241;158
241;159
241;160
241;161
241;162
241;163
241;164
241;165
241;166
241;167
241;168
241;169
241;170
241;171
241;172
241;180
241;181
241;182
241;183
241;184
241;185
241;186
241;187
241;188
241;189
241;190
241;191
241;192
241;193
241;194
241;195
241;196
241;197
241;198
241;199
241;200
241;201
241;202
241;203
241;204
242;0
242;1
242;2
242;3
242;4
242;5
242;6
242;7
242;8
242;9
242;10
242;11
242;12
242;13
242;14
242;15
242;16
242;17
242;18
242;19
242;20
242;21
242;22
242;23
242;24
242;25
242;26
242;27
242;28
242;29
242;30
242;31
242;32
242;33
242;34
242;35
242;36
242;37
242;38
242;39
242;40
242;41
242;42
242;43
242;44
242;45
242;46
242;47
242;48
242;49
242;50
242;131
242;132
242;133
242;134
242;135
242;136
242;137
242;138
242;139
242;140
242;141
242;142
242;143
242;144
242;145
242;146
242;147
242;148
242;149
242;150
242;151
242;152
242;153
242;154
242;155
242;156
242;157
242;158
242;159
242;160
242;161
242;162
242;163
242;164
242;165
242;166
242;167
242;168
242;169
242;170
242;180
242;181
242;182
242;183
242;184
242;185
242;186
242;187
242;188
242;189
242;190
242;191
242;192
242;193
242;194
242;195
242;196
242;197
242;198
242;199
242;200
242;201
242;202
242;203
242;204
242;205
242;206
243;0
243;1
243;2
243;3
243;4
243;5
243;6
243;7
243;8
243;9
243;10
243;11
243;12
243;13
243;14
243;15
243;16
243;17
243;18
243;19
243;20
243;21
243;22
243;23
243;24
243;25
243;26
243;27
243;28
243;29
243;30
243;31
243;32
243;33
243;34
243;35
243;36
243;37
243;38
243;39
243;40
243;41
243;42
243;43
243;44
243;45
243;46
243;47
243;48
243;49
243;50
243;133
243;134
243;135
243;136
243;137
243;138
243;139
243;140
243;141
243;142
243;143
243;144
243;145
243;146
243;147
243;148
243;149
243;150
243;151
243;152
243;153
243;154
243;155
243;156
243;157
243;158
243;159
243;160
243;161
243;162
243;163
243;164
243;165
243;166
243;167
243;179
243;180
243;181
243;182
243;183
243;184
243;185
243;186
243;187
243;188
243;189
243;190
243;191
243;192
243;193
243;194
243;195
243;196
243;197
243;198
243;199
243;200
243;201
243;202
243;203
243;204
243;205
243;206
243;207
243;208
244;0
244;1
244;2
244;3
244;4
244;5
244;6
244;7
244;8
244;9
244;10
244;11
244;12
244;13
244;14
244;15
244;16
244;17
244;18
244;19
244;20
244;21
244;22
244;23
244;24
244;25
244;26
244;27
244;28
244;29
244;30
244;31
244;32
244;33
244;34
244;35
244;36
244;37
244;38
244;39
244;40
244;41
244;42
244;43
244;44
244;45
244;46
244;47
244;48
244;49
244;136
244;137
244;138
244;139
244;140
244;141
244;142
244;143
244;144
244;145
244;146
244;147
244;148
244;149
244;150
244;151
244;152
244;153
244;154
244;155
244;156
244;157
244;158
244;159
244;160
244;161
244;162
244;163
244;164
244;165
244;179
244;180
244;181
244;182
244;183
244;184
244;185
244;186
244;187
244;188
244;189
244;190
244;191
244;192
244;193
244;194
244;195
244;196
244;197
244;198
244;199
244;200
244;201
244;202
244;203
244;204
244;205
244;206
244;207
244;208
244;209
244;210
244;211
245;0
245;1
245;2
245;3
245;4
245;5
245;6
245;7
245;8
245;9
245;10
245;11
245;12
245;13
245;14
245;15
245;16
245;17
245;18
245;19
245;20
245;21
245;22
245;23
245;24
245;25
245;26
245;27
245;28
245;29
245;30
245;31
245;32
245;33
245;34
245;35
245;36
245;37
245;38
245;39
245;40
245;41
245;42
245;43
245;44
245;45
245;46
245;47
245;48
245;49
245;139
245;140
245;141
245;142
245;143
245;144
245;145
245;146
245;147
245;148
245;149
245;150
245;151
245;152
245;153
245;154
245;155
245;156
245;157
245;158
245;159
245;160
245;161
245;178
245;179
245;180
245;181
245;182
245;183
245;184
245;185
245;186
245;187
245;188
245;189
245;190
245;191
245;192
245;193
245;194
245;195
245;196
245;197
245;198
245;199
245;200
245;201
245;202
245;203
245;204
245;205
245;206
245;207
245;208
245;209
245;210
245;211
245;212
245;213
246;0
246;1
246;2
246;3
246;4
246;5
246;6
246;7
246;8
246;9
246;10
246;11
246;12
246;13
246;14
246;15
246;16
246;17
246;18
246;19
246;20
246;21
246;22
246;23
246;24
246;25
246;26
246;27
246;28
246;29
246;30
246;31
246;32
246;33
246;34
246;35
246;36
246;37
246;38
246;39
246;40
246;41
246;42
246;43
246;44
246;45
246;46
246;47
246;48
246;145
246;146
246;147
246;148
246;149
246;150
246;151
246;152
246;153
246;154
246;155
246;156
246;178
246;179
246;180
246;181
246;182
246;183
246;184
246;185
246;186
246;187
246;188
246;189
246;190
246;191
246;192
246;193
246;194
246;195
246;196
246;197
246;198
246;199
246;200
246;201
246;202
246;203
246;204
246;205
246;206
246;207
246;208
246;209
246;210
246;211
246;212
246;213
246;214
246;215
247;0
247;1
247;2
247;3
247;4
247;5
247;6
247;7
247;8
247;9
247;10
247;11
247;12
247;13
247;14
247;15
247;16
247;17
247;18
247;19
247;20
247;21
247;22
247;23
247;24
247;25
247;26
247;27
247;28
247;29
247;30
247;31
247;32
247;33
247;34
247;35
247;36
247;37
247;38
247;39
247;40
247;41
247;42
247;43
247;44
247;45
247;46
247;47
247;48
247;178
247;179
247;180
247;181
247;182
247;183
247;184
247;185
247;186
247;187
247;188
247;189
247;190
247;191
247;192
247;193
247;194
247;195
247;196
247;197
247;198
247;199
247;200
247;201
247;202
247;203
247;204
247;205
247;206
247;207
247;208
247;209
247;210
247;211
247;212
247;213
247;214
247;215
247;216
247;217
248;0
248;1
248;2
248;3
248;4
248;5
248;6
248;7
248;8
248;9
248;10
248;11
248;12
248;13
248;14
248;15
248;16
248;17
248;18
248;19
248;20
248;21
248;22
248;23
248;24
248;25
248;26
248;27
248;28
248;29
248;30
248;31
248;32
248;33
248;34
248;35
248;36
248;37
248;38
248;39
248;40
248;41
248;42
248;43
248;44
248;45
248;46
248;47
248;177
248;178
248;179
248;180
248;181
248;182
248;183
248;184
248;185
248;186
248;187
248;188
248;189
248;190
248;191
248;192
248;193
248;194
248;195
248;196
248;197
248;198
248;199
248;200
248;201
248;202
248;203
248;204
248;205
248;206
248;207
248;208
248;209
248;210
248;211
248;212
248;213
248;214
248;215
248;216
248;217
248;218
248;219
248;220
249;0
249;1
249;2
249;3
249;4
249;5
249;6
249;7
249;8
249;9
249;10
249;11
249;12
249;13
249;14
249;15
249;16
249;17
249;18
249;19
249;20
249;21
249;22
249;23
249;24
249;25
249;26
249;27
249;28
249;29
249;30
249;31
249;32
249;33
249;34
249;35
249;36
249;37
249;38
249;39
249;40
249;41
249;42
249;43
249;44
249;45
249;46
249;47
249;177
249;178
249;179
249;180
249;181
249;182
249;183
249;184
249;185
249;186
249;187
249;188
249;189
249;190
249;191
249;192
249;193
249;194
249;195
249;196
249;197
249;198
249;199
249;200
249;201
249;202
249;203
249;204
249;205
249;206
249;207
249;208
249;209
249;210
249;211
249;212
249;213
249;214
249;215
249;216
249;217
249;218
249;219
249;220
249;221
249;222
250;0
250;1
250;2
250;3
250;4
250;5
250;6
250;7
250;8
250;9
250;10
250;11
250;12
250;13
250;14
250;15
250;16
250;17
250;18
250;19
250;20
250;21
250;22
250;23
250;24
250;25
250;26
250;27
250;28
250;29
250;30
250;31
250;32
250;33
250;34
250;35
250;36
250;37
250;38
250;39
250;40
250;41
250;42
250;43
250;44
250;45
250;46
250;176
250;177
250;178
250;179
250;180
250;181
250;182
250;183
250;184
250;185
250;186
250;187
250;188
250;189
250;190
250;191
250;192
250;193
250;194
250;195
250;196
250;197
250;198
250;199
250;200
250;201
250;202
250;203
250;204
250;205
250;206
250;207
250;208
250;209
250;210
250;211
250;212
250;213
250;214
250;215
250;216
250;217
250;218
250;219
250;220
250;221
250;222
250;223
250;224
251;0
251;1
251;2
251;3
251;4
251;5
251;6
251;7
251;8
251;9
251;10
251;11
251;12
251;13
251;14
251;15
251;16
251;17
251;18
251;19
251;20
251;21
251;22
251;23
251;24
251;25
251;26
251;27
251;28
251;29
251;30
251;31
251;32
251;33
251;34
251;35
251;36
251;37
251;38
251;39
251;40
251;41
251;42
251;43
251;44
251;45
251;176
251;177
251;178
251;179
251;180
251;181
251;182
251;183
251;184
251;185
251;186
251;187
251;188
251;189
251;190
251;191
251;192
251;193
251;194
251;195
251;196
251;197
251;198
251;199
251;200
251;201
251;202
251;203
251;204
251;205
251;206
251;207
251;208
251;209
251;210
251;211
251;212
251;213
251;214
251;215
251;216
251;217
251;218
251;219
251;220
251;221
251;222
251;223
251;224
251;225
251;226
252;0
252;1
252;2
252;3
252;4
252;5
252;6
252;7
252;8
252;9
252;10
252;11
252;12
252;13
252;14
252;15
252;16
252;17
252;18
252;19
252;20
252;21
252;22
252;23
252;24
252;25
252;26
252;27
252;28
252;29
252;30
252;31
252;32
252;33
252;34
252;35
252;36
252;37
252;38
252;39
252;40
252;41
252;42
252;43
252;44
252;45
252;175
252;176
252;177
252;178
252;179
252;180
252;181
252;182
252;183
252;184
252;185
252;186
252;187
252;188
252;189
252;190
252;191
252;192
252;193
252;194
252;195
252;196
252;197
252;198
252;199
252;200
252;201
252;202
252;203
252;204
252;205
252;206
252;207
252;208
252;209
252;210
252;211
252;212
252;213
252;214
252;215
252;216
252;217
252;218
252;219
252;220
252;221
252;222
252;223
252;224
252;225
252;226
252;227
252;228
252;229
253;0
253;1
253;2
253;3
253;4
253;5
253;6
253;7
253;8
253;9
253;10
253;11
253;12
253;13
253;14
253;15
253;16
253;17
253;18
253;19
253;20
253;21
253;22
253;23
253;24
253;25
253;26
253;27
253;28
253;29
253;30
253;31
253;32
253;33
253;34
253;35
253;36
253;37
253;38
253;39
253;40
253;41
253;42
253;43
253;44
253;175
253;176
253;177
253;178
253;179
253;180
253;181
253;182
253;183
253;184
253;185
253;186
253;187
253;188
253;189
253;190
253;191
253;192
253;193
253;194
253;195
253;196
253;197
253;198
253;199
253;200
253;201
253;202
253;203
253;204
253;205
253;206
253;207
253;208
253;209
253;210
253;211
253;212
253;213
253;214
253;215
253;216
253;217
253;218
253;219
253;220
253;221
253;222
253;223
253;224
253;225
253;226
253;227
253;228
253;229
253;230
254;0
254;1
254;2
254;3
254;4
254;5
254;6
254;7
254;8
254;9
254;10
254;11
254;12
254;13
254;14
254;15
254;16
254;17
254;18
254;19
254;20
254;21
254;22
254;23
254;24
254;25
254;26
254;27
254;28
254;29
254;30
254;31
254;32
254;33
254;34
254;35
254;36
254;37
254;38
254;39
254;40
254;41
254;42
254;43
254;174
254;175
254;176
254;177
254;178
254;179
254;180
254;181
254;182
254;183
254;184
254;185
254;186
254;187
254;188
254;189
254;190
254;191
254;192
254;193
254;194
254;195
254;196
254;197
254;198
254;199
254;200
254;201
254;202
254;203
254;204
254;205
254;206
254;207
254;208
254;209
254;210
254;211
254;212
254;213
254;214
254;215
254;216
254;217
254;218
254;219
254;220
254;221
254;222
254;223
254;224
254;225
254;226
254;227
254;228
254;229
254;230
255;0
255;1
255;2
255;3
255;4
255;5
255;6
255;7
255;8
255;9
255;10
255;11
255;12
255;13
255;14
255;15
255;16
255;17
255;18
255;19
255;20
255;21
255;22
255;23
255;24
255;25
255;26
255;27
255;28
255;29
255;30
255;31
255;32
255;33
255;34
255;35
255;36
255;37
255;38
255;39
255;40
255;41
255;42
255;174
255;175
255;176
255;177
255;178
255;179
255;180
255;181
255;182
255;183
255;184
255;185
255;186
255;187
255;188
255;189
255;190
255;191
255;192
255;193
255;194
255;195
255;196
255;197
255;198
255;199
255;200
255;201
255;202
255;203
255;204
255;205
255;206
255;207
255;208
255;209
255;210
255;211
255;212
255;213
255;214
255;215
255;216
255;217
255;218
255;219
255;220
255;221
255;222
255;223
255;224
255;225
255;226
255;227
255;228
255;229
256;0
256;1
256;2
256;3
256;4
256;5
256;6
256;7
256;8
256;9
256;10
256;11
256;12
256;13
256;14
256;15
256;16
256;17
256;18
256;19
256;20
256;21
256;22
256;23
256;24
256;25
256;26
256;27
256;28
256;29
256;30
256;31
256;32
256;33
256;34
256;35
256;36
256;37
256;38
256;39
256;40
256;41
256;174
256;175
256;176
256;177
256;178
256;179
256;180
256;181
256;182
256;183
256;184
256;185
256;186
256;187
256;188
256;189
256;190
256;191
256;192
256;193
256;194
256;195
256;196
256;197
256;198
256;199
256;200
256;201
256;202
256;203
256;204
256;205
256;206
256;207
256;208
256;209
256;210
256;211
256;212
256;213
256;214
256;215
256;216
256;217
256;218
256;219
256;220
256;221
256;222
256;223
256;224
256;225
256;226
256;227
256;228
256;229
257;0
257;1
257;2
257;3
257;4
257;5
257;6
257;7
257;8
257;9
257;10
257;11
257;12
257;13
257;14
257;15
257;16
257;17
257;18
257;19
257;20
257;21
257;22
257;23
257;24
257;25
257;26
257;27
257;28
257;29
257;30
257;31
257;32
257;33
257;34
257;35
257;36
257;37
257;38
257;39
257;40
257;173
257;174
257;175
257;176
257;177
257;178
257;179
257;180
257;181
257;182
257;183
257;184
257;185
257;186
257;187
257;188
257;189
257;190
257;191
257;192
257;193
257;194
257;195
257;196
257;197
257;198
257;199
257;200
257;201
257;202
257;203
257;204
257;205
257;206
257;207
257;208
257;209
257;210
257;211
257;212
257;213
257;214
257;215
257;216
257;217
257;218
257;219
257;220
257;221
257;222
257;223
257;224
257;225
257;226
257;227
257;228
258;0
258;1
258;2
258;3
258;4
258;5
258;6
258;7
258;8
258;9
258;10
258;11
258;12
258;13
258;14
258;15
258;16
258;17
258;18
258;19
258;20
258;21
258;22
258;23
258;24
258;25
258;26
258;27
258;28
258;29
258;30
258;31
258;32
258;33
258;34
258;35
258;36
258;37
258;38
258;39
258;173
258;174
258;175
258;176
258;177
258;178
258;179
258;180
258;181
258;182
258;183
258;184
258;185
258;186
258;187
258;188
258;189
258;190
258;191
258;192
258;193
258;194
258;195
258;196
258;197
258;198
258;199
258;200
258;201
258;202
258;203
258;204
258;205
258;206
258;207
258;208
258;209
258;210
258;211
258;212
258;213
258;214
258;215
258;216
258;217
258;218
258;219
258;220
258;221
258;222
258;223
258;224
258;225
258;226
258;227
258;228
259;0
259;1
259;2
259;3
259;4
259;5
259;6
259;7
259;8
259;9
259;10
259;11
259;12
259;13
259;14
259;15
259;16
259;17
259;18
259;19
259;20
259;21
259;22
259;23
259;24
259;25
259;26
259;27
259;28
259;29
259;30
259;31
259;32
259;33
259;34
259;35
259;36
259;37
259;38
259;172
259;173
259;174
259;175
259;176
259;177
259;178
259;179
259;180
259;181
259;182
259;183
259;184
259;185
259;186
259;187
259;188
259;189
259;190
259;191
259;192
259;193
259;194
259;195
259;196
259;197
259;198
259;199
259;200
259;201
259;202
259;203
259;204
259;205
259;206
259;207
259;208
259;209
259;210
259;211
259;212
259;213
259;214
259;215
259;216
259;217
259;218
259;219
259;220
259;221
259;222
259;223
259;224
259;225
259;226
259;227
259;228
260;0
260;1
260;2
260;3
260;4
260;5
260;6
260;7
260;8
260;9
260;10
260;11
260;12
260;13
260;14
260;15
260;16
260;17
260;18
260;19
260;20
260;21
260;22
260;23
260;24
260;25
260;26
260;27
260;28
260;29
260;30
260;31
260;32
260;33
260;34
260;35
260;36
260;37
260;172
260;173
260;174
260;175
260;176
260;177
260;178
260;179
260;180
260;181
260;182
260;183
260;184
260;185
260;186
260;187
260;188
260;189
260;190
260;191
260;192
260;193
260;194
260;195
260;196
260;197
260;198
260;199
260;200
260;201
260;202
260;203
260;204
260;205
260;206
260;207
260;208
260;209
260;210
260;211
260;212
260;213
260;214
260;215
260;216
260;217
260;218
260;219
260;220
260;221
260;222
260;223
260;224
260;225
260;226
260;227
261;0
261;1
261;2
261;3
261;4
261;5
261;6
261;7
261;8
261;9
261;10
261;11
261;12
261;13
261;14
261;15
261;16
261;17
261;18
261;19
261;20
261;21
261;22
261;23
261;24
261;25
261;26
261;27
261;28
261;29
261;30
261;31
261;32
261;33
261;34
261;35
261;36
261;171
261;172
261;173
261;174
261;175
261;176
261;177
261;178
261;179
261;180
261;181
261;182
261;183
261;184
261;185
261;186
261;187
261;188
261;189
261;190
261;191
261;192
261;193
261;194
261;195
261;196
261;197
261;198
261;199
261;200
261;201
261;202
261;203
261;204
261;205
261;206
261;207
261;208
261;209
261;210
261;211
261;212
261;213
261;214
261;215
261;216
261;217
261;218
261;219
261;220
261;221
261;222
261;223
261;224
261;225
261;226
261;227
262;0
262;1
262;2
262;3
262;4
262;5
262;6
262;7
262;8
262;9
262;10
262;11
262;12
262;13
262;14
262;15
262;16
262;17
262;18
262;19
262;20
262;21
262;22
262;23
262;24
262;25
262;26
262;27
262;28
262;29
262;30
262;31
262;32
262;33
262;34
262;171
262;172
262;173
262;174
262;175
262;176
262;177
262;178
262;179
262;180
262;181
262;182
262;183
262;184
262;185
262;186
262;187
262;188
262;189
262;190
262;191
262;192
262;193
262;194
262;195
262;196
262;197
262;198
262;199
262;200
262;201
262;202
262;203
262;204
262;205
262;206
262;207
262;208
262;209
262;210
262;211
262;212
262;213
262;214
262;215
262;216
262;217
262;218
262;219
262;220
262;221
262;222
262;223
262;224
262;225
262;226
263;0
263;1
263;2
263;3
263;4
263;5
263;6
263;7
263;8
263;9
263;10
263;11
263;12
263;13
263;14
263;15
263;16
263;17
263;18
263;19
263;20
263;21
263;22
263;23
263;24
263;25
263;26
263;27
263;28
263;29
263;30
263;31
263;32
263;33
263;170
263;171
263;172
263;173
263;174
263;175
263;176
263;177
263;178
263;179
263;180
263;181
263;182
263;183
263;184
263;185
263;186
263;187
263;188
263;189
263;190
263;191
263;192
263;193
263;194
263;195
263;196
263;197
263;198
263;199
263;200
263;201
263;202
263;203
263;204
263;205
263;206
263;207
263;208
263;209
263;210
263;211
263;212
263;213
263;214
263;215
263;216
263;217
263;218
263;219
263;220
263;221
263;222
263;223
263;224
263;225
263;226
264;0
264;1
264;2
264;3
264;4
264;5
264;6
264;7
264;8
264;9
264;10
264;11
264;12
264;13
264;14
264;15
264;16
264;17
264;18
264;19
264;20
264;21
264;22
264;23
264;24
264;25
264;26
264;27
264;28
264;29
264;30
264;31
264;170
264;171
264;172
264;173
264;174
264;175
264;176
264;177
264;178
264;179
264;180
264;181
264;182
264;183
264;184
264;185
264;186
264;187
264;188
264;189
264;190
264;191
264;192
264;193
264;194
264;195
264;196
264;197
264;198
264;199
264;200
264;201
264;202
264;203
264;204
264;205
264;206
264;207
264;208
264;209
264;210
264;211
264;212
264;213
264;214
264;215
264;216
264;217
264;218
264;219
264;220
264;221
264;222
264;223
264;224
264;225
265;0
265;1
265;2
265;3
265;4
265;5
265;6
265;7
265;8
265;9
265;10
265;11
265;12
265;13
265;14
265;15
265;16
265;17
265;18
265;19
265;20
265;21
265;22
265;23
265;24
265;25
265;26
265;27
265;28
265;29
265;30
265;170
265;171
265;172
265;173
265;174
265;175
265;176
265;177
265;178
265;179
265;180
265;181
265;182
265;183
265;184
265;185
265;186
265;187
265;188
265;189
265;190
265;191
265;192
265;193
265;194
265;195
265;196
265;197
265;198
265;199
265;200
265;201
265;202
265;203
265;204
265;205
265;206
265;207
265;208
265;209
265;210
265;211
265;212
265;213
265;214
265;215
265;216
265;217
265;218
265;219
265;220
265;221
265;222
265;223
265;224
265;225
266;0
266;1
266;2
266;3
266;4
266;5
266;6
266;7
266;8
266;9
266;10
266;11
266;12
266;13
266;14
266;15
266;16
266;17
266;18
266;19
266;20
266;21
266;22
266;23
266;24
266;25
266;26
266;27
266;28
266;169
266;170
266;171
266;172
266;173
266;174
266;175
266;176
266;177
266;178
266;179
266;180
266;181
266;182
266;183
266;184
266;185
266;186
266;187
266;188
266;189
266;190
266;191
266;192
266;193
266;194
266;195
266;196
266;197
266;198
266;199
266;200
266;201
266;202
266;203
266;204
266;205
266;206
266;207
266;208
266;209
266;210
266;211
266;212
266;213
266;214
266;215
266;216
266;217
266;218
266;219
266;220
266;221
266;222
266;223
266;224
267;0
267;1
267;2
267;3
267;4
267;5
267;6
267;7
267;8
267;9
267;10
267;11
267;12
267;13
267;14
267;15
267;16
267;17
267;18
267;19
267;20
267;21
267;22
267;23
267;24
267;25
267;169
267;170
267;171
267;172
267;173
267;174
267;175
267;176
267;177
267;178
267;179
267;180
267;181
267;182
267;183
267;184
267;185
267;186
267;187
267;188
267;189
267;190
267;191
267;192
267;193
267;194
267;195
267;196
267;197
267;198
267;199
267;200
267;201
267;202
267;203
267;204
267;205
267;206
267;207
267;208
267;209
267;210
267;211
267;212
267;213
267;214
267;215
267;216
267;217
267;218
267;219
267;220
267;221
267;222
267;223
267;224
268;0
268;1
268;2
268;3
268;4
268;5
268;6
268;7
268;8
268;9
268;10
268;11
268;12
268;13
268;14
268;15
268;16
268;17
268;18
268;19
268;20
268;21
268;22
268;23
268;168
268;169
268;170
268;171
268;172
268;173
268;174
268;175
268;176
268;177
268;178
268;179
268;180
268;181
268;182
268;183
268;184
268;185
268;186
268;187
268;188
268;189
268;190
268;191
268;192
268;193
268;194
268;195
268;196
268;197
268;198
268;199
268;200
268;201
268;202
268;203
268;204
268;205
268;206
268;207
268;208
268;209
268;210
268;211
268;212
268;213
268;214
268;215
268;216
268;217
268;218
268;219
268;220
268;221
268;222
268;223
268;224
269;0
269;1
269;2
269;3
269;4
269;5
269;6
269;7
269;8
269;9
269;10
269;11
269;12
269;13
269;14
269;15
269;16
269;17
269;18
269;19
269;168
269;169
269;170
269;171
269;172
269;173
269;174
269;175
269;176
269;177
269;178
269;179
269;180
269;181
269;182
269;183
269;184
269;185
269;186
269;187
269;188
269;189
269;190
269;191
269;192
269;193
269;194
269;195
269;196
269;197
269;198
269;199
269;200
269;201
269;202
269;203
269;204
269;205
269;206
269;207
269;208
269;209
269;210
269;211
269;212
269;213
269;214
269;215
269;216
269;217
269;218
269;219
269;220
269;221
269;222
269;223
270;3
270;4
270;5
270;6
270;7
270;8
270;9
270;10
270;11
270;12
270;13
270;14
270;167
270;168
270;169
270;170
270;171
270;172
270;173
270;174
270;175
270;176
270;177
270;178
270;179
270;180
270;181
270;182
270;183
270;184
270;185
270;186
270;187
270;188
270;189
270;190
270;191
270;192
270;193
270;194
270;195
270;196
270;197
270;198
270;199
270;200
270;201
270;202
270;203
270;204
270;205
270;206
270;207
270;208
270;209
270;210
270;211
270;212
270;213
270;214
270;215
270;216
270;217
270;218
270;219
270;220
270;221
270;222
270;223
271;167
271;168
271;169
271;170
271;171
271;172
271;173
271;174
271;175
271;176
271;177
271;178
271;179
271;180
271;181
271;182
271;183
271;184
271;185
271;186
271;187
271;188
271;189
271;190
271;191
271;192
271;193
271;194
271;195
271;196
271;197
271;198
271;199
271;200
271;201
271;202
271;203
271;204
271;205
271;206
271;207
271;208
271;209
271;210
271;211
271;212
271;213
271;214
271;215
271;216
271;217
271;218
271;219
271;220
271;221
271;222
272;166
272;167
272;168
272;169
272;170
272;171
272;172
272;173
272;174
272;175
272;176
272;177
272;178
272;179
272;180
272;181
272;182
272;183
272;184
272;185
272;186
272;187
272;188
272;189
272;190
272;191
272;192
272;193
272;194
272;195
272;196
272;197
272;198
272;199
272;200
272;201
272;202
272;203
272;204
272;205
272;206
272;207
272;208
272;209
272;210
272;211
272;212
272;213
272;214
272;215
272;216
272;217
272;218
272;219
272;220
272;221
272;222
273;166
273;167
273;168
273;169
273;170
273;171
273;172
273;173
273;174
273;175
273;176
273;177
273;178
273;179
273;180
273;181
273;182
273;183
273;184
273;185
273;186
273;187
273;188
273;189
273;190
273;191
273;192
273;193
273;194
273;195
273;196
273;197
273;198
273;199
273;200
273;201
273;202
273;203
273;204
273;205
273;206
273;207
273;208
273;209
273;210
273;211
273;212
273;213
273;214
273;215
273;216
273;217
273;218
273;219
273;220
273;221
274;166
274;167
274;168
274;169
274;170
274;171
274;172
274;173
274;174
274;175
274;176
274;177
274;178
274;179
274;180
274;181
274;182
274;183
274;184
274;185
274;186
274;187
274;188
274;189
274;190
274;191
274;192
274;193
274;194
274;195
274;196
274;197
274;198
274;199
274;200
274;201
274;202
274;203
274;204
274;205
274;206
274;207
274;208
274;209
274;210
274;211
274;212
274;213
274;214
274;215
274;216
274;217
274;218
274;219
274;220
274;221
275;165
275;166
275;167
275;168
275;169
275;170
275;171
275;172
275;173
275;174
275;175
275;176
275;177
275;178
275;179
275;180
275;181
275;182
275;183
275;184
275;185
275;186
275;187
275;188
275;189
275;190
275;191
275;192
275;193
275;194
275;195
275;196
275;197
275;198
275;199
275;200
275;201
275;202
275;203
275;204
275;205
275;206
275;207
275;208
275;209
275;210
275;211
275;212
275;213
275;214
275;215
275;216
275;217
275;218
275;219
275;220
276;165
276;166
276;167
276;168
276;169
276;170
276;171
276;172
276;173
276;174
276;175
276;176
276;177
276;178
276;179
276;180
276;181
276;182
276;183
276;184
276;185
276;186
276;187
276;188
276;189
276;190
276;191
276;192
276;193
276;194
276;195
276;196
276;197
276;198
276;199
276;200
276;201
276;202
276;203
276;204
276;205
276;206
276;207
276;208
276;209
276;210
276;211
276;212
276;213
276;214
276;215
276;216
276;217
276;218
276;219
276;220
277;164
277;165
277;166
277;167
277;168
277;169
277;170
277;171
277;172
277;173
277;174
277;175
277;176
277;177
277;178
277;179
277;180
277;181
277;182
277;183
277;184
277;185
277;186
277;187
277;188
277;189
277;190
277;191
277;192
277;193
277;194
277;195
277;196
277;197
277;198
277;199
277;200
277;201
277;202
277;203
277;204
277;205
277;206
277;207
277;208
277;209
277;210
277;211
277;212
277;213
277;214
277;215
277;216
277;217
277;218
277;219
277;220
278;164
278;165
278;166
278;167
278;168
278;169
278;170
278;171
278;172
278;173
278;174
278;175
278;176
278;177
278;178
278;179
278;180
278;181
278;182
278;183
278;184
278;185
278;186
278;187
278;188
278;189
278;190
278;191
278;192
278;193
278;194
278;195
278;196
278;197
278;198
278;199
278;200
278;201
278;202
278;203
278;204
278;205
278;206
278;207
278;208
278;209
278;210
278;211
278;212
278;213
278;214
278;215
278;216
278;217
278;218
278;219
279;164
279;165
279;166
279;167
279;168
279;169
279;170
279;171
279;172
279;173
279;174
279;175
279;176
279;177
279;178
279;179
279;180
279;181
279;182
279;183
279;184
279;185
279;186
279;187
279;188
279;189
279;190
279;191
279;192
279;193
279;194
279;195
279;196
279;197
279;198
279;199
279;200
279;201
279;202
279;203
279;204
279;205
279;206
279;207
279;208
279;209
279;210
279;211
279;212
279;213
279;214
279;215
279;216
279;217
279;218
279;219
280;166
280;167
280;168
280;169
280;170
280;171
280;172
280;173
280;174
280;175
280;176
280;177
280;178
280;179
280;180
280;181
280;182
280;183
280;184
280;185
280;186
280;187
280;188
280;189
280;190
280;191
280;192
280;193
280;194
280;195
280;196
280;197
280;198
280;199
280;200
280;201
280;202
280;203
280;204
280;205
280;206
280;207
280;208
280;209
280;210
280;211
280;212
280;213
280;214
280;215
280;216
280;217
280;218
281;168
281;169
281;170
281;171
281;172
281;173
281;174
281;175
281;176
281;177
281;178
281;179
281;180
281;181
281;182
281;183
281;184
281;185
281;186
281;187
281;188
281;189
281;190
281;191
281;192
281;193
281;194
281;195
281;196
281;197
281;198
281;199
281;200
281;201
281;202
281;203
281;204
281;205
281;206
281;207
281;208
281;209
281;210
281;211
281;212
281;213
281;214
281;215
281;216
281;217
281;218
282;171
282;172
282;173
282;174
282;175
282;176
282;177
282;178
282;179
282;180
282;181
282;182
282;183
282;184
282;185
282;186
282;187
282;188
282;189
282;190
282;191
282;192
282;193
282;194
282;195
282;196
282;197
282;198
282;199
282;200
282;201
282;202
282;203
282;204
282;205
282;206
282;207
282;208
282;209
282;210
282;211
282;212
282;213
282;214
282;215
282;216
282;217
283;173
283;174
283;175
283;176
283;177
283;178
283;179
283;180
283;181
283;182
283;183
283;184
283;185
283;186
283;187
283;188
283;189
283;190
283;191
283;192
283;193
283;194
283;195
283;196
283;197
283;198
283;199
283;200
283;201
283;202
283;203
283;204
283;205
283;206
283;207
283;208
283;209
283;210
283;211
283;212
283;213
283;214
283;215
283;216
283;217
284;175
284;176
284;177
284;178
284;179
284;180
284;181
284;182
284;183
284;184
284;185
284;186
284;187
284;188
284;189
284;190
284;191
284;192
284;193
284;194
284;195
284;196
284;197
284;198
284;199
284;200
284;201
284;202
284;203
284;204
284;205
284;206
284;207
284;208
284;209
284;210
284;211
284;212
284;213
284;214
284;215
284;216
285;177
285;178
285;179
285;180
285;181
285;182
285;183
285;184
285;185
285;186
285;187
285;188
285;189
285;190
285;191
285;192
285;193
285;194
285;195
285;196
285;197
285;198
285;199
285;200
285;201
285;202
285;203
285;204
285;205
285;206
285;207
285;208
285;209
285;210
285;211
285;212
285;213
285;214
285;215
285;216
286;180
286;181
286;182
286;183
286;184
286;185
286;186
286;187
286;188
286;189
286;190
286;191
286;192
286;193
286;194
286;195
286;196
286;197
286;198
286;199
286;200
286;201
286;202
286;203
286;204
286;205
286;206
286;207
286;208
286;209
286;210
286;211
286;212
286;213
286;214
286;215
286;216
287;182
287;183
287;184
287;185
287;186
287;187
287;188
287;189
287;190
287;191
287;192
287;193
287;194
287;195
287;196
287;197
287;198
287;199
287;200
287;201
287;202
287;203
287;204
287;205
287;206
287;207
287;208
287;209
287;210
287;211
287;212
287;213
287;214
287;215
288;184
288;185
288;186
288;187
288;188
288;189
288;190
288;191
288;192
288;193
288;194
288;195
288;196
288;197
288;198
288;199
288;200
288;201
288;202
288;203
288;204
288;205
288;206
288;207
288;208
288;209
288;210
288;211
288;212
288;213
288;214
288;215
289;186
289;187
289;188
289;189
289;190
289;191
289;192
289;193
289;194
289;195
289;196
289;197
289;198
289;199
289;200
289;201
289;202
289;203
289;204
289;205
289;206
289;207
289;208
289;209
289;210
289;211
289;212
289;213
289;214
290;188
290;189
290;190
290;191
290;192
290;193
290;194
290;195
290;196
290;197
290;198
290;199
290;200
290;201
290;202
290;203
290;204
290;205
290;206
290;207
290;208
290;209
290;210
290;211
290;212
290;213
290;214
291;191
291;192
291;193
291;194
291;195
291;196
291;197
291;198
291;199
291;200
291;201
291;202
291;203
291;204
291;205
291;206
291;207
291;208
291;209
291;210
291;211
291;212
291;213
292;193
292;194
292;195
292;196
292;197
292;198
292;199
292;200
292;201
292;202
292;203
292;204
292;205
292;206
292;207
292;208
292;209
292;210
292;211
292;212
292;213
293;195
293;196
293;197
293;198
293;199
293;200
293;201
293;202
293;203
293;204
293;205
293;206
293;207
293;208
293;209
293;210
293;211
293;212
294;197
294;198
294;199
294;200
294;201
294;202
294;203
294;204
294;205
294;206
294;207
294;208
294;209
294;210
294;211
294;212
295;200
295;201
295;202
295;203
295;204
295;205
295;206
295;207
295;208
295;209
295;210
295;211
295;212
296;202
296;203
296;204
296;205
296;206
296;207
296;208
296;209
296;210
296;211
297;204
297;205
297;206
297;207
297;208
297;209
297;210
297;211
298;206
298;207
298;208
298;209
298;210
299;209
299;210
358;349
359;348
359;349
359;350
360;347
360;348
360;349
360;350
361;347
361;348
361;349
361;350
361;351
362;346
362;347
362;348
362;349
362;350
362;351
363;345
363;346
363;347
363;348
363;349
363;350
363;351
364;344
364;345
364;346
364;347
364;348
364;349
364;350
364;351
364;352
365;344
365;345
365;346
365;347
365;348
365;349
365;350
365;351
365;352
366;343
366;344
366;345
366;346
366;347
366;348
366;349
366;350
366;351
366;352
366;353
367;342
367;343
367;344
367;345
367;346
367;347
367;348
367;349
367;350
367;351
367;352
367;353
368;341
368;342
368;343
368;344
368;345
368;346
368;347
368;348
368;349
368;350
368;351
368;352
368;353
368;354
369;341
369;342
369;343
369;344
369;345
369;346
369;347
369;348
369;349
369;350
369;351
369;352
369;353
369;354
370;340
370;341
370;342
370;343
370;344
370;345
370;346
370;347
370;348
370;349
370;350
370;351
370;352
370;353
370;354
371;339
371;340
371;341
371;342
371;343
371;344
371;345
371;346
371;347
371;348
371;349
371;350
371;351
371;352
371;353
371;354
371;355
372;338
372;339
372;340
372;341
372;342
372;343
372;344
372;345
372;346
372;347
372;348
372;349
372;350
372;351
372;352
372;353
372;354
372;355
373;337
373;338
373;339
373;340
373;341
373;342
373;343
373;344
373;345
373;346
373;347
373;348
373;349
373;350
373;351
373;352
373;353
373;354
373;355
373;356
374;337
374;338
374;339
374;340
374;341
374;342
374;343
374;344
374;345
374;346
374;347
374;348
374;349
374;350
374;351
374;352
374;353
374;354
374;355
374;356
375;336
375;337
375;338
375;339
375;340
375;341
375;342
375;343
375;344
375;345
375;346
375;347
375;348
375;349
375;350
375;351
375;352
375;353
375;354
375;355
375;356
376;335
376;336
376;337
376;338
376;339
376;340
376;341
376;342
376;343
376;344
376;345
376;346
376;347
376;348
376;349
376;350
376;351
376;352
376;353
376;354
376;355
376;356
376;357
377;334
377;335
377;336
377;337
377;338
377;339
377;340
377;341
377;342
377;343
377;344
377;345
377;346
377;347
377;348
377;349
377;350
377;351
377;352
377;353
377;354
377;355
377;356
377;357
378;334
378;335
378;336
378;337
378;338
378;339
378;340
378;341
378;342
378;343
378;344
378;345
378;346
378;347
378;348
378;349
378;350
378;351
378;352
378;353
378;354
378;355
378;356
378;357
378;358
379;333
379;334
379;335
379;336
379;337
379;338
379;339
379;340
379;341
379;342
379;343
379;344
379;345
379;346
379;347
379;348
379;349
379;350
379;351
379;352
379;353
379;354
379;355
379;356
379;357
379;358
380;332
380;333
380;334
380;335
380;336
380;337
380;338
380;339
380;340
380;341
380;342
380;343
380;344
380;345
380;346
380;347
380;348
380;349
380;350
380;351
380;352
380;353
380;354
380;355
380;356
380;357
380;358
380;359
381;331
381;332
381;333
381;334
381;335
381;336
381;337
381;338
381;339
381;340
381;341
381;342
381;343
381;344
381;345
381;346
381;347
381;348
381;349
381;350
381;351
381;352
381;353
381;354
381;355
381;356
381;357
381;358
381;359
382;331
382;332
382;333
382;334
382;335
382;336
382;337
382;338
382;339
382;340
382;341
382;342
382;343
382;344
382;345
382;346
382;347
382;348
382;349
382;350
382;351
382;352
382;353
382;354
382;355
382;356
382;357
382;358
382;359
383;330
383;331
383;332
383;333
383;334
383;335
383;336
383;337
383;338
383;339
383;340
383;341
383;342
383;343
383;344
383;345
383;346
383;347
383;348
383;349
383;350
383;351
383;352
383;353
383;354
383;355
383;356
383;357
383;358
383;359
383;360
384;329
384;330
384;331
384;332
384;333
384;334
384;335
384;336
384;337
384;338
384;339
384;340
384;341
384;342
384;343
384;344
384;345
384;346
384;347
384;348
384;349
384;350
384;351
384;352
384;353
384;354
384;355
384;356
384;357
384;358
384;359
384;360
385;328
385;329
385;330
385;331
385;332
385;333
385;334
385;335
385;336
385;337
385;338
385;339
385;340
385;341
385;342
385;343
385;344
385;345
385;346
385;347
385;348
385;349
385;350
385;351
385;352
385;353
385;354
385;355
385;356
385;357
385;358
385;359
385;360
385;361
386;328
386;329
386;330
386;331
386;332
386;333
386;334
386;335
386;336
386;337
386;338
386;339
386;340
386;341
386;342
386;343
386;344
386;345
386;346
386;347
386;348
386;349
386;350
386;351
386;352
386;353
386;354
386;355
386;356
386;357
386;358
386;359
386;360
386;361
387;327
387;328
387;329
387;330
387;331
387;332
387;333
387;334
387;335
387;336
387;337
387;338
387;339
387;340
387;341
387;342
387;343
387;344
387;345
387;346
387;347
387;348
387;349
387;350
387;351
387;352
387;353
387;354
387;355
387;356
387;357
387;358
387;359
387;360
387;361
387;362
388;326
388;327
388;328
388;329
388;330
388;331
388;332
388;333
388;334
388;335
388;336
388;337
388;338
388;339
388;340
388;341
388;342
388;343
388;344
388;345
388;346
388;347
388;348
388;349
388;350
388;351
388;352
388;353
388;354
388;355
388;356
388;357
388;358
388;359
388;360
388;361
388;362
389;325
389;326
389;327
389;328
389;329
389;330
389;331
389;332
389;333
389;334
389;335
389;336
389;337
389;338
389;339
389;340
389;341
389;342
389;343
389;344
389;345
389;346
389;347
389;348
389;349
389;350
389;351
389;352
389;353
389;354
389;355
389;356
389;357
389;358
389;359
389;360
389;361
389;362
390;325
390;326
390;327
390;328
390;329
390;330
390;331
390;332
390;333
390;334
390;335
390;336
390;337
390;338
390;339
390;340
390;341
390;342
390;343
390;344
390;345
390;346
390;347
390;348
390;349
390;350
390;351
390;352
390;353
390;354
390;355
390;356
390;357
390;358
390;359
390;360
390;361
390;362
390;363
391;324
391;325
391;326
391;327
391;328
391;329
391;330
391;331
391;332
391;333
391;334
391;335
391;336
391;337
391;338
391;339
391;340
391;341
391;342
391;343
391;344
391;345
391;346
391;347
391;348
391;349
391;350
391;351
391;352
391;353
391;354
391;355
391;356
391;357
391;358
391;359
391;360
391;361
391;362
391;363
392;323
392;324
392;325
392;326
392;327
392;328
392;329
392;330
392;331
392;332
392;333
392;334
392;335
392;336
392;337
392;338
392;339
392;340
392;341
392;342
392;343
392;344
392;345
392;346
392;347
392;348
392;349
392;350
392;351
392;352
392;353
392;354
392;355
392;356
392;357
392;358
392;359
392;360
392;361
392;362
392;363
392;364
393;322
393;323
393;324
393;325
393;326
393;327
393;328
393;329
393;330
393;331
393;332
393;333
393;334
393;335
393;336
393;337
393;338
393;339
393;340
393;341
393;342
393;343
393;344
393;345
393;346
393;347
393;348
393;349
393;350
393;351
393;352
393;353
393;354
393;355
393;356
393;357
393;358
393;359
393;360
393;361
393;362
393;363
393;364
394;322
394;323
394;324
394;325
394;326
394;327
394;328
394;329
394;330
394;331
394;332
394;333
394;334
394;335
394;336
394;337
394;338
394;339
394;340
394;341
394;342
394;343
394;344
394;345
394;346
394;347
394;348
394;349
394;350
394;351
394;352
394;353
394;354
394;355
394;356
394;357
394;358
394;359
394;360
394;361
394;362
394;363
394;364
395;321
395;322
395;323
395;324
395;325
395;326
395;327
395;328
395;329
395;330
395;331
395;332
395;333
395;334
395;335
395;336
395;337
395;338
395;339
395;340
395;341
395;342
395;343
395;344
395;345
395;346
395;347
395;348
395;349
395;350
395;351
395;352
395;353
395;354
395;355
395;356
395;357
395;358
395;359
395;360
395;361
395;362
395;363
395;364
395;365
396;320
396;321
396;322
396;323
396;324
396;325
396;326
396;327
396;328
396;329
396;330
396;331
396;332
396;333
396;334
396;335
396;336
396;337
396;338
396;339
396;340
396;341
396;342
396;343
396;344
396;345
396;346
396;347
396;348
396;349
396;350
396;351
396;352
396;353
396;354
396;355
396;356
396;357
396;358
396;359
396;360
396;361
396;362
396;363
396;364
396;365
397;319
397;320
397;321
397;322
397;323
397;324
397;325
397;326
397;327
397;328
397;329
397;330
397;331
397;332
397;333
397;334
397;335
397;336
397;337
397;338
397;339
397;340
397;341
397;342
397;343
397;344
397;345
397;346
397;347
397;348
397;349
397;350
397;351
397;352
397;353
397;354
397;355
397;356
397;357
397;358
397;359
397;360
397;361
397;362
397;363
397;364
397;365
397;366
398;318
398;319
398;320
398;321
398;322
398;323
398;324
398;325
398;326
398;327
398;328
398;329
398;330
398;331
398;332
398;333
398;334
398;335
398;336
398;337
398;338
398;339
398;340
398;341
398;342
398;343
398;344
398;345
398;346
398;347
398;348
398;349
398;350
398;351
398;352
398;353
398;354
398;355
398;356
398;357
398;358
398;359
398;360
398;361
398;362
398;363
398;364
398;365
398;366
399;318
399;319
399;320
399;321
399;322
399;323
399;324
399;325
399;326
399;327
399;328
399;329
399;330
399;331
399;332
399;333
399;334
399;335
399;336
399;337
399;338
399;339
399;340
399;341
399;342
399;343
399;344
399;345
399;346
399;347
399;348
399;349
399;350
399;351
399;352
399;353
399;354
399;355
399;356
399;357
399;358
399;359
399;360
399;361
399;362
399;363
399;364
399;365
399;366
399;367
400;317
400;318
400;319
400;320
400;321
400;322
400;323
400;324
400;325
400;326
400;327
400;328
400;329
400;330
400;331
400;332
400;333
400;334
400;335
400;336
400;337
400;338
400;339
400;340
400;341
400;342
400;343
400;344
400;345
400;346
400;347
400;348
400;349
400;350
400;351
400;352
400;353
400;354
400;355
400;356
400;357
400;358
400;359
400;360
400;361
400;362
400;363
400;364
400;365
400;366
400;367
401;316
401;317
401;318
401;319
401;320
401;321
401;322
401;323
401;324
401;325
401;326
401;327
401;328
401;329
401;330
401;331
401;332
401;333
401;334
401;335
401;336
401;337
401;338
401;339
401;340
401;341
401;342
401;343
401;344
401;345
401;346
401;347
401;348
401;349
401;350
401;351
401;352
401;353
401;354
401;355
401;356
401;357
401;358
401;359
401;360
401;361
401;362
401;363
401;364
401;365
401;366
401;367
402;315
402;316
402;317
402;318
402;319
402;320
402;321
402;322
402;323
402;324
402;325
402;326
402;327
402;328
402;329
402;330
402;331
402;332
402;333
402;334
402;335
402;336
402;337
402;338
402;339
402;340
402;341
402;342
402;343
402;344
402;345
402;346
402;347
402;348
402;349
402;350
402;351
402;352
402;353
402;354
402;355
402;356
402;357
402;358
402;359
402;360
402;361
402;362
402;363
402;364
402;365
402;366
402;367
402;368
403;315
403;316
403;317
403;318
403;319
403;320
403;321
403;322
403;323
403;324
403;325
403;326
403;327
403;328
403;329
403;330
403;331
403;332
403;333
403;334
403;335
403;336
403;337
403;338
403;339
403;340
403;341
403;342
403;343
403;344
403;345
403;346
403;347
403;348
403;349
403;350
403;351
403;352
403;353
403;354
403;355
403;356
403;357
403;358
403;359
403;360
403;361
403;362
403;363
403;364
403;365
403;366
403;367
403;368
404;314
404;315
404;316
404;317
404;318
404;319
404;320
404;321
404;322
404;323
404;324
404;325
404;326
404;327
404;328
404;329
404;330
404;331
404;332
404;333
404;334
404;335
404;336
404;337
404;338
404;339
404;340
404;341
404;342
404;343
404;344
404;345
404;346
404;347
404;348
404;349
404;350
404;351
404;352
404;353
404;354
404;355
404;356
404;357
404;358
404;359
404;360
404;361
404;362
404;363
404;364
404;365
404;366
404;367
404;368
404;369
405;313
405;314
405;315
405;316
405;317
405;318
405;319
405;320
405;321
405;322
405;323
405;324
405;325
405;326
405;327
405;328
405;329
405;330
405;331
405;332
405;333
405;334
405;335
405;336
405;337
405;338
405;339
405;340
405;341
405;342
405;343
405;344
405;345
405;346
405;347
405;348
405;349
405;350
405;351
405;352
405;353
405;354
405;355
405;356
405;357
405;358
405;359
405;360
405;361
405;362
405;363
405;364
405;365
405;366
405;367
405;368
405;369
406;312
406;313
406;314
406;315
406;316
406;317
406;318
406;319
406;320
406;321
406;322
406;323
406;324
406;325
406;326
406;327
406;328
406;329
406;330
406;331
406;332
406;333
406;334
406;335
406;336
406;337
406;338
406;339
406;340
406;341
406;342
406;343
406;344
406;345
406;346
406;347
406;348
406;349
406;350
406;351
406;352
406;353
406;354
406;355
406;356
406;357
406;358
406;359
406;360
406;361
406;362
406;363
406;364
406;365
406;366
406;367
406;368
406;369
407;312
407;313
407;314
407;315
407;316
407;317
407;318
407;319
407;320
407;321
407;322
407;323
407;324
407;325
407;326
407;327
407;328
407;329
407;330
407;331
407;332
407;333
407;334
407;335
407;336
407;337
407;338
407;339
407;340
407;341
407;342
407;343
407;344
407;345
407;346
407;347
407;348
407;349
407;350
407;351
407;352
407;353
407;354
407;355
407;356
407;357
407;358
407;359
407;360
407;361
407;362
407;363
407;364
407;365
407;366
407;367
407;368
407;369
407;370
408;311
408;312
408;313
408;314
408;315
408;316
408;317
408;318
408;319
408;320
408;321
408;322
408;323
408;324
408;325
408;326
408;327
408;328
408;329
408;330
408;331
408;332
408;333
408;334
408;335
408;336
408;337
408;338
408;339
408;340
408;341
408;342
408;343
408;344
408;345
408;346
408;347
408;348
408;349
408;350
408;351
408;352
408;353
408;354
408;355
408;356
408;357
408;358
408;359
408;360
408;361
408;362
408;363
408;364
408;365
408;366
408;367
408;368
408;369
408;370
409;310
409;311
409;312
409;313
409;314
409;315
409;316
409;317
409;318
409;319
409;320
409;321
409;322
409;323
409;324
409;325
409;326
409;327
409;328
409;329
409;330
409;331
409;332
409;333
409;334
409;335
409;336
409;337
409;338
409;339
409;340
409;341
409;342
409;343
409;344
409;345
409;346
409;347
409;348
409;349
409;350
409;351
409;352
409;353
409;354
409;355
409;356
409;357
409;358
409;359
409;360
409;361
409;362
409;363
409;364
409;365
409;366
409;367
409;368
409;369
409;370
409;371
410;309
410;310
410;311
410;312
410;313
410;314
410;315
410;316
410;317
410;318
410;319
410;320
410;321
410;322
410;323
410;324
410;325
410;326
410;327
410;328
410;329
410;330
410;331
410;332
410;333
410;334
410;335
410;336
410;337
410;338
410;339
410;340
410;341
410;342
410;343
410;344
410;345
410;346
410;347
410;348
410;349
410;350
410;351
410;352
410;353
410;354
410;355
410;356
410;357
410;358
410;359
410;360
410;361
410;362
410;363
410;364
410;365
410;366
410;367
410;368
410;369
410;370
410;371
411;309
411;310
411;311
411;312
411;313
411;314
411;315
411;316
411;317
411;318
411;319
411;320
411;321
411;322
411;323
411;324
411;325
411;326
411;327
411;328
411;329
411;330
411;331
411;332
411;333
411;334
411;335
411;336
411;337
411;338
411;339
411;340
411;341
411;342
411;343
411;344
411;345
411;346
411;347
411;348
411;349
411;350
411;351
411;352
411;353
411;354
411;355
411;356
411;357
411;358
411;359
411;360
411;361
411;362
411;363
411;364
411;365
411;366
411;367
411;368
411;369
411;370
411;371
411;372
412;308
412;309
412;310
412;311
412;312
412;313
412;314
412;315
412;316
412;317
412;318
412;319
412;320
412;321
412;322
412;323
412;324
412;325
412;326
412;327
412;328
412;329
412;330
412;331
412;332
412;333
412;334
412;335
412;336
412;337
412;338
412;339
412;340
412;341
412;342
412;343
412;344
412;345
412;346
412;347
412;348
412;349
412;350
412;351
412;352
412;353
412;354
412;355
412;356
412;357
412;358
412;359
412;360
412;361
412;362
412;363
412;364
412;365
412;366
412;367
412;368
412;369
412;370
412;371
412;372
413;307
413;308
413;309
413;310
413;311
413;312
413;313
413;314
413;315
413;316
413;317
413;318
413;319
413;320
413;321
413;322
413;323
413;324
413;325
413;326
413;327
413;328
413;329
413;330
413;331
413;332
413;333
413;334
413;335
413;336
413;337
413;338
413;339
413;340
413;341
413;342
413;343
413;344
413;345
413;346
413;347
413;348
413;349
413;350
413;351
413;352
413;353
413;354
413;355
413;356
413;357
413;358
413;359
413;360
413;361
413;362
413;363
413;364
413;365
413;366
413;367
413;368
413;369
413;370
413;371
413;372
414;306
414;307
414;308
414;309
414;310
414;311
414;312
414;313
414;314
414;315
414;316
414;317
414;318
414;319
414;320
414;321
414;322
414;323
414;324
414;325
414;326
414;327
414;328
414;329
414;330
414;331
414;332
414;333
414;334
414;335
414;336
414;337
414;338
414;339
414;340
414;341
414;342
414;343
414;344
414;345
414;346
414;347
414;348
414;349
414;350
414;351
414;352
414;353
414;354
414;355
414;356
414;357
414;358
414;359
414;360
414;361
414;362
414;363
414;364
414;365
414;366
414;367
414;368
414;369
414;370
414;371
414;372
414;373
415;306
415;307
415;308
415;309
415;310
415;311
415;312
415;313
415;314
415;315
415;316
415;317
415;318
415;319
415;320
415;321
415;322
415;323
415;324
415;325
415;326
415;327
415;328
415;329
415;330
415;331
415;332
415;333
415;334
415;335
415;336
415;337
415;338
415;339
415;340
415;341
415;342
415;343
415;344
415;345
415;346
415;347
415;348
415;349
415;350
415;351
415;352
415;353
415;354
415;355
415;356
415;357
415;358
415;359
415;360
415;361
415;362
415;363
415;364
415;365
415;366
415;367
415;368
415;369
415;370
415;371
415;372
415;373
416;305
416;306
416;307
416;308
416;309
416;310
416;311
416;312
416;313
416;314
416;315
416;316
416;317
416;318
416;319
416;320
416;321
416;322
416;323
416;324
416;325
416;326
416;327
416;328
416;329
416;330
416;331
416;332
416;333
416;334
416;335
416;336
416;337
416;338
416;339
416;340
416;341
416;342
416;343
416;344
416;345
416;346
416;347
416;348
416;349
416;350
416;351
416;352
416;353
416;354
416;355
416;356
416;357
416;358
416;359
416;360
416;361
416;362
416;363
416;364
416;365
416;366
416;367
416;368
416;369
416;370
416;371
416;372
416;373
416;374
417;304
417;305
417;306
417;307
417;308
417;309
417;310
417;311
417;312
417;313
417;314
417;315
417;316
417;317
417;318
417;319
417;320
417;321
417;322
417;323
417;324
417;325
417;326
417;327
417;328
417;329
417;330
417;331
417;332
417;333
417;334
417;335
417;336
417;337
417;338
417;339
417;340
417;341
417;342
417;343
417;344
417;345
417;346
417;347
417;348
417;349
417;350
417;351
417;352
417;353
417;354
417;355
417;356
417;357
417;358
417;359
417;360
417;361
417;362
417;363
417;364
417;365
417;366
417;367
417;368
417;369
417;370
417;371
417;372
417;373
417;374
418;303
418;304
418;305
418;306
418;307
418;308
418;309
418;310
418;311
418;312
418;313
418;314
418;315
418;316
418;317
418;318
418;319
418;320
418;321
418;322
418;323
418;324
418;325
418;326
418;327
418;328
418;329
418;330
418;331
418;332
418;333
418;334
418;335
418;336
418;337
418;338
418;339
418;340
418;341
418;342
418;343
418;344
418;345
418;346
418;347
418;348
418;349
418;350
418;351
418;352
418;353
418;354
418;355
418;356
418;357
418;358
418;359
418;360
418;361
418;362
418;363
418;364
418;365
418;366
418;367
418;368
418;369
418;370
418;371
418;372
418;373
418;374
418;375
419;303
419;304
419;305
419;306
419;307
419;308
419;309
419;310
419;311
419;312
419;313
419;314
419;315
419;316
419;317
419;318
419;319
419;320
419;321
419;322
419;323
419;324
419;325
419;326
419;327
419;328
419;329
419;330
419;331
419;332
419;333
419;334
419;335
419;336
419;337
419;338
419;339
419;340
419;341
419;342
419;343
419;344
419;345
419;346
419;347
419;348
419;349
419;350
419;351
419;352
419;353
419;354
419;355
419;356
419;357
419;358
419;359
419;360
419;361
419;362
419;363
419;364
419;365
419;366
419;367
419;368
419;369
419;370
419;371
419;372
419;373
419;374
419;375
420;302
420;303
420;304
420;305
420;306
420;307
420;308
420;309
420;310
420;311
420;312
420;313
420;314
420;315
420;316
420;317
420;318
420;319
420;320
420;321
420;322
420;323
420;324
420;325
420;326
420;327
420;328
420;329
420;330
420;331
420;332
420;333
420;334
420;335
420;336
420;337
420;338
420;339
420;340
420;341
420;342
420;343
420;344
420;345
420;346
420;347
420;348
420;349
420;350
420;351
420;352
420;353
420;354
420;355
420;356
420;357
420;358
420;359
420;360
420;361
420;362
420;363
420;364
420;365
420;366
420;367
420;368
420;369
420;370
420;371
420;372
420;373
420;374
420;375
421;301
421;302
421;303
421;304
421;305
421;306
421;307
421;308
421;309
421;310
421;311
421;312
421;313
421;314
421;315
421;316
421;317
421;318
421;319
421;320
421;321
421;322
421;323
421;324
421;325
421;326
421;327
421;328
421;329
421;330
421;331
421;332
421;333
421;334
421;335
421;336
421;337
421;338
421;339
421;340
421;341
421;342
421;343
421;344
421;345
421;346
421;347
421;348
421;349
421;350
421;351
421;352
421;353
421;354
421;355
421;356
421;357
421;358
421;359
421;360
421;361
421;362
421;363
421;364
421;365
421;366
421;367
421;368
421;369
421;370
421;371
421;372
421;373
421;374
421;375
421;376
422;300
422;301
422;302
422;303
422;304
422;305
422;306
422;307
422;308
422;309
422;310
422;311
422;312
422;313
422;314
422;315
422;316
422;317
422;318
422;319
422;320
422;321
422;322
422;323
422;324
422;325
422;326
422;327
422;328
422;329
422;330
422;331
422;332
422;333
422;334
422;335
422;336
422;337
422;338
422;339
422;340
422;341
422;342
422;343
422;344
422;345
422;346
422;347
422;348
422;349
422;350
422;351
422;352
422;353
422;354
422;355
422;356
422;357
422;358
422;359
422;360
422;361
422;362
422;363
422;364
422;365
422;366
422;367
422;368
422;369
422;370
422;371
422;372
422;373
422;374
422;375
422;376
423;299
423;300
423;301
423;302
423;303
423;304
423;305
423;306
423;307
423;308
423;309
423;310
423;311
423;312
423;313
423;314
423;315
423;316
423;317
423;318
423;319
423;320
423;321
423;322
423;323
423;324
423;325
423;326
423;327
423;328
423;329
423;330
423;331
423;332
423;333
423;334
423;335
423;336
423;337
423;338
423;339
423;340
423;341
423;342
423;343
423;344
423;345
423;346
423;347
423;348
423;349
423;350
423;351
423;352
423;353
423;354
423;355
423;356
423;357
423;358
423;359
423;360
423;361
423;362
423;363
423;364
423;365
423;366
423;367
423;368
423;369
423;370
423;371
423;372
423;373
423;374
423;375
423;376
423;377
424;299
424;300
424;301
424;302
424;303
424;304
424;305
424;306
424;307
424;308
424;309
424;310
424;311
424;312
424;313
424;314
424;315
424;316
424;317
424;318
424;319
424;320
424;321
424;322
424;323
424;324
424;325
424;326
424;327
424;328
424;329
424;330
424;331
424;332
424;333
424;334
424;335
424;336
424;337
424;338
424;339
424;340
424;341
424;342
424;343
424;344
424;345
424;346
424;347
424;348
424;349
424;350
424;351
424;352
424;353
424;354
424;355
424;356
424;357
424;358
424;359
424;360
424;361
424;362
424;363
424;364
424;365
424;366
424;367
424;368
424;369
424;370
424;371
424;372
424;373
424;374
424;375
424;376
424;377
425;298
425;299
425;300
425;301
425;302
425;303
425;304
425;305
425;306
425;307
425;308
425;309
425;310
425;311
425;312
425;313
425;314
425;315
425;316
425;317
425;318
425;319
425;320
425;321
425;322
425;323
425;324
425;325
425;326
425;327
425;328
425;329
425;330
425;331
425;332
425;333
425;334
425;335
425;336
425;337
425;338
425;339
425;340
425;341
425;342
425;343
425;344
425;345
425;346
425;347
425;348
425;349
425;350
425;351
425;352
425;353
425;354
425;355
425;356
425;357
425;358
425;359
425;360
425;361
425;362
425;363
425;364
425;365
425;366
425;367
425;368
425;369
425;370
425;371
425;372
425;373
425;374
425;375
425;376
425;377
426;297
426;298
426;299
426;300
426;301
426;302
426;303
426;304
426;305
426;306
426;307
426;308
426;309
426;310
426;311
426;312
426;313
426;314
426;315
426;316
426;317
426;318
426;319
426;320
426;321
426;322
426;323
426;324
426;325
426;326
426;327
426;328
426;329
426;330
426;331
426;332
426;333
426;334
426;335
426;336
426;337
426;338
426;339
426;340
426;341
426;342
426;343
426;344
426;345
426;346
426;347
426;348
426;349
426;350
426;351
426;352
426;353
426;354
426;355
426;356
426;357
426;358
426;359
426;360
426;361
426;362
426;363
426;364
426;365
426;366
426;367
426;368
426;369
426;370
426;371
426;372
426;373
426;374
426;375
426;376
426;377
426;378
427;296
427;297
427;298
427;299
427;300
427;301
427;302
427;303
427;304
427;305
427;306
427;307
427;308
427;309
427;310
427;311
427;312
427;313
427;314
427;315
427;316
427;317
427;318
427;319
427;320
427;321
427;322
427;323
427;324
427;325
427;326
427;327
427;328
427;329
427;330
427;331
427;332
427;333
427;334
427;335
427;336
427;337
427;338
427;339
427;340
427;341
427;342
427;343
427;344
427;345
427;346
427;347
427;348
427;349
427;350
427;351
427;352
427;353
427;354
427;355
427;356
427;357
427;358
427;359
427;360
427;361
427;362
427;363
427;364
427;365
427;366
427;367
427;368
427;369
427;370
427;371
427;372
427;373
427;374
427;375
427;376
427;377
427;378
428;296
428;297
428;298
428;299
428;300
428;301
428;302
428;303
428;304
428;305
428;306
428;307
428;308
428;309
428;310
428;311
428;312
428;313
428;314
428;315
428;316
428;317
428;318
428;319
428;320
428;321
428;322
428;323
428;324
428;325
428;326
428;327
428;328
428;329
428;330
428;331
428;332
428;333
428;334
428;335
428;336
428;337
428;338
428;339
428;340
428;341
428;342
428;343
428;344
428;345
428;346
428;347
428;348
428;349
428;350
428;351
428;352
428;353
428;354
428;355
428;356
428;357
428;358
428;359
428;360
428;361
428;362
428;363
428;364
428;365
428;366
428;367
428;368
428;369
428;370
428;371
428;372
428;373
428;374
428;375
428;376
428;377
428;378
428;379
429;295
429;296
429;297
429;298
429;299
429;300
429;301
429;302
429;303
429;304
429;305
429;306
429;307
429;308
429;309
429;310
429;311
429;312
429;313
429;314
429;315
429;316
429;317
429;318
429;319
429;320
429;321
429;322
429;323
429;324
429;325
429;326
429;327
429;328
429;329
429;330
429;331
429;332
429;333
429;334
429;335
429;336
429;337
429;338
429;339
429;340
429;341
429;342
429;343
429;344
429;345
429;346
429;347
429;348
429;349
429;350
429;351
429;352
429;353
429;354
429;355
429;356
429;357
429;358
429;359
429;360
429;361
429;362
429;363
429;364
429;365
429;366
429;367
429;368
429;369
429;370
429;371
429;372
429;373
429;374
429;375
429;376
429;377
429;378
429;379
430;294
430;295
430;296
430;297
430;298
430;299
430;300
430;301
430;302
430;303
430;304
430;305
430;306
430;307
430;308
430;309
430;310
430;311
430;312
430;313
430;314
430;315
430;316
430;317
430;318
430;319
430;320
430;321
430;322
430;323
430;324
430;325
430;326
430;327
430;328
430;329
430;330
430;331
430;332
430;333
430;334
430;335
430;336
430;337
430;338
430;339
430;340
430;341
430;342
430;343
430;344
430;345
430;346
430;347
430;348
430;349
430;350
430;351
430;352
430;353
430;354
430;355
430;356
430;357
430;358
430;359
430;360
430;361
430;362
430;363
430;364
430;365
430;366
430;367
430;368
430;369
430;370
430;371
430;372
430;373
430;374
430;375
430;376
430;377
430;378
430;379
430;380
431;293
431;294
431;295
431;296
431;297
431;298
431;299
431;300
431;301
431;302
431;303
431;304
431;305
431;306
431;307
431;308
431;309
431;310
431;311
431;312
431;313
431;314
431;315
431;316
431;317
431;318
431;319
431;320
431;321
431;322
431;323
431;324
431;325
431;326
431;327
431;328
431;329
431;330
431;331
431;332
431;333
431;334
431;335
431;336
431;337
431;338
431;339
431;340
431;341
431;342
431;343
431;344
431;345
431;346
431;347
431;348
431;349
431;350
431;351
431;352
431;353
431;354
431;355
431;356
431;357
431;358
431;359
431;360
431;361
431;362
431;363
431;364
431;365
431;366
431;367
431;368
431;369
431;370
431;371
431;372
431;373
431;374
431;375
431;376
431;377
431;378
431;379
431;380
432;293
432;294
432;295
432;296
432;297
432;298
432;299
432;300
432;301
432;302
432;303
432;304
432;305
432;306
432;307
432;308
432;309
432;310
432;311
432;312
432;313
432;314
432;315
432;316
432;317
432;318
432;319
432;320
432;321
432;322
432;323
432;324
432;325
432;326
432;327
432;328
432;329
432;330
432;331
432;332
432;333
432;334
432;335
432;336
432;337
432;338
432;339
432;340
432;341
432;342
432;343
432;344
432;345
432;346
432;347
432;348
432;349
432;350
432;351
432;352
432;353
432;354
432;355
432;356
432;357
432;358
432;359
432;360
432;361
432;362
432;363
432;364
432;365
432;366
432;367
432;368
432;369
432;370
432;371
432;372
432;373
432;374
432;375
432;376
432;377
432;378
432;379
432;380
433;292
433;293
433;294
433;295
433;296
433;297
433;298
433;299
433;300
433;301
433;302
433;303
433;304
433;305
433;306
433;307
433;308
433;309
433;310
433;311
433;312
433;313
433;314
433;315
433;316
433;317
433;318
433;319
433;320
433;321
433;322
433;323
433;324
433;325
433;326
433;327
433;328
433;329
433;330
433;331
433;332
433;333
433;334
433;335
433;336
433;337
433;338
433;339
433;340
433;341
433;342
433;343
433;344
433;345
433;346
433;347
433;348
433;349
433;350
433;351
433;352
433;353
433;354
433;355
433;356
433;357
433;358
433;359
433;360
433;361
433;362
433;363
433;364
433;365
433;366
433;367
433;368
433;369
433;370
433;371
433;372
433;373
433;374
433;375
433;376
433;377
433;378
433;379
433;380
433;381
434;291
434;292
434;293
434;294
434;295
434;296
434;297
434;298
434;299
434;300
434;301
434;302
434;303
434;304
434;305
434;306
434;307
434;308
434;309
434;310
434;311
434;312
434;313
434;314
434;315
434;316
434;317
434;318
434;319
434;320
434;321
434;322
434;323
434;324
434;325
434;326
434;327
434;328
434;329
434;330
434;331
434;332
434;333
434;334
434;335
434;336
434;337
434;338
434;339
434;340
434;341
434;342
434;343
434;344
434;345
434;346
434;347
434;348
434;349
434;350
434;351
434;352
434;353
434;354
434;355
434;356
434;357
434;358
434;359
434;360
434;361
434;362
434;363
434;364
434;365
434;366
434;367
434;368
434;369
434;370
434;371
434;372
434;373
434;374
434;375
434;376
434;377
434;378
434;379
434;380
434;381
435;290
435;291
435;292
435;293
435;294
435;295
435;296
435;297
435;298
435;299
435;300
435;301
435;302
435;303
435;304
435;305
435;306
435;307
435;308
435;309
435;310
435;311
435;312
435;313
435;314
435;315
435;316
435;317
435;318
435;319
435;320
435;321
435;322
435;323
435;324
435;325
435;326
435;327
435;328
435;329
435;330
435;331
435;332
435;333
435;334
435;335
435;336
435;337
435;338
435;339
435;340
435;341
435;342
435;343
435;344
435;345
435;346
435;347
435;348
435;349
435;350
435;351
435;352
435;353
435;354
435;355
435;356
435;357
435;358
435;359
435;360
435;361
435;362
435;363
435;364
435;365
435;366
435;367
435;368
435;369
435;370
435;371
435;372
435;373
435;374
435;375
435;376
435;377
435;378
435;379
435;380
435;381
435;382
436;290
436;291
436;292
436;293
436;294
436;295
436;296
436;297
436;298
436;299
436;300
436;301
436;302
436;303
436;304
436;305
436;306
436;307
436;308
436;309
436;310
436;311
436;312
436;313
436;314
436;315
436;316
436;317
436;318
436;319
436;320
436;321
436;322
436;323
436;324
436;325
436;326
436;327
436;328
436;329
436;330
436;331
436;332
436;333
436;334
436;335
436;336
436;337
436;338
436;339
436;340
436;341
436;342
436;343
436;344
436;345
436;346
436;347
436;348
436;349
436;350
436;351
436;352
436;353
436;354
436;355
436;356
436;357
436;358
436;359
436;360
436;361
436;362
436;363
436;364
436;365
436;366
436;367
436;368
436;369
436;370
436;371
436;372
436;373
436;374
436;375
436;376
436;377
436;378
436;379
436;380
436;381
436;382
437;289
437;290
437;291
437;292
437;293
437;294
437;295
437;296
437;297
437;298
437;299
437;300
437;301
437;302
437;303
437;304
437;305
437;306
437;307
437;308
437;309
437;310
437;311
437;312
437;313
437;314
437;315
437;316
437;317
437;318
437;319
437;320
437;321
437;322
437;323
437;324
437;325
437;326
437;327
437;328
437;329
437;330
437;331
437;332
437;333
437;334
437;335
437;336
437;337
437;338
437;339
437;340
437;341
437;342
437;343
437;344
437;345
437;346
437;347
437;348
437;349
437;350
437;351
437;352
437;353
437;354
437;355
437;356
437;357
437;358
437;359
437;360
437;361
437;362
437;363
437;364
437;365
437;366
437;367
437;368
437;369
437;370
437;371
437;372
437;373
437;374
437;375
437;376
437;377
437;378
437;379
437;380
437;381
437;382
438;288
438;289
438;290
438;291
438;292
438;293
438;294
438;295
438;296
438;297
438;298
438;299
438;300
438;301
438;302
438;303
438;304
438;305
438;306
438;307
438;308
438;309
438;310
438;311
438;312
438;313
438;314
438;315
438;316
438;317
438;318
438;319
438;320
438;321
438;322
438;323
438;324
438;325
438;326
438;327
438;328
438;329
438;330
438;331
438;332
438;333
438;334
438;335
438;336
438;337
438;338
438;339
438;340
438;341
438;342
438;343
438;344
438;345
438;346
438;347
438;348
438;349
438;350
438;351
438;352
438;353
438;354
438;355
438;356
438;357
438;358
438;359
438;360
438;361
438;362
438;363
438;364
438;365
438;366
438;367
438;368
438;369
438;370
438;371
438;372
438;373
438;374
438;375
438;376
438;377
438;378
438;379
438;380
438;381
438;382
438;383
439;287
439;288
439;289
439;290
439;291
439;292
439;293
439;294
439;295
439;296
439;297
439;298
439;299
439;300
439;301
439;302
439;303
439;304
439;305
439;306
439;307
439;308
439;309
439;310
439;311
439;312
439;313
439;314
439;315
439;316
439;317
439;318
439;319
439;320
439;321
439;322
439;323
439;324
439;325
439;326
439;327
439;328
439;329
439;330
439;331
439;332
439;333
439;334
439;335
439;336
439;337
439;338
439;339
439;340
439;341
439;342
439;343
439;344
439;345
439;346
439;347
439;348
439;349
439;350
439;351
439;352
439;353
439;354
439;355
439;356
439;357
439;358
439;359
439;360
439;361
439;362
439;363
439;364
439;365
439;366
439;367
439;368
439;369
439;370
439;371
439;372
439;373
439;374
439;375
439;376
439;377
439;378
439;379
439;380
439;381
439;382
439;383
440;287
440;288
440;289
440;290
440;291
440;292
440;293
440;294
440;295
440;296
440;297
440;298
440;299
440;300
440;301
440;302
440;303
440;304
440;305
440;306
440;307
440;308
440;309
440;310
440;311
440;312
440;313
440;314
440;315
440;316
440;317
440;318
440;319
440;320
440;321
440;322
440;323
440;324
440;325
440;326
440;327
440;328
440;329
440;330
440;331
440;332
440;333
440;334
440;335
440;336
440;337
440;338
440;339
440;340
440;341
440;342
440;343
440;344
440;345
440;346
440;347
440;348
440;349
440;350
440;351
440;352
440;353
440;354
440;355
440;356
440;357
440;358
440;359
440;360
440;361
440;362
440;363
440;364
440;365
440;366
440;367
440;368
440;369
440;370
440;371
440;372
440;373
440;374
440;375
440;376
440;377
440;378
440;379
440;380
440;381
440;382
440;383
440;384
441;286
441;287
441;288
441;289
441;290
441;291
441;292
441;293
441;294
441;295
441;296
441;297
441;298
441;299
441;300
441;301
441;302
441;303
441;304
441;305
441;306
441;307
441;308
441;309
441;310
441;311
441;312
441;313
441;314
441;315
441;316
441;317
441;318
441;319
441;320
441;321
441;322
441;323
441;324
441;325
441;326
441;327
441;328
441;329
441;330
441;331
441;332
441;333
441;334
441;335
441;336
441;337
441;338
441;339
441;340
441;341
441;342
441;343
441;344
441;345
441;346
441;347
441;348
441;349
441;350
441;351
441;352
441;353
441;354
441;355
441;356
441;357
441;358
441;359
441;360
441;361
441;362
441;363
441;364
441;365
441;366
441;367
441;368
441;369
441;370
441;371
441;372
441;373
441;374
441;375
441;376
441;377
441;378
441;379
441;380
441;381
441;382
441;383
441;384
442;294
442;295
442;296
442;297
442;298
442;299
442;300
442;301
442;302
442;303
442;304
442;305
442;306
442;307
442;308
442;309
442;310
442;311
442;312
442;313
442;314
442;315
442;316
442;317
442;318
442;319
442;320
442;321
442;322
442;323
442;324
442;325
442;326
442;327
442;328
442;329
442;330
442;331
442;332
442;333
442;334
442;335
442;336
442;337
442;338
442;339
442;340
442;341
442;342
442;343
442;344
442;345
442;346
442;347
442;348
442;349
442;350
442;351
442;352
442;353
442;354
442;355
442;356
442;357
442;358
442;359
442;360
442;361
442;362
442;363
442;364
442;365
442;366
442;367
442;368
442;369
442;370
442;371
442;372
442;373
442;374
442;375
442;376
442;377
442;378
442;379
442;380
442;381
442;382
442;383
442;384
442;385
443;302
443;303
443;304
443;305
443;306
443;307
443;308
443;309
443;310
443;311
443;312
443;313
443;314
443;315
443;316
443;317
443;318
443;319
443;320
443;321
443;322
443;323
443;324
443;325
443;326
443;327
443;328
443;329
443;330
443;331
443;332
443;333
443;334
443;335
443;336
443;337
443;338
443;339
443;340
443;341
443;342
443;343
443;344
443;345
443;346
443;347
443;348
443;349
443;350
443;351
443;352
443;353
443;354
443;355
443;356
443;357
443;358
443;359
443;360
443;361
443;362
443;363
443;364
443;365
443;366
443;367
443;368
443;369
443;370
443;371
443;372
443;373
443;374
443;375
443;376
443;377
443;378
443;379
443;380
443;381
443;382
443;383
443;384
443;385
444;310
444;311
444;312
444;313
444;314
444;315
444;316
444;317
444;318
444;319
444;320
444;321
444;322
444;323
444;324
444;325
444;326
444;327
444;328
444;329
444;330
444;331
444;332
444;333
444;334
444;335
444;336
444;337
444;338
444;339
444;340
444;341
444;342
444;343
444;344
444;345
444;346
444;347
444;348
444;349
444;350
444;351
444;352
444;353
444;354
444;355
444;356
444;357
444;358
444;359
444;360
444;361
444;362
444;363
444;364
444;365
444;366
444;367
444;368
444;369
444;370
444;371
444;372
444;373
444;374
444;375
444;376
444;377
444;378
444;379
444;380
444;381
444;382
444;383
444;384
444;385
445;318
445;319
445;320
445;321
445;322
445;323
445;324
445;325
445;326
445;327
445;328
445;329
445;330
445;331
445;332
445;333
445;334
445;335
445;336
445;337
445;338
445;339
445;340
445;341
445;342
445;343
445;344
445;345
445;346
445;347
445;348
445;349
445;350
445;351
445;352
445;353
445;354
445;355
445;356
445;357
445;358
445;359
445;360
445;361
445;362
445;363
445;364
445;365
445;366
445;367
445;368
445;369
445;370
445;371
445;372
445;373
445;374
445;375
445;376
445;377
445;378
445;379
445;380
445;381
445;382
445;383
445;384
445;385
445;386
446;326
446;327
446;328
446;329
446;330
446;331
446;332
446;333
446;334
446;335
446;336
446;337
446;338
446;339
446;340
446;341
446;342
446;343
446;344
446;345
446;346
446;347
446;348
446;349
446;350
446;351
446;352
446;353
446;354
446;355
446;356
446;357
446;358
446;359
446;360
446;361
446;362
446;363
446;364
446;365
446;366
446;367
446;368
446;369
446;370
446;371
446;372
446;373
446;374
446;375
446;376
446;377
446;378
446;379
446;380
446;381
446;382
446;383
446;384
446;385
446;386
447;334
447;335
447;336
447;337
447;338
447;339
447;340
447;341
447;342
447;343
447;344
447;345
447;346
447;347
447;348
447;349
447;350
447;351
447;352
447;353
447;354
447;355
447;356
447;357
447;358
447;359
447;360
447;361
447;362
447;363
447;364
447;365
447;366
447;367
447;368
447;369
447;370
447;371
447;372
447;373
447;374
447;375
447;376
447;377
447;378
447;379
447;380
447;381
447;382
447;383
447;384
447;385
447;386
447;387
448;341
448;342
448;343
448;344
448;345
448;346
448;347
448;348
448;349
448;350
448;351
448;352
448;353
448;354
448;355
448;356
448;357
448;358
448;359
448;360
448;361
448;362
448;363
448;364
448;365
448;366
448;367
448;368
448;369
448;370
448;371
448;372
448;373
448;374
448;375
448;376
448;377
448;378
448;379
448;380
448;381
448;382
448;383
448;384
448;385
448;386
448;387
449;349
449;350
449;351
449;352
449;353
449;354
449;355
449;356
449;357
449;358
449;359
449;360
449;361
449;362
449;363
449;364
449;365
449;366
449;367
449;368
449;369
449;370
449;371
449;372
449;373
449;374
449;375
449;376
449;377
449;378
449;379
449;380
449;381
449;382
449;383
449;384
449;385
449;386
449;387
449;388
450;357
450;358
450;359
450;360
450;361
450;362
450;363
450;364
450;365
450;366
450;367
450;368
450;369
450;370
450;371
450;372
450;373
450;374
450;375
450;376
450;377
450;378
450;379
450;380
450;381
450;382
450;383
450;384
450;385
450;386
450;387
450;388
451;365
451;366
451;367
451;368
451;369
451;370
451;371
451;372
451;373
451;374
451;375
451;376
451;377
451;378
451;379
451;380
451;381
451;382
451;383
451;384
451;385
451;386
451;387
451;388
452;373
452;374
452;375
452;376
452;377
452;378
452;379
452;380
452;381
452;382
452;383
452;384
452;385
452;386
452;387
452;388
452;389
453;381
453;382
453;383
453;384
453;385
453;386
453;387
453;388
453;389
454;389
454;390
458;334
459;333
459;334
459;335
459;336
459;337
460;333
460;334
460;335
460;336
460;337
460;338
460;339
461;333
461;334
461;335
461;336
461;337
461;338
461;339
461;340
461;341
461;342
462;332
462;333
462;334
462;335
462;336
462;337
462;338
462;339
462;340
462;341
462;342
462;343
462;344
463;332
463;333
463;334
463;335
463;336
463;337
463;338
463;339
463;340
463;341
463;342
463;343
463;344
463;345
463;346
463;347
464;331
464;332
464;333
464;334
464;335
464;336
464;337
464;338
464;339
464;340
464;341
464;342
464;343
464;344
464;345
464;346
464;347
464;348
464;349
464;350
465;331
465;332
465;333
465;334
465;335
465;336
465;337
465;338
465;339
465;340
465;341
465;342
465;343
465;344
465;345
465;346
465;347
465;348
465;349
465;350
465;351
465;352
466;331
466;332
466;333
466;334
466;335
466;336
466;337
466;338
466;339
466;340
466;341
466;342
466;343
466;344
466;345
466;346
466;347
466;348
466;349
466;350
466;351
466;352
466;353
466;354
466;355
467;330
467;331
467;332
467;333
467;334
467;335
467;336
467;337
467;338
467;339
467;340
467;341
467;342
467;343
467;344
467;345
467;346
467;347
467;348
467;349
467;350
467;351
467;352
467;353
467;354
467;355
467;356
467;357
468;330
468;331
468;332
468;333
468;334
468;335
468;336
468;337
468;338
468;339
468;340
468;341
468;342
468;343
468;344
468;345
468;346
468;347
468;348
468;349
468;350
468;351
468;352
468;353
468;354
468;355
468;356
468;357
468;358
468;359
468;360
469;329
469;330
469;331
469;332
469;333
469;334
469;335
469;336
469;337
469;338
469;339
469;340
469;341
469;342
469;343
469;344
469;345
469;346
469;347
469;348
469;349
469;350
469;351
469;352
469;353
469;354
469;355
469;356
469;357
469;358
469;359
469;360
469;361
469;362
469;363
470;329
470;330
470;331
470;332
470;333
470;334
470;335
470;336
470;337
470;338
470;339
470;340
470;341
470;342
470;343
470;344
470;345
470;346
470;347
470;348
470;349
470;350
470;351
470;352
470;353
470;354
470;355
470;356
470;357
470;358
470;359
470;360
470;361
470;362
470;363
470;364
470;365
471;329
471;330
471;331
471;332
471;333
471;334
471;335
471;336
471;337
471;338
471;339
471;340
471;341
471;342
471;343
471;344
471;345
471;346
471;347
471;348
471;349
471;350
471;351
471;352
471;353
471;354
471;355
471;356
471;357
471;358
471;359
471;360
471;361
471;362
471;363
471;364
471;365
471;366
471;367
471;368
472;328
472;329
472;330
472;331
472;332
472;333
472;334
472;335
472;336
472;337
472;338
472;339
472;340
472;341
472;342
472;343
472;344
472;345
472;346
472;347
472;348
472;349
472;350
472;351
472;352
472;353
472;354
472;355
472;356
472;357
472;358
472;359
472;360
472;361
472;362
472;363
472;364
472;365
472;366
472;367
473;328
473;329
473;330
473;331
473;332
473;333
473;334
473;335
473;336
473;337
473;338
473;339
473;340
473;341
473;342
473;343
473;344
473;345
473;346
473;347
473;348
473;349
473;350
473;351
473;352
473;353
473;354
473;355
473;356
473;357
473;358
473;359
473;360
473;361
473;362
473;363
473;364
473;365
473;366
473;367
474;328
474;329
474;330
474;331
474;332
474;333
474;334
474;335
474;336
474;337
474;338
474;339
474;340
474;341
474;342
474;343
474;344
474;345
474;346
474;347
474;348
474;349
474;350
474;351
474;352
474;353
474;354
474;355
474;356
474;357
474;358
474;359
474;360
474;361
474;362
474;363
474;364
474;365
474;366
474;367
475;327
475;328
475;329
475;330
475;331
475;332
475;333
475;334
475;335
475;336
475;337
475;338
475;339
475;340
475;341
475;342
475;343
475;344
475;345
475;346
475;347
475;348
475;349
475;350
475;351
475;352
475;353
475;354
475;355
475;356
475;357
475;358
475;359
475;360
475;361
475;362
475;363
475;364
475;365
475;366
476;327
476;328
476;329
476;330
476;331
476;332
476;333
476;334
476;335
476;336
476;337
476;338
476;339
476;340
476;341
476;342
476;343
476;344
476;345
476;346
476;347
476;348
476;349
476;350
476;351
476;352
476;353
476;354
476;355
476;356
476;357
476;358
476;359
476;360
476;361
476;362
476;363
476;364
476;365
476;366
477;326
477;327
477;328
477;329
477;330
477;331
477;332
477;333
477;334
477;335
477;336
477;337
477;338
477;339
477;340
477;341
477;342
477;343
477;344
477;345
477;346
477;347
477;348
477;349
477;350
477;351
477;352
477;353
477;354
477;355
477;356
477;357
477;358
477;359
477;360
477;361
477;362
477;363
477;364
477;365
478;326
478;327
478;328
478;329
478;330
478;331
478;332
478;333
478;334
478;335
478;336
478;337
478;338
478;339
478;340
478;341
478;342
478;343
478;344
478;345
478;346
478;347
478;348
478;349
478;350
478;351
478;352
478;353
478;354
478;355
478;356
478;357
478;358
478;359
478;360
478;361
478;362
478;363
478;364
478;365
479;326
479;327
479;328
479;329
479;330
479;331
479;332
479;333
479;334
479;335
479;336
479;337
479;338
479;339
479;340
479;341
479;342
479;343
479;344
479;345
479;346
479;347
479;348
479;349
479;350
479;351
479;352
479;353
479;354
479;355
479;356
479;357
479;358
479;359
479;360
479;361
479;362
479;363
479;364
479;365
480;325
480;326
480;327
480;328
480;329
480;330
480;331
480;332
480;333
480;334
480;335
480;336
480;337
480;338
480;339
480;340
480;341
480;342
480;343
480;344
480;345
480;346
480;347
480;348
480;349
480;350
480;351
480;352
480;353
480;354
480;355
480;356
480;357
480;358
480;359
480;360
480;361
480;362
480;363
480;364
481;325
481;326
481;327
481;328
481;329
481;330
481;331
481;332
481;333
481;334
481;335
481;336
481;337
481;338
481;339
481;340
481;341
481;342
481;343
481;344
481;345
481;346
481;347
481;348
481;349
481;350
481;351
481;352
481;353
481;354
481;355
481;356
481;357
481;358
481;359
481;360
481;361
481;362
481;363
481;364
482;325
482;326
482;327
482;328
482;329
482;330
482;331
482;332
482;333
482;334
482;335
482;336
482;337
482;338
482;339
482;340
482;341
482;342
482;343
482;344
482;345
482;346
482;347
482;348
482;349
482;350
482;351
482;352
482;353
482;354
482;355
482;356
482;357
482;358
482;359
482;360
482;361
482;362
482;363
482;364
483;324
483;325
483;326
483;327
483;328
483;329
483;330
483;331
483;332
483;333
483;334
483;335
483;336
483;337
483;338
483;339
483;340
483;341
483;342
483;343
483;344
483;345
483;346
483;347
483;348
483;349
483;350
483;351
483;352
483;353
483;354
483;355
483;356
483;357
483;358
483;359
483;360
483;361
483;362
483;363
484;324
484;325
484;326
484;327
484;328
484;329
484;330
484;331
484;332
484;333
484;334
484;335
484;336
484;337
484;338
484;339
484;340
484;341
484;342
484;343
484;344
484;345
484;346
484;347
484;348
484;349
484;350
484;351
484;352
484;353
484;354
484;355
484;356
484;357
484;358
484;359
484;360
484;361
484;362
484;363
485;323
485;324
485;325
485;326
485;327
485;328
485;329
485;330
485;331
485;332
485;333
485;334
485;335
485;336
485;337
485;338
485;339
485;340
485;341
485;342
485;343
485;344
485;345
485;346
485;347
485;348
485;349
485;350
485;351
485;352
485;353
485;354
485;355
485;356
485;357
485;358
485;359
485;360
485;361
485;362
486;323
486;324
486;325
486;326
486;327
486;328
486;329
486;330
486;331
486;332
486;333
486;334
486;335
486;336
486;337
486;338
486;339
486;340
486;341
486;342
486;343
486;344
486;345
486;346
486;347
486;348
486;349
486;350
486;351
486;352
486;353
486;354
486;355
486;356
486;357
486;358
486;359
486;360
486;361
486;362
487;323
487;324
487;325
487;326
487;327
487;328
487;329
487;330
487;331
487;332
487;333
487;334
487;335
487;336
487;337
487;338
487;339
487;340
487;341
487;342
487;343
487;344
487;345
487;346
487;347
487;348
487;349
487;350
487;351
487;352
487;353
487;354
487;355
487;356
487;357
487;358
487;359
487;360
487;361
487;362
488;322
488;323
488;324
488;325
488;326
488;327
488;328
488;329
488;330
488;331
488;332
488;333
488;334
488;335
488;336
488;337
488;338
488;339
488;340
488;341
488;342
488;343
488;344
488;345
488;346
488;347
488;348
488;349
488;350
488;351
488;352
488;353
488;354
488;355
488;356
488;357
488;358
488;359
488;360
488;361
489;322
489;323
489;324
489;325
489;326
489;327
489;328
489;329
489;330
489;331
489;332
489;333
489;334
489;335
489;336
489;337
489;338
489;339
489;340
489;341
489;342
489;343
489;344
489;345
489;346
489;347
489;348
489;349
489;350
489;351
489;352
489;353
489;354
489;355
489;356
489;357
489;358
489;359
489;360
489;361
490;321
490;322
490;323
490;324
490;325
490;326
490;327
490;328
490;329
490;330
490;331
490;332
490;333
490;334
490;335
490;336
490;337
490;338
490;339
490;340
490;341
490;342
490;343
490;344
490;345
490;346
490;347
490;348
490;349
490;350
490;351
490;352
490;353
490;354
490;355
490;356
490;357
490;358
490;359
490;360
491;321
491;322
491;323
491;324
491;325
491;326
491;327
491;328
491;329
491;330
491;331
491;332
491;333
491;334
491;335
491;336
491;337
491;338
491;339
491;340
491;341
491;342
491;343
491;344
491;345
491;346
491;347
491;348
491;349
491;350
491;351
491;352
491;353
491;354
491;355
491;356
491;357
491;358
491;359
491;360
492;321
492;322
492;323
492;324
492;325
492;326
492;327
492;328
492;329
492;330
492;331
492;332
492;333
492;334
492;335
492;336
492;337
492;338
492;339
492;340
492;341
492;342
492;343
492;344
492;345
492;346
492;347
492;348
492;349
492;350
492;351
492;352
492;353
492;354
492;355
492;356
492;357
492;358
492;359
492;360
493;322
493;323
493;324
493;325
493;326
493;327
493;328
493;329
493;330
493;331
493;332
493;333
493;334
493;335
493;336
493;337
493;338
493;339
493;340
493;341
493;342
493;343
493;344
493;345
493;346
493;347
493;348
493;349
493;350
493;351
493;352
493;353
493;354
493;355
493;356
493;357
493;358
493;359
494;324
494;325
494;326
494;327
494;328
494;329
494;330
494;331
494;332
494;333
494;334
494;335
494;336
494;337
494;338
494;339
494;340
494;341
494;342
494;343
494;344
494;345
494;346
494;347
494;348
494;349
494;350
494;351
494;352
494;353
494;354
494;355
494;356
494;357
494;358
494;359
495;327
495;328
495;329
495;330
495;331
495;332
495;333
495;334
495;335
495;336
495;337
495;338
495;339
495;340
495;341
495;342
495;343
495;344
495;345
495;346
495;347
495;348
495;349
495;350
495;351
495;352
495;353
495;354
495;355
495;356
495;357
495;358
495;359
496;330
496;331
496;332
496;333
496;334
496;335
496;336
496;337
496;338
496;339
496;340
496;341
496;342
496;343
496;344
496;345
496;346
496;347
496;348
496;349
496;350
496;351
496;352
496;353
496;354
496;355
496;356
496;357
496;358
497;332
497;333
497;334
497;335
497;336
497;337
497;338
497;339
497;340
497;341
497;342
497;343
497;344
497;345
497;346
497;347
497;348
497;349
497;350
497;351
497;352
497;353
497;354
497;355
497;356
497;357
497;358
498;335
498;336
498;337
498;338
498;339
498;340
498;341
498;342
498;343
498;344
498;345
498;346
498;347
498;348
498;349
498;350
498;351
498;352
498;353
498;354
498;355
498;356
498;357
499;338
499;339
499;340
499;341
499;342
499;343
499;344
499;345
499;346
499;347
499;348
499;349
499;350
499;351
499;352
499;353
499;354
499;355
499;356
499;357
