931;1074;27;527;54;106
0;259
0;260
0;261
0;262
0;263
0;264
0;265
0;952
0;953
0;954
0;955
0;956
0;957
0;958
0;959
0;960
0;961
0;962
0;963
0;964
0;965
0;966
0;967
0;968
0;969
0;970
0;971
0;972
0;973
0;974
0;975
0;976
0;977
1;258
1;259
1;260
1;261
1;262
1;263
1;264
1;265
1;266
1;952
1;953
1;954
1;955
1;956
1;957
1;958
1;959
1;960
1;961
1;962
1;963
1;964
1;965
1;966
1;967
1;968
1;969
1;970
1;971
1;972
1;973
1;974
1;975
1;976
1;977
2;258
2;259
2;260
2;261
2;262
2;263
2;264
2;265
2;266
2;267
2;951
2;952
2;953
2;954
2;955
2;956
2;957
2;958
2;959
2;960
2;961
2;962
2;963
2;964
2;965
2;966
2;967
2;968
2;969
2;970
2;971
2;972
2;973
2;974
2;975
2;976
2;977
2;978
2;979
3;257
3;258
3;259
3;260
3;261
3;262
3;263
3;264
3;265
3;266
3;267
3;268
3;951
3;952
3;953
3;954
3;955
3;956
3;957
3;958
3;959
3;960
3;961
3;962
3;963
3;964
3;965
3;966
3;967
3;968
3;969
3;970
3;971
3;972
3;973
3;974
3;975
3;976
3;977
3;978
3;979
3;980
4;257
4;258
4;259
4;260
4;261
4;262
4;263
4;264
4;265
4;266
4;267
4;268
4;269
4;951
4;952
4;953
4;954
4;955
4;956
4;957
4;958
4;959
4;960
4;961
4;962
4;963
4;964
4;965
4;966
4;967
4;968
4;969
4;970
4;971
4;972
4;973
4;974
4;975
4;976
4;977
4;978
4;979
4;980
4;981
5;256
5;257
5;258
5;259
5;260
5;261
5;262
5;263
5;264
5;265
5;266
5;267
5;268
5;269
5;951
5;952
5;953
5;954
5;955
5;956
5;957
5;958
5;959
5;960
5;961
5;962
5;963
5;964
5;965
5;966
5;967
5;968
5;969
5;970
5;971
5;972
5;973
5;974
5;975
5;976
5;977
5;978
5;979
5;980
5;981
5;982
5;983
6;256
6;257
6;258
6;259
6;260
6;261
6;262
6;263
6;264
6;265
6;266
6;267
6;268
6;269
6;270
6;271
6;950
6;951
6;952
6;953
6;954
6;955
6;956
6;957
6;958
6;959
6;960
6;961
6;962
6;963
6;964
6;965
6;966
6;967
6;968
6;969
6;970
6;971
6;972
6;973
6;974
6;975
6;976
6;977
6;978
6;979
6;980
6;981
6;982
6;983
7;255
7;256
7;257
7;258
7;259
7;260
7;261
7;262
7;263
7;264
7;265
7;266
7;267
7;268
7;269
7;270
7;271
7;950
7;951
7;952
7;953
7;954
7;955
7;956
7;957
7;958
7;959
7;960
7;961
7;962
7;963
7;964
7;965
7;966
7;967
7;968
7;969
7;970
7;971
7;972
7;973
7;974
7;975
7;976
7;977
7;978
7;979
7;980
7;981
7;982
7;983
7;984
7;985
8;255
8;256
8;257
8;258
8;259
8;260
8;261
8;262
8;263
8;264
8;265
8;266
8;267
8;268
8;269
8;270
8;271
8;272
8;273
8;950
8;951
8;952
8;953
8;954
8;955
8;956
8;957
8;958
8;959
8;960
8;961
8;962
8;963
8;964
8;965
8;966
8;967
8;968
8;969
8;970
8;971
8;972
8;973
8;974
8;975
8;976
8;977
8;978
8;979
8;980
8;981
8;982
8;983
8;984
8;985
8;986
9;255
9;256
9;257
9;258
9;259
9;260
9;261
9;262
9;263
9;264
9;265
9;266
9;267
9;268
9;269
9;270
9;271
9;272
9;273
9;949
9;950
9;951
9;952
9;953
9;954
9;955
9;956
9;957
9;958
9;959
9;960
9;961
9;962
9;963
9;964
9;965
9;966
9;967
9;968
9;969
9;970
9;971
9;972
9;973
9;974
9;975
9;976
9;977
9;978
9;979
9;980
9;981
9;982
9;983
9;984
9;985
9;986
9;987
10;254
10;255
10;256
10;257
10;258
10;259
10;260
10;261
10;262
10;263
10;264
10;265
10;266
10;267
10;268
10;269
10;270
10;271
10;272
10;273
10;274
10;949
10;950
10;951
10;952
10;953
10;954
10;955
10;956
10;957
10;958
10;959
10;960
10;961
10;962
10;963
10;964
10;965
10;966
10;967
10;968
10;969
10;970
10;971
10;972
10;973
10;974
10;975
10;976
10;977
10;978
10;979
10;980
10;981
10;982
10;983
10;984
10;985
10;986
10;987
10;988
10;989
11;253
11;254
11;255
11;256
11;257
11;258
11;259
11;260
11;261
11;262
11;263
11;264
11;265
11;266
11;267
11;268
11;269
11;270
11;271
11;272
11;273
11;274
11;275
11;949
11;950
11;951
11;952
11;953
11;954
11;955
11;956
11;957
11;958
11;959
11;960
11;961
11;962
11;963
11;964
11;965
11;966
11;967
11;968
11;969
11;970
11;971
11;972
11;973
11;974
11;975
11;976
11;977
11;978
11;979
11;980
11;981
11;982
11;983
11;984
11;985
11;986
11;987
11;988
11;989
11;990
12;253
12;254
12;255
12;256
12;257
12;258
12;259
12;260
12;261
12;262
12;263
12;264
12;265
12;266
12;267
12;268
12;269
12;270
12;271
12;272
12;273
12;274
12;275
12;276
12;949
12;950
12;951
12;952
12;953
12;954
12;955
12;956
12;957
12;958
12;959
12;960
12;961
12;962
12;963
12;964
12;965
12;966
12;967
12;968
12;969
12;970
12;971
12;972
12;973
12;974
12;975
12;976
12;977
12;978
12;979
12;980
12;981
12;982
12;983
12;984
12;985
12;986
12;987
12;988
12;989
12;990
12;991
13;253
13;254
13;255
13;256
13;257
13;258
13;259
13;260
13;261
13;262
13;263
13;264
13;265
13;266
13;267
13;268
13;269
13;270
13;271
13;272
13;273
13;274
13;275
13;276
13;277
13;948
13;949
13;950
13;951
13;952
13;953
13;954
13;955
13;956
13;957
13;958
13;959
13;960
13;961
13;962
13;963
13;964
13;965
13;966
13;967
13;968
13;969
13;970
13;971
13;972
13;973
13;974
13;975
13;976
13;977
13;978
13;979
13;980
13;981
13;982
13;983
13;984
13;985
13;986
13;987
13;988
13;989
13;990
13;991
13;992
13;993
14;252
14;253
14;254
14;255
14;256
14;257
14;258
14;259
14;260
14;261
14;262
14;263
14;264
14;265
14;266
14;267
14;268
14;269
14;270
14;271
14;272
14;273
14;274
14;275
14;276
14;277
14;278
14;948
14;949
14;950
14;951
14;952
14;953
14;954
14;955
14;956
14;957
14;958
14;959
14;960
14;961
14;962
14;963
14;964
14;965
14;966
14;967
14;968
14;969
14;970
14;971
14;972
14;973
14;974
14;975
14;976
14;977
14;978
14;979
14;980
14;981
14;982
14;983
14;984
14;985
14;986
14;987
14;988
14;989
14;990
14;991
14;992
14;993
15;252
15;253
15;254
15;255
15;256
15;257
15;258
15;259
15;260
15;261
15;262
15;263
15;264
15;265
15;266
15;267
15;268
15;269
15;270
15;271
15;272
15;273
15;274
15;275
15;276
15;277
15;278
15;279
15;948
15;949
15;950
15;951
15;952
15;953
15;954
15;955
15;956
15;957
15;958
15;959
15;960
15;961
15;962
15;963
15;964
15;965
15;966
15;967
15;968
15;969
15;970
15;971
15;972
15;973
15;974
15;975
15;976
15;977
15;978
15;979
15;980
15;981
15;982
15;983
15;984
15;985
15;986
15;987
15;988
15;989
15;990
15;991
15;992
15;993
15;994
15;995
16;251
16;252
16;253
16;254
16;255
16;256
16;257
16;258
16;259
16;260
16;261
16;262
16;263
16;264
16;265
16;266
16;267
16;268
16;269
16;270
16;271
16;272
16;273
16;274
16;275
16;276
16;277
16;278
16;279
16;280
16;947
16;948
16;949
16;950
16;951
16;952
16;953
16;954
16;955
16;956
16;957
16;958
16;959
16;960
16;961
16;962
16;963
16;964
16;965
16;966
16;967
16;968
16;969
16;970
16;971
16;972
16;973
16;974
16;975
16;976
16;977
16;978
16;979
16;980
16;981
16;982
16;983
16;984
16;985
16;986
16;987
16;988
16;989
16;990
16;991
16;992
16;993
16;994
16;995
16;996
17;251
17;252
17;253
17;254
17;255
17;256
17;257
17;258
17;259
17;260
17;261
17;262
17;263
17;264
17;265
17;266
17;267
17;268
17;269
17;270
17;271
17;272
17;273
17;274
17;275
17;276
17;277
17;278
17;279
17;280
17;281
17;947
17;948
17;949
17;950
17;951
17;952
17;953
17;954
17;955
17;956
17;957
17;958
17;959
17;960
17;961
17;962
17;963
17;964
17;965
17;966
17;967
17;968
17;969
17;970
17;971
17;972
17;973
17;974
17;975
17;976
17;977
17;978
17;979
17;980
17;981
17;982
17;983
17;984
17;985
17;986
17;987
17;988
17;989
17;990
17;991
17;992
17;993
17;994
17;995
17;996
17;997
18;250
18;251
18;252
18;253
18;254
18;255
18;256
18;257
18;258
18;259
18;260
18;261
18;262
18;263
18;264
18;265
18;266
18;267
18;268
18;269
18;270
18;271
18;272
18;273
18;274
18;275
18;276
18;277
18;278
18;279
18;280
18;281
18;947
18;948
18;949
18;950
18;951
18;952
18;953
18;954
18;955
18;956
18;957
18;958
18;959
18;960
18;961
18;962
18;963
18;964
18;965
18;966
18;967
18;968
18;969
18;970
18;971
18;972
18;973
18;974
18;975
18;976
18;977
18;978
18;979
18;980
18;981
18;982
18;983
18;984
18;985
18;986
18;987
18;988
18;989
18;990
18;991
18;992
18;993
18;994
18;995
18;996
18;997
18;998
18;999
19;250
19;251
19;252
19;253
19;254
19;255
19;256
19;257
19;258
19;259
19;260
19;261
19;262
19;263
19;264
19;265
19;266
19;267
19;268
19;269
19;270
19;271
19;272
19;273
19;274
19;275
19;276
19;277
19;278
19;279
19;280
19;281
19;282
19;283
19;947
19;948
19;949
19;950
19;951
19;952
19;953
19;954
19;955
19;956
19;957
19;958
19;959
19;960
19;961
19;962
19;963
19;964
19;965
19;966
19;967
19;968
19;969
19;970
19;971
19;972
19;973
19;974
19;975
19;976
19;977
19;978
19;979
19;980
19;981
19;982
19;983
19;984
19;985
19;986
19;987
19;988
19;989
19;990
19;991
19;992
19;993
19;994
19;995
19;996
19;997
19;998
19;999
20;249
20;250
20;251
20;252
20;253
20;254
20;255
20;256
20;257
20;258
20;259
20;260
20;261
20;262
20;263
20;264
20;265
20;266
20;267
20;268
20;269
20;270
20;271
20;272
20;273
20;274
20;275
20;276
20;277
20;278
20;279
20;280
20;281
20;282
20;283
20;947
20;948
20;949
20;950
20;951
20;952
20;953
20;954
20;955
20;956
20;957
20;958
20;959
20;960
20;961
20;962
20;963
20;964
20;965
20;966
20;967
20;968
20;969
20;970
20;971
20;972
20;973
20;974
20;975
20;976
20;977
20;978
20;979
20;980
20;981
20;982
20;983
20;984
20;985
20;986
20;987
20;988
20;989
20;990
20;991
20;992
20;993
20;994
20;995
20;996
20;997
20;998
20;999
20;1000
20;1001
21;249
21;250
21;251
21;252
21;253
21;254
21;255
21;256
21;257
21;258
21;259
21;260
21;261
21;262
21;263
21;264
21;265
21;266
21;267
21;268
21;269
21;270
21;271
21;272
21;273
21;274
21;275
21;276
21;277
21;278
21;279
21;280
21;281
21;282
21;283
21;284
21;285
21;946
21;947
21;948
21;949
21;950
21;951
21;952
21;953
21;954
21;955
21;956
21;957
21;958
21;959
21;960
21;961
21;962
21;963
21;964
21;965
21;966
21;967
21;968
21;969
21;970
21;971
21;972
21;973
21;974
21;975
21;976
21;977
21;978
21;979
21;980
21;981
21;982
21;983
21;984
21;985
21;986
21;987
21;988
21;989
21;990
21;991
21;992
21;993
21;994
21;995
21;996
21;997
21;998
21;999
21;1000
21;1001
21;1002
22;249
22;250
22;251
22;252
22;253
22;254
22;255
22;256
22;257
22;258
22;259
22;260
22;261
22;262
22;263
22;264
22;265
22;266
22;267
22;268
22;269
22;270
22;271
22;272
22;273
22;274
22;275
22;276
22;277
22;278
22;279
22;280
22;281
22;282
22;283
22;284
22;285
22;946
22;947
22;948
22;949
22;950
22;951
22;952
22;953
22;954
22;955
22;956
22;957
22;958
22;959
22;960
22;961
22;962
22;963
22;964
22;965
22;966
22;967
22;968
22;969
22;970
22;971
22;972
22;973
22;974
22;975
22;976
22;977
22;978
22;979
22;980
22;981
22;982
22;983
22;984
22;985
22;986
22;987
22;988
22;989
22;990
22;991
22;992
22;993
22;994
22;995
22;996
22;997
22;998
22;999
22;1000
22;1001
22;1002
22;1003
23;248
23;249
23;250
23;251
23;252
23;253
23;254
23;255
23;256
23;257
23;258
23;259
23;260
23;261
23;262
23;263
23;264
23;265
23;266
23;267
23;268
23;269
23;270
23;271
23;272
23;273
23;274
23;275
23;276
23;277
23;278
23;279
23;280
23;281
23;282
23;283
23;284
23;285
23;286
23;946
23;947
23;948
23;949
23;950
23;951
23;952
23;953
23;954
23;955
23;956
23;957
23;958
23;959
23;960
23;961
23;962
23;963
23;964
23;965
23;966
23;967
23;968
23;969
23;970
23;971
23;972
23;973
23;974
23;975
23;976
23;977
23;978
23;979
23;980
23;981
23;982
23;983
23;984
23;985
23;986
23;987
23;988
23;989
23;990
23;991
23;992
23;993
23;994
23;995
23;996
23;997
23;998
23;999
23;1000
23;1001
23;1002
23;1003
23;1004
23;1005
24;247
24;248
24;249
24;250
24;251
24;252
24;253
24;254
24;255
24;256
24;257
24;258
24;259
24;260
24;261
24;262
24;263
24;264
24;265
24;266
24;267
24;268
24;269
24;270
24;271
24;272
24;273
24;274
24;275
24;276
24;277
24;278
24;279
24;280
24;281
24;282
24;283
24;284
24;285
24;286
24;287
24;945
24;946
24;947
24;948
24;949
24;950
24;951
24;952
24;953
24;954
24;955
24;956
24;957
24;958
24;959
24;960
24;961
24;962
24;963
24;964
24;965
24;966
24;967
24;968
24;969
24;970
24;971
24;972
24;973
24;974
24;975
24;976
24;977
24;978
24;979
24;980
24;981
24;982
24;983
24;984
24;985
24;986
24;987
24;988
24;989
24;990
24;991
24;992
24;993
24;994
24;995
24;996
24;997
24;998
24;999
24;1000
24;1001
24;1002
24;1003
24;1004
24;1005
25;247
25;248
25;249
25;250
25;251
25;252
25;253
25;254
25;255
25;256
25;257
25;258
25;259
25;260
25;261
25;262
25;263
25;264
25;265
25;266
25;267
25;268
25;269
25;270
25;271
25;272
25;273
25;274
25;275
25;276
25;277
25;278
25;279
25;280
25;281
25;282
25;283
25;284
25;285
25;286
25;287
25;288
25;945
25;946
25;947
25;948
25;949
25;950
25;951
25;952
25;953
25;954
25;955
25;956
25;957
25;958
25;959
25;960
25;961
25;962
25;963
25;964
25;965
25;966
25;967
25;968
25;969
25;970
25;971
25;972
25;973
25;974
25;975
25;976
25;977
25;978
25;979
25;980
25;981
25;982
25;983
25;984
25;985
25;986
25;987
25;988
25;989
25;990
25;991
25;992
25;993
25;994
25;995
25;996
25;997
25;998
25;999
25;1000
25;1001
25;1002
25;1003
25;1004
25;1005
25;1006
25;1007
26;247
26;248
26;249
26;250
26;251
26;252
26;253
26;254
26;255
26;256
26;257
26;258
26;259
26;260
26;261
26;262
26;263
26;264
26;265
26;266
26;267
26;268
26;269
26;270
26;271
26;272
26;273
26;274
26;275
26;276
26;277
26;278
26;279
26;280
26;281
26;282
26;283
26;284
26;285
26;286
26;287
26;288
26;289
26;945
26;946
26;947
26;948
26;949
26;950
26;951
26;952
26;953
26;954
26;955
26;956
26;957
26;958
26;959
26;960
26;961
26;962
26;963
26;964
26;965
26;966
26;967
26;968
26;969
26;970
26;971
26;972
26;973
26;974
26;975
26;976
26;977
26;978
26;979
26;980
26;981
26;982
26;983
26;984
26;985
26;986
26;987
26;988
26;989
26;990
26;991
26;992
26;993
26;994
26;995
26;996
26;997
26;998
26;999
26;1000
26;1001
26;1002
26;1003
26;1004
26;1005
26;1006
26;1007
26;1008
27;246
27;247
27;248
27;249
27;250
27;251
27;252
27;253
27;254
27;255
27;256
27;257
27;258
27;259
27;260
27;261
27;262
27;263
27;264
27;265
27;266
27;267
27;268
27;269
27;270
27;271
27;272
27;273
27;274
27;275
27;276
27;277
27;278
27;279
27;280
27;281
27;282
27;283
27;284
27;285
27;286
27;287
27;288
27;289
27;290
27;945
27;946
27;947
27;948
27;949
27;950
27;951
27;952
27;953
27;954
27;955
27;956
27;957
27;958
27;959
27;960
27;961
27;962
27;963
27;964
27;965
27;966
27;967
27;968
27;969
27;970
27;971
27;972
27;973
27;974
27;975
27;976
27;977
27;978
27;979
27;980
27;981
27;982
27;983
27;984
27;985
27;986
27;987
27;988
27;989
27;990
27;991
27;992
27;993
27;994
27;995
27;996
27;997
27;998
27;999
27;1000
27;1001
27;1002
27;1003
27;1004
27;1005
27;1006
27;1007
27;1008
27;1009
28;246
28;247
28;248
28;249
28;250
28;251
28;252
28;253
28;254
28;255
28;256
28;257
28;258
28;259
28;260
28;261
28;262
28;263
28;264
28;265
28;266
28;267
28;268
28;269
28;270
28;271
28;272
28;273
28;274
28;275
28;276
28;277
28;278
28;279
28;280
28;281
28;282
28;283
28;284
28;285
28;286
28;287
28;288
28;289
28;290
28;291
28;944
28;945
28;946
28;947
28;948
28;949
28;950
28;951
28;952
28;953
28;954
28;955
28;956
28;957
28;958
28;959
28;960
28;961
28;962
28;963
28;964
28;965
28;966
28;967
28;968
28;969
28;970
28;971
28;972
28;973
28;974
28;975
28;976
28;977
28;978
28;979
28;980
28;981
28;982
28;983
28;984
28;985
28;986
28;987
28;988
28;989
28;990
28;991
28;992
28;993
28;994
28;995
28;996
28;997
28;998
28;999
28;1000
28;1001
28;1002
28;1003
28;1004
28;1005
28;1006
28;1007
28;1008
28;1009
28;1010
28;1011
29;245
29;246
29;247
29;248
29;249
29;250
29;251
29;252
29;253
29;254
29;255
29;256
29;257
29;258
29;259
29;260
29;261
29;262
29;263
29;264
29;265
29;266
29;267
29;268
29;269
29;270
29;271
29;272
29;273
29;274
29;275
29;276
29;277
29;278
29;279
29;280
29;281
29;282
29;283
29;284
29;285
29;286
29;287
29;288
29;289
29;290
29;291
29;944
29;945
29;946
29;947
29;948
29;949
29;950
29;951
29;952
29;953
29;954
29;955
29;956
29;957
29;958
29;959
29;960
29;961
29;962
29;963
29;964
29;965
29;966
29;967
29;968
29;969
29;970
29;971
29;972
29;973
29;974
29;975
29;976
29;977
29;978
29;979
29;980
29;981
29;982
29;983
29;984
29;985
29;986
29;987
29;988
29;989
29;990
29;991
29;992
29;993
29;994
29;995
29;996
29;997
29;998
29;999
29;1000
29;1001
29;1002
29;1003
29;1004
29;1005
29;1006
29;1007
29;1008
29;1009
29;1010
29;1011
30;245
30;246
30;247
30;248
30;249
30;250
30;251
30;252
30;253
30;254
30;255
30;256
30;257
30;258
30;259
30;260
30;261
30;262
30;263
30;264
30;265
30;266
30;267
30;268
30;269
30;270
30;271
30;272
30;273
30;274
30;275
30;276
30;277
30;278
30;279
30;280
30;281
30;282
30;283
30;284
30;285
30;286
30;287
30;288
30;289
30;290
30;291
30;292
30;293
30;944
30;945
30;946
30;947
30;948
30;949
30;950
30;951
30;952
30;953
30;954
30;955
30;956
30;957
30;958
30;959
30;960
30;961
30;962
30;963
30;964
30;965
30;966
30;967
30;968
30;969
30;970
30;971
30;972
30;973
30;974
30;975
30;976
30;977
30;978
30;979
30;980
30;981
30;982
30;983
30;984
30;985
30;986
30;987
30;988
30;989
30;990
30;991
30;992
30;993
30;994
30;995
30;996
30;997
30;998
30;999
30;1000
30;1001
30;1002
30;1003
30;1004
30;1005
30;1006
30;1007
30;1008
30;1009
30;1010
30;1011
30;1012
30;1013
31;245
31;246
31;247
31;248
31;249
31;250
31;251
31;252
31;253
31;254
31;255
31;256
31;257
31;258
31;259
31;260
31;261
31;262
31;263
31;264
31;265
31;266
31;267
31;268
31;269
31;270
31;271
31;272
31;273
31;274
31;275
31;276
31;277
31;278
31;279
31;280
31;281
31;282
31;283
31;284
31;285
31;286
31;287
31;288
31;289
31;290
31;291
31;292
31;293
31;943
31;944
31;945
31;946
31;947
31;948
31;949
31;950
31;951
31;952
31;953
31;954
31;955
31;956
31;957
31;958
31;959
31;960
31;961
31;962
31;963
31;964
31;965
31;966
31;967
31;968
31;969
31;970
31;971
31;972
31;973
31;974
31;975
31;976
31;977
31;978
31;979
31;980
31;981
31;982
31;983
31;984
31;985
31;986
31;987
31;988
31;989
31;990
31;991
31;992
31;993
31;994
31;995
31;996
31;997
31;998
31;999
31;1000
31;1001
31;1002
31;1003
31;1004
31;1005
31;1006
31;1007
31;1008
31;1009
31;1010
31;1011
31;1012
31;1013
31;1014
32;244
32;245
32;246
32;247
32;248
32;249
32;250
32;251
32;252
32;253
32;254
32;255
32;256
32;257
32;258
32;259
32;260
32;261
32;262
32;263
32;264
32;265
32;266
32;267
32;268
32;269
32;270
32;271
32;272
32;273
32;274
32;275
32;276
32;277
32;278
32;279
32;280
32;281
32;282
32;283
32;284
32;285
32;286
32;287
32;288
32;289
32;290
32;291
32;292
32;293
32;294
32;295
32;943
32;944
32;945
32;946
32;947
32;948
32;949
32;950
32;951
32;952
32;953
32;954
32;955
32;956
32;957
32;958
32;959
32;960
32;961
32;962
32;963
32;964
32;965
32;966
32;967
32;968
32;969
32;970
32;971
32;972
32;973
32;974
32;975
32;976
32;977
32;978
32;979
32;980
32;981
32;982
32;983
32;984
32;985
32;986
32;987
32;988
32;989
32;990
32;991
32;992
32;993
32;994
32;995
32;996
32;997
32;998
32;999
32;1000
32;1001
32;1002
32;1003
32;1004
32;1005
32;1006
32;1007
32;1008
32;1009
32;1010
32;1011
32;1012
32;1013
32;1014
32;1015
33;243
33;244
33;245
33;246
33;247
33;248
33;249
33;250
33;251
33;252
33;253
33;254
33;255
33;256
33;257
33;258
33;259
33;260
33;261
33;262
33;263
33;264
33;265
33;266
33;267
33;268
33;269
33;270
33;271
33;272
33;273
33;274
33;275
33;276
33;277
33;278
33;279
33;280
33;281
33;282
33;283
33;284
33;285
33;286
33;287
33;288
33;289
33;290
33;291
33;292
33;293
33;294
33;295
33;943
33;944
33;945
33;946
33;947
33;948
33;949
33;950
33;951
33;952
33;953
33;954
33;955
33;956
33;957
33;958
33;959
33;960
33;961
33;962
33;963
33;964
33;965
33;966
33;967
33;968
33;969
33;970
33;971
33;972
33;973
33;974
33;975
33;976
33;977
33;978
33;979
33;980
33;981
33;982
33;983
33;984
33;985
33;986
33;987
33;988
33;989
33;990
33;991
33;992
33;993
33;994
33;995
33;996
33;997
33;998
33;999
33;1000
33;1001
33;1002
33;1003
33;1004
33;1005
33;1006
33;1007
33;1008
33;1009
33;1010
33;1011
33;1012
33;1013
33;1014
33;1015
33;1016
33;1017
34;243
34;244
34;245
34;246
34;247
34;248
34;249
34;250
34;251
34;252
34;253
34;254
34;255
34;256
34;257
34;258
34;259
34;260
34;261
34;262
34;263
34;264
34;265
34;266
34;267
34;268
34;269
34;270
34;271
34;272
34;273
34;274
34;275
34;276
34;277
34;278
34;279
34;280
34;281
34;282
34;283
34;284
34;285
34;286
34;287
34;288
34;289
34;290
34;291
34;292
34;293
34;294
34;295
34;296
34;943
34;944
34;945
34;946
34;947
34;948
34;949
34;950
34;951
34;952
34;953
34;954
34;955
34;956
34;957
34;958
34;959
34;960
34;961
34;962
34;963
34;964
34;965
34;966
34;967
34;968
34;969
34;970
34;971
34;972
34;973
34;974
34;975
34;976
34;977
34;978
34;979
34;980
34;981
34;982
34;983
34;984
34;985
34;986
34;987
34;988
34;989
34;990
34;991
34;992
34;993
34;994
34;995
34;996
34;997
34;998
34;999
34;1000
34;1001
34;1002
34;1003
34;1004
34;1005
34;1006
34;1007
34;1008
34;1009
34;1010
34;1011
34;1012
34;1013
34;1014
34;1015
34;1016
34;1017
35;243
35;244
35;245
35;246
35;247
35;248
35;249
35;250
35;251
35;252
35;253
35;254
35;255
35;256
35;257
35;258
35;259
35;260
35;261
35;262
35;263
35;264
35;265
35;266
35;267
35;268
35;269
35;270
35;271
35;272
35;273
35;274
35;275
35;276
35;277
35;278
35;279
35;280
35;281
35;282
35;283
35;284
35;285
35;286
35;287
35;288
35;289
35;290
35;291
35;292
35;293
35;294
35;295
35;296
35;297
35;942
35;943
35;944
35;945
35;946
35;947
35;948
35;949
35;950
35;951
35;952
35;953
35;954
35;955
35;956
35;957
35;958
35;959
35;960
35;961
35;962
35;963
35;964
35;965
35;966
35;967
35;968
35;969
35;970
35;971
35;972
35;973
35;974
35;975
35;976
35;977
35;978
35;979
35;980
35;981
35;982
35;983
35;984
35;985
35;986
35;987
35;988
35;989
35;990
35;991
35;992
35;993
35;994
35;995
35;996
35;997
35;998
35;999
35;1000
35;1001
35;1002
35;1003
35;1004
35;1005
35;1006
35;1007
35;1008
35;1009
35;1010
35;1011
35;1012
35;1013
35;1014
35;1015
35;1016
35;1017
35;1018
35;1019
36;242
36;243
36;244
36;245
36;246
36;247
36;248
36;249
36;250
36;251
36;252
36;253
36;254
36;255
36;256
36;257
36;258
36;259
36;260
36;261
36;262
36;263
36;264
36;265
36;266
36;267
36;268
36;269
36;270
36;271
36;272
36;273
36;274
36;275
36;276
36;277
36;278
36;279
36;280
36;281
36;282
36;283
36;284
36;285
36;286
36;287
36;288
36;289
36;290
36;291
36;292
36;293
36;294
36;295
36;296
36;297
36;298
36;942
36;943
36;944
36;945
36;946
36;947
36;948
36;949
36;950
36;951
36;952
36;953
36;954
36;955
36;956
36;957
36;958
36;959
36;960
36;961
36;962
36;963
36;964
36;965
36;966
36;967
36;968
36;969
36;970
36;971
36;972
36;973
36;974
36;975
36;976
36;977
36;978
36;979
36;980
36;981
36;982
36;983
36;984
36;985
36;986
36;987
36;988
36;989
36;990
36;991
36;992
36;993
36;994
36;995
36;996
36;997
36;998
36;999
36;1000
36;1001
36;1002
36;1003
36;1004
36;1005
36;1006
36;1007
36;1008
36;1009
36;1010
36;1011
36;1012
36;1013
36;1014
36;1015
36;1016
36;1017
36;1018
36;1019
36;1020
36;1021
37;242
37;243
37;244
37;245
37;246
37;247
37;248
37;249
37;250
37;251
37;252
37;253
37;254
37;255
37;256
37;257
37;258
37;259
37;260
37;261
37;262
37;263
37;264
37;265
37;266
37;267
37;268
37;269
37;270
37;271
37;272
37;273
37;274
37;275
37;276
37;277
37;278
37;279
37;280
37;281
37;282
37;283
37;284
37;285
37;286
37;287
37;288
37;289
37;290
37;291
37;292
37;293
37;294
37;295
37;296
37;297
37;298
37;299
37;942
37;943
37;944
37;945
37;946
37;947
37;948
37;949
37;950
37;951
37;952
37;953
37;954
37;955
37;956
37;957
37;958
37;959
37;960
37;961
37;962
37;963
37;964
37;965
37;966
37;967
37;968
37;969
37;970
37;971
37;972
37;973
37;974
37;975
37;976
37;977
37;978
37;979
37;980
37;981
37;982
37;983
37;984
37;985
37;986
37;987
37;988
37;989
37;990
37;991
37;992
37;993
37;994
37;995
37;996
37;997
37;998
37;999
37;1000
37;1001
37;1002
37;1003
37;1004
37;1005
37;1006
37;1007
37;1008
37;1009
37;1010
37;1011
37;1012
37;1013
37;1014
37;1015
37;1016
37;1017
37;1018
37;1019
37;1020
37;1021
38;241
38;242
38;243
38;244
38;245
38;246
38;247
38;248
38;249
38;250
38;251
38;252
38;253
38;254
38;255
38;256
38;257
38;258
38;259
38;260
38;261
38;262
38;263
38;264
38;265
38;266
38;267
38;268
38;269
38;270
38;271
38;272
38;273
38;274
38;275
38;276
38;277
38;278
38;279
38;280
38;281
38;282
38;283
38;284
38;285
38;286
38;287
38;288
38;289
38;290
38;291
38;292
38;293
38;294
38;295
38;296
38;297
38;298
38;299
38;300
38;941
38;942
38;943
38;944
38;945
38;946
38;947
38;948
38;949
38;950
38;951
38;952
38;953
38;954
38;955
38;956
38;957
38;958
38;959
38;960
38;961
38;962
38;963
38;964
38;965
38;966
38;967
38;968
38;969
38;970
38;971
38;972
38;973
38;974
38;975
38;976
38;977
38;978
38;979
38;980
38;981
38;982
38;983
38;984
38;985
38;986
38;987
38;988
38;989
38;990
38;991
38;992
38;993
38;994
38;995
38;996
38;997
38;998
38;999
38;1000
38;1001
38;1002
38;1003
38;1004
38;1005
38;1006
38;1007
38;1008
38;1009
38;1010
38;1011
38;1012
38;1013
38;1014
38;1015
38;1016
38;1017
38;1018
38;1019
38;1020
38;1021
38;1022
38;1023
39;241
39;242
39;243
39;244
39;245
39;246
39;247
39;248
39;249
39;250
39;251
39;252
39;253
39;254
39;255
39;256
39;257
39;258
39;259
39;260
39;261
39;262
39;263
39;264
39;265
39;266
39;267
39;268
39;269
39;270
39;271
39;272
39;273
39;274
39;275
39;276
39;277
39;278
39;279
39;280
39;281
39;282
39;283
39;284
39;285
39;286
39;287
39;288
39;289
39;290
39;291
39;292
39;293
39;294
39;295
39;296
39;297
39;298
39;299
39;300
39;301
39;941
39;942
39;943
39;944
39;945
39;946
39;947
39;948
39;949
39;950
39;951
39;952
39;953
39;954
39;955
39;956
39;957
39;958
39;959
39;960
39;961
39;962
39;963
39;964
39;965
39;966
39;967
39;968
39;969
39;970
39;971
39;972
39;973
39;974
39;975
39;976
39;977
39;978
39;979
39;980
39;981
39;982
39;983
39;984
39;985
39;986
39;987
39;988
39;989
39;990
39;991
39;992
39;993
39;994
39;995
39;996
39;997
39;998
39;999
39;1000
39;1001
39;1002
39;1003
39;1004
39;1005
39;1006
39;1007
39;1008
39;1009
39;1010
39;1011
39;1012
39;1013
39;1014
39;1015
39;1016
39;1017
39;1018
39;1019
39;1020
39;1021
39;1022
39;1023
39;1024
40;240
40;241
40;242
40;243
40;244
40;245
40;246
40;247
40;248
40;249
40;250
40;251
40;252
40;253
40;254
40;255
40;256
40;257
40;258
40;259
40;260
40;261
40;262
40;263
40;264
40;265
40;266
40;267
40;268
40;269
40;270
40;271
40;272
40;273
40;274
40;275
40;276
40;277
40;278
40;279
40;280
40;281
40;282
40;283
40;284
40;285
40;286
40;287
40;288
40;289
40;290
40;291
40;292
40;293
40;294
40;295
40;296
40;297
40;298
40;299
40;300
40;301
40;941
40;942
40;943
40;944
40;945
40;946
40;947
40;948
40;949
40;950
40;951
40;952
40;953
40;954
40;955
40;956
40;957
40;958
40;959
40;960
40;961
40;962
40;963
40;964
40;965
40;966
40;967
40;968
40;969
40;970
40;971
40;972
40;973
40;974
40;975
40;976
40;977
40;978
40;979
40;980
40;981
40;982
40;983
40;984
40;985
40;986
40;987
40;988
40;989
40;990
40;991
40;992
40;993
40;994
40;995
40;996
40;997
40;998
40;999
40;1000
40;1001
40;1002
40;1003
40;1004
40;1005
40;1006
40;1007
40;1008
40;1009
40;1010
40;1011
40;1012
40;1013
40;1014
40;1015
40;1016
40;1017
40;1018
40;1019
40;1020
40;1021
40;1022
40;1023
40;1024
40;1025
41;240
41;241
41;242
41;243
41;244
41;245
41;246
41;247
41;248
41;249
41;250
41;251
41;252
41;253
41;254
41;255
41;256
41;257
41;258
41;259
41;260
41;261
41;262
41;263
41;264
41;265
41;266
41;267
41;268
41;269
41;270
41;271
41;272
41;273
41;274
41;275
41;276
41;277
41;278
41;279
41;280
41;281
41;282
41;283
41;284
41;285
41;286
41;287
41;288
41;289
41;290
41;291
41;292
41;293
41;294
41;295
41;296
41;297
41;298
41;299
41;300
41;301
41;302
41;303
41;941
41;942
41;943
41;944
41;945
41;946
41;947
41;948
41;949
41;950
41;951
41;952
41;953
41;954
41;955
41;956
41;957
41;958
41;959
41;960
41;961
41;962
41;963
41;964
41;965
41;966
41;967
41;968
41;969
41;970
41;971
41;972
41;973
41;974
41;975
41;976
41;977
41;978
41;979
41;980
41;981
41;982
41;983
41;984
41;985
41;986
41;987
41;988
41;989
41;990
41;991
41;992
41;993
41;994
41;995
41;996
41;997
41;998
41;999
41;1000
41;1001
41;1002
41;1003
41;1004
41;1005
41;1006
41;1007
41;1008
41;1009
41;1010
41;1011
41;1012
41;1013
41;1014
41;1015
41;1016
41;1017
41;1018
41;1019
41;1020
41;1021
41;1022
41;1023
41;1024
41;1025
41;1026
41;1027
42;239
42;240
42;241
42;242
42;243
42;244
42;245
42;246
42;247
42;248
42;249
42;250
42;251
42;252
42;253
42;254
42;255
42;256
42;257
42;258
42;259
42;260
42;261
42;262
42;263
42;264
42;265
42;266
42;267
42;268
42;269
42;270
42;271
42;272
42;273
42;274
42;275
42;276
42;277
42;278
42;279
42;280
42;281
42;282
42;283
42;284
42;285
42;286
42;287
42;288
42;289
42;290
42;291
42;292
42;293
42;294
42;295
42;296
42;297
42;298
42;299
42;300
42;301
42;302
42;303
42;940
42;941
42;942
42;943
42;944
42;945
42;946
42;947
42;948
42;949
42;950
42;951
42;952
42;953
42;954
42;955
42;956
42;957
42;958
42;959
42;960
42;961
42;962
42;963
42;964
42;965
42;966
42;967
42;968
42;969
42;970
42;971
42;972
42;973
42;974
42;975
42;976
42;977
42;978
42;979
42;980
42;981
42;982
42;983
42;984
42;985
42;986
42;987
42;988
42;989
42;990
42;991
42;992
42;993
42;994
42;995
42;996
42;997
42;998
42;999
42;1000
42;1001
42;1002
42;1003
42;1004
42;1005
42;1006
42;1007
42;1008
42;1009
42;1010
42;1011
42;1012
42;1013
42;1014
42;1015
42;1016
42;1017
42;1018
42;1019
42;1020
42;1021
42;1022
42;1023
42;1024
42;1025
42;1026
42;1027
43;239
43;240
43;241
43;242
43;243
43;244
43;245
43;246
43;247
43;248
43;249
43;250
43;251
43;252
43;253
43;254
43;255
43;256
43;257
43;258
43;259
43;260
43;261
43;262
43;263
43;264
43;265
43;266
43;267
43;268
43;269
43;270
43;271
43;272
43;273
43;274
43;275
43;276
43;277
43;278
43;279
43;280
43;281
43;282
43;283
43;284
43;285
43;286
43;287
43;288
43;289
43;290
43;291
43;292
43;293
43;294
43;295
43;296
43;297
43;298
43;299
43;300
43;301
43;302
43;303
43;304
43;305
43;940
43;941
43;942
43;943
43;944
43;945
43;946
43;947
43;948
43;949
43;950
43;951
43;952
43;953
43;954
43;955
43;956
43;957
43;958
43;959
43;960
43;961
43;962
43;963
43;964
43;965
43;966
43;967
43;968
43;969
43;970
43;971
43;972
43;973
43;974
43;975
43;976
43;977
43;978
43;979
43;980
43;981
43;982
43;983
43;984
43;985
43;986
43;987
43;988
43;989
43;990
43;991
43;992
43;993
43;994
43;995
43;996
43;997
43;998
43;999
43;1000
43;1001
43;1002
43;1003
43;1004
43;1005
43;1006
43;1007
43;1008
43;1009
43;1010
43;1011
43;1012
43;1013
43;1014
43;1015
43;1016
43;1017
43;1018
43;1019
43;1020
43;1021
43;1022
43;1023
43;1024
43;1025
43;1026
43;1027
43;1028
43;1029
44;239
44;240
44;241
44;242
44;243
44;244
44;245
44;246
44;247
44;248
44;249
44;250
44;251
44;252
44;253
44;254
44;255
44;256
44;257
44;258
44;259
44;260
44;261
44;262
44;263
44;264
44;265
44;266
44;267
44;268
44;269
44;270
44;271
44;272
44;273
44;274
44;275
44;276
44;277
44;278
44;279
44;280
44;281
44;282
44;283
44;284
44;285
44;286
44;287
44;288
44;289
44;290
44;291
44;292
44;293
44;294
44;295
44;296
44;297
44;298
44;299
44;300
44;301
44;302
44;303
44;304
44;305
44;940
44;941
44;942
44;943
44;944
44;945
44;946
44;947
44;948
44;949
44;950
44;951
44;952
44;953
44;954
44;955
44;956
44;957
44;958
44;959
44;960
44;961
44;962
44;963
44;964
44;965
44;966
44;967
44;968
44;969
44;970
44;971
44;972
44;973
44;974
44;975
44;976
44;977
44;978
44;979
44;980
44;981
44;982
44;983
44;984
44;985
44;986
44;987
44;988
44;989
44;990
44;991
44;992
44;993
44;994
44;995
44;996
44;997
44;998
44;999
44;1000
44;1001
44;1002
44;1003
44;1004
44;1005
44;1006
44;1007
44;1008
44;1009
44;1010
44;1011
44;1012
44;1013
44;1014
44;1015
44;1016
44;1017
44;1018
44;1019
44;1020
44;1021
44;1022
44;1023
44;1024
44;1025
44;1026
44;1027
44;1028
44;1029
44;1030
45;238
45;239
45;240
45;241
45;242
45;243
45;244
45;245
45;246
45;247
45;248
45;249
45;250
45;251
45;252
45;253
45;254
45;255
45;256
45;257
45;258
45;259
45;260
45;261
45;262
45;263
45;264
45;265
45;266
45;267
45;268
45;269
45;270
45;271
45;272
45;273
45;274
45;275
45;276
45;277
45;278
45;279
45;280
45;281
45;282
45;283
45;284
45;285
45;286
45;287
45;288
45;289
45;290
45;291
45;292
45;293
45;294
45;295
45;296
45;297
45;298
45;299
45;300
45;301
45;302
45;303
45;304
45;305
45;306
45;939
45;940
45;941
45;942
45;943
45;944
45;945
45;946
45;947
45;948
45;949
45;950
45;951
45;952
45;953
45;954
45;955
45;956
45;957
45;958
45;959
45;960
45;961
45;962
45;963
45;964
45;965
45;966
45;967
45;968
45;969
45;970
45;971
45;972
45;973
45;974
45;975
45;976
45;977
45;978
45;979
45;980
45;981
45;982
45;983
45;984
45;985
45;986
45;987
45;988
45;989
45;990
45;991
45;992
45;993
45;994
45;995
45;996
45;997
45;998
45;999
45;1000
45;1001
45;1002
45;1003
45;1004
45;1005
45;1006
45;1007
45;1008
45;1009
45;1010
45;1011
45;1012
45;1013
45;1014
45;1015
45;1016
45;1017
45;1018
45;1019
45;1020
45;1021
45;1022
45;1023
45;1024
45;1025
45;1026
45;1027
45;1028
45;1029
45;1030
45;1031
46;237
46;238
46;239
46;240
46;241
46;242
46;243
46;244
46;245
46;246
46;247
46;248
46;249
46;250
46;251
46;252
46;253
46;254
46;255
46;256
46;257
46;258
46;259
46;260
46;261
46;262
46;263
46;264
46;265
46;266
46;267
46;268
46;269
46;270
46;271
46;272
46;273
46;274
46;275
46;276
46;277
46;278
46;279
46;280
46;281
46;282
46;283
46;284
46;285
46;286
46;287
46;288
46;289
46;290
46;291
46;292
46;293
46;294
46;295
46;296
46;297
46;298
46;299
46;300
46;301
46;302
46;303
46;304
46;305
46;306
46;307
46;939
46;940
46;941
46;942
46;943
46;944
46;945
46;946
46;947
46;948
46;949
46;950
46;951
46;952
46;953
46;954
46;955
46;956
46;957
46;958
46;959
46;960
46;961
46;962
46;963
46;964
46;965
46;966
46;967
46;968
46;969
46;970
46;971
46;972
46;973
46;974
46;975
46;976
46;977
46;978
46;979
46;980
46;981
46;982
46;983
46;984
46;985
46;986
46;987
46;988
46;989
46;990
46;991
46;992
46;993
46;994
46;995
46;996
46;997
46;998
46;999
46;1000
46;1001
46;1002
46;1003
46;1004
46;1005
46;1006
46;1007
46;1008
46;1009
46;1010
46;1011
46;1012
46;1013
46;1014
46;1015
46;1016
46;1017
46;1018
46;1019
46;1020
46;1021
46;1022
46;1023
46;1024
46;1025
46;1026
46;1027
46;1028
46;1029
46;1030
46;1031
46;1032
46;1033
47;237
47;238
47;239
47;240
47;241
47;242
47;243
47;244
47;245
47;246
47;247
47;248
47;249
47;250
47;251
47;252
47;253
47;254
47;255
47;256
47;257
47;258
47;259
47;260
47;261
47;262
47;263
47;264
47;265
47;266
47;267
47;268
47;269
47;270
47;271
47;272
47;273
47;274
47;275
47;276
47;277
47;278
47;279
47;280
47;281
47;282
47;283
47;284
47;285
47;286
47;287
47;288
47;289
47;290
47;291
47;292
47;293
47;294
47;295
47;296
47;297
47;298
47;299
47;300
47;301
47;302
47;303
47;304
47;305
47;306
47;307
47;308
47;939
47;940
47;941
47;942
47;943
47;944
47;945
47;946
47;947
47;948
47;949
47;950
47;951
47;952
47;953
47;954
47;955
47;956
47;957
47;958
47;959
47;960
47;961
47;962
47;963
47;964
47;965
47;966
47;967
47;968
47;969
47;970
47;971
47;972
47;973
47;974
47;975
47;976
47;977
47;978
47;979
47;980
47;981
47;982
47;983
47;984
47;985
47;986
47;987
47;988
47;989
47;990
47;991
47;992
47;993
47;994
47;995
47;996
47;997
47;998
47;999
47;1000
47;1001
47;1002
47;1003
47;1004
47;1005
47;1006
47;1007
47;1008
47;1009
47;1010
47;1011
47;1012
47;1013
47;1014
47;1015
47;1016
47;1017
47;1018
47;1019
47;1020
47;1021
47;1022
47;1023
47;1024
47;1025
47;1026
47;1027
47;1028
47;1029
47;1030
47;1031
47;1032
47;1033
48;237
48;238
48;239
48;240
48;241
48;242
48;243
48;244
48;245
48;246
48;247
48;248
48;249
48;250
48;251
48;252
48;253
48;254
48;255
48;256
48;257
48;258
48;259
48;260
48;261
48;262
48;263
48;264
48;265
48;266
48;267
48;268
48;269
48;270
48;271
48;272
48;273
48;274
48;275
48;276
48;277
48;278
48;279
48;280
48;281
48;282
48;283
48;284
48;285
48;286
48;287
48;288
48;289
48;290
48;291
48;292
48;293
48;294
48;295
48;296
48;297
48;298
48;299
48;300
48;301
48;302
48;303
48;304
48;305
48;306
48;307
48;308
48;309
48;939
48;940
48;941
48;942
48;943
48;944
48;945
48;946
48;947
48;948
48;949
48;950
48;951
48;952
48;953
48;954
48;955
48;956
48;957
48;958
48;959
48;960
48;961
48;962
48;963
48;964
48;965
48;966
48;967
48;968
48;969
48;970
48;971
48;972
48;973
48;974
48;975
48;976
48;977
48;978
48;979
48;980
48;981
48;982
48;983
48;984
48;985
48;986
48;987
48;988
48;989
48;990
48;991
48;992
48;993
48;994
48;995
48;996
48;997
48;998
48;999
48;1000
48;1001
48;1002
48;1003
48;1004
48;1005
48;1006
48;1007
48;1008
48;1009
48;1010
48;1011
48;1012
48;1013
48;1014
48;1015
48;1016
48;1017
48;1018
48;1019
48;1020
48;1021
48;1022
48;1023
48;1024
48;1025
48;1026
48;1027
48;1028
48;1029
48;1030
48;1031
48;1032
48;1033
48;1034
48;1035
49;236
49;237
49;238
49;239
49;240
49;241
49;242
49;243
49;244
49;245
49;246
49;247
49;248
49;249
49;250
49;251
49;252
49;253
49;254
49;255
49;256
49;257
49;258
49;259
49;260
49;261
49;262
49;263
49;264
49;265
49;266
49;267
49;268
49;269
49;270
49;271
49;272
49;273
49;274
49;275
49;276
49;277
49;278
49;279
49;280
49;281
49;282
49;283
49;284
49;285
49;286
49;287
49;288
49;289
49;290
49;291
49;292
49;293
49;294
49;295
49;296
49;297
49;298
49;299
49;300
49;301
49;302
49;303
49;304
49;305
49;306
49;307
49;308
49;309
49;310
49;938
49;939
49;940
49;941
49;942
49;943
49;944
49;945
49;946
49;947
49;948
49;949
49;950
49;951
49;952
49;953
49;954
49;955
49;956
49;957
49;958
49;959
49;960
49;961
49;962
49;963
49;964
49;965
49;966
49;967
49;968
49;969
49;970
49;971
49;972
49;973
49;974
49;975
49;976
49;977
49;978
49;979
49;980
49;981
49;982
49;983
49;984
49;985
49;986
49;987
49;988
49;989
49;990
49;991
49;992
49;993
49;994
49;995
49;996
49;997
49;998
49;999
49;1000
49;1001
49;1002
49;1003
49;1004
49;1005
49;1006
49;1007
49;1008
49;1009
49;1010
49;1011
49;1012
49;1013
49;1014
49;1015
49;1016
49;1017
49;1018
49;1019
49;1020
49;1021
49;1022
49;1023
49;1024
49;1025
49;1026
49;1027
49;1028
49;1029
49;1030
49;1031
49;1032
49;1033
49;1034
49;1035
49;1036
50;236
50;237
50;238
50;239
50;240
50;241
50;242
50;243
50;244
50;245
50;246
50;247
50;248
50;249
50;250
50;251
50;252
50;253
50;254
50;255
50;256
50;257
50;258
50;259
50;260
50;261
50;262
50;263
50;264
50;265
50;266
50;267
50;268
50;269
50;270
50;271
50;272
50;273
50;274
50;275
50;276
50;277
50;278
50;279
50;280
50;281
50;282
50;283
50;284
50;285
50;286
50;287
50;288
50;289
50;290
50;291
50;292
50;293
50;294
50;295
50;296
50;297
50;298
50;299
50;300
50;301
50;302
50;303
50;304
50;305
50;306
50;307
50;308
50;309
50;310
50;311
50;938
50;939
50;940
50;941
50;942
50;943
50;944
50;945
50;946
50;947
50;948
50;949
50;950
50;951
50;952
50;953
50;954
50;955
50;956
50;957
50;958
50;959
50;960
50;961
50;962
50;963
50;964
50;965
50;966
50;967
50;968
50;969
50;970
50;971
50;972
50;973
50;974
50;975
50;976
50;977
50;978
50;979
50;980
50;981
50;982
50;983
50;984
50;985
50;986
50;987
50;988
50;989
50;990
50;991
50;992
50;993
50;994
50;995
50;996
50;997
50;998
50;999
50;1000
50;1001
50;1002
50;1003
50;1004
50;1005
50;1006
50;1007
50;1008
50;1009
50;1010
50;1011
50;1012
50;1013
50;1014
50;1015
50;1016
50;1017
50;1018
50;1019
50;1020
50;1021
50;1022
50;1023
50;1024
50;1025
50;1026
50;1027
50;1028
50;1029
50;1030
50;1031
50;1032
50;1033
50;1034
50;1035
50;1036
50;1037
51;235
51;236
51;237
51;238
51;239
51;240
51;241
51;242
51;243
51;244
51;245
51;246
51;247
51;248
51;249
51;250
51;251
51;252
51;253
51;254
51;255
51;256
51;257
51;258
51;259
51;260
51;261
51;262
51;263
51;264
51;265
51;266
51;267
51;268
51;269
51;270
51;271
51;272
51;273
51;274
51;275
51;276
51;277
51;278
51;279
51;280
51;281
51;282
51;283
51;284
51;285
51;286
51;287
51;288
51;289
51;290
51;291
51;292
51;293
51;294
51;295
51;296
51;297
51;298
51;299
51;300
51;301
51;302
51;303
51;304
51;305
51;306
51;307
51;308
51;309
51;310
51;311
51;938
51;939
51;940
51;941
51;942
51;943
51;944
51;945
51;946
51;947
51;948
51;949
51;950
51;951
51;952
51;953
51;954
51;955
51;956
51;957
51;958
51;959
51;960
51;961
51;962
51;963
51;964
51;965
51;966
51;967
51;968
51;969
51;970
51;971
51;972
51;973
51;974
51;975
51;976
51;977
51;978
51;979
51;980
51;981
51;982
51;983
51;984
51;985
51;986
51;987
51;988
51;989
51;990
51;991
51;992
51;993
51;994
51;995
51;996
51;997
51;998
51;999
51;1000
51;1001
51;1002
51;1003
51;1004
51;1005
51;1006
51;1007
51;1008
51;1009
51;1010
51;1011
51;1012
51;1013
51;1014
51;1015
51;1016
51;1017
51;1018
51;1019
51;1020
51;1021
51;1022
51;1023
51;1024
51;1025
51;1026
51;1027
51;1028
51;1029
51;1030
51;1031
51;1032
51;1033
51;1034
51;1035
51;1036
51;1037
51;1038
51;1039
52;235
52;236
52;237
52;238
52;239
52;240
52;241
52;242
52;243
52;244
52;245
52;246
52;247
52;248
52;249
52;250
52;251
52;252
52;253
52;254
52;255
52;256
52;257
52;258
52;259
52;260
52;261
52;262
52;263
52;264
52;265
52;266
52;267
52;268
52;269
52;270
52;271
52;272
52;273
52;274
52;275
52;276
52;277
52;278
52;279
52;280
52;281
52;282
52;283
52;284
52;285
52;286
52;287
52;288
52;289
52;290
52;291
52;292
52;293
52;294
52;295
52;296
52;297
52;298
52;299
52;300
52;301
52;302
52;303
52;304
52;305
52;306
52;307
52;308
52;309
52;310
52;311
52;312
52;313
52;937
52;938
52;939
52;940
52;941
52;942
52;943
52;944
52;945
52;946
52;947
52;948
52;949
52;950
52;951
52;952
52;953
52;954
52;955
52;956
52;957
52;958
52;959
52;960
52;961
52;962
52;963
52;964
52;965
52;966
52;967
52;968
52;969
52;970
52;971
52;972
52;973
52;974
52;975
52;976
52;977
52;978
52;979
52;980
52;981
52;982
52;983
52;984
52;985
52;986
52;987
52;988
52;989
52;990
52;991
52;992
52;993
52;994
52;995
52;996
52;997
52;998
52;999
52;1000
52;1001
52;1002
52;1003
52;1004
52;1005
52;1006
52;1007
52;1008
52;1009
52;1010
52;1011
52;1012
52;1013
52;1014
52;1015
52;1016
52;1017
52;1018
52;1019
52;1020
52;1021
52;1022
52;1023
52;1024
52;1025
52;1026
52;1027
52;1028
52;1029
52;1030
52;1031
52;1032
52;1033
52;1034
52;1035
52;1036
52;1037
52;1038
52;1039
53;234
53;235
53;236
53;237
53;238
53;239
53;240
53;241
53;242
53;243
53;244
53;245
53;246
53;247
53;248
53;249
53;250
53;251
53;252
53;253
53;254
53;255
53;256
53;257
53;258
53;259
53;260
53;261
53;262
53;263
53;264
53;265
53;266
53;267
53;268
53;269
53;270
53;271
53;272
53;273
53;274
53;275
53;276
53;277
53;278
53;279
53;280
53;281
53;282
53;283
53;284
53;285
53;286
53;287
53;288
53;289
53;290
53;291
53;292
53;293
53;294
53;295
53;296
53;297
53;298
53;299
53;300
53;301
53;302
53;303
53;304
53;305
53;306
53;307
53;308
53;309
53;310
53;311
53;312
53;313
53;937
53;938
53;939
53;940
53;941
53;942
53;943
53;944
53;945
53;946
53;947
53;948
53;949
53;950
53;951
53;952
53;953
53;954
53;955
53;956
53;957
53;958
53;959
53;960
53;961
53;962
53;963
53;964
53;965
53;966
53;967
53;968
53;969
53;970
53;971
53;972
53;973
53;974
53;975
53;976
53;977
53;978
53;979
53;980
53;981
53;982
53;983
53;984
53;985
53;986
53;987
53;988
53;989
53;990
53;991
53;992
53;993
53;994
53;995
53;996
53;997
53;998
53;999
53;1000
53;1001
53;1002
53;1003
53;1004
53;1005
53;1006
53;1007
53;1008
53;1009
53;1010
53;1011
53;1012
53;1013
53;1014
53;1015
53;1016
53;1017
53;1018
53;1019
53;1020
53;1021
53;1022
53;1023
53;1024
53;1025
53;1026
53;1027
53;1028
53;1029
53;1030
53;1031
53;1032
53;1033
53;1034
53;1035
53;1036
53;1037
53;1038
53;1039
53;1040
53;1041
54;234
54;235
54;236
54;237
54;238
54;239
54;240
54;241
54;242
54;243
54;244
54;245
54;246
54;247
54;248
54;249
54;250
54;251
54;252
54;253
54;254
54;255
54;256
54;257
54;258
54;259
54;260
54;261
54;262
54;263
54;264
54;265
54;266
54;267
54;268
54;269
54;270
54;271
54;272
54;273
54;274
54;275
54;276
54;277
54;278
54;279
54;280
54;281
54;282
54;283
54;284
54;285
54;286
54;287
54;288
54;289
54;290
54;291
54;292
54;293
54;294
54;295
54;296
54;297
54;298
54;299
54;300
54;301
54;302
54;303
54;304
54;305
54;306
54;307
54;308
54;309
54;310
54;311
54;312
54;313
54;314
54;315
54;937
54;938
54;939
54;940
54;941
54;942
54;943
54;944
54;945
54;946
54;947
54;948
54;949
54;950
54;951
54;952
54;953
54;954
54;955
54;956
54;957
54;958
54;959
54;960
54;961
54;962
54;963
54;964
54;965
54;966
54;967
54;968
54;969
54;970
54;971
54;972
54;973
54;974
54;975
54;976
54;977
54;978
54;979
54;980
54;981
54;982
54;983
54;984
54;985
54;986
54;987
54;988
54;989
54;990
54;991
54;992
54;993
54;994
54;995
54;996
54;997
54;998
54;999
54;1000
54;1001
54;1002
54;1003
54;1004
54;1005
54;1006
54;1007
54;1008
54;1009
54;1010
54;1011
54;1012
54;1013
54;1014
54;1015
54;1016
54;1017
54;1018
54;1019
54;1020
54;1021
54;1022
54;1023
54;1024
54;1025
54;1026
54;1027
54;1028
54;1029
54;1030
54;1031
54;1032
54;1033
54;1034
54;1035
54;1036
54;1037
54;1038
54;1039
54;1040
54;1041
54;1042
55;233
55;234
55;235
55;236
55;237
55;238
55;239
55;240
55;241
55;242
55;243
55;244
55;245
55;246
55;247
55;248
55;249
55;250
55;251
55;252
55;253
55;254
55;255
55;256
55;257
55;258
55;259
55;260
55;261
55;262
55;263
55;264
55;265
55;266
55;267
55;268
55;269
55;270
55;271
55;272
55;273
55;274
55;275
55;276
55;277
55;278
55;279
55;280
55;281
55;282
55;283
55;284
55;285
55;286
55;287
55;288
55;289
55;290
55;291
55;292
55;293
55;294
55;295
55;296
55;297
55;298
55;299
55;300
55;301
55;302
55;303
55;304
55;305
55;306
55;307
55;308
55;309
55;310
55;311
55;312
55;313
55;314
55;315
55;937
55;938
55;939
55;940
55;941
55;942
55;943
55;944
55;945
55;946
55;947
55;948
55;949
55;950
55;951
55;952
55;953
55;954
55;955
55;956
55;957
55;958
55;959
55;960
55;961
55;962
55;963
55;964
55;965
55;966
55;967
55;968
55;969
55;970
55;971
55;972
55;973
55;974
55;975
55;976
55;977
55;978
55;979
55;980
55;981
55;982
55;983
55;984
55;985
55;986
55;987
55;988
55;989
55;990
55;991
55;992
55;993
55;994
55;995
55;996
55;997
55;998
55;999
55;1000
55;1001
55;1002
55;1003
55;1004
55;1005
55;1006
55;1007
55;1008
55;1009
55;1010
55;1011
55;1012
55;1013
55;1014
55;1015
55;1016
55;1017
55;1018
55;1019
55;1020
55;1021
55;1022
55;1023
55;1024
55;1025
55;1026
55;1027
55;1028
55;1029
55;1030
55;1031
55;1032
55;1033
55;1034
55;1035
55;1036
55;1037
55;1038
55;1039
55;1040
55;1041
55;1042
55;1043
56;233
56;234
56;235
56;236
56;237
56;238
56;239
56;240
56;241
56;242
56;243
56;244
56;245
56;246
56;247
56;248
56;249
56;250
56;251
56;252
56;253
56;254
56;255
56;256
56;257
56;258
56;259
56;260
56;261
56;262
56;263
56;264
56;265
56;266
56;267
56;268
56;269
56;270
56;271
56;272
56;273
56;274
56;275
56;276
56;277
56;278
56;279
56;280
56;281
56;282
56;283
56;284
56;285
56;286
56;287
56;288
56;289
56;290
56;291
56;292
56;293
56;294
56;295
56;296
56;297
56;298
56;299
56;300
56;301
56;302
56;303
56;304
56;305
56;306
56;307
56;308
56;309
56;310
56;311
56;312
56;313
56;314
56;315
56;316
56;936
56;937
56;938
56;939
56;940
56;941
56;942
56;943
56;944
56;945
56;946
56;947
56;948
56;949
56;950
56;951
56;952
56;953
56;954
56;955
56;956
56;957
56;958
56;959
56;960
56;961
56;962
56;963
56;964
56;965
56;966
56;967
56;968
56;969
56;970
56;971
56;972
56;973
56;974
56;975
56;976
56;977
56;978
56;979
56;980
56;981
56;982
56;983
56;984
56;985
56;986
56;987
56;988
56;989
56;990
56;991
56;992
56;993
56;994
56;995
56;996
56;997
56;998
56;999
56;1000
56;1001
56;1002
56;1003
56;1004
56;1005
56;1006
56;1007
56;1008
56;1009
56;1010
56;1011
56;1012
56;1013
56;1014
56;1015
56;1016
56;1017
56;1018
56;1019
56;1020
56;1021
56;1022
56;1023
56;1024
56;1025
56;1026
56;1027
56;1028
56;1029
56;1030
56;1031
56;1032
56;1033
56;1034
56;1035
56;1036
56;1037
56;1038
56;1039
56;1040
56;1041
56;1042
56;1043
56;1044
56;1045
57;233
57;234
57;235
57;236
57;237
57;238
57;239
57;240
57;241
57;242
57;243
57;244
57;245
57;246
57;247
57;248
57;249
57;250
57;251
57;252
57;253
57;254
57;255
57;256
57;257
57;258
57;259
57;260
57;261
57;262
57;263
57;264
57;265
57;266
57;267
57;268
57;269
57;270
57;271
57;272
57;273
57;274
57;275
57;276
57;277
57;278
57;279
57;280
57;281
57;282
57;283
57;284
57;285
57;286
57;287
57;288
57;289
57;290
57;291
57;292
57;293
57;294
57;295
57;296
57;297
57;298
57;299
57;300
57;301
57;302
57;303
57;304
57;305
57;306
57;307
57;308
57;309
57;310
57;311
57;312
57;313
57;314
57;315
57;316
57;317
57;936
57;937
57;938
57;939
57;940
57;941
57;942
57;943
57;944
57;945
57;946
57;947
57;948
57;949
57;950
57;951
57;952
57;953
57;954
57;955
57;956
57;957
57;958
57;959
57;960
57;961
57;962
57;963
57;964
57;965
57;966
57;967
57;968
57;969
57;970
57;971
57;972
57;973
57;974
57;975
57;976
57;977
57;978
57;979
57;980
57;981
57;982
57;983
57;984
57;985
57;986
57;987
57;988
57;989
57;990
57;991
57;992
57;993
57;994
57;995
57;996
57;997
57;998
57;999
57;1000
57;1001
57;1002
57;1003
57;1004
57;1005
57;1006
57;1007
57;1008
57;1009
57;1010
57;1011
57;1012
57;1013
57;1014
57;1015
57;1016
57;1017
57;1018
57;1019
57;1020
57;1021
57;1022
57;1023
57;1024
57;1025
57;1026
57;1027
57;1028
57;1029
57;1030
57;1031
57;1032
57;1033
57;1034
57;1035
57;1036
57;1037
57;1038
57;1039
57;1040
57;1041
57;1042
57;1043
57;1044
57;1045
58;232
58;233
58;234
58;235
58;236
58;237
58;238
58;239
58;240
58;241
58;242
58;243
58;244
58;245
58;246
58;247
58;248
58;249
58;250
58;251
58;252
58;253
58;254
58;255
58;256
58;257
58;258
58;259
58;260
58;261
58;262
58;263
58;264
58;265
58;266
58;267
58;268
58;269
58;270
58;271
58;272
58;273
58;274
58;275
58;276
58;277
58;278
58;279
58;280
58;281
58;282
58;283
58;284
58;285
58;286
58;287
58;288
58;289
58;290
58;291
58;292
58;293
58;294
58;295
58;296
58;297
58;298
58;299
58;300
58;301
58;302
58;303
58;304
58;305
58;306
58;307
58;308
58;309
58;310
58;311
58;312
58;313
58;314
58;315
58;316
58;317
58;318
58;936
58;937
58;938
58;939
58;940
58;941
58;942
58;943
58;944
58;945
58;946
58;947
58;948
58;949
58;950
58;951
58;952
58;953
58;954
58;955
58;956
58;957
58;958
58;959
58;960
58;961
58;962
58;963
58;964
58;965
58;966
58;967
58;968
58;969
58;970
58;971
58;972
58;973
58;974
58;975
58;976
58;977
58;978
58;979
58;980
58;981
58;982
58;983
58;984
58;985
58;986
58;987
58;988
58;989
58;990
58;991
58;992
58;993
58;994
58;995
58;996
58;997
58;998
58;999
58;1000
58;1001
58;1002
58;1003
58;1004
58;1005
58;1006
58;1007
58;1008
58;1009
58;1010
58;1011
58;1012
58;1013
58;1014
58;1015
58;1016
58;1017
58;1018
58;1019
58;1020
58;1021
58;1022
58;1023
58;1024
58;1025
58;1026
58;1027
58;1028
58;1029
58;1030
58;1031
58;1032
58;1033
58;1034
58;1035
58;1036
58;1037
58;1038
58;1039
58;1040
58;1041
58;1042
58;1043
58;1044
58;1045
58;1046
58;1047
59;231
59;232
59;233
59;234
59;235
59;236
59;237
59;238
59;239
59;240
59;241
59;242
59;243
59;244
59;245
59;246
59;247
59;248
59;249
59;250
59;251
59;252
59;253
59;254
59;255
59;256
59;257
59;258
59;259
59;260
59;261
59;262
59;263
59;264
59;265
59;266
59;267
59;268
59;269
59;270
59;271
59;272
59;273
59;274
59;275
59;276
59;277
59;278
59;279
59;280
59;281
59;282
59;283
59;284
59;285
59;286
59;287
59;288
59;289
59;290
59;291
59;292
59;293
59;294
59;295
59;296
59;297
59;298
59;299
59;300
59;301
59;302
59;303
59;304
59;305
59;306
59;307
59;308
59;309
59;310
59;311
59;312
59;313
59;314
59;315
59;316
59;317
59;318
59;319
59;936
59;937
59;938
59;939
59;940
59;941
59;942
59;943
59;944
59;945
59;946
59;947
59;948
59;949
59;950
59;951
59;952
59;953
59;954
59;955
59;956
59;957
59;958
59;959
59;960
59;961
59;962
59;963
59;964
59;965
59;966
59;967
59;968
59;969
59;970
59;971
59;972
59;973
59;974
59;975
59;976
59;977
59;978
59;979
59;980
59;981
59;982
59;983
59;984
59;985
59;986
59;987
59;988
59;989
59;990
59;991
59;992
59;993
59;994
59;995
59;996
59;997
59;998
59;999
59;1000
59;1001
59;1002
59;1003
59;1004
59;1005
59;1006
59;1007
59;1008
59;1009
59;1010
59;1011
59;1012
59;1013
59;1014
59;1015
59;1016
59;1017
59;1018
59;1019
59;1020
59;1021
59;1022
59;1023
59;1024
59;1025
59;1026
59;1027
59;1028
59;1029
59;1030
59;1031
59;1032
59;1033
59;1034
59;1035
59;1036
59;1037
59;1038
59;1039
59;1040
59;1041
59;1042
59;1043
59;1044
59;1045
59;1046
59;1047
59;1048
60;231
60;232
60;233
60;234
60;235
60;236
60;237
60;238
60;239
60;240
60;241
60;242
60;243
60;244
60;245
60;246
60;247
60;248
60;249
60;250
60;251
60;252
60;253
60;254
60;255
60;256
60;257
60;258
60;259
60;260
60;261
60;262
60;263
60;264
60;265
60;266
60;267
60;268
60;269
60;270
60;271
60;272
60;273
60;274
60;275
60;276
60;277
60;278
60;279
60;280
60;281
60;282
60;283
60;284
60;285
60;286
60;287
60;288
60;289
60;290
60;291
60;292
60;293
60;294
60;295
60;296
60;297
60;298
60;299
60;300
60;301
60;302
60;303
60;304
60;305
60;306
60;307
60;308
60;309
60;310
60;311
60;312
60;313
60;314
60;315
60;316
60;317
60;318
60;319
60;320
60;935
60;936
60;937
60;938
60;939
60;940
60;941
60;942
60;943
60;944
60;945
60;946
60;947
60;948
60;949
60;950
60;951
60;952
60;953
60;954
60;955
60;956
60;957
60;958
60;959
60;960
60;961
60;962
60;963
60;964
60;965
60;966
60;967
60;968
60;969
60;970
60;971
60;972
60;973
60;974
60;975
60;976
60;977
60;978
60;979
60;980
60;981
60;982
60;983
60;984
60;985
60;986
60;987
60;988
60;989
60;990
60;991
60;992
60;993
60;994
60;995
60;996
60;997
60;998
60;999
60;1000
60;1001
60;1002
60;1003
60;1004
60;1005
60;1006
60;1007
60;1008
60;1009
60;1010
60;1011
60;1012
60;1013
60;1014
60;1015
60;1016
60;1017
60;1018
60;1019
60;1020
60;1021
60;1022
60;1023
60;1024
60;1025
60;1026
60;1027
60;1028
60;1029
60;1030
60;1031
60;1032
60;1033
60;1034
60;1035
60;1036
60;1037
60;1038
60;1039
60;1040
60;1041
60;1042
60;1043
60;1044
60;1045
60;1046
60;1047
60;1048
60;1049
61;231
61;232
61;233
61;234
61;235
61;236
61;237
61;238
61;239
61;240
61;241
61;242
61;243
61;244
61;245
61;246
61;247
61;248
61;249
61;250
61;251
61;252
61;253
61;254
61;255
61;256
61;257
61;258
61;259
61;260
61;261
61;262
61;263
61;264
61;265
61;266
61;267
61;268
61;269
61;270
61;271
61;272
61;273
61;274
61;275
61;276
61;277
61;278
61;279
61;280
61;281
61;282
61;283
61;284
61;285
61;286
61;287
61;288
61;289
61;290
61;291
61;292
61;293
61;294
61;295
61;296
61;297
61;298
61;299
61;300
61;301
61;302
61;303
61;304
61;305
61;306
61;307
61;308
61;309
61;310
61;311
61;312
61;313
61;314
61;315
61;316
61;317
61;318
61;319
61;320
61;321
61;935
61;936
61;937
61;938
61;939
61;940
61;941
61;942
61;943
61;944
61;945
61;946
61;947
61;948
61;949
61;950
61;951
61;952
61;953
61;954
61;955
61;956
61;957
61;958
61;959
61;960
61;961
61;962
61;963
61;964
61;965
61;966
61;967
61;968
61;969
61;970
61;971
61;972
61;973
61;974
61;975
61;976
61;977
61;978
61;979
61;980
61;981
61;982
61;983
61;984
61;985
61;986
61;987
61;988
61;989
61;990
61;991
61;992
61;993
61;994
61;995
61;996
61;997
61;998
61;999
61;1000
61;1001
61;1002
61;1003
61;1004
61;1005
61;1006
61;1007
61;1008
61;1009
61;1010
61;1011
61;1012
61;1013
61;1014
61;1015
61;1016
61;1017
61;1018
61;1019
61;1020
61;1021
61;1022
61;1023
61;1024
61;1025
61;1026
61;1027
61;1028
61;1029
61;1030
61;1031
61;1032
61;1033
61;1034
61;1035
61;1036
61;1037
61;1038
61;1039
61;1040
61;1041
61;1042
61;1043
61;1044
61;1045
61;1046
61;1047
61;1048
61;1049
61;1050
61;1051
62;230
62;231
62;232
62;233
62;234
62;235
62;236
62;237
62;238
62;239
62;240
62;241
62;242
62;243
62;244
62;245
62;246
62;247
62;248
62;249
62;250
62;251
62;252
62;253
62;254
62;255
62;256
62;257
62;258
62;259
62;260
62;261
62;262
62;263
62;264
62;265
62;266
62;267
62;268
62;269
62;270
62;271
62;272
62;273
62;274
62;275
62;276
62;277
62;278
62;279
62;280
62;281
62;282
62;283
62;284
62;285
62;286
62;287
62;288
62;289
62;290
62;291
62;292
62;293
62;294
62;295
62;296
62;297
62;298
62;299
62;300
62;301
62;302
62;303
62;304
62;305
62;306
62;307
62;308
62;309
62;310
62;311
62;312
62;313
62;314
62;315
62;316
62;317
62;318
62;319
62;320
62;321
62;935
62;936
62;937
62;938
62;939
62;940
62;941
62;942
62;943
62;944
62;945
62;946
62;947
62;948
62;949
62;950
62;951
62;952
62;953
62;954
62;955
62;956
62;957
62;958
62;959
62;960
62;961
62;962
62;963
62;964
62;965
62;966
62;967
62;968
62;969
62;970
62;971
62;972
62;973
62;974
62;975
62;976
62;977
62;978
62;979
62;980
62;981
62;982
62;983
62;984
62;985
62;986
62;987
62;988
62;989
62;990
62;991
62;992
62;993
62;994
62;995
62;996
62;997
62;998
62;999
62;1000
62;1001
62;1002
62;1003
62;1004
62;1005
62;1006
62;1007
62;1008
62;1009
62;1010
62;1011
62;1012
62;1013
62;1014
62;1015
62;1016
62;1017
62;1018
62;1019
62;1020
62;1021
62;1022
62;1023
62;1024
62;1025
62;1026
62;1027
62;1028
62;1029
62;1030
62;1031
62;1032
62;1033
62;1034
62;1035
62;1036
62;1037
62;1038
62;1039
62;1040
62;1041
62;1042
62;1043
62;1044
62;1045
62;1046
62;1047
62;1048
62;1049
62;1050
62;1051
62;1052
63;230
63;231
63;232
63;233
63;234
63;235
63;236
63;237
63;238
63;239
63;240
63;241
63;242
63;243
63;244
63;245
63;246
63;247
63;248
63;249
63;250
63;251
63;252
63;253
63;254
63;255
63;256
63;257
63;258
63;259
63;260
63;261
63;262
63;263
63;264
63;265
63;266
63;267
63;268
63;269
63;270
63;271
63;272
63;273
63;274
63;275
63;276
63;277
63;278
63;279
63;280
63;281
63;282
63;283
63;284
63;285
63;286
63;287
63;288
63;289
63;290
63;291
63;292
63;293
63;294
63;295
63;296
63;297
63;298
63;299
63;300
63;301
63;302
63;303
63;304
63;305
63;306
63;307
63;308
63;309
63;310
63;311
63;312
63;313
63;314
63;315
63;316
63;317
63;318
63;319
63;320
63;321
63;322
63;323
63;935
63;936
63;937
63;938
63;939
63;940
63;941
63;942
63;943
63;944
63;945
63;946
63;947
63;948
63;949
63;950
63;951
63;952
63;953
63;954
63;955
63;956
63;957
63;958
63;959
63;960
63;961
63;962
63;963
63;964
63;965
63;966
63;967
63;968
63;969
63;970
63;971
63;972
63;973
63;974
63;975
63;976
63;977
63;978
63;979
63;980
63;981
63;982
63;983
63;984
63;985
63;986
63;987
63;988
63;989
63;990
63;991
63;992
63;993
63;994
63;995
63;996
63;997
63;998
63;999
63;1000
63;1001
63;1002
63;1003
63;1004
63;1005
63;1006
63;1007
63;1008
63;1009
63;1010
63;1011
63;1012
63;1013
63;1014
63;1015
63;1016
63;1017
63;1018
63;1019
63;1020
63;1021
63;1022
63;1023
63;1024
63;1025
63;1026
63;1027
63;1028
63;1029
63;1030
63;1031
63;1032
63;1033
63;1034
63;1035
63;1036
63;1037
63;1038
63;1039
63;1040
63;1041
63;1042
63;1043
63;1044
63;1045
63;1046
63;1047
63;1048
63;1049
63;1050
63;1051
63;1052
63;1053
64;229
64;230
64;231
64;232
64;233
64;234
64;235
64;236
64;237
64;238
64;239
64;240
64;241
64;242
64;243
64;244
64;245
64;246
64;247
64;248
64;249
64;250
64;251
64;252
64;253
64;254
64;255
64;256
64;257
64;258
64;259
64;260
64;261
64;262
64;263
64;264
64;265
64;266
64;267
64;268
64;269
64;270
64;271
64;272
64;273
64;274
64;275
64;276
64;277
64;278
64;279
64;280
64;281
64;282
64;283
64;284
64;285
64;286
64;287
64;288
64;289
64;290
64;291
64;292
64;293
64;294
64;295
64;296
64;297
64;298
64;299
64;300
64;301
64;302
64;303
64;304
64;305
64;306
64;307
64;308
64;309
64;310
64;311
64;312
64;313
64;314
64;315
64;316
64;317
64;318
64;319
64;320
64;321
64;322
64;323
64;934
64;935
64;936
64;937
64;938
64;939
64;940
64;941
64;942
64;943
64;944
64;945
64;946
64;947
64;948
64;949
64;950
64;951
64;952
64;953
64;954
64;955
64;956
64;957
64;958
64;959
64;960
64;961
64;962
64;963
64;964
64;965
64;966
64;967
64;968
64;969
64;970
64;971
64;972
64;973
64;974
64;975
64;976
64;977
64;978
64;979
64;980
64;981
64;982
64;983
64;984
64;985
64;986
64;987
64;988
64;989
64;990
64;991
64;992
64;993
64;994
64;995
64;996
64;997
64;998
64;999
64;1000
64;1001
64;1002
64;1003
64;1004
64;1005
64;1006
64;1007
64;1008
64;1009
64;1010
64;1011
64;1012
64;1013
64;1014
64;1015
64;1016
64;1017
64;1018
64;1019
64;1020
64;1021
64;1022
64;1023
64;1024
64;1025
64;1026
64;1027
64;1028
64;1029
64;1030
64;1031
64;1032
64;1033
64;1034
64;1035
64;1036
64;1037
64;1038
64;1039
64;1040
64;1041
64;1042
64;1043
64;1044
64;1045
64;1046
64;1047
64;1048
64;1049
64;1050
64;1051
64;1052
64;1053
64;1054
64;1055
65;229
65;230
65;231
65;232
65;233
65;234
65;235
65;236
65;237
65;238
65;239
65;240
65;241
65;242
65;243
65;244
65;245
65;246
65;247
65;248
65;249
65;250
65;251
65;252
65;253
65;254
65;255
65;256
65;257
65;258
65;259
65;260
65;261
65;262
65;263
65;264
65;265
65;266
65;267
65;268
65;269
65;270
65;271
65;272
65;273
65;274
65;275
65;276
65;277
65;278
65;279
65;280
65;281
65;282
65;283
65;284
65;285
65;286
65;287
65;288
65;289
65;290
65;291
65;292
65;293
65;294
65;295
65;296
65;297
65;298
65;299
65;300
65;301
65;302
65;303
65;304
65;305
65;306
65;307
65;308
65;309
65;310
65;311
65;312
65;313
65;314
65;315
65;316
65;317
65;318
65;319
65;320
65;321
65;322
65;323
65;324
65;325
65;934
65;935
65;936
65;937
65;938
65;939
65;940
65;941
65;942
65;943
65;944
65;945
65;946
65;947
65;948
65;949
65;950
65;951
65;952
65;953
65;954
65;955
65;956
65;957
65;958
65;959
65;960
65;961
65;962
65;963
65;964
65;965
65;966
65;967
65;968
65;969
65;970
65;971
65;972
65;973
65;974
65;975
65;976
65;977
65;978
65;979
65;980
65;981
65;982
65;983
65;984
65;985
65;986
65;987
65;988
65;989
65;990
65;991
65;992
65;993
65;994
65;995
65;996
65;997
65;998
65;999
65;1000
65;1001
65;1002
65;1003
65;1004
65;1005
65;1006
65;1007
65;1008
65;1009
65;1010
65;1011
65;1012
65;1013
65;1014
65;1015
65;1016
65;1017
65;1018
65;1019
65;1020
65;1021
65;1022
65;1023
65;1024
65;1025
65;1026
65;1027
65;1028
65;1029
65;1030
65;1031
65;1032
65;1033
65;1034
65;1035
65;1036
65;1037
65;1038
65;1039
65;1040
65;1041
65;1042
65;1043
65;1044
65;1045
65;1046
65;1047
65;1048
65;1049
65;1050
65;1051
65;1052
65;1053
65;1054
65;1055
66;228
66;229
66;230
66;231
66;232
66;233
66;234
66;235
66;236
66;237
66;238
66;239
66;240
66;241
66;242
66;243
66;244
66;245
66;246
66;247
66;248
66;249
66;250
66;251
66;252
66;253
66;254
66;255
66;256
66;257
66;258
66;259
66;260
66;261
66;262
66;263
66;264
66;265
66;266
66;267
66;268
66;269
66;270
66;271
66;272
66;273
66;274
66;275
66;276
66;277
66;278
66;279
66;280
66;281
66;282
66;283
66;284
66;285
66;286
66;287
66;288
66;289
66;290
66;291
66;292
66;293
66;294
66;295
66;296
66;297
66;298
66;299
66;300
66;301
66;302
66;303
66;304
66;305
66;306
66;307
66;308
66;309
66;310
66;311
66;312
66;313
66;314
66;315
66;316
66;317
66;318
66;319
66;320
66;321
66;322
66;323
66;324
66;325
66;934
66;935
66;936
66;937
66;938
66;939
66;940
66;941
66;942
66;943
66;944
66;945
66;946
66;947
66;948
66;949
66;950
66;951
66;952
66;953
66;954
66;955
66;956
66;957
66;958
66;959
66;960
66;961
66;962
66;963
66;964
66;965
66;966
66;967
66;968
66;969
66;970
66;971
66;972
66;973
66;974
66;975
66;976
66;977
66;978
66;979
66;980
66;981
66;982
66;983
66;984
66;985
66;986
66;987
66;988
66;989
66;990
66;991
66;992
66;993
66;994
66;995
66;996
66;997
66;998
66;999
66;1000
66;1001
66;1002
66;1003
66;1004
66;1005
66;1006
66;1007
66;1008
66;1009
66;1010
66;1011
66;1012
66;1013
66;1014
66;1015
66;1016
66;1017
66;1018
66;1019
66;1020
66;1021
66;1022
66;1023
66;1024
66;1025
66;1026
66;1027
66;1028
66;1029
66;1030
66;1031
66;1032
66;1033
66;1034
66;1035
66;1036
66;1037
66;1038
66;1039
66;1040
66;1041
66;1042
66;1043
66;1044
66;1045
66;1046
66;1047
66;1048
66;1049
66;1050
66;1051
66;1052
66;1053
66;1054
66;1055
66;1056
66;1057
67;228
67;229
67;230
67;231
67;232
67;233
67;234
67;235
67;236
67;237
67;238
67;239
67;240
67;241
67;242
67;243
67;244
67;245
67;246
67;247
67;248
67;249
67;250
67;251
67;252
67;253
67;254
67;255
67;256
67;257
67;258
67;259
67;260
67;261
67;262
67;263
67;264
67;265
67;266
67;267
67;268
67;269
67;270
67;271
67;272
67;273
67;274
67;275
67;276
67;277
67;278
67;279
67;280
67;281
67;282
67;283
67;284
67;285
67;286
67;287
67;288
67;289
67;290
67;291
67;292
67;293
67;294
67;295
67;296
67;297
67;298
67;299
67;300
67;301
67;302
67;303
67;304
67;305
67;306
67;307
67;308
67;309
67;310
67;311
67;312
67;313
67;314
67;315
67;316
67;317
67;318
67;319
67;320
67;321
67;322
67;323
67;324
67;325
67;326
67;327
67;933
67;934
67;935
67;936
67;937
67;938
67;939
67;940
67;941
67;942
67;943
67;944
67;945
67;946
67;947
67;948
67;949
67;950
67;951
67;952
67;953
67;954
67;955
67;956
67;957
67;958
67;959
67;960
67;961
67;962
67;963
67;964
67;965
67;966
67;967
67;968
67;969
67;970
67;971
67;972
67;973
67;974
67;975
67;976
67;977
67;978
67;979
67;980
67;981
67;982
67;983
67;984
67;985
67;986
67;987
67;988
67;989
67;990
67;991
67;992
67;993
67;994
67;995
67;996
67;997
67;998
67;999
67;1000
67;1001
67;1002
67;1003
67;1004
67;1005
67;1006
67;1007
67;1008
67;1009
67;1010
67;1011
67;1012
67;1013
67;1014
67;1015
67;1016
67;1017
67;1018
67;1019
67;1020
67;1021
67;1022
67;1023
67;1024
67;1025
67;1026
67;1027
67;1028
67;1029
67;1030
67;1031
67;1032
67;1033
67;1034
67;1035
67;1036
67;1037
67;1038
67;1039
67;1040
67;1041
67;1042
67;1043
67;1044
67;1045
67;1046
67;1047
67;1048
67;1049
67;1050
67;1051
67;1052
67;1053
67;1054
67;1055
67;1056
67;1057
67;1058
68;227
68;228
68;229
68;230
68;231
68;232
68;233
68;234
68;235
68;236
68;237
68;238
68;239
68;240
68;241
68;242
68;243
68;244
68;245
68;246
68;247
68;248
68;249
68;250
68;251
68;252
68;253
68;254
68;255
68;256
68;257
68;258
68;259
68;260
68;261
68;262
68;263
68;264
68;265
68;266
68;267
68;268
68;269
68;270
68;271
68;272
68;273
68;274
68;275
68;276
68;277
68;278
68;279
68;280
68;281
68;282
68;283
68;284
68;285
68;286
68;287
68;288
68;289
68;290
68;291
68;292
68;293
68;294
68;295
68;296
68;297
68;298
68;299
68;300
68;301
68;302
68;303
68;304
68;305
68;306
68;307
68;308
68;309
68;310
68;311
68;312
68;313
68;314
68;315
68;316
68;317
68;318
68;319
68;320
68;321
68;322
68;323
68;324
68;325
68;326
68;327
68;933
68;934
68;935
68;936
68;937
68;938
68;939
68;940
68;941
68;942
68;943
68;944
68;945
68;946
68;947
68;948
68;949
68;950
68;951
68;952
68;953
68;954
68;955
68;956
68;957
68;958
68;959
68;960
68;961
68;962
68;963
68;964
68;965
68;966
68;967
68;968
68;969
68;970
68;971
68;972
68;973
68;974
68;975
68;976
68;977
68;978
68;979
68;980
68;981
68;982
68;983
68;984
68;985
68;986
68;987
68;988
68;989
68;990
68;991
68;992
68;993
68;994
68;995
68;996
68;997
68;998
68;999
68;1000
68;1001
68;1002
68;1003
68;1004
68;1005
68;1006
68;1007
68;1008
68;1009
68;1010
68;1011
68;1012
68;1013
68;1014
68;1015
68;1016
68;1017
68;1018
68;1019
68;1020
68;1021
68;1022
68;1023
68;1024
68;1025
68;1026
68;1027
68;1028
68;1029
68;1030
68;1031
68;1032
68;1033
68;1034
68;1035
68;1036
68;1037
68;1038
68;1039
68;1040
68;1041
68;1042
68;1043
68;1044
68;1045
68;1046
68;1047
68;1048
68;1049
68;1050
68;1051
68;1052
68;1053
68;1054
68;1055
68;1056
68;1057
68;1058
68;1059
69;227
69;228
69;229
69;230
69;231
69;232
69;233
69;234
69;235
69;236
69;237
69;238
69;239
69;240
69;241
69;242
69;243
69;244
69;245
69;246
69;247
69;248
69;249
69;250
69;251
69;252
69;253
69;254
69;255
69;256
69;257
69;258
69;259
69;260
69;261
69;262
69;263
69;264
69;265
69;266
69;267
69;268
69;269
69;270
69;271
69;272
69;273
69;274
69;275
69;276
69;277
69;278
69;279
69;280
69;281
69;282
69;283
69;284
69;285
69;286
69;287
69;288
69;289
69;290
69;291
69;292
69;293
69;294
69;295
69;296
69;297
69;298
69;299
69;300
69;301
69;302
69;303
69;304
69;305
69;306
69;307
69;308
69;309
69;310
69;311
69;312
69;313
69;314
69;315
69;316
69;317
69;318
69;319
69;320
69;321
69;322
69;323
69;324
69;325
69;326
69;327
69;328
69;933
69;934
69;935
69;936
69;937
69;938
69;939
69;940
69;941
69;942
69;943
69;944
69;945
69;946
69;947
69;948
69;949
69;950
69;951
69;952
69;953
69;954
69;955
69;956
69;957
69;958
69;959
69;960
69;961
69;962
69;963
69;964
69;965
69;966
69;967
69;968
69;969
69;970
69;971
69;972
69;973
69;974
69;975
69;976
69;977
69;978
69;979
69;980
69;981
69;982
69;983
69;984
69;985
69;986
69;987
69;988
69;989
69;990
69;991
69;992
69;993
69;994
69;995
69;996
69;997
69;998
69;999
69;1000
69;1001
69;1002
69;1003
69;1004
69;1005
69;1006
69;1007
69;1008
69;1009
69;1010
69;1011
69;1012
69;1013
69;1014
69;1015
69;1016
69;1017
69;1018
69;1019
69;1020
69;1021
69;1022
69;1023
69;1024
69;1025
69;1026
69;1027
69;1028
69;1029
69;1030
69;1031
69;1032
69;1033
69;1034
69;1035
69;1036
69;1037
69;1038
69;1039
69;1040
69;1041
69;1042
69;1043
69;1044
69;1045
69;1046
69;1047
69;1048
69;1049
69;1050
69;1051
69;1052
69;1053
69;1054
69;1055
69;1056
69;1057
69;1058
69;1059
69;1060
69;1061
70;227
70;228
70;229
70;230
70;231
70;232
70;233
70;234
70;235
70;236
70;237
70;238
70;239
70;240
70;241
70;242
70;243
70;244
70;245
70;246
70;247
70;248
70;249
70;250
70;251
70;252
70;253
70;254
70;255
70;256
70;257
70;258
70;259
70;260
70;261
70;262
70;263
70;264
70;265
70;266
70;267
70;268
70;269
70;270
70;271
70;272
70;273
70;274
70;275
70;276
70;277
70;278
70;279
70;280
70;281
70;282
70;283
70;284
70;285
70;286
70;287
70;288
70;289
70;290
70;291
70;292
70;293
70;294
70;295
70;296
70;297
70;298
70;299
70;300
70;301
70;302
70;303
70;304
70;305
70;306
70;307
70;308
70;309
70;310
70;311
70;312
70;313
70;314
70;315
70;316
70;317
70;318
70;319
70;320
70;321
70;322
70;323
70;324
70;325
70;326
70;327
70;328
70;329
70;933
70;934
70;935
70;936
70;937
70;938
70;939
70;940
70;941
70;942
70;943
70;944
70;945
70;946
70;947
70;948
70;949
70;950
70;951
70;952
70;953
70;954
70;955
70;956
70;957
70;958
70;959
70;960
70;961
70;962
70;963
70;964
70;965
70;966
70;967
70;968
70;969
70;970
70;971
70;972
70;973
70;974
70;975
70;976
70;977
70;978
70;979
70;980
70;981
70;982
70;983
70;984
70;985
70;986
70;987
70;988
70;989
70;990
70;991
70;992
70;993
70;994
70;995
70;996
70;997
70;998
70;999
70;1000
70;1001
70;1002
70;1003
70;1004
70;1005
70;1006
70;1007
70;1008
70;1009
70;1010
70;1011
70;1012
70;1013
70;1014
70;1015
70;1016
70;1017
70;1018
70;1019
70;1020
70;1021
70;1022
70;1023
70;1024
70;1025
70;1026
70;1027
70;1028
70;1029
70;1030
70;1031
70;1032
70;1033
70;1034
70;1035
70;1036
70;1037
70;1038
70;1039
70;1040
70;1041
70;1042
70;1043
70;1044
70;1045
70;1046
70;1047
70;1048
70;1049
70;1050
70;1051
70;1052
70;1053
70;1054
70;1055
70;1056
70;1057
70;1058
70;1059
70;1060
70;1061
71;226
71;227
71;228
71;229
71;230
71;231
71;232
71;233
71;234
71;235
71;236
71;237
71;238
71;239
71;240
71;241
71;242
71;243
71;244
71;245
71;246
71;247
71;248
71;249
71;250
71;251
71;252
71;253
71;254
71;255
71;256
71;257
71;258
71;259
71;260
71;261
71;262
71;263
71;264
71;265
71;266
71;267
71;268
71;269
71;270
71;271
71;272
71;273
71;274
71;275
71;276
71;277
71;278
71;279
71;280
71;281
71;282
71;283
71;284
71;285
71;286
71;287
71;288
71;289
71;290
71;291
71;292
71;293
71;294
71;295
71;296
71;297
71;298
71;299
71;300
71;301
71;302
71;303
71;304
71;305
71;306
71;307
71;308
71;309
71;310
71;311
71;312
71;313
71;314
71;315
71;316
71;317
71;318
71;319
71;320
71;321
71;322
71;323
71;324
71;325
71;326
71;327
71;328
71;329
71;330
71;932
71;933
71;934
71;935
71;936
71;937
71;938
71;939
71;940
71;941
71;942
71;943
71;944
71;945
71;946
71;947
71;948
71;949
71;950
71;951
71;952
71;953
71;954
71;955
71;956
71;957
71;958
71;959
71;960
71;961
71;962
71;963
71;964
71;965
71;966
71;967
71;968
71;969
71;970
71;971
71;972
71;973
71;974
71;975
71;976
71;977
71;978
71;979
71;980
71;981
71;982
71;983
71;984
71;985
71;986
71;987
71;988
71;989
71;990
71;991
71;992
71;993
71;994
71;995
71;996
71;997
71;998
71;999
71;1000
71;1001
71;1002
71;1003
71;1004
71;1005
71;1006
71;1007
71;1008
71;1009
71;1010
71;1011
71;1012
71;1013
71;1014
71;1015
71;1016
71;1017
71;1018
71;1019
71;1020
71;1021
71;1022
71;1023
71;1024
71;1025
71;1026
71;1027
71;1028
71;1029
71;1030
71;1031
71;1032
71;1033
71;1034
71;1035
71;1036
71;1037
71;1038
71;1039
71;1040
71;1041
71;1042
71;1043
71;1044
71;1045
71;1046
71;1047
71;1048
71;1049
71;1050
71;1051
71;1052
71;1053
71;1054
71;1055
71;1056
71;1057
71;1058
71;1059
71;1060
71;1061
71;1062
71;1063
72;225
72;226
72;227
72;228
72;229
72;230
72;231
72;232
72;233
72;234
72;235
72;236
72;237
72;238
72;239
72;240
72;241
72;242
72;243
72;244
72;245
72;246
72;247
72;248
72;249
72;250
72;251
72;252
72;253
72;254
72;255
72;256
72;257
72;258
72;259
72;260
72;261
72;262
72;263
72;264
72;265
72;266
72;267
72;268
72;269
72;270
72;271
72;272
72;273
72;274
72;275
72;276
72;277
72;278
72;279
72;280
72;281
72;282
72;283
72;284
72;285
72;286
72;287
72;288
72;289
72;290
72;291
72;292
72;293
72;294
72;295
72;296
72;297
72;298
72;299
72;300
72;301
72;302
72;303
72;304
72;305
72;306
72;307
72;308
72;309
72;310
72;311
72;312
72;313
72;314
72;315
72;316
72;317
72;318
72;319
72;320
72;321
72;322
72;323
72;324
72;325
72;326
72;327
72;328
72;329
72;330
72;331
72;932
72;933
72;934
72;935
72;936
72;937
72;938
72;939
72;940
72;941
72;942
72;943
72;944
72;945
72;946
72;947
72;948
72;949
72;950
72;951
72;952
72;953
72;954
72;955
72;956
72;957
72;958
72;959
72;960
72;961
72;962
72;963
72;964
72;965
72;966
72;967
72;968
72;969
72;970
72;971
72;972
72;973
72;974
72;975
72;976
72;977
72;978
72;979
72;980
72;981
72;982
72;983
72;984
72;985
72;986
72;987
72;988
72;989
72;990
72;991
72;992
72;993
72;994
72;995
72;996
72;997
72;998
72;999
72;1000
72;1001
72;1002
72;1003
72;1004
72;1005
72;1006
72;1007
72;1008
72;1009
72;1010
72;1011
72;1012
72;1013
72;1014
72;1015
72;1016
72;1017
72;1018
72;1019
72;1020
72;1021
72;1022
72;1023
72;1024
72;1025
72;1026
72;1027
72;1028
72;1029
72;1030
72;1031
72;1032
72;1033
72;1034
72;1035
72;1036
72;1037
72;1038
72;1039
72;1040
72;1041
72;1042
72;1043
72;1044
72;1045
72;1046
72;1047
72;1048
72;1049
72;1050
72;1051
72;1052
72;1053
72;1054
72;1055
72;1056
72;1057
72;1058
72;1059
72;1060
72;1061
72;1062
72;1063
72;1064
73;225
73;226
73;227
73;228
73;229
73;230
73;231
73;232
73;233
73;234
73;235
73;236
73;237
73;238
73;239
73;240
73;241
73;242
73;243
73;244
73;245
73;246
73;247
73;248
73;249
73;250
73;251
73;252
73;253
73;254
73;255
73;256
73;257
73;258
73;259
73;260
73;261
73;262
73;263
73;264
73;265
73;266
73;267
73;268
73;269
73;270
73;271
73;272
73;273
73;274
73;275
73;276
73;277
73;278
73;279
73;280
73;281
73;282
73;283
73;284
73;285
73;286
73;287
73;288
73;289
73;290
73;291
73;292
73;293
73;294
73;295
73;296
73;297
73;298
73;299
73;300
73;301
73;302
73;303
73;304
73;305
73;306
73;307
73;308
73;309
73;310
73;311
73;312
73;313
73;314
73;315
73;316
73;317
73;318
73;319
73;320
73;321
73;322
73;323
73;324
73;325
73;326
73;327
73;328
73;329
73;330
73;331
73;332
73;932
73;933
73;934
73;935
73;936
73;937
73;938
73;939
73;940
73;941
73;942
73;943
73;944
73;945
73;946
73;947
73;948
73;949
73;950
73;951
73;952
73;953
73;954
73;955
73;956
73;957
73;958
73;959
73;960
73;961
73;962
73;963
73;964
73;965
73;966
73;967
73;968
73;969
73;970
73;971
73;972
73;973
73;974
73;975
73;976
73;977
73;978
73;979
73;980
73;981
73;982
73;983
73;984
73;985
73;986
73;987
73;988
73;989
73;990
73;991
73;992
73;993
73;994
73;995
73;996
73;997
73;998
73;999
73;1000
73;1001
73;1002
73;1003
73;1004
73;1005
73;1006
73;1007
73;1008
73;1009
73;1010
73;1011
73;1012
73;1013
73;1014
73;1015
73;1016
73;1017
73;1018
73;1019
73;1020
73;1021
73;1022
73;1023
73;1024
73;1025
73;1026
73;1027
73;1028
73;1029
73;1030
73;1031
73;1032
73;1033
73;1034
73;1035
73;1036
73;1037
73;1038
73;1039
73;1040
73;1041
73;1042
73;1043
73;1044
73;1045
73;1046
73;1047
73;1048
73;1049
73;1050
73;1051
73;1052
73;1053
73;1054
73;1055
73;1056
73;1057
73;1058
73;1059
73;1060
73;1061
73;1062
73;1063
73;1064
73;1065
74;225
74;226
74;227
74;228
74;229
74;230
74;231
74;232
74;233
74;234
74;235
74;236
74;237
74;238
74;239
74;240
74;241
74;242
74;243
74;244
74;245
74;246
74;247
74;248
74;249
74;250
74;251
74;252
74;253
74;254
74;255
74;256
74;257
74;258
74;259
74;260
74;261
74;262
74;263
74;264
74;265
74;266
74;267
74;268
74;269
74;270
74;271
74;272
74;273
74;274
74;275
74;276
74;277
74;278
74;279
74;280
74;281
74;282
74;283
74;284
74;285
74;286
74;287
74;288
74;289
74;290
74;291
74;292
74;293
74;294
74;295
74;296
74;297
74;298
74;299
74;300
74;301
74;302
74;303
74;304
74;305
74;306
74;307
74;308
74;309
74;310
74;311
74;312
74;313
74;314
74;315
74;316
74;317
74;318
74;319
74;320
74;321
74;322
74;323
74;324
74;325
74;326
74;327
74;328
74;329
74;330
74;331
74;332
74;333
74;931
74;932
74;933
74;934
74;935
74;936
74;937
74;938
74;939
74;940
74;941
74;942
74;943
74;944
74;945
74;946
74;947
74;948
74;949
74;950
74;951
74;952
74;953
74;954
74;955
74;956
74;957
74;958
74;959
74;960
74;961
74;962
74;963
74;964
74;965
74;966
74;967
74;968
74;969
74;970
74;971
74;972
74;973
74;974
74;975
74;976
74;977
74;978
74;979
74;980
74;981
74;982
74;983
74;984
74;985
74;986
74;987
74;988
74;989
74;990
74;991
74;992
74;993
74;994
74;995
74;996
74;997
74;998
74;999
74;1000
74;1001
74;1002
74;1003
74;1004
74;1005
74;1006
74;1007
74;1008
74;1009
74;1010
74;1011
74;1012
74;1013
74;1014
74;1015
74;1016
74;1017
74;1018
74;1019
74;1020
74;1021
74;1022
74;1023
74;1024
74;1025
74;1026
74;1027
74;1028
74;1029
74;1030
74;1031
74;1032
74;1033
74;1034
74;1035
74;1036
74;1037
74;1038
74;1039
74;1040
74;1041
74;1042
74;1043
74;1044
74;1045
74;1046
74;1047
74;1048
74;1049
74;1050
74;1051
74;1052
74;1053
74;1054
74;1055
74;1056
74;1057
74;1058
74;1059
74;1060
74;1061
74;1062
74;1063
74;1064
74;1065
74;1066
74;1067
75;224
75;225
75;226
75;227
75;228
75;229
75;230
75;231
75;232
75;233
75;234
75;235
75;236
75;237
75;238
75;239
75;240
75;241
75;242
75;243
75;244
75;245
75;246
75;247
75;248
75;249
75;250
75;251
75;252
75;253
75;254
75;255
75;256
75;257
75;258
75;259
75;260
75;261
75;262
75;263
75;264
75;265
75;266
75;267
75;268
75;269
75;270
75;271
75;272
75;273
75;274
75;275
75;276
75;277
75;278
75;279
75;280
75;281
75;282
75;283
75;284
75;285
75;286
75;287
75;288
75;289
75;290
75;291
75;292
75;293
75;294
75;295
75;296
75;297
75;298
75;299
75;300
75;301
75;302
75;303
75;304
75;305
75;306
75;307
75;308
75;309
75;310
75;311
75;312
75;313
75;314
75;315
75;316
75;317
75;318
75;319
75;320
75;321
75;322
75;323
75;324
75;325
75;326
75;327
75;328
75;329
75;330
75;331
75;332
75;333
75;931
75;932
75;933
75;934
75;935
75;936
75;937
75;938
75;939
75;940
75;941
75;942
75;943
75;944
75;945
75;946
75;947
75;948
75;949
75;950
75;951
75;952
75;953
75;954
75;955
75;956
75;957
75;958
75;959
75;960
75;961
75;962
75;963
75;964
75;965
75;966
75;967
75;968
75;969
75;970
75;971
75;972
75;973
75;974
75;975
75;976
75;977
75;978
75;979
75;980
75;981
75;982
75;983
75;984
75;985
75;986
75;987
75;988
75;989
75;990
75;991
75;992
75;993
75;994
75;995
75;996
75;997
75;998
75;999
75;1000
75;1001
75;1002
75;1003
75;1004
75;1005
75;1006
75;1007
75;1008
75;1009
75;1010
75;1011
75;1012
75;1013
75;1014
75;1015
75;1016
75;1017
75;1018
75;1019
75;1020
75;1021
75;1022
75;1023
75;1024
75;1025
75;1026
75;1027
75;1028
75;1029
75;1030
75;1031
75;1032
75;1033
75;1034
75;1035
75;1036
75;1037
75;1038
75;1039
75;1040
75;1041
75;1042
75;1043
75;1044
75;1045
75;1046
75;1047
75;1048
75;1049
75;1050
75;1051
75;1052
75;1053
75;1054
75;1055
75;1056
75;1057
75;1058
75;1059
75;1060
75;1061
75;1062
75;1063
75;1064
75;1065
75;1066
75;1067
76;224
76;225
76;226
76;227
76;228
76;229
76;230
76;231
76;232
76;233
76;234
76;235
76;236
76;237
76;238
76;239
76;240
76;241
76;242
76;243
76;244
76;245
76;246
76;247
76;248
76;249
76;250
76;251
76;252
76;253
76;254
76;255
76;256
76;257
76;258
76;259
76;260
76;261
76;262
76;263
76;264
76;265
76;266
76;267
76;268
76;269
76;270
76;271
76;272
76;273
76;274
76;275
76;276
76;277
76;278
76;279
76;280
76;281
76;282
76;283
76;284
76;285
76;286
76;287
76;288
76;289
76;290
76;291
76;292
76;293
76;294
76;295
76;296
76;297
76;298
76;299
76;300
76;301
76;302
76;303
76;304
76;305
76;306
76;307
76;308
76;309
76;310
76;311
76;312
76;313
76;314
76;315
76;316
76;317
76;318
76;319
76;320
76;321
76;322
76;323
76;324
76;325
76;326
76;327
76;328
76;329
76;330
76;331
76;332
76;333
76;334
76;335
76;931
76;932
76;933
76;934
76;935
76;936
76;937
76;938
76;939
76;940
76;941
76;942
76;943
76;944
76;945
76;946
76;947
76;948
76;949
76;950
76;951
76;952
76;953
76;954
76;955
76;956
76;957
76;958
76;959
76;960
76;961
76;962
76;963
76;964
76;965
76;966
76;967
76;968
76;969
76;970
76;971
76;972
76;973
76;974
76;975
76;976
76;977
76;978
76;979
76;980
76;981
76;982
76;983
76;984
76;985
76;986
76;987
76;988
76;989
76;990
76;991
76;992
76;993
76;994
76;995
76;996
76;997
76;998
76;999
76;1000
76;1001
76;1002
76;1003
76;1004
76;1005
76;1006
76;1007
76;1008
76;1009
76;1010
76;1011
76;1012
76;1013
76;1014
76;1015
76;1016
76;1017
76;1018
76;1019
76;1020
76;1021
76;1022
76;1023
76;1024
76;1025
76;1026
76;1027
76;1028
76;1029
76;1030
76;1031
76;1032
76;1033
76;1034
76;1035
76;1036
76;1037
76;1038
76;1039
76;1040
76;1041
76;1042
76;1043
76;1044
76;1045
76;1046
76;1047
76;1048
76;1049
76;1050
76;1051
76;1052
76;1053
76;1054
76;1055
76;1056
76;1057
76;1058
76;1059
76;1060
76;1061
76;1062
76;1063
76;1064
76;1065
76;1066
76;1067
76;1068
76;1069
77;223
77;224
77;225
77;226
77;227
77;228
77;229
77;230
77;231
77;232
77;233
77;234
77;235
77;236
77;237
77;238
77;239
77;240
77;241
77;242
77;243
77;244
77;245
77;246
77;247
77;248
77;249
77;250
77;251
77;252
77;253
77;254
77;255
77;256
77;257
77;258
77;259
77;260
77;261
77;262
77;263
77;264
77;265
77;266
77;267
77;268
77;269
77;270
77;271
77;272
77;273
77;274
77;275
77;276
77;277
77;278
77;279
77;280
77;281
77;282
77;283
77;284
77;285
77;286
77;287
77;288
77;289
77;290
77;291
77;292
77;293
77;294
77;295
77;296
77;297
77;298
77;299
77;300
77;301
77;302
77;303
77;304
77;305
77;306
77;307
77;308
77;309
77;310
77;311
77;312
77;313
77;314
77;315
77;316
77;317
77;318
77;319
77;320
77;321
77;322
77;323
77;324
77;325
77;326
77;327
77;328
77;329
77;330
77;331
77;332
77;333
77;334
77;335
77;931
77;932
77;933
77;934
77;935
77;936
77;937
77;938
77;939
77;940
77;941
77;942
77;943
77;944
77;945
77;946
77;947
77;948
77;949
77;950
77;951
77;952
77;953
77;954
77;955
77;956
77;957
77;958
77;959
77;960
77;961
77;962
77;963
77;964
77;965
77;966
77;967
77;968
77;969
77;970
77;971
77;972
77;973
77;974
77;975
77;976
77;977
77;978
77;979
77;980
77;981
77;982
77;983
77;984
77;985
77;986
77;987
77;988
77;989
77;990
77;991
77;992
77;993
77;994
77;995
77;996
77;997
77;998
77;999
77;1000
77;1001
77;1002
77;1003
77;1004
77;1005
77;1006
77;1007
77;1008
77;1009
77;1010
77;1011
77;1012
77;1013
77;1014
77;1015
77;1016
77;1017
77;1018
77;1019
77;1020
77;1021
77;1022
77;1023
77;1024
77;1025
77;1026
77;1027
77;1028
77;1029
77;1030
77;1031
77;1032
77;1033
77;1034
77;1035
77;1036
77;1037
77;1038
77;1039
77;1040
77;1041
77;1042
77;1043
77;1044
77;1045
77;1046
77;1047
77;1048
77;1049
77;1050
77;1051
77;1052
77;1053
77;1054
77;1055
77;1056
77;1057
77;1058
77;1059
77;1060
77;1061
77;1062
77;1063
77;1064
77;1065
77;1066
77;1067
77;1068
77;1069
77;1070
78;223
78;224
78;225
78;226
78;227
78;228
78;229
78;230
78;231
78;232
78;233
78;234
78;235
78;236
78;237
78;238
78;239
78;240
78;241
78;242
78;243
78;244
78;245
78;246
78;247
78;248
78;249
78;250
78;251
78;252
78;253
78;254
78;255
78;256
78;257
78;258
78;259
78;260
78;261
78;262
78;263
78;264
78;265
78;266
78;267
78;268
78;269
78;270
78;271
78;272
78;273
78;274
78;275
78;276
78;277
78;278
78;279
78;280
78;281
78;282
78;283
78;284
78;285
78;286
78;287
78;288
78;289
78;290
78;291
78;292
78;293
78;294
78;295
78;296
78;297
78;298
78;299
78;300
78;301
78;302
78;303
78;304
78;305
78;306
78;307
78;308
78;309
78;310
78;311
78;312
78;313
78;314
78;315
78;316
78;317
78;318
78;319
78;320
78;321
78;322
78;323
78;324
78;325
78;326
78;327
78;328
78;329
78;330
78;331
78;332
78;333
78;334
78;335
78;336
78;337
78;930
78;931
78;932
78;933
78;934
78;935
78;936
78;937
78;938
78;939
78;940
78;941
78;942
78;943
78;944
78;945
78;946
78;947
78;948
78;949
78;950
78;951
78;952
78;953
78;954
78;955
78;956
78;957
78;958
78;959
78;960
78;961
78;962
78;963
78;964
78;965
78;966
78;967
78;968
78;969
78;970
78;971
78;972
78;973
78;974
78;975
78;976
78;977
78;978
78;979
78;980
78;981
78;982
78;983
78;984
78;985
78;986
78;987
78;988
78;989
78;990
78;991
78;992
78;993
78;994
78;995
78;996
78;997
78;998
78;999
78;1000
78;1001
78;1002
78;1003
78;1004
78;1005
78;1006
78;1007
78;1008
78;1009
78;1010
78;1011
78;1012
78;1013
78;1014
78;1015
78;1016
78;1017
78;1018
78;1019
78;1020
78;1021
78;1022
78;1023
78;1024
78;1025
78;1026
78;1027
78;1028
78;1029
78;1030
78;1031
78;1032
78;1033
78;1034
78;1035
78;1036
78;1037
78;1038
78;1039
78;1040
78;1041
78;1042
78;1043
78;1044
78;1045
78;1046
78;1047
78;1048
78;1049
78;1050
78;1051
78;1052
78;1053
78;1054
78;1055
78;1056
78;1057
78;1058
78;1059
78;1060
78;1061
78;1062
78;1063
78;1064
78;1065
78;1066
78;1067
78;1068
78;1069
78;1070
78;1071
79;222
79;223
79;224
79;225
79;226
79;227
79;228
79;229
79;230
79;231
79;232
79;233
79;234
79;235
79;236
79;237
79;238
79;239
79;240
79;241
79;242
79;243
79;244
79;245
79;246
79;247
79;248
79;249
79;250
79;251
79;252
79;253
79;254
79;255
79;256
79;257
79;258
79;259
79;260
79;261
79;262
79;263
79;264
79;265
79;266
79;267
79;268
79;269
79;270
79;271
79;272
79;273
79;274
79;275
79;276
79;277
79;278
79;279
79;280
79;281
79;282
79;283
79;284
79;285
79;286
79;287
79;288
79;289
79;290
79;291
79;292
79;293
79;294
79;295
79;296
79;297
79;298
79;299
79;300
79;301
79;302
79;303
79;304
79;305
79;306
79;307
79;308
79;309
79;310
79;311
79;312
79;313
79;314
79;315
79;316
79;317
79;318
79;319
79;320
79;321
79;322
79;323
79;324
79;325
79;326
79;327
79;328
79;329
79;330
79;331
79;332
79;333
79;334
79;335
79;336
79;337
79;930
79;931
79;932
79;933
79;934
79;935
79;936
79;937
79;938
79;939
79;940
79;941
79;942
79;943
79;944
79;945
79;946
79;947
79;948
79;949
79;950
79;951
79;952
79;953
79;954
79;955
79;956
79;957
79;958
79;959
79;960
79;961
79;962
79;963
79;964
79;965
79;966
79;967
79;968
79;969
79;970
79;971
79;972
79;973
79;974
79;975
79;976
79;977
79;978
79;979
79;980
79;981
79;982
79;983
79;984
79;985
79;986
79;987
79;988
79;989
79;990
79;991
79;992
79;993
79;994
79;995
79;996
79;997
79;998
79;999
79;1000
79;1001
79;1002
79;1003
79;1004
79;1005
79;1006
79;1007
79;1008
79;1009
79;1010
79;1011
79;1012
79;1013
79;1014
79;1015
79;1016
79;1017
79;1018
79;1019
79;1020
79;1021
79;1022
79;1023
79;1024
79;1025
79;1026
79;1027
79;1028
79;1029
79;1030
79;1031
79;1032
79;1033
79;1034
79;1035
79;1036
79;1037
79;1038
79;1039
79;1040
79;1041
79;1042
79;1043
79;1044
79;1045
79;1046
79;1047
79;1048
79;1049
79;1050
79;1051
79;1052
79;1053
79;1054
79;1055
79;1056
79;1057
79;1058
79;1059
79;1060
79;1061
79;1062
79;1063
79;1064
79;1065
79;1066
79;1067
79;1068
79;1069
79;1070
79;1071
79;1072
79;1073
80;222
80;223
80;224
80;225
80;226
80;227
80;228
80;229
80;230
80;231
80;232
80;233
80;234
80;235
80;236
80;237
80;238
80;239
80;240
80;241
80;242
80;243
80;244
80;245
80;246
80;247
80;248
80;249
80;250
80;251
80;252
80;253
80;254
80;255
80;256
80;257
80;258
80;259
80;260
80;261
80;262
80;263
80;264
80;265
80;266
80;267
80;268
80;269
80;270
80;271
80;272
80;273
80;274
80;275
80;276
80;277
80;278
80;279
80;280
80;281
80;282
80;283
80;284
80;285
80;286
80;287
80;288
80;289
80;290
80;291
80;292
80;293
80;294
80;295
80;296
80;297
80;298
80;299
80;300
80;301
80;302
80;303
80;304
80;305
80;306
80;307
80;308
80;309
80;310
80;311
80;312
80;313
80;314
80;315
80;316
80;317
80;318
80;319
80;320
80;321
80;322
80;323
80;324
80;325
80;326
80;327
80;328
80;329
80;330
80;331
80;332
80;333
80;334
80;335
80;336
80;337
80;338
80;930
80;931
80;932
80;933
80;934
80;935
80;936
80;937
80;938
80;939
80;940
80;941
80;942
80;943
80;944
80;945
80;946
80;947
80;948
80;949
80;950
80;951
80;952
80;953
80;954
80;955
80;956
80;957
80;958
80;959
80;960
80;961
80;962
80;963
80;964
80;965
80;966
80;967
80;968
80;969
80;970
80;971
80;972
80;973
80;974
80;975
80;976
80;977
80;978
80;979
80;980
80;981
80;982
80;983
80;984
80;985
80;986
80;987
80;988
80;989
80;990
80;991
80;992
80;993
80;994
80;995
80;996
80;997
80;998
80;999
80;1000
80;1001
80;1002
80;1003
80;1004
80;1005
80;1006
80;1007
80;1008
80;1009
80;1010
80;1011
80;1012
80;1013
80;1014
80;1015
80;1016
80;1017
80;1018
80;1019
80;1020
80;1021
80;1022
80;1023
80;1024
80;1025
80;1026
80;1027
80;1028
80;1029
80;1030
80;1031
80;1032
80;1033
80;1034
80;1035
80;1036
80;1037
80;1038
80;1039
80;1040
80;1041
80;1042
80;1043
80;1044
80;1045
80;1046
80;1047
80;1048
80;1049
80;1050
80;1051
80;1052
80;1053
80;1054
80;1055
80;1056
80;1057
80;1058
80;1059
80;1060
80;1061
80;1062
80;1063
80;1064
80;1065
80;1066
80;1067
80;1068
80;1069
80;1070
80;1071
80;1072
80;1073
81;221
81;222
81;223
81;224
81;225
81;226
81;227
81;228
81;229
81;230
81;231
81;232
81;233
81;234
81;235
81;236
81;237
81;238
81;239
81;240
81;241
81;242
81;243
81;244
81;245
81;246
81;247
81;248
81;249
81;250
81;251
81;252
81;253
81;254
81;255
81;256
81;257
81;258
81;259
81;260
81;261
81;262
81;263
81;264
81;265
81;266
81;267
81;268
81;269
81;270
81;271
81;272
81;273
81;274
81;275
81;276
81;277
81;278
81;279
81;280
81;281
81;282
81;283
81;284
81;285
81;286
81;287
81;288
81;289
81;290
81;291
81;292
81;293
81;294
81;295
81;296
81;297
81;298
81;299
81;300
81;301
81;302
81;303
81;304
81;305
81;306
81;307
81;308
81;309
81;310
81;311
81;312
81;313
81;314
81;315
81;316
81;317
81;318
81;319
81;320
81;321
81;322
81;323
81;324
81;325
81;326
81;327
81;328
81;329
81;330
81;331
81;332
81;333
81;334
81;335
81;336
81;337
81;338
81;339
81;929
81;930
81;931
81;932
81;933
81;934
81;935
81;936
81;937
81;938
81;939
81;940
81;941
81;942
81;943
81;944
81;945
81;946
81;947
81;948
81;949
81;950
81;951
81;952
81;953
81;954
81;955
81;956
81;957
81;958
81;959
81;960
81;961
81;962
81;963
81;964
81;965
81;966
81;967
81;968
81;969
81;970
81;971
81;972
81;973
81;974
81;975
81;976
81;977
81;978
81;979
81;980
81;981
81;982
81;983
81;984
81;985
81;986
81;987
81;988
81;989
81;990
81;991
81;992
81;993
81;994
81;995
81;996
81;997
81;998
81;999
81;1000
81;1001
81;1002
81;1003
81;1004
81;1005
81;1006
81;1007
81;1008
81;1009
81;1010
81;1011
81;1012
81;1013
81;1014
81;1015
81;1016
81;1017
81;1018
81;1019
81;1020
81;1021
81;1022
81;1023
81;1024
81;1025
81;1026
81;1027
81;1028
81;1029
81;1030
81;1031
81;1032
81;1033
81;1034
81;1035
81;1036
81;1037
81;1038
81;1039
81;1040
81;1041
81;1042
81;1043
81;1044
81;1045
81;1046
81;1047
81;1048
81;1049
81;1050
81;1051
81;1052
81;1053
81;1054
81;1055
81;1056
81;1057
81;1058
81;1059
81;1060
81;1061
81;1062
81;1063
81;1064
81;1065
81;1066
81;1067
81;1068
81;1069
81;1070
81;1071
81;1072
81;1073
82;221
82;222
82;223
82;224
82;225
82;226
82;227
82;228
82;229
82;230
82;231
82;232
82;233
82;234
82;235
82;236
82;237
82;238
82;239
82;240
82;241
82;242
82;243
82;244
82;245
82;246
82;247
82;248
82;249
82;250
82;251
82;252
82;253
82;254
82;255
82;256
82;257
82;258
82;259
82;260
82;261
82;262
82;263
82;264
82;265
82;266
82;267
82;268
82;269
82;270
82;271
82;272
82;273
82;274
82;275
82;276
82;277
82;278
82;279
82;280
82;281
82;282
82;283
82;284
82;285
82;286
82;287
82;288
82;289
82;290
82;291
82;292
82;293
82;294
82;295
82;296
82;297
82;298
82;299
82;300
82;301
82;302
82;303
82;304
82;305
82;306
82;307
82;308
82;309
82;310
82;311
82;312
82;313
82;314
82;315
82;316
82;317
82;318
82;319
82;320
82;321
82;322
82;323
82;324
82;325
82;326
82;327
82;328
82;329
82;330
82;331
82;332
82;333
82;334
82;335
82;336
82;337
82;338
82;339
82;340
82;929
82;930
82;931
82;932
82;933
82;934
82;935
82;936
82;937
82;938
82;939
82;940
82;941
82;942
82;943
82;944
82;945
82;946
82;947
82;948
82;949
82;950
82;951
82;952
82;953
82;954
82;955
82;956
82;957
82;958
82;959
82;960
82;961
82;962
82;963
82;964
82;965
82;966
82;967
82;968
82;969
82;970
82;971
82;972
82;973
82;974
82;975
82;976
82;977
82;978
82;979
82;980
82;981
82;982
82;983
82;984
82;985
82;986
82;987
82;988
82;989
82;990
82;991
82;992
82;993
82;994
82;995
82;996
82;997
82;998
82;999
82;1000
82;1001
82;1002
82;1003
82;1004
82;1005
82;1006
82;1007
82;1008
82;1009
82;1010
82;1011
82;1012
82;1013
82;1014
82;1015
82;1016
82;1017
82;1018
82;1019
82;1020
82;1021
82;1022
82;1023
82;1024
82;1025
82;1026
82;1027
82;1028
82;1029
82;1030
82;1031
82;1032
82;1033
82;1034
82;1035
82;1036
82;1037
82;1038
82;1039
82;1040
82;1041
82;1042
82;1043
82;1044
82;1045
82;1046
82;1047
82;1048
82;1049
82;1050
82;1051
82;1052
82;1053
82;1054
82;1055
82;1056
82;1057
82;1058
82;1059
82;1060
82;1061
82;1062
82;1063
82;1064
82;1065
82;1066
82;1067
82;1068
82;1069
82;1070
82;1071
82;1072
82;1073
83;221
83;222
83;223
83;224
83;225
83;226
83;227
83;228
83;229
83;230
83;231
83;232
83;233
83;234
83;235
83;236
83;237
83;238
83;239
83;240
83;241
83;242
83;243
83;244
83;245
83;246
83;247
83;248
83;249
83;250
83;251
83;252
83;253
83;254
83;255
83;256
83;257
83;258
83;259
83;260
83;261
83;262
83;263
83;264
83;265
83;266
83;267
83;268
83;269
83;270
83;271
83;272
83;273
83;274
83;275
83;276
83;277
83;278
83;279
83;280
83;281
83;282
83;283
83;284
83;285
83;286
83;287
83;288
83;289
83;290
83;291
83;292
83;293
83;294
83;295
83;296
83;297
83;298
83;299
83;300
83;301
83;302
83;303
83;304
83;305
83;306
83;307
83;308
83;309
83;310
83;311
83;312
83;313
83;314
83;315
83;316
83;317
83;318
83;319
83;320
83;321
83;322
83;323
83;324
83;325
83;326
83;327
83;328
83;329
83;330
83;331
83;332
83;333
83;334
83;335
83;336
83;337
83;338
83;339
83;340
83;341
83;929
83;930
83;931
83;932
83;933
83;934
83;935
83;936
83;937
83;938
83;939
83;940
83;941
83;942
83;943
83;944
83;945
83;946
83;947
83;948
83;949
83;950
83;951
83;952
83;953
83;954
83;955
83;956
83;957
83;958
83;959
83;960
83;961
83;962
83;963
83;964
83;965
83;966
83;967
83;968
83;969
83;970
83;971
83;972
83;973
83;974
83;975
83;976
83;977
83;978
83;979
83;980
83;981
83;982
83;983
83;984
83;985
83;986
83;987
83;988
83;989
83;990
83;991
83;992
83;993
83;994
83;995
83;996
83;997
83;998
83;999
83;1000
83;1001
83;1002
83;1003
83;1004
83;1005
83;1006
83;1007
83;1008
83;1009
83;1010
83;1011
83;1012
83;1013
83;1014
83;1015
83;1016
83;1017
83;1018
83;1019
83;1020
83;1021
83;1022
83;1023
83;1024
83;1025
83;1026
83;1027
83;1028
83;1029
83;1030
83;1031
83;1032
83;1033
83;1034
83;1035
83;1036
83;1037
83;1038
83;1039
83;1040
83;1041
83;1042
83;1043
83;1044
83;1045
83;1046
83;1047
83;1048
83;1049
83;1050
83;1051
83;1052
83;1053
83;1054
83;1055
83;1056
83;1057
83;1058
83;1059
83;1060
83;1061
83;1062
83;1063
83;1064
83;1065
83;1066
83;1067
83;1068
83;1069
83;1070
83;1071
83;1072
83;1073
84;220
84;221
84;222
84;223
84;224
84;225
84;226
84;227
84;228
84;229
84;230
84;231
84;232
84;233
84;234
84;235
84;236
84;237
84;238
84;239
84;240
84;241
84;242
84;243
84;244
84;245
84;246
84;247
84;248
84;249
84;250
84;251
84;252
84;253
84;254
84;255
84;256
84;257
84;258
84;259
84;260
84;261
84;262
84;263
84;264
84;265
84;266
84;267
84;268
84;269
84;270
84;271
84;272
84;273
84;274
84;275
84;276
84;277
84;278
84;279
84;280
84;281
84;282
84;283
84;284
84;285
84;286
84;287
84;288
84;289
84;290
84;291
84;292
84;293
84;294
84;295
84;296
84;297
84;298
84;299
84;300
84;301
84;302
84;303
84;304
84;305
84;306
84;307
84;308
84;309
84;310
84;311
84;312
84;313
84;314
84;315
84;316
84;317
84;318
84;319
84;320
84;321
84;322
84;323
84;324
84;325
84;326
84;327
84;328
84;329
84;330
84;331
84;332
84;333
84;334
84;335
84;336
84;337
84;338
84;339
84;340
84;341
84;342
84;929
84;930
84;931
84;932
84;933
84;934
84;935
84;936
84;937
84;938
84;939
84;940
84;941
84;942
84;943
84;944
84;945
84;946
84;947
84;948
84;949
84;950
84;951
84;952
84;953
84;954
84;955
84;956
84;957
84;958
84;959
84;960
84;961
84;962
84;963
84;964
84;965
84;966
84;967
84;968
84;969
84;970
84;971
84;972
84;973
84;974
84;975
84;976
84;977
84;978
84;979
84;980
84;981
84;982
84;983
84;984
84;985
84;986
84;987
84;988
84;989
84;990
84;991
84;992
84;993
84;994
84;995
84;996
84;997
84;998
84;999
84;1000
84;1001
84;1002
84;1003
84;1004
84;1005
84;1006
84;1007
84;1008
84;1009
84;1010
84;1011
84;1012
84;1013
84;1014
84;1015
84;1016
84;1017
84;1018
84;1019
84;1020
84;1021
84;1022
84;1023
84;1024
84;1025
84;1026
84;1027
84;1028
84;1029
84;1030
84;1031
84;1032
84;1033
84;1034
84;1035
84;1036
84;1037
84;1038
84;1039
84;1040
84;1041
84;1042
84;1043
84;1044
84;1045
84;1046
84;1047
84;1048
84;1049
84;1050
84;1051
84;1052
84;1053
84;1054
84;1055
84;1056
84;1057
84;1058
84;1059
84;1060
84;1061
84;1062
84;1063
84;1064
84;1065
84;1066
84;1067
84;1068
84;1069
84;1070
84;1071
84;1072
84;1073
85;220
85;221
85;222
85;223
85;224
85;225
85;226
85;227
85;228
85;229
85;230
85;231
85;232
85;233
85;234
85;235
85;236
85;237
85;238
85;239
85;240
85;241
85;242
85;243
85;244
85;245
85;246
85;247
85;248
85;249
85;250
85;251
85;252
85;253
85;254
85;255
85;256
85;257
85;258
85;259
85;260
85;261
85;262
85;263
85;264
85;265
85;266
85;267
85;268
85;269
85;270
85;271
85;272
85;273
85;274
85;275
85;276
85;277
85;278
85;279
85;280
85;281
85;282
85;283
85;284
85;285
85;286
85;287
85;288
85;289
85;290
85;291
85;292
85;293
85;294
85;295
85;296
85;297
85;298
85;299
85;300
85;301
85;302
85;303
85;304
85;305
85;306
85;307
85;308
85;309
85;310
85;311
85;312
85;313
85;314
85;315
85;316
85;317
85;318
85;319
85;320
85;321
85;322
85;323
85;324
85;325
85;326
85;327
85;328
85;329
85;330
85;331
85;332
85;333
85;334
85;335
85;336
85;337
85;338
85;339
85;340
85;341
85;342
85;343
85;928
85;929
85;930
85;931
85;932
85;933
85;934
85;935
85;936
85;937
85;938
85;939
85;940
85;941
85;942
85;943
85;944
85;945
85;946
85;947
85;948
85;949
85;950
85;951
85;952
85;953
85;954
85;955
85;956
85;957
85;958
85;959
85;960
85;961
85;962
85;963
85;964
85;965
85;966
85;967
85;968
85;969
85;970
85;971
85;972
85;973
85;974
85;975
85;976
85;977
85;978
85;979
85;980
85;981
85;982
85;983
85;984
85;985
85;986
85;987
85;988
85;989
85;990
85;991
85;992
85;993
85;994
85;995
85;996
85;997
85;998
85;999
85;1000
85;1001
85;1002
85;1003
85;1004
85;1005
85;1006
85;1007
85;1008
85;1009
85;1010
85;1011
85;1012
85;1013
85;1014
85;1015
85;1016
85;1017
85;1018
85;1019
85;1020
85;1021
85;1022
85;1023
85;1024
85;1025
85;1026
85;1027
85;1028
85;1029
85;1030
85;1031
85;1032
85;1033
85;1034
85;1035
85;1036
85;1037
85;1038
85;1039
85;1040
85;1041
85;1042
85;1043
85;1044
85;1045
85;1046
85;1047
85;1048
85;1049
85;1050
85;1051
85;1052
85;1053
85;1054
85;1055
85;1056
85;1057
85;1058
85;1059
85;1060
85;1061
85;1062
85;1063
85;1064
85;1065
85;1066
85;1067
85;1068
85;1069
85;1070
85;1071
85;1072
85;1073
86;219
86;220
86;221
86;222
86;223
86;224
86;225
86;226
86;227
86;228
86;229
86;230
86;231
86;232
86;233
86;234
86;235
86;236
86;237
86;238
86;239
86;240
86;241
86;242
86;243
86;244
86;245
86;246
86;247
86;248
86;249
86;250
86;251
86;252
86;253
86;254
86;255
86;256
86;257
86;258
86;259
86;260
86;261
86;262
86;263
86;264
86;265
86;266
86;267
86;268
86;269
86;270
86;271
86;272
86;273
86;274
86;275
86;276
86;277
86;278
86;279
86;280
86;281
86;282
86;283
86;284
86;285
86;286
86;287
86;288
86;289
86;290
86;291
86;292
86;293
86;294
86;295
86;296
86;297
86;298
86;299
86;300
86;301
86;302
86;303
86;304
86;305
86;306
86;307
86;308
86;309
86;310
86;311
86;312
86;313
86;314
86;315
86;316
86;317
86;318
86;319
86;320
86;321
86;322
86;323
86;324
86;325
86;326
86;327
86;328
86;329
86;330
86;331
86;332
86;333
86;334
86;335
86;336
86;337
86;338
86;339
86;340
86;341
86;342
86;343
86;928
86;929
86;930
86;931
86;932
86;933
86;934
86;935
86;936
86;937
86;938
86;939
86;940
86;941
86;942
86;943
86;944
86;945
86;946
86;947
86;948
86;949
86;950
86;951
86;952
86;953
86;954
86;955
86;956
86;957
86;958
86;959
86;960
86;961
86;962
86;963
86;964
86;965
86;966
86;967
86;968
86;969
86;970
86;971
86;972
86;973
86;974
86;975
86;976
86;977
86;978
86;979
86;980
86;981
86;982
86;983
86;984
86;985
86;986
86;987
86;988
86;989
86;990
86;991
86;992
86;993
86;994
86;995
86;996
86;997
86;998
86;999
86;1000
86;1001
86;1002
86;1003
86;1004
86;1005
86;1006
86;1007
86;1008
86;1009
86;1010
86;1011
86;1012
86;1013
86;1014
86;1015
86;1016
86;1017
86;1018
86;1019
86;1020
86;1021
86;1022
86;1023
86;1024
86;1025
86;1026
86;1027
86;1028
86;1029
86;1030
86;1031
86;1032
86;1033
86;1034
86;1035
86;1036
86;1037
86;1038
86;1039
86;1040
86;1041
86;1042
86;1043
86;1044
86;1045
86;1046
86;1047
86;1048
86;1049
86;1050
86;1051
86;1052
86;1053
86;1054
86;1055
86;1056
86;1057
86;1058
86;1059
86;1060
86;1061
86;1062
86;1063
86;1064
86;1065
86;1066
86;1067
86;1068
86;1069
86;1070
86;1071
86;1072
86;1073
87;219
87;220
87;221
87;222
87;223
87;224
87;225
87;226
87;227
87;228
87;229
87;230
87;231
87;232
87;233
87;234
87;235
87;236
87;237
87;238
87;239
87;240
87;241
87;242
87;243
87;244
87;245
87;246
87;247
87;248
87;249
87;250
87;251
87;252
87;253
87;254
87;255
87;256
87;257
87;258
87;259
87;260
87;261
87;262
87;263
87;264
87;265
87;266
87;267
87;268
87;269
87;270
87;271
87;272
87;273
87;274
87;275
87;276
87;277
87;278
87;279
87;280
87;281
87;282
87;283
87;284
87;285
87;286
87;287
87;288
87;289
87;290
87;291
87;292
87;293
87;294
87;295
87;296
87;297
87;298
87;299
87;300
87;301
87;302
87;303
87;304
87;305
87;306
87;307
87;308
87;309
87;310
87;311
87;312
87;313
87;314
87;315
87;316
87;317
87;318
87;319
87;320
87;321
87;322
87;323
87;324
87;325
87;326
87;327
87;328
87;329
87;330
87;331
87;332
87;333
87;334
87;335
87;336
87;337
87;338
87;339
87;340
87;341
87;342
87;343
87;344
87;345
87;928
87;929
87;930
87;931
87;932
87;933
87;934
87;935
87;936
87;937
87;938
87;939
87;940
87;941
87;942
87;943
87;944
87;945
87;946
87;947
87;948
87;949
87;950
87;951
87;952
87;953
87;954
87;955
87;956
87;957
87;958
87;959
87;960
87;961
87;962
87;963
87;964
87;965
87;966
87;967
87;968
87;969
87;970
87;971
87;972
87;973
87;974
87;975
87;976
87;977
87;978
87;979
87;980
87;981
87;982
87;983
87;984
87;985
87;986
87;987
87;988
87;989
87;990
87;991
87;992
87;993
87;994
87;995
87;996
87;997
87;998
87;999
87;1000
87;1001
87;1002
87;1003
87;1004
87;1005
87;1006
87;1007
87;1008
87;1009
87;1010
87;1011
87;1012
87;1013
87;1014
87;1015
87;1016
87;1017
87;1018
87;1019
87;1020
87;1021
87;1022
87;1023
87;1024
87;1025
87;1026
87;1027
87;1028
87;1029
87;1030
87;1031
87;1032
87;1033
87;1034
87;1035
87;1036
87;1037
87;1038
87;1039
87;1040
87;1041
87;1042
87;1043
87;1044
87;1045
87;1046
87;1047
87;1048
87;1049
87;1050
87;1051
87;1052
87;1053
87;1054
87;1055
87;1056
87;1057
87;1058
87;1059
87;1060
87;1061
87;1062
87;1063
87;1064
87;1065
87;1066
87;1067
87;1068
87;1069
87;1070
87;1071
87;1072
87;1073
88;218
88;219
88;220
88;221
88;222
88;223
88;224
88;225
88;226
88;227
88;228
88;229
88;230
88;231
88;232
88;233
88;234
88;235
88;236
88;237
88;238
88;239
88;240
88;241
88;242
88;243
88;244
88;245
88;246
88;247
88;248
88;249
88;250
88;251
88;252
88;253
88;254
88;255
88;256
88;257
88;258
88;259
88;260
88;261
88;262
88;263
88;264
88;265
88;266
88;267
88;268
88;269
88;270
88;271
88;272
88;273
88;274
88;275
88;276
88;277
88;278
88;279
88;280
88;281
88;282
88;283
88;284
88;285
88;286
88;287
88;288
88;289
88;290
88;291
88;292
88;293
88;294
88;295
88;296
88;297
88;298
88;299
88;300
88;301
88;302
88;303
88;304
88;305
88;306
88;307
88;308
88;309
88;310
88;311
88;312
88;313
88;314
88;315
88;316
88;317
88;318
88;319
88;320
88;321
88;322
88;323
88;324
88;325
88;326
88;327
88;328
88;329
88;330
88;331
88;332
88;333
88;334
88;335
88;336
88;337
88;338
88;339
88;340
88;341
88;342
88;343
88;344
88;345
88;927
88;928
88;929
88;930
88;931
88;932
88;933
88;934
88;935
88;936
88;937
88;938
88;939
88;940
88;941
88;942
88;943
88;944
88;945
88;946
88;947
88;948
88;949
88;950
88;951
88;952
88;953
88;954
88;955
88;956
88;957
88;958
88;959
88;960
88;961
88;962
88;963
88;964
88;965
88;966
88;967
88;968
88;969
88;970
88;971
88;972
88;973
88;974
88;975
88;976
88;977
88;978
88;979
88;980
88;981
88;982
88;983
88;984
88;985
88;986
88;987
88;988
88;989
88;990
88;991
88;992
88;993
88;994
88;995
88;996
88;997
88;998
88;999
88;1000
88;1001
88;1002
88;1003
88;1004
88;1005
88;1006
88;1007
88;1008
88;1009
88;1010
88;1011
88;1012
88;1013
88;1014
88;1015
88;1016
88;1017
88;1018
88;1019
88;1020
88;1021
88;1022
88;1023
88;1024
88;1025
88;1026
88;1027
88;1028
88;1029
88;1030
88;1031
88;1032
88;1033
88;1034
88;1035
88;1036
88;1037
88;1038
88;1039
88;1040
88;1041
88;1042
88;1043
88;1044
88;1045
88;1046
88;1047
88;1048
88;1049
88;1050
88;1051
88;1052
88;1053
88;1054
88;1055
88;1056
88;1057
88;1058
88;1059
88;1060
88;1061
88;1062
88;1063
88;1064
88;1065
88;1066
88;1067
88;1068
88;1069
88;1070
88;1071
88;1072
88;1073
89;218
89;219
89;220
89;221
89;222
89;223
89;224
89;225
89;226
89;227
89;228
89;229
89;230
89;231
89;232
89;233
89;234
89;235
89;236
89;237
89;238
89;239
89;240
89;241
89;242
89;243
89;244
89;245
89;246
89;247
89;248
89;249
89;250
89;251
89;252
89;253
89;254
89;255
89;256
89;257
89;258
89;259
89;260
89;261
89;262
89;263
89;264
89;265
89;266
89;267
89;268
89;269
89;270
89;271
89;272
89;273
89;274
89;275
89;276
89;277
89;278
89;279
89;280
89;281
89;282
89;283
89;284
89;285
89;286
89;287
89;288
89;289
89;290
89;291
89;292
89;293
89;294
89;295
89;296
89;297
89;298
89;299
89;300
89;301
89;302
89;303
89;304
89;305
89;306
89;307
89;308
89;309
89;310
89;311
89;312
89;313
89;314
89;315
89;316
89;317
89;318
89;319
89;320
89;321
89;322
89;323
89;324
89;325
89;326
89;327
89;328
89;329
89;330
89;331
89;332
89;333
89;334
89;335
89;336
89;337
89;338
89;339
89;340
89;341
89;342
89;343
89;344
89;345
89;346
89;347
89;927
89;928
89;929
89;930
89;931
89;932
89;933
89;934
89;935
89;936
89;937
89;938
89;939
89;940
89;941
89;942
89;943
89;944
89;945
89;946
89;947
89;948
89;949
89;950
89;951
89;952
89;953
89;954
89;955
89;956
89;957
89;958
89;959
89;960
89;961
89;962
89;963
89;964
89;965
89;966
89;967
89;968
89;969
89;970
89;971
89;972
89;973
89;974
89;975
89;976
89;977
89;978
89;979
89;980
89;981
89;982
89;983
89;984
89;985
89;986
89;987
89;988
89;989
89;990
89;991
89;992
89;993
89;994
89;995
89;996
89;997
89;998
89;999
89;1000
89;1001
89;1002
89;1003
89;1004
89;1005
89;1006
89;1007
89;1008
89;1009
89;1010
89;1011
89;1012
89;1013
89;1014
89;1015
89;1016
89;1017
89;1018
89;1019
89;1020
89;1021
89;1022
89;1023
89;1024
89;1025
89;1026
89;1027
89;1028
89;1029
89;1030
89;1031
89;1032
89;1033
89;1034
89;1035
89;1036
89;1037
89;1038
89;1039
89;1040
89;1041
89;1042
89;1043
89;1044
89;1045
89;1046
89;1047
89;1048
89;1049
89;1050
89;1051
89;1052
89;1053
89;1054
89;1055
89;1056
89;1057
89;1058
89;1059
89;1060
89;1061
89;1062
89;1063
89;1064
89;1065
89;1066
89;1067
89;1068
89;1069
89;1070
89;1071
89;1072
89;1073
90;217
90;218
90;219
90;220
90;221
90;222
90;223
90;224
90;225
90;226
90;227
90;228
90;229
90;230
90;231
90;232
90;233
90;234
90;235
90;236
90;237
90;238
90;239
90;240
90;241
90;242
90;243
90;244
90;245
90;246
90;247
90;248
90;249
90;250
90;251
90;252
90;253
90;254
90;255
90;256
90;257
90;258
90;259
90;260
90;261
90;262
90;263
90;264
90;265
90;266
90;267
90;268
90;269
90;270
90;271
90;272
90;273
90;274
90;275
90;276
90;277
90;278
90;279
90;280
90;281
90;282
90;283
90;284
90;285
90;286
90;287
90;288
90;289
90;290
90;291
90;292
90;293
90;294
90;295
90;296
90;297
90;298
90;299
90;300
90;301
90;302
90;303
90;304
90;305
90;306
90;307
90;308
90;309
90;310
90;311
90;312
90;313
90;314
90;315
90;316
90;317
90;318
90;319
90;320
90;321
90;322
90;323
90;324
90;325
90;326
90;327
90;328
90;329
90;330
90;331
90;332
90;333
90;334
90;335
90;336
90;337
90;338
90;339
90;340
90;341
90;342
90;343
90;344
90;345
90;346
90;347
90;927
90;928
90;929
90;930
90;931
90;932
90;933
90;934
90;935
90;936
90;937
90;938
90;939
90;940
90;941
90;942
90;943
90;944
90;945
90;946
90;947
90;948
90;949
90;950
90;951
90;952
90;953
90;954
90;955
90;956
90;957
90;958
90;959
90;960
90;961
90;962
90;963
90;964
90;965
90;966
90;967
90;968
90;969
90;970
90;971
90;972
90;973
90;974
90;975
90;976
90;977
90;978
90;979
90;980
90;981
90;982
90;983
90;984
90;985
90;986
90;987
90;988
90;989
90;990
90;991
90;992
90;993
90;994
90;995
90;996
90;997
90;998
90;999
90;1000
90;1001
90;1002
90;1003
90;1004
90;1005
90;1006
90;1007
90;1008
90;1009
90;1010
90;1011
90;1012
90;1013
90;1014
90;1015
90;1016
90;1017
90;1018
90;1019
90;1020
90;1021
90;1022
90;1023
90;1024
90;1025
90;1026
90;1027
90;1028
90;1029
90;1030
90;1031
90;1032
90;1033
90;1034
90;1035
90;1036
90;1037
90;1038
90;1039
90;1040
90;1041
90;1042
90;1043
90;1044
90;1045
90;1046
90;1047
90;1048
90;1049
90;1050
90;1051
90;1052
90;1053
90;1054
90;1055
90;1056
90;1057
90;1058
90;1059
90;1060
90;1061
90;1062
90;1063
90;1064
90;1065
90;1066
90;1067
90;1068
90;1069
90;1070
90;1071
90;1072
90;1073
91;217
91;218
91;219
91;220
91;221
91;222
91;223
91;224
91;225
91;226
91;227
91;228
91;229
91;230
91;231
91;232
91;233
91;234
91;235
91;236
91;237
91;238
91;239
91;240
91;241
91;242
91;243
91;244
91;245
91;246
91;247
91;248
91;249
91;250
91;251
91;252
91;253
91;254
91;255
91;256
91;257
91;258
91;259
91;260
91;261
91;262
91;263
91;264
91;265
91;266
91;267
91;268
91;269
91;270
91;271
91;272
91;273
91;274
91;275
91;276
91;277
91;278
91;279
91;280
91;281
91;282
91;283
91;284
91;285
91;286
91;287
91;288
91;289
91;290
91;291
91;292
91;293
91;294
91;295
91;296
91;297
91;298
91;299
91;300
91;301
91;302
91;303
91;304
91;305
91;306
91;307
91;308
91;309
91;310
91;311
91;312
91;313
91;314
91;315
91;316
91;317
91;318
91;319
91;320
91;321
91;322
91;323
91;324
91;325
91;326
91;327
91;328
91;329
91;330
91;331
91;332
91;333
91;334
91;335
91;336
91;337
91;338
91;339
91;340
91;341
91;342
91;343
91;344
91;345
91;346
91;347
91;348
91;927
91;928
91;929
91;930
91;931
91;932
91;933
91;934
91;935
91;936
91;937
91;938
91;939
91;940
91;941
91;942
91;943
91;944
91;945
91;946
91;947
91;948
91;949
91;950
91;951
91;952
91;953
91;954
91;955
91;956
91;957
91;958
91;959
91;960
91;961
91;962
91;963
91;964
91;965
91;966
91;967
91;968
91;969
91;970
91;971
91;972
91;973
91;974
91;975
91;976
91;977
91;978
91;979
91;980
91;981
91;982
91;983
91;984
91;985
91;986
91;987
91;988
91;989
91;990
91;991
91;992
91;993
91;994
91;995
91;996
91;997
91;998
91;999
91;1000
91;1001
91;1002
91;1003
91;1004
91;1005
91;1006
91;1007
91;1008
91;1009
91;1010
91;1011
91;1012
91;1013
91;1014
91;1015
91;1016
91;1017
91;1018
91;1019
91;1020
91;1021
91;1022
91;1023
91;1024
91;1025
91;1026
91;1027
91;1028
91;1029
91;1030
91;1031
91;1032
91;1033
91;1034
91;1035
91;1036
91;1037
91;1038
91;1039
91;1040
91;1041
91;1042
91;1043
91;1044
91;1045
91;1046
91;1047
91;1048
91;1049
91;1050
91;1051
91;1052
91;1053
91;1054
91;1055
91;1056
91;1057
91;1058
91;1059
91;1060
91;1061
91;1062
91;1063
91;1064
91;1065
91;1066
91;1067
91;1068
91;1069
91;1070
91;1071
91;1072
91;1073
92;217
92;218
92;219
92;220
92;221
92;222
92;223
92;224
92;225
92;226
92;227
92;228
92;229
92;230
92;231
92;232
92;233
92;234
92;235
92;236
92;237
92;238
92;239
92;240
92;241
92;242
92;243
92;244
92;245
92;246
92;247
92;248
92;249
92;250
92;251
92;252
92;253
92;254
92;255
92;256
92;257
92;258
92;259
92;260
92;261
92;262
92;263
92;264
92;265
92;266
92;267
92;268
92;269
92;270
92;271
92;272
92;273
92;274
92;275
92;276
92;277
92;278
92;279
92;280
92;281
92;282
92;283
92;284
92;285
92;286
92;287
92;288
92;289
92;290
92;291
92;292
92;293
92;294
92;295
92;296
92;297
92;298
92;299
92;300
92;301
92;302
92;303
92;304
92;305
92;306
92;307
92;308
92;309
92;310
92;311
92;312
92;313
92;314
92;315
92;316
92;317
92;318
92;319
92;320
92;321
92;322
92;323
92;324
92;325
92;326
92;327
92;328
92;329
92;330
92;331
92;332
92;333
92;334
92;335
92;336
92;337
92;338
92;339
92;340
92;341
92;342
92;343
92;344
92;345
92;346
92;347
92;348
92;349
92;926
92;927
92;928
92;929
92;930
92;931
92;932
92;933
92;934
92;935
92;936
92;937
92;938
92;939
92;940
92;941
92;942
92;943
92;944
92;945
92;946
92;947
92;948
92;949
92;950
92;951
92;952
92;953
92;954
92;955
92;956
92;957
92;958
92;959
92;960
92;961
92;962
92;963
92;964
92;965
92;966
92;967
92;968
92;969
92;970
92;971
92;972
92;973
92;974
92;975
92;976
92;977
92;978
92;979
92;980
92;981
92;982
92;983
92;984
92;985
92;986
92;987
92;988
92;989
92;990
92;991
92;992
92;993
92;994
92;995
92;996
92;997
92;998
92;999
92;1000
92;1001
92;1002
92;1003
92;1004
92;1005
92;1006
92;1007
92;1008
92;1009
92;1010
92;1011
92;1012
92;1013
92;1014
92;1015
92;1016
92;1017
92;1018
92;1019
92;1020
92;1021
92;1022
92;1023
92;1024
92;1025
92;1026
92;1027
92;1028
92;1029
92;1030
92;1031
92;1032
92;1033
92;1034
92;1035
92;1036
92;1037
92;1038
92;1039
92;1040
92;1041
92;1042
92;1043
92;1044
92;1045
92;1046
92;1047
92;1048
92;1049
92;1050
92;1051
92;1052
92;1053
92;1054
92;1055
92;1056
92;1057
92;1058
92;1059
92;1060
92;1061
92;1062
92;1063
92;1064
92;1065
92;1066
92;1067
92;1068
92;1069
92;1070
92;1071
92;1072
92;1073
93;216
93;217
93;218
93;219
93;220
93;221
93;222
93;223
93;224
93;225
93;226
93;227
93;228
93;229
93;230
93;231
93;232
93;233
93;234
93;235
93;236
93;237
93;238
93;239
93;240
93;241
93;242
93;243
93;244
93;245
93;246
93;247
93;248
93;249
93;250
93;251
93;252
93;253
93;254
93;255
93;256
93;257
93;258
93;259
93;260
93;261
93;262
93;263
93;264
93;265
93;266
93;267
93;268
93;269
93;270
93;271
93;272
93;273
93;274
93;275
93;276
93;277
93;278
93;279
93;280
93;281
93;282
93;283
93;284
93;285
93;286
93;287
93;288
93;289
93;290
93;291
93;292
93;293
93;294
93;295
93;296
93;297
93;298
93;299
93;300
93;301
93;302
93;303
93;304
93;305
93;306
93;307
93;308
93;309
93;310
93;311
93;312
93;313
93;314
93;315
93;316
93;317
93;318
93;319
93;320
93;321
93;322
93;323
93;324
93;325
93;326
93;327
93;328
93;329
93;330
93;331
93;332
93;333
93;334
93;335
93;336
93;337
93;338
93;339
93;340
93;341
93;342
93;343
93;344
93;345
93;346
93;347
93;348
93;349
93;350
93;926
93;927
93;928
93;929
93;930
93;931
93;932
93;933
93;934
93;935
93;936
93;937
93;938
93;939
93;940
93;941
93;942
93;943
93;944
93;945
93;946
93;947
93;948
93;949
93;950
93;951
93;952
93;953
93;954
93;955
93;956
93;957
93;958
93;959
93;960
93;961
93;962
93;963
93;964
93;965
93;966
93;967
93;968
93;969
93;970
93;971
93;972
93;973
93;974
93;975
93;976
93;977
93;978
93;979
93;980
93;981
93;982
93;983
93;984
93;985
93;986
93;987
93;988
93;989
93;990
93;991
93;992
93;993
93;994
93;995
93;996
93;997
93;998
93;999
93;1000
93;1001
93;1002
93;1003
93;1004
93;1005
93;1006
93;1007
93;1008
93;1009
93;1010
93;1011
93;1012
93;1013
93;1014
93;1015
93;1016
93;1017
93;1018
93;1019
93;1020
93;1021
93;1022
93;1023
93;1024
93;1025
93;1026
93;1027
93;1028
93;1029
93;1030
93;1031
93;1032
93;1033
93;1034
93;1035
93;1036
93;1037
93;1038
93;1039
93;1040
93;1041
93;1042
93;1043
93;1044
93;1045
93;1046
93;1047
93;1048
93;1049
93;1050
93;1051
93;1052
93;1053
93;1054
93;1055
93;1056
93;1057
93;1058
93;1059
93;1060
93;1061
93;1062
93;1063
93;1064
93;1065
93;1066
93;1067
93;1068
93;1069
93;1070
93;1071
93;1072
93;1073
94;215
94;216
94;217
94;218
94;219
94;220
94;221
94;222
94;223
94;224
94;225
94;226
94;227
94;228
94;229
94;230
94;231
94;232
94;233
94;234
94;235
94;236
94;237
94;238
94;239
94;240
94;241
94;242
94;243
94;244
94;245
94;246
94;247
94;248
94;249
94;250
94;251
94;252
94;253
94;254
94;255
94;256
94;257
94;258
94;259
94;260
94;261
94;262
94;263
94;264
94;265
94;266
94;267
94;268
94;269
94;270
94;271
94;272
94;273
94;274
94;275
94;276
94;277
94;278
94;279
94;280
94;281
94;282
94;283
94;284
94;285
94;286
94;287
94;288
94;289
94;290
94;291
94;292
94;293
94;294
94;295
94;296
94;297
94;298
94;299
94;300
94;301
94;302
94;303
94;304
94;305
94;306
94;307
94;308
94;309
94;310
94;311
94;312
94;313
94;314
94;315
94;316
94;317
94;318
94;319
94;320
94;321
94;322
94;323
94;324
94;325
94;326
94;327
94;328
94;329
94;330
94;331
94;332
94;333
94;334
94;335
94;336
94;337
94;338
94;339
94;340
94;341
94;342
94;343
94;344
94;345
94;346
94;347
94;348
94;349
94;350
94;351
94;926
94;927
94;928
94;929
94;930
94;931
94;932
94;933
94;934
94;935
94;936
94;937
94;938
94;939
94;940
94;941
94;942
94;943
94;944
94;945
94;946
94;947
94;948
94;949
94;950
94;951
94;952
94;953
94;954
94;955
94;956
94;957
94;958
94;959
94;960
94;961
94;962
94;963
94;964
94;965
94;966
94;967
94;968
94;969
94;970
94;971
94;972
94;973
94;974
94;975
94;976
94;977
94;978
94;979
94;980
94;981
94;982
94;983
94;984
94;985
94;986
94;987
94;988
94;989
94;990
94;991
94;992
94;993
94;994
94;995
94;996
94;997
94;998
94;999
94;1000
94;1001
94;1002
94;1003
94;1004
94;1005
94;1006
94;1007
94;1008
94;1009
94;1010
94;1011
94;1012
94;1013
94;1014
94;1015
94;1016
94;1017
94;1018
94;1019
94;1020
94;1021
94;1022
94;1023
94;1024
94;1025
94;1026
94;1027
94;1028
94;1029
94;1030
94;1031
94;1032
94;1033
94;1034
94;1035
94;1036
94;1037
94;1038
94;1039
94;1040
94;1041
94;1042
94;1043
94;1044
94;1045
94;1046
94;1047
94;1048
94;1049
94;1050
94;1051
94;1052
94;1053
94;1054
94;1055
94;1056
94;1057
94;1058
94;1059
94;1060
94;1061
94;1062
94;1063
94;1064
94;1065
94;1066
94;1067
94;1068
94;1069
94;1070
94;1071
94;1072
94;1073
95;215
95;216
95;217
95;218
95;219
95;220
95;221
95;222
95;223
95;224
95;225
95;226
95;227
95;228
95;229
95;230
95;231
95;232
95;233
95;234
95;235
95;236
95;237
95;238
95;239
95;240
95;241
95;242
95;243
95;244
95;245
95;246
95;247
95;248
95;249
95;250
95;251
95;252
95;253
95;254
95;255
95;256
95;257
95;258
95;259
95;260
95;261
95;262
95;263
95;264
95;265
95;266
95;267
95;268
95;269
95;270
95;271
95;272
95;273
95;274
95;275
95;276
95;277
95;278
95;279
95;280
95;281
95;282
95;283
95;284
95;285
95;286
95;287
95;288
95;289
95;290
95;291
95;292
95;293
95;294
95;295
95;296
95;297
95;298
95;299
95;300
95;301
95;302
95;303
95;304
95;305
95;306
95;307
95;308
95;309
95;310
95;311
95;312
95;313
95;314
95;315
95;316
95;317
95;318
95;319
95;320
95;321
95;322
95;323
95;324
95;325
95;326
95;327
95;328
95;329
95;330
95;331
95;332
95;333
95;334
95;335
95;336
95;337
95;338
95;339
95;340
95;341
95;342
95;343
95;344
95;345
95;346
95;347
95;348
95;349
95;350
95;351
95;352
95;926
95;927
95;928
95;929
95;930
95;931
95;932
95;933
95;934
95;935
95;936
95;937
95;938
95;939
95;940
95;941
95;942
95;943
95;944
95;945
95;946
95;947
95;948
95;949
95;950
95;951
95;952
95;953
95;954
95;955
95;956
95;957
95;958
95;959
95;960
95;961
95;962
95;963
95;964
95;965
95;966
95;967
95;968
95;969
95;970
95;971
95;972
95;973
95;974
95;975
95;976
95;977
95;978
95;979
95;980
95;981
95;982
95;983
95;984
95;985
95;986
95;987
95;988
95;989
95;990
95;991
95;992
95;993
95;994
95;995
95;996
95;997
95;998
95;999
95;1000
95;1001
95;1002
95;1003
95;1004
95;1005
95;1006
95;1007
95;1008
95;1009
95;1010
95;1011
95;1012
95;1013
95;1014
95;1015
95;1016
95;1017
95;1018
95;1019
95;1020
95;1021
95;1022
95;1023
95;1024
95;1025
95;1026
95;1027
95;1028
95;1029
95;1030
95;1031
95;1032
95;1033
95;1034
95;1035
95;1036
95;1037
95;1038
95;1039
95;1040
95;1041
95;1042
95;1043
95;1044
95;1045
95;1046
95;1047
95;1048
95;1049
95;1050
95;1051
95;1052
95;1053
95;1054
95;1055
95;1056
95;1057
95;1058
95;1059
95;1060
95;1061
95;1062
95;1063
95;1064
95;1065
95;1066
95;1067
95;1068
95;1069
95;1070
95;1071
95;1072
95;1073
96;215
96;216
96;217
96;218
96;219
96;220
96;221
96;222
96;223
96;224
96;225
96;226
96;227
96;228
96;229
96;230
96;231
96;232
96;233
96;234
96;235
96;236
96;237
96;238
96;239
96;240
96;241
96;242
96;243
96;244
96;245
96;246
96;247
96;248
96;249
96;250
96;251
96;252
96;253
96;254
96;255
96;256
96;257
96;258
96;259
96;260
96;261
96;262
96;263
96;264
96;265
96;266
96;267
96;268
96;269
96;270
96;271
96;272
96;273
96;274
96;275
96;276
96;277
96;278
96;279
96;280
96;281
96;282
96;283
96;284
96;285
96;286
96;287
96;288
96;289
96;290
96;291
96;292
96;293
96;294
96;295
96;296
96;297
96;298
96;299
96;300
96;301
96;302
96;303
96;304
96;305
96;306
96;307
96;308
96;309
96;310
96;311
96;312
96;313
96;314
96;315
96;316
96;317
96;318
96;319
96;320
96;321
96;322
96;323
96;324
96;325
96;326
96;327
96;328
96;329
96;330
96;331
96;332
96;333
96;334
96;335
96;336
96;337
96;338
96;339
96;340
96;341
96;342
96;343
96;344
96;345
96;346
96;347
96;348
96;349
96;350
96;351
96;352
96;353
96;925
96;926
96;927
96;928
96;929
96;930
96;931
96;932
96;933
96;934
96;935
96;936
96;937
96;938
96;939
96;940
96;941
96;942
96;943
96;944
96;945
96;946
96;947
96;948
96;949
96;950
96;951
96;952
96;953
96;954
96;955
96;956
96;957
96;958
96;959
96;960
96;961
96;962
96;963
96;964
96;965
96;966
96;967
96;968
96;969
96;970
96;971
96;972
96;973
96;974
96;975
96;976
96;977
96;978
96;979
96;980
96;981
96;982
96;983
96;984
96;985
96;986
96;987
96;988
96;989
96;990
96;991
96;992
96;993
96;994
96;995
96;996
96;997
96;998
96;999
96;1000
96;1001
96;1002
96;1003
96;1004
96;1005
96;1006
96;1007
96;1008
96;1009
96;1010
96;1011
96;1012
96;1013
96;1014
96;1015
96;1016
96;1017
96;1018
96;1019
96;1020
96;1021
96;1022
96;1023
96;1024
96;1025
96;1026
96;1027
96;1028
96;1029
96;1030
96;1031
96;1032
96;1033
96;1034
96;1035
96;1036
96;1037
96;1038
96;1039
96;1040
96;1041
96;1042
96;1043
96;1044
96;1045
96;1046
96;1047
96;1048
96;1049
96;1050
96;1051
96;1052
96;1053
96;1054
96;1055
96;1056
96;1057
96;1058
96;1059
96;1060
96;1061
96;1062
96;1063
96;1064
96;1065
96;1066
96;1067
96;1068
96;1069
96;1070
96;1071
96;1072
96;1073
97;214
97;215
97;216
97;217
97;218
97;219
97;220
97;221
97;222
97;223
97;224
97;225
97;226
97;227
97;228
97;229
97;230
97;231
97;232
97;233
97;234
97;235
97;236
97;237
97;238
97;239
97;240
97;241
97;242
97;243
97;244
97;245
97;246
97;247
97;248
97;249
97;250
97;251
97;252
97;253
97;254
97;255
97;256
97;257
97;258
97;259
97;260
97;261
97;262
97;263
97;264
97;265
97;266
97;267
97;268
97;269
97;270
97;271
97;272
97;273
97;274
97;275
97;276
97;277
97;278
97;279
97;280
97;281
97;282
97;283
97;284
97;285
97;286
97;287
97;288
97;289
97;290
97;291
97;292
97;293
97;294
97;295
97;296
97;297
97;298
97;299
97;300
97;301
97;302
97;303
97;304
97;305
97;306
97;307
97;308
97;309
97;310
97;311
97;312
97;313
97;314
97;315
97;316
97;317
97;318
97;319
97;320
97;321
97;322
97;323
97;324
97;325
97;326
97;327
97;328
97;329
97;330
97;331
97;332
97;333
97;334
97;335
97;336
97;337
97;338
97;339
97;340
97;341
97;342
97;343
97;344
97;345
97;346
97;347
97;348
97;349
97;350
97;351
97;352
97;353
97;925
97;926
97;927
97;928
97;929
97;930
97;931
97;932
97;933
97;934
97;935
97;936
97;937
97;938
97;939
97;940
97;941
97;942
97;943
97;944
97;945
97;946
97;947
97;948
97;949
97;950
97;951
97;952
97;953
97;954
97;955
97;956
97;957
97;958
97;959
97;960
97;961
97;962
97;963
97;964
97;965
97;966
97;967
97;968
97;969
97;970
97;971
97;972
97;973
97;974
97;975
97;976
97;977
97;978
97;979
97;980
97;981
97;982
97;983
97;984
97;985
97;986
97;987
97;988
97;989
97;990
97;991
97;992
97;993
97;994
97;995
97;996
97;997
97;998
97;999
97;1000
97;1001
97;1002
97;1003
97;1004
97;1005
97;1006
97;1007
97;1008
97;1009
97;1010
97;1011
97;1012
97;1013
97;1014
97;1015
97;1016
97;1017
97;1018
97;1019
97;1020
97;1021
97;1022
97;1023
97;1024
97;1025
97;1026
97;1027
97;1028
97;1029
97;1030
97;1031
97;1032
97;1033
97;1034
97;1035
97;1036
97;1037
97;1038
97;1039
97;1040
97;1041
97;1042
97;1043
97;1044
97;1045
97;1046
97;1047
97;1048
97;1049
97;1050
97;1051
97;1052
97;1053
97;1054
97;1055
97;1056
97;1057
97;1058
97;1059
97;1060
97;1061
97;1062
97;1063
97;1064
97;1065
97;1066
97;1067
97;1068
97;1069
97;1070
97;1071
97;1072
97;1073
98;214
98;215
98;216
98;217
98;218
98;219
98;220
98;221
98;222
98;223
98;224
98;225
98;226
98;227
98;228
98;229
98;230
98;231
98;232
98;233
98;234
98;235
98;236
98;237
98;238
98;239
98;240
98;241
98;242
98;243
98;244
98;245
98;246
98;247
98;248
98;249
98;250
98;251
98;252
98;253
98;254
98;255
98;256
98;257
98;258
98;259
98;260
98;261
98;262
98;263
98;264
98;265
98;266
98;267
98;268
98;269
98;270
98;271
98;272
98;273
98;274
98;275
98;276
98;277
98;278
98;279
98;280
98;281
98;282
98;283
98;284
98;285
98;286
98;287
98;288
98;289
98;290
98;291
98;292
98;293
98;294
98;295
98;296
98;297
98;298
98;299
98;300
98;301
98;302
98;303
98;304
98;305
98;306
98;307
98;308
98;309
98;310
98;311
98;312
98;313
98;314
98;315
98;316
98;317
98;318
98;319
98;320
98;321
98;322
98;323
98;324
98;325
98;326
98;327
98;328
98;329
98;330
98;331
98;332
98;333
98;334
98;335
98;336
98;337
98;338
98;339
98;340
98;341
98;342
98;343
98;344
98;345
98;346
98;347
98;348
98;349
98;350
98;351
98;352
98;353
98;354
98;355
98;925
98;926
98;927
98;928
98;929
98;930
98;931
98;932
98;933
98;934
98;935
98;936
98;937
98;938
98;939
98;940
98;941
98;942
98;943
98;944
98;945
98;946
98;947
98;948
98;949
98;950
98;951
98;952
98;953
98;954
98;955
98;956
98;957
98;958
98;959
98;960
98;961
98;962
98;963
98;964
98;965
98;966
98;967
98;968
98;969
98;970
98;971
98;972
98;973
98;974
98;975
98;976
98;977
98;978
98;979
98;980
98;981
98;982
98;983
98;984
98;985
98;986
98;987
98;988
98;989
98;990
98;991
98;992
98;993
98;994
98;995
98;996
98;997
98;998
98;999
98;1000
98;1001
98;1002
98;1003
98;1004
98;1005
98;1006
98;1007
98;1008
98;1009
98;1010
98;1011
98;1012
98;1013
98;1014
98;1015
98;1016
98;1017
98;1018
98;1019
98;1020
98;1021
98;1022
98;1023
98;1024
98;1025
98;1026
98;1027
98;1028
98;1029
98;1030
98;1031
98;1032
98;1033
98;1034
98;1035
98;1036
98;1037
98;1038
98;1039
98;1040
98;1041
98;1042
98;1043
98;1044
98;1045
98;1046
98;1047
98;1048
98;1049
98;1050
98;1051
98;1052
98;1053
98;1054
98;1055
98;1056
98;1057
98;1058
98;1059
98;1060
98;1061
98;1062
98;1063
98;1064
98;1065
98;1066
98;1067
98;1068
98;1069
98;1070
98;1071
98;1072
98;1073
99;213
99;214
99;215
99;216
99;217
99;218
99;219
99;220
99;221
99;222
99;223
99;224
99;225
99;226
99;227
99;228
99;229
99;230
99;231
99;232
99;233
99;234
99;235
99;236
99;237
99;238
99;239
99;240
99;241
99;242
99;243
99;244
99;245
99;246
99;247
99;248
99;249
99;250
99;251
99;252
99;253
99;254
99;255
99;256
99;257
99;258
99;259
99;260
99;261
99;262
99;263
99;264
99;265
99;266
99;267
99;268
99;269
99;270
99;271
99;272
99;273
99;274
99;275
99;276
99;277
99;278
99;279
99;280
99;281
99;282
99;283
99;284
99;285
99;286
99;287
99;288
99;289
99;290
99;291
99;292
99;293
99;294
99;295
99;296
99;297
99;298
99;299
99;300
99;301
99;302
99;303
99;304
99;305
99;306
99;307
99;308
99;309
99;310
99;311
99;312
99;313
99;314
99;315
99;316
99;317
99;318
99;319
99;320
99;321
99;322
99;323
99;324
99;325
99;326
99;327
99;328
99;329
99;330
99;331
99;332
99;333
99;334
99;335
99;336
99;337
99;338
99;339
99;340
99;341
99;342
99;343
99;344
99;345
99;346
99;347
99;348
99;349
99;350
99;351
99;352
99;353
99;354
99;355
99;925
99;926
99;927
99;928
99;929
99;930
99;931
99;932
99;933
99;934
99;935
99;936
99;937
99;938
99;939
99;940
99;941
99;942
99;943
99;944
99;945
99;946
99;947
99;948
99;949
99;950
99;951
99;952
99;953
99;954
99;955
99;956
99;957
99;958
99;959
99;960
99;961
99;962
99;963
99;964
99;965
99;966
99;967
99;968
99;969
99;970
99;971
99;972
99;973
99;974
99;975
99;976
99;977
99;978
99;979
99;980
99;981
99;982
99;983
99;984
99;985
99;986
99;987
99;988
99;989
99;990
99;991
99;992
99;993
99;994
99;995
99;996
99;997
99;998
99;999
99;1000
99;1001
99;1002
99;1003
99;1004
99;1005
99;1006
99;1007
99;1008
99;1009
99;1010
99;1011
99;1012
99;1013
99;1014
99;1015
99;1016
99;1017
99;1018
99;1019
99;1020
99;1021
99;1022
99;1023
99;1024
99;1025
99;1026
99;1027
99;1028
99;1029
99;1030
99;1031
99;1032
99;1033
99;1034
99;1035
99;1036
99;1037
99;1038
99;1039
99;1040
99;1041
99;1042
99;1043
99;1044
99;1045
99;1046
99;1047
99;1048
99;1049
99;1050
99;1051
99;1052
99;1053
99;1054
99;1055
99;1056
99;1057
99;1058
99;1059
99;1060
99;1061
99;1062
99;1063
99;1064
99;1065
99;1066
99;1067
99;1068
99;1069
99;1070
99;1071
99;1072
99;1073
100;213
100;214
100;215
100;216
100;217
100;218
100;219
100;220
100;221
100;222
100;223
100;224
100;225
100;226
100;227
100;228
100;229
100;230
100;231
100;232
100;233
100;234
100;235
100;236
100;237
100;238
100;239
100;240
100;241
100;242
100;243
100;244
100;245
100;246
100;247
100;248
100;249
100;250
100;251
100;252
100;253
100;254
100;255
100;256
100;257
100;258
100;259
100;260
100;261
100;262
100;263
100;264
100;265
100;266
100;267
100;268
100;269
100;270
100;271
100;272
100;273
100;274
100;275
100;276
100;277
100;278
100;279
100;280
100;281
100;282
100;283
100;284
100;285
100;286
100;287
100;288
100;289
100;290
100;291
100;292
100;293
100;294
100;295
100;296
100;297
100;298
100;299
100;300
100;301
100;302
100;303
100;304
100;305
100;306
100;307
100;308
100;309
100;310
100;311
100;312
100;313
100;314
100;315
100;316
100;317
100;318
100;319
100;320
100;321
100;322
100;323
100;324
100;325
100;326
100;327
100;328
100;329
100;330
100;331
100;332
100;333
100;334
100;335
100;336
100;337
100;338
100;339
100;340
100;341
100;342
100;343
100;344
100;345
100;346
100;347
100;348
100;349
100;350
100;351
100;352
100;353
100;354
100;355
100;356
100;357
100;924
100;925
100;926
100;927
100;928
100;929
100;930
100;931
100;932
100;933
100;934
100;935
100;936
100;937
100;938
100;939
100;940
100;941
100;942
100;943
100;944
100;945
100;946
100;947
100;948
100;949
100;950
100;951
100;952
100;953
100;954
100;955
100;956
100;957
100;958
100;959
100;960
100;961
100;962
100;963
100;964
100;965
100;966
100;967
100;968
100;969
100;970
100;971
100;972
100;973
100;974
100;975
100;976
100;977
100;978
100;979
100;980
100;981
100;982
100;983
100;984
100;985
100;986
100;987
100;988
100;989
100;990
100;991
100;992
100;993
100;994
100;995
100;996
100;997
100;998
100;999
100;1000
100;1001
100;1002
100;1003
100;1004
100;1005
100;1006
100;1007
100;1008
100;1009
100;1010
100;1011
100;1012
100;1013
100;1014
100;1015
100;1016
100;1017
100;1018
100;1019
100;1020
100;1021
100;1022
100;1023
100;1024
100;1025
100;1026
100;1027
100;1028
100;1029
100;1030
100;1031
100;1032
100;1033
100;1034
100;1035
100;1036
100;1037
100;1038
100;1039
100;1040
100;1041
100;1042
100;1043
100;1044
100;1045
100;1046
100;1047
100;1048
100;1049
100;1050
100;1051
100;1052
100;1053
100;1054
100;1055
100;1056
100;1057
100;1058
100;1059
100;1060
100;1061
100;1062
100;1063
100;1064
100;1065
100;1066
100;1067
100;1068
100;1069
100;1070
100;1071
100;1072
100;1073
101;212
101;213
101;214
101;215
101;216
101;217
101;218
101;219
101;220
101;221
101;222
101;223
101;224
101;225
101;226
101;227
101;228
101;229
101;230
101;231
101;232
101;233
101;234
101;235
101;236
101;237
101;238
101;239
101;240
101;241
101;242
101;243
101;244
101;245
101;246
101;247
101;248
101;249
101;250
101;251
101;252
101;253
101;254
101;255
101;256
101;257
101;258
101;259
101;260
101;261
101;262
101;263
101;264
101;265
101;266
101;267
101;268
101;269
101;270
101;271
101;272
101;273
101;274
101;275
101;276
101;277
101;278
101;279
101;280
101;281
101;282
101;283
101;284
101;285
101;286
101;287
101;288
101;289
101;290
101;291
101;292
101;293
101;294
101;295
101;296
101;297
101;298
101;299
101;300
101;301
101;302
101;303
101;304
101;305
101;306
101;307
101;308
101;309
101;310
101;311
101;312
101;313
101;314
101;315
101;316
101;317
101;318
101;319
101;320
101;321
101;322
101;323
101;324
101;325
101;326
101;327
101;328
101;329
101;330
101;331
101;332
101;333
101;334
101;335
101;336
101;337
101;338
101;339
101;340
101;341
101;342
101;343
101;344
101;345
101;346
101;347
101;348
101;349
101;350
101;351
101;352
101;353
101;354
101;355
101;356
101;357
101;924
101;925
101;926
101;927
101;928
101;929
101;930
101;931
101;932
101;933
101;934
101;935
101;936
101;937
101;938
101;939
101;940
101;941
101;942
101;943
101;944
101;945
101;946
101;947
101;948
101;949
101;950
101;951
101;952
101;953
101;954
101;955
101;956
101;957
101;958
101;959
101;960
101;961
101;962
101;963
101;964
101;965
101;966
101;967
101;968
101;969
101;970
101;971
101;972
101;973
101;974
101;975
101;976
101;977
101;978
101;979
101;980
101;981
101;982
101;983
101;984
101;985
101;986
101;987
101;988
101;989
101;990
101;991
101;992
101;993
101;994
101;995
101;996
101;997
101;998
101;999
101;1000
101;1001
101;1002
101;1003
101;1004
101;1005
101;1006
101;1007
101;1008
101;1009
101;1010
101;1011
101;1012
101;1013
101;1014
101;1015
101;1016
101;1017
101;1018
101;1019
101;1020
101;1021
101;1022
101;1023
101;1024
101;1025
101;1026
101;1027
101;1028
101;1029
101;1030
101;1031
101;1032
101;1033
101;1034
101;1035
101;1036
101;1037
101;1038
101;1039
101;1040
101;1041
101;1042
101;1043
101;1044
101;1045
101;1046
101;1047
101;1048
101;1049
101;1050
101;1051
101;1052
101;1053
101;1054
101;1055
101;1056
101;1057
101;1058
101;1059
101;1060
101;1061
101;1062
101;1063
101;1064
101;1065
101;1066
101;1067
101;1068
101;1069
101;1070
102;212
102;213
102;214
102;215
102;216
102;217
102;218
102;219
102;220
102;221
102;222
102;223
102;224
102;225
102;226
102;227
102;228
102;229
102;230
102;231
102;232
102;233
102;234
102;235
102;236
102;237
102;238
102;239
102;240
102;241
102;242
102;243
102;244
102;245
102;246
102;247
102;248
102;249
102;250
102;251
102;252
102;253
102;254
102;255
102;256
102;257
102;258
102;259
102;260
102;261
102;262
102;263
102;264
102;265
102;266
102;267
102;268
102;269
102;270
102;271
102;272
102;273
102;274
102;275
102;276
102;277
102;278
102;279
102;280
102;281
102;282
102;283
102;284
102;285
102;286
102;287
102;288
102;289
102;290
102;291
102;292
102;293
102;294
102;295
102;296
102;297
102;298
102;299
102;300
102;301
102;302
102;303
102;304
102;305
102;306
102;307
102;308
102;309
102;310
102;311
102;312
102;313
102;314
102;315
102;316
102;317
102;318
102;319
102;320
102;321
102;322
102;323
102;324
102;325
102;326
102;327
102;328
102;329
102;330
102;331
102;332
102;333
102;334
102;335
102;336
102;337
102;338
102;339
102;340
102;341
102;342
102;343
102;344
102;345
102;346
102;347
102;348
102;349
102;350
102;351
102;352
102;353
102;354
102;355
102;356
102;357
102;358
102;924
102;925
102;926
102;927
102;928
102;929
102;930
102;931
102;932
102;933
102;934
102;935
102;936
102;937
102;938
102;939
102;940
102;941
102;942
102;943
102;944
102;945
102;946
102;947
102;948
102;949
102;950
102;951
102;952
102;953
102;954
102;955
102;956
102;957
102;958
102;959
102;960
102;961
102;962
102;963
102;964
102;965
102;966
102;967
102;968
102;969
102;970
102;971
102;972
102;973
102;974
102;975
102;976
102;977
102;978
102;979
102;980
102;981
102;982
102;983
102;984
102;985
102;986
102;987
102;988
102;989
102;990
102;991
102;992
102;993
102;994
102;995
102;996
102;997
102;998
102;999
102;1000
102;1001
102;1002
102;1003
102;1004
102;1005
102;1006
102;1007
102;1008
102;1009
102;1010
102;1011
102;1012
102;1013
102;1014
102;1015
102;1016
102;1017
102;1018
102;1019
102;1020
102;1021
102;1022
102;1023
102;1024
102;1025
102;1026
102;1027
102;1028
102;1029
102;1030
102;1031
102;1032
102;1033
102;1034
102;1035
102;1036
102;1037
102;1038
102;1039
102;1040
102;1041
102;1042
102;1043
102;1044
102;1045
102;1046
102;1047
102;1048
102;1049
102;1050
102;1051
102;1052
102;1053
102;1054
102;1055
102;1056
102;1057
102;1058
102;1059
102;1060
102;1061
102;1062
102;1063
102;1064
102;1065
102;1066
103;211
103;212
103;213
103;214
103;215
103;216
103;217
103;218
103;219
103;220
103;221
103;222
103;223
103;224
103;225
103;226
103;227
103;228
103;229
103;230
103;231
103;232
103;233
103;234
103;235
103;236
103;237
103;238
103;239
103;240
103;241
103;242
103;243
103;244
103;245
103;246
103;247
103;248
103;249
103;250
103;251
103;252
103;253
103;254
103;255
103;256
103;257
103;258
103;259
103;260
103;261
103;262
103;263
103;264
103;265
103;266
103;267
103;268
103;269
103;270
103;271
103;272
103;273
103;274
103;275
103;276
103;277
103;278
103;279
103;280
103;281
103;282
103;283
103;284
103;285
103;286
103;287
103;288
103;289
103;290
103;291
103;292
103;293
103;294
103;295
103;296
103;297
103;298
103;299
103;300
103;301
103;302
103;303
103;304
103;305
103;306
103;307
103;308
103;309
103;310
103;311
103;312
103;313
103;314
103;315
103;316
103;317
103;318
103;319
103;320
103;321
103;322
103;323
103;324
103;325
103;326
103;327
103;328
103;329
103;330
103;331
103;332
103;333
103;334
103;335
103;336
103;337
103;338
103;339
103;340
103;341
103;342
103;343
103;344
103;345
103;346
103;347
103;348
103;349
103;350
103;351
103;352
103;353
103;354
103;355
103;356
103;357
103;358
103;359
103;923
103;924
103;925
103;926
103;927
103;928
103;929
103;930
103;931
103;932
103;933
103;934
103;935
103;936
103;937
103;938
103;939
103;940
103;941
103;942
103;943
103;944
103;945
103;946
103;947
103;948
103;949
103;950
103;951
103;952
103;953
103;954
103;955
103;956
103;957
103;958
103;959
103;960
103;961
103;962
103;963
103;964
103;965
103;966
103;967
103;968
103;969
103;970
103;971
103;972
103;973
103;974
103;975
103;976
103;977
103;978
103;979
103;980
103;981
103;982
103;983
103;984
103;985
103;986
103;987
103;988
103;989
103;990
103;991
103;992
103;993
103;994
103;995
103;996
103;997
103;998
103;999
103;1000
103;1001
103;1002
103;1003
103;1004
103;1005
103;1006
103;1007
103;1008
103;1009
103;1010
103;1011
103;1012
103;1013
103;1014
103;1015
103;1016
103;1017
103;1018
103;1019
103;1020
103;1021
103;1022
103;1023
103;1024
103;1025
103;1026
103;1027
103;1028
103;1029
103;1030
103;1031
103;1032
103;1033
103;1034
103;1035
103;1036
103;1037
103;1038
103;1039
103;1040
103;1041
103;1042
103;1043
103;1044
103;1045
103;1046
103;1047
103;1048
103;1049
103;1050
103;1051
103;1052
103;1053
103;1054
103;1055
103;1056
103;1057
103;1058
103;1059
103;1060
103;1061
103;1062
104;211
104;212
104;213
104;214
104;215
104;216
104;217
104;218
104;219
104;220
104;221
104;222
104;223
104;224
104;225
104;226
104;227
104;228
104;229
104;230
104;231
104;232
104;233
104;234
104;235
104;236
104;237
104;238
104;239
104;240
104;241
104;242
104;243
104;244
104;245
104;246
104;247
104;248
104;249
104;250
104;251
104;252
104;253
104;254
104;255
104;256
104;257
104;258
104;259
104;260
104;261
104;262
104;263
104;264
104;265
104;266
104;267
104;268
104;269
104;270
104;271
104;272
104;273
104;274
104;275
104;276
104;277
104;278
104;279
104;280
104;281
104;282
104;283
104;284
104;285
104;286
104;287
104;288
104;289
104;290
104;291
104;292
104;293
104;294
104;295
104;296
104;297
104;298
104;299
104;300
104;301
104;302
104;303
104;304
104;305
104;306
104;307
104;308
104;309
104;310
104;311
104;312
104;313
104;314
104;315
104;316
104;317
104;318
104;319
104;320
104;321
104;322
104;323
104;324
104;325
104;326
104;327
104;328
104;329
104;330
104;331
104;332
104;333
104;334
104;335
104;336
104;337
104;338
104;339
104;340
104;341
104;342
104;343
104;344
104;345
104;346
104;347
104;348
104;349
104;350
104;351
104;352
104;353
104;354
104;355
104;356
104;357
104;358
104;359
104;360
104;923
104;924
104;925
104;926
104;927
104;928
104;929
104;930
104;931
104;932
104;933
104;934
104;935
104;936
104;937
104;938
104;939
104;940
104;941
104;942
104;943
104;944
104;945
104;946
104;947
104;948
104;949
104;950
104;951
104;952
104;953
104;954
104;955
104;956
104;957
104;958
104;959
104;960
104;961
104;962
104;963
104;964
104;965
104;966
104;967
104;968
104;969
104;970
104;971
104;972
104;973
104;974
104;975
104;976
104;977
104;978
104;979
104;980
104;981
104;982
104;983
104;984
104;985
104;986
104;987
104;988
104;989
104;990
104;991
104;992
104;993
104;994
104;995
104;996
104;997
104;998
104;999
104;1000
104;1001
104;1002
104;1003
104;1004
104;1005
104;1006
104;1007
104;1008
104;1009
104;1010
104;1011
104;1012
104;1013
104;1014
104;1015
104;1016
104;1017
104;1018
104;1019
104;1020
104;1021
104;1022
104;1023
104;1024
104;1025
104;1026
104;1027
104;1028
104;1029
104;1030
104;1031
104;1032
104;1033
104;1034
104;1035
104;1036
104;1037
104;1038
104;1039
104;1040
104;1041
104;1042
104;1043
104;1044
104;1045
104;1046
104;1047
104;1048
104;1049
104;1050
104;1051
104;1052
104;1053
104;1054
104;1055
104;1056
104;1057
104;1058
105;211
105;212
105;213
105;214
105;215
105;216
105;217
105;218
105;219
105;220
105;221
105;222
105;223
105;224
105;225
105;226
105;227
105;228
105;229
105;230
105;231
105;232
105;233
105;234
105;235
105;236
105;237
105;238
105;239
105;240
105;241
105;242
105;243
105;244
105;245
105;246
105;247
105;248
105;249
105;250
105;251
105;252
105;253
105;254
105;255
105;256
105;257
105;258
105;259
105;260
105;261
105;262
105;263
105;264
105;265
105;266
105;267
105;268
105;269
105;270
105;271
105;272
105;273
105;274
105;275
105;276
105;277
105;278
105;279
105;280
105;281
105;282
105;283
105;284
105;285
105;286
105;287
105;288
105;289
105;290
105;291
105;292
105;293
105;294
105;295
105;296
105;297
105;298
105;299
105;300
105;301
105;302
105;303
105;304
105;305
105;306
105;307
105;308
105;309
105;310
105;311
105;312
105;313
105;314
105;315
105;316
105;317
105;318
105;319
105;320
105;321
105;322
105;323
105;324
105;325
105;326
105;327
105;328
105;329
105;330
105;331
105;332
105;333
105;334
105;335
105;336
105;337
105;338
105;339
105;340
105;341
105;342
105;343
105;344
105;345
105;346
105;347
105;348
105;349
105;350
105;351
105;352
105;353
105;354
105;355
105;356
105;357
105;358
105;359
105;360
105;361
105;923
105;924
105;925
105;926
105;927
105;928
105;929
105;930
105;931
105;932
105;933
105;934
105;935
105;936
105;937
105;938
105;939
105;940
105;941
105;942
105;943
105;944
105;945
105;946
105;947
105;948
105;949
105;950
105;951
105;952
105;953
105;954
105;955
105;956
105;957
105;958
105;959
105;960
105;961
105;962
105;963
105;964
105;965
105;966
105;967
105;968
105;969
105;970
105;971
105;972
105;973
105;974
105;975
105;976
105;977
105;978
105;979
105;980
105;981
105;982
105;983
105;984
105;985
105;986
105;987
105;988
105;989
105;990
105;991
105;992
105;993
105;994
105;995
105;996
105;997
105;998
105;999
105;1000
105;1001
105;1002
105;1003
105;1004
105;1005
105;1006
105;1007
105;1008
105;1009
105;1010
105;1011
105;1012
105;1013
105;1014
105;1015
105;1016
105;1017
105;1018
105;1019
105;1020
105;1021
105;1022
105;1023
105;1024
105;1025
105;1026
105;1027
105;1028
105;1029
105;1030
105;1031
105;1032
105;1033
105;1034
105;1035
105;1036
105;1037
105;1038
105;1039
105;1040
105;1041
105;1042
105;1043
105;1044
105;1045
105;1046
105;1047
105;1048
105;1049
105;1050
105;1051
105;1052
105;1053
105;1054
106;210
106;211
106;212
106;213
106;214
106;215
106;216
106;217
106;218
106;219
106;220
106;221
106;222
106;223
106;224
106;225
106;226
106;227
106;228
106;229
106;230
106;231
106;232
106;233
106;234
106;235
106;236
106;237
106;238
106;239
106;240
106;241
106;242
106;243
106;244
106;245
106;246
106;247
106;248
106;249
106;250
106;251
106;252
106;253
106;254
106;255
106;256
106;257
106;258
106;259
106;260
106;261
106;262
106;263
106;264
106;265
106;266
106;267
106;268
106;269
106;270
106;271
106;272
106;273
106;274
106;275
106;276
106;277
106;278
106;279
106;280
106;281
106;282
106;283
106;284
106;285
106;286
106;287
106;288
106;289
106;290
106;291
106;292
106;293
106;294
106;295
106;296
106;297
106;298
106;299
106;300
106;301
106;302
106;303
106;304
106;305
106;306
106;307
106;308
106;309
106;310
106;311
106;312
106;313
106;314
106;315
106;316
106;317
106;318
106;319
106;320
106;321
106;322
106;323
106;324
106;325
106;326
106;327
106;328
106;329
106;330
106;331
106;332
106;333
106;334
106;335
106;336
106;337
106;338
106;339
106;340
106;341
106;342
106;343
106;344
106;345
106;346
106;347
106;348
106;349
106;350
106;351
106;352
106;353
106;354
106;355
106;356
106;357
106;358
106;359
106;360
106;361
106;362
106;923
106;924
106;925
106;926
106;927
106;928
106;929
106;930
106;931
106;932
106;933
106;934
106;935
106;936
106;937
106;938
106;939
106;940
106;941
106;942
106;943
106;944
106;945
106;946
106;947
106;948
106;949
106;950
106;951
106;952
106;953
106;954
106;955
106;956
106;957
106;958
106;959
106;960
106;961
106;962
106;963
106;964
106;965
106;966
106;967
106;968
106;969
106;970
106;971
106;972
106;973
106;974
106;975
106;976
106;977
106;978
106;979
106;980
106;981
106;982
106;983
106;984
106;985
106;986
106;987
106;988
106;989
106;990
106;991
106;992
106;993
106;994
106;995
106;996
106;997
106;998
106;999
106;1000
106;1001
106;1002
106;1003
106;1004
106;1005
106;1006
106;1007
106;1008
106;1009
106;1010
106;1011
106;1012
106;1013
106;1014
106;1015
106;1016
106;1017
106;1018
106;1019
106;1020
106;1021
106;1022
106;1023
106;1024
106;1025
106;1026
106;1027
106;1028
106;1029
106;1030
106;1031
106;1032
106;1033
106;1034
106;1035
106;1036
106;1037
106;1038
106;1039
106;1040
106;1041
106;1042
106;1043
106;1044
106;1045
106;1046
106;1047
106;1048
106;1049
106;1050
106;1052
107;209
107;210
107;211
107;212
107;213
107;214
107;215
107;216
107;217
107;218
107;219
107;220
107;221
107;222
107;223
107;224
107;225
107;226
107;227
107;228
107;229
107;230
107;231
107;232
107;233
107;234
107;235
107;236
107;237
107;238
107;239
107;240
107;241
107;242
107;243
107;244
107;245
107;246
107;247
107;248
107;249
107;250
107;251
107;252
107;253
107;254
107;255
107;256
107;257
107;258
107;259
107;260
107;261
107;262
107;263
107;264
107;265
107;266
107;267
107;268
107;269
107;270
107;271
107;272
107;273
107;274
107;275
107;276
107;277
107;278
107;279
107;280
107;281
107;282
107;283
107;284
107;285
107;286
107;287
107;288
107;289
107;290
107;291
107;292
107;293
107;294
107;295
107;296
107;297
107;298
107;299
107;300
107;301
107;302
107;303
107;304
107;305
107;306
107;307
107;308
107;309
107;310
107;311
107;312
107;313
107;314
107;315
107;316
107;317
107;318
107;319
107;320
107;321
107;322
107;323
107;324
107;325
107;326
107;327
107;328
107;329
107;330
107;331
107;332
107;333
107;334
107;335
107;336
107;337
107;338
107;339
107;340
107;341
107;342
107;343
107;344
107;345
107;346
107;347
107;348
107;349
107;350
107;351
107;352
107;353
107;354
107;355
107;356
107;357
107;358
107;359
107;360
107;361
107;362
107;363
107;922
107;923
107;924
107;925
107;926
107;927
107;928
107;929
107;930
107;931
107;932
107;933
107;934
107;935
107;936
107;937
107;938
107;939
107;940
107;941
107;942
107;943
107;944
107;945
107;946
107;947
107;948
107;949
107;950
107;951
107;952
107;953
107;954
107;955
107;956
107;957
107;958
107;959
107;960
107;961
107;962
107;963
107;964
107;965
107;966
107;967
107;968
107;969
107;970
107;971
107;972
107;973
107;974
107;975
107;976
107;977
107;978
107;979
107;980
107;981
107;982
107;983
107;984
107;985
107;986
107;987
107;988
107;989
107;990
107;991
107;992
107;993
107;994
107;995
107;996
107;997
107;998
107;999
107;1000
107;1001
107;1002
107;1003
107;1004
107;1005
107;1006
107;1007
107;1008
107;1009
107;1010
107;1011
107;1012
107;1013
107;1014
107;1015
107;1016
107;1017
107;1018
107;1019
107;1020
107;1021
107;1022
107;1023
107;1024
107;1025
107;1026
107;1027
107;1028
107;1029
107;1030
107;1031
107;1032
107;1033
107;1034
107;1035
107;1036
107;1037
107;1038
107;1039
107;1040
107;1041
107;1042
107;1043
107;1044
107;1045
107;1046
107;1048
108;209
108;210
108;211
108;212
108;213
108;214
108;215
108;216
108;217
108;218
108;219
108;220
108;221
108;222
108;223
108;224
108;225
108;226
108;227
108;228
108;229
108;230
108;231
108;232
108;233
108;234
108;235
108;236
108;237
108;238
108;239
108;240
108;241
108;242
108;243
108;244
108;245
108;246
108;247
108;248
108;249
108;250
108;251
108;252
108;253
108;254
108;255
108;256
108;257
108;258
108;259
108;260
108;261
108;262
108;263
108;264
108;265
108;266
108;267
108;268
108;269
108;270
108;271
108;272
108;273
108;274
108;275
108;276
108;277
108;278
108;279
108;280
108;281
108;282
108;283
108;284
108;285
108;286
108;287
108;288
108;289
108;290
108;291
108;292
108;293
108;294
108;295
108;296
108;297
108;298
108;299
108;300
108;301
108;302
108;303
108;304
108;305
108;306
108;307
108;308
108;309
108;310
108;311
108;312
108;313
108;314
108;315
108;316
108;317
108;318
108;319
108;320
108;321
108;322
108;323
108;324
108;325
108;326
108;327
108;328
108;329
108;330
108;331
108;332
108;333
108;334
108;335
108;336
108;337
108;338
108;339
108;340
108;341
108;342
108;343
108;344
108;345
108;346
108;347
108;348
108;349
108;350
108;351
108;352
108;353
108;354
108;355
108;356
108;357
108;358
108;359
108;360
108;361
108;362
108;363
108;922
108;923
108;924
108;925
108;926
108;927
108;928
108;929
108;930
108;931
108;932
108;933
108;934
108;935
108;936
108;937
108;938
108;939
108;940
108;941
108;942
108;943
108;944
108;945
108;946
108;947
108;948
108;949
108;950
108;951
108;952
108;953
108;954
108;955
108;956
108;957
108;958
108;959
108;960
108;961
108;962
108;963
108;964
108;965
108;966
108;967
108;968
108;969
108;970
108;971
108;972
108;973
108;974
108;975
108;976
108;977
108;978
108;979
108;980
108;981
108;982
108;983
108;984
108;985
108;986
108;987
108;988
108;989
108;990
108;991
108;992
108;993
108;994
108;995
108;996
108;997
108;998
108;999
108;1000
108;1001
108;1002
108;1003
108;1004
108;1005
108;1006
108;1007
108;1008
108;1009
108;1010
108;1011
108;1012
108;1013
108;1014
108;1015
108;1016
108;1017
108;1018
108;1019
108;1020
108;1021
108;1022
108;1023
108;1024
108;1025
108;1026
108;1027
108;1028
108;1029
108;1030
108;1031
108;1032
108;1033
108;1034
108;1035
108;1036
108;1037
108;1038
108;1039
108;1040
108;1041
108;1042
108;1044
109;209
109;210
109;211
109;212
109;213
109;214
109;215
109;216
109;217
109;218
109;219
109;220
109;221
109;222
109;223
109;224
109;225
109;226
109;227
109;228
109;229
109;230
109;231
109;232
109;233
109;234
109;235
109;236
109;237
109;238
109;239
109;240
109;241
109;242
109;243
109;244
109;245
109;246
109;247
109;248
109;249
109;250
109;251
109;252
109;253
109;254
109;255
109;256
109;257
109;258
109;259
109;260
109;261
109;262
109;263
109;264
109;265
109;266
109;267
109;268
109;269
109;270
109;271
109;272
109;273
109;274
109;275
109;276
109;277
109;278
109;279
109;280
109;281
109;282
109;283
109;284
109;285
109;286
109;287
109;288
109;289
109;290
109;291
109;292
109;293
109;294
109;295
109;296
109;297
109;298
109;299
109;300
109;301
109;302
109;303
109;304
109;305
109;306
109;307
109;308
109;309
109;310
109;311
109;312
109;313
109;314
109;315
109;316
109;317
109;318
109;319
109;320
109;321
109;322
109;323
109;324
109;325
109;326
109;327
109;328
109;329
109;330
109;331
109;332
109;333
109;334
109;335
109;336
109;337
109;338
109;339
109;340
109;341
109;342
109;343
109;344
109;345
109;346
109;347
109;348
109;349
109;350
109;351
109;352
109;353
109;354
109;355
109;356
109;357
109;358
109;359
109;360
109;361
109;362
109;363
109;364
109;365
109;922
109;923
109;924
109;925
109;926
109;927
109;928
109;929
109;930
109;931
109;932
109;933
109;934
109;935
109;936
109;937
109;938
109;939
109;940
109;941
109;942
109;943
109;944
109;945
109;946
109;947
109;948
109;949
109;950
109;951
109;952
109;953
109;954
109;955
109;956
109;957
109;958
109;959
109;960
109;961
109;962
109;963
109;964
109;965
109;966
109;967
109;968
109;969
109;970
109;971
109;972
109;973
109;974
109;975
109;976
109;977
109;978
109;979
109;980
109;981
109;982
109;983
109;984
109;985
109;986
109;987
109;988
109;989
109;990
109;991
109;992
109;993
109;994
109;995
109;996
109;997
109;998
109;999
109;1000
109;1001
109;1002
109;1003
109;1004
109;1005
109;1006
109;1007
109;1008
109;1009
109;1010
109;1011
109;1012
109;1013
109;1014
109;1015
109;1016
109;1017
109;1018
109;1019
109;1020
109;1021
109;1022
109;1023
109;1024
109;1025
109;1026
109;1027
109;1028
109;1029
109;1030
109;1031
109;1032
109;1033
109;1034
109;1035
109;1036
109;1037
109;1038
109;1040
110;208
110;209
110;210
110;211
110;212
110;213
110;214
110;215
110;216
110;217
110;218
110;219
110;220
110;221
110;222
110;223
110;224
110;225
110;226
110;227
110;228
110;229
110;230
110;231
110;232
110;233
110;234
110;235
110;236
110;237
110;238
110;239
110;240
110;241
110;242
110;243
110;244
110;245
110;246
110;247
110;248
110;249
110;250
110;251
110;252
110;253
110;254
110;255
110;256
110;257
110;258
110;259
110;260
110;261
110;262
110;263
110;264
110;265
110;266
110;267
110;268
110;269
110;270
110;271
110;272
110;273
110;274
110;275
110;276
110;277
110;278
110;279
110;280
110;281
110;282
110;283
110;284
110;285
110;286
110;287
110;288
110;289
110;290
110;291
110;292
110;293
110;294
110;295
110;296
110;297
110;298
110;299
110;300
110;301
110;302
110;303
110;304
110;305
110;306
110;307
110;308
110;309
110;310
110;311
110;312
110;313
110;314
110;315
110;316
110;317
110;318
110;319
110;320
110;321
110;322
110;323
110;324
110;325
110;326
110;327
110;328
110;329
110;330
110;331
110;332
110;333
110;334
110;335
110;336
110;337
110;338
110;339
110;340
110;341
110;342
110;343
110;344
110;345
110;346
110;347
110;348
110;349
110;350
110;351
110;352
110;353
110;354
110;355
110;356
110;357
110;358
110;359
110;360
110;361
110;362
110;363
110;364
110;365
110;921
110;922
110;923
110;924
110;925
110;926
110;927
110;928
110;929
110;930
110;931
110;932
110;933
110;934
110;935
110;936
110;937
110;938
110;939
110;940
110;941
110;942
110;943
110;944
110;945
110;946
110;947
110;948
110;949
110;950
110;951
110;952
110;953
110;954
110;955
110;956
110;957
110;958
110;959
110;960
110;961
110;962
110;963
110;964
110;965
110;966
110;967
110;968
110;969
110;970
110;971
110;972
110;973
110;974
110;975
110;976
110;977
110;978
110;979
110;980
110;981
110;982
110;983
110;984
110;985
110;986
110;987
110;988
110;989
110;990
110;991
110;992
110;993
110;994
110;995
110;996
110;997
110;998
110;999
110;1000
110;1001
110;1002
110;1003
110;1004
110;1005
110;1006
110;1007
110;1008
110;1009
110;1010
110;1011
110;1012
110;1013
110;1014
110;1015
110;1016
110;1017
110;1018
110;1019
110;1020
110;1021
110;1022
110;1023
110;1024
110;1025
110;1026
110;1027
110;1028
110;1029
110;1030
110;1031
110;1032
110;1033
110;1034
110;1036
111;208
111;209
111;210
111;211
111;212
111;213
111;214
111;215
111;216
111;217
111;218
111;219
111;220
111;221
111;222
111;223
111;224
111;225
111;226
111;227
111;228
111;229
111;230
111;231
111;232
111;233
111;234
111;235
111;236
111;237
111;238
111;239
111;240
111;241
111;242
111;243
111;244
111;245
111;246
111;247
111;248
111;249
111;250
111;251
111;252
111;253
111;254
111;255
111;256
111;257
111;258
111;259
111;260
111;261
111;262
111;263
111;264
111;265
111;266
111;267
111;268
111;269
111;270
111;271
111;272
111;273
111;274
111;275
111;276
111;277
111;278
111;279
111;280
111;281
111;282
111;283
111;284
111;285
111;286
111;287
111;288
111;289
111;290
111;291
111;292
111;293
111;294
111;295
111;296
111;297
111;298
111;299
111;300
111;301
111;302
111;303
111;304
111;305
111;306
111;307
111;308
111;309
111;310
111;311
111;312
111;313
111;314
111;315
111;316
111;317
111;318
111;319
111;320
111;321
111;322
111;323
111;324
111;325
111;326
111;327
111;328
111;329
111;330
111;331
111;332
111;333
111;334
111;335
111;336
111;337
111;338
111;339
111;340
111;341
111;342
111;343
111;344
111;345
111;346
111;347
111;348
111;349
111;350
111;351
111;352
111;353
111;354
111;355
111;356
111;357
111;358
111;359
111;360
111;361
111;362
111;363
111;364
111;365
111;366
111;367
111;921
111;922
111;923
111;924
111;925
111;926
111;927
111;928
111;929
111;930
111;931
111;932
111;933
111;934
111;935
111;936
111;937
111;938
111;939
111;940
111;941
111;942
111;943
111;944
111;945
111;946
111;947
111;948
111;949
111;950
111;951
111;952
111;953
111;954
111;955
111;956
111;957
111;958
111;959
111;960
111;961
111;962
111;963
111;964
111;965
111;966
111;967
111;968
111;969
111;970
111;971
111;972
111;973
111;974
111;975
111;976
111;977
111;978
111;979
111;980
111;981
111;982
111;983
111;984
111;985
111;986
111;987
111;988
111;989
111;990
111;991
111;992
111;993
111;994
111;995
111;996
111;997
111;998
111;999
111;1000
111;1001
111;1002
111;1003
111;1004
111;1005
111;1006
111;1007
111;1008
111;1009
111;1010
111;1011
111;1012
111;1013
111;1014
111;1015
111;1016
111;1017
111;1018
111;1019
111;1020
111;1021
111;1022
111;1023
111;1024
111;1025
111;1026
111;1027
111;1028
111;1029
111;1030
111;1032
112;207
112;208
112;209
112;210
112;211
112;212
112;213
112;214
112;215
112;216
112;217
112;218
112;219
112;220
112;221
112;222
112;223
112;224
112;225
112;226
112;227
112;228
112;229
112;230
112;231
112;232
112;233
112;234
112;235
112;236
112;237
112;238
112;239
112;240
112;241
112;242
112;243
112;244
112;245
112;246
112;247
112;248
112;249
112;250
112;251
112;252
112;253
112;254
112;255
112;256
112;257
112;258
112;259
112;260
112;261
112;262
112;263
112;264
112;265
112;266
112;267
112;268
112;269
112;270
112;271
112;272
112;273
112;274
112;275
112;276
112;277
112;278
112;279
112;280
112;281
112;282
112;283
112;284
112;285
112;286
112;287
112;288
112;289
112;290
112;291
112;292
112;293
112;294
112;295
112;296
112;297
112;298
112;299
112;300
112;301
112;302
112;303
112;304
112;305
112;306
112;307
112;308
112;309
112;310
112;311
112;312
112;313
112;314
112;315
112;316
112;317
112;318
112;319
112;320
112;321
112;322
112;323
112;324
112;325
112;326
112;327
112;328
112;329
112;330
112;331
112;332
112;333
112;334
112;335
112;336
112;337
112;338
112;339
112;340
112;341
112;342
112;343
112;344
112;345
112;346
112;347
112;348
112;349
112;350
112;351
112;352
112;353
112;354
112;355
112;356
112;357
112;358
112;359
112;360
112;361
112;362
112;363
112;364
112;365
112;366
112;367
112;921
112;922
112;923
112;924
112;925
112;926
112;927
112;928
112;929
112;930
112;931
112;932
112;933
112;934
112;935
112;936
112;937
112;938
112;939
112;940
112;941
112;942
112;943
112;944
112;945
112;946
112;947
112;948
112;949
112;950
112;951
112;952
112;953
112;954
112;955
112;956
112;957
112;958
112;959
112;960
112;961
112;962
112;963
112;964
112;965
112;966
112;967
112;968
112;969
112;970
112;971
112;972
112;973
112;974
112;975
112;976
112;977
112;978
112;979
112;980
112;981
112;982
112;983
112;984
112;985
112;986
112;987
112;988
112;989
112;990
112;991
112;992
112;993
112;994
112;995
112;996
112;997
112;998
112;999
112;1000
112;1001
112;1002
112;1003
112;1004
112;1005
112;1006
112;1007
112;1008
112;1009
112;1010
112;1011
112;1012
112;1013
112;1014
112;1015
112;1016
112;1017
112;1018
112;1019
112;1020
112;1021
112;1022
112;1023
112;1024
112;1025
112;1026
112;1028
113;207
113;208
113;209
113;210
113;211
113;212
113;213
113;214
113;215
113;216
113;217
113;218
113;219
113;220
113;221
113;222
113;223
113;224
113;225
113;226
113;227
113;228
113;229
113;230
113;231
113;232
113;233
113;234
113;235
113;236
113;237
113;238
113;239
113;240
113;241
113;242
113;243
113;244
113;245
113;246
113;247
113;248
113;249
113;250
113;251
113;252
113;253
113;254
113;255
113;256
113;257
113;258
113;259
113;260
113;261
113;262
113;263
113;264
113;265
113;266
113;267
113;268
113;269
113;270
113;271
113;272
113;273
113;274
113;275
113;276
113;277
113;278
113;279
113;280
113;281
113;282
113;283
113;284
113;285
113;286
113;287
113;288
113;289
113;290
113;291
113;292
113;293
113;294
113;295
113;296
113;297
113;298
113;299
113;300
113;301
113;302
113;303
113;304
113;305
113;306
113;307
113;308
113;309
113;310
113;311
113;312
113;313
113;314
113;315
113;316
113;317
113;318
113;319
113;320
113;321
113;322
113;323
113;324
113;325
113;326
113;327
113;328
113;329
113;330
113;331
113;332
113;333
113;334
113;335
113;336
113;337
113;338
113;339
113;340
113;341
113;342
113;343
113;344
113;345
113;346
113;347
113;348
113;349
113;350
113;351
113;352
113;353
113;354
113;355
113;356
113;357
113;358
113;359
113;360
113;361
113;362
113;363
113;364
113;365
113;366
113;367
113;368
113;369
113;921
113;922
113;923
113;924
113;925
113;926
113;927
113;928
113;929
113;930
113;931
113;932
113;933
113;934
113;935
113;936
113;937
113;938
113;939
113;940
113;941
113;942
113;943
113;944
113;945
113;946
113;947
113;948
113;949
113;950
113;951
113;952
113;953
113;954
113;955
113;956
113;957
113;958
113;959
113;960
113;961
113;962
113;963
113;964
113;965
113;966
113;967
113;968
113;969
113;970
113;971
113;972
113;973
113;974
113;975
113;976
113;977
113;978
113;979
113;980
113;981
113;982
113;983
113;984
113;985
113;986
113;987
113;988
113;989
113;990
113;991
113;992
113;993
113;994
113;995
113;996
113;997
113;998
113;999
113;1000
113;1001
113;1002
113;1003
113;1004
113;1005
113;1006
113;1007
113;1008
113;1009
113;1010
113;1011
113;1012
113;1013
113;1014
113;1015
113;1016
113;1017
113;1018
113;1019
113;1020
113;1021
113;1022
113;1024
114;206
114;207
114;208
114;209
114;210
114;211
114;212
114;213
114;214
114;215
114;216
114;217
114;218
114;219
114;220
114;221
114;222
114;223
114;224
114;225
114;226
114;227
114;228
114;229
114;230
114;231
114;232
114;233
114;234
114;235
114;236
114;237
114;238
114;239
114;240
114;241
114;242
114;243
114;244
114;245
114;246
114;247
114;248
114;249
114;250
114;251
114;252
114;253
114;254
114;255
114;256
114;257
114;258
114;259
114;260
114;261
114;262
114;263
114;264
114;265
114;266
114;267
114;268
114;269
114;270
114;271
114;272
114;273
114;274
114;275
114;276
114;277
114;278
114;279
114;280
114;281
114;282
114;283
114;284
114;285
114;286
114;287
114;288
114;289
114;290
114;291
114;292
114;293
114;294
114;295
114;296
114;297
114;298
114;299
114;300
114;301
114;302
114;303
114;304
114;305
114;306
114;307
114;308
114;309
114;310
114;311
114;312
114;313
114;314
114;315
114;316
114;317
114;318
114;319
114;320
114;321
114;322
114;323
114;324
114;325
114;326
114;327
114;328
114;329
114;330
114;331
114;332
114;333
114;334
114;335
114;336
114;337
114;338
114;339
114;340
114;341
114;342
114;343
114;344
114;345
114;346
114;347
114;348
114;349
114;350
114;351
114;352
114;353
114;354
114;355
114;356
114;357
114;358
114;359
114;360
114;361
114;362
114;363
114;364
114;365
114;366
114;367
114;368
114;369
114;920
114;921
114;922
114;923
114;924
114;925
114;926
114;927
114;928
114;929
114;930
114;931
114;932
114;933
114;934
114;935
114;936
114;937
114;938
114;939
114;940
114;941
114;942
114;943
114;944
114;945
114;946
114;947
114;948
114;949
114;950
114;951
114;952
114;953
114;954
114;955
114;956
114;957
114;958
114;959
114;960
114;961
114;962
114;963
114;964
114;965
114;966
114;967
114;968
114;969
114;970
114;971
114;972
114;973
114;974
114;975
114;976
114;977
114;978
114;979
114;980
114;981
114;982
114;983
114;984
114;985
114;986
114;987
114;988
114;989
114;990
114;991
114;992
114;993
114;994
114;995
114;996
114;997
114;998
114;999
114;1000
114;1001
114;1002
114;1003
114;1004
114;1005
114;1006
114;1007
114;1008
114;1009
114;1010
114;1011
114;1012
114;1013
114;1014
114;1015
114;1016
114;1017
114;1018
114;1020
115;206
115;207
115;208
115;209
115;210
115;211
115;212
115;213
115;214
115;215
115;216
115;217
115;218
115;219
115;220
115;221
115;222
115;223
115;224
115;225
115;226
115;227
115;228
115;229
115;230
115;231
115;232
115;233
115;234
115;235
115;236
115;237
115;238
115;239
115;240
115;241
115;242
115;243
115;244
115;245
115;246
115;247
115;248
115;249
115;250
115;251
115;252
115;253
115;254
115;255
115;256
115;257
115;258
115;259
115;260
115;261
115;262
115;263
115;264
115;265
115;266
115;267
115;268
115;269
115;270
115;271
115;272
115;273
115;274
115;275
115;276
115;277
115;278
115;279
115;280
115;281
115;282
115;283
115;284
115;285
115;286
115;287
115;288
115;289
115;290
115;291
115;292
115;293
115;294
115;295
115;296
115;297
115;298
115;299
115;300
115;301
115;302
115;303
115;304
115;305
115;306
115;307
115;308
115;309
115;310
115;311
115;312
115;313
115;314
115;315
115;316
115;317
115;318
115;319
115;320
115;321
115;322
115;323
115;324
115;325
115;326
115;327
115;328
115;329
115;330
115;331
115;332
115;333
115;334
115;335
115;336
115;337
115;338
115;339
115;340
115;341
115;342
115;343
115;344
115;345
115;346
115;347
115;348
115;349
115;350
115;351
115;352
115;353
115;354
115;355
115;356
115;357
115;358
115;359
115;360
115;361
115;362
115;363
115;364
115;365
115;366
115;367
115;368
115;369
115;370
115;920
115;921
115;922
115;923
115;924
115;925
115;926
115;927
115;928
115;929
115;930
115;931
115;932
115;933
115;934
115;935
115;936
115;937
115;938
115;939
115;940
115;941
115;942
115;943
115;944
115;945
115;946
115;947
115;948
115;949
115;950
115;951
115;952
115;953
115;954
115;955
115;956
115;957
115;958
115;959
115;960
115;961
115;962
115;963
115;964
115;965
115;966
115;967
115;968
115;969
115;970
115;971
115;972
115;973
115;974
115;975
115;976
115;977
115;978
115;979
115;980
115;981
115;982
115;983
115;984
115;985
115;986
115;987
115;988
115;989
115;990
115;991
115;992
115;993
115;994
115;995
115;996
115;997
115;998
115;999
115;1000
115;1001
115;1002
115;1003
115;1004
115;1005
115;1006
115;1007
115;1008
115;1009
115;1010
115;1011
115;1012
115;1013
115;1014
115;1016
116;205
116;206
116;207
116;208
116;209
116;210
116;211
116;212
116;213
116;214
116;215
116;216
116;217
116;218
116;219
116;220
116;221
116;222
116;223
116;224
116;225
116;226
116;227
116;228
116;229
116;230
116;231
116;232
116;233
116;234
116;235
116;236
116;237
116;238
116;239
116;240
116;241
116;242
116;243
116;244
116;245
116;246
116;247
116;248
116;249
116;250
116;251
116;252
116;253
116;254
116;255
116;256
116;257
116;258
116;259
116;260
116;261
116;262
116;263
116;264
116;265
116;266
116;267
116;268
116;269
116;270
116;271
116;272
116;273
116;274
116;275
116;276
116;277
116;278
116;279
116;280
116;281
116;282
116;283
116;284
116;285
116;286
116;287
116;288
116;289
116;290
116;291
116;292
116;293
116;294
116;295
116;296
116;297
116;298
116;299
116;300
116;301
116;302
116;303
116;304
116;305
116;306
116;307
116;308
116;309
116;310
116;311
116;312
116;313
116;314
116;315
116;316
116;317
116;318
116;319
116;320
116;321
116;322
116;323
116;324
116;325
116;326
116;327
116;328
116;329
116;330
116;331
116;332
116;333
116;334
116;335
116;336
116;337
116;338
116;339
116;340
116;341
116;342
116;343
116;344
116;345
116;346
116;347
116;348
116;349
116;350
116;351
116;352
116;353
116;354
116;355
116;356
116;357
116;358
116;359
116;360
116;361
116;362
116;363
116;364
116;365
116;366
116;367
116;368
116;369
116;370
116;371
116;920
116;921
116;922
116;923
116;924
116;925
116;926
116;927
116;928
116;929
116;930
116;931
116;932
116;933
116;934
116;935
116;936
116;937
116;938
116;939
116;940
116;941
116;942
116;943
116;944
116;945
116;946
116;947
116;948
116;949
116;950
116;951
116;952
116;953
116;954
116;955
116;956
116;957
116;958
116;959
116;960
116;961
116;962
116;963
116;964
116;965
116;966
116;967
116;968
116;969
116;970
116;971
116;972
116;973
116;974
116;975
116;976
116;977
116;978
116;979
116;980
116;981
116;982
116;983
116;984
116;985
116;986
116;987
116;988
116;989
116;990
116;991
116;992
116;993
116;994
116;995
116;996
116;997
116;998
116;999
116;1000
116;1001
116;1002
116;1003
116;1004
116;1005
116;1006
116;1007
116;1008
116;1009
116;1010
116;1011
116;1012
117;205
117;206
117;207
117;208
117;209
117;210
117;211
117;212
117;213
117;214
117;215
117;216
117;217
117;218
117;219
117;220
117;221
117;222
117;223
117;224
117;225
117;226
117;227
117;228
117;229
117;230
117;231
117;232
117;233
117;234
117;235
117;236
117;237
117;238
117;239
117;240
117;241
117;242
117;243
117;244
117;245
117;246
117;247
117;248
117;249
117;250
117;251
117;252
117;253
117;254
117;255
117;256
117;257
117;258
117;259
117;260
117;261
117;262
117;263
117;264
117;265
117;266
117;267
117;268
117;269
117;270
117;271
117;272
117;273
117;274
117;275
117;276
117;277
117;278
117;279
117;280
117;281
117;282
117;283
117;284
117;285
117;286
117;287
117;288
117;289
117;290
117;291
117;292
117;293
117;294
117;295
117;296
117;297
117;298
117;299
117;300
117;301
117;302
117;303
117;304
117;305
117;306
117;307
117;308
117;309
117;310
117;311
117;312
117;313
117;314
117;315
117;316
117;317
117;318
117;319
117;320
117;321
117;322
117;323
117;324
117;325
117;326
117;327
117;328
117;329
117;330
117;331
117;332
117;333
117;334
117;335
117;336
117;337
117;338
117;339
117;340
117;341
117;342
117;343
117;344
117;345
117;346
117;347
117;348
117;349
117;350
117;351
117;352
117;353
117;354
117;355
117;356
117;357
117;358
117;359
117;360
117;361
117;362
117;363
117;364
117;365
117;366
117;367
117;368
117;369
117;370
117;371
117;372
117;919
117;920
117;921
117;922
117;923
117;924
117;925
117;926
117;927
117;928
117;929
117;930
117;931
117;932
117;933
117;934
117;935
117;936
117;937
117;938
117;939
117;940
117;941
117;942
117;943
117;944
117;945
117;946
117;947
117;948
117;949
117;950
117;951
117;952
117;953
117;954
117;955
117;956
117;957
117;958
117;959
117;960
117;961
117;962
117;963
117;964
117;965
117;966
117;967
117;968
117;969
117;970
117;971
117;972
117;973
117;974
117;975
117;976
117;977
117;978
117;979
117;980
117;981
117;982
117;983
117;984
117;985
117;986
117;987
117;988
117;989
117;990
117;991
117;992
117;993
117;994
117;995
117;996
117;997
117;998
117;999
117;1000
117;1001
117;1002
117;1003
117;1004
117;1005
117;1006
117;1007
117;1008
118;205
118;206
118;207
118;208
118;209
118;210
118;211
118;212
118;213
118;214
118;215
118;216
118;217
118;218
118;219
118;220
118;221
118;222
118;223
118;224
118;225
118;226
118;227
118;228
118;229
118;230
118;231
118;232
118;233
118;234
118;235
118;236
118;237
118;238
118;239
118;240
118;241
118;242
118;243
118;244
118;245
118;246
118;247
118;248
118;249
118;250
118;251
118;252
118;253
118;254
118;255
118;256
118;257
118;258
118;259
118;260
118;261
118;262
118;263
118;264
118;265
118;266
118;267
118;268
118;269
118;270
118;271
118;272
118;273
118;274
118;275
118;276
118;277
118;278
118;279
118;280
118;281
118;282
118;283
118;284
118;285
118;286
118;287
118;288
118;289
118;290
118;291
118;292
118;293
118;294
118;295
118;296
118;297
118;298
118;299
118;300
118;301
118;302
118;303
118;304
118;305
118;306
118;307
118;308
118;309
118;310
118;311
118;312
118;313
118;314
118;315
118;316
118;317
118;318
118;319
118;320
118;321
118;322
118;323
118;324
118;325
118;326
118;327
118;328
118;329
118;330
118;331
118;332
118;333
118;334
118;335
118;336
118;337
118;338
118;339
118;340
118;341
118;342
118;343
118;344
118;345
118;346
118;347
118;348
118;349
118;350
118;351
118;352
118;353
118;354
118;355
118;356
118;357
118;358
118;359
118;360
118;361
118;362
118;363
118;364
118;365
118;366
118;367
118;368
118;369
118;370
118;371
118;372
118;373
118;919
118;920
118;921
118;922
118;923
118;924
118;925
118;926
118;927
118;928
118;929
118;930
118;931
118;932
118;933
118;934
118;935
118;936
118;937
118;938
118;939
118;940
118;941
118;942
118;943
118;944
118;945
118;946
118;947
118;948
118;949
118;950
118;951
118;952
118;953
118;954
118;955
118;956
118;957
118;958
118;959
118;960
118;961
118;962
118;963
118;964
118;965
118;966
118;967
118;968
118;969
118;970
118;971
118;972
118;973
118;974
118;975
118;976
118;977
118;978
118;979
118;980
118;981
118;982
118;983
118;984
118;985
118;986
118;987
118;988
118;989
118;990
118;991
118;992
118;993
118;994
118;995
118;996
118;997
118;998
118;999
118;1000
118;1001
118;1002
118;1003
118;1004
119;204
119;205
119;206
119;207
119;208
119;209
119;210
119;211
119;212
119;213
119;214
119;215
119;216
119;217
119;218
119;219
119;220
119;221
119;222
119;223
119;224
119;225
119;226
119;227
119;228
119;229
119;230
119;231
119;232
119;233
119;234
119;235
119;236
119;237
119;238
119;239
119;240
119;241
119;242
119;243
119;244
119;245
119;246
119;247
119;248
119;249
119;250
119;251
119;252
119;253
119;254
119;255
119;256
119;257
119;258
119;259
119;260
119;261
119;262
119;263
119;264
119;265
119;266
119;267
119;268
119;269
119;270
119;271
119;272
119;273
119;274
119;275
119;276
119;277
119;278
119;279
119;280
119;281
119;282
119;283
119;284
119;285
119;286
119;287
119;288
119;289
119;290
119;291
119;292
119;293
119;294
119;295
119;296
119;297
119;298
119;299
119;300
119;301
119;302
119;303
119;304
119;305
119;306
119;307
119;308
119;309
119;310
119;311
119;312
119;313
119;314
119;315
119;316
119;317
119;318
119;319
119;320
119;321
119;322
119;323
119;324
119;325
119;326
119;327
119;328
119;329
119;330
119;331
119;332
119;333
119;334
119;335
119;336
119;337
119;338
119;339
119;340
119;341
119;342
119;343
119;344
119;345
119;346
119;347
119;348
119;349
119;350
119;351
119;352
119;353
119;354
119;355
119;356
119;357
119;358
119;359
119;360
119;361
119;362
119;363
119;364
119;365
119;366
119;367
119;368
119;369
119;370
119;371
119;372
119;373
119;374
119;919
119;920
119;921
119;922
119;923
119;924
119;925
119;926
119;927
119;928
119;929
119;930
119;931
119;932
119;933
119;934
119;935
119;936
119;937
119;938
119;939
119;940
119;941
119;942
119;943
119;944
119;945
119;946
119;947
119;948
119;949
119;950
119;951
119;952
119;953
119;954
119;955
119;956
119;957
119;958
119;959
119;960
119;961
119;962
119;963
119;964
119;965
119;966
119;967
119;968
119;969
119;970
119;971
119;972
119;973
119;974
119;975
119;976
119;977
119;978
119;979
119;980
119;981
119;982
119;983
119;984
119;985
119;986
119;987
119;988
119;989
119;990
119;991
119;992
119;993
119;994
119;995
119;996
119;997
119;998
119;999
119;1000
120;203
120;204
120;205
120;206
120;207
120;208
120;209
120;210
120;211
120;212
120;213
120;214
120;215
120;216
120;217
120;218
120;219
120;220
120;221
120;222
120;223
120;224
120;225
120;226
120;227
120;228
120;229
120;230
120;231
120;232
120;233
120;234
120;235
120;236
120;237
120;238
120;239
120;240
120;241
120;242
120;243
120;244
120;245
120;246
120;247
120;248
120;249
120;250
120;251
120;252
120;253
120;254
120;255
120;256
120;257
120;258
120;259
120;260
120;261
120;262
120;263
120;264
120;265
120;266
120;267
120;268
120;269
120;270
120;271
120;272
120;273
120;274
120;275
120;276
120;277
120;278
120;279
120;280
120;281
120;282
120;283
120;284
120;285
120;286
120;287
120;288
120;289
120;290
120;291
120;292
120;293
120;294
120;295
120;296
120;297
120;298
120;299
120;300
120;301
120;302
120;303
120;304
120;305
120;306
120;307
120;308
120;309
120;310
120;311
120;312
120;313
120;314
120;315
120;316
120;317
120;318
120;319
120;320
120;321
120;322
120;323
120;324
120;325
120;326
120;327
120;328
120;329
120;330
120;331
120;332
120;333
120;334
120;335
120;336
120;337
120;338
120;339
120;340
120;341
120;342
120;343
120;344
120;345
120;346
120;347
120;348
120;349
120;350
120;351
120;352
120;353
120;354
120;355
120;356
120;357
120;358
120;359
120;360
120;361
120;362
120;363
120;364
120;365
120;366
120;367
120;368
120;369
120;370
120;371
120;372
120;373
120;374
120;375
120;919
120;920
120;921
120;922
120;923
120;924
120;925
120;926
120;927
120;928
120;929
120;930
120;931
120;932
120;933
120;934
120;935
120;936
120;937
120;938
120;939
120;940
120;941
120;942
120;943
120;944
120;945
120;946
120;947
120;948
120;949
120;950
120;951
120;952
120;953
120;954
120;955
120;956
120;957
120;958
120;959
120;960
120;961
120;962
120;963
120;964
120;965
120;966
120;967
120;968
120;969
120;970
120;971
120;972
120;973
120;974
120;975
120;976
120;977
120;978
120;979
120;980
120;981
120;982
120;983
120;984
120;985
120;986
120;987
120;988
120;989
120;990
120;991
120;992
120;993
120;994
120;995
120;996
121;203
121;204
121;205
121;206
121;207
121;208
121;209
121;210
121;211
121;212
121;213
121;214
121;215
121;216
121;217
121;218
121;219
121;220
121;221
121;222
121;223
121;224
121;225
121;226
121;227
121;228
121;229
121;230
121;231
121;232
121;233
121;234
121;235
121;236
121;237
121;238
121;239
121;240
121;241
121;242
121;243
121;244
121;245
121;246
121;247
121;248
121;249
121;250
121;251
121;252
121;253
121;254
121;255
121;256
121;257
121;258
121;259
121;260
121;261
121;262
121;263
121;264
121;265
121;266
121;267
121;268
121;269
121;270
121;271
121;272
121;273
121;274
121;275
121;276
121;277
121;278
121;279
121;280
121;281
121;282
121;283
121;284
121;285
121;286
121;287
121;288
121;289
121;290
121;291
121;292
121;293
121;294
121;295
121;296
121;297
121;298
121;299
121;300
121;301
121;302
121;303
121;304
121;305
121;306
121;307
121;308
121;309
121;310
121;311
121;312
121;313
121;314
121;315
121;316
121;317
121;318
121;319
121;320
121;321
121;322
121;323
121;324
121;325
121;326
121;327
121;328
121;329
121;330
121;331
121;332
121;333
121;334
121;335
121;336
121;337
121;338
121;339
121;340
121;341
121;342
121;343
121;344
121;345
121;346
121;347
121;348
121;349
121;350
121;351
121;352
121;353
121;354
121;355
121;356
121;357
121;358
121;359
121;360
121;361
121;362
121;363
121;364
121;365
121;366
121;367
121;368
121;369
121;370
121;371
121;372
121;373
121;374
121;375
121;918
121;919
121;920
121;921
121;922
121;923
121;924
121;925
121;926
121;927
121;928
121;929
121;930
121;931
121;932
121;933
121;934
121;935
121;936
121;937
121;938
121;939
121;940
121;941
121;942
121;943
121;944
121;945
121;946
121;947
121;948
121;949
121;950
121;951
121;952
121;953
121;954
121;955
121;956
121;957
121;958
121;959
121;960
121;961
121;962
121;963
121;964
121;965
121;966
121;967
121;968
121;969
121;970
121;971
121;972
121;973
121;974
121;975
121;976
121;977
121;978
121;979
121;980
121;981
121;982
121;983
121;984
121;985
121;986
121;987
121;988
121;989
121;990
121;991
121;992
122;203
122;204
122;205
122;206
122;207
122;208
122;209
122;210
122;211
122;212
122;213
122;214
122;215
122;216
122;217
122;218
122;219
122;220
122;221
122;222
122;223
122;224
122;225
122;226
122;227
122;228
122;229
122;230
122;231
122;232
122;233
122;234
122;235
122;236
122;237
122;238
122;239
122;240
122;241
122;242
122;243
122;244
122;245
122;246
122;247
122;248
122;249
122;250
122;251
122;252
122;253
122;254
122;255
122;256
122;257
122;258
122;259
122;260
122;261
122;262
122;263
122;264
122;265
122;266
122;267
122;268
122;269
122;270
122;271
122;272
122;273
122;274
122;275
122;276
122;277
122;278
122;279
122;280
122;281
122;282
122;283
122;284
122;285
122;286
122;287
122;288
122;289
122;290
122;291
122;292
122;293
122;294
122;295
122;296
122;297
122;298
122;299
122;300
122;301
122;302
122;303
122;304
122;305
122;306
122;307
122;308
122;309
122;310
122;311
122;312
122;313
122;314
122;315
122;316
122;317
122;318
122;319
122;320
122;321
122;322
122;323
122;324
122;325
122;326
122;327
122;328
122;329
122;330
122;331
122;332
122;333
122;334
122;335
122;336
122;337
122;338
122;339
122;340
122;341
122;342
122;343
122;344
122;345
122;346
122;347
122;348
122;349
122;350
122;351
122;352
122;353
122;354
122;355
122;356
122;357
122;358
122;359
122;360
122;361
122;362
122;363
122;364
122;365
122;366
122;367
122;368
122;369
122;370
122;371
122;372
122;373
122;374
122;375
122;376
122;377
122;918
122;919
122;920
122;921
122;922
122;923
122;924
122;925
122;926
122;927
122;928
122;929
122;930
122;931
122;932
122;933
122;934
122;935
122;936
122;937
122;938
122;939
122;940
122;941
122;942
122;943
122;944
122;945
122;946
122;947
122;948
122;949
122;950
122;951
122;952
122;953
122;954
122;955
122;956
122;957
122;958
122;959
122;960
122;961
122;962
122;963
122;964
122;965
122;966
122;967
122;968
122;969
122;970
122;971
122;972
122;973
122;974
122;975
122;976
122;977
122;978
122;979
122;980
122;981
122;982
122;983
122;984
122;985
122;986
122;987
122;988
123;202
123;203
123;204
123;205
123;206
123;207
123;208
123;209
123;210
123;211
123;212
123;213
123;214
123;215
123;216
123;217
123;218
123;219
123;220
123;221
123;222
123;223
123;224
123;225
123;226
123;227
123;228
123;229
123;230
123;231
123;232
123;233
123;234
123;235
123;236
123;237
123;238
123;239
123;240
123;241
123;242
123;243
123;244
123;245
123;246
123;247
123;248
123;249
123;250
123;251
123;252
123;253
123;254
123;255
123;256
123;257
123;258
123;259
123;260
123;261
123;262
123;263
123;264
123;265
123;266
123;267
123;268
123;269
123;270
123;271
123;272
123;273
123;274
123;275
123;276
123;277
123;278
123;279
123;280
123;281
123;282
123;283
123;284
123;285
123;286
123;287
123;288
123;289
123;290
123;291
123;292
123;293
123;294
123;295
123;296
123;297
123;298
123;299
123;300
123;301
123;302
123;303
123;304
123;305
123;306
123;307
123;308
123;309
123;310
123;311
123;312
123;313
123;314
123;315
123;316
123;317
123;318
123;319
123;320
123;321
123;322
123;323
123;324
123;325
123;326
123;327
123;328
123;329
123;330
123;331
123;332
123;333
123;334
123;335
123;336
123;337
123;338
123;339
123;340
123;341
123;342
123;343
123;344
123;345
123;346
123;347
123;348
123;349
123;350
123;351
123;352
123;353
123;354
123;355
123;356
123;357
123;358
123;359
123;360
123;361
123;362
123;363
123;364
123;365
123;366
123;367
123;368
123;369
123;370
123;371
123;372
123;373
123;374
123;375
123;376
123;377
123;918
123;919
123;920
123;921
123;922
123;923
123;924
123;925
123;926
123;927
123;928
123;929
123;930
123;931
123;932
123;933
123;934
123;935
123;936
123;937
123;938
123;939
123;940
123;941
123;942
123;943
123;944
123;945
123;946
123;947
123;948
123;949
123;950
123;951
123;952
123;953
123;954
123;955
123;956
123;957
123;958
123;959
123;960
123;961
123;962
123;963
123;964
123;965
123;966
123;967
123;968
123;969
123;970
123;971
123;972
123;973
123;974
123;975
123;976
123;977
123;978
123;979
123;980
123;981
123;982
123;983
123;984
124;202
124;203
124;204
124;205
124;206
124;207
124;208
124;209
124;210
124;211
124;212
124;213
124;214
124;215
124;216
124;217
124;218
124;219
124;220
124;221
124;222
124;223
124;224
124;225
124;226
124;227
124;228
124;229
124;230
124;231
124;232
124;233
124;234
124;235
124;236
124;237
124;238
124;239
124;240
124;241
124;242
124;243
124;244
124;245
124;246
124;247
124;248
124;249
124;250
124;251
124;252
124;253
124;254
124;255
124;256
124;257
124;258
124;259
124;260
124;261
124;262
124;263
124;264
124;265
124;266
124;267
124;268
124;269
124;270
124;271
124;272
124;273
124;274
124;275
124;276
124;277
124;278
124;279
124;280
124;281
124;282
124;283
124;284
124;285
124;286
124;287
124;288
124;289
124;290
124;291
124;292
124;293
124;294
124;295
124;296
124;297
124;298
124;299
124;300
124;301
124;302
124;303
124;304
124;305
124;306
124;307
124;308
124;309
124;310
124;311
124;312
124;313
124;314
124;315
124;316
124;317
124;318
124;319
124;320
124;321
124;322
124;323
124;324
124;325
124;326
124;327
124;328
124;329
124;330
124;331
124;332
124;333
124;334
124;335
124;336
124;337
124;338
124;339
124;340
124;341
124;342
124;343
124;344
124;345
124;346
124;347
124;348
124;349
124;350
124;351
124;352
124;353
124;354
124;355
124;356
124;357
124;358
124;359
124;360
124;361
124;362
124;363
124;364
124;365
124;366
124;367
124;368
124;369
124;370
124;371
124;372
124;373
124;374
124;375
124;376
124;377
124;378
124;379
124;917
124;918
124;919
124;920
124;921
124;922
124;923
124;924
124;925
124;926
124;927
124;928
124;929
124;930
124;931
124;932
124;933
124;934
124;935
124;936
124;937
124;938
124;939
124;940
124;941
124;942
124;943
124;944
124;945
124;946
124;947
124;948
124;949
124;950
124;951
124;952
124;953
124;954
124;955
124;956
124;957
124;958
124;959
124;960
124;961
124;962
124;963
124;964
124;965
124;966
124;967
124;968
124;969
124;970
124;971
124;972
124;973
124;974
124;975
124;976
124;977
124;978
124;979
124;980
125;201
125;202
125;203
125;204
125;205
125;206
125;207
125;208
125;209
125;210
125;211
125;212
125;213
125;214
125;215
125;216
125;217
125;218
125;219
125;220
125;221
125;222
125;223
125;224
125;225
125;226
125;227
125;228
125;229
125;230
125;231
125;232
125;233
125;234
125;235
125;236
125;237
125;238
125;239
125;240
125;241
125;242
125;243
125;244
125;245
125;246
125;247
125;248
125;249
125;250
125;251
125;252
125;253
125;254
125;255
125;256
125;257
125;258
125;259
125;260
125;261
125;262
125;263
125;264
125;265
125;266
125;267
125;268
125;269
125;270
125;271
125;272
125;273
125;274
125;275
125;276
125;277
125;278
125;279
125;280
125;281
125;282
125;283
125;284
125;285
125;286
125;287
125;288
125;289
125;290
125;291
125;292
125;293
125;294
125;295
125;296
125;297
125;298
125;299
125;300
125;301
125;302
125;303
125;304
125;305
125;306
125;307
125;308
125;309
125;310
125;311
125;312
125;313
125;314
125;315
125;316
125;317
125;318
125;319
125;320
125;321
125;322
125;323
125;324
125;325
125;326
125;327
125;328
125;329
125;330
125;331
125;332
125;333
125;334
125;335
125;336
125;337
125;338
125;339
125;340
125;341
125;342
125;343
125;344
125;345
125;346
125;347
125;348
125;349
125;350
125;351
125;352
125;353
125;354
125;355
125;356
125;357
125;358
125;359
125;360
125;361
125;362
125;363
125;364
125;365
125;366
125;367
125;368
125;369
125;370
125;371
125;372
125;373
125;374
125;375
125;376
125;377
125;378
125;379
125;917
125;918
125;919
125;920
125;921
125;922
125;923
125;924
125;925
125;926
125;927
125;928
125;929
125;930
125;931
125;932
125;933
125;934
125;935
125;936
125;937
125;938
125;939
125;940
125;941
125;942
125;943
125;944
125;945
125;946
125;947
125;948
125;949
125;950
125;951
125;952
125;953
125;954
125;955
125;956
125;957
125;958
125;959
125;960
125;961
125;962
125;963
125;964
125;965
125;966
125;967
125;968
125;969
125;970
125;971
125;972
125;973
125;974
125;975
125;976
126;201
126;202
126;203
126;204
126;205
126;206
126;207
126;208
126;209
126;210
126;211
126;212
126;213
126;214
126;215
126;216
126;217
126;218
126;219
126;220
126;221
126;222
126;223
126;224
126;225
126;226
126;227
126;228
126;229
126;230
126;231
126;232
126;233
126;234
126;235
126;236
126;237
126;238
126;239
126;240
126;241
126;242
126;243
126;244
126;245
126;246
126;247
126;248
126;249
126;250
126;251
126;252
126;253
126;254
126;255
126;256
126;257
126;258
126;259
126;260
126;261
126;262
126;263
126;264
126;265
126;266
126;267
126;268
126;269
126;270
126;271
126;272
126;273
126;274
126;275
126;276
126;277
126;278
126;279
126;280
126;281
126;282
126;283
126;284
126;285
126;286
126;287
126;288
126;289
126;290
126;291
126;292
126;293
126;294
126;295
126;296
126;297
126;298
126;299
126;300
126;301
126;302
126;303
126;304
126;305
126;306
126;307
126;308
126;309
126;310
126;311
126;312
126;313
126;314
126;315
126;316
126;317
126;318
126;319
126;320
126;321
126;322
126;323
126;324
126;325
126;326
126;327
126;328
126;329
126;330
126;331
126;332
126;333
126;334
126;335
126;336
126;337
126;338
126;339
126;340
126;341
126;342
126;343
126;344
126;345
126;346
126;347
126;348
126;349
126;350
126;351
126;352
126;353
126;354
126;355
126;356
126;357
126;358
126;359
126;360
126;361
126;362
126;363
126;364
126;365
126;366
126;367
126;368
126;369
126;370
126;371
126;372
126;373
126;374
126;375
126;376
126;377
126;378
126;379
126;380
126;917
126;918
126;919
126;920
126;921
126;922
126;923
126;924
126;925
126;926
126;927
126;928
126;929
126;930
126;931
126;932
126;933
126;934
126;935
126;936
126;937
126;938
126;939
126;940
126;941
126;942
126;943
126;944
126;945
126;946
126;947
126;948
126;949
126;950
126;951
126;952
126;953
126;954
126;955
126;956
126;957
126;958
126;959
126;960
126;961
126;962
126;963
126;964
126;965
126;966
126;967
126;968
126;969
126;970
126;971
126;972
127;200
127;201
127;202
127;203
127;204
127;205
127;206
127;207
127;208
127;209
127;210
127;211
127;212
127;213
127;214
127;215
127;216
127;217
127;218
127;219
127;220
127;221
127;222
127;223
127;224
127;225
127;226
127;227
127;228
127;229
127;230
127;231
127;232
127;233
127;234
127;235
127;236
127;237
127;238
127;239
127;240
127;241
127;242
127;243
127;244
127;245
127;246
127;247
127;248
127;249
127;250
127;251
127;252
127;253
127;254
127;255
127;256
127;257
127;258
127;259
127;260
127;261
127;262
127;263
127;264
127;265
127;266
127;267
127;268
127;269
127;270
127;271
127;272
127;273
127;274
127;275
127;276
127;277
127;278
127;279
127;280
127;281
127;282
127;283
127;284
127;285
127;286
127;287
127;288
127;289
127;290
127;291
127;292
127;293
127;294
127;295
127;296
127;297
127;298
127;299
127;300
127;301
127;302
127;303
127;304
127;305
127;306
127;307
127;308
127;309
127;310
127;311
127;312
127;313
127;314
127;315
127;316
127;317
127;318
127;319
127;320
127;321
127;322
127;323
127;324
127;325
127;326
127;327
127;328
127;329
127;330
127;331
127;332
127;333
127;334
127;335
127;336
127;337
127;338
127;339
127;340
127;341
127;342
127;343
127;344
127;345
127;346
127;347
127;348
127;349
127;350
127;351
127;352
127;353
127;354
127;355
127;356
127;357
127;358
127;359
127;360
127;361
127;362
127;363
127;364
127;365
127;366
127;367
127;368
127;369
127;370
127;371
127;372
127;373
127;374
127;375
127;376
127;377
127;378
127;379
127;380
127;381
127;917
127;918
127;919
127;920
127;921
127;922
127;923
127;924
127;925
127;926
127;927
127;928
127;929
127;930
127;931
127;932
127;933
127;934
127;935
127;936
127;937
127;938
127;939
127;940
127;941
127;942
127;943
127;944
127;945
127;946
127;947
127;948
127;949
127;950
127;951
127;952
127;953
127;954
127;955
127;956
127;957
127;958
127;959
127;960
127;961
127;962
127;963
127;964
127;965
127;966
127;967
127;968
128;200
128;201
128;202
128;203
128;204
128;205
128;206
128;207
128;208
128;209
128;210
128;211
128;212
128;213
128;214
128;215
128;216
128;217
128;218
128;219
128;220
128;221
128;222
128;223
128;224
128;225
128;226
128;227
128;228
128;229
128;230
128;231
128;232
128;233
128;234
128;235
128;236
128;237
128;238
128;239
128;240
128;241
128;242
128;243
128;244
128;245
128;246
128;247
128;248
128;249
128;250
128;251
128;252
128;253
128;254
128;255
128;256
128;257
128;258
128;259
128;260
128;261
128;262
128;263
128;264
128;265
128;266
128;267
128;268
128;269
128;270
128;271
128;272
128;273
128;274
128;275
128;276
128;277
128;278
128;279
128;280
128;281
128;282
128;283
128;284
128;285
128;286
128;287
128;288
128;289
128;290
128;291
128;292
128;293
128;294
128;295
128;296
128;297
128;298
128;299
128;300
128;301
128;302
128;303
128;304
128;305
128;306
128;307
128;308
128;309
128;310
128;311
128;312
128;313
128;314
128;315
128;316
128;317
128;318
128;319
128;320
128;321
128;322
128;323
128;324
128;325
128;326
128;327
128;328
128;329
128;330
128;331
128;332
128;333
128;334
128;335
128;336
128;337
128;338
128;339
128;340
128;341
128;342
128;343
128;344
128;345
128;346
128;347
128;348
128;349
128;350
128;351
128;352
128;353
128;354
128;355
128;356
128;357
128;358
128;359
128;360
128;361
128;362
128;363
128;364
128;365
128;366
128;367
128;368
128;369
128;370
128;371
128;372
128;373
128;374
128;375
128;376
128;377
128;378
128;379
128;380
128;381
128;382
128;916
128;917
128;918
128;919
128;920
128;921
128;922
128;923
128;924
128;925
128;926
128;927
128;928
128;929
128;930
128;931
128;932
128;933
128;934
128;935
128;936
128;937
128;938
128;939
128;940
128;941
128;942
128;943
128;944
128;945
128;946
128;947
128;948
128;949
128;950
128;951
128;952
128;953
128;954
128;955
128;956
128;957
128;958
128;959
128;960
128;961
128;962
128;963
128;964
128;966
129;199
129;200
129;201
129;202
129;203
129;204
129;205
129;206
129;207
129;208
129;209
129;210
129;211
129;212
129;213
129;214
129;215
129;216
129;217
129;218
129;219
129;220
129;221
129;222
129;223
129;224
129;225
129;226
129;227
129;228
129;229
129;230
129;231
129;232
129;233
129;234
129;235
129;236
129;237
129;238
129;239
129;240
129;241
129;242
129;243
129;244
129;245
129;246
129;247
129;248
129;249
129;250
129;251
129;252
129;253
129;254
129;255
129;256
129;257
129;258
129;259
129;260
129;261
129;262
129;263
129;264
129;265
129;266
129;267
129;268
129;269
129;270
129;271
129;272
129;273
129;274
129;275
129;276
129;277
129;278
129;279
129;280
129;281
129;282
129;283
129;284
129;285
129;286
129;287
129;288
129;289
129;290
129;291
129;292
129;293
129;294
129;295
129;296
129;297
129;298
129;299
129;300
129;301
129;302
129;303
129;304
129;305
129;306
129;307
129;308
129;309
129;310
129;311
129;312
129;313
129;314
129;315
129;316
129;317
129;318
129;319
129;320
129;321
129;322
129;323
129;324
129;325
129;326
129;327
129;328
129;329
129;330
129;331
129;332
129;333
129;334
129;335
129;336
129;337
129;338
129;339
129;340
129;341
129;342
129;343
129;344
129;345
129;346
129;347
129;348
129;349
129;350
129;351
129;352
129;353
129;354
129;355
129;356
129;357
129;358
129;359
129;360
129;361
129;362
129;363
129;364
129;365
129;366
129;367
129;368
129;369
129;370
129;371
129;372
129;373
129;374
129;375
129;376
129;377
129;378
129;379
129;380
129;381
129;382
129;383
129;916
129;917
129;918
129;919
129;920
129;921
129;922
129;923
129;924
129;925
129;926
129;927
129;928
129;929
129;930
129;931
129;932
129;933
129;934
129;935
129;936
129;937
129;938
129;939
129;940
129;941
129;942
129;943
129;944
129;945
129;946
129;947
129;948
129;949
129;950
129;951
129;952
129;953
129;954
129;955
129;956
129;957
129;958
129;959
129;960
129;962
130;199
130;200
130;201
130;202
130;203
130;204
130;205
130;206
130;207
130;208
130;209
130;210
130;211
130;212
130;213
130;214
130;215
130;216
130;217
130;218
130;219
130;220
130;221
130;222
130;223
130;224
130;225
130;226
130;227
130;228
130;229
130;230
130;231
130;232
130;233
130;234
130;235
130;236
130;237
130;238
130;239
130;240
130;241
130;242
130;243
130;244
130;245
130;246
130;247
130;248
130;249
130;250
130;251
130;252
130;253
130;254
130;255
130;256
130;257
130;258
130;259
130;260
130;261
130;262
130;263
130;264
130;265
130;266
130;267
130;268
130;269
130;270
130;271
130;272
130;273
130;274
130;275
130;276
130;277
130;278
130;279
130;280
130;281
130;282
130;283
130;284
130;285
130;286
130;287
130;288
130;289
130;290
130;291
130;292
130;293
130;294
130;295
130;296
130;297
130;298
130;299
130;300
130;301
130;302
130;303
130;304
130;305
130;306
130;307
130;308
130;309
130;310
130;311
130;312
130;313
130;314
130;315
130;316
130;317
130;318
130;319
130;320
130;321
130;322
130;323
130;324
130;325
130;326
130;327
130;328
130;329
130;330
130;331
130;332
130;333
130;334
130;335
130;336
130;337
130;338
130;339
130;340
130;341
130;342
130;343
130;344
130;345
130;346
130;347
130;348
130;349
130;350
130;351
130;352
130;353
130;354
130;355
130;356
130;357
130;358
130;359
130;360
130;361
130;362
130;363
130;364
130;365
130;366
130;367
130;368
130;369
130;370
130;371
130;372
130;373
130;374
130;375
130;376
130;377
130;378
130;379
130;380
130;381
130;382
130;383
130;384
130;916
130;917
130;918
130;919
130;920
130;921
130;922
130;923
130;924
130;925
130;926
130;927
130;928
130;929
130;930
130;931
130;932
130;933
130;934
130;935
130;936
130;937
130;938
130;939
130;940
130;941
130;942
130;943
130;944
130;945
130;946
130;947
130;948
130;949
130;950
130;951
130;952
130;953
130;954
130;955
130;956
130;958
131;199
131;200
131;201
131;202
131;203
131;204
131;205
131;206
131;207
131;208
131;209
131;210
131;211
131;212
131;213
131;214
131;215
131;216
131;217
131;218
131;219
131;220
131;221
131;222
131;223
131;224
131;225
131;226
131;227
131;228
131;229
131;230
131;231
131;232
131;233
131;234
131;235
131;236
131;237
131;238
131;239
131;240
131;241
131;242
131;243
131;244
131;245
131;246
131;247
131;248
131;249
131;250
131;251
131;252
131;253
131;254
131;255
131;256
131;257
131;258
131;259
131;260
131;261
131;262
131;263
131;264
131;265
131;266
131;267
131;268
131;269
131;270
131;271
131;272
131;273
131;274
131;275
131;276
131;277
131;278
131;279
131;280
131;281
131;282
131;283
131;284
131;285
131;286
131;287
131;288
131;289
131;290
131;291
131;292
131;293
131;294
131;295
131;296
131;297
131;298
131;299
131;300
131;301
131;302
131;303
131;304
131;305
131;306
131;307
131;308
131;309
131;310
131;311
131;312
131;313
131;314
131;315
131;316
131;317
131;318
131;319
131;320
131;321
131;322
131;323
131;324
131;325
131;326
131;327
131;328
131;329
131;330
131;331
131;332
131;333
131;334
131;335
131;336
131;337
131;338
131;339
131;340
131;341
131;342
131;343
131;344
131;345
131;346
131;347
131;348
131;349
131;350
131;351
131;352
131;353
131;354
131;355
131;356
131;357
131;358
131;359
131;360
131;361
131;362
131;363
131;364
131;365
131;366
131;367
131;368
131;369
131;370
131;371
131;372
131;373
131;374
131;375
131;376
131;377
131;378
131;379
131;380
131;381
131;382
131;383
131;384
131;385
131;916
131;917
131;918
131;919
131;920
131;921
131;922
131;923
131;924
131;925
131;926
131;927
131;928
131;929
131;930
131;931
131;932
131;933
131;934
131;935
131;936
131;937
131;938
131;939
131;940
131;941
131;942
131;943
131;944
131;945
131;946
131;947
131;948
131;949
131;950
131;951
131;952
131;954
132;198
132;199
132;200
132;201
132;202
132;203
132;204
132;205
132;206
132;207
132;208
132;209
132;210
132;211
132;212
132;213
132;214
132;215
132;216
132;217
132;218
132;219
132;220
132;221
132;222
132;223
132;224
132;225
132;226
132;227
132;228
132;229
132;230
132;231
132;232
132;233
132;234
132;235
132;236
132;237
132;238
132;239
132;240
132;241
132;242
132;243
132;244
132;245
132;246
132;247
132;248
132;249
132;250
132;251
132;252
132;253
132;254
132;255
132;256
132;257
132;258
132;259
132;260
132;261
132;262
132;263
132;264
132;265
132;266
132;267
132;268
132;269
132;270
132;271
132;272
132;273
132;274
132;275
132;276
132;277
132;278
132;279
132;280
132;281
132;282
132;283
132;284
132;285
132;286
132;287
132;288
132;289
132;290
132;291
132;292
132;293
132;294
132;295
132;296
132;297
132;298
132;299
132;300
132;301
132;302
132;303
132;304
132;305
132;306
132;307
132;308
132;309
132;310
132;311
132;312
132;313
132;314
132;315
132;316
132;317
132;318
132;319
132;320
132;321
132;322
132;323
132;324
132;325
132;326
132;327
132;328
132;329
132;330
132;331
132;332
132;333
132;334
132;335
132;336
132;337
132;338
132;339
132;340
132;341
132;342
132;343
132;344
132;345
132;346
132;347
132;348
132;349
132;350
132;351
132;352
132;353
132;354
132;355
132;356
132;357
132;358
132;359
132;360
132;361
132;362
132;363
132;364
132;365
132;366
132;367
132;368
132;369
132;370
132;371
132;372
132;373
132;374
132;375
132;376
132;377
132;378
132;379
132;380
132;381
132;382
132;383
132;384
132;385
132;915
132;916
132;917
132;918
132;919
132;920
132;921
132;922
132;923
132;924
132;925
132;926
132;927
132;928
132;929
132;930
132;931
132;932
132;933
132;934
132;935
132;936
132;937
132;938
132;939
132;940
132;941
132;942
132;943
132;944
132;945
132;946
132;947
132;948
132;950
133;197
133;198
133;199
133;200
133;201
133;202
133;203
133;204
133;205
133;206
133;207
133;208
133;209
133;210
133;211
133;212
133;213
133;214
133;215
133;216
133;217
133;218
133;219
133;220
133;221
133;222
133;223
133;224
133;225
133;226
133;227
133;228
133;229
133;230
133;231
133;232
133;233
133;234
133;235
133;236
133;237
133;238
133;239
133;240
133;241
133;242
133;243
133;244
133;245
133;246
133;247
133;248
133;249
133;250
133;251
133;252
133;253
133;254
133;255
133;256
133;257
133;258
133;259
133;260
133;261
133;262
133;263
133;264
133;265
133;266
133;267
133;268
133;269
133;270
133;271
133;272
133;273
133;274
133;275
133;276
133;277
133;278
133;279
133;280
133;281
133;282
133;283
133;284
133;285
133;286
133;287
133;288
133;289
133;290
133;291
133;292
133;293
133;294
133;295
133;296
133;297
133;298
133;299
133;300
133;301
133;302
133;303
133;304
133;305
133;306
133;307
133;308
133;309
133;310
133;311
133;312
133;313
133;314
133;315
133;316
133;317
133;318
133;319
133;320
133;321
133;322
133;323
133;324
133;325
133;326
133;327
133;328
133;329
133;330
133;331
133;332
133;333
133;334
133;335
133;336
133;337
133;338
133;339
133;340
133;341
133;342
133;343
133;344
133;345
133;346
133;347
133;348
133;349
133;350
133;351
133;352
133;353
133;354
133;355
133;356
133;357
133;358
133;359
133;360
133;361
133;362
133;363
133;364
133;365
133;366
133;367
133;368
133;369
133;370
133;371
133;372
133;373
133;374
133;375
133;376
133;377
133;378
133;379
133;380
133;381
133;382
133;383
133;384
133;385
133;386
133;387
133;915
133;916
133;917
133;918
133;919
133;920
133;921
133;922
133;923
133;924
133;925
133;926
133;927
133;928
133;929
133;930
133;931
133;932
133;933
133;934
133;935
133;936
133;937
133;938
133;939
133;940
133;941
133;942
133;943
133;944
133;946
134;197
134;198
134;199
134;200
134;201
134;202
134;203
134;204
134;205
134;206
134;207
134;208
134;209
134;210
134;211
134;212
134;213
134;214
134;215
134;216
134;217
134;218
134;219
134;220
134;221
134;222
134;223
134;224
134;225
134;226
134;227
134;228
134;229
134;230
134;231
134;232
134;233
134;234
134;235
134;236
134;237
134;238
134;239
134;240
134;241
134;242
134;243
134;244
134;245
134;246
134;247
134;248
134;249
134;250
134;251
134;252
134;253
134;254
134;255
134;256
134;257
134;258
134;259
134;260
134;261
134;262
134;263
134;264
134;265
134;266
134;267
134;268
134;269
134;270
134;271
134;272
134;273
134;274
134;275
134;276
134;277
134;278
134;279
134;280
134;281
134;282
134;283
134;284
134;285
134;286
134;287
134;288
134;289
134;290
134;291
134;292
134;293
134;294
134;295
134;296
134;297
134;298
134;299
134;300
134;301
134;302
134;303
134;304
134;305
134;306
134;307
134;308
134;309
134;310
134;311
134;312
134;313
134;314
134;315
134;316
134;317
134;318
134;319
134;320
134;321
134;322
134;323
134;324
134;325
134;326
134;327
134;328
134;329
134;330
134;331
134;332
134;333
134;334
134;335
134;336
134;337
134;338
134;339
134;340
134;341
134;342
134;343
134;344
134;345
134;346
134;347
134;348
134;349
134;350
134;351
134;352
134;353
134;354
134;355
134;356
134;357
134;358
134;359
134;360
134;361
134;362
134;363
134;364
134;365
134;366
134;367
134;368
134;369
134;370
134;371
134;372
134;373
134;374
134;375
134;376
134;377
134;378
134;379
134;380
134;381
134;382
134;383
134;384
134;385
134;386
134;387
134;915
134;916
134;917
134;918
134;919
134;920
134;921
134;922
134;923
134;924
134;925
134;926
134;927
134;928
134;929
134;930
134;931
134;932
134;933
134;934
134;935
134;936
134;937
134;938
134;939
134;940
134;942
135;197
135;198
135;199
135;200
135;201
135;202
135;203
135;204
135;205
135;206
135;207
135;208
135;209
135;210
135;211
135;212
135;213
135;214
135;215
135;216
135;217
135;218
135;219
135;220
135;221
135;222
135;223
135;224
135;225
135;226
135;227
135;228
135;229
135;230
135;231
135;232
135;233
135;234
135;235
135;236
135;237
135;238
135;239
135;240
135;241
135;242
135;243
135;244
135;245
135;246
135;247
135;248
135;249
135;250
135;251
135;252
135;253
135;254
135;255
135;256
135;257
135;258
135;259
135;260
135;261
135;262
135;263
135;264
135;265
135;266
135;267
135;268
135;269
135;270
135;271
135;272
135;273
135;274
135;275
135;276
135;277
135;278
135;279
135;280
135;281
135;282
135;283
135;284
135;285
135;286
135;287
135;288
135;289
135;290
135;291
135;292
135;293
135;294
135;295
135;296
135;297
135;298
135;299
135;300
135;301
135;302
135;303
135;304
135;305
135;306
135;307
135;308
135;309
135;310
135;311
135;312
135;313
135;314
135;315
135;316
135;317
135;318
135;319
135;320
135;321
135;322
135;323
135;324
135;325
135;326
135;327
135;328
135;329
135;330
135;331
135;332
135;333
135;334
135;335
135;336
135;337
135;338
135;339
135;340
135;341
135;342
135;343
135;344
135;345
135;346
135;347
135;348
135;349
135;350
135;351
135;352
135;353
135;354
135;355
135;356
135;357
135;358
135;359
135;360
135;361
135;362
135;363
135;364
135;365
135;366
135;367
135;368
135;369
135;370
135;371
135;372
135;373
135;374
135;375
135;376
135;377
135;378
135;379
135;380
135;381
135;382
135;383
135;384
135;385
135;386
135;387
135;388
135;389
135;915
135;916
135;917
135;918
135;919
135;920
135;921
135;922
135;923
135;924
135;925
135;926
135;927
135;928
135;929
135;930
135;931
135;932
135;933
135;934
135;935
135;936
135;938
136;196
136;197
136;198
136;199
136;200
136;201
136;202
136;203
136;204
136;205
136;206
136;207
136;208
136;209
136;210
136;211
136;212
136;213
136;214
136;215
136;216
136;217
136;218
136;219
136;220
136;221
136;222
136;223
136;224
136;225
136;226
136;227
136;228
136;229
136;230
136;231
136;232
136;233
136;234
136;235
136;236
136;237
136;238
136;239
136;240
136;241
136;242
136;243
136;244
136;245
136;246
136;247
136;248
136;249
136;250
136;251
136;252
136;253
136;254
136;255
136;256
136;257
136;258
136;259
136;260
136;261
136;262
136;263
136;264
136;265
136;266
136;267
136;268
136;269
136;270
136;271
136;272
136;273
136;274
136;275
136;276
136;277
136;278
136;279
136;280
136;281
136;282
136;283
136;284
136;285
136;286
136;287
136;288
136;289
136;290
136;291
136;292
136;293
136;294
136;295
136;296
136;297
136;298
136;299
136;300
136;301
136;302
136;303
136;304
136;305
136;306
136;307
136;308
136;309
136;310
136;311
136;312
136;313
136;314
136;315
136;316
136;317
136;318
136;319
136;320
136;321
136;322
136;323
136;324
136;325
136;326
136;327
136;328
136;329
136;330
136;331
136;332
136;333
136;334
136;335
136;336
136;337
136;338
136;339
136;340
136;341
136;342
136;343
136;344
136;345
136;346
136;347
136;348
136;349
136;350
136;351
136;352
136;353
136;354
136;355
136;356
136;357
136;358
136;359
136;360
136;361
136;362
136;363
136;364
136;365
136;366
136;367
136;368
136;369
136;370
136;371
136;372
136;373
136;374
136;375
136;376
136;377
136;378
136;379
136;380
136;381
136;382
136;383
136;384
136;385
136;386
136;387
136;388
136;389
136;914
136;915
136;916
136;917
136;918
136;919
136;920
136;921
136;922
136;923
136;924
136;925
136;926
136;927
136;928
136;929
136;930
136;931
136;932
136;934
137;196
137;197
137;198
137;199
137;200
137;201
137;202
137;203
137;204
137;205
137;206
137;207
137;208
137;209
137;210
137;211
137;212
137;213
137;214
137;215
137;216
137;217
137;218
137;219
137;220
137;221
137;222
137;223
137;224
137;225
137;226
137;227
137;228
137;229
137;230
137;231
137;232
137;233
137;234
137;235
137;236
137;237
137;238
137;239
137;240
137;241
137;242
137;243
137;244
137;245
137;246
137;247
137;248
137;249
137;250
137;251
137;252
137;253
137;254
137;255
137;256
137;257
137;258
137;259
137;260
137;261
137;262
137;263
137;264
137;265
137;266
137;267
137;268
137;269
137;270
137;271
137;272
137;273
137;274
137;275
137;276
137;277
137;278
137;279
137;280
137;281
137;282
137;283
137;284
137;285
137;286
137;287
137;288
137;289
137;290
137;291
137;292
137;293
137;294
137;295
137;296
137;297
137;298
137;299
137;300
137;301
137;302
137;303
137;304
137;305
137;306
137;307
137;308
137;309
137;310
137;311
137;312
137;313
137;314
137;315
137;316
137;317
137;318
137;319
137;320
137;321
137;322
137;323
137;324
137;325
137;326
137;327
137;328
137;329
137;330
137;331
137;332
137;333
137;334
137;335
137;336
137;337
137;338
137;339
137;340
137;341
137;342
137;343
137;344
137;345
137;346
137;347
137;348
137;349
137;350
137;351
137;352
137;353
137;354
137;355
137;356
137;357
137;358
137;359
137;360
137;361
137;362
137;363
137;364
137;365
137;366
137;367
137;368
137;369
137;370
137;371
137;372
137;373
137;374
137;375
137;376
137;377
137;378
137;379
137;380
137;381
137;382
137;383
137;384
137;385
137;386
137;387
137;388
137;389
137;390
137;914
137;915
137;916
137;917
137;918
137;919
137;920
137;921
137;922
137;923
137;924
137;925
137;926
137;927
137;928
137;930
138;195
138;196
138;197
138;198
138;199
138;200
138;201
138;202
138;203
138;204
138;205
138;206
138;207
138;208
138;209
138;210
138;211
138;212
138;213
138;214
138;215
138;216
138;217
138;218
138;219
138;220
138;221
138;222
138;223
138;224
138;225
138;226
138;227
138;228
138;229
138;230
138;231
138;232
138;233
138;234
138;235
138;236
138;237
138;238
138;239
138;240
138;241
138;242
138;243
138;244
138;245
138;246
138;247
138;248
138;249
138;250
138;251
138;252
138;253
138;254
138;255
138;256
138;257
138;258
138;259
138;260
138;261
138;262
138;263
138;264
138;265
138;266
138;267
138;268
138;269
138;270
138;271
138;272
138;273
138;274
138;275
138;276
138;277
138;278
138;279
138;280
138;281
138;282
138;283
138;284
138;285
138;286
138;287
138;288
138;289
138;290
138;291
138;292
138;293
138;294
138;295
138;296
138;297
138;298
138;299
138;300
138;301
138;302
138;303
138;304
138;305
138;306
138;307
138;308
138;309
138;310
138;311
138;312
138;313
138;314
138;315
138;316
138;317
138;318
138;319
138;320
138;321
138;322
138;323
138;324
138;325
138;326
138;327
138;328
138;329
138;330
138;331
138;332
138;333
138;334
138;335
138;336
138;337
138;338
138;339
138;340
138;341
138;342
138;343
138;344
138;345
138;346
138;347
138;348
138;349
138;350
138;351
138;352
138;353
138;354
138;355
138;356
138;357
138;358
138;359
138;360
138;361
138;362
138;363
138;364
138;365
138;366
138;367
138;368
138;369
138;370
138;371
138;372
138;373
138;374
138;375
138;376
138;377
138;378
138;379
138;380
138;381
138;382
138;383
138;384
138;385
138;386
138;387
138;388
138;389
138;390
138;391
138;914
138;915
138;916
138;917
138;918
138;919
138;920
138;921
138;922
138;923
138;924
138;925
138;926
139;195
139;196
139;197
139;198
139;199
139;200
139;201
139;202
139;203
139;204
139;205
139;206
139;207
139;208
139;209
139;210
139;211
139;212
139;213
139;214
139;215
139;216
139;217
139;218
139;219
139;220
139;221
139;222
139;223
139;224
139;225
139;226
139;227
139;228
139;229
139;230
139;231
139;232
139;233
139;234
139;235
139;236
139;237
139;238
139;239
139;240
139;241
139;242
139;243
139;244
139;245
139;246
139;247
139;248
139;249
139;250
139;251
139;252
139;253
139;254
139;255
139;256
139;257
139;258
139;259
139;260
139;261
139;262
139;263
139;264
139;265
139;266
139;267
139;268
139;269
139;270
139;271
139;272
139;273
139;274
139;275
139;276
139;277
139;278
139;279
139;280
139;281
139;282
139;283
139;284
139;285
139;286
139;287
139;288
139;289
139;290
139;291
139;292
139;293
139;294
139;295
139;296
139;297
139;298
139;299
139;300
139;301
139;302
139;303
139;304
139;305
139;306
139;307
139;308
139;309
139;310
139;311
139;312
139;313
139;314
139;315
139;316
139;317
139;318
139;319
139;320
139;321
139;322
139;323
139;324
139;325
139;326
139;327
139;328
139;329
139;330
139;331
139;332
139;333
139;334
139;335
139;336
139;337
139;338
139;339
139;340
139;341
139;342
139;343
139;344
139;345
139;346
139;347
139;348
139;349
139;350
139;351
139;352
139;353
139;354
139;355
139;356
139;357
139;358
139;359
139;360
139;361
139;362
139;363
139;364
139;365
139;366
139;367
139;368
139;369
139;370
139;371
139;372
139;373
139;374
139;375
139;376
139;377
139;378
139;379
139;380
139;381
139;382
139;383
139;384
139;385
139;386
139;387
139;388
139;389
139;390
139;391
139;392
139;913
139;914
139;915
139;916
139;917
139;918
139;919
139;920
139;921
139;922
140;194
140;195
140;196
140;197
140;198
140;199
140;200
140;201
140;202
140;203
140;204
140;205
140;206
140;207
140;208
140;209
140;210
140;211
140;212
140;213
140;214
140;215
140;216
140;217
140;218
140;219
140;220
140;221
140;222
140;223
140;224
140;225
140;226
140;227
140;228
140;229
140;230
140;231
140;232
140;233
140;234
140;235
140;236
140;237
140;238
140;239
140;240
140;241
140;242
140;243
140;244
140;245
140;246
140;247
140;248
140;249
140;250
140;251
140;252
140;253
140;254
140;255
140;256
140;257
140;258
140;259
140;260
140;261
140;262
140;263
140;264
140;265
140;266
140;267
140;268
140;269
140;270
140;271
140;272
140;273
140;274
140;275
140;276
140;277
140;278
140;279
140;280
140;281
140;282
140;283
140;284
140;285
140;286
140;287
140;288
140;289
140;290
140;291
140;292
140;293
140;294
140;295
140;296
140;297
140;298
140;299
140;300
140;301
140;302
140;303
140;304
140;305
140;306
140;307
140;308
140;309
140;310
140;311
140;312
140;313
140;314
140;315
140;316
140;317
140;318
140;319
140;320
140;321
140;322
140;323
140;324
140;325
140;326
140;327
140;328
140;329
140;330
140;331
140;332
140;333
140;334
140;335
140;336
140;337
140;338
140;339
140;340
140;341
140;342
140;343
140;344
140;345
140;346
140;347
140;348
140;349
140;350
140;351
140;352
140;353
140;354
140;355
140;356
140;357
140;358
140;359
140;360
140;361
140;362
140;363
140;364
140;365
140;366
140;367
140;368
140;369
140;370
140;371
140;372
140;373
140;374
140;375
140;376
140;377
140;378
140;379
140;380
140;381
140;382
140;383
140;384
140;385
140;386
140;387
140;388
140;389
140;390
140;391
140;392
140;393
140;913
140;914
140;915
140;916
140;917
140;918
141;194
141;195
141;196
141;197
141;198
141;199
141;200
141;201
141;202
141;203
141;204
141;205
141;206
141;207
141;208
141;209
141;210
141;211
141;212
141;213
141;214
141;215
141;216
141;217
141;218
141;219
141;220
141;221
141;222
141;223
141;224
141;225
141;226
141;227
141;228
141;229
141;230
141;231
141;232
141;233
141;234
141;235
141;236
141;237
141;238
141;239
141;240
141;241
141;242
141;243
141;244
141;245
141;246
141;247
141;248
141;249
141;250
141;251
141;252
141;253
141;254
141;255
141;256
141;257
141;258
141;259
141;260
141;261
141;262
141;263
141;264
141;265
141;266
141;267
141;268
141;269
141;270
141;271
141;272
141;273
141;274
141;275
141;276
141;277
141;278
141;279
141;280
141;281
141;282
141;283
141;284
141;285
141;286
141;287
141;288
141;289
141;290
141;291
141;292
141;293
141;294
141;295
141;296
141;297
141;298
141;299
141;300
141;301
141;302
141;303
141;304
141;305
141;306
141;307
141;308
141;309
141;310
141;311
141;312
141;313
141;314
141;315
141;316
141;317
141;318
141;319
141;320
141;321
141;322
141;323
141;324
141;325
141;326
141;327
141;328
141;329
141;330
141;331
141;332
141;333
141;334
141;335
141;336
141;337
141;338
141;339
141;340
141;341
141;342
141;343
141;344
141;345
141;346
141;347
141;348
141;349
141;350
141;351
141;352
141;353
141;354
141;355
141;356
141;357
141;358
141;359
141;360
141;361
141;362
141;363
141;364
141;365
141;366
141;367
141;368
141;369
141;370
141;371
141;372
141;373
141;374
141;375
141;376
141;377
141;378
141;379
141;380
141;381
141;382
141;383
141;384
141;385
141;386
141;387
141;388
141;389
141;390
141;391
141;392
141;393
141;394
141;913
141;914
142;193
142;194
142;195
142;196
142;197
142;198
142;199
142;200
142;201
142;202
142;203
142;204
142;205
142;206
142;207
142;208
142;209
142;210
142;211
142;212
142;213
142;214
142;215
142;216
142;217
142;218
142;219
142;220
142;221
142;222
142;223
142;224
142;225
142;226
142;227
142;228
142;229
142;230
142;231
142;232
142;233
142;234
142;235
142;236
142;237
142;238
142;239
142;240
142;241
142;242
142;243
142;244
142;245
142;246
142;247
142;248
142;249
142;250
142;251
142;252
142;253
142;254
142;255
142;256
142;257
142;258
142;259
142;260
142;261
142;262
142;263
142;264
142;265
142;266
142;267
142;268
142;269
142;270
142;271
142;272
142;273
142;274
142;275
142;276
142;277
142;278
142;279
142;280
142;281
142;282
142;283
142;284
142;285
142;286
142;287
142;288
142;289
142;290
142;291
142;292
142;293
142;294
142;295
142;296
142;297
142;298
142;299
142;300
142;301
142;302
142;303
142;304
142;305
142;306
142;307
142;308
142;309
142;310
142;311
142;312
142;313
142;314
142;315
142;316
142;317
142;318
142;319
142;320
142;321
142;322
142;323
142;324
142;325
142;326
142;327
142;328
142;329
142;330
142;331
142;332
142;333
142;334
142;335
142;336
142;337
142;338
142;339
142;340
142;341
142;342
142;343
142;344
142;345
142;346
142;347
142;348
142;349
142;350
142;351
142;352
142;353
142;354
142;355
142;356
142;357
142;358
142;359
142;360
142;361
142;362
142;363
142;364
142;365
142;366
142;367
142;368
142;369
142;370
142;371
142;372
142;373
142;374
142;375
142;376
142;377
142;378
142;379
142;380
142;381
142;382
142;383
142;384
142;385
142;386
142;387
142;388
142;389
142;390
142;391
142;392
142;393
142;394
142;395
143;193
143;194
143;195
143;196
143;197
143;198
143;199
143;200
143;201
143;202
143;203
143;204
143;205
143;206
143;207
143;208
143;209
143;210
143;211
143;212
143;213
143;214
143;215
143;216
143;217
143;218
143;219
143;220
143;221
143;222
143;223
143;224
143;225
143;226
143;227
143;228
143;229
143;230
143;231
143;232
143;233
143;234
143;235
143;236
143;237
143;238
143;239
143;240
143;241
143;242
143;243
143;244
143;245
143;246
143;247
143;248
143;249
143;250
143;251
143;252
143;253
143;254
143;255
143;256
143;257
143;258
143;259
143;260
143;261
143;262
143;263
143;264
143;265
143;266
143;267
143;268
143;269
143;270
143;271
143;272
143;273
143;274
143;275
143;276
143;277
143;278
143;279
143;280
143;281
143;282
143;283
143;284
143;285
143;286
143;287
143;288
143;289
143;290
143;291
143;292
143;293
143;294
143;295
143;296
143;297
143;298
143;299
143;300
143;301
143;302
143;303
143;304
143;305
143;306
143;307
143;308
143;309
143;310
143;311
143;312
143;313
143;314
143;315
143;316
143;317
143;318
143;319
143;320
143;321
143;322
143;323
143;324
143;325
143;326
143;327
143;328
143;329
143;330
143;331
143;332
143;333
143;334
143;335
143;336
143;337
143;338
143;339
143;340
143;341
143;342
143;343
143;344
143;345
143;346
143;347
143;348
143;349
143;350
143;351
143;352
143;353
143;354
143;355
143;356
143;357
143;358
143;359
143;360
143;361
143;362
143;363
143;364
143;365
143;366
143;367
143;368
143;369
143;370
143;371
143;372
143;373
143;374
143;375
143;376
143;377
143;378
143;379
143;380
143;381
143;382
143;383
143;384
143;385
143;386
143;387
143;388
143;389
143;390
143;391
143;392
143;393
143;394
143;395
144;193
144;194
144;195
144;196
144;197
144;198
144;199
144;200
144;201
144;202
144;203
144;204
144;205
144;206
144;207
144;208
144;209
144;210
144;211
144;212
144;213
144;214
144;215
144;216
144;217
144;218
144;219
144;220
144;221
144;222
144;223
144;224
144;225
144;226
144;227
144;228
144;229
144;230
144;231
144;232
144;233
144;234
144;235
144;236
144;237
144;238
144;239
144;240
144;241
144;242
144;243
144;244
144;245
144;246
144;247
144;248
144;249
144;250
144;251
144;252
144;253
144;254
144;255
144;256
144;257
144;258
144;259
144;260
144;261
144;262
144;263
144;264
144;265
144;266
144;267
144;268
144;269
144;270
144;271
144;272
144;273
144;274
144;275
144;276
144;277
144;278
144;279
144;280
144;281
144;282
144;283
144;284
144;285
144;286
144;287
144;288
144;289
144;290
144;291
144;292
144;293
144;294
144;295
144;296
144;297
144;298
144;299
144;300
144;301
144;302
144;303
144;304
144;305
144;306
144;307
144;308
144;309
144;310
144;311
144;312
144;313
144;314
144;315
144;316
144;317
144;318
144;319
144;320
144;321
144;322
144;323
144;324
144;325
144;326
144;327
144;328
144;329
144;330
144;331
144;332
144;333
144;334
144;335
144;336
144;337
144;338
144;339
144;340
144;341
144;342
144;343
144;344
144;345
144;346
144;347
144;348
144;349
144;350
144;351
144;352
144;353
144;354
144;355
144;356
144;357
144;358
144;359
144;360
144;361
144;362
144;363
144;364
144;365
144;366
144;367
144;368
144;369
144;370
144;371
144;372
144;373
144;374
144;375
144;376
144;377
144;378
144;379
144;380
144;381
144;382
144;383
144;384
144;385
144;386
144;387
144;388
144;389
144;390
144;391
144;392
144;393
144;394
144;395
144;396
144;397
145;192
145;193
145;194
145;195
145;196
145;197
145;198
145;199
145;200
145;201
145;202
145;203
145;204
145;205
145;206
145;207
145;208
145;209
145;210
145;211
145;212
145;213
145;214
145;215
145;216
145;217
145;218
145;219
145;220
145;221
145;222
145;223
145;224
145;225
145;226
145;227
145;228
145;229
145;230
145;231
145;232
145;233
145;234
145;235
145;236
145;237
145;238
145;239
145;240
145;241
145;242
145;243
145;244
145;245
145;246
145;247
145;248
145;249
145;250
145;251
145;252
145;253
145;254
145;255
145;256
145;257
145;258
145;259
145;260
145;261
145;262
145;263
145;264
145;265
145;266
145;267
145;268
145;269
145;270
145;271
145;272
145;273
145;274
145;275
145;276
145;277
145;278
145;279
145;280
145;281
145;282
145;283
145;284
145;285
145;286
145;287
145;288
145;289
145;290
145;291
145;292
145;293
145;294
145;295
145;296
145;297
145;298
145;299
145;300
145;301
145;302
145;303
145;304
145;305
145;306
145;307
145;308
145;309
145;310
145;311
145;312
145;313
145;314
145;315
145;316
145;317
145;318
145;319
145;320
145;321
145;322
145;323
145;324
145;325
145;326
145;327
145;328
145;329
145;330
145;331
145;332
145;333
145;334
145;335
145;336
145;337
145;338
145;339
145;340
145;341
145;342
145;343
145;344
145;345
145;346
145;347
145;348
145;349
145;350
145;351
145;352
145;353
145;354
145;355
145;356
145;357
145;358
145;359
145;360
145;361
145;362
145;363
145;364
145;365
145;366
145;367
145;368
145;369
145;370
145;371
145;372
145;373
145;374
145;375
145;376
145;377
145;378
145;379
145;380
145;381
145;382
145;383
145;384
145;385
145;386
145;387
145;388
145;389
145;390
145;391
145;392
145;393
145;394
145;395
145;396
145;397
146;192
146;193
146;194
146;195
146;196
146;197
146;198
146;199
146;200
146;201
146;202
146;203
146;204
146;205
146;206
146;207
146;208
146;209
146;210
146;211
146;212
146;213
146;214
146;215
146;216
146;217
146;218
146;219
146;220
146;221
146;222
146;223
146;224
146;225
146;226
146;227
146;228
146;229
146;230
146;231
146;232
146;233
146;234
146;235
146;236
146;237
146;238
146;239
146;240
146;241
146;242
146;243
146;244
146;245
146;246
146;247
146;248
146;249
146;250
146;251
146;252
146;253
146;254
146;255
146;256
146;257
146;258
146;259
146;260
146;261
146;262
146;263
146;264
146;265
146;266
146;267
146;268
146;269
146;270
146;271
146;272
146;273
146;274
146;275
146;276
146;277
146;278
146;279
146;280
146;281
146;282
146;283
146;284
146;285
146;286
146;287
146;288
146;289
146;290
146;291
146;292
146;293
146;294
146;295
146;296
146;297
146;298
146;299
146;300
146;301
146;302
146;303
146;304
146;305
146;306
146;307
146;308
146;309
146;310
146;311
146;312
146;313
146;314
146;315
146;316
146;317
146;318
146;319
146;320
146;321
146;322
146;323
146;324
146;325
146;326
146;327
146;328
146;329
146;330
146;331
146;332
146;333
146;334
146;335
146;336
146;337
146;338
146;339
146;340
146;341
146;342
146;343
146;344
146;345
146;346
146;347
146;348
146;349
146;350
146;351
146;352
146;353
146;354
146;355
146;356
146;357
146;358
146;359
146;360
146;361
146;362
146;363
146;364
146;365
146;366
146;367
146;368
146;369
146;370
146;371
146;372
146;373
146;374
146;375
146;376
146;377
146;378
146;379
146;380
146;381
146;382
146;383
146;384
146;385
146;386
146;387
146;388
146;389
146;390
146;391
146;392
146;393
146;394
146;395
146;396
146;397
146;398
146;399
147;191
147;192
147;193
147;194
147;195
147;196
147;197
147;198
147;199
147;200
147;201
147;202
147;203
147;204
147;205
147;206
147;207
147;208
147;209
147;210
147;211
147;212
147;213
147;214
147;215
147;216
147;217
147;218
147;219
147;220
147;221
147;222
147;223
147;224
147;225
147;226
147;227
147;228
147;229
147;230
147;231
147;232
147;233
147;234
147;235
147;236
147;237
147;238
147;239
147;240
147;241
147;242
147;243
147;244
147;245
147;246
147;247
147;248
147;249
147;250
147;251
147;252
147;253
147;254
147;255
147;256
147;257
147;258
147;259
147;260
147;261
147;262
147;263
147;264
147;265
147;266
147;267
147;268
147;269
147;270
147;271
147;272
147;273
147;274
147;275
147;276
147;277
147;278
147;279
147;280
147;281
147;282
147;283
147;284
147;285
147;286
147;287
147;288
147;289
147;290
147;291
147;292
147;293
147;294
147;295
147;296
147;297
147;298
147;299
147;300
147;301
147;302
147;303
147;304
147;305
147;306
147;307
147;308
147;309
147;310
147;311
147;312
147;313
147;314
147;315
147;316
147;317
147;318
147;319
147;320
147;321
147;322
147;323
147;324
147;325
147;326
147;327
147;328
147;329
147;330
147;331
147;332
147;333
147;334
147;335
147;336
147;337
147;338
147;339
147;340
147;341
147;342
147;343
147;344
147;345
147;346
147;347
147;348
147;349
147;350
147;351
147;352
147;353
147;354
147;355
147;356
147;357
147;358
147;359
147;360
147;361
147;362
147;363
147;364
147;365
147;366
147;367
147;368
147;369
147;370
147;371
147;372
147;373
147;374
147;375
147;376
147;377
147;378
147;379
147;380
147;381
147;382
147;383
147;384
147;385
147;386
147;387
147;388
147;389
147;390
147;391
147;392
147;393
147;394
147;395
147;396
147;397
147;398
147;399
148;191
148;192
148;193
148;194
148;195
148;196
148;197
148;198
148;199
148;200
148;201
148;202
148;203
148;204
148;205
148;206
148;207
148;208
148;209
148;210
148;211
148;212
148;213
148;214
148;215
148;216
148;217
148;218
148;219
148;220
148;221
148;222
148;223
148;224
148;225
148;226
148;227
148;228
148;229
148;230
148;231
148;232
148;233
148;234
148;235
148;236
148;237
148;238
148;239
148;240
148;241
148;242
148;243
148;244
148;245
148;246
148;247
148;248
148;249
148;250
148;251
148;252
148;253
148;254
148;255
148;256
148;257
148;258
148;259
148;260
148;261
148;262
148;263
148;264
148;265
148;266
148;267
148;268
148;269
148;270
148;271
148;272
148;273
148;274
148;275
148;276
148;277
148;278
148;279
148;280
148;281
148;282
148;283
148;284
148;285
148;286
148;287
148;288
148;289
148;290
148;291
148;292
148;293
148;294
148;295
148;296
148;297
148;298
148;299
148;300
148;301
148;302
148;303
148;304
148;305
148;306
148;307
148;308
148;309
148;310
148;311
148;312
148;313
148;314
148;315
148;316
148;317
148;318
148;319
148;320
148;321
148;322
148;323
148;324
148;325
148;326
148;327
148;328
148;329
148;330
148;331
148;332
148;333
148;334
148;335
148;336
148;337
148;338
148;339
148;340
148;341
148;342
148;343
148;344
148;345
148;346
148;347
148;348
148;349
148;350
148;351
148;352
148;353
148;354
148;355
148;356
148;357
148;358
148;359
148;360
148;361
148;362
148;363
148;364
148;365
148;366
148;367
148;368
148;369
148;370
148;371
148;372
148;373
148;374
148;375
148;376
148;377
148;378
148;379
148;380
148;381
148;382
148;383
148;384
148;385
148;386
148;387
148;388
148;389
148;390
148;391
148;392
148;393
148;394
148;395
148;396
148;397
148;398
148;399
148;400
149;190
149;191
149;192
149;193
149;194
149;195
149;196
149;197
149;198
149;199
149;200
149;201
149;202
149;203
149;204
149;205
149;206
149;207
149;208
149;209
149;210
149;211
149;212
149;213
149;214
149;215
149;216
149;217
149;218
149;219
149;220
149;221
149;222
149;223
149;224
149;225
149;226
149;227
149;228
149;229
149;230
149;231
149;232
149;233
149;234
149;235
149;236
149;237
149;238
149;239
149;240
149;241
149;242
149;243
149;244
149;245
149;246
149;247
149;248
149;249
149;250
149;251
149;252
149;253
149;254
149;255
149;256
149;257
149;258
149;259
149;260
149;261
149;262
149;263
149;264
149;265
149;266
149;267
149;268
149;269
149;270
149;271
149;272
149;273
149;274
149;275
149;276
149;277
149;278
149;279
149;280
149;281
149;282
149;283
149;284
149;285
149;286
149;287
149;288
149;289
149;290
149;291
149;292
149;293
149;294
149;295
149;296
149;297
149;298
149;299
149;300
149;301
149;302
149;303
149;304
149;305
149;306
149;307
149;308
149;309
149;310
149;311
149;312
149;313
149;314
149;315
149;316
149;317
149;318
149;319
149;320
149;321
149;322
149;323
149;324
149;325
149;326
149;327
149;328
149;329
149;330
149;331
149;332
149;333
149;334
149;335
149;336
149;337
149;338
149;339
149;340
149;341
149;342
149;343
149;344
149;345
149;346
149;347
149;348
149;349
149;350
149;351
149;352
149;353
149;354
149;355
149;356
149;357
149;358
149;359
149;360
149;361
149;362
149;363
149;364
149;365
149;366
149;367
149;368
149;369
149;370
149;371
149;372
149;373
149;374
149;375
149;376
149;377
149;378
149;379
149;380
149;381
149;382
149;383
149;384
149;385
149;386
149;387
149;388
149;389
149;390
149;391
149;392
149;393
149;394
149;395
149;396
149;397
149;398
149;399
149;400
149;401
150;190
150;191
150;192
150;193
150;194
150;195
150;196
150;197
150;198
150;199
150;200
150;201
150;202
150;203
150;204
150;205
150;206
150;207
150;208
150;209
150;210
150;211
150;212
150;213
150;214
150;215
150;216
150;217
150;218
150;219
150;220
150;221
150;222
150;223
150;224
150;225
150;226
150;227
150;228
150;229
150;230
150;231
150;232
150;233
150;234
150;235
150;236
150;237
150;238
150;239
150;240
150;241
150;242
150;243
150;244
150;245
150;246
150;247
150;248
150;249
150;250
150;251
150;252
150;253
150;254
150;255
150;256
150;257
150;258
150;259
150;260
150;261
150;262
150;263
150;264
150;265
150;266
150;267
150;268
150;269
150;270
150;271
150;272
150;273
150;274
150;275
150;276
150;277
150;278
150;279
150;280
150;281
150;282
150;283
150;284
150;285
150;286
150;287
150;288
150;289
150;290
150;291
150;292
150;293
150;294
150;295
150;296
150;297
150;298
150;299
150;300
150;301
150;302
150;303
150;304
150;305
150;306
150;307
150;308
150;309
150;310
150;311
150;312
150;313
150;314
150;315
150;316
150;317
150;318
150;319
150;320
150;321
150;322
150;323
150;324
150;325
150;326
150;327
150;328
150;329
150;330
150;331
150;332
150;333
150;334
150;335
150;336
150;337
150;338
150;339
150;340
150;341
150;342
150;343
150;344
150;345
150;346
150;347
150;348
150;349
150;350
150;351
150;352
150;353
150;354
150;355
150;356
150;357
150;358
150;359
150;360
150;361
150;362
150;363
150;364
150;365
150;366
150;367
150;368
150;369
150;370
150;371
150;372
150;373
150;374
150;375
150;376
150;377
150;378
150;379
150;380
150;381
150;382
150;383
150;384
150;385
150;386
150;387
150;388
150;389
150;390
150;391
150;392
150;393
150;394
150;395
150;396
150;397
150;398
150;399
150;400
150;401
150;402
151;189
151;190
151;191
151;192
151;193
151;194
151;195
151;196
151;197
151;198
151;199
151;200
151;201
151;202
151;203
151;204
151;205
151;206
151;207
151;208
151;209
151;210
151;211
151;212
151;213
151;214
151;215
151;216
151;217
151;218
151;219
151;220
151;221
151;222
151;223
151;224
151;225
151;226
151;227
151;228
151;229
151;230
151;231
151;232
151;233
151;234
151;235
151;236
151;237
151;238
151;239
151;240
151;241
151;242
151;243
151;244
151;245
151;246
151;247
151;248
151;249
151;250
151;251
151;252
151;253
151;254
151;255
151;256
151;257
151;258
151;259
151;260
151;261
151;262
151;263
151;264
151;265
151;266
151;267
151;268
151;269
151;270
151;271
151;272
151;273
151;274
151;275
151;276
151;277
151;278
151;279
151;280
151;281
151;282
151;283
151;284
151;285
151;286
151;287
151;288
151;289
151;290
151;291
151;292
151;293
151;294
151;295
151;296
151;297
151;298
151;299
151;300
151;301
151;302
151;303
151;304
151;305
151;306
151;307
151;308
151;309
151;310
151;311
151;312
151;313
151;314
151;315
151;316
151;317
151;318
151;319
151;320
151;321
151;322
151;323
151;324
151;325
151;326
151;327
151;328
151;329
151;330
151;331
151;332
151;333
151;334
151;335
151;336
151;337
151;338
151;339
151;340
151;341
151;342
151;343
151;344
151;345
151;346
151;347
151;348
151;349
151;350
151;351
151;352
151;353
151;354
151;355
151;356
151;357
151;358
151;359
151;360
151;361
151;362
151;363
151;364
151;365
151;366
151;367
151;368
151;369
151;370
151;371
151;372
151;373
151;374
151;375
151;376
151;377
151;378
151;379
151;380
151;381
151;382
151;383
151;384
151;385
151;386
151;387
151;388
151;389
151;390
151;391
151;392
151;393
151;394
151;395
151;396
151;397
151;398
151;399
151;400
151;401
151;402
151;403
152;189
152;190
152;191
152;192
152;193
152;194
152;195
152;196
152;197
152;198
152;199
152;200
152;201
152;202
152;203
152;204
152;205
152;206
152;207
152;208
152;209
152;210
152;211
152;212
152;213
152;214
152;215
152;216
152;217
152;218
152;219
152;220
152;221
152;222
152;223
152;224
152;225
152;226
152;227
152;228
152;229
152;230
152;231
152;232
152;233
152;234
152;235
152;236
152;237
152;238
152;239
152;240
152;241
152;242
152;243
152;244
152;245
152;246
152;247
152;248
152;249
152;250
152;251
152;252
152;253
152;254
152;255
152;256
152;257
152;258
152;259
152;260
152;261
152;262
152;263
152;264
152;265
152;266
152;267
152;268
152;269
152;270
152;271
152;272
152;273
152;274
152;275
152;276
152;277
152;278
152;279
152;280
152;281
152;282
152;283
152;284
152;285
152;286
152;287
152;288
152;289
152;290
152;291
152;292
152;293
152;294
152;295
152;296
152;297
152;298
152;299
152;300
152;301
152;302
152;303
152;304
152;305
152;306
152;307
152;308
152;309
152;310
152;311
152;312
152;313
152;314
152;315
152;316
152;317
152;318
152;319
152;320
152;321
152;322
152;323
152;324
152;325
152;326
152;327
152;328
152;329
152;330
152;331
152;332
152;333
152;334
152;335
152;336
152;337
152;338
152;339
152;340
152;341
152;342
152;343
152;344
152;345
152;346
152;347
152;348
152;349
152;350
152;351
152;352
152;353
152;354
152;355
152;356
152;357
152;358
152;359
152;360
152;361
152;362
152;363
152;364
152;365
152;366
152;367
152;368
152;369
152;370
152;371
152;372
152;373
152;374
152;375
152;376
152;377
152;378
152;379
152;380
152;381
152;382
152;383
152;384
152;385
152;386
152;387
152;388
152;389
152;390
152;391
152;392
152;393
152;394
152;395
152;396
152;397
152;398
152;399
152;400
152;401
152;402
152;403
152;404
153;189
153;190
153;191
153;192
153;193
153;194
153;195
153;196
153;197
153;198
153;199
153;200
153;201
153;202
153;203
153;204
153;205
153;206
153;207
153;208
153;209
153;210
153;211
153;212
153;213
153;214
153;215
153;216
153;217
153;218
153;219
153;220
153;221
153;222
153;223
153;224
153;225
153;226
153;227
153;228
153;229
153;230
153;231
153;232
153;233
153;234
153;235
153;236
153;237
153;238
153;239
153;240
153;241
153;242
153;243
153;244
153;245
153;246
153;247
153;248
153;249
153;250
153;251
153;252
153;253
153;254
153;255
153;256
153;257
153;258
153;259
153;260
153;261
153;262
153;263
153;264
153;265
153;266
153;267
153;268
153;269
153;270
153;271
153;272
153;273
153;274
153;275
153;276
153;277
153;278
153;279
153;280
153;281
153;282
153;283
153;284
153;285
153;286
153;287
153;288
153;289
153;290
153;291
153;292
153;293
153;294
153;295
153;296
153;297
153;298
153;299
153;300
153;301
153;302
153;303
153;304
153;305
153;306
153;307
153;308
153;309
153;310
153;311
153;312
153;313
153;314
153;315
153;316
153;317
153;318
153;319
153;320
153;321
153;322
153;323
153;324
153;325
153;326
153;327
153;328
153;329
153;330
153;331
153;332
153;333
153;334
153;335
153;336
153;337
153;338
153;339
153;340
153;341
153;342
153;343
153;344
153;345
153;346
153;347
153;348
153;349
153;350
153;351
153;352
153;353
153;354
153;355
153;356
153;357
153;358
153;359
153;360
153;361
153;362
153;363
153;364
153;365
153;366
153;367
153;368
153;369
153;370
153;371
153;372
153;373
153;374
153;375
153;376
153;377
153;378
153;379
153;380
153;381
153;382
153;383
153;384
153;385
153;386
153;387
153;388
153;389
153;390
153;391
153;392
153;393
153;394
153;395
153;396
153;397
153;398
153;399
153;400
153;401
153;402
153;403
153;404
153;405
154;188
154;189
154;190
154;191
154;192
154;193
154;194
154;195
154;196
154;197
154;198
154;199
154;200
154;201
154;202
154;203
154;204
154;205
154;206
154;207
154;208
154;209
154;210
154;211
154;212
154;213
154;214
154;215
154;216
154;217
154;218
154;219
154;220
154;221
154;222
154;223
154;224
154;225
154;226
154;227
154;228
154;229
154;230
154;231
154;232
154;233
154;234
154;235
154;236
154;237
154;238
154;239
154;240
154;241
154;242
154;243
154;244
154;245
154;246
154;247
154;248
154;249
154;250
154;251
154;252
154;253
154;254
154;255
154;256
154;257
154;258
154;259
154;260
154;261
154;262
154;263
154;264
154;265
154;266
154;267
154;268
154;269
154;270
154;271
154;272
154;273
154;274
154;275
154;276
154;277
154;278
154;279
154;280
154;281
154;282
154;283
154;284
154;285
154;286
154;287
154;288
154;289
154;290
154;291
154;292
154;293
154;294
154;295
154;296
154;297
154;298
154;299
154;300
154;301
154;302
154;303
154;304
154;305
154;306
154;307
154;308
154;309
154;310
154;311
154;312
154;313
154;314
154;315
154;316
154;317
154;318
154;319
154;320
154;321
154;322
154;323
154;324
154;325
154;326
154;327
154;328
154;329
154;330
154;331
154;332
154;333
154;334
154;335
154;336
154;337
154;338
154;339
154;340
154;341
154;342
154;343
154;344
154;345
154;346
154;347
154;348
154;349
154;350
154;351
154;352
154;353
154;354
154;355
154;356
154;357
154;358
154;359
154;360
154;361
154;362
154;363
154;364
154;365
154;366
154;367
154;368
154;369
154;370
154;371
154;372
154;373
154;374
154;375
154;376
154;377
154;378
154;379
154;380
154;381
154;382
154;383
154;384
154;385
154;386
154;387
154;388
154;389
154;390
154;391
154;392
154;393
154;394
154;395
154;396
154;397
154;398
154;399
154;400
154;401
154;402
154;403
154;404
154;405
155;187
155;188
155;189
155;190
155;191
155;192
155;193
155;194
155;195
155;196
155;197
155;198
155;199
155;200
155;201
155;202
155;203
155;204
155;205
155;206
155;207
155;208
155;209
155;210
155;211
155;212
155;213
155;214
155;215
155;216
155;217
155;218
155;219
155;220
155;221
155;222
155;223
155;224
155;225
155;226
155;227
155;228
155;229
155;230
155;231
155;232
155;233
155;234
155;235
155;236
155;237
155;238
155;239
155;240
155;241
155;242
155;243
155;244
155;245
155;246
155;247
155;248
155;249
155;250
155;251
155;252
155;253
155;254
155;255
155;256
155;257
155;258
155;259
155;260
155;261
155;262
155;263
155;264
155;265
155;266
155;267
155;268
155;269
155;270
155;271
155;272
155;273
155;274
155;275
155;276
155;277
155;278
155;279
155;280
155;281
155;282
155;283
155;284
155;285
155;286
155;287
155;288
155;289
155;290
155;291
155;292
155;293
155;294
155;295
155;296
155;297
155;298
155;299
155;300
155;301
155;302
155;303
155;304
155;305
155;306
155;307
155;308
155;309
155;310
155;311
155;312
155;313
155;314
155;315
155;316
155;317
155;318
155;319
155;320
155;321
155;322
155;323
155;324
155;325
155;326
155;327
155;328
155;329
155;330
155;331
155;332
155;333
155;334
155;335
155;336
155;337
155;338
155;339
155;340
155;341
155;342
155;343
155;344
155;345
155;346
155;347
155;348
155;349
155;350
155;351
155;352
155;353
155;354
155;355
155;356
155;357
155;358
155;359
155;360
155;361
155;362
155;363
155;364
155;365
155;366
155;367
155;368
155;369
155;370
155;371
155;372
155;373
155;374
155;375
155;376
155;377
155;378
155;379
155;380
155;381
155;382
155;383
155;384
155;385
155;386
155;387
155;388
155;389
155;390
155;391
155;392
155;393
155;394
155;395
155;396
155;397
155;398
155;399
155;400
155;401
155;402
155;403
155;404
155;405
155;406
155;407
156;187
156;188
156;189
156;190
156;191
156;192
156;193
156;194
156;195
156;196
156;197
156;198
156;199
156;200
156;201
156;202
156;203
156;204
156;205
156;206
156;207
156;208
156;209
156;210
156;211
156;212
156;213
156;214
156;215
156;216
156;217
156;218
156;219
156;220
156;221
156;222
156;223
156;224
156;225
156;226
156;227
156;228
156;229
156;230
156;231
156;232
156;233
156;234
156;235
156;236
156;237
156;238
156;239
156;240
156;241
156;242
156;243
156;244
156;245
156;246
156;247
156;248
156;249
156;250
156;251
156;252
156;253
156;254
156;255
156;256
156;257
156;258
156;259
156;260
156;261
156;262
156;263
156;264
156;265
156;266
156;267
156;268
156;269
156;270
156;271
156;272
156;273
156;274
156;275
156;276
156;277
156;278
156;279
156;280
156;281
156;282
156;283
156;284
156;285
156;286
156;287
156;288
156;289
156;290
156;291
156;292
156;293
156;294
156;295
156;296
156;297
156;298
156;299
156;300
156;301
156;302
156;303
156;304
156;305
156;306
156;307
156;308
156;309
156;310
156;311
156;312
156;313
156;314
156;315
156;316
156;317
156;318
156;319
156;320
156;321
156;322
156;323
156;324
156;325
156;326
156;327
156;328
156;329
156;330
156;331
156;332
156;333
156;334
156;335
156;336
156;337
156;338
156;339
156;340
156;341
156;342
156;343
156;344
156;345
156;346
156;347
156;348
156;349
156;350
156;351
156;352
156;353
156;354
156;355
156;356
156;357
156;358
156;359
156;360
156;361
156;362
156;363
156;364
156;365
156;366
156;367
156;368
156;369
156;370
156;371
156;372
156;373
156;374
156;375
156;376
156;377
156;378
156;379
156;380
156;381
156;382
156;383
156;384
156;385
156;386
156;387
156;388
156;389
156;390
156;391
156;392
156;393
156;394
156;395
156;396
156;397
156;398
156;399
156;400
156;401
156;402
156;403
156;404
156;405
156;406
156;407
157;187
157;188
157;189
157;190
157;191
157;192
157;193
157;194
157;195
157;196
157;197
157;198
157;199
157;200
157;201
157;202
157;203
157;204
157;205
157;206
157;207
157;208
157;209
157;210
157;211
157;212
157;213
157;214
157;215
157;216
157;217
157;218
157;219
157;220
157;221
157;222
157;223
157;224
157;225
157;226
157;227
157;228
157;229
157;230
157;231
157;232
157;233
157;234
157;235
157;236
157;237
157;238
157;239
157;240
157;241
157;242
157;243
157;244
157;245
157;246
157;247
157;248
157;249
157;250
157;251
157;252
157;253
157;254
157;255
157;256
157;257
157;258
157;259
157;260
157;261
157;262
157;263
157;264
157;265
157;266
157;267
157;268
157;269
157;270
157;271
157;272
157;273
157;274
157;275
157;276
157;277
157;278
157;279
157;280
157;281
157;282
157;283
157;284
157;285
157;286
157;287
157;288
157;289
157;290
157;291
157;292
157;293
157;294
157;295
157;296
157;297
157;298
157;299
157;300
157;301
157;302
157;303
157;304
157;305
157;306
157;307
157;308
157;309
157;310
157;311
157;312
157;313
157;314
157;315
157;316
157;317
157;318
157;319
157;320
157;321
157;322
157;323
157;324
157;325
157;326
157;327
157;328
157;329
157;330
157;331
157;332
157;333
157;334
157;335
157;336
157;337
157;338
157;339
157;340
157;341
157;342
157;343
157;344
157;345
157;346
157;347
157;348
157;349
157;350
157;351
157;352
157;353
157;354
157;355
157;356
157;357
157;358
157;359
157;360
157;361
157;362
157;363
157;364
157;365
157;366
157;367
157;368
157;369
157;370
157;371
157;372
157;373
157;374
157;375
157;376
157;377
157;378
157;379
157;380
157;381
157;382
157;383
157;384
157;385
157;386
157;387
157;388
157;389
157;390
157;391
157;392
157;393
157;394
157;395
157;396
157;397
157;398
157;399
157;400
157;401
157;402
157;403
157;404
157;405
157;406
157;407
157;408
157;409
158;186
158;187
158;188
158;189
158;190
158;191
158;192
158;193
158;194
158;195
158;196
158;197
158;198
158;199
158;200
158;201
158;202
158;203
158;204
158;205
158;206
158;207
158;208
158;209
158;210
158;211
158;212
158;213
158;214
158;215
158;216
158;217
158;218
158;219
158;220
158;221
158;222
158;223
158;224
158;225
158;226
158;227
158;228
158;229
158;230
158;231
158;232
158;233
158;234
158;235
158;236
158;237
158;238
158;239
158;240
158;241
158;242
158;243
158;244
158;245
158;246
158;247
158;248
158;249
158;250
158;251
158;252
158;253
158;254
158;255
158;256
158;257
158;258
158;259
158;260
158;261
158;262
158;263
158;264
158;265
158;266
158;267
158;268
158;269
158;270
158;271
158;272
158;273
158;274
158;275
158;276
158;277
158;278
158;279
158;280
158;281
158;282
158;283
158;284
158;285
158;286
158;287
158;288
158;289
158;290
158;291
158;292
158;293
158;294
158;295
158;296
158;297
158;298
158;299
158;300
158;301
158;302
158;303
158;304
158;305
158;306
158;307
158;308
158;309
158;310
158;311
158;312
158;313
158;314
158;315
158;316
158;317
158;318
158;319
158;320
158;321
158;322
158;323
158;324
158;325
158;326
158;327
158;328
158;329
158;330
158;331
158;332
158;333
158;334
158;335
158;336
158;337
158;338
158;339
158;340
158;341
158;342
158;343
158;344
158;345
158;346
158;347
158;348
158;349
158;350
158;351
158;352
158;353
158;354
158;355
158;356
158;357
158;358
158;359
158;360
158;361
158;362
158;363
158;364
158;365
158;366
158;367
158;368
158;369
158;370
158;371
158;372
158;373
158;374
158;375
158;376
158;377
158;378
158;379
158;380
158;381
158;382
158;383
158;384
158;385
158;386
158;387
158;388
158;389
158;390
158;391
158;392
158;393
158;394
158;395
158;396
158;397
158;398
158;399
158;400
158;401
158;402
158;403
158;404
158;405
158;406
158;407
158;408
158;409
159;186
159;187
159;188
159;189
159;190
159;191
159;192
159;193
159;194
159;195
159;196
159;197
159;198
159;199
159;200
159;201
159;202
159;203
159;204
159;205
159;206
159;207
159;208
159;209
159;210
159;211
159;212
159;213
159;214
159;215
159;216
159;217
159;218
159;219
159;220
159;221
159;222
159;223
159;224
159;225
159;226
159;227
159;228
159;229
159;230
159;231
159;232
159;233
159;234
159;235
159;236
159;237
159;238
159;239
159;240
159;241
159;242
159;243
159;244
159;245
159;246
159;247
159;248
159;249
159;250
159;251
159;252
159;253
159;254
159;255
159;256
159;257
159;258
159;259
159;260
159;261
159;262
159;263
159;264
159;265
159;266
159;267
159;268
159;269
159;270
159;271
159;272
159;273
159;274
159;275
159;276
159;277
159;278
159;279
159;280
159;281
159;282
159;283
159;284
159;285
159;286
159;287
159;288
159;289
159;290
159;291
159;292
159;293
159;294
159;295
159;296
159;297
159;298
159;299
159;300
159;301
159;302
159;303
159;304
159;305
159;306
159;307
159;308
159;309
159;310
159;311
159;312
159;313
159;314
159;315
159;316
159;317
159;318
159;319
159;320
159;321
159;322
159;323
159;324
159;325
159;326
159;327
159;328
159;329
159;330
159;331
159;332
159;333
159;334
159;335
159;336
159;337
159;338
159;339
159;340
159;341
159;342
159;343
159;344
159;345
159;346
159;347
159;348
159;349
159;350
159;351
159;352
159;353
159;354
159;355
159;356
159;357
159;358
159;359
159;360
159;361
159;362
159;363
159;364
159;365
159;366
159;367
159;368
159;369
159;370
159;371
159;372
159;373
159;374
159;375
159;376
159;377
159;378
159;379
159;380
159;381
159;382
159;383
159;384
159;385
159;386
159;387
159;388
159;389
159;390
159;391
159;392
159;393
159;394
159;395
159;396
159;397
159;398
159;399
159;400
159;401
159;402
159;403
159;404
159;405
159;406
159;407
159;408
159;409
159;410
160;185
160;186
160;187
160;188
160;189
160;190
160;191
160;192
160;193
160;194
160;195
160;196
160;197
160;198
160;199
160;200
160;201
160;202
160;203
160;204
160;205
160;206
160;207
160;208
160;209
160;210
160;211
160;212
160;213
160;214
160;215
160;216
160;217
160;218
160;219
160;220
160;221
160;222
160;223
160;224
160;225
160;226
160;227
160;228
160;229
160;230
160;231
160;232
160;233
160;234
160;235
160;236
160;237
160;238
160;239
160;240
160;241
160;242
160;243
160;244
160;245
160;246
160;247
160;248
160;249
160;250
160;251
160;252
160;253
160;254
160;255
160;256
160;257
160;258
160;259
160;260
160;261
160;262
160;263
160;264
160;265
160;266
160;267
160;268
160;269
160;270
160;271
160;272
160;273
160;274
160;275
160;276
160;277
160;278
160;279
160;280
160;281
160;282
160;283
160;284
160;285
160;286
160;287
160;288
160;289
160;290
160;291
160;292
160;293
160;294
160;295
160;296
160;297
160;298
160;299
160;300
160;301
160;302
160;303
160;304
160;305
160;306
160;307
160;308
160;309
160;310
160;311
160;312
160;313
160;314
160;315
160;316
160;317
160;318
160;319
160;320
160;321
160;322
160;323
160;324
160;325
160;326
160;327
160;328
160;329
160;330
160;331
160;332
160;333
160;334
160;335
160;336
160;337
160;338
160;339
160;340
160;341
160;342
160;343
160;344
160;345
160;346
160;347
160;348
160;349
160;350
160;351
160;352
160;353
160;354
160;355
160;356
160;357
160;358
160;359
160;360
160;361
160;362
160;363
160;364
160;365
160;366
160;367
160;368
160;369
160;370
160;371
160;372
160;373
160;374
160;375
160;376
160;377
160;378
160;379
160;380
160;381
160;382
160;383
160;384
160;385
160;386
160;387
160;388
160;389
160;390
160;391
160;392
160;393
160;394
160;395
160;396
160;397
160;398
160;399
160;400
160;401
160;402
160;403
160;404
160;405
160;406
160;407
160;408
160;409
160;410
160;411
160;887
161;185
161;186
161;187
161;188
161;189
161;190
161;191
161;192
161;193
161;194
161;195
161;196
161;197
161;198
161;199
161;200
161;201
161;202
161;203
161;204
161;205
161;206
161;207
161;208
161;209
161;210
161;211
161;212
161;213
161;214
161;215
161;216
161;217
161;218
161;219
161;220
161;221
161;222
161;223
161;224
161;225
161;226
161;227
161;228
161;229
161;230
161;231
161;232
161;233
161;234
161;235
161;236
161;237
161;238
161;239
161;240
161;241
161;242
161;243
161;244
161;245
161;246
161;247
161;248
161;249
161;250
161;251
161;252
161;253
161;254
161;255
161;256
161;257
161;258
161;259
161;260
161;261
161;262
161;263
161;264
161;265
161;266
161;267
161;268
161;269
161;270
161;271
161;272
161;273
161;274
161;275
161;276
161;277
161;278
161;279
161;280
161;281
161;282
161;283
161;284
161;285
161;286
161;287
161;288
161;289
161;290
161;291
161;292
161;293
161;294
161;295
161;296
161;297
161;298
161;299
161;300
161;301
161;302
161;303
161;304
161;305
161;306
161;307
161;308
161;309
161;310
161;311
161;312
161;313
161;314
161;315
161;316
161;317
161;318
161;319
161;320
161;321
161;322
161;323
161;324
161;325
161;326
161;327
161;328
161;329
161;330
161;331
161;332
161;333
161;334
161;335
161;336
161;337
161;338
161;339
161;340
161;341
161;342
161;343
161;344
161;345
161;346
161;347
161;348
161;349
161;350
161;351
161;352
161;353
161;354
161;355
161;356
161;357
161;358
161;359
161;360
161;361
161;362
161;363
161;364
161;365
161;366
161;367
161;368
161;369
161;370
161;371
161;372
161;373
161;374
161;375
161;376
161;377
161;378
161;379
161;380
161;381
161;382
161;383
161;384
161;385
161;386
161;387
161;388
161;389
161;390
161;391
161;392
161;393
161;394
161;395
161;396
161;397
161;398
161;399
161;400
161;401
161;402
161;403
161;404
161;405
161;406
161;407
161;408
161;409
161;410
161;411
161;412
161;886
161;887
162;184
162;185
162;186
162;187
162;188
162;189
162;190
162;191
162;192
162;193
162;194
162;195
162;196
162;197
162;198
162;199
162;200
162;201
162;202
162;203
162;204
162;205
162;206
162;207
162;208
162;209
162;210
162;211
162;212
162;213
162;214
162;215
162;216
162;217
162;218
162;219
162;220
162;221
162;222
162;223
162;224
162;225
162;226
162;227
162;228
162;229
162;230
162;231
162;232
162;233
162;234
162;235
162;236
162;237
162;238
162;239
162;240
162;241
162;242
162;243
162;244
162;245
162;246
162;247
162;248
162;249
162;250
162;251
162;252
162;253
162;254
162;255
162;256
162;257
162;258
162;259
162;260
162;261
162;262
162;263
162;264
162;265
162;266
162;267
162;268
162;269
162;270
162;271
162;272
162;273
162;274
162;275
162;276
162;277
162;278
162;279
162;280
162;281
162;282
162;283
162;284
162;285
162;286
162;287
162;288
162;289
162;290
162;291
162;292
162;293
162;294
162;295
162;296
162;297
162;298
162;299
162;300
162;301
162;302
162;303
162;304
162;305
162;306
162;307
162;308
162;309
162;310
162;311
162;312
162;313
162;314
162;315
162;316
162;317
162;318
162;319
162;320
162;321
162;322
162;323
162;324
162;325
162;326
162;327
162;328
162;329
162;330
162;331
162;332
162;333
162;334
162;335
162;336
162;337
162;338
162;339
162;340
162;341
162;342
162;343
162;344
162;345
162;346
162;347
162;348
162;349
162;350
162;351
162;352
162;353
162;354
162;355
162;356
162;357
162;358
162;359
162;360
162;361
162;362
162;363
162;364
162;365
162;366
162;367
162;368
162;369
162;370
162;371
162;372
162;373
162;374
162;375
162;376
162;377
162;378
162;379
162;380
162;381
162;382
162;383
162;384
162;385
162;386
162;387
162;388
162;389
162;390
162;391
162;392
162;393
162;394
162;395
162;396
162;397
162;398
162;399
162;400
162;401
162;402
162;403
162;404
162;405
162;406
162;407
162;408
162;409
162;410
162;411
162;412
162;413
162;885
162;886
162;887
162;888
162;889
163;184
163;185
163;186
163;187
163;188
163;189
163;190
163;191
163;192
163;193
163;194
163;195
163;196
163;197
163;198
163;199
163;200
163;201
163;202
163;203
163;204
163;205
163;206
163;207
163;208
163;209
163;210
163;211
163;212
163;213
163;214
163;215
163;216
163;217
163;218
163;219
163;220
163;221
163;222
163;223
163;224
163;225
163;226
163;227
163;228
163;229
163;230
163;231
163;232
163;233
163;234
163;235
163;236
163;237
163;238
163;239
163;240
163;241
163;242
163;243
163;244
163;245
163;246
163;247
163;248
163;249
163;250
163;251
163;252
163;253
163;254
163;255
163;256
163;257
163;258
163;259
163;260
163;261
163;262
163;263
163;264
163;265
163;266
163;267
163;268
163;269
163;270
163;271
163;272
163;273
163;274
163;275
163;276
163;277
163;278
163;279
163;280
163;281
163;282
163;283
163;284
163;285
163;286
163;287
163;288
163;289
163;290
163;291
163;292
163;293
163;294
163;295
163;296
163;297
163;298
163;299
163;300
163;301
163;302
163;303
163;304
163;305
163;306
163;307
163;308
163;309
163;310
163;311
163;312
163;313
163;314
163;315
163;316
163;317
163;318
163;319
163;320
163;321
163;322
163;323
163;324
163;325
163;326
163;327
163;328
163;329
163;330
163;331
163;332
163;333
163;334
163;335
163;336
163;337
163;338
163;339
163;340
163;341
163;342
163;343
163;344
163;345
163;346
163;347
163;348
163;349
163;350
163;351
163;352
163;353
163;354
163;355
163;356
163;357
163;358
163;359
163;360
163;361
163;362
163;363
163;364
163;365
163;366
163;367
163;368
163;369
163;370
163;371
163;372
163;373
163;374
163;375
163;376
163;377
163;378
163;379
163;380
163;381
163;382
163;383
163;384
163;385
163;386
163;387
163;388
163;389
163;390
163;391
163;392
163;393
163;394
163;395
163;396
163;397
163;398
163;399
163;400
163;401
163;402
163;403
163;404
163;405
163;406
163;407
163;408
163;409
163;410
163;411
163;412
163;413
163;414
163;884
163;885
163;886
163;887
163;888
163;889
163;890
163;891
164;183
164;184
164;185
164;186
164;187
164;188
164;189
164;190
164;191
164;192
164;193
164;194
164;195
164;196
164;197
164;198
164;199
164;200
164;201
164;202
164;203
164;204
164;205
164;206
164;207
164;208
164;209
164;210
164;211
164;212
164;213
164;214
164;215
164;216
164;217
164;218
164;219
164;220
164;221
164;222
164;223
164;224
164;225
164;226
164;227
164;228
164;229
164;230
164;231
164;232
164;233
164;234
164;235
164;236
164;237
164;238
164;239
164;240
164;241
164;242
164;243
164;244
164;245
164;246
164;247
164;248
164;249
164;250
164;251
164;252
164;253
164;254
164;255
164;256
164;257
164;258
164;259
164;260
164;261
164;262
164;263
164;264
164;265
164;266
164;267
164;268
164;269
164;270
164;271
164;272
164;273
164;274
164;275
164;276
164;277
164;278
164;279
164;280
164;281
164;282
164;283
164;284
164;285
164;286
164;287
164;288
164;289
164;290
164;291
164;292
164;293
164;294
164;295
164;296
164;297
164;298
164;299
164;300
164;301
164;302
164;303
164;304
164;305
164;306
164;307
164;308
164;309
164;310
164;311
164;312
164;313
164;314
164;315
164;316
164;317
164;318
164;319
164;320
164;321
164;322
164;323
164;324
164;325
164;326
164;327
164;328
164;329
164;330
164;331
164;332
164;333
164;334
164;335
164;336
164;337
164;338
164;339
164;340
164;341
164;342
164;343
164;344
164;345
164;346
164;347
164;348
164;349
164;350
164;351
164;352
164;353
164;354
164;355
164;356
164;357
164;358
164;359
164;360
164;361
164;362
164;363
164;364
164;365
164;366
164;367
164;368
164;369
164;370
164;371
164;372
164;373
164;374
164;375
164;376
164;377
164;378
164;379
164;380
164;381
164;382
164;383
164;384
164;385
164;386
164;387
164;388
164;389
164;390
164;391
164;392
164;393
164;394
164;395
164;396
164;397
164;398
164;399
164;400
164;401
164;402
164;403
164;404
164;405
164;406
164;407
164;408
164;410
164;883
164;884
164;885
164;886
164;887
164;888
164;889
164;890
164;891
164;892
165;183
165;184
165;185
165;186
165;187
165;188
165;189
165;190
165;191
165;192
165;193
165;194
165;195
165;196
165;197
165;198
165;199
165;200
165;201
165;202
165;203
165;204
165;205
165;206
165;207
165;208
165;209
165;210
165;211
165;212
165;213
165;214
165;215
165;216
165;217
165;218
165;219
165;220
165;221
165;222
165;223
165;224
165;225
165;226
165;227
165;228
165;229
165;230
165;231
165;232
165;233
165;234
165;235
165;236
165;237
165;238
165;239
165;240
165;241
165;242
165;243
165;244
165;245
165;246
165;247
165;248
165;249
165;250
165;251
165;252
165;253
165;254
165;255
165;256
165;257
165;258
165;259
165;260
165;261
165;262
165;263
165;264
165;265
165;266
165;267
165;268
165;269
165;270
165;271
165;272
165;273
165;274
165;275
165;276
165;277
165;278
165;279
165;280
165;281
165;282
165;283
165;284
165;285
165;286
165;287
165;288
165;289
165;290
165;291
165;292
165;293
165;294
165;295
165;296
165;297
165;298
165;299
165;300
165;301
165;302
165;303
165;304
165;305
165;306
165;307
165;308
165;309
165;310
165;311
165;312
165;313
165;314
165;315
165;316
165;317
165;318
165;319
165;320
165;321
165;322
165;323
165;324
165;325
165;326
165;327
165;328
165;329
165;330
165;331
165;332
165;333
165;334
165;335
165;336
165;337
165;338
165;339
165;340
165;341
165;342
165;343
165;344
165;345
165;346
165;347
165;348
165;349
165;350
165;351
165;352
165;353
165;354
165;355
165;356
165;357
165;358
165;359
165;360
165;361
165;362
165;363
165;364
165;365
165;366
165;367
165;368
165;369
165;370
165;371
165;372
165;373
165;374
165;375
165;376
165;377
165;378
165;379
165;380
165;381
165;382
165;383
165;384
165;385
165;386
165;387
165;388
165;389
165;390
165;391
165;392
165;393
165;394
165;395
165;396
165;397
165;398
165;399
165;400
165;402
165;882
165;883
165;884
165;885
165;886
165;887
165;888
165;889
165;890
165;891
165;892
165;893
166;183
166;184
166;185
166;186
166;187
166;188
166;189
166;190
166;191
166;192
166;193
166;194
166;195
166;196
166;197
166;198
166;199
166;200
166;201
166;202
166;203
166;204
166;205
166;206
166;207
166;208
166;209
166;210
166;211
166;212
166;213
166;214
166;215
166;216
166;217
166;218
166;219
166;220
166;221
166;222
166;223
166;224
166;225
166;226
166;227
166;228
166;229
166;230
166;231
166;232
166;233
166;234
166;235
166;236
166;237
166;238
166;239
166;240
166;241
166;242
166;243
166;244
166;245
166;246
166;247
166;248
166;249
166;250
166;251
166;252
166;253
166;254
166;255
166;256
166;257
166;258
166;259
166;260
166;261
166;262
166;263
166;264
166;265
166;266
166;267
166;268
166;269
166;270
166;271
166;272
166;273
166;274
166;275
166;276
166;277
166;278
166;279
166;280
166;281
166;282
166;283
166;284
166;285
166;286
166;287
166;288
166;289
166;290
166;291
166;292
166;293
166;294
166;295
166;296
166;297
166;298
166;299
166;300
166;301
166;302
166;303
166;304
166;305
166;306
166;307
166;308
166;309
166;310
166;311
166;312
166;313
166;314
166;315
166;316
166;317
166;318
166;319
166;320
166;321
166;322
166;323
166;324
166;325
166;326
166;327
166;328
166;329
166;330
166;331
166;332
166;333
166;334
166;335
166;336
166;337
166;338
166;339
166;340
166;341
166;342
166;343
166;344
166;345
166;346
166;347
166;348
166;349
166;350
166;351
166;352
166;353
166;354
166;355
166;356
166;357
166;358
166;359
166;360
166;361
166;362
166;363
166;364
166;365
166;366
166;367
166;368
166;369
166;370
166;371
166;372
166;373
166;374
166;375
166;376
166;377
166;378
166;379
166;380
166;381
166;382
166;383
166;384
166;385
166;386
166;387
166;388
166;389
166;390
166;391
166;392
166;394
166;881
166;882
166;883
166;884
166;885
166;886
166;887
166;888
166;889
166;890
166;891
166;892
166;893
166;894
166;895
167;182
167;183
167;184
167;185
167;186
167;187
167;188
167;189
167;190
167;191
167;192
167;193
167;194
167;195
167;196
167;197
167;198
167;199
167;200
167;201
167;202
167;203
167;204
167;205
167;206
167;207
167;208
167;209
167;210
167;211
167;212
167;213
167;214
167;215
167;216
167;217
167;218
167;219
167;220
167;221
167;222
167;223
167;224
167;225
167;226
167;227
167;228
167;229
167;230
167;231
167;232
167;233
167;234
167;235
167;236
167;237
167;238
167;239
167;240
167;241
167;242
167;243
167;244
167;245
167;246
167;247
167;248
167;249
167;250
167;251
167;252
167;253
167;254
167;255
167;256
167;257
167;258
167;259
167;260
167;261
167;262
167;263
167;264
167;265
167;266
167;267
167;268
167;269
167;270
167;271
167;272
167;273
167;274
167;275
167;276
167;277
167;278
167;279
167;280
167;281
167;282
167;283
167;284
167;285
167;286
167;287
167;288
167;289
167;290
167;291
167;292
167;293
167;294
167;295
167;296
167;297
167;298
167;299
167;300
167;301
167;302
167;303
167;304
167;305
167;306
167;307
167;308
167;309
167;310
167;311
167;312
167;313
167;314
167;315
167;316
167;317
167;318
167;319
167;320
167;321
167;322
167;323
167;324
167;325
167;326
167;327
167;328
167;329
167;330
167;331
167;332
167;333
167;334
167;335
167;336
167;337
167;338
167;339
167;340
167;341
167;342
167;343
167;344
167;345
167;346
167;347
167;348
167;349
167;350
167;351
167;352
167;353
167;354
167;355
167;356
167;357
167;358
167;359
167;360
167;361
167;362
167;363
167;364
167;365
167;366
167;367
167;368
167;369
167;370
167;371
167;372
167;373
167;374
167;375
167;376
167;377
167;378
167;379
167;380
167;381
167;382
167;383
167;384
167;386
167;880
167;881
167;882
167;883
167;884
167;885
167;886
167;887
167;888
167;889
167;890
167;891
167;892
167;893
167;894
167;895
167;896
167;897
168;181
168;182
168;183
168;184
168;185
168;186
168;187
168;188
168;189
168;190
168;191
168;192
168;193
168;194
168;195
168;196
168;197
168;198
168;199
168;200
168;201
168;202
168;203
168;204
168;205
168;206
168;207
168;208
168;209
168;210
168;211
168;212
168;213
168;214
168;215
168;216
168;217
168;218
168;219
168;220
168;221
168;222
168;223
168;224
168;225
168;226
168;227
168;228
168;229
168;230
168;231
168;232
168;233
168;234
168;235
168;236
168;237
168;238
168;239
168;240
168;241
168;242
168;243
168;244
168;245
168;246
168;247
168;248
168;249
168;250
168;251
168;252
168;253
168;254
168;255
168;256
168;257
168;258
168;259
168;260
168;261
168;262
168;263
168;264
168;265
168;266
168;267
168;268
168;269
168;270
168;271
168;272
168;273
168;274
168;275
168;276
168;277
168;278
168;279
168;280
168;281
168;282
168;283
168;284
168;285
168;286
168;287
168;288
168;289
168;290
168;291
168;292
168;293
168;294
168;295
168;296
168;297
168;298
168;299
168;300
168;301
168;302
168;303
168;304
168;305
168;306
168;307
168;308
168;309
168;310
168;311
168;312
168;313
168;314
168;315
168;316
168;317
168;318
168;319
168;320
168;321
168;322
168;323
168;324
168;325
168;326
168;327
168;328
168;329
168;330
168;331
168;332
168;333
168;334
168;335
168;336
168;337
168;338
168;339
168;340
168;341
168;342
168;343
168;344
168;345
168;346
168;347
168;348
168;349
168;350
168;351
168;352
168;353
168;354
168;355
168;356
168;357
168;358
168;359
168;360
168;361
168;362
168;363
168;364
168;365
168;366
168;367
168;368
168;369
168;370
168;371
168;372
168;373
168;374
168;375
168;376
168;378
168;380
168;879
168;880
168;881
168;882
168;883
168;884
168;885
168;886
168;887
168;888
168;889
168;890
168;891
168;892
168;893
168;894
168;895
168;896
168;897
169;181
169;182
169;183
169;184
169;185
169;186
169;187
169;188
169;189
169;190
169;191
169;192
169;193
169;194
169;195
169;196
169;197
169;198
169;199
169;200
169;201
169;202
169;203
169;204
169;205
169;206
169;207
169;208
169;209
169;210
169;211
169;212
169;213
169;214
169;215
169;216
169;217
169;218
169;219
169;220
169;221
169;222
169;223
169;224
169;225
169;226
169;227
169;228
169;229
169;230
169;231
169;232
169;233
169;234
169;235
169;236
169;237
169;238
169;239
169;240
169;241
169;242
169;243
169;244
169;245
169;246
169;247
169;248
169;249
169;250
169;251
169;252
169;253
169;254
169;255
169;256
169;257
169;258
169;259
169;260
169;261
169;262
169;263
169;264
169;265
169;266
169;267
169;268
169;269
169;270
169;271
169;272
169;273
169;274
169;275
169;276
169;277
169;278
169;279
169;280
169;281
169;282
169;283
169;284
169;285
169;286
169;287
169;288
169;289
169;290
169;291
169;292
169;293
169;294
169;295
169;296
169;297
169;298
169;299
169;300
169;301
169;302
169;303
169;304
169;305
169;306
169;307
169;308
169;309
169;310
169;311
169;312
169;313
169;314
169;315
169;316
169;317
169;318
169;319
169;320
169;321
169;322
169;323
169;324
169;325
169;326
169;327
169;328
169;329
169;330
169;331
169;332
169;333
169;334
169;335
169;336
169;337
169;338
169;339
169;340
169;341
169;342
169;343
169;344
169;345
169;346
169;347
169;348
169;349
169;350
169;351
169;352
169;353
169;354
169;355
169;356
169;357
169;358
169;359
169;360
169;361
169;362
169;363
169;364
169;365
169;366
169;367
169;368
169;370
169;372
169;879
169;880
169;881
169;882
169;883
169;884
169;885
169;886
169;887
169;888
169;889
169;890
169;891
169;892
169;893
169;894
169;895
169;896
169;897
169;898
169;899
170;181
170;182
170;183
170;184
170;185
170;186
170;187
170;188
170;189
170;190
170;191
170;192
170;193
170;194
170;195
170;196
170;197
170;198
170;199
170;200
170;201
170;202
170;203
170;204
170;205
170;206
170;207
170;208
170;209
170;210
170;211
170;212
170;213
170;214
170;215
170;216
170;217
170;218
170;219
170;220
170;221
170;222
170;223
170;224
170;225
170;226
170;227
170;228
170;229
170;230
170;231
170;232
170;233
170;234
170;235
170;236
170;237
170;238
170;239
170;240
170;241
170;242
170;243
170;244
170;245
170;246
170;247
170;248
170;249
170;250
170;251
170;252
170;253
170;254
170;255
170;256
170;257
170;258
170;259
170;260
170;261
170;262
170;263
170;264
170;265
170;266
170;267
170;268
170;269
170;270
170;271
170;272
170;273
170;274
170;275
170;276
170;277
170;278
170;279
170;280
170;281
170;282
170;283
170;284
170;285
170;286
170;287
170;288
170;289
170;290
170;291
170;292
170;293
170;294
170;295
170;296
170;297
170;298
170;299
170;300
170;301
170;302
170;303
170;304
170;305
170;306
170;307
170;308
170;309
170;310
170;311
170;312
170;313
170;314
170;315
170;316
170;317
170;318
170;319
170;320
170;321
170;322
170;323
170;324
170;325
170;326
170;327
170;328
170;329
170;330
170;331
170;332
170;333
170;334
170;335
170;336
170;337
170;338
170;339
170;340
170;341
170;342
170;343
170;344
170;345
170;346
170;347
170;348
170;349
170;350
170;351
170;352
170;353
170;354
170;355
170;356
170;357
170;358
170;359
170;360
170;362
170;364
170;877
170;878
170;879
170;880
170;881
170;882
170;883
170;884
170;885
170;886
170;887
170;888
170;889
170;890
170;891
170;892
170;893
170;894
170;895
170;896
170;897
170;898
170;899
170;900
170;901
171;180
171;181
171;182
171;183
171;184
171;185
171;186
171;187
171;188
171;189
171;190
171;191
171;192
171;193
171;194
171;195
171;196
171;197
171;198
171;199
171;200
171;201
171;202
171;203
171;204
171;205
171;206
171;207
171;208
171;209
171;210
171;211
171;212
171;213
171;214
171;215
171;216
171;217
171;218
171;219
171;220
171;221
171;222
171;223
171;224
171;225
171;226
171;227
171;228
171;229
171;230
171;231
171;232
171;233
171;234
171;235
171;236
171;237
171;238
171;239
171;240
171;241
171;242
171;243
171;244
171;245
171;246
171;247
171;248
171;249
171;250
171;251
171;252
171;253
171;254
171;255
171;256
171;257
171;258
171;259
171;260
171;261
171;262
171;263
171;264
171;265
171;266
171;267
171;268
171;269
171;270
171;271
171;272
171;273
171;274
171;275
171;276
171;277
171;278
171;279
171;280
171;281
171;282
171;283
171;284
171;285
171;286
171;287
171;288
171;289
171;290
171;291
171;292
171;293
171;294
171;295
171;296
171;297
171;298
171;299
171;300
171;301
171;302
171;303
171;304
171;305
171;306
171;307
171;308
171;309
171;310
171;311
171;312
171;313
171;314
171;315
171;316
171;317
171;318
171;319
171;320
171;321
171;322
171;323
171;324
171;325
171;326
171;327
171;328
171;329
171;330
171;331
171;332
171;333
171;334
171;335
171;336
171;337
171;338
171;339
171;340
171;341
171;342
171;343
171;344
171;345
171;346
171;347
171;348
171;349
171;350
171;351
171;352
171;354
171;356
171;877
171;878
171;879
171;880
171;881
171;882
171;883
171;884
171;885
171;886
171;887
171;888
171;889
171;890
171;891
171;892
171;893
171;894
171;895
171;896
171;897
171;898
171;899
171;900
171;901
171;902
172;180
172;181
172;182
172;183
172;184
172;185
172;186
172;187
172;188
172;189
172;190
172;191
172;192
172;193
172;194
172;195
172;196
172;197
172;198
172;199
172;200
172;201
172;202
172;203
172;204
172;205
172;206
172;207
172;208
172;209
172;210
172;211
172;212
172;213
172;214
172;215
172;216
172;217
172;218
172;219
172;220
172;221
172;222
172;223
172;224
172;225
172;226
172;227
172;228
172;229
172;230
172;231
172;232
172;233
172;234
172;235
172;236
172;237
172;238
172;239
172;240
172;241
172;242
172;243
172;244
172;245
172;246
172;247
172;248
172;249
172;250
172;251
172;252
172;253
172;254
172;255
172;256
172;257
172;258
172;259
172;260
172;261
172;262
172;263
172;264
172;265
172;266
172;267
172;268
172;269
172;270
172;271
172;272
172;273
172;274
172;275
172;276
172;277
172;278
172;279
172;280
172;281
172;282
172;283
172;284
172;285
172;286
172;287
172;288
172;289
172;290
172;291
172;292
172;293
172;294
172;295
172;296
172;297
172;298
172;299
172;300
172;301
172;302
172;303
172;304
172;305
172;306
172;307
172;308
172;309
172;310
172;311
172;312
172;313
172;314
172;315
172;316
172;317
172;318
172;319
172;320
172;321
172;322
172;323
172;324
172;325
172;326
172;327
172;328
172;329
172;330
172;331
172;332
172;333
172;334
172;335
172;336
172;337
172;338
172;339
172;340
172;341
172;342
172;343
172;344
172;346
172;348
172;875
172;876
172;877
172;878
172;879
172;880
172;881
172;882
172;883
172;884
172;885
172;886
172;887
172;888
172;889
172;890
172;891
172;892
172;893
172;894
172;895
172;896
172;897
172;898
172;899
172;900
172;901
172;902
172;903
173;179
173;180
173;181
173;182
173;183
173;184
173;185
173;186
173;187
173;188
173;189
173;190
173;191
173;192
173;193
173;194
173;195
173;196
173;197
173;198
173;199
173;200
173;201
173;202
173;203
173;204
173;205
173;206
173;207
173;208
173;209
173;210
173;211
173;212
173;213
173;214
173;215
173;216
173;217
173;218
173;219
173;220
173;221
173;222
173;223
173;224
173;225
173;226
173;227
173;228
173;229
173;230
173;231
173;232
173;233
173;234
173;235
173;236
173;237
173;238
173;239
173;240
173;241
173;242
173;243
173;244
173;245
173;246
173;247
173;248
173;249
173;250
173;251
173;252
173;253
173;254
173;255
173;256
173;257
173;258
173;259
173;260
173;261
173;262
173;263
173;264
173;265
173;266
173;267
173;268
173;269
173;270
173;271
173;272
173;273
173;274
173;275
173;276
173;277
173;278
173;279
173;280
173;281
173;282
173;283
173;284
173;285
173;286
173;287
173;288
173;289
173;290
173;291
173;292
173;293
173;294
173;295
173;296
173;297
173;298
173;299
173;300
173;301
173;302
173;303
173;304
173;305
173;306
173;307
173;308
173;309
173;310
173;311
173;312
173;313
173;314
173;315
173;316
173;317
173;318
173;319
173;320
173;321
173;322
173;323
173;324
173;325
173;326
173;327
173;328
173;329
173;330
173;331
173;332
173;333
173;334
173;335
173;336
173;338
173;340
173;875
173;876
173;877
173;878
173;879
173;880
173;881
173;882
173;883
173;884
173;885
173;886
173;887
173;888
173;889
173;890
173;891
173;892
173;893
173;894
173;895
173;896
173;897
173;898
173;899
173;900
173;901
173;902
173;903
173;904
173;905
174;179
174;180
174;181
174;182
174;183
174;184
174;185
174;186
174;187
174;188
174;189
174;190
174;191
174;192
174;193
174;194
174;195
174;196
174;197
174;198
174;199
174;200
174;201
174;202
174;203
174;204
174;205
174;206
174;207
174;208
174;209
174;210
174;211
174;212
174;213
174;214
174;215
174;216
174;217
174;218
174;219
174;220
174;221
174;222
174;223
174;224
174;225
174;226
174;227
174;228
174;229
174;230
174;231
174;232
174;233
174;234
174;235
174;236
174;237
174;238
174;239
174;240
174;241
174;242
174;243
174;244
174;245
174;246
174;247
174;248
174;249
174;250
174;251
174;252
174;253
174;254
174;255
174;256
174;257
174;258
174;259
174;260
174;261
174;262
174;263
174;264
174;265
174;266
174;267
174;268
174;269
174;270
174;271
174;272
174;273
174;274
174;275
174;276
174;277
174;278
174;279
174;280
174;281
174;282
174;283
174;284
174;285
174;286
174;287
174;288
174;289
174;290
174;291
174;292
174;293
174;294
174;295
174;296
174;297
174;298
174;299
174;300
174;301
174;302
174;303
174;304
174;305
174;306
174;307
174;308
174;309
174;310
174;311
174;312
174;313
174;314
174;315
174;316
174;317
174;318
174;319
174;320
174;321
174;322
174;323
174;324
174;325
174;326
174;327
174;328
174;330
174;332
174;873
174;874
174;875
174;876
174;877
174;878
174;879
174;880
174;881
174;882
174;883
174;884
174;885
174;886
174;887
174;888
174;889
174;890
174;891
174;892
174;893
174;894
174;895
174;896
174;897
174;898
174;899
174;900
174;901
174;902
174;903
174;904
174;905
174;906
175;178
175;179
175;180
175;181
175;182
175;183
175;184
175;185
175;186
175;187
175;188
175;189
175;190
175;191
175;192
175;193
175;194
175;195
175;196
175;197
175;198
175;199
175;200
175;201
175;202
175;203
175;204
175;205
175;206
175;207
175;208
175;209
175;210
175;211
175;212
175;213
175;214
175;215
175;216
175;217
175;218
175;219
175;220
175;221
175;222
175;223
175;224
175;225
175;226
175;227
175;228
175;229
175;230
175;231
175;232
175;233
175;234
175;235
175;236
175;237
175;238
175;239
175;240
175;241
175;242
175;243
175;244
175;245
175;246
175;247
175;248
175;249
175;250
175;251
175;252
175;253
175;254
175;255
175;256
175;257
175;258
175;259
175;260
175;261
175;262
175;263
175;264
175;265
175;266
175;267
175;268
175;269
175;270
175;271
175;272
175;273
175;274
175;275
175;276
175;277
175;278
175;279
175;280
175;281
175;282
175;283
175;284
175;285
175;286
175;287
175;288
175;289
175;290
175;291
175;292
175;293
175;294
175;295
175;296
175;297
175;298
175;299
175;300
175;301
175;302
175;303
175;304
175;305
175;306
175;307
175;308
175;309
175;310
175;311
175;312
175;313
175;314
175;315
175;316
175;317
175;318
175;319
175;320
175;322
175;324
175;873
175;874
175;875
175;876
175;877
175;878
175;879
175;880
175;881
175;882
175;883
175;884
175;885
175;886
175;887
175;888
175;889
175;890
175;891
175;892
175;893
175;894
175;895
175;896
175;897
175;898
175;899
175;900
175;901
175;902
175;903
175;904
175;905
175;906
175;907
176;178
176;179
176;180
176;181
176;182
176;183
176;184
176;185
176;186
176;187
176;188
176;189
176;190
176;191
176;192
176;193
176;194
176;195
176;196
176;197
176;198
176;199
176;200
176;201
176;202
176;203
176;204
176;205
176;206
176;207
176;208
176;209
176;210
176;211
176;212
176;213
176;214
176;215
176;216
176;217
176;218
176;219
176;220
176;221
176;222
176;223
176;224
176;225
176;226
176;227
176;228
176;229
176;230
176;231
176;232
176;233
176;234
176;235
176;236
176;237
176;238
176;239
176;240
176;241
176;242
176;243
176;244
176;245
176;246
176;247
176;248
176;249
176;250
176;251
176;252
176;253
176;254
176;255
176;256
176;257
176;258
176;259
176;260
176;261
176;262
176;263
176;264
176;265
176;266
176;267
176;268
176;269
176;270
176;271
176;272
176;273
176;274
176;275
176;276
176;277
176;278
176;279
176;280
176;281
176;282
176;283
176;284
176;285
176;286
176;287
176;288
176;289
176;290
176;291
176;292
176;293
176;294
176;295
176;296
176;297
176;298
176;299
176;300
176;301
176;302
176;303
176;304
176;305
176;306
176;307
176;308
176;309
176;310
176;311
176;312
176;314
176;316
176;871
176;872
176;873
176;874
176;875
176;876
176;877
176;878
176;879
176;880
176;881
176;882
176;883
176;884
176;885
176;886
176;887
176;888
176;889
176;890
176;891
176;892
176;893
176;894
176;895
176;896
176;897
176;898
176;899
176;900
176;901
176;902
176;903
176;904
176;905
176;906
176;907
176;908
176;909
177;177
177;178
177;179
177;180
177;181
177;182
177;183
177;184
177;185
177;186
177;187
177;188
177;189
177;190
177;191
177;192
177;193
177;194
177;195
177;196
177;197
177;198
177;199
177;200
177;201
177;202
177;203
177;204
177;205
177;206
177;207
177;208
177;209
177;210
177;211
177;212
177;213
177;214
177;215
177;216
177;217
177;218
177;219
177;220
177;221
177;222
177;223
177;224
177;225
177;226
177;227
177;228
177;229
177;230
177;231
177;232
177;233
177;234
177;235
177;236
177;237
177;238
177;239
177;240
177;241
177;242
177;243
177;244
177;245
177;246
177;247
177;248
177;249
177;250
177;251
177;252
177;253
177;254
177;255
177;256
177;257
177;258
177;259
177;260
177;261
177;262
177;263
177;264
177;265
177;266
177;267
177;268
177;269
177;270
177;271
177;272
177;273
177;274
177;275
177;276
177;277
177;278
177;279
177;280
177;281
177;282
177;283
177;284
177;285
177;286
177;287
177;288
177;289
177;290
177;291
177;292
177;293
177;294
177;295
177;296
177;297
177;298
177;299
177;300
177;301
177;302
177;303
177;304
177;305
177;306
177;308
177;871
177;872
177;873
177;874
177;875
177;876
177;877
177;878
177;879
177;880
177;881
177;882
177;883
177;884
177;885
177;886
177;887
177;888
177;889
177;890
177;891
177;892
177;893
177;894
177;895
177;896
177;897
177;898
177;899
177;900
177;901
177;902
177;903
177;904
177;905
177;906
177;907
177;908
177;909
177;910
177;911
178;177
178;178
178;179
178;180
178;181
178;182
178;183
178;184
178;185
178;186
178;187
178;188
178;189
178;190
178;191
178;192
178;193
178;194
178;195
178;196
178;197
178;198
178;199
178;200
178;201
178;202
178;203
178;204
178;205
178;206
178;207
178;208
178;209
178;210
178;211
178;212
178;213
178;214
178;215
178;216
178;217
178;218
178;219
178;220
178;221
178;222
178;223
178;224
178;225
178;226
178;227
178;228
178;229
178;230
178;231
178;232
178;233
178;234
178;235
178;236
178;237
178;238
178;239
178;240
178;241
178;242
178;243
178;244
178;245
178;246
178;247
178;248
178;249
178;250
178;251
178;252
178;253
178;254
178;255
178;256
178;257
178;258
178;259
178;260
178;261
178;262
178;263
178;264
178;265
178;266
178;267
178;268
178;269
178;270
178;271
178;272
178;273
178;274
178;275
178;276
178;277
178;278
178;279
178;280
178;281
178;282
178;283
178;284
178;285
178;286
178;287
178;288
178;289
178;290
178;291
178;292
178;293
178;294
178;295
178;296
178;297
178;298
178;300
178;870
178;871
178;872
178;873
178;874
178;875
178;876
178;877
178;878
178;879
178;880
178;881
178;882
178;883
178;884
178;885
178;886
178;887
178;888
178;889
178;890
178;891
178;892
178;893
178;894
178;895
178;896
178;897
178;898
178;899
178;900
178;901
178;902
178;903
178;904
178;905
178;906
178;907
178;908
178;909
178;910
178;911
179;177
179;178
179;179
179;180
179;181
179;182
179;183
179;184
179;185
179;186
179;187
179;188
179;189
179;190
179;191
179;192
179;193
179;194
179;195
179;196
179;197
179;198
179;199
179;200
179;201
179;202
179;203
179;204
179;205
179;206
179;207
179;208
179;209
179;210
179;211
179;212
179;213
179;214
179;215
179;216
179;217
179;218
179;219
179;220
179;221
179;222
179;223
179;224
179;225
179;226
179;227
179;228
179;229
179;230
179;231
179;232
179;233
179;234
179;235
179;236
179;237
179;238
179;239
179;240
179;241
179;242
179;243
179;244
179;245
179;246
179;247
179;248
179;249
179;250
179;251
179;252
179;253
179;254
179;255
179;256
179;257
179;258
179;259
179;260
179;261
179;262
179;263
179;264
179;265
179;266
179;267
179;268
179;269
179;270
179;271
179;272
179;273
179;274
179;275
179;276
179;277
179;278
179;279
179;280
179;281
179;282
179;283
179;284
179;285
179;286
179;287
179;288
179;289
179;290
179;292
179;869
179;870
179;871
179;872
179;873
179;874
179;875
179;876
179;877
179;878
179;879
179;880
179;881
179;882
179;883
179;884
179;885
179;886
179;887
179;888
179;889
179;890
179;891
179;892
179;893
179;894
179;895
179;896
179;897
179;898
179;899
179;900
179;901
179;902
179;903
179;904
179;905
179;906
179;907
179;908
179;909
179;910
179;911
179;912
179;913
180;176
180;177
180;178
180;179
180;180
180;181
180;182
180;183
180;184
180;185
180;186
180;187
180;188
180;189
180;190
180;191
180;192
180;193
180;194
180;195
180;196
180;197
180;198
180;199
180;200
180;201
180;202
180;203
180;204
180;205
180;206
180;207
180;208
180;209
180;210
180;211
180;212
180;213
180;214
180;215
180;216
180;217
180;218
180;219
180;220
180;221
180;222
180;223
180;224
180;225
180;226
180;227
180;228
180;229
180;230
180;231
180;232
180;233
180;234
180;235
180;236
180;237
180;238
180;239
180;240
180;241
180;242
180;243
180;244
180;245
180;246
180;247
180;248
180;249
180;250
180;251
180;252
180;253
180;254
180;255
180;256
180;257
180;258
180;259
180;260
180;261
180;262
180;263
180;264
180;265
180;266
180;267
180;268
180;269
180;270
180;271
180;272
180;273
180;274
180;275
180;276
180;277
180;278
180;279
180;280
180;281
180;282
180;284
180;868
180;869
180;870
180;871
180;872
180;873
180;874
180;875
180;876
180;877
180;878
180;879
180;880
180;881
180;882
180;883
180;884
180;885
180;886
180;887
180;888
180;889
180;890
180;891
180;892
180;893
180;894
180;895
180;896
180;897
180;898
180;899
180;900
180;901
180;902
180;903
180;904
180;905
180;906
180;907
180;908
180;909
180;910
180;911
180;912
180;913
180;914
180;915
181;175
181;176
181;177
181;178
181;179
181;180
181;181
181;182
181;183
181;184
181;185
181;186
181;187
181;188
181;189
181;190
181;191
181;192
181;193
181;194
181;195
181;196
181;197
181;198
181;199
181;200
181;201
181;202
181;203
181;204
181;205
181;206
181;207
181;208
181;209
181;210
181;211
181;212
181;213
181;214
181;215
181;216
181;217
181;218
181;219
181;220
181;221
181;222
181;223
181;224
181;225
181;226
181;227
181;228
181;229
181;230
181;231
181;232
181;233
181;234
181;235
181;236
181;237
181;238
181;239
181;240
181;241
181;242
181;243
181;244
181;245
181;246
181;247
181;248
181;249
181;250
181;251
181;252
181;253
181;254
181;255
181;256
181;257
181;258
181;259
181;260
181;261
181;262
181;263
181;264
181;265
181;266
181;267
181;268
181;269
181;270
181;271
181;272
181;273
181;274
181;276
181;867
181;868
181;869
181;870
181;871
181;872
181;873
181;874
181;875
181;876
181;877
181;878
181;879
181;880
181;881
181;882
181;883
181;884
181;885
181;886
181;887
181;888
181;889
181;890
181;891
181;892
181;893
181;894
181;895
181;896
181;897
181;898
181;899
181;900
181;901
181;902
181;903
181;904
181;905
181;906
181;907
181;908
181;909
181;910
181;911
181;912
181;913
181;914
181;915
181;916
182;175
182;176
182;177
182;178
182;179
182;180
182;181
182;182
182;183
182;184
182;185
182;186
182;187
182;188
182;189
182;190
182;191
182;192
182;193
182;194
182;195
182;196
182;197
182;198
182;199
182;200
182;201
182;202
182;203
182;204
182;205
182;206
182;207
182;208
182;209
182;210
182;211
182;212
182;213
182;214
182;215
182;216
182;217
182;218
182;219
182;220
182;221
182;222
182;223
182;224
182;225
182;226
182;227
182;228
182;229
182;230
182;231
182;232
182;233
182;234
182;235
182;236
182;237
182;238
182;239
182;240
182;241
182;242
182;243
182;244
182;245
182;246
182;247
182;248
182;249
182;250
182;251
182;252
182;253
182;254
182;255
182;256
182;257
182;258
182;259
182;260
182;261
182;262
182;263
182;264
182;265
182;266
182;268
182;866
182;867
182;868
182;869
182;870
182;871
182;872
182;873
182;874
182;875
182;876
182;877
182;878
182;879
182;880
182;881
182;882
182;883
182;884
182;885
182;886
182;887
182;888
182;889
182;890
182;891
182;892
182;893
182;894
182;895
182;896
182;897
182;898
182;899
182;900
182;901
182;902
182;903
182;904
182;905
182;906
182;907
182;908
182;909
182;910
182;911
182;912
182;913
182;914
182;915
182;916
182;917
183;175
183;176
183;177
183;178
183;179
183;180
183;181
183;182
183;183
183;184
183;185
183;186
183;187
183;188
183;189
183;190
183;191
183;192
183;193
183;194
183;195
183;196
183;197
183;198
183;199
183;200
183;201
183;202
183;203
183;204
183;205
183;206
183;207
183;208
183;209
183;210
183;211
183;212
183;213
183;214
183;215
183;216
183;217
183;218
183;219
183;220
183;221
183;222
183;223
183;224
183;225
183;226
183;227
183;228
183;229
183;230
183;231
183;232
183;233
183;234
183;235
183;236
183;237
183;238
183;239
183;240
183;241
183;242
183;243
183;244
183;245
183;246
183;247
183;248
183;249
183;250
183;251
183;252
183;253
183;254
183;255
183;256
183;257
183;258
183;260
183;865
183;866
183;867
183;868
183;869
183;870
183;871
183;872
183;873
183;874
183;875
183;876
183;877
183;878
183;879
183;880
183;881
183;882
183;883
183;884
183;885
183;886
183;887
183;888
183;889
183;890
183;891
183;892
183;893
183;894
183;895
183;896
183;897
183;898
183;899
183;900
183;901
183;902
183;903
183;904
183;905
183;906
183;907
183;908
183;909
183;910
183;911
183;912
183;913
183;914
183;915
183;916
183;917
183;918
183;919
184;174
184;175
184;176
184;177
184;178
184;179
184;180
184;181
184;182
184;183
184;184
184;185
184;186
184;187
184;188
184;189
184;190
184;191
184;192
184;193
184;194
184;195
184;196
184;197
184;198
184;199
184;200
184;201
184;202
184;203
184;204
184;205
184;206
184;207
184;208
184;209
184;210
184;211
184;212
184;213
184;214
184;215
184;216
184;217
184;218
184;219
184;220
184;221
184;222
184;223
184;224
184;225
184;226
184;227
184;228
184;229
184;230
184;231
184;232
184;233
184;234
184;235
184;236
184;237
184;238
184;239
184;240
184;241
184;242
184;243
184;244
184;245
184;246
184;247
184;248
184;249
184;250
184;252
184;864
184;865
184;866
184;867
184;868
184;869
184;870
184;871
184;872
184;873
184;874
184;875
184;876
184;877
184;878
184;879
184;880
184;881
184;882
184;883
184;884
184;885
184;886
184;887
184;888
184;889
184;890
184;891
184;892
184;893
184;894
184;895
184;896
184;897
184;898
184;899
184;900
184;901
184;902
184;903
184;904
184;905
184;906
184;907
184;908
184;909
184;910
184;911
184;912
184;913
184;914
184;915
184;916
184;917
184;918
184;919
184;920
184;921
185;174
185;175
185;176
185;177
185;178
185;179
185;180
185;181
185;182
185;183
185;184
185;185
185;186
185;187
185;188
185;189
185;190
185;191
185;192
185;193
185;194
185;195
185;196
185;197
185;198
185;199
185;200
185;201
185;202
185;203
185;204
185;205
185;206
185;207
185;208
185;209
185;210
185;211
185;212
185;213
185;214
185;215
185;216
185;217
185;218
185;219
185;220
185;221
185;222
185;223
185;224
185;225
185;226
185;227
185;228
185;229
185;230
185;231
185;232
185;233
185;234
185;235
185;236
185;237
185;238
185;239
185;240
185;241
185;242
185;244
185;863
185;864
185;865
185;866
185;867
185;868
185;869
185;870
185;871
185;872
185;873
185;874
185;875
185;876
185;877
185;878
185;879
185;880
185;881
185;882
185;883
185;884
185;885
185;886
185;887
185;888
185;889
185;890
185;891
185;892
185;893
185;894
185;895
185;896
185;897
185;898
185;899
185;900
185;901
185;902
185;903
185;904
185;905
185;906
185;907
185;908
185;909
185;910
185;911
185;912
185;913
185;914
185;915
185;916
185;917
185;918
185;919
185;920
185;921
185;1051
186;173
186;174
186;175
186;176
186;177
186;178
186;179
186;180
186;181
186;182
186;183
186;184
186;185
186;186
186;187
186;188
186;189
186;190
186;191
186;192
186;193
186;194
186;195
186;196
186;197
186;198
186;199
186;200
186;201
186;202
186;203
186;204
186;205
186;206
186;207
186;208
186;209
186;210
186;211
186;212
186;213
186;214
186;215
186;216
186;217
186;218
186;219
186;220
186;221
186;222
186;223
186;224
186;225
186;226
186;227
186;228
186;229
186;230
186;231
186;232
186;233
186;234
186;236
186;238
186;862
186;863
186;864
186;865
186;866
186;867
186;868
186;869
186;870
186;871
186;872
186;873
186;874
186;875
186;876
186;877
186;878
186;879
186;880
186;881
186;882
186;883
186;884
186;885
186;886
186;887
186;888
186;889
186;890
186;891
186;892
186;893
186;894
186;895
186;896
186;897
186;898
186;899
186;900
186;901
186;902
186;903
186;904
186;905
186;906
186;907
186;908
186;909
186;910
186;911
186;912
186;913
186;914
186;915
186;916
186;917
186;918
186;919
186;920
186;921
186;922
186;923
186;1049
186;1050
186;1051
187;173
187;174
187;175
187;176
187;177
187;178
187;179
187;180
187;181
187;182
187;183
187;184
187;185
187;186
187;187
187;188
187;189
187;190
187;191
187;192
187;193
187;194
187;195
187;196
187;197
187;198
187;199
187;200
187;201
187;202
187;203
187;204
187;205
187;206
187;207
187;208
187;209
187;210
187;211
187;212
187;213
187;214
187;215
187;216
187;217
187;218
187;219
187;220
187;221
187;222
187;223
187;224
187;225
187;226
187;228
187;230
187;861
187;862
187;863
187;864
187;865
187;866
187;867
187;868
187;869
187;870
187;871
187;872
187;873
187;874
187;875
187;876
187;877
187;878
187;879
187;880
187;881
187;882
187;883
187;884
187;885
187;886
187;887
187;888
187;889
187;890
187;891
187;892
187;893
187;894
187;895
187;896
187;897
187;898
187;899
187;900
187;901
187;902
187;903
187;904
187;905
187;906
187;907
187;908
187;909
187;910
187;911
187;912
187;913
187;914
187;915
187;916
187;917
187;918
187;919
187;920
187;921
187;922
187;923
187;924
187;925
187;1047
187;1048
187;1049
187;1050
187;1051
188;172
188;173
188;174
188;175
188;176
188;177
188;178
188;179
188;180
188;181
188;182
188;183
188;184
188;185
188;186
188;187
188;188
188;189
188;190
188;191
188;192
188;193
188;194
188;195
188;196
188;197
188;198
188;199
188;200
188;201
188;202
188;203
188;204
188;205
188;206
188;207
188;208
188;209
188;210
188;211
188;212
188;213
188;214
188;215
188;216
188;217
188;218
188;220
188;222
188;861
188;862
188;863
188;864
188;865
188;866
188;867
188;868
188;869
188;870
188;871
188;872
188;873
188;874
188;875
188;876
188;877
188;878
188;879
188;880
188;881
188;882
188;883
188;884
188;885
188;886
188;887
188;888
188;889
188;890
188;891
188;892
188;893
188;894
188;895
188;896
188;897
188;898
188;899
188;900
188;901
188;902
188;903
188;904
188;905
188;906
188;907
188;908
188;909
188;910
188;911
188;912
188;913
188;914
188;915
188;916
188;917
188;918
188;919
188;920
188;921
188;922
188;923
188;924
188;925
188;1045
188;1046
188;1047
188;1048
188;1049
188;1050
188;1051
188;1052
189;172
189;173
189;174
189;175
189;176
189;177
189;178
189;179
189;180
189;181
189;182
189;183
189;184
189;185
189;186
189;187
189;188
189;189
189;190
189;191
189;192
189;193
189;194
189;195
189;196
189;197
189;198
189;199
189;200
189;201
189;202
189;203
189;204
189;205
189;206
189;207
189;208
189;209
189;210
189;212
189;214
189;859
189;860
189;861
189;862
189;863
189;864
189;865
189;866
189;867
189;868
189;869
189;870
189;871
189;872
189;873
189;874
189;875
189;876
189;877
189;878
189;879
189;880
189;881
189;882
189;883
189;884
189;885
189;886
189;887
189;888
189;889
189;890
189;891
189;892
189;893
189;894
189;895
189;896
189;897
189;898
189;899
189;900
189;901
189;902
189;903
189;904
189;905
189;906
189;907
189;908
189;909
189;910
189;911
189;912
189;913
189;914
189;915
189;916
189;917
189;918
189;919
189;920
189;921
189;922
189;923
189;924
189;925
189;926
189;927
189;935
189;937
189;1041
189;1042
189;1043
189;1044
189;1045
189;1046
189;1047
189;1048
189;1049
189;1050
189;1051
189;1052
189;1053
190;171
190;172
190;173
190;174
190;175
190;176
190;177
190;178
190;179
190;180
190;181
190;182
190;183
190;184
190;185
190;186
190;187
190;188
190;189
190;190
190;191
190;192
190;193
190;194
190;195
190;196
190;197
190;198
190;199
190;200
190;201
190;202
190;204
190;206
190;859
190;860
190;861
190;862
190;863
190;864
190;865
190;866
190;867
190;868
190;869
190;870
190;871
190;872
190;873
190;874
190;875
190;876
190;877
190;878
190;879
190;880
190;881
190;882
190;883
190;884
190;885
190;886
190;887
190;888
190;889
190;890
190;891
190;892
190;893
190;894
190;895
190;896
190;897
190;898
190;899
190;900
190;901
190;902
190;903
190;904
190;905
190;906
190;907
190;908
190;909
190;910
190;911
190;912
190;913
190;914
190;915
190;916
190;917
190;918
190;919
190;920
190;921
190;922
190;923
190;924
190;925
190;926
190;927
190;928
190;929
190;935
190;936
190;937
190;938
190;939
190;940
190;941
190;942
190;943
190;944
190;945
190;947
190;949
190;1039
190;1040
190;1041
190;1042
190;1043
190;1044
190;1045
190;1046
190;1047
190;1048
190;1049
190;1050
190;1051
190;1052
190;1053
191;171
191;172
191;173
191;174
191;175
191;176
191;177
191;178
191;179
191;180
191;181
191;182
191;183
191;184
191;185
191;186
191;187
191;188
191;189
191;190
191;191
191;192
191;193
191;194
191;196
191;198
191;857
191;858
191;859
191;860
191;861
191;862
191;863
191;864
191;865
191;866
191;867
191;868
191;869
191;870
191;871
191;872
191;873
191;874
191;875
191;876
191;877
191;878
191;879
191;880
191;881
191;882
191;883
191;884
191;885
191;886
191;887
191;888
191;889
191;890
191;891
191;892
191;893
191;894
191;895
191;896
191;897
191;898
191;899
191;900
191;901
191;902
191;903
191;904
191;905
191;906
191;907
191;908
191;909
191;910
191;911
191;912
191;913
191;914
191;915
191;916
191;917
191;918
191;919
191;920
191;921
191;922
191;923
191;924
191;925
191;926
191;927
191;928
191;929
191;930
191;935
191;936
191;937
191;938
191;939
191;940
191;941
191;942
191;943
191;944
191;945
191;946
191;947
191;948
191;949
191;950
191;951
191;952
191;953
191;954
191;955
191;957
191;959
191;961
191;1037
191;1038
191;1039
191;1040
191;1041
191;1042
191;1043
191;1044
191;1045
191;1046
191;1047
191;1048
191;1049
191;1050
191;1051
191;1052
191;1053
192;171
192;172
192;173
192;174
192;175
192;176
192;177
192;178
192;179
192;180
192;181
192;182
192;183
192;184
192;185
192;186
192;188
192;190
192;857
192;858
192;859
192;860
192;861
192;862
192;863
192;864
192;865
192;866
192;867
192;868
192;869
192;870
192;871
192;872
192;873
192;874
192;875
192;876
192;877
192;878
192;879
192;880
192;881
192;882
192;883
192;884
192;885
192;886
192;887
192;888
192;889
192;890
192;891
192;892
192;893
192;894
192;895
192;896
192;897
192;898
192;899
192;900
192;901
192;902
192;903
192;904
192;905
192;906
192;907
192;908
192;909
192;910
192;911
192;912
192;913
192;914
192;915
192;916
192;917
192;918
192;919
192;920
192;921
192;922
192;923
192;924
192;925
192;926
192;927
192;928
192;929
192;930
192;931
192;935
192;936
192;937
192;938
192;939
192;940
192;941
192;942
192;943
192;944
192;945
192;946
192;947
192;948
192;949
192;950
192;951
192;952
192;953
192;954
192;955
192;956
192;957
192;958
192;959
192;960
192;961
192;962
192;963
192;964
192;965
192;966
192;967
192;969
192;971
192;1035
192;1036
192;1037
192;1038
192;1039
192;1040
192;1041
192;1042
192;1043
192;1044
192;1045
192;1046
192;1047
192;1048
192;1049
192;1050
192;1051
192;1052
192;1053
192;1054
193;170
193;171
193;172
193;173
193;174
193;175
193;176
193;177
193;178
193;180
193;182
193;855
193;856
193;857
193;858
193;859
193;860
193;861
193;862
193;863
193;864
193;865
193;866
193;867
193;868
193;869
193;870
193;871
193;872
193;873
193;874
193;875
193;876
193;877
193;878
193;879
193;880
193;881
193;882
193;883
193;884
193;885
193;886
193;887
193;888
193;889
193;890
193;891
193;892
193;893
193;894
193;895
193;896
193;897
193;898
193;899
193;900
193;901
193;902
193;903
193;904
193;905
193;906
193;907
193;908
193;909
193;910
193;911
193;912
193;913
193;914
193;915
193;916
193;917
193;918
193;919
193;920
193;921
193;922
193;923
193;924
193;925
193;926
193;927
193;928
193;929
193;930
193;931
193;932
193;933
193;934
193;935
193;936
193;937
193;938
193;939
193;940
193;941
193;942
193;943
193;944
193;945
193;946
193;947
193;948
193;949
193;950
193;951
193;952
193;953
193;954
193;955
193;956
193;957
193;958
193;959
193;960
193;961
193;962
193;963
193;964
193;965
193;966
193;967
193;968
193;969
193;970
193;971
193;972
193;973
193;974
193;975
193;976
193;977
193;978
193;979
193;981
193;983
193;1031
193;1032
193;1033
193;1034
193;1035
193;1036
193;1037
193;1038
193;1039
193;1040
193;1041
193;1042
193;1043
193;1044
193;1045
193;1046
193;1047
193;1048
193;1049
193;1050
193;1051
193;1052
193;1053
193;1054
193;1055
194;169
194;170
194;172
194;174
194;855
194;856
194;857
194;858
194;859
194;860
194;861
194;862
194;863
194;864
194;865
194;866
194;867
194;868
194;869
194;870
194;871
194;872
194;873
194;874
194;875
194;876
194;877
194;878
194;879
194;880
194;881
194;882
194;883
194;884
194;885
194;886
194;887
194;888
194;889
194;890
194;891
194;892
194;893
194;894
194;895
194;896
194;897
194;898
194;899
194;900
194;901
194;902
194;903
194;904
194;905
194;906
194;907
194;908
194;909
194;910
194;911
194;912
194;913
194;914
194;915
194;916
194;917
194;918
194;919
194;920
194;921
194;922
194;923
194;924
194;925
194;926
194;927
194;928
194;929
194;930
194;931
194;932
194;933
194;934
194;935
194;936
194;937
194;938
194;939
194;940
194;941
194;942
194;943
194;944
194;945
194;946
194;947
194;948
194;949
194;950
194;951
194;952
194;953
194;954
194;955
194;956
194;957
194;958
194;959
194;960
194;961
194;962
194;963
194;964
194;965
194;966
194;967
194;968
194;969
194;970
194;971
194;972
194;973
194;974
194;975
194;976
194;977
194;978
194;979
194;980
194;981
194;982
194;983
194;984
194;985
194;986
194;987
194;988
194;989
194;991
194;993
194;995
194;1029
194;1030
194;1031
194;1032
194;1033
194;1034
194;1035
194;1036
194;1037
194;1038
194;1039
194;1040
194;1041
194;1042
194;1043
194;1044
194;1045
194;1046
194;1047
194;1048
194;1049
194;1050
194;1051
194;1052
194;1053
194;1054
194;1055
195;853
195;854
195;855
195;856
195;857
195;858
195;859
195;860
195;861
195;862
195;863
195;864
195;865
195;866
195;867
195;868
195;869
195;870
195;871
195;872
195;873
195;874
195;875
195;876
195;877
195;878
195;879
195;880
195;881
195;882
195;883
195;884
195;885
195;886
195;887
195;888
195;889
195;890
195;891
195;892
195;893
195;894
195;895
195;896
195;897
195;898
195;899
195;900
195;901
195;902
195;903
195;904
195;905
195;906
195;907
195;908
195;909
195;910
195;911
195;912
195;913
195;914
195;915
195;916
195;917
195;918
195;919
195;920
195;921
195;922
195;923
195;924
195;925
195;926
195;927
195;928
195;929
195;930
195;931
195;932
195;933
195;934
195;935
195;936
195;937
195;938
195;939
195;940
195;941
195;942
195;943
195;944
195;945
195;946
195;947
195;948
195;949
195;950
195;951
195;952
195;953
195;954
195;955
195;956
195;957
195;958
195;959
195;960
195;961
195;962
195;963
195;964
195;965
195;966
195;967
195;968
195;969
195;970
195;971
195;972
195;973
195;974
195;975
195;976
195;977
195;978
195;979
195;980
195;981
195;982
195;983
195;984
195;985
195;986
195;987
195;988
195;989
195;990
195;991
195;992
195;993
195;994
195;995
195;996
195;997
195;998
195;999
195;1000
195;1001
195;1003
195;1005
195;1027
195;1028
195;1029
195;1030
195;1031
195;1032
195;1033
195;1034
195;1035
195;1036
195;1037
195;1038
195;1039
195;1040
195;1041
195;1042
195;1043
195;1044
195;1045
195;1046
195;1047
195;1048
195;1049
195;1050
195;1051
195;1052
195;1053
195;1054
195;1055
195;1056
196;853
196;854
196;855
196;856
196;857
196;858
196;859
196;860
196;861
196;862
196;863
196;864
196;865
196;866
196;867
196;868
196;869
196;870
196;871
196;872
196;873
196;874
196;875
196;876
196;877
196;878
196;879
196;880
196;881
196;882
196;883
196;884
196;885
196;886
196;887
196;888
196;889
196;890
196;891
196;892
196;893
196;894
196;895
196;896
196;897
196;898
196;899
196;900
196;901
196;902
196;903
196;904
196;905
196;906
196;907
196;908
196;909
196;910
196;911
196;912
196;913
196;914
196;915
196;916
196;917
196;918
196;919
196;920
196;921
196;922
196;923
196;924
196;925
196;926
196;927
196;928
196;929
196;930
196;931
196;932
196;933
196;934
196;935
196;936
196;937
196;938
196;939
196;940
196;941
196;942
196;943
196;944
196;945
196;946
196;947
196;948
196;949
196;950
196;951
196;952
196;953
196;954
196;955
196;956
196;957
196;958
196;959
196;960
196;961
196;962
196;963
196;964
196;965
196;966
196;967
196;968
196;969
196;970
196;971
196;972
196;973
196;974
196;975
196;976
196;977
196;978
196;979
196;980
196;981
196;982
196;983
196;984
196;985
196;986
196;987
196;988
196;989
196;990
196;991
196;992
196;993
196;994
196;995
196;996
196;997
196;998
196;999
196;1000
196;1001
196;1002
196;1003
196;1004
196;1005
196;1006
196;1007
196;1008
196;1009
196;1010
196;1011
196;1012
196;1013
196;1015
196;1017
196;1025
196;1026
196;1027
196;1028
196;1029
196;1030
196;1031
196;1032
196;1033
196;1034
196;1035
196;1036
196;1037
196;1038
196;1039
196;1040
196;1041
196;1042
196;1043
196;1044
196;1045
196;1046
196;1047
196;1048
196;1049
196;1050
196;1051
196;1052
196;1053
196;1054
196;1055
196;1056
197;852
197;853
197;854
197;855
197;856
197;857
197;858
197;859
197;860
197;861
197;862
197;863
197;864
197;865
197;866
197;867
197;868
197;869
197;870
197;871
197;872
197;873
197;874
197;875
197;876
197;877
197;878
197;879
197;880
197;881
197;882
197;883
197;884
197;885
197;886
197;887
197;888
197;889
197;890
197;891
197;892
197;893
197;894
197;895
197;896
197;897
197;898
197;899
197;900
197;901
197;902
197;903
197;904
197;905
197;906
197;907
197;908
197;909
197;910
197;911
197;912
197;913
197;914
197;915
197;916
197;917
197;918
197;919
197;920
197;921
197;922
197;923
197;924
197;925
197;926
197;927
197;928
197;929
197;930
197;931
197;932
197;933
197;934
197;935
197;936
197;937
197;938
197;939
197;940
197;941
197;942
197;943
197;944
197;945
197;946
197;947
197;948
197;949
197;950
197;951
197;952
197;953
197;954
197;955
197;956
197;957
197;958
197;959
197;960
197;961
197;962
197;963
197;964
197;965
197;966
197;967
197;968
197;969
197;970
197;971
197;972
197;973
197;974
197;975
197;976
197;977
197;978
197;979
197;980
197;981
197;982
197;983
197;984
197;985
197;986
197;987
197;988
197;989
197;990
197;991
197;992
197;993
197;994
197;995
197;996
197;997
197;998
197;999
197;1000
197;1001
197;1002
197;1003
197;1004
197;1005
197;1006
197;1007
197;1008
197;1009
197;1010
197;1011
197;1012
197;1013
197;1014
197;1015
197;1016
197;1017
197;1018
197;1019
197;1020
197;1021
197;1022
197;1023
197;1024
197;1025
197;1026
197;1027
197;1028
197;1029
197;1030
197;1031
197;1032
197;1033
197;1034
197;1035
197;1036
197;1037
197;1038
197;1039
197;1040
197;1041
197;1042
197;1043
197;1044
197;1045
197;1046
197;1047
197;1048
197;1049
197;1050
197;1051
197;1052
197;1053
197;1054
197;1055
197;1056
197;1057
198;851
198;852
198;853
198;854
198;855
198;856
198;857
198;858
198;859
198;860
198;861
198;862
198;863
198;864
198;865
198;866
198;867
198;868
198;869
198;870
198;871
198;872
198;873
198;874
198;875
198;876
198;877
198;878
198;879
198;880
198;881
198;882
198;883
198;884
198;885
198;886
198;887
198;888
198;889
198;890
198;891
198;892
198;893
198;894
198;895
198;896
198;897
198;898
198;899
198;900
198;901
198;902
198;903
198;904
198;905
198;906
198;907
198;908
198;909
198;910
198;911
198;912
198;913
198;914
198;915
198;916
198;917
198;918
198;919
198;920
198;921
198;922
198;923
198;924
198;925
198;926
198;927
198;928
198;929
198;930
198;931
198;932
198;933
198;934
198;935
198;936
198;937
198;938
198;939
198;940
198;941
198;942
198;943
198;944
198;945
198;946
198;947
198;948
198;949
198;950
198;951
198;952
198;953
198;954
198;955
198;956
198;957
198;958
198;959
198;960
198;961
198;962
198;963
198;964
198;965
198;966
198;967
198;968
198;969
198;970
198;971
198;972
198;973
198;974
198;975
198;976
198;977
198;978
198;979
198;980
198;981
198;982
198;983
198;984
198;985
198;986
198;987
198;988
198;989
198;990
198;991
198;992
198;993
198;994
198;995
198;996
198;997
198;998
198;999
198;1000
198;1001
198;1002
198;1003
198;1004
198;1005
198;1006
198;1007
198;1008
198;1009
198;1010
198;1011
198;1012
198;1013
198;1014
198;1015
198;1016
198;1017
198;1018
198;1019
198;1020
198;1021
198;1022
198;1023
198;1024
198;1025
198;1026
198;1027
198;1028
198;1029
198;1030
198;1031
198;1032
198;1033
198;1034
198;1035
198;1036
198;1037
198;1038
198;1039
198;1040
198;1041
198;1042
198;1043
198;1044
198;1045
198;1046
198;1047
198;1048
198;1049
198;1050
198;1051
198;1052
198;1053
198;1054
198;1055
198;1056
198;1057
199;850
199;851
199;852
199;853
199;854
199;855
199;856
199;857
199;858
199;859
199;860
199;861
199;862
199;863
199;864
199;865
199;866
199;867
199;868
199;869
199;870
199;871
199;872
199;873
199;874
199;875
199;876
199;877
199;878
199;879
199;880
199;881
199;882
199;883
199;884
199;885
199;886
199;887
199;888
199;889
199;890
199;891
199;892
199;893
199;894
199;895
199;896
199;897
199;898
199;899
199;900
199;901
199;902
199;903
199;904
199;905
199;906
199;907
199;908
199;909
199;910
199;911
199;912
199;913
199;914
199;915
199;916
199;917
199;918
199;919
199;920
199;921
199;922
199;923
199;924
199;925
199;926
199;927
199;928
199;929
199;930
199;931
199;932
199;933
199;934
199;935
199;936
199;937
199;938
199;939
199;940
199;941
199;942
199;943
199;944
199;945
199;946
199;947
199;948
199;949
199;950
199;951
199;952
199;953
199;954
199;955
199;956
199;957
199;958
199;959
199;960
199;961
199;962
199;963
199;964
199;965
199;966
199;967
199;968
199;969
199;970
199;971
199;972
199;973
199;974
199;975
199;976
199;977
199;978
199;979
199;980
199;981
199;982
199;983
199;984
199;985
199;986
199;987
199;988
199;989
199;990
199;991
199;992
199;993
199;994
199;995
199;996
199;997
199;998
199;999
199;1000
199;1001
199;1002
199;1003
199;1004
199;1005
199;1006
199;1007
199;1008
199;1009
199;1010
199;1011
199;1012
199;1013
199;1014
199;1015
199;1016
199;1017
199;1018
199;1019
199;1020
199;1021
199;1022
199;1023
199;1024
199;1025
199;1026
199;1027
199;1028
199;1029
199;1030
199;1031
199;1032
199;1033
199;1034
199;1035
199;1036
199;1037
199;1038
199;1039
199;1040
199;1041
199;1042
199;1043
199;1044
199;1045
199;1046
199;1047
199;1048
199;1049
199;1050
199;1051
199;1052
199;1053
199;1054
199;1055
199;1056
199;1057
199;1058
200;849
200;850
200;851
200;852
200;853
200;854
200;855
200;856
200;857
200;858
200;859
200;860
200;861
200;862
200;863
200;864
200;865
200;866
200;867
200;868
200;869
200;870
200;871
200;872
200;873
200;874
200;875
200;876
200;877
200;878
200;879
200;880
200;881
200;882
200;883
200;884
200;885
200;886
200;887
200;888
200;889
200;890
200;891
200;892
200;893
200;894
200;895
200;896
200;897
200;898
200;899
200;900
200;901
200;902
200;903
200;904
200;905
200;906
200;907
200;908
200;909
200;910
200;911
200;912
200;913
200;914
200;915
200;916
200;917
200;918
200;919
200;920
200;921
200;922
200;923
200;924
200;925
200;926
200;927
200;928
200;929
200;930
200;931
200;932
200;933
200;934
200;935
200;936
200;937
200;938
200;939
200;940
200;941
200;942
200;943
200;944
200;945
200;946
200;947
200;948
200;949
200;950
200;951
200;952
200;953
200;954
200;955
200;956
200;957
200;958
200;959
200;960
200;961
200;962
200;963
200;964
200;965
200;966
200;967
200;968
200;969
200;970
200;971
200;972
200;973
200;974
200;975
200;976
200;977
200;978
200;979
200;980
200;981
200;982
200;983
200;984
200;985
200;986
200;987
200;988
200;989
200;990
200;991
200;992
200;993
200;994
200;995
200;996
200;997
200;998
200;999
200;1000
200;1001
200;1002
200;1003
200;1004
200;1005
200;1006
200;1007
200;1008
200;1009
200;1010
200;1011
200;1012
200;1013
200;1014
200;1015
200;1016
200;1017
200;1018
200;1019
200;1020
200;1021
200;1022
200;1023
200;1024
200;1025
200;1026
200;1027
200;1028
200;1029
200;1030
200;1031
200;1032
200;1033
200;1034
200;1035
200;1036
200;1037
200;1038
200;1039
200;1040
200;1041
200;1042
200;1043
200;1044
200;1045
200;1046
200;1047
200;1048
200;1049
200;1050
200;1051
200;1052
200;1053
200;1054
200;1055
200;1056
200;1057
200;1058
200;1059
201;848
201;849
201;850
201;851
201;852
201;853
201;854
201;855
201;856
201;857
201;858
201;859
201;860
201;861
201;862
201;863
201;864
201;865
201;866
201;867
201;868
201;869
201;870
201;871
201;872
201;873
201;874
201;875
201;876
201;877
201;878
201;879
201;880
201;881
201;882
201;883
201;884
201;885
201;886
201;887
201;888
201;889
201;890
201;891
201;892
201;893
201;894
201;895
201;896
201;897
201;898
201;899
201;900
201;901
201;902
201;903
201;904
201;905
201;906
201;907
201;908
201;909
201;910
201;911
201;912
201;913
201;914
201;915
201;916
201;917
201;918
201;919
201;920
201;921
201;922
201;923
201;924
201;925
201;926
201;927
201;928
201;929
201;930
201;931
201;932
201;933
201;934
201;935
201;936
201;937
201;938
201;939
201;940
201;941
201;942
201;943
201;944
201;945
201;946
201;947
201;948
201;949
201;950
201;951
201;952
201;953
201;954
201;955
201;956
201;957
201;958
201;959
201;960
201;961
201;962
201;963
201;964
201;965
201;966
201;967
201;968
201;969
201;970
201;971
201;972
201;973
201;974
201;975
201;976
201;977
201;978
201;979
201;980
201;981
201;982
201;983
201;984
201;985
201;986
201;987
201;988
201;989
201;990
201;991
201;992
201;993
201;994
201;995
201;996
201;997
201;998
201;999
201;1000
201;1001
201;1002
201;1003
201;1004
201;1005
201;1006
201;1007
201;1008
201;1009
201;1010
201;1011
201;1012
201;1013
201;1014
201;1015
201;1016
201;1017
201;1018
201;1019
201;1020
201;1021
201;1022
201;1023
201;1024
201;1025
201;1026
201;1027
201;1028
201;1029
201;1030
201;1031
201;1032
201;1033
201;1034
201;1035
201;1036
201;1037
201;1038
201;1039
201;1040
201;1041
201;1042
201;1043
201;1044
201;1045
201;1046
201;1047
201;1048
201;1049
201;1050
201;1051
201;1052
201;1053
201;1054
201;1055
201;1056
201;1057
201;1058
201;1059
202;847
202;848
202;849
202;850
202;851
202;852
202;853
202;854
202;855
202;856
202;857
202;858
202;859
202;860
202;861
202;862
202;863
202;864
202;865
202;866
202;867
202;868
202;869
202;870
202;871
202;872
202;873
202;874
202;875
202;876
202;877
202;878
202;879
202;880
202;881
202;882
202;883
202;884
202;885
202;886
202;887
202;888
202;889
202;890
202;891
202;892
202;893
202;894
202;895
202;896
202;897
202;898
202;899
202;900
202;901
202;902
202;903
202;904
202;905
202;906
202;907
202;908
202;909
202;910
202;911
202;912
202;913
202;914
202;915
202;916
202;917
202;918
202;919
202;920
202;921
202;922
202;923
202;924
202;925
202;926
202;927
202;928
202;929
202;930
202;931
202;932
202;933
202;934
202;935
202;936
202;937
202;938
202;939
202;940
202;941
202;942
202;943
202;944
202;945
202;946
202;947
202;948
202;949
202;950
202;951
202;952
202;953
202;954
202;955
202;956
202;957
202;958
202;959
202;960
202;961
202;962
202;963
202;964
202;965
202;966
202;967
202;968
202;969
202;970
202;971
202;972
202;973
202;974
202;975
202;976
202;977
202;978
202;979
202;980
202;981
202;982
202;983
202;984
202;985
202;986
202;987
202;988
202;989
202;990
202;991
202;992
202;993
202;994
202;995
202;996
202;997
202;998
202;999
202;1000
202;1001
202;1002
202;1003
202;1004
202;1005
202;1006
202;1007
202;1008
202;1009
202;1010
202;1011
202;1012
202;1013
202;1014
202;1015
202;1016
202;1017
202;1018
202;1019
202;1020
202;1021
202;1022
202;1023
202;1024
202;1025
202;1026
202;1027
202;1028
202;1029
202;1030
202;1031
202;1032
202;1033
202;1034
202;1035
202;1036
202;1037
202;1038
202;1039
202;1040
202;1041
202;1042
202;1043
202;1044
202;1045
202;1046
202;1047
202;1048
202;1049
202;1050
202;1051
202;1052
202;1053
202;1054
202;1055
202;1056
202;1057
202;1058
202;1059
203;846
203;847
203;848
203;849
203;850
203;851
203;852
203;853
203;854
203;855
203;856
203;857
203;858
203;859
203;860
203;861
203;862
203;863
203;864
203;865
203;866
203;867
203;868
203;869
203;870
203;871
203;872
203;873
203;874
203;875
203;876
203;877
203;878
203;879
203;880
203;881
203;882
203;883
203;884
203;885
203;886
203;887
203;888
203;889
203;890
203;891
203;892
203;893
203;894
203;895
203;896
203;897
203;898
203;899
203;900
203;901
203;902
203;903
203;904
203;905
203;906
203;907
203;908
203;909
203;910
203;911
203;912
203;913
203;914
203;915
203;916
203;917
203;918
203;919
203;920
203;921
203;922
203;923
203;924
203;925
203;926
203;927
203;928
203;929
203;930
203;931
203;932
203;933
203;934
203;935
203;936
203;937
203;938
203;939
203;940
203;941
203;942
203;943
203;944
203;945
203;946
203;947
203;948
203;949
203;950
203;951
203;952
203;953
203;954
203;955
203;956
203;957
203;958
203;959
203;960
203;961
203;962
203;963
203;964
203;965
203;966
203;967
203;968
203;969
203;970
203;971
203;972
203;973
203;974
203;975
203;976
203;977
203;978
203;979
203;980
203;981
203;982
203;983
203;984
203;985
203;986
203;987
203;988
203;989
203;990
203;991
203;992
203;993
203;994
203;995
203;996
203;997
203;998
203;999
203;1000
203;1001
203;1002
203;1003
203;1004
203;1005
203;1006
203;1007
203;1008
203;1009
203;1010
203;1011
203;1012
203;1013
203;1014
203;1015
203;1016
203;1017
203;1018
203;1019
203;1020
203;1021
203;1022
203;1023
203;1024
203;1025
203;1026
203;1027
203;1028
203;1029
203;1030
203;1031
203;1032
203;1033
203;1034
203;1035
203;1036
203;1037
203;1038
203;1039
203;1040
203;1041
203;1042
203;1043
203;1044
203;1045
203;1046
203;1047
203;1048
203;1049
203;1050
203;1051
203;1052
203;1053
203;1054
203;1055
203;1056
203;1057
203;1058
203;1059
203;1060
204;845
204;846
204;847
204;848
204;849
204;850
204;851
204;852
204;853
204;854
204;855
204;856
204;857
204;858
204;859
204;860
204;861
204;862
204;863
204;864
204;865
204;866
204;867
204;868
204;869
204;870
204;871
204;872
204;873
204;874
204;875
204;876
204;877
204;878
204;879
204;880
204;881
204;882
204;883
204;884
204;885
204;886
204;887
204;888
204;889
204;890
204;891
204;892
204;893
204;894
204;895
204;896
204;897
204;898
204;899
204;900
204;901
204;902
204;903
204;904
204;905
204;906
204;907
204;908
204;909
204;910
204;911
204;912
204;913
204;914
204;915
204;916
204;917
204;918
204;919
204;920
204;921
204;922
204;923
204;924
204;925
204;926
204;927
204;928
204;929
204;930
204;931
204;932
204;933
204;934
204;935
204;936
204;937
204;938
204;939
204;940
204;941
204;942
204;943
204;944
204;945
204;946
204;947
204;948
204;949
204;950
204;951
204;952
204;953
204;954
204;955
204;956
204;957
204;958
204;959
204;960
204;961
204;962
204;963
204;964
204;965
204;966
204;967
204;968
204;969
204;970
204;971
204;972
204;973
204;974
204;975
204;976
204;977
204;978
204;979
204;980
204;981
204;982
204;983
204;984
204;985
204;986
204;987
204;988
204;989
204;990
204;991
204;992
204;993
204;994
204;995
204;996
204;997
204;998
204;999
204;1000
204;1001
204;1002
204;1003
204;1004
204;1005
204;1006
204;1007
204;1008
204;1009
204;1010
204;1011
204;1012
204;1013
204;1014
204;1015
204;1016
204;1017
204;1018
204;1019
204;1020
204;1021
204;1022
204;1023
204;1024
204;1025
204;1026
204;1027
204;1028
204;1029
204;1030
204;1031
204;1032
204;1033
204;1034
204;1035
204;1036
204;1037
204;1038
204;1039
204;1040
204;1041
204;1042
204;1043
204;1044
204;1045
204;1046
204;1047
204;1048
204;1049
204;1050
204;1051
204;1052
204;1053
204;1054
204;1055
204;1056
204;1057
204;1058
204;1059
204;1060
204;1061
205;844
205;845
205;846
205;847
205;848
205;849
205;850
205;851
205;852
205;853
205;854
205;855
205;856
205;857
205;858
205;859
205;860
205;861
205;862
205;863
205;864
205;865
205;866
205;867
205;868
205;869
205;870
205;871
205;872
205;873
205;874
205;875
205;876
205;877
205;878
205;879
205;880
205;881
205;882
205;883
205;884
205;885
205;886
205;887
205;888
205;889
205;890
205;891
205;892
205;893
205;894
205;895
205;896
205;897
205;898
205;899
205;900
205;901
205;902
205;903
205;904
205;905
205;906
205;907
205;908
205;909
205;910
205;911
205;912
205;913
205;914
205;915
205;916
205;917
205;918
205;919
205;920
205;921
205;922
205;923
205;924
205;925
205;926
205;927
205;928
205;929
205;930
205;931
205;932
205;933
205;934
205;935
205;936
205;937
205;938
205;939
205;940
205;941
205;942
205;943
205;944
205;945
205;946
205;947
205;948
205;949
205;950
205;951
205;952
205;953
205;954
205;955
205;956
205;957
205;958
205;959
205;960
205;961
205;962
205;963
205;964
205;965
205;966
205;967
205;968
205;969
205;970
205;971
205;972
205;973
205;974
205;975
205;976
205;977
205;978
205;979
205;980
205;981
205;982
205;983
205;984
205;985
205;986
205;987
205;988
205;989
205;990
205;991
205;992
205;993
205;994
205;995
205;996
205;997
205;998
205;999
205;1000
205;1001
205;1002
205;1003
205;1004
205;1005
205;1006
205;1007
205;1008
205;1009
205;1010
205;1011
205;1012
205;1013
205;1014
205;1015
205;1016
205;1017
205;1018
205;1019
205;1020
205;1021
205;1022
205;1023
205;1024
205;1025
205;1026
205;1027
205;1028
205;1029
205;1030
205;1031
205;1032
205;1033
205;1034
205;1035
205;1036
205;1037
205;1038
205;1039
205;1040
205;1041
205;1042
205;1043
205;1044
205;1045
205;1046
205;1047
205;1048
205;1049
205;1050
205;1051
205;1052
205;1053
205;1054
205;1055
205;1056
205;1057
205;1058
205;1059
205;1060
205;1061
206;843
206;844
206;845
206;846
206;847
206;848
206;849
206;850
206;851
206;852
206;853
206;854
206;855
206;856
206;857
206;858
206;859
206;860
206;861
206;862
206;863
206;864
206;865
206;866
206;867
206;868
206;869
206;870
206;871
206;872
206;873
206;874
206;875
206;876
206;877
206;878
206;879
206;880
206;881
206;882
206;883
206;884
206;885
206;886
206;887
206;888
206;889
206;890
206;891
206;892
206;893
206;894
206;895
206;896
206;897
206;898
206;899
206;900
206;901
206;902
206;903
206;904
206;905
206;906
206;907
206;908
206;909
206;910
206;911
206;912
206;913
206;914
206;915
206;916
206;917
206;918
206;919
206;920
206;921
206;922
206;923
206;924
206;925
206;926
206;927
206;928
206;929
206;930
206;931
206;932
206;933
206;934
206;935
206;936
206;937
206;938
206;939
206;940
206;941
206;942
206;943
206;944
206;945
206;946
206;947
206;948
206;949
206;950
206;951
206;952
206;953
206;954
206;955
206;956
206;957
206;958
206;959
206;960
206;961
206;962
206;963
206;964
206;965
206;966
206;967
206;968
206;969
206;970
206;971
206;972
206;973
206;974
206;975
206;976
206;977
206;978
206;979
206;980
206;981
206;982
206;983
206;984
206;985
206;986
206;987
206;988
206;989
206;990
206;991
206;992
206;993
206;994
206;995
206;996
206;997
206;998
206;999
206;1000
206;1001
206;1002
206;1003
206;1004
206;1005
206;1006
206;1007
206;1008
206;1009
206;1010
206;1011
206;1012
206;1013
206;1014
206;1015
206;1016
206;1017
206;1018
206;1019
206;1020
206;1021
206;1022
206;1023
206;1024
206;1025
206;1026
206;1027
206;1028
206;1029
206;1030
206;1031
206;1032
206;1033
206;1034
206;1035
206;1036
206;1037
206;1038
206;1039
206;1040
206;1041
206;1042
206;1043
206;1044
206;1045
206;1046
206;1047
206;1048
206;1049
206;1050
206;1051
206;1052
206;1053
206;1054
206;1055
206;1056
206;1057
206;1058
206;1059
206;1060
206;1061
207;843
207;844
207;845
207;846
207;847
207;848
207;849
207;850
207;851
207;852
207;853
207;854
207;855
207;856
207;857
207;858
207;859
207;860
207;861
207;862
207;863
207;864
207;865
207;866
207;867
207;868
207;869
207;870
207;871
207;872
207;873
207;874
207;875
207;876
207;877
207;878
207;879
207;880
207;881
207;882
207;883
207;884
207;885
207;886
207;887
207;888
207;889
207;890
207;891
207;892
207;893
207;894
207;895
207;896
207;897
207;898
207;899
207;900
207;901
207;902
207;903
207;904
207;905
207;906
207;907
207;908
207;909
207;910
207;911
207;912
207;913
207;914
207;915
207;916
207;917
207;918
207;919
207;920
207;921
207;922
207;923
207;924
207;925
207;926
207;927
207;928
207;929
207;930
207;931
207;932
207;933
207;934
207;935
207;936
207;937
207;938
207;939
207;940
207;941
207;942
207;943
207;944
207;945
207;946
207;947
207;948
207;949
207;950
207;951
207;952
207;953
207;954
207;955
207;956
207;957
207;958
207;959
207;960
207;961
207;962
207;963
207;964
207;965
207;966
207;967
207;968
207;969
207;970
207;971
207;972
207;973
207;974
207;975
207;976
207;977
207;978
207;979
207;980
207;981
207;982
207;983
207;984
207;985
207;986
207;987
207;988
207;989
207;990
207;991
207;992
207;993
207;994
207;995
207;996
207;997
207;998
207;999
207;1000
207;1001
207;1002
207;1003
207;1004
207;1005
207;1006
207;1007
207;1008
207;1009
207;1010
207;1011
207;1012
207;1013
207;1014
207;1015
207;1016
207;1017
207;1018
207;1019
207;1020
207;1021
207;1022
207;1023
207;1024
207;1025
207;1026
207;1027
207;1028
207;1029
207;1030
207;1031
207;1032
207;1033
207;1034
207;1035
207;1036
207;1037
207;1038
207;1039
207;1040
207;1041
207;1042
207;1043
207;1044
207;1045
207;1046
207;1047
207;1048
207;1049
207;1050
207;1051
207;1052
207;1053
207;1054
207;1055
207;1056
207;1057
207;1058
207;1059
207;1060
207;1061
207;1062
208;841
208;842
208;843
208;844
208;845
208;846
208;847
208;848
208;849
208;850
208;851
208;852
208;853
208;854
208;855
208;856
208;857
208;858
208;859
208;860
208;861
208;862
208;863
208;864
208;865
208;866
208;867
208;868
208;869
208;870
208;871
208;872
208;873
208;874
208;875
208;876
208;877
208;878
208;879
208;880
208;881
208;882
208;883
208;884
208;885
208;886
208;887
208;888
208;889
208;890
208;891
208;892
208;893
208;894
208;895
208;896
208;897
208;898
208;899
208;900
208;901
208;902
208;903
208;904
208;905
208;906
208;907
208;908
208;909
208;910
208;911
208;912
208;913
208;914
208;915
208;916
208;917
208;918
208;919
208;920
208;921
208;922
208;923
208;924
208;925
208;926
208;927
208;928
208;929
208;930
208;931
208;932
208;933
208;934
208;935
208;936
208;937
208;938
208;939
208;940
208;941
208;942
208;943
208;944
208;945
208;946
208;947
208;948
208;949
208;950
208;951
208;952
208;953
208;954
208;955
208;956
208;957
208;958
208;959
208;960
208;961
208;962
208;963
208;964
208;965
208;966
208;967
208;968
208;969
208;970
208;971
208;972
208;973
208;974
208;975
208;976
208;977
208;978
208;979
208;980
208;981
208;982
208;983
208;984
208;985
208;986
208;987
208;988
208;989
208;990
208;991
208;992
208;993
208;994
208;995
208;996
208;997
208;998
208;999
208;1000
208;1001
208;1002
208;1003
208;1004
208;1005
208;1006
208;1007
208;1008
208;1009
208;1010
208;1011
208;1012
208;1013
208;1014
208;1015
208;1016
208;1017
208;1018
208;1019
208;1020
208;1021
208;1022
208;1023
208;1024
208;1025
208;1026
208;1027
208;1028
208;1029
208;1030
208;1031
208;1032
208;1033
208;1034
208;1035
208;1036
208;1037
208;1038
208;1039
208;1040
208;1041
208;1042
208;1043
208;1044
208;1045
208;1046
208;1047
208;1048
208;1049
208;1050
208;1051
208;1052
208;1053
208;1054
208;1055
208;1056
208;1057
208;1058
208;1059
208;1060
208;1061
208;1062
208;1063
209;841
209;842
209;843
209;844
209;845
209;846
209;847
209;848
209;849
209;850
209;851
209;852
209;853
209;854
209;855
209;856
209;857
209;858
209;859
209;860
209;861
209;862
209;863
209;864
209;865
209;866
209;867
209;868
209;869
209;870
209;871
209;872
209;873
209;874
209;875
209;876
209;877
209;878
209;879
209;880
209;881
209;882
209;883
209;884
209;885
209;886
209;887
209;888
209;889
209;890
209;891
209;892
209;893
209;894
209;895
209;896
209;897
209;898
209;899
209;900
209;901
209;902
209;903
209;904
209;905
209;906
209;907
209;908
209;909
209;910
209;911
209;912
209;913
209;914
209;915
209;916
209;917
209;918
209;919
209;920
209;921
209;922
209;923
209;924
209;925
209;926
209;927
209;928
209;929
209;930
209;931
209;932
209;933
209;934
209;935
209;936
209;937
209;938
209;939
209;940
209;941
209;942
209;943
209;944
209;945
209;946
209;947
209;948
209;949
209;950
209;951
209;952
209;953
209;954
209;955
209;956
209;957
209;958
209;959
209;960
209;961
209;962
209;963
209;964
209;965
209;966
209;967
209;968
209;969
209;970
209;971
209;972
209;973
209;974
209;975
209;976
209;977
209;978
209;979
209;980
209;981
209;982
209;983
209;984
209;985
209;986
209;987
209;988
209;989
209;990
209;991
209;992
209;993
209;994
209;995
209;996
209;997
209;998
209;999
209;1000
209;1001
209;1002
209;1003
209;1004
209;1005
209;1006
209;1007
209;1008
209;1009
209;1010
209;1011
209;1012
209;1013
209;1014
209;1015
209;1016
209;1017
209;1018
209;1019
209;1020
209;1021
209;1022
209;1023
209;1024
209;1025
209;1026
209;1027
209;1028
209;1029
209;1030
209;1031
209;1032
209;1033
209;1034
209;1035
209;1036
209;1037
209;1038
209;1039
209;1040
209;1041
209;1042
209;1043
209;1044
209;1045
209;1046
209;1047
209;1048
209;1049
209;1050
209;1051
209;1052
209;1053
209;1054
209;1055
209;1056
209;1057
209;1058
209;1059
209;1060
209;1061
209;1062
209;1063
210;839
210;840
210;841
210;842
210;843
210;844
210;845
210;846
210;847
210;848
210;849
210;850
210;851
210;852
210;853
210;854
210;855
210;856
210;857
210;858
210;859
210;860
210;861
210;862
210;863
210;864
210;865
210;866
210;867
210;868
210;869
210;870
210;871
210;872
210;873
210;874
210;875
210;876
210;877
210;878
210;879
210;880
210;881
210;882
210;883
210;884
210;885
210;886
210;887
210;888
210;889
210;890
210;891
210;892
210;893
210;894
210;895
210;896
210;897
210;898
210;899
210;900
210;901
210;902
210;903
210;904
210;905
210;906
210;907
210;908
210;909
210;910
210;911
210;912
210;913
210;914
210;915
210;916
210;917
210;918
210;919
210;920
210;921
210;922
210;923
210;924
210;925
210;926
210;927
210;928
210;929
210;930
210;931
210;932
210;933
210;934
210;935
210;936
210;937
210;938
210;939
210;940
210;941
210;942
210;943
210;944
210;945
210;946
210;947
210;948
210;949
210;950
210;951
210;952
210;953
210;954
210;955
210;956
210;957
210;958
210;959
210;960
210;961
210;962
210;963
210;964
210;965
210;966
210;967
210;968
210;969
210;970
210;971
210;972
210;973
210;974
210;975
210;976
210;977
210;978
210;979
210;980
210;981
210;982
210;983
210;984
210;985
210;986
210;987
210;988
210;989
210;990
210;991
210;992
210;993
210;994
210;995
210;996
210;997
210;998
210;999
210;1000
210;1001
210;1002
210;1003
210;1004
210;1005
210;1006
210;1007
210;1008
210;1009
210;1010
210;1011
210;1012
210;1013
210;1014
210;1015
210;1016
210;1017
210;1018
210;1019
210;1020
210;1021
210;1022
210;1023
210;1024
210;1025
210;1026
210;1027
210;1028
210;1029
210;1030
210;1031
210;1032
210;1033
210;1034
210;1035
210;1036
210;1037
210;1038
210;1039
210;1040
210;1041
210;1042
210;1043
210;1044
210;1045
210;1046
210;1047
210;1048
210;1049
210;1050
210;1051
210;1052
210;1053
210;1054
210;1055
210;1056
210;1057
210;1058
210;1059
210;1060
210;1061
210;1062
210;1063
210;1064
211;839
211;840
211;841
211;842
211;843
211;844
211;845
211;846
211;847
211;848
211;849
211;850
211;851
211;852
211;853
211;854
211;855
211;856
211;857
211;858
211;859
211;860
211;861
211;862
211;863
211;864
211;865
211;866
211;867
211;868
211;869
211;870
211;871
211;872
211;873
211;874
211;875
211;876
211;877
211;878
211;879
211;880
211;881
211;882
211;883
211;884
211;885
211;886
211;887
211;888
211;889
211;890
211;891
211;892
211;893
211;894
211;895
211;896
211;897
211;898
211;899
211;900
211;901
211;902
211;903
211;904
211;905
211;906
211;907
211;908
211;909
211;910
211;911
211;912
211;913
211;914
211;915
211;916
211;917
211;918
211;919
211;920
211;921
211;922
211;923
211;924
211;925
211;926
211;927
211;928
211;929
211;930
211;931
211;932
211;933
211;934
211;935
211;936
211;937
211;938
211;939
211;940
211;941
211;942
211;943
211;944
211;945
211;946
211;947
211;948
211;949
211;950
211;951
211;952
211;953
211;954
211;955
211;956
211;957
211;958
211;959
211;960
211;961
211;962
211;963
211;964
211;965
211;966
211;967
211;968
211;969
211;970
211;971
211;972
211;973
211;974
211;975
211;976
211;977
211;978
211;979
211;980
211;981
211;982
211;983
211;984
211;985
211;986
211;987
211;988
211;989
211;990
211;991
211;992
211;993
211;994
211;995
211;996
211;997
211;998
211;999
211;1000
211;1001
211;1002
211;1003
211;1004
211;1005
211;1006
211;1007
211;1008
211;1009
211;1010
211;1011
211;1012
211;1013
211;1014
211;1015
211;1016
211;1017
211;1018
211;1019
211;1020
211;1021
211;1022
211;1023
211;1024
211;1025
211;1026
211;1027
211;1028
211;1029
211;1030
211;1031
211;1032
211;1033
211;1034
211;1035
211;1036
211;1037
211;1038
211;1039
211;1040
211;1041
211;1042
211;1043
211;1044
211;1045
211;1046
211;1047
211;1048
211;1049
211;1050
211;1051
211;1052
211;1053
211;1054
211;1055
211;1056
211;1057
211;1058
211;1059
211;1060
211;1061
211;1062
211;1063
211;1064
212;837
212;838
212;839
212;840
212;841
212;842
212;843
212;844
212;845
212;846
212;847
212;848
212;849
212;850
212;851
212;852
212;853
212;854
212;855
212;856
212;857
212;858
212;859
212;860
212;861
212;862
212;863
212;864
212;865
212;866
212;867
212;868
212;869
212;870
212;871
212;872
212;873
212;874
212;875
212;876
212;877
212;878
212;879
212;880
212;881
212;882
212;883
212;884
212;885
212;886
212;887
212;888
212;889
212;890
212;891
212;892
212;893
212;894
212;895
212;896
212;897
212;898
212;899
212;900
212;901
212;902
212;903
212;904
212;905
212;906
212;907
212;908
212;909
212;910
212;911
212;912
212;913
212;914
212;915
212;916
212;917
212;918
212;919
212;920
212;921
212;922
212;923
212;924
212;925
212;926
212;927
212;928
212;929
212;930
212;931
212;932
212;933
212;934
212;935
212;936
212;937
212;938
212;939
212;940
212;941
212;942
212;943
212;944
212;945
212;946
212;947
212;948
212;949
212;950
212;951
212;952
212;953
212;954
212;955
212;956
212;957
212;958
212;959
212;960
212;961
212;962
212;963
212;964
212;965
212;966
212;967
212;968
212;969
212;970
212;971
212;972
212;973
212;974
212;975
212;976
212;977
212;978
212;979
212;980
212;981
212;982
212;983
212;984
212;985
212;986
212;987
212;988
212;989
212;990
212;991
212;992
212;993
212;994
212;995
212;996
212;997
212;998
212;999
212;1000
212;1001
212;1002
212;1003
212;1004
212;1005
212;1006
212;1007
212;1008
212;1009
212;1010
212;1011
212;1012
212;1013
212;1014
212;1015
212;1016
212;1017
212;1018
212;1019
212;1020
212;1021
212;1022
212;1023
212;1024
212;1025
212;1026
212;1027
212;1028
212;1029
212;1030
212;1031
212;1032
212;1033
212;1034
212;1035
212;1036
212;1037
212;1038
212;1039
212;1040
212;1041
212;1042
212;1043
212;1044
212;1045
212;1046
212;1047
212;1048
212;1049
212;1050
212;1051
212;1052
212;1053
212;1054
212;1055
212;1056
212;1057
212;1058
212;1059
212;1060
212;1061
212;1062
212;1063
212;1064
212;1065
213;837
213;838
213;839
213;840
213;841
213;842
213;843
213;844
213;845
213;846
213;847
213;848
213;849
213;850
213;851
213;852
213;853
213;854
213;855
213;856
213;857
213;858
213;859
213;860
213;861
213;862
213;863
213;864
213;865
213;866
213;867
213;868
213;869
213;870
213;871
213;872
213;873
213;874
213;875
213;876
213;877
213;878
213;879
213;880
213;881
213;882
213;883
213;884
213;885
213;886
213;887
213;888
213;889
213;890
213;891
213;892
213;893
213;894
213;895
213;896
213;897
213;898
213;899
213;900
213;901
213;902
213;903
213;904
213;905
213;906
213;907
213;908
213;909
213;910
213;911
213;912
213;913
213;914
213;915
213;916
213;917
213;918
213;919
213;920
213;921
213;922
213;923
213;924
213;925
213;926
213;927
213;928
213;929
213;930
213;931
213;932
213;933
213;934
213;935
213;936
213;937
213;938
213;939
213;940
213;941
213;942
213;943
213;944
213;945
213;946
213;947
213;948
213;949
213;950
213;951
213;952
213;953
213;954
213;955
213;956
213;957
213;958
213;959
213;960
213;961
213;962
213;963
213;964
213;965
213;966
213;967
213;968
213;969
213;970
213;971
213;972
213;973
213;974
213;975
213;976
213;977
213;978
213;979
213;980
213;981
213;982
213;983
213;984
213;985
213;986
213;987
213;988
213;989
213;990
213;991
213;992
213;993
213;994
213;995
213;996
213;997
213;998
213;999
213;1000
213;1001
213;1002
213;1003
213;1004
213;1005
213;1006
213;1007
213;1008
213;1009
213;1010
213;1011
213;1012
213;1013
213;1014
213;1015
213;1016
213;1017
213;1018
213;1019
213;1020
213;1021
213;1022
213;1023
213;1024
213;1025
213;1026
213;1027
213;1028
213;1029
213;1030
213;1031
213;1032
213;1033
213;1034
213;1035
213;1036
213;1037
213;1038
213;1039
213;1040
213;1041
213;1042
213;1043
213;1044
213;1045
213;1046
213;1047
213;1048
213;1049
213;1050
213;1051
213;1052
213;1053
213;1054
213;1055
213;1056
213;1057
213;1058
213;1059
213;1060
213;1061
213;1062
213;1063
213;1064
213;1065
214;835
214;836
214;837
214;838
214;839
214;840
214;841
214;842
214;843
214;844
214;845
214;846
214;847
214;848
214;849
214;850
214;851
214;852
214;853
214;854
214;855
214;856
214;857
214;858
214;859
214;860
214;861
214;862
214;863
214;864
214;865
214;866
214;867
214;868
214;869
214;870
214;871
214;872
214;873
214;874
214;875
214;876
214;877
214;878
214;879
214;880
214;881
214;882
214;883
214;884
214;885
214;886
214;887
214;888
214;889
214;890
214;891
214;892
214;893
214;894
214;895
214;896
214;897
214;898
214;899
214;900
214;901
214;902
214;903
214;904
214;905
214;906
214;907
214;908
214;909
214;910
214;911
214;912
214;913
214;914
214;915
214;916
214;917
214;918
214;919
214;920
214;921
214;922
214;923
214;924
214;925
214;926
214;927
214;928
214;929
214;930
214;931
214;932
214;933
214;934
214;935
214;936
214;937
214;938
214;939
214;940
214;941
214;942
214;943
214;944
214;945
214;946
214;947
214;948
214;949
214;950
214;951
214;952
214;953
214;954
214;955
214;956
214;957
214;958
214;959
214;960
214;961
214;962
214;963
214;964
214;965
214;966
214;967
214;968
214;969
214;970
214;971
214;972
214;973
214;974
214;975
214;976
214;977
214;978
214;979
214;980
214;981
214;982
214;983
214;984
214;985
214;986
214;987
214;988
214;989
214;990
214;991
214;992
214;993
214;994
214;995
214;996
214;997
214;998
214;999
214;1000
214;1001
214;1002
214;1003
214;1004
214;1005
214;1006
214;1007
214;1008
214;1009
214;1010
214;1011
214;1012
214;1013
214;1014
214;1015
214;1016
214;1017
214;1018
214;1019
214;1020
214;1021
214;1022
214;1023
214;1024
214;1025
214;1026
214;1027
214;1028
214;1029
214;1030
214;1031
214;1032
214;1033
214;1034
214;1035
214;1036
214;1037
214;1038
214;1039
214;1040
214;1041
214;1042
214;1043
214;1044
214;1045
214;1046
214;1047
214;1048
214;1049
214;1050
214;1051
214;1052
214;1053
214;1054
214;1055
214;1056
214;1057
214;1058
214;1059
214;1060
214;1061
214;1062
214;1063
214;1064
214;1065
214;1066
215;835
215;836
215;837
215;838
215;839
215;840
215;841
215;842
215;843
215;844
215;845
215;846
215;847
215;848
215;849
215;850
215;851
215;852
215;853
215;854
215;855
215;856
215;857
215;858
215;859
215;860
215;861
215;862
215;863
215;864
215;865
215;866
215;867
215;868
215;869
215;870
215;871
215;872
215;873
215;874
215;875
215;876
215;877
215;878
215;879
215;880
215;881
215;882
215;883
215;884
215;885
215;886
215;887
215;888
215;889
215;890
215;891
215;892
215;893
215;894
215;895
215;896
215;897
215;898
215;899
215;900
215;901
215;902
215;903
215;904
215;905
215;906
215;907
215;908
215;909
215;910
215;911
215;912
215;913
215;914
215;915
215;916
215;917
215;918
215;919
215;920
215;921
215;922
215;923
215;924
215;925
215;926
215;927
215;928
215;929
215;930
215;931
215;932
215;933
215;934
215;935
215;936
215;937
215;938
215;939
215;940
215;941
215;942
215;943
215;944
215;945
215;946
215;947
215;948
215;949
215;950
215;951
215;952
215;953
215;954
215;955
215;956
215;957
215;958
215;959
215;960
215;961
215;962
215;963
215;964
215;965
215;966
215;967
215;968
215;969
215;970
215;971
215;972
215;973
215;974
215;975
215;976
215;977
215;978
215;979
215;980
215;981
215;982
215;983
215;984
215;985
215;986
215;987
215;988
215;989
215;990
215;991
215;992
215;993
215;994
215;995
215;996
215;997
215;998
215;999
215;1000
215;1001
215;1002
215;1003
215;1004
215;1005
215;1006
215;1007
215;1008
215;1009
215;1010
215;1011
215;1012
215;1013
215;1014
215;1015
215;1016
215;1017
215;1018
215;1019
215;1020
215;1021
215;1022
215;1023
215;1024
215;1025
215;1026
215;1027
215;1028
215;1029
215;1030
215;1031
215;1032
215;1033
215;1034
215;1035
215;1036
215;1037
215;1038
215;1039
215;1040
215;1041
215;1042
215;1043
215;1044
215;1045
215;1046
215;1047
215;1048
215;1049
215;1050
215;1051
215;1052
215;1053
215;1054
215;1055
215;1056
215;1057
215;1058
215;1059
215;1060
215;1061
215;1062
215;1063
215;1064
215;1065
215;1066
215;1067
216;834
216;835
216;836
216;837
216;838
216;839
216;840
216;841
216;842
216;843
216;844
216;845
216;846
216;847
216;848
216;849
216;850
216;851
216;852
216;853
216;854
216;855
216;856
216;857
216;858
216;859
216;860
216;861
216;862
216;863
216;864
216;865
216;866
216;867
216;868
216;869
216;870
216;871
216;872
216;873
216;874
216;875
216;876
216;877
216;878
216;879
216;880
216;881
216;882
216;883
216;884
216;885
216;886
216;887
216;888
216;889
216;890
216;891
216;892
216;893
216;894
216;895
216;896
216;897
216;898
216;899
216;900
216;901
216;902
216;903
216;904
216;905
216;906
216;907
216;908
216;909
216;910
216;911
216;912
216;913
216;914
216;915
216;916
216;917
216;918
216;919
216;920
216;921
216;922
216;923
216;924
216;925
216;926
216;927
216;928
216;929
216;930
216;931
216;932
216;933
216;934
216;935
216;936
216;937
216;938
216;939
216;940
216;941
216;942
216;943
216;944
216;945
216;946
216;947
216;948
216;949
216;950
216;951
216;952
216;953
216;954
216;955
216;956
216;957
216;958
216;959
216;960
216;961
216;962
216;963
216;964
216;965
216;966
216;967
216;968
216;969
216;970
216;971
216;972
216;973
216;974
216;975
216;976
216;977
216;978
216;979
216;980
216;981
216;982
216;983
216;984
216;985
216;986
216;987
216;988
216;989
216;990
216;991
216;992
216;993
216;994
216;995
216;996
216;997
216;998
216;999
216;1000
216;1001
216;1002
216;1003
216;1004
216;1005
216;1006
216;1007
216;1008
216;1009
216;1010
216;1011
216;1012
216;1013
216;1014
216;1015
216;1016
216;1017
216;1018
216;1019
216;1020
216;1021
216;1022
216;1023
216;1024
216;1025
216;1026
216;1027
216;1028
216;1029
216;1030
216;1031
216;1032
216;1033
216;1034
216;1035
216;1036
216;1037
216;1038
216;1039
216;1040
216;1041
216;1042
216;1043
216;1044
216;1045
216;1046
216;1047
216;1048
216;1049
216;1050
216;1051
216;1052
216;1053
216;1054
216;1055
216;1056
216;1057
216;1058
216;1059
216;1060
216;1061
216;1062
216;1063
216;1064
216;1065
216;1066
216;1067
217;833
217;834
217;835
217;836
217;837
217;838
217;839
217;840
217;841
217;842
217;843
217;844
217;845
217;846
217;847
217;848
217;849
217;850
217;851
217;852
217;853
217;854
217;855
217;856
217;857
217;858
217;859
217;860
217;861
217;862
217;863
217;864
217;865
217;866
217;867
217;868
217;869
217;870
217;871
217;872
217;873
217;874
217;875
217;876
217;877
217;878
217;879
217;880
217;881
217;882
217;883
217;884
217;885
217;886
217;887
217;888
217;889
217;890
217;891
217;892
217;893
217;894
217;895
217;896
217;897
217;898
217;899
217;900
217;901
217;902
217;903
217;904
217;905
217;906
217;907
217;908
217;909
217;910
217;911
217;912
217;913
217;914
217;915
217;916
217;917
217;918
217;919
217;920
217;921
217;922
217;923
217;924
217;925
217;926
217;927
217;928
217;929
217;930
217;931
217;932
217;933
217;934
217;935
217;936
217;937
217;938
217;939
217;940
217;941
217;942
217;943
217;944
217;945
217;946
217;947
217;948
217;949
217;950
217;951
217;952
217;953
217;954
217;955
217;956
217;957
217;958
217;959
217;960
217;961
217;962
217;963
217;964
217;965
217;966
217;967
217;968
217;969
217;970
217;971
217;972
217;973
217;974
217;975
217;976
217;977
217;978
217;979
217;980
217;981
217;982
217;983
217;984
217;985
217;986
217;987
217;988
217;989
217;990
217;991
217;992
217;993
217;994
217;995
217;996
217;997
217;998
217;999
217;1000
217;1001
217;1002
217;1003
217;1004
217;1005
217;1006
217;1007
217;1008
217;1009
217;1010
217;1011
217;1012
217;1013
217;1014
217;1015
217;1016
217;1017
217;1018
217;1019
217;1020
217;1021
217;1022
217;1023
217;1024
217;1025
217;1026
217;1027
217;1028
217;1029
217;1030
217;1031
217;1032
217;1033
217;1034
217;1035
217;1036
217;1037
217;1038
217;1039
217;1040
217;1041
217;1042
217;1043
217;1044
217;1045
217;1046
217;1047
217;1048
217;1049
217;1050
217;1051
217;1052
217;1053
217;1054
217;1055
217;1056
217;1057
217;1058
217;1059
217;1060
217;1061
217;1062
217;1063
217;1064
217;1065
217;1066
217;1067
218;832
218;833
218;834
218;835
218;836
218;837
218;838
218;839
218;840
218;841
218;842
218;843
218;844
218;845
218;846
218;847
218;848
218;849
218;850
218;851
218;852
218;853
218;854
218;855
218;856
218;857
218;858
218;859
218;860
218;861
218;862
218;863
218;864
218;865
218;866
218;867
218;868
218;869
218;870
218;871
218;872
218;873
218;874
218;875
218;876
218;877
218;878
218;879
218;880
218;881
218;882
218;883
218;884
218;885
218;886
218;887
218;888
218;889
218;890
218;891
218;892
218;893
218;894
218;895
218;896
218;897
218;898
218;899
218;900
218;901
218;902
218;903
218;904
218;905
218;906
218;907
218;908
218;909
218;910
218;911
218;912
218;913
218;914
218;915
218;916
218;917
218;918
218;919
218;920
218;921
218;922
218;923
218;924
218;925
218;926
218;927
218;928
218;929
218;930
218;931
218;932
218;933
218;934
218;935
218;936
218;937
218;938
218;939
218;940
218;941
218;942
218;943
218;944
218;945
218;946
218;947
218;948
218;949
218;950
218;951
218;952
218;953
218;954
218;955
218;956
218;957
218;958
218;959
218;960
218;961
218;962
218;963
218;964
218;965
218;966
218;967
218;968
218;969
218;970
218;971
218;972
218;973
218;974
218;975
218;976
218;977
218;978
218;979
218;980
218;981
218;982
218;983
218;984
218;985
218;986
218;987
218;988
218;989
218;990
218;991
218;992
218;993
218;994
218;995
218;996
218;997
218;998
218;999
218;1000
218;1001
218;1002
218;1003
218;1004
218;1005
218;1006
218;1007
218;1008
218;1009
218;1010
218;1011
218;1012
218;1013
218;1014
218;1015
218;1016
218;1017
218;1018
218;1019
218;1020
218;1021
218;1022
218;1023
218;1024
218;1025
218;1026
218;1027
218;1028
218;1029
218;1030
218;1031
218;1032
218;1033
218;1034
218;1035
218;1036
218;1037
218;1038
218;1039
218;1040
218;1041
218;1042
218;1043
218;1044
218;1045
218;1046
218;1047
218;1048
218;1049
218;1050
218;1051
218;1052
218;1053
218;1054
218;1055
218;1056
218;1057
218;1058
218;1059
218;1060
218;1061
218;1062
218;1063
218;1064
218;1065
218;1066
218;1067
218;1068
219;831
219;832
219;833
219;834
219;835
219;836
219;837
219;838
219;839
219;840
219;841
219;842
219;843
219;844
219;845
219;846
219;847
219;848
219;849
219;850
219;851
219;852
219;853
219;854
219;855
219;856
219;857
219;858
219;859
219;860
219;861
219;862
219;863
219;864
219;865
219;866
219;867
219;868
219;869
219;870
219;871
219;872
219;873
219;874
219;875
219;876
219;877
219;878
219;879
219;880
219;881
219;882
219;883
219;884
219;885
219;886
219;887
219;888
219;889
219;890
219;891
219;892
219;893
219;894
219;895
219;896
219;897
219;898
219;899
219;900
219;901
219;902
219;903
219;904
219;905
219;906
219;907
219;908
219;909
219;910
219;911
219;912
219;913
219;914
219;915
219;916
219;917
219;918
219;919
219;920
219;921
219;922
219;923
219;924
219;925
219;926
219;927
219;928
219;929
219;930
219;931
219;932
219;933
219;934
219;935
219;936
219;937
219;938
219;939
219;940
219;941
219;942
219;943
219;944
219;945
219;946
219;947
219;948
219;949
219;950
219;951
219;952
219;953
219;954
219;955
219;956
219;957
219;958
219;959
219;960
219;961
219;962
219;963
219;964
219;965
219;966
219;967
219;968
219;969
219;970
219;971
219;972
219;973
219;974
219;975
219;976
219;977
219;978
219;979
219;980
219;981
219;982
219;983
219;984
219;985
219;986
219;987
219;988
219;989
219;990
219;991
219;992
219;993
219;994
219;995
219;996
219;997
219;998
219;999
219;1000
219;1001
219;1002
219;1003
219;1004
219;1005
219;1006
219;1007
219;1008
219;1009
219;1010
219;1011
219;1012
219;1013
219;1014
219;1015
219;1016
219;1017
219;1018
219;1019
219;1020
219;1021
219;1022
219;1023
219;1024
219;1025
219;1026
219;1027
219;1028
219;1029
219;1030
219;1031
219;1032
219;1033
219;1034
219;1035
219;1036
219;1037
219;1038
219;1039
219;1040
219;1041
219;1042
219;1043
219;1044
219;1045
219;1046
219;1047
219;1048
219;1049
219;1050
219;1051
219;1052
219;1053
219;1054
219;1055
219;1056
219;1057
219;1058
219;1059
219;1060
219;1061
219;1062
219;1063
219;1064
219;1065
219;1066
219;1067
219;1068
219;1069
220;830
220;831
220;832
220;833
220;834
220;835
220;836
220;837
220;838
220;839
220;840
220;841
220;842
220;843
220;844
220;845
220;846
220;847
220;848
220;849
220;850
220;851
220;852
220;853
220;854
220;855
220;856
220;857
220;858
220;859
220;860
220;861
220;862
220;863
220;864
220;865
220;866
220;867
220;868
220;869
220;870
220;871
220;872
220;873
220;874
220;875
220;876
220;877
220;878
220;879
220;880
220;881
220;882
220;883
220;884
220;885
220;886
220;887
220;888
220;889
220;890
220;891
220;892
220;893
220;894
220;895
220;896
220;897
220;898
220;899
220;900
220;901
220;902
220;903
220;904
220;905
220;906
220;907
220;908
220;909
220;910
220;911
220;912
220;913
220;914
220;915
220;916
220;917
220;918
220;919
220;920
220;921
220;922
220;923
220;924
220;925
220;926
220;927
220;928
220;929
220;930
220;931
220;932
220;933
220;934
220;935
220;936
220;937
220;938
220;939
220;940
220;941
220;942
220;943
220;944
220;945
220;946
220;947
220;948
220;949
220;950
220;951
220;952
220;953
220;954
220;955
220;956
220;957
220;958
220;959
220;960
220;961
220;962
220;963
220;964
220;965
220;966
220;967
220;968
220;969
220;970
220;971
220;972
220;973
220;974
220;975
220;976
220;977
220;978
220;979
220;980
220;981
220;982
220;983
220;984
220;985
220;986
220;987
220;988
220;989
220;990
220;991
220;992
220;993
220;994
220;995
220;996
220;997
220;998
220;999
220;1000
220;1001
220;1002
220;1003
220;1004
220;1005
220;1006
220;1007
220;1008
220;1009
220;1010
220;1011
220;1012
220;1013
220;1014
220;1015
220;1016
220;1017
220;1018
220;1019
220;1020
220;1021
220;1022
220;1023
220;1024
220;1025
220;1026
220;1027
220;1028
220;1029
220;1030
220;1031
220;1032
220;1033
220;1034
220;1035
220;1036
220;1037
220;1038
220;1039
220;1040
220;1041
220;1042
220;1043
220;1044
220;1045
220;1046
220;1047
220;1048
220;1049
220;1050
220;1051
220;1052
220;1053
220;1054
220;1055
220;1056
220;1057
220;1058
220;1059
220;1060
220;1061
220;1062
220;1063
220;1064
220;1065
220;1066
220;1067
220;1068
220;1069
221;829
221;830
221;831
221;832
221;833
221;834
221;835
221;836
221;837
221;838
221;839
221;840
221;841
221;842
221;843
221;844
221;845
221;846
221;847
221;848
221;849
221;850
221;851
221;852
221;853
221;854
221;855
221;856
221;857
221;858
221;859
221;860
221;861
221;862
221;863
221;864
221;865
221;866
221;867
221;868
221;869
221;870
221;871
221;872
221;873
221;874
221;875
221;876
221;877
221;878
221;879
221;880
221;881
221;882
221;883
221;884
221;885
221;886
221;887
221;888
221;889
221;890
221;891
221;892
221;893
221;894
221;895
221;896
221;897
221;898
221;899
221;900
221;901
221;902
221;903
221;904
221;905
221;906
221;907
221;908
221;909
221;910
221;911
221;912
221;913
221;914
221;915
221;916
221;917
221;918
221;919
221;920
221;921
221;922
221;923
221;924
221;925
221;926
221;927
221;928
221;929
221;930
221;931
221;932
221;933
221;934
221;935
221;936
221;937
221;938
221;939
221;940
221;941
221;942
221;943
221;944
221;945
221;946
221;947
221;948
221;949
221;950
221;951
221;952
221;953
221;954
221;955
221;956
221;957
221;958
221;959
221;960
221;961
221;962
221;963
221;964
221;965
221;966
221;967
221;968
221;969
221;970
221;971
221;972
221;973
221;974
221;975
221;976
221;977
221;978
221;979
221;980
221;981
221;982
221;983
221;984
221;985
221;986
221;987
221;988
221;989
221;990
221;991
221;992
221;993
221;994
221;995
221;996
221;997
221;998
221;999
221;1000
221;1001
221;1002
221;1003
221;1004
221;1005
221;1006
221;1007
221;1008
221;1009
221;1010
221;1011
221;1012
221;1013
221;1014
221;1015
221;1016
221;1017
221;1018
221;1019
221;1020
221;1021
221;1022
221;1023
221;1024
221;1025
221;1026
221;1027
221;1028
221;1029
221;1030
221;1031
221;1032
221;1033
221;1034
221;1035
221;1036
221;1037
221;1038
221;1039
221;1040
221;1041
221;1042
221;1043
221;1044
221;1045
221;1046
221;1047
221;1048
221;1049
221;1050
221;1051
221;1052
221;1053
221;1054
221;1055
221;1056
221;1057
221;1058
221;1059
221;1060
221;1061
221;1062
221;1063
221;1064
221;1065
221;1066
221;1067
221;1068
221;1069
221;1070
222;828
222;829
222;830
222;831
222;832
222;833
222;834
222;835
222;836
222;837
222;838
222;839
222;840
222;841
222;842
222;843
222;844
222;845
222;846
222;847
222;848
222;849
222;850
222;851
222;852
222;853
222;854
222;855
222;856
222;857
222;858
222;859
222;860
222;861
222;862
222;863
222;864
222;865
222;866
222;867
222;868
222;869
222;870
222;871
222;872
222;873
222;874
222;875
222;876
222;877
222;878
222;879
222;880
222;881
222;882
222;883
222;884
222;885
222;886
222;887
222;888
222;889
222;890
222;891
222;892
222;893
222;894
222;895
222;896
222;897
222;898
222;899
222;900
222;901
222;902
222;903
222;904
222;905
222;906
222;907
222;908
222;909
222;910
222;911
222;912
222;913
222;914
222;915
222;916
222;917
222;918
222;919
222;920
222;921
222;922
222;923
222;924
222;925
222;926
222;927
222;928
222;929
222;930
222;931
222;932
222;933
222;934
222;935
222;936
222;937
222;938
222;939
222;940
222;941
222;942
222;943
222;944
222;945
222;946
222;947
222;948
222;949
222;950
222;951
222;952
222;953
222;954
222;955
222;956
222;957
222;958
222;959
222;960
222;961
222;962
222;963
222;964
222;965
222;966
222;967
222;968
222;969
222;970
222;971
222;972
222;973
222;974
222;975
222;976
222;977
222;978
222;979
222;980
222;981
222;982
222;983
222;984
222;985
222;986
222;987
222;988
222;989
222;990
222;991
222;992
222;993
222;994
222;995
222;996
222;997
222;998
222;999
222;1000
222;1001
222;1002
222;1003
222;1004
222;1005
222;1006
222;1007
222;1008
222;1009
222;1010
222;1011
222;1012
222;1013
222;1014
222;1015
222;1016
222;1017
222;1018
222;1019
222;1020
222;1021
222;1022
222;1023
222;1024
222;1025
222;1026
222;1027
222;1028
222;1029
222;1030
222;1031
222;1032
222;1033
222;1034
222;1035
222;1036
222;1037
222;1038
222;1039
222;1040
222;1041
222;1042
222;1043
222;1044
222;1045
222;1046
222;1047
222;1048
222;1049
222;1050
222;1051
222;1052
222;1053
222;1054
222;1055
222;1056
222;1057
222;1058
222;1059
222;1060
222;1061
222;1062
222;1063
222;1064
222;1065
222;1066
222;1067
222;1068
222;1069
222;1070
223;827
223;828
223;829
223;830
223;831
223;832
223;833
223;834
223;835
223;836
223;837
223;838
223;839
223;840
223;841
223;842
223;843
223;844
223;845
223;846
223;847
223;848
223;849
223;850
223;851
223;852
223;853
223;854
223;855
223;856
223;857
223;858
223;859
223;860
223;861
223;862
223;863
223;864
223;865
223;866
223;867
223;868
223;869
223;870
223;871
223;872
223;873
223;874
223;875
223;876
223;877
223;878
223;879
223;880
223;881
223;882
223;883
223;884
223;885
223;886
223;887
223;888
223;889
223;890
223;891
223;892
223;893
223;894
223;895
223;896
223;897
223;898
223;899
223;900
223;901
223;902
223;903
223;904
223;905
223;906
223;907
223;908
223;909
223;910
223;911
223;912
223;913
223;914
223;915
223;916
223;917
223;918
223;919
223;920
223;921
223;922
223;923
223;924
223;925
223;926
223;927
223;928
223;929
223;930
223;931
223;932
223;933
223;934
223;935
223;936
223;937
223;938
223;939
223;940
223;941
223;942
223;943
223;944
223;945
223;946
223;947
223;948
223;949
223;950
223;951
223;952
223;953
223;954
223;955
223;956
223;957
223;958
223;959
223;960
223;961
223;962
223;963
223;964
223;965
223;966
223;967
223;968
223;969
223;970
223;971
223;972
223;973
223;974
223;975
223;976
223;977
223;978
223;979
223;980
223;981
223;982
223;983
223;984
223;985
223;986
223;987
223;988
223;989
223;990
223;991
223;992
223;993
223;994
223;995
223;996
223;997
223;998
223;999
223;1000
223;1001
223;1002
223;1003
223;1004
223;1005
223;1006
223;1007
223;1008
223;1009
223;1010
223;1011
223;1012
223;1013
223;1014
223;1015
223;1016
223;1017
223;1018
223;1019
223;1020
223;1021
223;1022
223;1023
223;1024
223;1025
223;1026
223;1027
223;1028
223;1029
223;1030
223;1031
223;1032
223;1033
223;1034
223;1035
223;1036
223;1037
223;1038
223;1039
223;1040
223;1041
223;1042
223;1043
223;1044
223;1045
223;1046
223;1047
223;1048
223;1049
223;1050
223;1051
223;1052
223;1053
223;1054
223;1055
223;1056
223;1057
223;1058
223;1059
223;1060
223;1061
223;1062
223;1063
223;1064
223;1065
223;1066
223;1067
223;1068
223;1069
223;1070
223;1071
224;826
224;827
224;828
224;829
224;830
224;831
224;832
224;833
224;834
224;835
224;836
224;837
224;838
224;839
224;840
224;841
224;842
224;843
224;844
224;845
224;846
224;847
224;848
224;849
224;850
224;851
224;852
224;853
224;854
224;855
224;856
224;857
224;858
224;859
224;860
224;861
224;862
224;863
224;864
224;865
224;866
224;867
224;868
224;869
224;870
224;871
224;872
224;873
224;874
224;875
224;876
224;877
224;878
224;879
224;880
224;881
224;882
224;883
224;884
224;885
224;886
224;887
224;888
224;889
224;890
224;891
224;892
224;893
224;894
224;895
224;896
224;897
224;898
224;899
224;900
224;901
224;902
224;903
224;904
224;905
224;906
224;907
224;908
224;909
224;910
224;911
224;912
224;913
224;914
224;915
224;916
224;917
224;918
224;919
224;920
224;921
224;922
224;923
224;924
224;925
224;926
224;927
224;928
224;929
224;930
224;931
224;932
224;933
224;934
224;935
224;936
224;937
224;938
224;939
224;940
224;941
224;942
224;943
224;944
224;945
224;946
224;947
224;948
224;949
224;950
224;951
224;952
224;953
224;954
224;955
224;956
224;957
224;958
224;959
224;960
224;961
224;962
224;963
224;964
224;965
224;966
224;967
224;968
224;969
224;970
224;971
224;972
224;973
224;974
224;975
224;976
224;977
224;978
224;979
224;980
224;981
224;982
224;983
224;984
224;985
224;986
224;987
224;988
224;989
224;990
224;991
224;992
224;993
224;994
224;995
224;996
224;997
224;998
224;999
224;1000
224;1001
224;1002
224;1003
224;1004
224;1005
224;1006
224;1007
224;1008
224;1009
224;1010
224;1011
224;1012
224;1013
224;1014
224;1015
224;1016
224;1017
224;1018
224;1019
224;1020
224;1021
224;1022
224;1023
224;1024
224;1025
224;1026
224;1027
224;1028
224;1029
224;1030
224;1031
224;1032
224;1033
224;1034
224;1035
224;1036
224;1037
224;1038
224;1039
224;1040
224;1041
224;1042
224;1043
224;1044
224;1045
224;1046
224;1047
224;1048
224;1049
224;1050
224;1051
224;1052
224;1053
224;1054
224;1055
224;1056
224;1057
224;1058
224;1059
224;1060
224;1061
224;1062
224;1063
224;1064
224;1065
224;1066
224;1067
224;1068
224;1069
224;1070
224;1071
225;825
225;826
225;827
225;828
225;829
225;830
225;831
225;832
225;833
225;834
225;835
225;836
225;837
225;838
225;839
225;840
225;841
225;842
225;843
225;844
225;845
225;846
225;847
225;848
225;849
225;850
225;851
225;852
225;853
225;854
225;855
225;856
225;857
225;858
225;859
225;860
225;861
225;862
225;863
225;864
225;865
225;866
225;867
225;868
225;869
225;870
225;871
225;872
225;873
225;874
225;875
225;876
225;877
225;878
225;879
225;880
225;881
225;882
225;883
225;884
225;885
225;886
225;887
225;888
225;889
225;890
225;891
225;892
225;893
225;894
225;895
225;896
225;897
225;898
225;899
225;900
225;901
225;902
225;903
225;904
225;905
225;906
225;907
225;908
225;909
225;910
225;911
225;912
225;913
225;914
225;915
225;916
225;917
225;918
225;919
225;920
225;921
225;922
225;923
225;924
225;925
225;926
225;927
225;928
225;929
225;930
225;931
225;932
225;933
225;934
225;935
225;936
225;937
225;938
225;939
225;940
225;941
225;942
225;943
225;944
225;945
225;946
225;947
225;948
225;949
225;950
225;951
225;952
225;953
225;954
225;955
225;956
225;957
225;958
225;959
225;960
225;961
225;962
225;963
225;964
225;965
225;966
225;967
225;968
225;969
225;970
225;971
225;972
225;973
225;974
225;975
225;976
225;977
225;978
225;979
225;980
225;981
225;982
225;983
225;984
225;985
225;986
225;987
225;988
225;989
225;990
225;991
225;992
225;993
225;994
225;995
225;996
225;997
225;998
225;999
225;1000
225;1001
225;1002
225;1003
225;1004
225;1005
225;1006
225;1007
225;1008
225;1009
225;1010
225;1011
225;1012
225;1013
225;1014
225;1015
225;1016
225;1017
225;1018
225;1019
225;1020
225;1021
225;1022
225;1023
225;1024
225;1025
225;1026
225;1027
225;1028
225;1029
225;1030
225;1031
225;1032
225;1033
225;1034
225;1035
225;1036
225;1037
225;1038
225;1039
225;1040
225;1041
225;1042
225;1043
225;1044
225;1045
225;1046
225;1047
225;1048
225;1049
225;1050
225;1051
225;1052
225;1053
225;1054
225;1055
225;1056
225;1057
225;1058
225;1059
225;1060
225;1061
225;1062
225;1063
225;1064
225;1065
225;1066
225;1067
225;1068
225;1069
225;1070
225;1071
225;1072
226;825
226;826
226;827
226;828
226;829
226;830
226;831
226;832
226;833
226;834
226;835
226;836
226;837
226;838
226;839
226;840
226;841
226;842
226;843
226;844
226;845
226;846
226;847
226;848
226;849
226;850
226;851
226;852
226;853
226;854
226;855
226;856
226;857
226;858
226;859
226;860
226;861
226;862
226;863
226;864
226;865
226;866
226;867
226;868
226;869
226;870
226;871
226;872
226;873
226;874
226;875
226;876
226;877
226;878
226;879
226;880
226;881
226;882
226;883
226;884
226;885
226;886
226;887
226;888
226;889
226;890
226;891
226;892
226;893
226;894
226;895
226;896
226;897
226;898
226;899
226;900
226;901
226;902
226;903
226;904
226;905
226;906
226;907
226;908
226;909
226;910
226;911
226;912
226;913
226;914
226;915
226;916
226;917
226;918
226;919
226;920
226;921
226;922
226;923
226;924
226;925
226;926
226;927
226;928
226;929
226;930
226;931
226;932
226;933
226;934
226;935
226;936
226;937
226;938
226;939
226;940
226;941
226;942
226;943
226;944
226;945
226;946
226;947
226;948
226;949
226;950
226;951
226;952
226;953
226;954
226;955
226;956
226;957
226;958
226;959
226;960
226;961
226;962
226;963
226;964
226;965
226;966
226;967
226;968
226;969
226;970
226;971
226;972
226;973
226;974
226;975
226;976
226;977
226;978
226;979
226;980
226;981
226;982
226;983
226;984
226;985
226;986
226;987
226;988
226;989
226;990
226;991
226;992
226;993
226;994
226;995
226;996
226;997
226;998
226;999
226;1000
226;1001
226;1002
226;1003
226;1004
226;1005
226;1006
226;1007
226;1008
226;1009
226;1010
226;1011
226;1012
226;1013
226;1014
226;1015
226;1016
226;1017
226;1018
226;1019
226;1020
226;1021
226;1022
226;1023
226;1024
226;1025
226;1026
226;1027
226;1028
226;1029
226;1030
226;1031
226;1032
226;1033
226;1034
226;1035
226;1036
226;1037
226;1038
226;1039
226;1040
226;1041
226;1042
226;1043
226;1044
226;1045
226;1046
226;1047
226;1048
226;1049
226;1050
226;1051
226;1052
226;1053
226;1054
226;1055
226;1056
226;1057
226;1058
226;1059
226;1060
226;1061
226;1062
226;1063
226;1064
226;1065
226;1066
226;1067
226;1068
226;1069
226;1070
226;1071
226;1072
227;823
227;824
227;825
227;826
227;827
227;828
227;829
227;830
227;831
227;832
227;833
227;834
227;835
227;836
227;837
227;838
227;839
227;840
227;841
227;842
227;843
227;844
227;845
227;846
227;847
227;848
227;849
227;850
227;851
227;852
227;853
227;854
227;855
227;856
227;857
227;858
227;859
227;860
227;861
227;862
227;863
227;864
227;865
227;866
227;867
227;868
227;869
227;870
227;871
227;872
227;873
227;874
227;875
227;876
227;877
227;878
227;879
227;880
227;881
227;882
227;883
227;884
227;885
227;886
227;887
227;888
227;889
227;890
227;891
227;892
227;893
227;894
227;895
227;896
227;897
227;898
227;899
227;900
227;901
227;902
227;903
227;904
227;905
227;906
227;907
227;908
227;909
227;910
227;911
227;912
227;913
227;914
227;915
227;916
227;917
227;918
227;919
227;920
227;921
227;922
227;923
227;924
227;925
227;926
227;927
227;928
227;929
227;930
227;931
227;932
227;933
227;934
227;935
227;936
227;937
227;938
227;939
227;940
227;941
227;942
227;943
227;944
227;945
227;946
227;947
227;948
227;949
227;950
227;951
227;952
227;953
227;954
227;955
227;956
227;957
227;958
227;959
227;960
227;961
227;962
227;963
227;964
227;965
227;966
227;967
227;968
227;969
227;970
227;971
227;972
227;973
227;974
227;975
227;976
227;977
227;978
227;979
227;980
227;981
227;982
227;983
227;984
227;985
227;986
227;987
227;988
227;989
227;990
227;991
227;992
227;993
227;994
227;995
227;996
227;997
227;998
227;999
227;1000
227;1001
227;1002
227;1003
227;1004
227;1005
227;1006
227;1007
227;1008
227;1009
227;1010
227;1011
227;1012
227;1013
227;1014
227;1015
227;1016
227;1017
227;1018
227;1019
227;1020
227;1021
227;1022
227;1023
227;1024
227;1025
227;1026
227;1027
227;1028
227;1029
227;1030
227;1031
227;1032
227;1033
227;1034
227;1035
227;1036
227;1037
227;1038
227;1039
227;1040
227;1041
227;1042
227;1043
227;1044
227;1045
227;1046
227;1047
227;1048
227;1049
227;1050
227;1051
227;1052
227;1053
227;1054
227;1055
227;1056
227;1057
227;1058
227;1059
227;1060
227;1061
227;1062
227;1063
227;1064
227;1065
227;1066
227;1067
227;1068
227;1069
227;1070
227;1071
227;1072
227;1073
228;823
228;824
228;825
228;826
228;827
228;828
228;829
228;830
228;831
228;832
228;833
228;834
228;835
228;836
228;837
228;838
228;839
228;840
228;841
228;842
228;843
228;844
228;845
228;846
228;847
228;848
228;849
228;850
228;851
228;852
228;853
228;854
228;855
228;856
228;857
228;858
228;859
228;860
228;861
228;862
228;863
228;864
228;865
228;866
228;867
228;868
228;869
228;870
228;871
228;872
228;873
228;874
228;875
228;876
228;877
228;878
228;879
228;880
228;881
228;882
228;883
228;884
228;885
228;886
228;887
228;888
228;889
228;890
228;891
228;892
228;893
228;894
228;895
228;896
228;897
228;898
228;899
228;900
228;901
228;902
228;903
228;904
228;905
228;906
228;907
228;908
228;909
228;910
228;911
228;912
228;913
228;914
228;915
228;916
228;917
228;918
228;919
228;920
228;921
228;922
228;923
228;924
228;925
228;926
228;927
228;928
228;929
228;930
228;931
228;932
228;933
228;934
228;935
228;936
228;937
228;938
228;939
228;940
228;941
228;942
228;943
228;944
228;945
228;946
228;947
228;948
228;949
228;950
228;951
228;952
228;953
228;954
228;955
228;956
228;957
228;958
228;959
228;960
228;961
228;962
228;963
228;964
228;965
228;966
228;967
228;968
228;969
228;970
228;971
228;972
228;973
228;974
228;975
228;976
228;977
228;978
228;979
228;980
228;981
228;982
228;983
228;984
228;985
228;986
228;987
228;988
228;989
228;990
228;991
228;992
228;993
228;994
228;995
228;996
228;997
228;998
228;999
228;1000
228;1001
228;1002
228;1003
228;1004
228;1005
228;1006
228;1007
228;1008
228;1009
228;1010
228;1011
228;1012
228;1013
228;1014
228;1015
228;1016
228;1017
228;1018
228;1019
228;1020
228;1021
228;1022
228;1023
228;1024
228;1025
228;1026
228;1027
228;1028
228;1029
228;1030
228;1031
228;1032
228;1033
228;1034
228;1035
228;1036
228;1037
228;1038
228;1039
228;1040
228;1041
228;1042
228;1043
228;1044
228;1045
228;1046
228;1047
228;1048
228;1049
228;1050
228;1051
228;1052
228;1053
228;1054
228;1055
228;1056
228;1057
228;1058
228;1059
228;1060
228;1061
228;1062
228;1063
228;1064
228;1065
228;1066
228;1067
228;1068
228;1069
228;1070
228;1071
228;1072
228;1073
229;821
229;822
229;823
229;824
229;825
229;826
229;827
229;828
229;829
229;830
229;831
229;832
229;833
229;834
229;835
229;836
229;837
229;838
229;839
229;840
229;841
229;842
229;843
229;844
229;845
229;846
229;847
229;848
229;849
229;850
229;851
229;852
229;853
229;854
229;855
229;856
229;857
229;858
229;859
229;860
229;861
229;862
229;863
229;864
229;865
229;866
229;867
229;868
229;869
229;870
229;871
229;872
229;873
229;874
229;875
229;876
229;877
229;878
229;879
229;880
229;881
229;882
229;883
229;884
229;885
229;886
229;887
229;888
229;889
229;890
229;891
229;892
229;893
229;894
229;895
229;896
229;897
229;898
229;899
229;900
229;901
229;902
229;903
229;904
229;905
229;906
229;907
229;908
229;909
229;910
229;911
229;912
229;913
229;914
229;915
229;916
229;917
229;918
229;919
229;920
229;921
229;922
229;923
229;924
229;925
229;926
229;927
229;928
229;929
229;930
229;931
229;932
229;933
229;934
229;935
229;936
229;937
229;938
229;939
229;940
229;941
229;942
229;943
229;944
229;945
229;946
229;947
229;948
229;949
229;950
229;951
229;952
229;953
229;954
229;955
229;956
229;957
229;958
229;959
229;960
229;961
229;962
229;963
229;964
229;965
229;966
229;967
229;968
229;969
229;970
229;971
229;972
229;973
229;974
229;975
229;976
229;977
229;978
229;979
229;980
229;981
229;982
229;983
229;984
229;985
229;986
229;987
229;988
229;989
229;990
229;991
229;992
229;993
229;994
229;995
229;996
229;997
229;998
229;999
229;1000
229;1001
229;1002
229;1003
229;1004
229;1005
229;1006
229;1007
229;1008
229;1009
229;1010
229;1011
229;1012
229;1013
229;1014
229;1015
229;1016
229;1017
229;1018
229;1019
229;1020
229;1021
229;1022
229;1023
229;1024
229;1025
229;1026
229;1027
229;1028
229;1029
229;1030
229;1031
229;1032
229;1033
229;1034
229;1035
229;1036
229;1037
229;1038
229;1039
229;1040
229;1041
229;1042
229;1043
229;1044
229;1045
229;1046
229;1047
229;1048
229;1049
229;1050
229;1051
229;1052
229;1053
229;1054
229;1055
229;1056
229;1057
229;1058
229;1059
229;1060
229;1061
229;1062
229;1063
229;1064
229;1065
229;1066
229;1067
229;1068
229;1069
229;1070
229;1071
229;1072
229;1073
230;821
230;822
230;823
230;824
230;825
230;826
230;827
230;828
230;829
230;830
230;831
230;832
230;833
230;834
230;835
230;836
230;837
230;838
230;839
230;840
230;841
230;842
230;843
230;844
230;845
230;846
230;847
230;848
230;849
230;850
230;851
230;852
230;853
230;854
230;855
230;856
230;857
230;858
230;859
230;860
230;861
230;862
230;863
230;864
230;865
230;866
230;867
230;868
230;869
230;870
230;871
230;872
230;873
230;874
230;875
230;876
230;877
230;878
230;879
230;880
230;881
230;882
230;883
230;884
230;885
230;886
230;887
230;888
230;889
230;890
230;891
230;892
230;893
230;894
230;895
230;896
230;897
230;898
230;899
230;900
230;901
230;902
230;903
230;904
230;905
230;906
230;907
230;908
230;909
230;910
230;911
230;912
230;913
230;914
230;915
230;916
230;917
230;918
230;919
230;920
230;921
230;922
230;923
230;924
230;925
230;926
230;927
230;928
230;929
230;930
230;931
230;932
230;933
230;934
230;935
230;936
230;937
230;938
230;939
230;940
230;941
230;942
230;943
230;944
230;945
230;946
230;947
230;948
230;949
230;950
230;951
230;952
230;953
230;954
230;955
230;956
230;957
230;958
230;959
230;960
230;961
230;962
230;963
230;964
230;965
230;966
230;967
230;968
230;969
230;970
230;971
230;972
230;973
230;974
230;975
230;976
230;977
230;978
230;979
230;980
230;981
230;982
230;983
230;984
230;985
230;986
230;987
230;988
230;989
230;990
230;991
230;992
230;993
230;994
230;995
230;996
230;997
230;998
230;999
230;1000
230;1001
230;1002
230;1003
230;1004
230;1005
230;1006
230;1007
230;1008
230;1009
230;1010
230;1011
230;1012
230;1013
230;1014
230;1015
230;1016
230;1017
230;1018
230;1019
230;1020
230;1021
230;1022
230;1023
230;1024
230;1025
230;1026
230;1027
230;1028
230;1029
230;1030
230;1031
230;1032
230;1033
230;1034
230;1035
230;1036
230;1037
230;1038
230;1039
230;1040
230;1041
230;1042
230;1043
230;1044
230;1045
230;1046
230;1047
230;1048
230;1049
230;1050
230;1051
230;1052
230;1053
230;1054
230;1055
230;1056
230;1057
230;1058
230;1059
230;1060
230;1061
230;1062
230;1063
230;1064
230;1065
230;1066
230;1067
230;1068
230;1069
230;1070
230;1071
230;1072
230;1073
231;819
231;820
231;821
231;822
231;823
231;824
231;825
231;826
231;827
231;828
231;829
231;830
231;831
231;832
231;833
231;834
231;835
231;836
231;837
231;838
231;839
231;840
231;841
231;842
231;843
231;844
231;845
231;846
231;847
231;848
231;849
231;850
231;851
231;852
231;853
231;854
231;855
231;856
231;857
231;858
231;859
231;860
231;861
231;862
231;863
231;864
231;865
231;866
231;867
231;868
231;869
231;870
231;871
231;872
231;873
231;874
231;875
231;876
231;877
231;878
231;879
231;880
231;881
231;882
231;883
231;884
231;885
231;886
231;887
231;888
231;889
231;890
231;891
231;892
231;893
231;894
231;895
231;896
231;897
231;898
231;899
231;900
231;901
231;902
231;903
231;904
231;905
231;906
231;907
231;908
231;909
231;910
231;911
231;912
231;913
231;914
231;915
231;916
231;917
231;918
231;919
231;920
231;921
231;922
231;923
231;924
231;925
231;926
231;927
231;928
231;929
231;930
231;931
231;932
231;933
231;934
231;935
231;936
231;937
231;938
231;939
231;940
231;941
231;942
231;943
231;944
231;945
231;946
231;947
231;948
231;949
231;950
231;951
231;952
231;953
231;954
231;955
231;956
231;957
231;958
231;959
231;960
231;961
231;962
231;963
231;964
231;965
231;966
231;967
231;968
231;969
231;970
231;971
231;972
231;973
231;974
231;975
231;976
231;977
231;978
231;979
231;980
231;981
231;982
231;983
231;984
231;985
231;986
231;987
231;988
231;989
231;990
231;991
231;992
231;993
231;994
231;995
231;996
231;997
231;998
231;999
231;1000
231;1001
231;1002
231;1003
231;1004
231;1005
231;1006
231;1007
231;1008
231;1009
231;1010
231;1011
231;1012
231;1013
231;1014
231;1015
231;1016
231;1017
231;1018
231;1019
231;1020
231;1021
231;1022
231;1023
231;1024
231;1025
231;1026
231;1027
231;1028
231;1029
231;1030
231;1031
231;1032
231;1033
231;1034
231;1035
231;1036
231;1037
231;1038
231;1039
231;1040
231;1041
231;1042
231;1043
231;1044
231;1045
231;1046
231;1047
231;1048
231;1049
231;1050
231;1051
231;1052
231;1053
231;1054
231;1055
231;1056
231;1057
231;1058
231;1059
231;1060
231;1061
231;1062
231;1063
231;1064
231;1065
231;1066
231;1067
231;1068
231;1069
231;1070
231;1071
231;1072
231;1073
232;819
232;820
232;821
232;822
232;823
232;824
232;825
232;826
232;827
232;828
232;829
232;830
232;831
232;832
232;833
232;834
232;835
232;836
232;837
232;838
232;839
232;840
232;841
232;842
232;843
232;844
232;845
232;846
232;847
232;848
232;849
232;850
232;851
232;852
232;853
232;854
232;855
232;856
232;857
232;858
232;859
232;860
232;861
232;862
232;863
232;864
232;865
232;866
232;867
232;868
232;869
232;870
232;871
232;872
232;873
232;874
232;875
232;876
232;877
232;878
232;879
232;880
232;881
232;882
232;883
232;884
232;885
232;886
232;887
232;888
232;889
232;890
232;891
232;892
232;893
232;894
232;895
232;896
232;897
232;898
232;899
232;900
232;901
232;902
232;903
232;904
232;905
232;906
232;907
232;908
232;909
232;910
232;911
232;912
232;913
232;914
232;915
232;916
232;917
232;918
232;919
232;920
232;921
232;922
232;923
232;924
232;925
232;926
232;927
232;928
232;929
232;930
232;931
232;932
232;933
232;934
232;935
232;936
232;937
232;938
232;939
232;940
232;941
232;942
232;943
232;944
232;945
232;946
232;947
232;948
232;949
232;950
232;951
232;952
232;953
232;954
232;955
232;956
232;957
232;958
232;959
232;960
232;961
232;962
232;963
232;964
232;965
232;966
232;967
232;968
232;969
232;970
232;971
232;972
232;973
232;974
232;975
232;976
232;977
232;978
232;979
232;980
232;981
232;982
232;983
232;984
232;985
232;986
232;987
232;988
232;989
232;990
232;991
232;992
232;993
232;994
232;995
232;996
232;997
232;998
232;999
232;1000
232;1001
232;1002
232;1003
232;1004
232;1005
232;1006
232;1007
232;1008
232;1009
232;1010
232;1011
232;1012
232;1013
232;1014
232;1015
232;1016
232;1017
232;1018
232;1019
232;1020
232;1021
232;1022
232;1023
232;1024
232;1025
232;1026
232;1027
232;1028
232;1029
232;1030
232;1031
232;1032
232;1033
232;1034
232;1035
232;1036
232;1037
232;1038
232;1039
232;1040
232;1041
232;1042
232;1043
232;1044
232;1045
232;1046
232;1047
232;1048
232;1049
232;1050
232;1051
232;1052
232;1053
232;1054
232;1055
232;1056
232;1057
232;1058
232;1059
232;1060
232;1061
232;1062
232;1063
232;1064
232;1065
232;1066
232;1067
232;1068
232;1069
232;1070
232;1071
232;1072
232;1073
233;817
233;818
233;819
233;820
233;821
233;822
233;823
233;824
233;825
233;826
233;827
233;828
233;829
233;830
233;831
233;832
233;833
233;834
233;835
233;836
233;837
233;838
233;839
233;840
233;841
233;842
233;843
233;844
233;845
233;846
233;847
233;848
233;849
233;850
233;851
233;852
233;853
233;854
233;855
233;856
233;857
233;858
233;859
233;860
233;861
233;862
233;863
233;864
233;865
233;866
233;867
233;868
233;869
233;870
233;871
233;872
233;873
233;874
233;875
233;876
233;877
233;878
233;879
233;880
233;881
233;882
233;883
233;884
233;885
233;886
233;887
233;888
233;889
233;890
233;891
233;892
233;893
233;894
233;895
233;896
233;897
233;898
233;899
233;900
233;901
233;902
233;903
233;904
233;905
233;906
233;907
233;908
233;909
233;910
233;911
233;912
233;913
233;914
233;915
233;916
233;917
233;918
233;919
233;920
233;921
233;922
233;923
233;924
233;925
233;926
233;927
233;928
233;929
233;930
233;931
233;932
233;933
233;934
233;935
233;936
233;937
233;938
233;939
233;940
233;941
233;942
233;943
233;944
233;945
233;946
233;947
233;948
233;949
233;950
233;951
233;952
233;953
233;954
233;955
233;956
233;957
233;958
233;959
233;960
233;961
233;962
233;963
233;964
233;965
233;966
233;967
233;968
233;969
233;970
233;971
233;972
233;973
233;974
233;975
233;976
233;977
233;978
233;979
233;980
233;981
233;982
233;983
233;984
233;985
233;986
233;987
233;988
233;989
233;990
233;991
233;992
233;993
233;994
233;995
233;996
233;997
233;998
233;999
233;1000
233;1001
233;1002
233;1003
233;1004
233;1005
233;1006
233;1007
233;1008
233;1009
233;1010
233;1011
233;1012
233;1013
233;1014
233;1015
233;1016
233;1017
233;1018
233;1019
233;1020
233;1021
233;1022
233;1023
233;1024
233;1025
233;1026
233;1027
233;1028
233;1029
233;1030
233;1031
233;1032
233;1033
233;1034
233;1035
233;1036
233;1037
233;1038
233;1039
233;1040
233;1041
233;1042
233;1043
233;1044
233;1045
233;1046
233;1047
233;1048
233;1049
233;1050
233;1051
233;1052
233;1053
233;1054
233;1055
233;1056
233;1057
233;1058
233;1059
233;1060
233;1061
233;1062
233;1063
233;1064
233;1065
233;1066
233;1067
233;1068
233;1069
233;1070
233;1071
233;1072
233;1073
234;817
234;818
234;819
234;820
234;821
234;822
234;823
234;824
234;825
234;826
234;827
234;828
234;829
234;830
234;831
234;832
234;833
234;834
234;835
234;836
234;837
234;838
234;839
234;840
234;841
234;842
234;843
234;844
234;845
234;846
234;847
234;848
234;849
234;850
234;851
234;852
234;853
234;854
234;855
234;856
234;857
234;858
234;859
234;860
234;861
234;862
234;863
234;864
234;865
234;866
234;867
234;868
234;869
234;870
234;871
234;872
234;873
234;874
234;875
234;876
234;877
234;878
234;879
234;880
234;881
234;882
234;883
234;884
234;885
234;886
234;887
234;888
234;889
234;890
234;891
234;892
234;893
234;894
234;895
234;896
234;897
234;898
234;899
234;900
234;901
234;902
234;903
234;904
234;905
234;906
234;907
234;908
234;909
234;910
234;911
234;912
234;913
234;914
234;915
234;916
234;917
234;918
234;919
234;920
234;921
234;922
234;923
234;924
234;925
234;926
234;927
234;928
234;929
234;930
234;931
234;932
234;933
234;934
234;935
234;936
234;937
234;938
234;939
234;940
234;941
234;942
234;943
234;944
234;945
234;946
234;947
234;948
234;949
234;950
234;951
234;952
234;953
234;954
234;955
234;956
234;957
234;958
234;959
234;960
234;961
234;962
234;963
234;964
234;965
234;966
234;967
234;968
234;969
234;970
234;971
234;972
234;973
234;974
234;975
234;976
234;977
234;978
234;979
234;980
234;981
234;982
234;983
234;984
234;985
234;986
234;987
234;988
234;989
234;990
234;991
234;992
234;993
234;994
234;995
234;996
234;997
234;998
234;999
234;1000
234;1001
234;1002
234;1003
234;1004
234;1005
234;1006
234;1007
234;1008
234;1009
234;1010
234;1011
234;1012
234;1013
234;1014
234;1015
234;1016
234;1017
234;1018
234;1019
234;1020
234;1021
234;1022
234;1023
234;1024
234;1025
234;1026
234;1027
234;1028
234;1029
234;1030
234;1031
234;1032
234;1033
234;1034
234;1035
234;1036
234;1037
234;1038
234;1039
234;1040
234;1041
234;1042
234;1043
234;1044
234;1045
234;1046
234;1047
234;1048
234;1049
234;1050
234;1051
234;1052
234;1053
234;1054
234;1055
234;1056
234;1057
234;1058
234;1059
234;1060
234;1061
234;1062
234;1063
234;1064
234;1065
234;1066
234;1067
234;1068
234;1069
234;1070
234;1071
234;1072
234;1073
235;816
235;817
235;818
235;819
235;820
235;821
235;822
235;823
235;824
235;825
235;826
235;827
235;828
235;829
235;830
235;831
235;832
235;833
235;834
235;835
235;836
235;837
235;838
235;839
235;840
235;841
235;842
235;843
235;844
235;845
235;846
235;847
235;848
235;849
235;850
235;851
235;852
235;853
235;854
235;855
235;856
235;857
235;858
235;859
235;860
235;861
235;862
235;863
235;864
235;865
235;866
235;867
235;868
235;869
235;870
235;871
235;872
235;873
235;874
235;875
235;876
235;877
235;878
235;879
235;880
235;881
235;882
235;883
235;884
235;885
235;886
235;887
235;888
235;889
235;890
235;891
235;892
235;893
235;894
235;895
235;896
235;897
235;898
235;899
235;900
235;901
235;902
235;903
235;904
235;905
235;906
235;907
235;908
235;909
235;910
235;911
235;912
235;913
235;914
235;915
235;916
235;917
235;918
235;919
235;920
235;921
235;922
235;923
235;924
235;925
235;926
235;927
235;928
235;929
235;930
235;931
235;932
235;933
235;934
235;935
235;936
235;937
235;938
235;939
235;940
235;941
235;942
235;943
235;944
235;945
235;946
235;947
235;948
235;949
235;950
235;951
235;952
235;953
235;954
235;955
235;956
235;957
235;958
235;959
235;960
235;961
235;962
235;963
235;964
235;965
235;966
235;967
235;968
235;969
235;970
235;971
235;972
235;973
235;974
235;975
235;976
235;977
235;978
235;979
235;980
235;981
235;982
235;983
235;984
235;985
235;986
235;987
235;988
235;989
235;990
235;991
235;992
235;993
235;994
235;995
235;996
235;997
235;998
235;999
235;1000
235;1001
235;1002
235;1003
235;1004
235;1005
235;1006
235;1007
235;1008
235;1009
235;1010
235;1011
235;1012
235;1013
235;1014
235;1015
235;1016
235;1017
235;1018
235;1019
235;1020
235;1021
235;1022
235;1023
235;1024
235;1025
235;1026
235;1027
235;1028
235;1029
235;1030
235;1031
235;1032
235;1033
235;1034
235;1035
235;1036
235;1037
235;1038
235;1039
235;1040
235;1041
235;1042
235;1043
235;1044
235;1045
235;1046
235;1047
235;1048
235;1049
235;1050
235;1051
235;1052
235;1053
235;1054
235;1055
235;1056
235;1057
235;1058
235;1059
235;1060
235;1061
235;1062
235;1063
235;1064
235;1065
235;1066
235;1067
235;1068
235;1069
235;1070
235;1071
235;1072
235;1073
236;815
236;816
236;817
236;818
236;819
236;820
236;821
236;822
236;823
236;824
236;825
236;826
236;827
236;828
236;829
236;830
236;831
236;832
236;833
236;834
236;835
236;836
236;837
236;838
236;839
236;840
236;841
236;842
236;843
236;844
236;845
236;846
236;847
236;848
236;849
236;850
236;851
236;852
236;853
236;854
236;855
236;856
236;857
236;858
236;859
236;860
236;861
236;862
236;863
236;864
236;865
236;866
236;867
236;868
236;869
236;870
236;871
236;872
236;873
236;874
236;875
236;876
236;877
236;878
236;879
236;880
236;881
236;882
236;883
236;884
236;885
236;886
236;887
236;888
236;889
236;890
236;891
236;892
236;893
236;894
236;895
236;896
236;897
236;898
236;899
236;900
236;901
236;902
236;903
236;904
236;905
236;906
236;907
236;908
236;909
236;910
236;911
236;912
236;913
236;914
236;915
236;916
236;917
236;918
236;919
236;920
236;921
236;922
236;923
236;924
236;925
236;926
236;927
236;928
236;929
236;930
236;931
236;932
236;933
236;934
236;935
236;936
236;937
236;938
236;939
236;940
236;941
236;942
236;943
236;944
236;945
236;946
236;947
236;948
236;949
236;950
236;951
236;952
236;953
236;954
236;955
236;956
236;957
236;958
236;959
236;960
236;961
236;962
236;963
236;964
236;965
236;966
236;967
236;968
236;969
236;970
236;971
236;972
236;973
236;974
236;975
236;976
236;977
236;978
236;979
236;980
236;981
236;982
236;983
236;984
236;985
236;986
236;987
236;988
236;989
236;990
236;991
236;992
236;993
236;994
236;995
236;996
236;997
236;998
236;999
236;1000
236;1001
236;1002
236;1003
236;1004
236;1005
236;1006
236;1007
236;1008
236;1009
236;1010
236;1011
236;1012
236;1013
236;1014
236;1015
236;1016
236;1017
236;1018
236;1019
236;1020
236;1021
236;1022
236;1023
236;1024
236;1025
236;1026
236;1027
236;1028
236;1029
236;1030
236;1031
236;1032
236;1033
236;1034
236;1035
236;1036
236;1037
236;1038
236;1039
236;1040
236;1041
236;1042
236;1043
236;1044
236;1045
236;1046
236;1047
236;1048
236;1049
236;1050
236;1051
236;1052
236;1053
236;1054
236;1055
236;1056
236;1057
236;1058
236;1059
236;1060
236;1061
236;1062
236;1063
236;1064
236;1065
236;1066
236;1067
236;1068
236;1069
236;1070
236;1071
236;1072
236;1073
237;814
237;815
237;816
237;817
237;818
237;819
237;820
237;821
237;822
237;823
237;824
237;825
237;826
237;827
237;828
237;829
237;830
237;831
237;832
237;833
237;834
237;835
237;836
237;837
237;838
237;839
237;840
237;841
237;842
237;843
237;844
237;845
237;846
237;847
237;848
237;849
237;850
237;851
237;852
237;853
237;854
237;855
237;856
237;857
237;858
237;859
237;860
237;861
237;862
237;863
237;864
237;865
237;866
237;867
237;868
237;869
237;870
237;871
237;872
237;873
237;874
237;875
237;876
237;877
237;878
237;879
237;880
237;881
237;882
237;883
237;884
237;885
237;886
237;887
237;888
237;889
237;890
237;891
237;892
237;893
237;894
237;895
237;896
237;897
237;898
237;899
237;900
237;901
237;902
237;903
237;904
237;905
237;906
237;907
237;908
237;909
237;910
237;911
237;912
237;913
237;914
237;915
237;916
237;917
237;918
237;919
237;920
237;921
237;922
237;923
237;924
237;925
237;926
237;927
237;928
237;929
237;930
237;931
237;932
237;933
237;934
237;935
237;936
237;937
237;938
237;939
237;940
237;941
237;942
237;943
237;944
237;945
237;946
237;947
237;948
237;949
237;950
237;951
237;952
237;953
237;954
237;955
237;956
237;957
237;958
237;959
237;960
237;961
237;962
237;963
237;964
237;965
237;966
237;967
237;968
237;969
237;970
237;971
237;972
237;973
237;974
237;975
237;976
237;977
237;978
237;979
237;980
237;981
237;982
237;983
237;984
237;985
237;986
237;987
237;988
237;989
237;990
237;991
237;992
237;993
237;994
237;995
237;996
237;997
237;998
237;999
237;1000
237;1001
237;1002
237;1003
237;1004
237;1005
237;1006
237;1007
237;1008
237;1009
237;1010
237;1011
237;1012
237;1013
237;1014
237;1015
237;1016
237;1017
237;1018
237;1019
237;1020
237;1021
237;1022
237;1023
237;1024
237;1025
237;1026
237;1027
237;1028
237;1029
237;1030
237;1031
237;1032
237;1033
237;1034
237;1035
237;1036
237;1037
237;1038
237;1039
237;1040
237;1041
237;1042
237;1043
237;1044
237;1045
237;1046
237;1047
237;1048
237;1049
237;1050
237;1051
237;1052
237;1053
237;1054
237;1055
237;1056
237;1057
237;1058
237;1059
237;1060
237;1061
237;1062
237;1063
237;1064
237;1065
237;1066
237;1067
237;1068
237;1069
237;1070
237;1071
237;1072
237;1073
238;813
238;814
238;815
238;816
238;817
238;818
238;819
238;820
238;821
238;822
238;823
238;824
238;825
238;826
238;827
238;828
238;829
238;830
238;831
238;832
238;833
238;834
238;835
238;836
238;837
238;838
238;839
238;840
238;841
238;842
238;843
238;844
238;845
238;846
238;847
238;848
238;849
238;850
238;851
238;852
238;853
238;854
238;855
238;856
238;857
238;858
238;859
238;860
238;861
238;862
238;863
238;864
238;865
238;866
238;867
238;868
238;869
238;870
238;871
238;872
238;873
238;874
238;875
238;876
238;877
238;878
238;879
238;880
238;881
238;882
238;883
238;884
238;885
238;886
238;887
238;888
238;889
238;890
238;891
238;892
238;893
238;894
238;895
238;896
238;897
238;898
238;899
238;900
238;901
238;902
238;903
238;904
238;905
238;906
238;907
238;908
238;909
238;910
238;911
238;912
238;913
238;914
238;915
238;916
238;917
238;918
238;919
238;920
238;921
238;922
238;923
238;924
238;925
238;926
238;927
238;928
238;929
238;930
238;931
238;932
238;933
238;934
238;935
238;936
238;937
238;938
238;939
238;940
238;941
238;942
238;943
238;944
238;945
238;946
238;947
238;948
238;949
238;950
238;951
238;952
238;953
238;954
238;955
238;956
238;957
238;958
238;959
238;960
238;961
238;962
238;963
238;964
238;965
238;966
238;967
238;968
238;969
238;970
238;971
238;972
238;973
238;974
238;975
238;976
238;977
238;978
238;979
238;980
238;981
238;982
238;983
238;984
238;985
238;986
238;987
238;988
238;989
238;990
238;991
238;992
238;993
238;994
238;995
238;996
238;997
238;998
238;999
238;1000
238;1001
238;1002
238;1003
238;1004
238;1005
238;1006
238;1007
238;1008
238;1009
238;1010
238;1011
238;1012
238;1013
238;1014
238;1015
238;1016
238;1017
238;1018
238;1019
238;1020
238;1021
238;1022
238;1023
238;1024
238;1025
238;1026
238;1027
238;1028
238;1029
238;1030
238;1031
238;1032
238;1033
238;1034
238;1035
238;1036
238;1037
238;1038
238;1039
238;1040
238;1041
238;1042
238;1043
238;1044
238;1045
238;1046
238;1047
238;1048
238;1049
238;1050
238;1051
238;1052
238;1053
238;1054
238;1055
238;1056
238;1057
238;1058
238;1059
238;1060
238;1061
238;1062
238;1063
238;1064
238;1065
238;1066
238;1067
238;1068
238;1069
238;1070
238;1071
238;1072
238;1073
239;812
239;813
239;814
239;815
239;816
239;817
239;818
239;819
239;820
239;821
239;822
239;823
239;824
239;825
239;826
239;827
239;828
239;829
239;830
239;831
239;832
239;833
239;834
239;835
239;836
239;837
239;838
239;839
239;840
239;841
239;842
239;843
239;844
239;845
239;846
239;847
239;848
239;849
239;850
239;851
239;852
239;853
239;854
239;855
239;856
239;857
239;858
239;859
239;860
239;861
239;862
239;863
239;864
239;865
239;866
239;867
239;868
239;869
239;870
239;871
239;872
239;873
239;874
239;875
239;876
239;877
239;878
239;879
239;880
239;881
239;882
239;883
239;884
239;885
239;886
239;887
239;888
239;889
239;890
239;891
239;892
239;893
239;894
239;895
239;896
239;897
239;898
239;899
239;900
239;901
239;902
239;903
239;904
239;905
239;906
239;907
239;908
239;909
239;910
239;911
239;912
239;913
239;914
239;915
239;916
239;917
239;918
239;919
239;920
239;921
239;922
239;923
239;924
239;925
239;926
239;927
239;928
239;929
239;930
239;931
239;932
239;933
239;934
239;935
239;936
239;937
239;938
239;939
239;940
239;941
239;942
239;943
239;944
239;945
239;946
239;947
239;948
239;949
239;950
239;951
239;952
239;953
239;954
239;955
239;956
239;957
239;958
239;959
239;960
239;961
239;962
239;963
239;964
239;965
239;966
239;967
239;968
239;969
239;970
239;971
239;972
239;973
239;974
239;975
239;976
239;977
239;978
239;979
239;980
239;981
239;982
239;983
239;984
239;985
239;986
239;987
239;988
239;989
239;990
239;991
239;992
239;993
239;994
239;995
239;996
239;997
239;998
239;999
239;1000
239;1001
239;1002
239;1003
239;1004
239;1005
239;1006
239;1007
239;1008
239;1009
239;1010
239;1011
239;1012
239;1013
239;1014
239;1015
239;1016
239;1017
239;1018
239;1019
239;1020
239;1021
239;1022
239;1023
239;1024
239;1025
239;1026
239;1027
239;1028
239;1029
239;1030
239;1031
239;1032
239;1033
239;1034
239;1035
239;1036
239;1037
239;1038
239;1039
239;1040
239;1041
239;1042
239;1043
239;1044
239;1045
239;1046
239;1047
239;1048
239;1049
239;1050
239;1051
239;1052
239;1053
239;1054
239;1055
239;1056
239;1057
239;1058
239;1059
239;1060
239;1061
239;1062
239;1063
239;1064
239;1065
239;1066
239;1067
239;1068
239;1069
239;1070
239;1071
239;1072
239;1073
240;811
240;812
240;813
240;814
240;815
240;816
240;817
240;818
240;819
240;820
240;821
240;822
240;823
240;824
240;825
240;826
240;827
240;828
240;829
240;830
240;831
240;832
240;833
240;834
240;835
240;836
240;837
240;838
240;839
240;840
240;841
240;842
240;843
240;844
240;845
240;846
240;847
240;848
240;849
240;850
240;851
240;852
240;853
240;854
240;855
240;856
240;857
240;858
240;859
240;860
240;861
240;862
240;863
240;864
240;865
240;866
240;867
240;868
240;869
240;870
240;871
240;872
240;873
240;874
240;875
240;876
240;877
240;878
240;879
240;880
240;881
240;882
240;883
240;884
240;885
240;886
240;887
240;888
240;889
240;890
240;891
240;892
240;893
240;894
240;895
240;896
240;897
240;898
240;899
240;900
240;901
240;902
240;903
240;904
240;905
240;906
240;907
240;908
240;909
240;910
240;911
240;912
240;913
240;914
240;915
240;916
240;917
240;918
240;919
240;920
240;921
240;922
240;923
240;924
240;925
240;926
240;927
240;928
240;929
240;930
240;931
240;932
240;933
240;934
240;935
240;936
240;937
240;938
240;939
240;940
240;941
240;942
240;943
240;944
240;945
240;946
240;947
240;948
240;949
240;950
240;951
240;952
240;953
240;954
240;955
240;956
240;957
240;958
240;959
240;960
240;961
240;962
240;963
240;964
240;965
240;966
240;967
240;968
240;969
240;970
240;971
240;972
240;973
240;974
240;975
240;976
240;977
240;978
240;979
240;980
240;981
240;982
240;983
240;984
240;985
240;986
240;987
240;988
240;989
240;990
240;991
240;992
240;993
240;994
240;995
240;996
240;997
240;998
240;999
240;1000
240;1001
240;1002
240;1003
240;1004
240;1005
240;1006
240;1007
240;1008
240;1009
240;1010
240;1011
240;1012
240;1013
240;1014
240;1015
240;1016
240;1017
240;1018
240;1019
240;1020
240;1021
240;1022
240;1023
240;1024
240;1025
240;1026
240;1027
240;1028
240;1029
240;1030
240;1031
240;1032
240;1033
240;1034
240;1035
240;1036
240;1037
240;1038
240;1039
240;1040
240;1041
240;1042
240;1043
240;1044
240;1045
240;1046
240;1047
240;1048
240;1049
240;1050
240;1051
240;1052
240;1053
240;1054
240;1055
240;1056
240;1057
240;1058
240;1059
240;1060
240;1061
240;1062
240;1063
240;1064
240;1065
240;1066
240;1067
240;1068
240;1069
240;1070
240;1071
240;1072
240;1073
241;810
241;811
241;812
241;813
241;814
241;815
241;816
241;817
241;818
241;819
241;820
241;821
241;822
241;823
241;824
241;825
241;826
241;827
241;828
241;829
241;830
241;831
241;832
241;833
241;834
241;835
241;836
241;837
241;838
241;839
241;840
241;841
241;842
241;843
241;844
241;845
241;846
241;847
241;848
241;849
241;850
241;851
241;852
241;853
241;854
241;855
241;856
241;857
241;858
241;859
241;860
241;861
241;862
241;863
241;864
241;865
241;866
241;867
241;868
241;869
241;870
241;871
241;872
241;873
241;874
241;875
241;876
241;877
241;878
241;879
241;880
241;881
241;882
241;883
241;884
241;885
241;886
241;887
241;888
241;889
241;890
241;891
241;892
241;893
241;894
241;895
241;896
241;897
241;898
241;899
241;900
241;901
241;902
241;903
241;904
241;905
241;906
241;907
241;908
241;909
241;910
241;911
241;912
241;913
241;914
241;915
241;916
241;917
241;918
241;919
241;920
241;921
241;922
241;923
241;924
241;925
241;926
241;927
241;928
241;929
241;930
241;931
241;932
241;933
241;934
241;935
241;936
241;937
241;938
241;939
241;940
241;941
241;942
241;943
241;944
241;945
241;946
241;947
241;948
241;949
241;950
241;951
241;952
241;953
241;954
241;955
241;956
241;957
241;958
241;959
241;960
241;961
241;962
241;963
241;964
241;965
241;966
241;967
241;968
241;969
241;970
241;971
241;972
241;973
241;974
241;975
241;976
241;977
241;978
241;979
241;980
241;981
241;982
241;983
241;984
241;985
241;986
241;987
241;988
241;989
241;990
241;991
241;992
241;993
241;994
241;995
241;996
241;997
241;998
241;999
241;1000
241;1001
241;1002
241;1003
241;1004
241;1005
241;1006
241;1007
241;1008
241;1009
241;1010
241;1011
241;1012
241;1013
241;1014
241;1015
241;1016
241;1017
241;1018
241;1019
241;1020
241;1021
241;1022
241;1023
241;1024
241;1025
241;1026
241;1027
241;1028
241;1029
241;1030
241;1031
241;1032
241;1033
241;1034
241;1035
241;1036
241;1037
241;1038
241;1039
241;1040
241;1041
241;1042
241;1043
241;1044
241;1045
241;1046
241;1047
241;1048
241;1049
241;1050
241;1051
241;1052
241;1053
241;1054
241;1055
241;1056
241;1057
241;1058
241;1059
241;1060
241;1061
241;1062
241;1063
241;1064
241;1065
241;1066
241;1067
241;1068
241;1069
241;1070
241;1071
241;1072
241;1073
242;809
242;810
242;811
242;812
242;813
242;814
242;815
242;816
242;817
242;818
242;819
242;820
242;821
242;822
242;823
242;824
242;825
242;826
242;827
242;828
242;829
242;830
242;831
242;832
242;833
242;834
242;835
242;836
242;837
242;838
242;839
242;840
242;841
242;842
242;843
242;844
242;845
242;846
242;847
242;848
242;849
242;850
242;851
242;852
242;853
242;854
242;855
242;856
242;857
242;858
242;859
242;860
242;861
242;862
242;863
242;864
242;865
242;866
242;867
242;868
242;869
242;870
242;871
242;872
242;873
242;874
242;875
242;876
242;877
242;878
242;879
242;880
242;881
242;882
242;883
242;884
242;885
242;886
242;887
242;888
242;889
242;890
242;891
242;892
242;893
242;894
242;895
242;896
242;897
242;898
242;899
242;900
242;901
242;902
242;903
242;904
242;905
242;906
242;907
242;908
242;909
242;910
242;911
242;912
242;913
242;914
242;915
242;916
242;917
242;918
242;919
242;920
242;921
242;922
242;923
242;924
242;925
242;926
242;927
242;928
242;929
242;930
242;931
242;932
242;933
242;934
242;935
242;936
242;937
242;938
242;939
242;940
242;941
242;942
242;943
242;944
242;945
242;946
242;947
242;948
242;949
242;950
242;951
242;952
242;953
242;954
242;955
242;956
242;957
242;958
242;959
242;960
242;961
242;962
242;963
242;964
242;965
242;966
242;967
242;968
242;969
242;970
242;971
242;972
242;973
242;974
242;975
242;976
242;977
242;978
242;979
242;980
242;981
242;982
242;983
242;984
242;985
242;986
242;987
242;988
242;989
242;990
242;991
242;992
242;993
242;994
242;995
242;996
242;997
242;998
242;999
242;1000
242;1001
242;1002
242;1003
242;1004
242;1005
242;1006
242;1007
242;1008
242;1009
242;1010
242;1011
242;1012
242;1013
242;1014
242;1015
242;1016
242;1017
242;1018
242;1019
242;1020
242;1021
242;1022
242;1023
242;1024
242;1025
242;1026
242;1027
242;1028
242;1029
242;1030
242;1031
242;1032
242;1033
242;1034
242;1035
242;1036
242;1037
242;1038
242;1039
242;1040
242;1041
242;1042
242;1043
242;1044
242;1045
242;1046
242;1047
242;1048
242;1049
242;1050
242;1051
242;1052
242;1053
242;1054
242;1055
242;1056
242;1057
242;1058
242;1059
242;1060
242;1061
242;1062
242;1063
242;1064
242;1065
242;1066
242;1067
242;1068
242;1069
242;1070
242;1071
242;1072
242;1073
243;808
243;809
243;810
243;811
243;812
243;813
243;814
243;815
243;816
243;817
243;818
243;819
243;820
243;821
243;822
243;823
243;824
243;825
243;826
243;827
243;828
243;829
243;830
243;831
243;832
243;833
243;834
243;835
243;836
243;837
243;838
243;839
243;840
243;841
243;842
243;843
243;844
243;845
243;846
243;847
243;848
243;849
243;850
243;851
243;852
243;853
243;854
243;855
243;856
243;857
243;858
243;859
243;860
243;861
243;862
243;863
243;864
243;865
243;866
243;867
243;868
243;869
243;870
243;871
243;872
243;873
243;874
243;875
243;876
243;877
243;878
243;879
243;880
243;881
243;882
243;883
243;884
243;885
243;886
243;887
243;888
243;889
243;890
243;891
243;892
243;893
243;894
243;895
243;896
243;897
243;898
243;899
243;900
243;901
243;902
243;903
243;904
243;905
243;906
243;907
243;908
243;909
243;910
243;911
243;912
243;913
243;914
243;915
243;916
243;917
243;918
243;919
243;920
243;921
243;922
243;923
243;924
243;925
243;926
243;927
243;928
243;929
243;930
243;931
243;932
243;933
243;934
243;935
243;936
243;937
243;938
243;939
243;940
243;941
243;942
243;943
243;944
243;945
243;946
243;947
243;948
243;949
243;950
243;951
243;952
243;953
243;954
243;955
243;956
243;957
243;958
243;959
243;960
243;961
243;962
243;963
243;964
243;965
243;966
243;967
243;968
243;969
243;970
243;971
243;972
243;973
243;974
243;975
243;976
243;977
243;978
243;979
243;980
243;981
243;982
243;983
243;984
243;985
243;986
243;987
243;988
243;989
243;990
243;991
243;992
243;993
243;994
243;995
243;996
243;997
243;998
243;999
243;1000
243;1001
243;1002
243;1003
243;1004
243;1005
243;1006
243;1007
243;1008
243;1009
243;1010
243;1011
243;1012
243;1013
243;1014
243;1015
243;1016
243;1017
243;1018
243;1019
243;1020
243;1021
243;1022
243;1023
243;1024
243;1025
243;1026
243;1027
243;1028
243;1029
243;1030
243;1031
243;1032
243;1033
243;1034
243;1035
243;1036
243;1037
243;1038
243;1039
243;1040
243;1041
243;1042
243;1043
243;1044
243;1045
243;1046
243;1047
243;1048
243;1049
243;1050
243;1051
243;1052
243;1053
243;1054
243;1055
243;1056
243;1057
243;1058
243;1059
243;1060
243;1061
243;1062
243;1063
243;1064
243;1065
243;1066
243;1067
243;1068
243;1069
243;1070
243;1071
243;1072
243;1073
244;807
244;808
244;809
244;810
244;811
244;812
244;813
244;814
244;815
244;816
244;817
244;818
244;819
244;820
244;821
244;822
244;823
244;824
244;825
244;826
244;827
244;828
244;829
244;830
244;831
244;832
244;833
244;834
244;835
244;836
244;837
244;838
244;839
244;840
244;841
244;842
244;843
244;844
244;845
244;846
244;847
244;848
244;849
244;850
244;851
244;852
244;853
244;854
244;855
244;856
244;857
244;858
244;859
244;860
244;861
244;862
244;863
244;864
244;865
244;866
244;867
244;868
244;869
244;870
244;871
244;872
244;873
244;874
244;875
244;876
244;877
244;878
244;879
244;880
244;881
244;882
244;883
244;884
244;885
244;886
244;887
244;888
244;889
244;890
244;891
244;892
244;893
244;894
244;895
244;896
244;897
244;898
244;899
244;900
244;901
244;902
244;903
244;904
244;905
244;906
244;907
244;908
244;909
244;910
244;911
244;912
244;913
244;914
244;915
244;916
244;917
244;918
244;919
244;920
244;921
244;922
244;923
244;924
244;925
244;926
244;927
244;928
244;929
244;930
244;931
244;932
244;933
244;934
244;935
244;936
244;937
244;938
244;939
244;940
244;941
244;942
244;943
244;944
244;945
244;946
244;947
244;948
244;949
244;950
244;951
244;952
244;953
244;954
244;955
244;956
244;957
244;958
244;959
244;960
244;961
244;962
244;963
244;964
244;965
244;966
244;967
244;968
244;969
244;970
244;971
244;972
244;973
244;974
244;975
244;976
244;977
244;978
244;979
244;980
244;981
244;982
244;983
244;984
244;985
244;986
244;987
244;988
244;989
244;990
244;991
244;992
244;993
244;994
244;995
244;996
244;997
244;998
244;999
244;1000
244;1001
244;1002
244;1003
244;1004
244;1005
244;1006
244;1007
244;1008
244;1009
244;1010
244;1011
244;1012
244;1013
244;1014
244;1015
244;1016
244;1017
244;1018
244;1019
244;1020
244;1021
244;1022
244;1023
244;1024
244;1025
244;1026
244;1027
244;1028
244;1029
244;1030
244;1031
244;1032
244;1033
244;1034
244;1035
244;1036
244;1037
244;1038
244;1039
244;1040
244;1041
244;1042
244;1043
244;1044
244;1045
244;1046
244;1047
244;1048
244;1049
244;1050
244;1051
244;1052
244;1053
244;1054
244;1055
244;1056
244;1057
244;1058
244;1059
244;1060
244;1061
244;1062
244;1063
244;1064
244;1065
244;1066
244;1067
244;1068
244;1069
244;1070
244;1071
244;1072
244;1073
245;807
245;808
245;809
245;810
245;811
245;812
245;813
245;814
245;815
245;816
245;817
245;818
245;819
245;820
245;821
245;822
245;823
245;824
245;825
245;826
245;827
245;828
245;829
245;830
245;831
245;832
245;833
245;834
245;835
245;836
245;837
245;838
245;839
245;840
245;841
245;842
245;843
245;844
245;845
245;846
245;847
245;848
245;849
245;850
245;851
245;852
245;853
245;854
245;855
245;856
245;857
245;858
245;859
245;860
245;861
245;862
245;863
245;864
245;865
245;866
245;867
245;868
245;869
245;870
245;871
245;872
245;873
245;874
245;875
245;876
245;877
245;878
245;879
245;880
245;881
245;882
245;883
245;884
245;885
245;886
245;887
245;888
245;889
245;890
245;891
245;892
245;893
245;894
245;895
245;896
245;897
245;898
245;899
245;900
245;901
245;902
245;903
245;904
245;905
245;906
245;907
245;908
245;909
245;910
245;911
245;912
245;913
245;914
245;915
245;916
245;917
245;918
245;919
245;920
245;921
245;922
245;923
245;924
245;925
245;926
245;927
245;928
245;929
245;930
245;931
245;932
245;933
245;934
245;935
245;936
245;937
245;938
245;939
245;940
245;941
245;942
245;943
245;944
245;945
245;946
245;947
245;948
245;949
245;950
245;951
245;952
245;953
245;954
245;955
245;956
245;957
245;958
245;959
245;960
245;961
245;962
245;963
245;964
245;965
245;966
245;967
245;968
245;969
245;970
245;971
245;972
245;973
245;974
245;975
245;976
245;977
245;978
245;979
245;980
245;981
245;982
245;983
245;984
245;985
245;986
245;987
245;988
245;989
245;990
245;991
245;992
245;993
245;994
245;995
245;996
245;997
245;998
245;999
245;1000
245;1001
245;1002
245;1003
245;1004
245;1005
245;1006
245;1007
245;1008
245;1009
245;1010
245;1011
245;1012
245;1013
245;1014
245;1015
245;1016
245;1017
245;1018
245;1019
245;1020
245;1021
245;1022
245;1023
245;1024
245;1025
245;1026
245;1027
245;1028
245;1029
245;1030
245;1031
245;1032
245;1033
245;1034
245;1035
245;1036
245;1037
245;1038
245;1039
245;1040
245;1041
245;1042
245;1043
245;1044
245;1045
245;1046
245;1047
245;1048
245;1049
245;1050
245;1051
245;1052
245;1053
245;1054
245;1055
245;1056
245;1057
245;1058
245;1059
245;1060
245;1061
245;1062
245;1063
245;1064
245;1065
245;1066
245;1067
245;1068
245;1069
245;1070
245;1071
245;1072
245;1073
246;805
246;806
246;807
246;808
246;809
246;810
246;811
246;812
246;813
246;814
246;815
246;816
246;817
246;818
246;819
246;820
246;821
246;822
246;823
246;824
246;825
246;826
246;827
246;828
246;829
246;830
246;831
246;832
246;833
246;834
246;835
246;836
246;837
246;838
246;839
246;840
246;841
246;842
246;843
246;844
246;845
246;846
246;847
246;848
246;849
246;850
246;851
246;852
246;853
246;854
246;855
246;856
246;857
246;858
246;859
246;860
246;861
246;862
246;863
246;864
246;865
246;866
246;867
246;868
246;869
246;870
246;871
246;872
246;873
246;874
246;875
246;876
246;877
246;878
246;879
246;880
246;881
246;882
246;883
246;884
246;885
246;886
246;887
246;888
246;889
246;890
246;891
246;892
246;893
246;894
246;895
246;896
246;897
246;898
246;899
246;900
246;901
246;902
246;903
246;904
246;905
246;906
246;907
246;908
246;909
246;910
246;911
246;912
246;913
246;914
246;915
246;916
246;917
246;918
246;919
246;920
246;921
246;922
246;923
246;924
246;925
246;926
246;927
246;928
246;929
246;930
246;931
246;932
246;933
246;934
246;935
246;936
246;937
246;938
246;939
246;940
246;941
246;942
246;943
246;944
246;945
246;946
246;947
246;948
246;949
246;950
246;951
246;952
246;953
246;954
246;955
246;956
246;957
246;958
246;959
246;960
246;961
246;962
246;963
246;964
246;965
246;966
246;967
246;968
246;969
246;970
246;971
246;972
246;973
246;974
246;975
246;976
246;977
246;978
246;979
246;980
246;981
246;982
246;983
246;984
246;985
246;986
246;987
246;988
246;989
246;990
246;991
246;992
246;993
246;994
246;995
246;996
246;997
246;998
246;999
246;1000
246;1001
246;1002
246;1003
246;1004
246;1005
246;1006
246;1007
246;1008
246;1009
246;1010
246;1011
246;1012
246;1013
246;1014
246;1015
246;1016
246;1017
246;1018
246;1019
246;1020
246;1021
246;1022
246;1023
246;1024
246;1025
246;1026
246;1027
246;1028
246;1029
246;1030
246;1031
246;1032
246;1033
246;1034
246;1035
246;1036
246;1037
246;1038
246;1039
246;1040
246;1041
246;1042
246;1043
246;1044
246;1045
246;1046
246;1047
246;1048
246;1049
246;1050
246;1051
246;1052
246;1053
246;1054
246;1055
246;1056
246;1057
246;1058
246;1059
246;1060
246;1061
246;1062
246;1063
246;1064
246;1065
246;1066
246;1067
246;1068
246;1069
246;1070
246;1071
246;1072
246;1073
247;805
247;806
247;807
247;808
247;809
247;810
247;811
247;812
247;813
247;814
247;815
247;816
247;817
247;818
247;819
247;820
247;821
247;822
247;823
247;824
247;825
247;826
247;827
247;828
247;829
247;830
247;831
247;832
247;833
247;834
247;835
247;836
247;837
247;838
247;839
247;840
247;841
247;842
247;843
247;844
247;845
247;846
247;847
247;848
247;849
247;850
247;851
247;852
247;853
247;854
247;855
247;856
247;857
247;858
247;859
247;860
247;861
247;862
247;863
247;864
247;865
247;866
247;867
247;868
247;869
247;870
247;871
247;872
247;873
247;874
247;875
247;876
247;877
247;878
247;879
247;880
247;881
247;882
247;883
247;884
247;885
247;886
247;887
247;888
247;889
247;890
247;891
247;892
247;893
247;894
247;895
247;896
247;897
247;898
247;899
247;900
247;901
247;902
247;903
247;904
247;905
247;906
247;907
247;908
247;909
247;910
247;911
247;912
247;913
247;914
247;915
247;916
247;917
247;918
247;919
247;920
247;921
247;922
247;923
247;924
247;925
247;926
247;927
247;928
247;929
247;930
247;931
247;932
247;933
247;934
247;935
247;936
247;937
247;938
247;939
247;940
247;941
247;942
247;943
247;944
247;945
247;946
247;947
247;948
247;949
247;950
247;951
247;952
247;953
247;954
247;955
247;956
247;957
247;958
247;959
247;960
247;961
247;962
247;963
247;964
247;965
247;966
247;967
247;968
247;969
247;970
247;971
247;972
247;973
247;974
247;975
247;976
247;977
247;978
247;979
247;980
247;981
247;982
247;983
247;984
247;985
247;986
247;987
247;988
247;989
247;990
247;991
247;992
247;993
247;994
247;995
247;996
247;997
247;998
247;999
247;1000
247;1001
247;1002
247;1003
247;1004
247;1005
247;1006
247;1007
247;1008
247;1009
247;1010
247;1011
247;1012
247;1013
247;1014
247;1015
247;1016
247;1017
247;1018
247;1019
247;1020
247;1021
247;1022
247;1023
247;1024
247;1025
247;1026
247;1027
247;1028
247;1029
247;1030
247;1031
247;1032
247;1033
247;1034
247;1035
247;1036
247;1037
247;1038
247;1039
247;1040
247;1041
247;1042
247;1043
247;1044
247;1045
247;1046
247;1047
247;1048
247;1049
247;1050
247;1051
247;1052
247;1053
247;1054
247;1055
247;1056
247;1057
247;1058
247;1059
247;1060
247;1061
247;1062
247;1063
247;1064
247;1065
247;1066
247;1067
247;1068
247;1069
247;1070
247;1071
247;1072
247;1073
248;803
248;804
248;805
248;806
248;807
248;808
248;809
248;810
248;811
248;812
248;813
248;814
248;815
248;816
248;817
248;818
248;819
248;820
248;821
248;822
248;823
248;824
248;825
248;826
248;827
248;828
248;829
248;830
248;831
248;832
248;833
248;834
248;835
248;836
248;837
248;838
248;839
248;840
248;841
248;842
248;843
248;844
248;845
248;846
248;847
248;848
248;849
248;850
248;851
248;852
248;853
248;854
248;855
248;856
248;857
248;858
248;859
248;860
248;861
248;862
248;863
248;864
248;865
248;866
248;867
248;868
248;869
248;870
248;871
248;872
248;873
248;874
248;875
248;876
248;877
248;878
248;879
248;880
248;881
248;882
248;883
248;884
248;885
248;886
248;887
248;888
248;889
248;890
248;891
248;892
248;893
248;894
248;895
248;896
248;897
248;898
248;899
248;900
248;901
248;902
248;903
248;904
248;905
248;906
248;907
248;908
248;909
248;910
248;911
248;912
248;913
248;914
248;915
248;916
248;917
248;918
248;919
248;920
248;921
248;922
248;923
248;924
248;925
248;926
248;927
248;928
248;929
248;930
248;931
248;932
248;933
248;934
248;935
248;936
248;937
248;938
248;939
248;940
248;941
248;942
248;943
248;944
248;945
248;946
248;947
248;948
248;949
248;950
248;951
248;952
248;953
248;954
248;955
248;956
248;957
248;958
248;959
248;960
248;961
248;962
248;963
248;964
248;965
248;966
248;967
248;968
248;969
248;970
248;971
248;972
248;973
248;974
248;975
248;976
248;977
248;978
248;979
248;980
248;981
248;982
248;983
248;984
248;985
248;986
248;987
248;988
248;989
248;990
248;991
248;992
248;993
248;994
248;995
248;996
248;997
248;998
248;999
248;1000
248;1001
248;1002
248;1003
248;1004
248;1005
248;1006
248;1007
248;1008
248;1009
248;1010
248;1011
248;1012
248;1013
248;1014
248;1015
248;1016
248;1017
248;1018
248;1019
248;1020
248;1021
248;1022
248;1023
248;1024
248;1025
248;1026
248;1027
248;1028
248;1029
248;1030
248;1031
248;1032
248;1033
248;1034
248;1035
248;1036
248;1037
248;1038
248;1039
248;1040
248;1041
248;1042
248;1043
248;1044
248;1045
248;1046
248;1047
248;1048
248;1049
248;1050
248;1051
248;1052
248;1053
248;1054
248;1055
248;1056
248;1057
248;1058
248;1059
248;1060
248;1061
248;1062
248;1063
248;1064
248;1065
248;1066
248;1067
248;1068
248;1069
248;1070
248;1071
248;1072
248;1073
249;803
249;804
249;805
249;806
249;807
249;808
249;809
249;810
249;811
249;812
249;813
249;814
249;815
249;816
249;817
249;818
249;819
249;820
249;821
249;822
249;823
249;824
249;825
249;826
249;827
249;828
249;829
249;830
249;831
249;832
249;833
249;834
249;835
249;836
249;837
249;838
249;839
249;840
249;841
249;842
249;843
249;844
249;845
249;846
249;847
249;848
249;849
249;850
249;851
249;852
249;853
249;854
249;855
249;856
249;857
249;858
249;859
249;860
249;861
249;862
249;863
249;864
249;865
249;866
249;867
249;868
249;869
249;870
249;871
249;872
249;873
249;874
249;875
249;876
249;877
249;878
249;879
249;880
249;881
249;882
249;883
249;884
249;885
249;886
249;887
249;888
249;889
249;890
249;891
249;892
249;893
249;894
249;895
249;896
249;897
249;898
249;899
249;900
249;901
249;902
249;903
249;904
249;905
249;906
249;907
249;908
249;909
249;910
249;911
249;912
249;913
249;914
249;915
249;916
249;917
249;918
249;919
249;920
249;921
249;922
249;923
249;924
249;925
249;926
249;927
249;928
249;929
249;930
249;931
249;932
249;933
249;934
249;935
249;936
249;937
249;938
249;939
249;940
249;941
249;942
249;943
249;944
249;945
249;946
249;947
249;948
249;949
249;950
249;951
249;952
249;953
249;954
249;955
249;956
249;957
249;958
249;959
249;960
249;961
249;962
249;963
249;964
249;965
249;966
249;967
249;968
249;969
249;970
249;971
249;972
249;973
249;974
249;975
249;976
249;977
249;978
249;979
249;980
249;981
249;982
249;983
249;984
249;985
249;986
249;987
249;988
249;989
249;990
249;991
249;992
249;993
249;994
249;995
249;996
249;997
249;998
249;999
249;1000
249;1001
249;1002
249;1003
249;1004
249;1005
249;1006
249;1007
249;1008
249;1009
249;1010
249;1011
249;1012
249;1013
249;1014
249;1015
249;1016
249;1017
249;1018
249;1019
249;1020
249;1021
249;1022
249;1023
249;1024
249;1025
249;1026
249;1027
249;1028
249;1029
249;1030
249;1031
249;1032
249;1033
249;1034
249;1035
249;1036
249;1037
249;1038
249;1039
249;1040
249;1041
249;1042
249;1043
249;1044
249;1045
249;1046
249;1047
249;1048
249;1049
249;1050
249;1051
249;1052
249;1053
249;1054
249;1055
249;1056
249;1057
249;1058
249;1059
249;1060
249;1061
249;1062
249;1063
249;1064
249;1065
249;1066
249;1067
249;1068
249;1069
249;1070
249;1071
249;1072
249;1073
250;801
250;802
250;803
250;804
250;805
250;806
250;807
250;808
250;809
250;810
250;811
250;812
250;813
250;814
250;815
250;816
250;817
250;818
250;819
250;820
250;821
250;822
250;823
250;824
250;825
250;826
250;827
250;828
250;829
250;830
250;831
250;832
250;833
250;834
250;835
250;836
250;837
250;838
250;839
250;840
250;841
250;842
250;843
250;844
250;845
250;846
250;847
250;848
250;849
250;850
250;851
250;852
250;853
250;854
250;855
250;856
250;857
250;858
250;859
250;860
250;861
250;862
250;863
250;864
250;865
250;866
250;867
250;868
250;869
250;870
250;871
250;872
250;873
250;874
250;875
250;876
250;877
250;878
250;879
250;880
250;881
250;882
250;883
250;884
250;885
250;886
250;887
250;888
250;889
250;890
250;891
250;892
250;893
250;894
250;895
250;896
250;897
250;898
250;899
250;900
250;901
250;902
250;903
250;904
250;905
250;906
250;907
250;908
250;909
250;910
250;911
250;912
250;913
250;914
250;915
250;916
250;917
250;918
250;919
250;920
250;921
250;922
250;923
250;924
250;925
250;926
250;927
250;928
250;929
250;930
250;931
250;932
250;933
250;934
250;935
250;936
250;937
250;938
250;939
250;940
250;941
250;942
250;943
250;944
250;945
250;946
250;947
250;948
250;949
250;950
250;951
250;952
250;953
250;954
250;955
250;956
250;957
250;958
250;959
250;960
250;961
250;962
250;963
250;964
250;965
250;966
250;967
250;968
250;969
250;970
250;971
250;972
250;973
250;974
250;975
250;976
250;977
250;978
250;979
250;980
250;981
250;982
250;983
250;984
250;985
250;986
250;987
250;988
250;989
250;990
250;991
250;992
250;993
250;994
250;995
250;996
250;997
250;998
250;999
250;1000
250;1001
250;1002
250;1003
250;1004
250;1005
250;1006
250;1007
250;1008
250;1009
250;1010
250;1011
250;1012
250;1013
250;1014
250;1015
250;1016
250;1017
250;1018
250;1019
250;1020
250;1021
250;1022
250;1023
250;1024
250;1025
250;1026
250;1027
250;1028
250;1029
250;1030
250;1031
250;1032
250;1033
250;1034
250;1035
250;1036
250;1037
250;1038
250;1039
250;1040
250;1041
250;1042
250;1043
250;1044
250;1045
250;1046
250;1047
250;1048
250;1049
250;1050
250;1051
250;1052
250;1053
250;1054
250;1055
250;1056
250;1057
250;1058
250;1059
250;1060
250;1061
250;1062
250;1063
250;1064
250;1065
250;1066
250;1067
250;1068
250;1069
250;1070
250;1071
250;1072
250;1073
251;801
251;802
251;803
251;804
251;805
251;806
251;807
251;808
251;809
251;810
251;811
251;812
251;813
251;814
251;815
251;816
251;817
251;818
251;819
251;820
251;821
251;822
251;823
251;824
251;825
251;826
251;827
251;828
251;829
251;830
251;831
251;832
251;833
251;834
251;835
251;836
251;837
251;838
251;839
251;840
251;841
251;842
251;843
251;844
251;845
251;846
251;847
251;848
251;849
251;850
251;851
251;852
251;853
251;854
251;855
251;856
251;857
251;858
251;859
251;860
251;861
251;862
251;863
251;864
251;865
251;866
251;867
251;868
251;869
251;870
251;871
251;872
251;873
251;874
251;875
251;876
251;877
251;878
251;879
251;880
251;881
251;882
251;883
251;884
251;885
251;886
251;887
251;888
251;889
251;890
251;891
251;892
251;893
251;894
251;895
251;896
251;897
251;898
251;899
251;900
251;901
251;902
251;903
251;904
251;905
251;906
251;907
251;908
251;909
251;910
251;911
251;912
251;913
251;914
251;915
251;916
251;917
251;918
251;919
251;920
251;921
251;922
251;923
251;924
251;925
251;926
251;927
251;928
251;929
251;930
251;931
251;932
251;933
251;934
251;935
251;936
251;937
251;938
251;939
251;940
251;941
251;942
251;943
251;944
251;945
251;946
251;947
251;948
251;949
251;950
251;951
251;952
251;953
251;954
251;955
251;956
251;957
251;958
251;959
251;960
251;961
251;962
251;963
251;964
251;965
251;966
251;967
251;968
251;969
251;970
251;971
251;972
251;973
251;974
251;975
251;976
251;977
251;978
251;979
251;980
251;981
251;982
251;983
251;984
251;985
251;986
251;987
251;988
251;989
251;990
251;991
251;992
251;993
251;994
251;995
251;996
251;997
251;998
251;999
251;1000
251;1001
251;1002
251;1003
251;1004
251;1005
251;1006
251;1007
251;1008
251;1009
251;1010
251;1011
251;1012
251;1013
251;1014
251;1015
251;1016
251;1017
251;1018
251;1019
251;1020
251;1021
251;1022
251;1023
251;1024
251;1025
251;1026
251;1027
251;1028
251;1029
251;1030
251;1031
251;1032
251;1033
251;1034
251;1035
251;1036
251;1037
251;1038
251;1039
251;1040
251;1041
251;1042
251;1043
251;1044
251;1045
251;1046
251;1047
251;1048
251;1049
251;1050
251;1051
251;1052
251;1053
251;1054
251;1055
251;1056
251;1057
251;1058
251;1059
251;1060
251;1061
251;1062
251;1063
251;1064
251;1065
251;1066
251;1067
251;1068
251;1069
251;1070
251;1071
251;1072
251;1073
252;799
252;800
252;801
252;802
252;803
252;804
252;805
252;806
252;807
252;808
252;809
252;810
252;811
252;812
252;813
252;814
252;815
252;816
252;817
252;818
252;819
252;820
252;821
252;822
252;823
252;824
252;825
252;826
252;827
252;828
252;829
252;830
252;831
252;832
252;833
252;834
252;835
252;836
252;837
252;838
252;839
252;840
252;841
252;842
252;843
252;844
252;845
252;846
252;847
252;848
252;849
252;850
252;851
252;852
252;853
252;854
252;855
252;856
252;857
252;858
252;859
252;860
252;861
252;862
252;863
252;864
252;865
252;866
252;867
252;868
252;869
252;870
252;871
252;872
252;873
252;874
252;875
252;876
252;877
252;878
252;879
252;880
252;881
252;882
252;883
252;884
252;885
252;886
252;887
252;888
252;889
252;890
252;891
252;892
252;893
252;894
252;895
252;896
252;897
252;898
252;899
252;900
252;901
252;902
252;903
252;904
252;905
252;906
252;907
252;908
252;909
252;910
252;911
252;912
252;913
252;914
252;915
252;916
252;917
252;918
252;919
252;920
252;921
252;922
252;923
252;924
252;925
252;926
252;927
252;928
252;929
252;930
252;931
252;932
252;933
252;934
252;935
252;936
252;937
252;938
252;939
252;940
252;941
252;942
252;943
252;944
252;945
252;946
252;947
252;948
252;949
252;950
252;951
252;952
252;953
252;954
252;955
252;956
252;957
252;958
252;959
252;960
252;961
252;962
252;963
252;964
252;965
252;966
252;967
252;968
252;969
252;970
252;971
252;972
252;973
252;974
252;975
252;976
252;977
252;978
252;979
252;980
252;981
252;982
252;983
252;984
252;985
252;986
252;987
252;988
252;989
252;990
252;991
252;992
252;993
252;994
252;995
252;996
252;997
252;998
252;999
252;1000
252;1001
252;1002
252;1003
252;1004
252;1005
252;1006
252;1007
252;1008
252;1009
252;1010
252;1011
252;1012
252;1013
252;1014
252;1015
252;1016
252;1017
252;1018
252;1019
252;1020
252;1021
252;1022
252;1023
252;1024
252;1025
252;1026
252;1027
252;1028
252;1029
252;1030
252;1031
252;1032
252;1033
252;1034
252;1035
252;1036
252;1037
252;1038
252;1039
252;1040
252;1041
252;1042
252;1043
252;1044
252;1045
252;1046
252;1047
252;1048
252;1049
252;1050
252;1051
252;1052
252;1053
252;1054
252;1055
252;1056
252;1057
252;1058
252;1059
252;1060
252;1061
252;1062
252;1063
252;1064
252;1065
252;1066
252;1067
252;1068
252;1069
252;1070
252;1071
252;1072
252;1073
253;799
253;800
253;801
253;802
253;803
253;804
253;805
253;806
253;807
253;808
253;809
253;810
253;811
253;812
253;813
253;814
253;815
253;816
253;817
253;818
253;819
253;820
253;821
253;822
253;823
253;824
253;825
253;826
253;827
253;828
253;829
253;830
253;831
253;832
253;833
253;834
253;835
253;836
253;837
253;838
253;839
253;840
253;841
253;842
253;843
253;844
253;845
253;846
253;847
253;848
253;849
253;850
253;851
253;852
253;853
253;854
253;855
253;856
253;857
253;858
253;859
253;860
253;861
253;862
253;863
253;864
253;865
253;866
253;867
253;868
253;869
253;870
253;871
253;872
253;873
253;874
253;875
253;876
253;877
253;878
253;879
253;880
253;881
253;882
253;883
253;884
253;885
253;886
253;887
253;888
253;889
253;890
253;891
253;892
253;893
253;894
253;895
253;896
253;897
253;898
253;899
253;900
253;901
253;902
253;903
253;904
253;905
253;906
253;907
253;908
253;909
253;910
253;911
253;912
253;913
253;914
253;915
253;916
253;917
253;918
253;919
253;920
253;921
253;922
253;923
253;924
253;925
253;926
253;927
253;928
253;929
253;930
253;931
253;932
253;933
253;934
253;935
253;936
253;937
253;938
253;939
253;940
253;941
253;942
253;943
253;944
253;945
253;946
253;947
253;948
253;949
253;950
253;951
253;952
253;953
253;954
253;955
253;956
253;957
253;958
253;959
253;960
253;961
253;962
253;963
253;964
253;965
253;966
253;967
253;968
253;969
253;970
253;971
253;972
253;973
253;974
253;975
253;976
253;977
253;978
253;979
253;980
253;981
253;982
253;983
253;984
253;985
253;986
253;987
253;988
253;989
253;990
253;991
253;992
253;993
253;994
253;995
253;996
253;997
253;998
253;999
253;1000
253;1001
253;1002
253;1003
253;1004
253;1005
253;1006
253;1007
253;1008
253;1009
253;1010
253;1011
253;1012
253;1013
253;1014
253;1015
253;1016
253;1017
253;1018
253;1019
253;1020
253;1021
253;1022
253;1023
253;1024
253;1025
253;1026
253;1027
253;1028
253;1029
253;1030
253;1031
253;1032
253;1033
253;1034
253;1035
253;1036
253;1037
253;1038
253;1039
253;1040
253;1041
253;1042
253;1043
253;1044
253;1045
253;1046
253;1047
253;1048
253;1049
253;1050
253;1051
253;1052
253;1053
253;1054
253;1055
253;1056
253;1057
253;1058
253;1059
253;1060
253;1061
253;1062
253;1063
253;1064
253;1065
253;1066
253;1067
253;1068
253;1069
253;1070
253;1071
253;1072
253;1073
254;798
254;799
254;800
254;801
254;802
254;803
254;804
254;805
254;806
254;807
254;808
254;809
254;810
254;811
254;812
254;813
254;814
254;815
254;816
254;817
254;818
254;819
254;820
254;821
254;822
254;823
254;824
254;825
254;826
254;827
254;828
254;829
254;830
254;831
254;832
254;833
254;834
254;835
254;836
254;837
254;838
254;839
254;840
254;841
254;842
254;843
254;844
254;845
254;846
254;847
254;848
254;849
254;850
254;851
254;852
254;853
254;854
254;855
254;856
254;857
254;858
254;859
254;860
254;861
254;862
254;863
254;864
254;865
254;866
254;867
254;868
254;869
254;870
254;871
254;872
254;873
254;874
254;875
254;876
254;877
254;878
254;879
254;880
254;881
254;882
254;883
254;884
254;885
254;886
254;887
254;888
254;889
254;890
254;891
254;892
254;893
254;894
254;895
254;896
254;897
254;898
254;899
254;900
254;901
254;902
254;903
254;904
254;905
254;906
254;907
254;908
254;909
254;910
254;911
254;912
254;913
254;914
254;915
254;916
254;917
254;918
254;919
254;920
254;921
254;922
254;923
254;924
254;925
254;926
254;927
254;928
254;929
254;930
254;931
254;932
254;933
254;934
254;935
254;936
254;937
254;938
254;939
254;940
254;941
254;942
254;943
254;944
254;945
254;946
254;947
254;948
254;949
254;950
254;951
254;952
254;953
254;954
254;955
254;956
254;957
254;958
254;959
254;960
254;961
254;962
254;963
254;964
254;965
254;966
254;967
254;968
254;969
254;970
254;971
254;972
254;973
254;974
254;975
254;976
254;977
254;978
254;979
254;980
254;981
254;982
254;983
254;984
254;985
254;986
254;987
254;988
254;989
254;990
254;991
254;992
254;993
254;994
254;995
254;996
254;997
254;998
254;999
254;1000
254;1001
254;1002
254;1003
254;1004
254;1005
254;1006
254;1007
254;1008
254;1009
254;1010
254;1011
254;1012
254;1013
254;1014
254;1015
254;1016
254;1017
254;1018
254;1019
254;1020
254;1021
254;1022
254;1023
254;1024
254;1025
254;1026
254;1027
254;1028
254;1029
254;1030
254;1031
254;1032
254;1033
254;1034
254;1035
254;1036
254;1037
254;1038
254;1039
254;1040
254;1041
254;1042
254;1043
254;1044
254;1045
254;1046
254;1047
254;1048
254;1049
254;1050
254;1051
254;1052
254;1053
254;1054
254;1055
254;1056
254;1057
254;1058
254;1059
254;1060
254;1061
254;1062
254;1063
254;1064
254;1065
254;1066
254;1067
254;1068
254;1069
254;1070
254;1071
254;1072
254;1073
255;797
255;798
255;799
255;800
255;801
255;802
255;803
255;804
255;805
255;806
255;807
255;808
255;809
255;810
255;811
255;812
255;813
255;814
255;815
255;816
255;817
255;818
255;819
255;820
255;821
255;822
255;823
255;824
255;825
255;826
255;827
255;828
255;829
255;830
255;831
255;832
255;833
255;834
255;835
255;836
255;837
255;838
255;839
255;840
255;841
255;842
255;843
255;844
255;845
255;846
255;847
255;848
255;849
255;850
255;851
255;852
255;853
255;854
255;855
255;856
255;857
255;858
255;859
255;860
255;861
255;862
255;863
255;864
255;865
255;866
255;867
255;868
255;869
255;870
255;871
255;872
255;873
255;874
255;875
255;876
255;877
255;878
255;879
255;880
255;881
255;882
255;883
255;884
255;885
255;886
255;887
255;888
255;889
255;890
255;891
255;892
255;893
255;894
255;895
255;896
255;897
255;898
255;899
255;900
255;901
255;902
255;903
255;904
255;905
255;906
255;907
255;908
255;909
255;910
255;911
255;912
255;913
255;914
255;915
255;916
255;917
255;918
255;919
255;920
255;921
255;922
255;923
255;924
255;925
255;926
255;927
255;928
255;929
255;930
255;931
255;932
255;933
255;934
255;935
255;936
255;937
255;938
255;939
255;940
255;941
255;942
255;943
255;944
255;945
255;946
255;947
255;948
255;949
255;950
255;951
255;952
255;953
255;954
255;955
255;956
255;957
255;958
255;959
255;960
255;961
255;962
255;963
255;964
255;965
255;966
255;967
255;968
255;969
255;970
255;971
255;972
255;973
255;974
255;975
255;976
255;977
255;978
255;979
255;980
255;981
255;982
255;983
255;984
255;985
255;986
255;987
255;988
255;989
255;990
255;991
255;992
255;993
255;994
255;995
255;996
255;997
255;998
255;999
255;1000
255;1001
255;1002
255;1003
255;1004
255;1005
255;1006
255;1007
255;1008
255;1009
255;1010
255;1011
255;1012
255;1013
255;1014
255;1015
255;1016
255;1017
255;1018
255;1019
255;1020
255;1021
255;1022
255;1023
255;1024
255;1025
255;1026
255;1027
255;1028
255;1029
255;1030
255;1031
255;1032
255;1033
255;1034
255;1035
255;1036
255;1037
255;1038
255;1039
255;1040
255;1041
255;1042
255;1043
255;1044
255;1045
255;1046
255;1047
255;1048
255;1049
255;1050
255;1051
255;1052
255;1053
255;1054
255;1055
255;1056
255;1057
255;1058
255;1059
255;1060
255;1061
255;1062
255;1063
255;1064
255;1065
255;1066
255;1067
255;1068
255;1069
255;1070
255;1071
255;1072
255;1073
256;796
256;797
256;798
256;799
256;800
256;801
256;802
256;803
256;804
256;805
256;806
256;807
256;808
256;809
256;810
256;811
256;812
256;813
256;814
256;815
256;816
256;817
256;818
256;819
256;820
256;821
256;822
256;823
256;824
256;825
256;826
256;827
256;828
256;829
256;830
256;831
256;832
256;833
256;834
256;835
256;836
256;837
256;838
256;839
256;840
256;841
256;842
256;843
256;844
256;845
256;846
256;847
256;848
256;849
256;850
256;851
256;852
256;853
256;854
256;855
256;856
256;857
256;858
256;859
256;860
256;861
256;862
256;863
256;864
256;865
256;866
256;867
256;868
256;869
256;870
256;871
256;872
256;873
256;874
256;875
256;876
256;877
256;878
256;879
256;880
256;881
256;882
256;883
256;884
256;885
256;886
256;887
256;888
256;889
256;890
256;891
256;892
256;893
256;894
256;895
256;896
256;897
256;898
256;899
256;900
256;901
256;902
256;903
256;904
256;905
256;906
256;907
256;908
256;909
256;910
256;911
256;912
256;913
256;914
256;915
256;916
256;917
256;918
256;919
256;920
256;921
256;922
256;923
256;924
256;925
256;926
256;927
256;928
256;929
256;930
256;931
256;932
256;933
256;934
256;935
256;936
256;937
256;938
256;939
256;940
256;941
256;942
256;943
256;944
256;945
256;946
256;947
256;948
256;949
256;950
256;951
256;952
256;953
256;954
256;955
256;956
256;957
256;958
256;959
256;960
256;961
256;962
256;963
256;964
256;965
256;966
256;967
256;968
256;969
256;970
256;971
256;972
256;973
256;974
256;975
256;976
256;977
256;978
256;979
256;980
256;981
256;982
256;983
256;984
256;985
256;986
256;987
256;988
256;989
256;990
256;991
256;992
256;993
256;994
256;995
256;996
256;997
256;998
256;999
256;1000
256;1001
256;1002
256;1003
256;1004
256;1005
256;1006
256;1007
256;1008
256;1009
256;1010
256;1011
256;1012
256;1013
256;1014
256;1015
256;1016
256;1017
256;1018
256;1019
256;1020
256;1021
256;1022
256;1023
256;1024
256;1025
256;1026
256;1027
256;1028
256;1029
256;1030
256;1031
256;1032
256;1033
256;1034
256;1035
256;1036
256;1037
256;1038
256;1039
256;1040
256;1041
256;1042
256;1043
256;1044
256;1045
256;1046
256;1047
256;1048
256;1049
256;1050
256;1051
256;1052
256;1053
256;1054
256;1055
256;1056
256;1057
256;1058
256;1059
256;1060
256;1061
256;1062
256;1063
256;1064
256;1065
256;1066
256;1067
256;1068
256;1069
256;1070
256;1071
256;1072
256;1073
257;795
257;796
257;797
257;798
257;799
257;800
257;801
257;802
257;803
257;804
257;805
257;806
257;807
257;808
257;809
257;810
257;811
257;812
257;813
257;814
257;815
257;816
257;817
257;818
257;819
257;820
257;821
257;822
257;823
257;824
257;825
257;826
257;827
257;828
257;829
257;830
257;831
257;832
257;833
257;834
257;835
257;836
257;837
257;838
257;839
257;840
257;841
257;842
257;843
257;844
257;845
257;846
257;847
257;848
257;849
257;850
257;851
257;852
257;853
257;854
257;855
257;856
257;857
257;858
257;859
257;860
257;861
257;862
257;863
257;864
257;865
257;866
257;867
257;868
257;869
257;870
257;871
257;872
257;873
257;874
257;875
257;876
257;877
257;878
257;879
257;880
257;881
257;882
257;883
257;884
257;885
257;886
257;887
257;888
257;889
257;890
257;891
257;892
257;893
257;894
257;895
257;896
257;897
257;898
257;899
257;900
257;901
257;902
257;903
257;904
257;905
257;906
257;907
257;908
257;909
257;910
257;911
257;912
257;913
257;914
257;915
257;916
257;917
257;918
257;919
257;920
257;921
257;922
257;923
257;924
257;925
257;926
257;927
257;928
257;929
257;930
257;931
257;932
257;933
257;934
257;935
257;936
257;937
257;938
257;939
257;940
257;941
257;942
257;943
257;944
257;945
257;946
257;947
257;948
257;949
257;950
257;951
257;952
257;953
257;954
257;955
257;956
257;957
257;958
257;959
257;960
257;961
257;962
257;963
257;964
257;965
257;966
257;967
257;968
257;969
257;970
257;971
257;972
257;973
257;974
257;975
257;976
257;977
257;978
257;979
257;980
257;981
257;982
257;983
257;984
257;985
257;986
257;987
257;988
257;989
257;990
257;991
257;992
257;993
257;994
257;995
257;996
257;997
257;998
257;999
257;1000
257;1001
257;1002
257;1003
257;1004
257;1005
257;1006
257;1007
257;1008
257;1009
257;1010
257;1011
257;1012
257;1013
257;1014
257;1015
257;1016
257;1017
257;1018
257;1019
257;1020
257;1021
257;1022
257;1023
257;1024
257;1025
257;1026
257;1027
257;1028
257;1029
257;1030
257;1031
257;1032
257;1033
257;1034
257;1035
257;1036
257;1037
257;1038
257;1039
257;1040
257;1041
257;1042
257;1043
257;1044
257;1045
257;1046
257;1047
257;1048
257;1049
257;1050
257;1051
257;1052
257;1053
257;1054
257;1055
257;1056
257;1057
257;1058
257;1059
257;1060
257;1061
257;1062
257;1063
257;1064
257;1065
257;1066
257;1067
257;1068
257;1069
257;1070
257;1071
257;1072
257;1073
258;794
258;795
258;796
258;797
258;798
258;799
258;800
258;801
258;802
258;803
258;804
258;805
258;806
258;807
258;808
258;809
258;810
258;811
258;812
258;813
258;814
258;815
258;816
258;817
258;818
258;819
258;820
258;821
258;822
258;823
258;824
258;825
258;826
258;827
258;828
258;829
258;830
258;831
258;832
258;833
258;834
258;835
258;836
258;837
258;838
258;839
258;840
258;841
258;842
258;843
258;844
258;845
258;846
258;847
258;848
258;849
258;850
258;851
258;852
258;853
258;854
258;855
258;856
258;857
258;858
258;859
258;860
258;861
258;862
258;863
258;864
258;865
258;866
258;867
258;868
258;869
258;870
258;871
258;872
258;873
258;874
258;875
258;876
258;877
258;878
258;879
258;880
258;881
258;882
258;883
258;884
258;885
258;886
258;887
258;888
258;889
258;890
258;891
258;892
258;893
258;894
258;895
258;896
258;897
258;898
258;899
258;900
258;901
258;902
258;903
258;904
258;905
258;906
258;907
258;908
258;909
258;910
258;911
258;912
258;913
258;914
258;915
258;916
258;917
258;918
258;919
258;920
258;921
258;922
258;923
258;924
258;925
258;926
258;927
258;928
258;929
258;930
258;931
258;932
258;933
258;934
258;935
258;936
258;937
258;938
258;939
258;940
258;941
258;942
258;943
258;944
258;945
258;946
258;947
258;948
258;949
258;950
258;951
258;952
258;953
258;954
258;955
258;956
258;957
258;958
258;959
258;960
258;961
258;962
258;963
258;964
258;965
258;966
258;967
258;968
258;969
258;970
258;971
258;972
258;973
258;974
258;975
258;976
258;977
258;978
258;979
258;980
258;981
258;982
258;983
258;984
258;985
258;986
258;987
258;988
258;989
258;990
258;991
258;992
258;993
258;994
258;995
258;996
258;997
258;998
258;999
258;1000
258;1001
258;1002
258;1003
258;1004
258;1005
258;1006
258;1007
258;1008
258;1009
258;1010
258;1011
258;1012
258;1013
258;1014
258;1015
258;1016
258;1017
258;1018
258;1019
258;1020
258;1021
258;1022
258;1023
258;1024
258;1025
258;1026
258;1027
258;1028
258;1029
258;1030
258;1031
258;1032
258;1033
258;1034
258;1035
258;1036
258;1037
258;1038
258;1039
258;1040
258;1041
258;1042
258;1043
258;1044
258;1045
258;1046
258;1047
258;1048
258;1049
258;1050
258;1051
258;1052
258;1053
258;1054
258;1055
258;1056
258;1057
258;1058
258;1059
258;1060
258;1061
258;1062
258;1063
258;1064
258;1065
258;1066
258;1067
258;1068
258;1069
258;1070
258;1071
258;1072
258;1073
259;793
259;794
259;795
259;796
259;797
259;798
259;799
259;800
259;801
259;802
259;803
259;804
259;805
259;806
259;807
259;808
259;809
259;810
259;811
259;812
259;813
259;814
259;815
259;816
259;817
259;818
259;819
259;820
259;821
259;822
259;823
259;824
259;825
259;826
259;827
259;828
259;829
259;830
259;831
259;832
259;833
259;834
259;835
259;836
259;837
259;838
259;839
259;840
259;841
259;842
259;843
259;844
259;845
259;846
259;847
259;848
259;849
259;850
259;851
259;852
259;853
259;854
259;855
259;856
259;857
259;858
259;859
259;860
259;861
259;862
259;863
259;864
259;865
259;866
259;867
259;868
259;869
259;870
259;871
259;872
259;873
259;874
259;875
259;876
259;877
259;878
259;879
259;880
259;881
259;882
259;883
259;884
259;885
259;886
259;887
259;888
259;889
259;890
259;891
259;892
259;893
259;894
259;895
259;896
259;897
259;898
259;899
259;900
259;901
259;902
259;903
259;904
259;905
259;906
259;907
259;908
259;909
259;910
259;911
259;912
259;913
259;914
259;915
259;916
259;917
259;918
259;919
259;920
259;921
259;922
259;923
259;924
259;925
259;926
259;927
259;928
259;929
259;930
259;931
259;932
259;933
259;934
259;935
259;936
259;937
259;938
259;939
259;940
259;941
259;942
259;943
259;944
259;945
259;946
259;947
259;948
259;949
259;950
259;951
259;952
259;953
259;954
259;955
259;956
259;957
259;958
259;959
259;960
259;961
259;962
259;963
259;964
259;965
259;966
259;967
259;968
259;969
259;970
259;971
259;972
259;973
259;974
259;975
259;976
259;977
259;978
259;979
259;980
259;981
259;982
259;983
259;984
259;985
259;986
259;987
259;988
259;989
259;990
259;991
259;992
259;993
259;994
259;995
259;996
259;997
259;998
259;999
259;1000
259;1001
259;1002
259;1003
259;1004
259;1005
259;1006
259;1007
259;1008
259;1009
259;1010
259;1011
259;1012
259;1013
259;1014
259;1015
259;1016
259;1017
259;1018
259;1019
259;1020
259;1021
259;1022
259;1023
259;1024
259;1025
259;1026
259;1027
259;1028
259;1029
259;1030
259;1031
259;1032
259;1033
259;1034
259;1035
259;1036
259;1037
259;1038
259;1039
259;1040
259;1041
259;1042
259;1043
259;1044
259;1045
259;1046
259;1047
259;1048
259;1049
259;1050
259;1051
259;1052
259;1053
259;1054
259;1055
259;1056
259;1057
259;1058
259;1059
259;1060
259;1061
259;1062
259;1063
259;1064
259;1065
259;1066
259;1067
259;1068
259;1069
259;1070
259;1071
259;1072
259;1073
260;792
260;793
260;794
260;795
260;796
260;797
260;798
260;799
260;800
260;801
260;802
260;803
260;804
260;805
260;806
260;807
260;808
260;809
260;810
260;811
260;812
260;813
260;814
260;815
260;816
260;817
260;818
260;819
260;820
260;821
260;822
260;823
260;824
260;825
260;826
260;827
260;828
260;829
260;830
260;831
260;832
260;833
260;834
260;835
260;836
260;837
260;838
260;839
260;840
260;841
260;842
260;843
260;844
260;845
260;846
260;847
260;848
260;849
260;850
260;851
260;852
260;853
260;854
260;855
260;856
260;857
260;858
260;859
260;860
260;861
260;862
260;863
260;864
260;865
260;866
260;867
260;868
260;869
260;870
260;871
260;872
260;873
260;874
260;875
260;876
260;877
260;878
260;879
260;880
260;881
260;882
260;883
260;884
260;885
260;886
260;887
260;888
260;889
260;890
260;891
260;892
260;893
260;894
260;895
260;896
260;897
260;898
260;899
260;900
260;901
260;902
260;903
260;904
260;905
260;906
260;907
260;908
260;909
260;910
260;911
260;912
260;913
260;914
260;915
260;916
260;917
260;918
260;919
260;920
260;921
260;922
260;923
260;924
260;925
260;926
260;927
260;928
260;929
260;930
260;931
260;932
260;933
260;934
260;935
260;936
260;937
260;938
260;939
260;940
260;941
260;942
260;943
260;944
260;945
260;946
260;947
260;948
260;949
260;950
260;951
260;952
260;953
260;954
260;955
260;956
260;957
260;958
260;959
260;960
260;961
260;962
260;963
260;964
260;965
260;966
260;967
260;968
260;969
260;970
260;971
260;972
260;973
260;974
260;975
260;976
260;977
260;978
260;979
260;980
260;981
260;982
260;983
260;984
260;985
260;986
260;987
260;988
260;989
260;990
260;991
260;992
260;993
260;994
260;995
260;996
260;997
260;998
260;999
260;1000
260;1001
260;1002
260;1003
260;1004
260;1005
260;1006
260;1007
260;1008
260;1009
260;1010
260;1011
260;1012
260;1013
260;1014
260;1015
260;1016
260;1017
260;1018
260;1019
260;1020
260;1021
260;1022
260;1023
260;1024
260;1025
260;1026
260;1027
260;1028
260;1029
260;1030
260;1031
260;1032
260;1033
260;1034
260;1035
260;1036
260;1037
260;1038
260;1039
260;1040
260;1041
260;1042
260;1043
260;1044
260;1045
260;1046
260;1047
260;1048
260;1049
260;1050
260;1051
260;1052
260;1053
260;1054
260;1055
260;1056
260;1057
260;1058
260;1059
260;1060
260;1061
260;1062
260;1063
260;1064
260;1065
260;1066
260;1067
260;1068
260;1069
260;1070
260;1071
260;1072
260;1073
261;791
261;792
261;793
261;794
261;795
261;796
261;797
261;798
261;799
261;800
261;801
261;802
261;803
261;804
261;805
261;806
261;807
261;808
261;809
261;810
261;811
261;812
261;813
261;814
261;815
261;816
261;817
261;818
261;819
261;820
261;821
261;822
261;823
261;824
261;825
261;826
261;827
261;828
261;829
261;830
261;831
261;832
261;833
261;834
261;835
261;836
261;837
261;838
261;839
261;840
261;841
261;842
261;843
261;844
261;845
261;846
261;847
261;848
261;849
261;850
261;851
261;852
261;853
261;854
261;855
261;856
261;857
261;858
261;859
261;860
261;861
261;862
261;863
261;864
261;865
261;866
261;867
261;868
261;869
261;870
261;871
261;872
261;873
261;874
261;875
261;876
261;877
261;878
261;879
261;880
261;881
261;882
261;883
261;884
261;885
261;886
261;887
261;888
261;889
261;890
261;891
261;892
261;893
261;894
261;895
261;896
261;897
261;898
261;899
261;900
261;901
261;902
261;903
261;904
261;905
261;906
261;907
261;908
261;909
261;910
261;911
261;912
261;913
261;914
261;915
261;916
261;917
261;918
261;919
261;920
261;921
261;922
261;923
261;924
261;925
261;926
261;927
261;928
261;929
261;930
261;931
261;932
261;933
261;934
261;935
261;936
261;937
261;938
261;939
261;940
261;941
261;942
261;943
261;944
261;945
261;946
261;947
261;948
261;949
261;950
261;951
261;952
261;953
261;954
261;955
261;956
261;957
261;958
261;959
261;960
261;961
261;962
261;963
261;964
261;965
261;966
261;967
261;968
261;969
261;970
261;971
261;972
261;973
261;974
261;975
261;976
261;977
261;978
261;979
261;980
261;981
261;982
261;983
261;984
261;985
261;986
261;987
261;988
261;989
261;990
261;991
261;992
261;993
261;994
261;995
261;996
261;997
261;998
261;999
261;1000
261;1001
261;1002
261;1003
261;1004
261;1005
261;1006
261;1007
261;1008
261;1009
261;1010
261;1011
261;1012
261;1013
261;1014
261;1015
261;1016
261;1017
261;1018
261;1019
261;1020
261;1021
261;1022
261;1023
261;1024
261;1025
261;1026
261;1027
261;1028
261;1029
261;1030
261;1031
261;1032
261;1033
261;1034
261;1035
261;1036
261;1037
261;1038
261;1039
261;1040
261;1041
261;1042
261;1043
261;1044
261;1045
261;1046
261;1047
261;1048
261;1049
261;1050
261;1051
261;1052
261;1053
261;1054
261;1055
261;1056
261;1057
261;1058
261;1059
261;1060
261;1061
261;1062
261;1063
261;1064
261;1065
261;1066
261;1067
261;1068
261;1069
261;1070
261;1071
261;1072
261;1073
262;790
262;791
262;792
262;793
262;794
262;795
262;796
262;797
262;798
262;799
262;800
262;801
262;802
262;803
262;804
262;805
262;806
262;807
262;808
262;809
262;810
262;811
262;812
262;813
262;814
262;815
262;816
262;817
262;818
262;819
262;820
262;821
262;822
262;823
262;824
262;825
262;826
262;827
262;828
262;829
262;830
262;831
262;832
262;833
262;834
262;835
262;836
262;837
262;838
262;839
262;840
262;841
262;842
262;843
262;844
262;845
262;846
262;847
262;848
262;849
262;850
262;851
262;852
262;853
262;854
262;855
262;856
262;857
262;858
262;859
262;860
262;861
262;862
262;863
262;864
262;865
262;866
262;867
262;868
262;869
262;870
262;871
262;872
262;873
262;874
262;875
262;876
262;877
262;878
262;879
262;880
262;881
262;882
262;883
262;884
262;885
262;886
262;887
262;888
262;889
262;890
262;891
262;892
262;893
262;894
262;895
262;896
262;897
262;898
262;899
262;900
262;901
262;902
262;903
262;904
262;905
262;906
262;907
262;908
262;909
262;910
262;911
262;912
262;913
262;914
262;915
262;916
262;917
262;918
262;919
262;920
262;921
262;922
262;923
262;924
262;925
262;926
262;927
262;928
262;929
262;930
262;931
262;932
262;933
262;934
262;935
262;936
262;937
262;938
262;939
262;940
262;941
262;942
262;943
262;944
262;945
262;946
262;947
262;948
262;949
262;950
262;951
262;952
262;953
262;954
262;955
262;956
262;957
262;958
262;959
262;960
262;961
262;962
262;963
262;964
262;965
262;966
262;967
262;968
262;969
262;970
262;971
262;972
262;973
262;974
262;975
262;976
262;977
262;978
262;979
262;980
262;981
262;982
262;983
262;984
262;985
262;986
262;987
262;988
262;989
262;990
262;991
262;992
262;993
262;994
262;995
262;996
262;997
262;998
262;999
262;1000
262;1001
262;1002
262;1003
262;1004
262;1005
262;1006
262;1007
262;1008
262;1009
262;1010
262;1011
262;1012
262;1013
262;1014
262;1015
262;1016
262;1017
262;1018
262;1019
262;1020
262;1021
262;1022
262;1023
262;1024
262;1025
262;1026
262;1027
262;1028
262;1029
262;1030
262;1031
262;1032
262;1033
262;1034
262;1035
262;1036
262;1037
262;1038
262;1039
262;1040
262;1041
262;1042
262;1043
262;1044
262;1045
262;1046
262;1047
262;1048
262;1049
262;1050
262;1051
262;1052
262;1053
262;1054
262;1055
262;1056
262;1057
262;1058
262;1059
262;1060
262;1061
262;1062
262;1063
262;1064
262;1065
262;1066
262;1067
262;1068
262;1069
262;1070
262;1071
262;1072
262;1073
263;789
263;790
263;791
263;792
263;793
263;794
263;795
263;796
263;797
263;798
263;799
263;800
263;801
263;802
263;803
263;804
263;805
263;806
263;807
263;808
263;809
263;810
263;811
263;812
263;813
263;814
263;815
263;816
263;817
263;818
263;819
263;820
263;821
263;822
263;823
263;824
263;825
263;826
263;827
263;828
263;829
263;830
263;831
263;832
263;833
263;834
263;835
263;836
263;837
263;838
263;839
263;840
263;841
263;842
263;843
263;844
263;845
263;846
263;847
263;848
263;849
263;850
263;851
263;852
263;853
263;854
263;855
263;856
263;857
263;858
263;859
263;860
263;861
263;862
263;863
263;864
263;865
263;866
263;867
263;868
263;869
263;870
263;871
263;872
263;873
263;874
263;875
263;876
263;877
263;878
263;879
263;880
263;881
263;882
263;883
263;884
263;885
263;886
263;887
263;888
263;889
263;890
263;891
263;892
263;893
263;894
263;895
263;896
263;897
263;898
263;899
263;900
263;901
263;902
263;903
263;904
263;905
263;906
263;907
263;908
263;909
263;910
263;911
263;912
263;913
263;914
263;915
263;916
263;917
263;918
263;919
263;920
263;921
263;922
263;923
263;924
263;925
263;926
263;927
263;928
263;929
263;930
263;931
263;932
263;933
263;934
263;935
263;936
263;937
263;938
263;939
263;940
263;941
263;942
263;943
263;944
263;945
263;946
263;947
263;948
263;949
263;950
263;951
263;952
263;953
263;954
263;955
263;956
263;957
263;958
263;959
263;960
263;961
263;962
263;963
263;964
263;965
263;966
263;967
263;968
263;969
263;970
263;971
263;972
263;973
263;974
263;975
263;976
263;977
263;978
263;979
263;980
263;981
263;982
263;983
263;984
263;985
263;986
263;987
263;988
263;989
263;990
263;991
263;992
263;993
263;994
263;995
263;996
263;997
263;998
263;999
263;1000
263;1001
263;1002
263;1003
263;1004
263;1005
263;1006
263;1007
263;1008
263;1009
263;1010
263;1011
263;1012
263;1013
263;1014
263;1015
263;1016
263;1017
263;1018
263;1019
263;1020
263;1021
263;1022
263;1023
263;1024
263;1025
263;1026
263;1027
263;1028
263;1029
263;1030
263;1031
263;1032
263;1033
263;1034
263;1035
263;1036
263;1037
263;1038
263;1039
263;1040
263;1041
263;1042
263;1043
263;1044
263;1045
263;1046
263;1047
263;1048
263;1049
263;1050
263;1051
263;1052
263;1053
263;1054
263;1055
263;1056
263;1057
263;1058
263;1059
263;1060
263;1061
263;1062
263;1063
263;1064
263;1065
263;1066
263;1067
263;1068
263;1069
263;1070
263;1071
263;1072
263;1073
264;789
264;790
264;791
264;792
264;793
264;794
264;795
264;796
264;797
264;798
264;799
264;800
264;801
264;802
264;803
264;804
264;805
264;806
264;807
264;808
264;809
264;810
264;811
264;812
264;813
264;814
264;815
264;816
264;817
264;818
264;819
264;820
264;821
264;822
264;823
264;824
264;825
264;826
264;827
264;828
264;829
264;830
264;831
264;832
264;833
264;834
264;835
264;836
264;837
264;838
264;839
264;840
264;841
264;842
264;843
264;844
264;845
264;846
264;847
264;848
264;849
264;850
264;851
264;852
264;853
264;854
264;855
264;856
264;857
264;858
264;859
264;860
264;861
264;862
264;863
264;864
264;865
264;866
264;867
264;868
264;869
264;870
264;871
264;872
264;873
264;874
264;875
264;876
264;877
264;878
264;879
264;880
264;881
264;882
264;883
264;884
264;885
264;886
264;887
264;888
264;889
264;890
264;891
264;892
264;893
264;894
264;895
264;896
264;897
264;898
264;899
264;900
264;901
264;902
264;903
264;904
264;905
264;906
264;907
264;908
264;909
264;910
264;911
264;912
264;913
264;914
264;915
264;916
264;917
264;918
264;919
264;920
264;921
264;922
264;923
264;924
264;925
264;926
264;927
264;928
264;929
264;930
264;931
264;932
264;933
264;934
264;935
264;936
264;937
264;938
264;939
264;940
264;941
264;942
264;943
264;944
264;945
264;946
264;947
264;948
264;949
264;950
264;951
264;952
264;953
264;954
264;955
264;956
264;957
264;958
264;959
264;960
264;961
264;962
264;963
264;964
264;965
264;966
264;967
264;968
264;969
264;970
264;971
264;972
264;973
264;974
264;975
264;976
264;977
264;978
264;979
264;980
264;981
264;982
264;983
264;984
264;985
264;986
264;987
264;988
264;989
264;990
264;991
264;992
264;993
264;994
264;995
264;996
264;997
264;998
264;999
264;1000
264;1001
264;1002
264;1003
264;1004
264;1005
264;1006
264;1007
264;1008
264;1009
264;1010
264;1011
264;1012
264;1013
264;1014
264;1015
264;1016
264;1017
264;1018
264;1019
264;1020
264;1021
264;1022
264;1023
264;1024
264;1025
264;1026
264;1027
264;1028
264;1029
264;1030
264;1031
264;1032
264;1033
264;1034
264;1035
264;1036
264;1037
264;1038
264;1039
264;1040
264;1041
264;1042
264;1043
264;1044
264;1045
264;1046
264;1047
264;1048
264;1049
264;1050
264;1051
264;1052
264;1053
264;1054
264;1055
264;1056
264;1057
264;1058
264;1059
264;1060
264;1061
264;1062
264;1063
264;1064
264;1065
264;1066
264;1067
264;1068
264;1069
264;1070
264;1071
264;1072
264;1073
265;790
265;791
265;792
265;793
265;794
265;795
265;796
265;797
265;798
265;799
265;800
265;801
265;802
265;803
265;804
265;805
265;806
265;807
265;808
265;809
265;810
265;811
265;812
265;813
265;814
265;815
265;816
265;817
265;818
265;819
265;820
265;821
265;822
265;823
265;824
265;825
265;826
265;827
265;828
265;829
265;830
265;831
265;832
265;833
265;834
265;835
265;836
265;837
265;838
265;839
265;840
265;841
265;842
265;843
265;844
265;845
265;846
265;847
265;848
265;849
265;850
265;851
265;852
265;853
265;854
265;855
265;856
265;857
265;858
265;859
265;860
265;861
265;862
265;863
265;864
265;865
265;866
265;867
265;868
265;869
265;870
265;871
265;872
265;873
265;874
265;875
265;876
265;877
265;878
265;879
265;880
265;881
265;882
265;883
265;884
265;885
265;886
265;887
265;888
265;889
265;890
265;891
265;892
265;893
265;894
265;895
265;896
265;897
265;898
265;899
265;900
265;901
265;902
265;903
265;904
265;905
265;906
265;907
265;908
265;909
265;910
265;911
265;912
265;913
265;914
265;915
265;916
265;917
265;918
265;919
265;920
265;921
265;922
265;923
265;924
265;925
265;926
265;927
265;928
265;929
265;930
265;931
265;932
265;933
265;934
265;935
265;936
265;937
265;938
265;939
265;940
265;941
265;942
265;943
265;944
265;945
265;946
265;947
265;948
265;949
265;950
265;951
265;952
265;953
265;954
265;955
265;956
265;957
265;958
265;959
265;960
265;961
265;962
265;963
265;964
265;965
265;966
265;967
265;968
265;969
265;970
265;971
265;972
265;973
265;974
265;975
265;976
265;977
265;978
265;979
265;980
265;981
265;982
265;983
265;984
265;985
265;986
265;987
265;988
265;989
265;990
265;991
265;992
265;993
265;994
265;995
265;996
265;997
265;998
265;999
265;1000
265;1001
265;1002
265;1003
265;1004
265;1005
265;1006
265;1007
265;1008
265;1009
265;1010
265;1011
265;1012
265;1013
265;1014
265;1015
265;1016
265;1017
265;1018
265;1019
265;1020
265;1021
265;1022
265;1023
265;1024
265;1025
265;1026
265;1027
265;1028
265;1029
265;1030
265;1031
265;1032
265;1033
265;1034
265;1035
265;1036
265;1037
265;1038
265;1039
265;1040
265;1041
265;1042
265;1043
265;1044
265;1045
265;1046
265;1047
265;1048
265;1049
265;1050
265;1051
265;1052
265;1053
265;1054
265;1055
265;1056
265;1057
265;1058
265;1059
265;1060
265;1061
265;1062
265;1063
265;1064
265;1065
265;1066
265;1067
265;1068
265;1069
265;1070
265;1071
265;1072
265;1073
266;792
266;793
266;794
266;795
266;796
266;797
266;798
266;799
266;800
266;801
266;802
266;803
266;804
266;805
266;806
266;807
266;808
266;809
266;810
266;811
266;812
266;813
266;814
266;815
266;816
266;817
266;818
266;819
266;820
266;821
266;822
266;823
266;824
266;825
266;826
266;827
266;828
266;829
266;830
266;831
266;832
266;833
266;834
266;835
266;836
266;837
266;838
266;839
266;840
266;841
266;842
266;843
266;844
266;845
266;846
266;847
266;848
266;849
266;850
266;851
266;852
266;853
266;854
266;855
266;856
266;857
266;858
266;859
266;860
266;861
266;862
266;863
266;864
266;865
266;866
266;867
266;868
266;869
266;870
266;871
266;872
266;873
266;874
266;875
266;876
266;877
266;878
266;879
266;880
266;881
266;882
266;883
266;884
266;885
266;886
266;887
266;888
266;889
266;890
266;891
266;892
266;893
266;894
266;895
266;896
266;897
266;898
266;899
266;900
266;901
266;902
266;903
266;904
266;905
266;906
266;907
266;908
266;909
266;910
266;911
266;912
266;913
266;914
266;915
266;916
266;917
266;918
266;919
266;920
266;921
266;922
266;923
266;924
266;925
266;926
266;927
266;928
266;929
266;930
266;931
266;932
266;933
266;934
266;935
266;936
266;937
266;938
266;939
266;940
266;941
266;942
266;943
266;944
266;945
266;946
266;947
266;948
266;949
266;950
266;951
266;952
266;953
266;954
266;955
266;956
266;957
266;958
266;959
266;960
266;961
266;962
266;963
266;964
266;965
266;966
266;967
266;968
266;969
266;970
266;971
266;972
266;973
266;974
266;975
266;976
266;977
266;978
266;979
266;980
266;981
266;982
266;983
266;984
266;985
266;986
266;987
266;988
266;989
266;990
266;991
266;992
266;993
266;994
266;995
266;996
266;997
266;998
266;999
266;1000
266;1001
266;1002
266;1003
266;1004
266;1005
266;1006
266;1007
266;1008
266;1009
266;1010
266;1011
266;1012
266;1013
266;1014
266;1015
266;1016
266;1017
266;1018
266;1019
266;1020
266;1021
266;1022
266;1023
266;1024
266;1025
266;1026
266;1027
266;1028
266;1029
266;1030
266;1031
266;1032
266;1033
266;1034
266;1035
266;1036
266;1037
266;1038
266;1039
266;1040
266;1041
266;1042
266;1043
266;1044
266;1045
266;1046
266;1047
266;1048
266;1049
266;1050
266;1051
266;1052
266;1053
266;1054
266;1055
266;1056
266;1057
266;1058
266;1059
266;1060
266;1061
266;1062
266;1063
266;1064
266;1065
266;1066
266;1067
266;1068
266;1069
266;1070
266;1071
266;1072
266;1073
267;792
267;793
267;794
267;795
267;796
267;797
267;798
267;799
267;800
267;801
267;802
267;803
267;804
267;805
267;806
267;807
267;808
267;809
267;810
267;811
267;812
267;813
267;814
267;815
267;816
267;817
267;818
267;819
267;820
267;821
267;822
267;823
267;824
267;825
267;826
267;827
267;828
267;829
267;830
267;831
267;832
267;833
267;834
267;835
267;836
267;837
267;838
267;839
267;840
267;841
267;842
267;843
267;844
267;845
267;846
267;847
267;848
267;849
267;850
267;851
267;852
267;853
267;854
267;855
267;856
267;857
267;858
267;859
267;860
267;861
267;862
267;863
267;864
267;865
267;866
267;867
267;868
267;869
267;870
267;871
267;872
267;873
267;874
267;875
267;876
267;877
267;878
267;879
267;880
267;881
267;882
267;883
267;884
267;885
267;886
267;887
267;888
267;889
267;890
267;891
267;892
267;893
267;894
267;895
267;896
267;897
267;898
267;899
267;900
267;901
267;902
267;903
267;904
267;905
267;906
267;907
267;908
267;909
267;910
267;911
267;912
267;913
267;914
267;915
267;916
267;917
267;918
267;919
267;920
267;921
267;922
267;923
267;924
267;925
267;926
267;927
267;928
267;929
267;930
267;931
267;932
267;933
267;934
267;935
267;936
267;937
267;938
267;939
267;940
267;941
267;942
267;943
267;944
267;945
267;946
267;947
267;948
267;949
267;950
267;951
267;952
267;953
267;954
267;955
267;956
267;957
267;958
267;959
267;960
267;961
267;962
267;963
267;964
267;965
267;966
267;967
267;968
267;969
267;970
267;971
267;972
267;973
267;974
267;975
267;976
267;977
267;978
267;979
267;980
267;981
267;982
267;983
267;984
267;985
267;986
267;987
267;988
267;989
267;990
267;991
267;992
267;993
267;994
267;995
267;996
267;997
267;998
267;999
267;1000
267;1001
267;1002
267;1003
267;1004
267;1005
267;1006
267;1007
267;1008
267;1009
267;1010
267;1011
267;1012
267;1013
267;1014
267;1015
267;1016
267;1017
267;1018
267;1019
267;1020
267;1021
267;1022
267;1023
267;1024
267;1025
267;1026
267;1027
267;1028
267;1029
267;1030
267;1031
267;1032
267;1033
267;1034
267;1035
267;1036
267;1037
267;1038
267;1039
267;1040
267;1041
267;1042
267;1043
267;1044
267;1045
267;1046
267;1047
267;1048
267;1049
267;1050
267;1051
267;1052
267;1053
267;1054
267;1055
267;1056
267;1057
267;1058
267;1059
267;1060
267;1061
267;1062
267;1063
267;1064
267;1065
267;1066
267;1067
267;1068
267;1069
267;1070
267;1071
267;1072
267;1073
268;794
268;795
268;796
268;797
268;798
268;799
268;800
268;801
268;802
268;803
268;804
268;805
268;806
268;807
268;808
268;809
268;810
268;811
268;812
268;813
268;814
268;815
268;816
268;817
268;818
268;819
268;820
268;821
268;822
268;823
268;824
268;825
268;826
268;827
268;828
268;829
268;830
268;831
268;832
268;833
268;834
268;835
268;836
268;837
268;838
268;839
268;840
268;841
268;842
268;843
268;844
268;845
268;846
268;847
268;848
268;849
268;850
268;851
268;852
268;853
268;854
268;855
268;856
268;857
268;858
268;859
268;860
268;861
268;862
268;863
268;864
268;865
268;866
268;867
268;868
268;869
268;870
268;871
268;872
268;873
268;874
268;875
268;876
268;877
268;878
268;879
268;880
268;881
268;882
268;883
268;884
268;885
268;886
268;887
268;888
268;889
268;890
268;891
268;892
268;893
268;894
268;895
268;896
268;897
268;898
268;899
268;900
268;901
268;902
268;903
268;904
268;905
268;906
268;907
268;908
268;909
268;910
268;911
268;912
268;913
268;914
268;915
268;916
268;917
268;918
268;919
268;920
268;921
268;922
268;923
268;924
268;925
268;926
268;927
268;928
268;929
268;930
268;931
268;932
268;933
268;934
268;935
268;936
268;937
268;938
268;939
268;940
268;941
268;942
268;943
268;944
268;945
268;946
268;947
268;948
268;949
268;950
268;951
268;952
268;953
268;954
268;955
268;956
268;957
268;958
268;959
268;960
268;961
268;962
268;963
268;964
268;965
268;966
268;967
268;968
268;969
268;970
268;971
268;972
268;973
268;974
268;975
268;976
268;977
268;978
268;979
268;980
268;981
268;982
268;983
268;984
268;985
268;986
268;987
268;988
268;989
268;990
268;991
268;992
268;993
268;994
268;995
268;996
268;997
268;998
268;999
268;1000
268;1001
268;1002
268;1003
268;1004
268;1005
268;1006
268;1007
268;1008
268;1009
268;1010
268;1011
268;1012
268;1013
268;1014
268;1015
268;1016
268;1017
268;1018
268;1019
268;1020
268;1021
268;1022
268;1023
268;1024
268;1025
268;1026
268;1027
268;1028
268;1029
268;1030
268;1031
268;1032
268;1033
268;1034
268;1035
268;1036
268;1037
268;1038
268;1039
268;1040
268;1041
268;1042
268;1043
268;1044
268;1045
268;1046
268;1047
268;1048
268;1049
268;1050
268;1051
268;1052
268;1053
268;1054
268;1055
268;1056
268;1057
268;1058
268;1059
268;1060
268;1061
268;1062
268;1063
268;1064
268;1065
268;1066
268;1067
268;1068
268;1069
268;1070
268;1071
268;1072
268;1073
269;796
269;797
269;798
269;799
269;800
269;801
269;802
269;803
269;804
269;805
269;806
269;807
269;808
269;809
269;810
269;811
269;812
269;813
269;814
269;815
269;816
269;817
269;818
269;819
269;820
269;821
269;822
269;823
269;824
269;825
269;826
269;827
269;828
269;829
269;830
269;831
269;832
269;833
269;834
269;835
269;836
269;837
269;838
269;839
269;840
269;841
269;842
269;843
269;844
269;845
269;846
269;847
269;848
269;849
269;850
269;851
269;852
269;853
269;854
269;855
269;856
269;857
269;858
269;859
269;860
269;861
269;862
269;863
269;864
269;865
269;866
269;867
269;868
269;869
269;870
269;871
269;872
269;873
269;874
269;875
269;876
269;877
269;878
269;879
269;880
269;881
269;882
269;883
269;884
269;885
269;886
269;887
269;888
269;889
269;890
269;891
269;892
269;893
269;894
269;895
269;896
269;897
269;898
269;899
269;900
269;901
269;902
269;903
269;904
269;905
269;906
269;907
269;908
269;909
269;910
269;911
269;912
269;913
269;914
269;915
269;916
269;917
269;918
269;919
269;920
269;921
269;922
269;923
269;924
269;925
269;926
269;927
269;928
269;929
269;930
269;931
269;932
269;933
269;934
269;935
269;936
269;937
269;938
269;939
269;940
269;941
269;942
269;943
269;944
269;945
269;946
269;947
269;948
269;949
269;950
269;951
269;952
269;953
269;954
269;955
269;956
269;957
269;958
269;959
269;960
269;961
269;962
269;963
269;964
269;965
269;966
269;967
269;968
269;969
269;970
269;971
269;972
269;973
269;974
269;975
269;976
269;977
269;978
269;979
269;980
269;981
269;982
269;983
269;984
269;985
269;986
269;987
269;988
269;989
269;990
269;991
269;992
269;993
269;994
269;995
269;996
269;997
269;998
269;999
269;1000
269;1001
269;1002
269;1003
269;1004
269;1005
269;1006
269;1007
269;1008
269;1009
269;1010
269;1011
269;1012
269;1013
269;1014
269;1015
269;1016
269;1017
269;1018
269;1019
269;1020
269;1021
269;1022
269;1023
269;1024
269;1025
269;1026
269;1027
269;1028
269;1029
269;1030
269;1031
269;1032
269;1033
269;1034
269;1035
269;1036
269;1037
269;1038
269;1039
269;1040
269;1041
269;1042
269;1043
269;1044
269;1045
269;1046
269;1047
269;1048
269;1049
269;1050
269;1051
269;1052
269;1053
269;1054
269;1055
269;1056
269;1057
269;1058
269;1059
269;1060
269;1061
269;1062
269;1063
269;1064
269;1065
269;1066
269;1067
269;1068
269;1069
269;1070
269;1071
269;1072
269;1073
270;797
270;798
270;799
270;800
270;801
270;802
270;803
270;804
270;805
270;806
270;807
270;808
270;809
270;810
270;811
270;812
270;813
270;814
270;815
270;816
270;817
270;818
270;819
270;820
270;821
270;822
270;823
270;824
270;825
270;826
270;827
270;828
270;829
270;830
270;831
270;832
270;833
270;834
270;835
270;836
270;837
270;838
270;839
270;840
270;841
270;842
270;843
270;844
270;845
270;846
270;847
270;848
270;849
270;850
270;851
270;852
270;853
270;854
270;855
270;856
270;857
270;858
270;859
270;860
270;861
270;862
270;863
270;864
270;865
270;866
270;867
270;868
270;869
270;870
270;871
270;872
270;873
270;874
270;875
270;876
270;877
270;878
270;879
270;880
270;881
270;882
270;883
270;884
270;885
270;886
270;887
270;888
270;889
270;890
270;891
270;892
270;893
270;894
270;895
270;896
270;897
270;898
270;899
270;900
270;901
270;902
270;903
270;904
270;905
270;906
270;907
270;908
270;909
270;910
270;911
270;912
270;913
270;914
270;915
270;916
270;917
270;918
270;919
270;920
270;921
270;922
270;923
270;924
270;925
270;926
270;927
270;928
270;929
270;930
270;931
270;932
270;933
270;934
270;935
270;936
270;937
270;938
270;939
270;940
270;941
270;942
270;943
270;944
270;945
270;946
270;947
270;948
270;949
270;950
270;951
270;952
270;953
270;954
270;955
270;956
270;957
270;958
270;959
270;960
270;961
270;962
270;963
270;964
270;965
270;966
270;967
270;968
270;969
270;970
270;971
270;972
270;973
270;974
270;975
270;976
270;977
270;978
270;979
270;980
270;981
270;982
270;983
270;984
270;985
270;986
270;987
270;988
270;989
270;990
270;991
270;992
270;993
270;994
270;995
270;996
270;997
270;998
270;999
270;1000
270;1001
270;1002
270;1003
270;1004
270;1005
270;1006
270;1007
270;1008
270;1009
270;1010
270;1011
270;1012
270;1013
270;1014
270;1015
270;1016
270;1017
270;1018
270;1019
270;1020
270;1021
270;1022
270;1023
270;1024
270;1025
270;1026
270;1027
270;1028
270;1029
270;1030
270;1031
270;1032
270;1033
270;1034
270;1035
270;1036
270;1037
270;1038
270;1039
270;1040
270;1041
270;1042
270;1043
270;1044
270;1045
270;1046
270;1047
270;1048
270;1049
270;1050
270;1051
270;1052
270;1053
270;1054
270;1055
270;1056
270;1057
270;1058
270;1059
270;1060
270;1061
270;1062
270;1063
270;1064
270;1065
270;1066
270;1067
270;1068
270;1069
270;1070
270;1071
270;1072
270;1073
271;798
271;799
271;800
271;801
271;802
271;803
271;804
271;805
271;806
271;807
271;808
271;809
271;810
271;811
271;812
271;813
271;814
271;815
271;816
271;817
271;818
271;819
271;820
271;821
271;822
271;823
271;824
271;825
271;826
271;827
271;828
271;829
271;830
271;831
271;832
271;833
271;834
271;835
271;836
271;837
271;838
271;839
271;840
271;841
271;842
271;843
271;844
271;845
271;846
271;847
271;848
271;849
271;850
271;851
271;852
271;853
271;854
271;855
271;856
271;857
271;858
271;859
271;860
271;861
271;862
271;863
271;864
271;865
271;866
271;867
271;868
271;869
271;870
271;871
271;872
271;873
271;874
271;875
271;876
271;877
271;878
271;879
271;880
271;881
271;882
271;883
271;884
271;885
271;886
271;887
271;888
271;889
271;890
271;891
271;892
271;893
271;894
271;895
271;896
271;897
271;898
271;899
271;900
271;901
271;902
271;903
271;904
271;905
271;906
271;907
271;908
271;909
271;910
271;911
271;912
271;913
271;914
271;915
271;916
271;917
271;918
271;919
271;920
271;921
271;922
271;923
271;924
271;925
271;926
271;927
271;928
271;929
271;930
271;931
271;932
271;933
271;934
271;935
271;936
271;937
271;938
271;939
271;940
271;941
271;942
271;943
271;944
271;945
271;946
271;947
271;948
271;949
271;950
271;951
271;952
271;953
271;954
271;955
271;956
271;957
271;958
271;959
271;960
271;961
271;962
271;963
271;964
271;965
271;966
271;967
271;968
271;969
271;970
271;971
271;972
271;973
271;974
271;975
271;976
271;977
271;978
271;979
271;980
271;981
271;982
271;983
271;984
271;985
271;986
271;987
271;988
271;989
271;990
271;991
271;992
271;993
271;994
271;995
271;996
271;997
271;998
271;999
271;1000
271;1001
271;1002
271;1003
271;1004
271;1005
271;1006
271;1007
271;1008
271;1009
271;1010
271;1011
271;1012
271;1013
271;1014
271;1015
271;1016
271;1017
271;1018
271;1019
271;1020
271;1021
271;1022
271;1023
271;1024
271;1025
271;1026
271;1027
271;1028
271;1029
271;1030
271;1031
271;1032
271;1033
271;1034
271;1035
271;1036
271;1037
271;1038
271;1039
271;1040
271;1041
271;1042
271;1043
271;1044
271;1045
271;1046
271;1047
271;1048
271;1049
271;1050
271;1051
271;1052
271;1053
271;1054
271;1055
271;1056
271;1057
271;1058
271;1059
271;1060
271;1061
271;1062
271;1063
271;1064
271;1065
271;1066
271;1067
271;1068
271;1069
271;1070
271;1071
271;1072
271;1073
272;800
272;801
272;802
272;803
272;804
272;805
272;806
272;807
272;808
272;809
272;810
272;811
272;812
272;813
272;814
272;815
272;816
272;817
272;818
272;819
272;820
272;821
272;822
272;823
272;824
272;825
272;826
272;827
272;828
272;829
272;830
272;831
272;832
272;833
272;834
272;835
272;836
272;837
272;838
272;839
272;840
272;841
272;842
272;843
272;844
272;845
272;846
272;847
272;848
272;849
272;850
272;851
272;852
272;853
272;854
272;855
272;856
272;857
272;858
272;859
272;860
272;861
272;862
272;863
272;864
272;865
272;866
272;867
272;868
272;869
272;870
272;871
272;872
272;873
272;874
272;875
272;876
272;877
272;878
272;879
272;880
272;881
272;882
272;883
272;884
272;885
272;886
272;887
272;888
272;889
272;890
272;891
272;892
272;893
272;894
272;895
272;896
272;897
272;898
272;899
272;900
272;901
272;902
272;903
272;904
272;905
272;906
272;907
272;908
272;909
272;910
272;911
272;912
272;913
272;914
272;915
272;916
272;917
272;918
272;919
272;920
272;921
272;922
272;923
272;924
272;925
272;926
272;927
272;928
272;929
272;930
272;931
272;932
272;933
272;934
272;935
272;936
272;937
272;938
272;939
272;940
272;941
272;942
272;943
272;944
272;945
272;946
272;947
272;948
272;949
272;950
272;951
272;952
272;953
272;954
272;955
272;956
272;957
272;958
272;959
272;960
272;961
272;962
272;963
272;964
272;965
272;966
272;967
272;968
272;969
272;970
272;971
272;972
272;973
272;974
272;975
272;976
272;977
272;978
272;979
272;980
272;981
272;982
272;983
272;984
272;985
272;986
272;987
272;988
272;989
272;990
272;991
272;992
272;993
272;994
272;995
272;996
272;997
272;998
272;999
272;1000
272;1001
272;1002
272;1003
272;1004
272;1005
272;1006
272;1007
272;1008
272;1009
272;1010
272;1011
272;1012
272;1013
272;1014
272;1015
272;1016
272;1017
272;1018
272;1019
272;1020
272;1021
272;1022
272;1023
272;1024
272;1025
272;1026
272;1027
272;1028
272;1029
272;1030
272;1031
272;1032
272;1033
272;1034
272;1035
272;1036
272;1037
272;1038
272;1039
272;1040
272;1041
272;1042
272;1043
272;1044
272;1045
272;1046
272;1047
272;1048
272;1049
272;1050
272;1051
272;1052
272;1053
272;1054
272;1055
272;1056
272;1057
272;1058
272;1059
272;1060
272;1061
272;1062
272;1063
272;1064
272;1065
272;1066
272;1067
272;1068
272;1069
272;1070
272;1071
272;1072
272;1073
273;802
273;803
273;804
273;805
273;806
273;807
273;808
273;809
273;810
273;811
273;812
273;813
273;814
273;815
273;816
273;817
273;818
273;819
273;820
273;821
273;822
273;823
273;824
273;825
273;826
273;827
273;828
273;829
273;830
273;831
273;832
273;833
273;834
273;835
273;836
273;837
273;838
273;839
273;840
273;841
273;842
273;843
273;844
273;845
273;846
273;847
273;848
273;849
273;850
273;851
273;852
273;853
273;854
273;855
273;856
273;857
273;858
273;859
273;860
273;861
273;862
273;863
273;864
273;865
273;866
273;867
273;868
273;869
273;870
273;871
273;872
273;873
273;874
273;875
273;876
273;877
273;878
273;879
273;880
273;881
273;882
273;883
273;884
273;885
273;886
273;887
273;888
273;889
273;890
273;891
273;892
273;893
273;894
273;895
273;896
273;897
273;898
273;899
273;900
273;901
273;902
273;903
273;904
273;905
273;906
273;907
273;908
273;909
273;910
273;911
273;912
273;913
273;914
273;915
273;916
273;917
273;918
273;919
273;920
273;921
273;922
273;923
273;924
273;925
273;926
273;927
273;928
273;929
273;930
273;931
273;932
273;933
273;934
273;935
273;936
273;937
273;938
273;939
273;940
273;941
273;942
273;943
273;944
273;945
273;946
273;947
273;948
273;949
273;950
273;951
273;952
273;953
273;954
273;955
273;956
273;957
273;958
273;959
273;960
273;961
273;962
273;963
273;964
273;965
273;966
273;967
273;968
273;969
273;970
273;971
273;972
273;973
273;974
273;975
273;976
273;977
273;978
273;979
273;980
273;981
273;982
273;983
273;984
273;985
273;986
273;987
273;988
273;989
273;990
273;991
273;992
273;993
273;994
273;995
273;996
273;997
273;998
273;999
273;1000
273;1001
273;1002
273;1003
273;1004
273;1005
273;1006
273;1007
273;1008
273;1009
273;1010
273;1011
273;1012
273;1013
273;1014
273;1015
273;1016
273;1017
273;1018
273;1019
273;1020
273;1021
273;1022
273;1023
273;1024
273;1025
273;1026
273;1027
273;1028
273;1029
273;1030
273;1031
273;1032
273;1033
273;1034
273;1035
273;1036
273;1037
273;1038
273;1039
273;1040
273;1041
273;1042
273;1043
273;1044
273;1045
273;1046
273;1047
273;1048
273;1049
273;1050
273;1051
273;1052
273;1053
273;1054
273;1055
273;1056
273;1057
273;1058
273;1059
273;1060
273;1061
273;1062
273;1063
273;1064
273;1065
273;1066
273;1067
273;1068
273;1069
273;1070
273;1071
273;1072
273;1073
274;802
274;803
274;804
274;805
274;806
274;807
274;808
274;809
274;810
274;811
274;812
274;813
274;814
274;815
274;816
274;817
274;818
274;819
274;820
274;821
274;822
274;823
274;824
274;825
274;826
274;827
274;828
274;829
274;830
274;831
274;832
274;833
274;834
274;835
274;836
274;837
274;838
274;839
274;840
274;841
274;842
274;843
274;844
274;845
274;846
274;847
274;848
274;849
274;850
274;851
274;852
274;853
274;854
274;855
274;856
274;857
274;858
274;859
274;860
274;861
274;862
274;863
274;864
274;865
274;866
274;867
274;868
274;869
274;870
274;871
274;872
274;873
274;874
274;875
274;876
274;877
274;878
274;879
274;880
274;881
274;882
274;883
274;884
274;885
274;886
274;887
274;888
274;889
274;890
274;891
274;892
274;893
274;894
274;895
274;896
274;897
274;898
274;899
274;900
274;901
274;902
274;903
274;904
274;905
274;906
274;907
274;908
274;909
274;910
274;911
274;912
274;913
274;914
274;915
274;916
274;917
274;918
274;919
274;920
274;921
274;922
274;923
274;924
274;925
274;926
274;927
274;928
274;929
274;930
274;931
274;932
274;933
274;934
274;935
274;936
274;937
274;938
274;939
274;940
274;941
274;942
274;943
274;944
274;945
274;946
274;947
274;948
274;949
274;950
274;951
274;952
274;953
274;954
274;955
274;956
274;957
274;958
274;959
274;960
274;961
274;962
274;963
274;964
274;965
274;966
274;967
274;968
274;969
274;970
274;971
274;972
274;973
274;974
274;975
274;976
274;977
274;978
274;979
274;980
274;981
274;982
274;983
274;984
274;985
274;986
274;987
274;988
274;989
274;990
274;991
274;992
274;993
274;994
274;995
274;996
274;997
274;998
274;999
274;1000
274;1001
274;1002
274;1003
274;1004
274;1005
274;1006
274;1007
274;1008
274;1009
274;1010
274;1011
274;1012
274;1013
274;1014
274;1015
274;1016
274;1017
274;1018
274;1019
274;1020
274;1021
274;1022
274;1023
274;1024
274;1025
274;1026
274;1027
274;1028
274;1029
274;1030
274;1031
274;1032
274;1033
274;1034
274;1035
274;1036
274;1037
274;1038
274;1039
274;1040
274;1041
274;1042
274;1043
274;1044
274;1045
274;1046
274;1047
274;1048
274;1049
274;1050
274;1051
274;1052
274;1053
274;1054
274;1055
274;1056
274;1057
274;1058
274;1059
274;1060
274;1061
274;1062
274;1063
274;1064
274;1065
274;1066
274;1067
274;1068
274;1069
274;1070
274;1071
274;1072
274;1073
275;804
275;805
275;806
275;807
275;808
275;809
275;810
275;811
275;812
275;813
275;814
275;815
275;816
275;817
275;818
275;819
275;820
275;821
275;822
275;823
275;824
275;825
275;826
275;827
275;828
275;829
275;830
275;831
275;832
275;833
275;834
275;835
275;836
275;837
275;838
275;839
275;840
275;841
275;842
275;843
275;844
275;845
275;846
275;847
275;848
275;849
275;850
275;851
275;852
275;853
275;854
275;855
275;856
275;857
275;858
275;859
275;860
275;861
275;862
275;863
275;864
275;865
275;866
275;867
275;868
275;869
275;870
275;871
275;872
275;873
275;874
275;875
275;876
275;877
275;878
275;879
275;880
275;881
275;882
275;883
275;884
275;885
275;886
275;887
275;888
275;889
275;890
275;891
275;892
275;893
275;894
275;895
275;896
275;897
275;898
275;899
275;900
275;901
275;902
275;903
275;904
275;905
275;906
275;907
275;908
275;909
275;910
275;911
275;912
275;913
275;914
275;915
275;916
275;917
275;918
275;919
275;920
275;921
275;922
275;923
275;924
275;925
275;926
275;927
275;928
275;929
275;930
275;931
275;932
275;933
275;934
275;935
275;936
275;937
275;938
275;939
275;940
275;941
275;942
275;943
275;944
275;945
275;946
275;947
275;948
275;949
275;950
275;951
275;952
275;953
275;954
275;955
275;956
275;957
275;958
275;959
275;960
275;961
275;962
275;963
275;964
275;965
275;966
275;967
275;968
275;969
275;970
275;971
275;972
275;973
275;974
275;975
275;976
275;977
275;978
275;979
275;980
275;981
275;982
275;983
275;984
275;985
275;986
275;987
275;988
275;989
275;990
275;991
275;992
275;993
275;994
275;995
275;996
275;997
275;998
275;999
275;1000
275;1001
275;1002
275;1003
275;1004
275;1005
275;1006
275;1007
275;1008
275;1009
275;1010
275;1011
275;1012
275;1013
275;1014
275;1015
275;1016
275;1017
275;1018
275;1019
275;1020
275;1021
275;1022
275;1023
275;1024
275;1025
275;1026
275;1027
275;1028
275;1029
275;1030
275;1031
275;1032
275;1033
275;1034
275;1035
275;1036
275;1037
275;1038
275;1039
275;1040
275;1041
275;1042
275;1043
275;1044
275;1045
275;1046
275;1047
275;1048
275;1049
275;1050
275;1051
275;1052
275;1053
275;1054
275;1055
275;1056
275;1057
275;1058
275;1059
275;1060
275;1061
275;1062
275;1063
275;1064
275;1065
275;1066
275;1067
275;1068
275;1069
275;1070
275;1071
275;1072
275;1073
276;806
276;807
276;808
276;809
276;810
276;811
276;812
276;813
276;814
276;815
276;816
276;817
276;818
276;819
276;820
276;821
276;822
276;823
276;824
276;825
276;826
276;827
276;828
276;829
276;830
276;831
276;832
276;833
276;834
276;835
276;836
276;837
276;838
276;839
276;840
276;841
276;842
276;843
276;844
276;845
276;846
276;847
276;848
276;849
276;850
276;851
276;852
276;853
276;854
276;855
276;856
276;857
276;858
276;859
276;860
276;861
276;862
276;863
276;864
276;865
276;866
276;867
276;868
276;869
276;870
276;871
276;872
276;873
276;874
276;875
276;876
276;877
276;878
276;879
276;880
276;881
276;882
276;883
276;884
276;885
276;886
276;887
276;888
276;889
276;890
276;891
276;892
276;893
276;894
276;895
276;896
276;897
276;898
276;899
276;900
276;901
276;902
276;903
276;904
276;905
276;906
276;907
276;908
276;909
276;910
276;911
276;912
276;913
276;914
276;915
276;916
276;917
276;918
276;919
276;920
276;921
276;922
276;923
276;924
276;925
276;926
276;927
276;928
276;929
276;930
276;931
276;932
276;933
276;934
276;935
276;936
276;937
276;938
276;939
276;940
276;941
276;942
276;943
276;944
276;945
276;946
276;947
276;948
276;949
276;950
276;951
276;952
276;953
276;954
276;955
276;956
276;957
276;958
276;959
276;960
276;961
276;962
276;963
276;964
276;965
276;966
276;967
276;968
276;969
276;970
276;971
276;972
276;973
276;974
276;975
276;976
276;977
276;978
276;979
276;980
276;981
276;982
276;983
276;984
276;985
276;986
276;987
276;988
276;989
276;990
276;991
276;992
276;993
276;994
276;995
276;996
276;997
276;998
276;999
276;1000
276;1001
276;1002
276;1003
276;1004
276;1005
276;1006
276;1007
276;1008
276;1009
276;1010
276;1011
276;1012
276;1013
276;1014
276;1015
276;1016
276;1017
276;1018
276;1019
276;1020
276;1021
276;1022
276;1023
276;1024
276;1025
276;1026
276;1027
276;1028
276;1029
276;1030
276;1031
276;1032
276;1033
276;1034
276;1035
276;1036
276;1037
276;1038
276;1039
276;1040
276;1041
276;1042
276;1043
276;1044
276;1045
276;1046
276;1047
276;1048
276;1049
276;1050
276;1051
276;1052
276;1053
276;1054
276;1055
276;1056
276;1057
276;1058
276;1059
276;1060
276;1061
276;1062
276;1063
276;1064
276;1065
276;1066
276;1067
276;1068
276;1069
276;1070
276;1071
276;1072
276;1073
277;806
277;807
277;808
277;809
277;810
277;811
277;812
277;813
277;814
277;815
277;816
277;817
277;818
277;819
277;820
277;821
277;822
277;823
277;824
277;825
277;826
277;827
277;828
277;829
277;830
277;831
277;832
277;833
277;834
277;835
277;836
277;837
277;838
277;839
277;840
277;841
277;842
277;843
277;844
277;845
277;846
277;847
277;848
277;849
277;850
277;851
277;852
277;853
277;854
277;855
277;856
277;857
277;858
277;859
277;860
277;861
277;862
277;863
277;864
277;865
277;866
277;867
277;868
277;869
277;870
277;871
277;872
277;873
277;874
277;875
277;876
277;877
277;878
277;879
277;880
277;881
277;882
277;883
277;884
277;885
277;886
277;887
277;888
277;889
277;890
277;891
277;892
277;893
277;894
277;895
277;896
277;897
277;898
277;899
277;900
277;901
277;902
277;903
277;904
277;905
277;906
277;907
277;908
277;909
277;910
277;911
277;912
277;913
277;914
277;915
277;916
277;917
277;918
277;919
277;920
277;921
277;922
277;923
277;924
277;925
277;926
277;927
277;928
277;929
277;930
277;931
277;932
277;933
277;934
277;935
277;936
277;937
277;938
277;939
277;940
277;941
277;942
277;943
277;944
277;945
277;946
277;947
277;948
277;949
277;950
277;951
277;952
277;953
277;954
277;955
277;956
277;957
277;958
277;959
277;960
277;961
277;962
277;963
277;964
277;965
277;966
277;967
277;968
277;969
277;970
277;971
277;972
277;973
277;974
277;975
277;976
277;977
277;978
277;979
277;980
277;981
277;982
277;983
277;984
277;985
277;986
277;987
277;988
277;989
277;990
277;991
277;992
277;993
277;994
277;995
277;996
277;997
277;998
277;999
277;1000
277;1001
277;1002
277;1003
277;1004
277;1005
277;1006
277;1007
277;1008
277;1009
277;1010
277;1011
277;1012
277;1013
277;1014
277;1015
277;1016
277;1017
277;1018
277;1019
277;1020
277;1021
277;1022
277;1023
277;1024
277;1025
277;1026
277;1027
277;1028
277;1029
277;1030
277;1031
277;1032
277;1033
277;1034
277;1035
277;1036
277;1037
277;1038
277;1039
277;1040
277;1041
277;1042
277;1043
277;1044
277;1045
277;1046
277;1047
277;1048
277;1049
277;1050
277;1051
277;1052
277;1053
277;1054
277;1055
277;1056
277;1057
277;1058
277;1059
277;1060
277;1061
277;1062
277;1063
277;1064
277;1065
277;1066
277;1067
277;1068
277;1069
277;1070
277;1071
277;1072
277;1073
278;808
278;809
278;810
278;811
278;812
278;813
278;814
278;815
278;816
278;817
278;818
278;819
278;820
278;821
278;822
278;823
278;824
278;825
278;826
278;827
278;828
278;829
278;830
278;831
278;832
278;833
278;834
278;835
278;836
278;837
278;838
278;839
278;840
278;841
278;842
278;843
278;844
278;845
278;846
278;847
278;848
278;849
278;850
278;851
278;852
278;853
278;854
278;855
278;856
278;857
278;858
278;859
278;860
278;861
278;862
278;863
278;864
278;865
278;866
278;867
278;868
278;869
278;870
278;871
278;872
278;873
278;874
278;875
278;876
278;877
278;878
278;879
278;880
278;881
278;882
278;883
278;884
278;885
278;886
278;887
278;888
278;889
278;890
278;891
278;892
278;893
278;894
278;895
278;896
278;897
278;898
278;899
278;900
278;901
278;902
278;903
278;904
278;905
278;906
278;907
278;908
278;909
278;910
278;911
278;912
278;913
278;914
278;915
278;916
278;917
278;918
278;919
278;920
278;921
278;922
278;923
278;924
278;925
278;926
278;927
278;928
278;929
278;930
278;931
278;932
278;933
278;934
278;935
278;936
278;937
278;938
278;939
278;940
278;941
278;942
278;943
278;944
278;945
278;946
278;947
278;948
278;949
278;950
278;951
278;952
278;953
278;954
278;955
278;956
278;957
278;958
278;959
278;960
278;961
278;962
278;963
278;964
278;965
278;966
278;967
278;968
278;969
278;970
278;971
278;972
278;973
278;974
278;975
278;976
278;977
278;978
278;979
278;980
278;981
278;982
278;983
278;984
278;985
278;986
278;987
278;988
278;989
278;990
278;991
278;992
278;993
278;994
278;995
278;996
278;997
278;998
278;999
278;1000
278;1001
278;1002
278;1003
278;1004
278;1005
278;1006
278;1007
278;1008
278;1009
278;1010
278;1011
278;1012
278;1013
278;1014
278;1015
278;1016
278;1017
278;1018
278;1019
278;1020
278;1021
278;1022
278;1023
278;1024
278;1025
278;1026
278;1027
278;1028
278;1029
278;1030
278;1031
278;1032
278;1033
278;1034
278;1035
278;1036
278;1037
278;1038
278;1039
278;1040
278;1041
278;1042
278;1043
278;1044
278;1045
278;1046
278;1047
278;1048
278;1049
278;1050
278;1051
278;1052
278;1053
278;1054
278;1055
278;1056
278;1057
278;1058
278;1059
278;1060
278;1061
278;1062
278;1063
278;1064
278;1065
278;1066
278;1067
278;1068
278;1069
278;1070
278;1071
278;1072
278;1073
279;810
279;811
279;812
279;813
279;814
279;815
279;816
279;817
279;818
279;819
279;820
279;821
279;822
279;823
279;824
279;825
279;826
279;827
279;828
279;829
279;830
279;831
279;832
279;833
279;834
279;835
279;836
279;837
279;838
279;839
279;840
279;841
279;842
279;843
279;844
279;845
279;846
279;847
279;848
279;849
279;850
279;851
279;852
279;853
279;854
279;855
279;856
279;857
279;858
279;859
279;860
279;861
279;862
279;863
279;864
279;865
279;866
279;867
279;868
279;869
279;870
279;871
279;872
279;873
279;874
279;875
279;876
279;877
279;878
279;879
279;880
279;881
279;882
279;883
279;884
279;885
279;886
279;887
279;888
279;889
279;890
279;891
279;892
279;893
279;894
279;895
279;896
279;897
279;898
279;899
279;900
279;901
279;902
279;903
279;904
279;905
279;906
279;907
279;908
279;909
279;910
279;911
279;912
279;913
279;914
279;915
279;916
279;917
279;918
279;919
279;920
279;921
279;922
279;923
279;924
279;925
279;926
279;927
279;928
279;929
279;930
279;931
279;932
279;933
279;934
279;935
279;936
279;937
279;938
279;939
279;940
279;941
279;942
279;943
279;944
279;945
279;946
279;947
279;948
279;949
279;950
279;951
279;952
279;953
279;954
279;955
279;956
279;957
279;958
279;959
279;960
279;961
279;962
279;963
279;964
279;965
279;966
279;967
279;968
279;969
279;970
279;971
279;972
279;973
279;974
279;976
279;977
279;978
279;979
279;980
279;981
279;982
279;983
279;984
279;985
279;986
279;987
279;988
279;989
279;990
279;991
279;992
279;993
279;994
279;995
279;996
279;997
279;998
279;999
279;1000
279;1001
279;1002
279;1003
279;1004
279;1005
279;1006
279;1007
279;1008
279;1009
279;1010
279;1011
279;1012
279;1013
279;1014
279;1015
279;1016
279;1017
279;1018
279;1019
279;1020
279;1021
279;1022
279;1023
279;1024
279;1025
279;1026
279;1027
279;1028
279;1029
279;1030
279;1031
279;1032
279;1033
279;1034
279;1035
279;1036
279;1037
279;1038
279;1039
279;1040
279;1041
279;1042
279;1043
279;1044
279;1045
279;1046
279;1047
279;1048
279;1049
279;1050
279;1051
279;1052
279;1053
279;1054
279;1055
279;1056
279;1057
279;1058
279;1059
279;1060
279;1061
279;1062
279;1063
279;1064
279;1065
279;1066
279;1067
279;1068
279;1069
279;1070
279;1071
279;1072
279;1073
280;811
280;812
280;813
280;814
280;815
280;816
280;817
280;818
280;819
280;820
280;821
280;822
280;823
280;824
280;825
280;826
280;827
280;828
280;829
280;830
280;831
280;832
280;833
280;834
280;835
280;836
280;837
280;838
280;839
280;840
280;841
280;842
280;843
280;844
280;845
280;846
280;847
280;848
280;849
280;850
280;851
280;852
280;853
280;854
280;855
280;856
280;857
280;858
280;859
280;860
280;861
280;862
280;863
280;864
280;865
280;866
280;867
280;868
280;869
280;870
280;871
280;872
280;873
280;874
280;875
280;876
280;877
280;878
280;879
280;880
280;881
280;882
280;883
280;884
280;885
280;886
280;887
280;888
280;889
280;890
280;891
280;892
280;893
280;894
280;895
280;896
280;897
280;898
280;899
280;900
280;901
280;902
280;903
280;904
280;905
280;906
280;907
280;908
280;909
280;910
280;911
280;912
280;913
280;914
280;915
280;916
280;917
280;918
280;919
280;920
280;921
280;922
280;923
280;924
280;925
280;926
280;927
280;928
280;929
280;930
280;931
280;932
280;933
280;934
280;935
280;936
280;937
280;938
280;939
280;940
280;941
280;942
280;943
280;944
280;945
280;946
280;947
280;948
280;949
280;950
280;951
280;952
280;953
280;954
280;955
280;956
280;957
280;958
280;959
280;960
280;961
280;962
280;963
280;964
280;965
280;966
280;967
280;968
280;969
280;970
280;971
280;972
280;973
280;974
280;977
280;978
280;979
280;980
280;981
280;982
280;983
280;984
280;985
280;986
280;987
280;988
280;989
280;990
280;991
280;992
280;993
280;994
280;995
280;996
280;997
280;998
280;999
280;1000
280;1001
280;1002
280;1003
280;1004
280;1005
280;1006
280;1007
280;1008
280;1009
280;1010
280;1011
280;1012
280;1013
280;1014
280;1015
280;1016
280;1017
280;1018
280;1019
280;1020
280;1021
280;1022
280;1023
280;1024
280;1025
280;1026
280;1027
280;1028
280;1029
280;1030
280;1031
280;1032
280;1033
280;1034
280;1035
280;1036
280;1037
280;1038
280;1039
280;1040
280;1041
280;1042
280;1043
280;1044
280;1045
280;1046
280;1047
280;1048
280;1049
280;1050
280;1051
280;1052
280;1053
280;1054
280;1055
280;1056
280;1057
280;1058
280;1059
280;1060
280;1061
280;1062
280;1063
280;1064
280;1065
280;1066
280;1067
280;1068
280;1069
280;1070
280;1071
280;1072
280;1073
281;812
281;813
281;814
281;815
281;816
281;817
281;818
281;819
281;820
281;821
281;822
281;823
281;824
281;825
281;826
281;827
281;828
281;829
281;830
281;831
281;832
281;833
281;834
281;835
281;836
281;837
281;838
281;839
281;840
281;841
281;842
281;843
281;844
281;845
281;846
281;847
281;848
281;849
281;850
281;851
281;852
281;853
281;854
281;855
281;856
281;857
281;858
281;859
281;860
281;861
281;862
281;863
281;864
281;865
281;866
281;867
281;868
281;869
281;870
281;871
281;872
281;873
281;874
281;875
281;876
281;877
281;878
281;879
281;880
281;881
281;882
281;883
281;884
281;885
281;886
281;887
281;888
281;889
281;890
281;891
281;892
281;893
281;894
281;895
281;896
281;897
281;898
281;899
281;900
281;901
281;902
281;903
281;904
281;905
281;906
281;907
281;908
281;909
281;910
281;911
281;912
281;913
281;914
281;915
281;916
281;917
281;918
281;919
281;920
281;921
281;922
281;923
281;924
281;925
281;926
281;927
281;928
281;929
281;930
281;931
281;932
281;933
281;934
281;935
281;936
281;937
281;938
281;939
281;940
281;941
281;942
281;943
281;944
281;945
281;946
281;947
281;948
281;949
281;950
281;951
281;952
281;953
281;954
281;955
281;956
281;957
281;958
281;959
281;960
281;961
281;962
281;963
281;964
281;965
281;966
281;967
281;968
281;969
281;970
281;971
281;972
281;978
281;979
281;980
281;981
281;982
281;983
281;984
281;985
281;986
281;987
281;988
281;989
281;990
281;991
281;992
281;993
281;994
281;995
281;996
281;997
281;998
281;999
281;1000
281;1001
281;1002
281;1003
281;1004
281;1005
281;1006
281;1007
281;1008
281;1009
281;1010
281;1011
281;1012
281;1013
281;1014
281;1015
281;1016
281;1017
281;1018
281;1019
281;1020
281;1021
281;1022
281;1023
281;1024
281;1025
281;1026
281;1027
281;1028
281;1029
281;1030
281;1031
281;1032
281;1033
281;1034
281;1035
281;1036
281;1037
281;1038
281;1039
281;1040
281;1041
281;1042
281;1043
281;1044
281;1045
281;1046
281;1047
281;1048
281;1049
281;1050
281;1051
281;1052
281;1053
281;1054
281;1055
281;1056
281;1057
281;1058
281;1059
281;1060
281;1061
281;1062
281;1063
281;1064
281;1065
281;1066
281;1067
281;1068
281;1069
281;1070
281;1071
281;1072
281;1073
282;814
282;815
282;816
282;817
282;818
282;819
282;820
282;821
282;822
282;823
282;824
282;825
282;826
282;827
282;828
282;829
282;830
282;831
282;832
282;833
282;834
282;835
282;836
282;837
282;838
282;839
282;840
282;841
282;842
282;843
282;844
282;845
282;846
282;847
282;848
282;849
282;850
282;851
282;852
282;853
282;854
282;855
282;856
282;857
282;858
282;859
282;860
282;861
282;862
282;863
282;864
282;865
282;866
282;867
282;868
282;869
282;870
282;871
282;872
282;873
282;874
282;875
282;876
282;877
282;878
282;879
282;880
282;881
282;882
282;883
282;884
282;885
282;886
282;887
282;888
282;889
282;890
282;891
282;892
282;893
282;894
282;895
282;896
282;897
282;898
282;899
282;900
282;901
282;902
282;903
282;904
282;905
282;906
282;907
282;908
282;909
282;910
282;911
282;912
282;913
282;914
282;915
282;916
282;917
282;918
282;919
282;920
282;921
282;922
282;923
282;924
282;925
282;926
282;927
282;928
282;929
282;930
282;931
282;932
282;933
282;934
282;935
282;936
282;937
282;938
282;939
282;940
282;941
282;942
282;943
282;944
282;945
282;946
282;947
282;948
282;949
282;950
282;951
282;952
282;953
282;954
282;955
282;956
282;957
282;958
282;959
282;960
282;961
282;962
282;963
282;964
282;965
282;966
282;967
282;968
282;969
282;970
282;971
282;972
282;978
282;979
282;980
282;981
282;982
282;983
282;984
282;985
282;986
282;987
282;988
282;989
282;990
282;991
282;992
282;993
282;994
282;995
282;996
282;997
282;998
282;999
282;1000
282;1001
282;1002
282;1003
282;1004
282;1005
282;1006
282;1007
282;1008
282;1009
282;1010
282;1011
282;1012
282;1013
282;1014
282;1015
282;1016
282;1017
282;1018
282;1019
282;1020
282;1021
282;1022
282;1023
282;1024
282;1025
282;1026
282;1027
282;1028
282;1029
282;1030
282;1031
282;1032
282;1033
282;1034
282;1035
282;1036
282;1037
282;1038
282;1039
282;1040
282;1041
282;1042
282;1043
282;1044
282;1045
282;1046
282;1047
282;1048
282;1049
282;1050
282;1051
282;1052
282;1053
282;1054
282;1055
282;1056
282;1057
282;1058
282;1059
282;1060
282;1061
282;1062
282;1063
282;1064
282;1065
282;1066
282;1067
282;1068
282;1069
282;1070
282;1071
282;1072
282;1073
283;816
283;817
283;818
283;819
283;820
283;821
283;822
283;823
283;824
283;825
283;826
283;827
283;828
283;829
283;830
283;831
283;832
283;833
283;834
283;835
283;836
283;837
283;838
283;839
283;840
283;841
283;842
283;843
283;844
283;845
283;846
283;847
283;848
283;849
283;850
283;851
283;852
283;853
283;854
283;855
283;856
283;857
283;858
283;859
283;860
283;861
283;862
283;863
283;864
283;865
283;866
283;867
283;868
283;869
283;870
283;871
283;872
283;873
283;874
283;875
283;876
283;877
283;878
283;879
283;880
283;881
283;882
283;883
283;884
283;885
283;886
283;887
283;888
283;889
283;890
283;891
283;892
283;893
283;894
283;895
283;896
283;897
283;898
283;899
283;900
283;901
283;902
283;903
283;904
283;905
283;906
283;907
283;908
283;909
283;910
283;911
283;912
283;913
283;914
283;915
283;916
283;917
283;918
283;919
283;920
283;921
283;922
283;923
283;924
283;925
283;926
283;927
283;928
283;929
283;930
283;931
283;932
283;933
283;934
283;935
283;936
283;937
283;938
283;939
283;940
283;941
283;942
283;943
283;944
283;945
283;946
283;947
283;948
283;949
283;950
283;951
283;952
283;953
283;954
283;955
283;956
283;957
283;958
283;959
283;960
283;961
283;962
283;963
283;964
283;965
283;966
283;967
283;968
283;969
283;970
283;978
283;979
283;980
283;981
283;982
283;983
283;984
283;985
283;986
283;987
283;988
283;989
283;990
283;991
283;992
283;993
283;994
283;995
283;996
283;997
283;998
283;999
283;1000
283;1001
283;1002
283;1003
283;1004
283;1005
283;1006
283;1007
283;1008
283;1009
283;1010
283;1011
283;1012
283;1013
283;1014
283;1015
283;1016
283;1017
283;1018
283;1019
283;1020
283;1021
283;1022
283;1023
283;1024
283;1025
283;1026
283;1027
283;1028
283;1029
283;1030
283;1031
283;1032
283;1033
283;1034
283;1035
283;1036
283;1037
283;1038
283;1039
283;1040
283;1041
283;1042
283;1043
283;1044
283;1045
283;1046
283;1047
283;1048
283;1049
283;1050
283;1051
283;1052
283;1053
283;1054
283;1055
283;1056
283;1057
283;1058
283;1059
283;1060
283;1061
283;1062
283;1063
283;1064
283;1065
283;1066
283;1067
283;1068
283;1069
283;1070
283;1071
283;1072
283;1073
284;816
284;817
284;818
284;819
284;820
284;821
284;822
284;823
284;824
284;825
284;826
284;827
284;828
284;829
284;830
284;831
284;832
284;833
284;834
284;835
284;836
284;837
284;838
284;839
284;840
284;841
284;842
284;843
284;844
284;845
284;846
284;847
284;848
284;849
284;850
284;851
284;852
284;853
284;854
284;855
284;856
284;857
284;858
284;859
284;860
284;861
284;862
284;863
284;864
284;865
284;866
284;867
284;868
284;869
284;870
284;871
284;872
284;873
284;874
284;875
284;876
284;877
284;878
284;879
284;880
284;881
284;882
284;883
284;884
284;885
284;886
284;887
284;888
284;889
284;890
284;891
284;892
284;893
284;894
284;895
284;896
284;897
284;898
284;899
284;900
284;901
284;902
284;903
284;904
284;905
284;906
284;907
284;908
284;909
284;910
284;911
284;912
284;913
284;914
284;915
284;916
284;917
284;918
284;919
284;920
284;921
284;922
284;923
284;924
284;925
284;926
284;927
284;928
284;929
284;930
284;931
284;932
284;933
284;934
284;935
284;936
284;937
284;938
284;939
284;940
284;941
284;942
284;943
284;944
284;945
284;946
284;947
284;948
284;949
284;950
284;951
284;952
284;953
284;954
284;955
284;956
284;957
284;958
284;959
284;960
284;961
284;962
284;963
284;964
284;965
284;966
284;967
284;968
284;969
284;970
284;979
284;980
284;981
284;982
284;983
284;984
284;985
284;986
284;987
284;988
284;989
284;990
284;991
284;992
284;993
284;994
284;995
284;996
284;997
284;998
284;999
284;1000
284;1001
284;1002
284;1003
284;1004
284;1005
284;1006
284;1007
284;1008
284;1009
284;1010
284;1011
284;1012
284;1013
284;1014
284;1015
284;1016
284;1017
284;1018
284;1019
284;1020
284;1021
284;1022
284;1023
284;1024
284;1025
284;1026
284;1027
284;1028
284;1029
284;1030
284;1031
284;1032
284;1033
284;1034
284;1035
284;1036
284;1037
284;1038
284;1039
284;1040
284;1041
284;1042
284;1043
284;1044
284;1045
284;1046
284;1047
284;1048
284;1049
284;1050
284;1051
284;1052
284;1053
284;1054
284;1055
284;1056
284;1057
284;1058
284;1059
284;1060
284;1061
284;1062
284;1063
284;1064
284;1065
284;1066
284;1067
284;1068
284;1069
284;1070
284;1071
284;1072
284;1073
285;818
285;819
285;820
285;821
285;822
285;823
285;824
285;825
285;826
285;827
285;828
285;829
285;830
285;831
285;832
285;833
285;834
285;835
285;836
285;837
285;838
285;839
285;840
285;841
285;842
285;843
285;844
285;845
285;846
285;847
285;848
285;849
285;850
285;851
285;852
285;853
285;854
285;855
285;856
285;857
285;858
285;859
285;860
285;861
285;862
285;863
285;864
285;865
285;866
285;867
285;868
285;869
285;870
285;871
285;872
285;873
285;874
285;875
285;876
285;877
285;878
285;879
285;880
285;881
285;882
285;883
285;884
285;885
285;886
285;887
285;888
285;889
285;890
285;891
285;892
285;893
285;894
285;895
285;896
285;897
285;898
285;899
285;900
285;901
285;902
285;903
285;904
285;905
285;906
285;907
285;908
285;909
285;910
285;911
285;912
285;913
285;914
285;915
285;916
285;917
285;918
285;919
285;920
285;921
285;922
285;923
285;924
285;925
285;926
285;927
285;928
285;929
285;930
285;931
285;932
285;933
285;934
285;935
285;936
285;937
285;938
285;939
285;940
285;941
285;942
285;943
285;944
285;945
285;946
285;947
285;948
285;949
285;950
285;951
285;952
285;953
285;954
285;955
285;956
285;957
285;958
285;959
285;960
285;961
285;962
285;963
285;964
285;965
285;966
285;967
285;968
285;980
285;981
285;982
285;983
285;984
285;985
285;986
285;987
285;988
285;989
285;990
285;991
285;992
285;993
285;994
285;995
285;996
285;997
285;998
285;999
285;1000
285;1001
285;1002
285;1003
285;1004
285;1005
285;1006
285;1007
285;1008
285;1009
285;1010
285;1011
285;1012
285;1013
285;1014
285;1015
285;1016
285;1017
285;1018
285;1019
285;1020
285;1021
285;1022
285;1023
285;1024
285;1025
285;1026
285;1027
285;1028
285;1029
285;1030
285;1031
285;1032
285;1033
285;1034
285;1035
285;1036
285;1037
285;1038
285;1039
285;1040
285;1041
285;1042
285;1043
285;1044
285;1045
285;1046
285;1047
285;1048
285;1049
285;1050
285;1051
285;1052
285;1053
285;1054
285;1055
285;1056
285;1057
285;1058
285;1059
285;1060
285;1061
285;1062
285;1063
285;1064
285;1065
285;1066
285;1067
285;1068
285;1069
285;1070
285;1071
285;1072
286;820
286;821
286;822
286;823
286;824
286;825
286;826
286;827
286;828
286;829
286;830
286;831
286;832
286;833
286;834
286;835
286;836
286;837
286;838
286;839
286;840
286;841
286;842
286;843
286;844
286;845
286;846
286;847
286;848
286;849
286;850
286;851
286;852
286;853
286;854
286;855
286;856
286;857
286;858
286;859
286;860
286;861
286;862
286;863
286;864
286;865
286;866
286;867
286;868
286;869
286;870
286;871
286;872
286;873
286;874
286;875
286;876
286;877
286;878
286;879
286;880
286;881
286;882
286;883
286;884
286;885
286;886
286;887
286;888
286;889
286;890
286;891
286;892
286;893
286;894
286;895
286;896
286;897
286;898
286;899
286;900
286;901
286;902
286;903
286;904
286;905
286;906
286;907
286;908
286;909
286;910
286;911
286;912
286;913
286;914
286;915
286;916
286;917
286;918
286;919
286;920
286;921
286;922
286;923
286;924
286;925
286;926
286;927
286;928
286;929
286;930
286;931
286;932
286;933
286;934
286;935
286;936
286;937
286;938
286;939
286;940
286;941
286;942
286;943
286;944
286;945
286;946
286;947
286;948
286;949
286;950
286;951
286;952
286;953
286;954
286;955
286;956
286;957
286;958
286;959
286;960
286;961
286;962
286;963
286;964
286;965
286;966
286;967
286;968
286;980
286;981
286;982
286;983
286;984
286;985
286;986
286;987
286;988
286;989
286;990
286;991
286;992
286;993
286;994
286;995
286;996
286;997
286;998
286;999
286;1000
286;1001
286;1002
286;1003
286;1004
286;1005
286;1006
286;1007
286;1008
286;1009
286;1010
286;1011
286;1012
286;1013
286;1014
286;1015
286;1016
286;1017
286;1018
286;1019
286;1020
286;1021
286;1022
286;1023
286;1024
286;1025
286;1026
286;1027
286;1028
286;1029
286;1030
286;1031
286;1032
286;1033
286;1034
286;1035
286;1036
286;1037
286;1038
286;1039
286;1040
286;1041
286;1042
286;1043
286;1044
286;1045
286;1046
286;1047
286;1048
286;1049
286;1050
286;1051
286;1052
286;1053
286;1054
286;1055
286;1056
286;1057
286;1058
286;1059
286;1060
286;1061
286;1062
286;1063
286;1064
286;1065
286;1066
286;1067
286;1068
286;1069
286;1070
287;821
287;822
287;823
287;824
287;825
287;826
287;827
287;828
287;829
287;830
287;831
287;832
287;833
287;834
287;835
287;836
287;837
287;838
287;839
287;840
287;841
287;842
287;843
287;844
287;845
287;846
287;847
287;848
287;849
287;850
287;851
287;852
287;853
287;854
287;855
287;856
287;857
287;858
287;859
287;860
287;861
287;862
287;863
287;864
287;865
287;866
287;867
287;868
287;869
287;870
287;871
287;872
287;873
287;874
287;875
287;876
287;877
287;878
287;879
287;880
287;881
287;882
287;883
287;884
287;885
287;886
287;887
287;888
287;889
287;890
287;891
287;892
287;893
287;894
287;895
287;896
287;897
287;898
287;899
287;900
287;901
287;902
287;903
287;904
287;905
287;906
287;907
287;908
287;909
287;910
287;911
287;912
287;913
287;914
287;915
287;916
287;917
287;918
287;919
287;920
287;921
287;922
287;923
287;924
287;925
287;926
287;927
287;928
287;929
287;930
287;931
287;932
287;933
287;934
287;935
287;936
287;937
287;938
287;939
287;940
287;941
287;942
287;943
287;944
287;945
287;946
287;947
287;948
287;949
287;950
287;951
287;952
287;953
287;954
287;955
287;956
287;957
287;958
287;959
287;960
287;961
287;962
287;963
287;964
287;965
287;966
287;967
287;981
287;982
287;983
287;984
287;985
287;986
287;987
287;988
287;989
287;990
287;991
287;992
287;993
287;994
287;995
287;996
287;997
287;998
287;999
287;1000
287;1001
287;1002
287;1003
287;1004
287;1005
287;1006
287;1007
287;1008
287;1009
287;1010
287;1011
287;1012
287;1013
287;1014
287;1015
287;1016
287;1017
287;1018
287;1019
287;1020
287;1021
287;1022
287;1023
287;1024
287;1025
287;1026
287;1027
287;1028
287;1029
287;1030
287;1031
287;1032
287;1033
287;1034
287;1035
287;1036
287;1037
287;1038
287;1039
287;1040
287;1041
287;1042
287;1043
287;1044
287;1045
287;1046
287;1047
287;1048
287;1049
287;1050
287;1051
287;1052
287;1053
287;1054
287;1055
287;1056
287;1057
287;1058
287;1059
287;1060
287;1061
287;1062
287;1063
287;1064
287;1065
287;1066
288;822
288;823
288;824
288;825
288;826
288;827
288;828
288;829
288;830
288;831
288;832
288;833
288;834
288;835
288;836
288;837
288;838
288;839
288;840
288;841
288;842
288;843
288;844
288;845
288;846
288;847
288;848
288;849
288;850
288;851
288;852
288;853
288;854
288;855
288;856
288;857
288;858
288;859
288;860
288;861
288;862
288;863
288;864
288;865
288;866
288;867
288;868
288;869
288;870
288;871
288;872
288;873
288;874
288;875
288;876
288;877
288;878
288;879
288;880
288;881
288;882
288;883
288;884
288;885
288;886
288;887
288;888
288;889
288;890
288;891
288;892
288;893
288;894
288;895
288;896
288;897
288;898
288;899
288;900
288;901
288;902
288;903
288;904
288;905
288;906
288;907
288;908
288;909
288;910
288;911
288;912
288;913
288;914
288;915
288;916
288;917
288;918
288;919
288;920
288;921
288;922
288;923
288;924
288;925
288;926
288;927
288;928
288;929
288;930
288;931
288;932
288;933
288;934
288;935
288;936
288;937
288;938
288;939
288;940
288;941
288;942
288;943
288;944
288;945
288;946
288;947
288;948
288;949
288;950
288;951
288;952
288;953
288;954
288;955
288;956
288;957
288;958
288;959
288;960
288;961
288;962
288;963
288;964
288;965
288;966
288;981
288;982
288;983
288;984
288;985
288;986
288;987
288;988
288;989
288;990
288;991
288;992
288;993
288;994
288;995
288;996
288;997
288;998
288;999
288;1000
288;1001
288;1002
288;1003
288;1004
288;1005
288;1006
288;1007
288;1008
288;1009
288;1010
288;1011
288;1012
288;1013
288;1014
288;1015
288;1016
288;1017
288;1018
288;1019
288;1020
288;1021
288;1022
288;1023
288;1024
288;1025
288;1026
288;1027
288;1028
288;1029
288;1030
288;1031
288;1032
288;1033
288;1034
288;1035
288;1036
288;1037
288;1038
288;1039
288;1040
288;1041
288;1042
288;1043
288;1044
288;1045
288;1046
288;1047
288;1048
288;1049
288;1050
288;1051
288;1052
288;1053
288;1054
288;1055
288;1056
288;1057
288;1058
288;1059
288;1060
288;1061
288;1062
288;1063
288;1064
289;824
289;825
289;826
289;827
289;828
289;829
289;830
289;831
289;832
289;833
289;834
289;835
289;836
289;837
289;838
289;839
289;840
289;841
289;842
289;843
289;844
289;845
289;846
289;847
289;848
289;849
289;850
289;851
289;852
289;853
289;854
289;855
289;856
289;857
289;858
289;859
289;860
289;861
289;862
289;863
289;864
289;865
289;866
289;867
289;868
289;869
289;870
289;871
289;872
289;873
289;874
289;875
289;876
289;877
289;878
289;879
289;880
289;881
289;882
289;883
289;884
289;885
289;886
289;887
289;888
289;889
289;890
289;891
289;892
289;893
289;894
289;895
289;896
289;897
289;898
289;899
289;900
289;901
289;902
289;903
289;904
289;905
289;906
289;907
289;908
289;909
289;910
289;911
289;912
289;913
289;914
289;915
289;916
289;917
289;918
289;919
289;920
289;921
289;922
289;923
289;924
289;925
289;926
289;927
289;928
289;929
289;930
289;931
289;932
289;933
289;934
289;935
289;936
289;937
289;938
289;939
289;940
289;941
289;942
289;943
289;944
289;945
289;946
289;947
289;948
289;949
289;950
289;951
289;952
289;953
289;954
289;955
289;956
289;957
289;958
289;959
289;960
289;961
289;962
289;963
289;964
289;965
289;982
289;983
289;984
289;985
289;986
289;987
289;988
289;989
289;990
289;991
289;992
289;993
289;994
289;995
289;996
289;997
289;998
289;999
289;1000
289;1001
289;1002
289;1003
289;1004
289;1005
289;1006
289;1007
289;1008
289;1009
289;1010
289;1011
289;1012
289;1013
289;1014
289;1015
289;1016
289;1017
289;1018
289;1019
289;1020
289;1021
289;1022
289;1023
289;1024
289;1025
289;1026
289;1027
289;1028
289;1029
289;1030
289;1031
289;1032
289;1033
289;1034
289;1035
289;1036
289;1037
289;1038
289;1039
289;1040
289;1041
289;1042
289;1043
289;1044
289;1045
289;1046
289;1047
289;1048
289;1049
289;1050
289;1051
289;1052
289;1053
289;1054
289;1055
289;1056
289;1057
289;1058
289;1059
289;1060
289;1061
289;1062
290;825
290;826
290;827
290;828
290;829
290;830
290;831
290;832
290;833
290;834
290;835
290;836
290;837
290;838
290;839
290;840
290;841
290;842
290;843
290;844
290;845
290;846
290;847
290;848
290;849
290;850
290;851
290;852
290;853
290;854
290;855
290;856
290;857
290;858
290;859
290;860
290;861
290;862
290;863
290;864
290;865
290;866
290;867
290;868
290;869
290;870
290;871
290;872
290;873
290;874
290;875
290;876
290;877
290;878
290;879
290;880
290;881
290;882
290;883
290;884
290;885
290;886
290;887
290;888
290;889
290;890
290;891
290;892
290;893
290;894
290;895
290;896
290;897
290;898
290;899
290;900
290;901
290;902
290;903
290;904
290;905
290;906
290;907
290;908
290;909
290;910
290;911
290;912
290;913
290;914
290;915
290;916
290;917
290;918
290;919
290;920
290;921
290;922
290;923
290;924
290;925
290;926
290;927
290;928
290;929
290;930
290;931
290;932
290;933
290;934
290;935
290;936
290;937
290;938
290;939
290;940
290;941
290;942
290;943
290;944
290;945
290;946
290;947
290;948
290;949
290;950
290;951
290;952
290;953
290;954
290;955
290;956
290;957
290;958
290;959
290;960
290;961
290;962
290;963
290;964
290;982
290;983
290;984
290;985
290;986
290;987
290;988
290;989
290;990
290;991
290;992
290;993
290;994
290;995
290;996
290;997
290;998
290;999
290;1000
290;1001
290;1002
290;1003
290;1004
290;1005
290;1006
290;1007
290;1008
290;1009
290;1010
290;1011
290;1012
290;1013
290;1014
290;1015
290;1016
290;1017
290;1018
290;1019
290;1020
290;1021
290;1022
290;1023
290;1024
290;1025
290;1026
290;1027
290;1028
290;1029
290;1030
290;1031
290;1032
290;1033
290;1034
290;1035
290;1036
290;1037
290;1038
290;1039
290;1040
290;1041
290;1042
290;1043
290;1044
290;1045
290;1046
290;1047
290;1048
290;1049
290;1050
290;1051
290;1052
290;1053
290;1054
290;1055
290;1056
290;1057
290;1058
290;1059
290;1060
291;826
291;827
291;828
291;829
291;830
291;831
291;832
291;833
291;834
291;835
291;836
291;837
291;838
291;839
291;840
291;841
291;842
291;843
291;844
291;845
291;846
291;847
291;848
291;849
291;850
291;851
291;852
291;853
291;854
291;855
291;856
291;857
291;858
291;859
291;860
291;861
291;862
291;863
291;864
291;865
291;866
291;867
291;868
291;869
291;870
291;871
291;872
291;873
291;874
291;875
291;876
291;877
291;878
291;879
291;880
291;881
291;882
291;883
291;884
291;885
291;886
291;887
291;888
291;889
291;890
291;891
291;892
291;893
291;894
291;895
291;896
291;897
291;898
291;899
291;900
291;901
291;902
291;903
291;904
291;905
291;906
291;907
291;908
291;909
291;910
291;911
291;912
291;913
291;914
291;915
291;916
291;917
291;918
291;919
291;920
291;921
291;922
291;923
291;924
291;925
291;926
291;927
291;928
291;929
291;930
291;931
291;932
291;933
291;934
291;935
291;936
291;937
291;938
291;939
291;940
291;941
291;942
291;943
291;944
291;945
291;946
291;947
291;948
291;949
291;950
291;951
291;952
291;953
291;954
291;955
291;956
291;957
291;958
291;959
291;960
291;961
291;962
291;963
291;983
291;984
291;985
291;986
291;987
291;988
291;989
291;990
291;991
291;992
291;993
291;994
291;995
291;996
291;997
291;998
291;999
291;1000
291;1001
291;1002
291;1003
291;1004
291;1005
291;1006
291;1007
291;1008
291;1009
291;1010
291;1011
291;1012
291;1013
291;1014
291;1015
291;1016
291;1017
291;1018
291;1019
291;1020
291;1021
291;1022
291;1023
291;1024
291;1025
291;1026
291;1027
291;1028
291;1029
291;1030
291;1031
291;1032
291;1033
291;1034
291;1035
291;1036
291;1037
291;1038
291;1039
291;1040
291;1041
291;1042
291;1043
291;1044
291;1045
291;1046
291;1047
291;1048
291;1049
291;1050
291;1051
291;1052
291;1053
291;1054
291;1055
291;1056
292;828
292;829
292;830
292;831
292;832
292;833
292;834
292;835
292;836
292;837
292;838
292;839
292;840
292;841
292;842
292;843
292;844
292;845
292;846
292;847
292;848
292;849
292;850
292;851
292;852
292;853
292;854
292;855
292;856
292;857
292;858
292;859
292;860
292;861
292;862
292;863
292;864
292;865
292;866
292;867
292;868
292;869
292;870
292;871
292;872
292;873
292;874
292;875
292;876
292;877
292;878
292;879
292;880
292;881
292;882
292;883
292;884
292;885
292;886
292;887
292;888
292;889
292;890
292;891
292;892
292;893
292;894
292;895
292;896
292;897
292;898
292;899
292;900
292;901
292;902
292;903
292;904
292;905
292;906
292;907
292;908
292;909
292;910
292;911
292;912
292;913
292;914
292;915
292;916
292;917
292;918
292;919
292;920
292;921
292;922
292;923
292;924
292;925
292;926
292;927
292;928
292;929
292;930
292;931
292;932
292;933
292;934
292;935
292;936
292;937
292;938
292;939
292;940
292;941
292;942
292;943
292;944
292;945
292;946
292;947
292;948
292;949
292;950
292;951
292;952
292;953
292;954
292;955
292;956
292;957
292;958
292;959
292;960
292;961
292;962
292;984
292;985
292;986
292;987
292;988
292;989
292;990
292;991
292;992
292;993
292;994
292;995
292;996
292;997
292;998
292;999
292;1000
292;1001
292;1002
292;1003
292;1004
292;1005
292;1006
292;1007
292;1008
292;1009
292;1010
292;1011
292;1012
292;1013
292;1014
292;1015
292;1016
292;1017
292;1018
292;1019
292;1020
292;1021
292;1022
292;1023
292;1024
292;1025
292;1026
292;1027
292;1028
292;1029
292;1030
292;1031
292;1032
292;1033
292;1034
292;1035
292;1036
292;1037
292;1038
292;1039
292;1040
292;1041
292;1042
292;1043
292;1044
292;1045
292;1046
292;1047
292;1048
292;1049
292;1050
292;1051
292;1052
292;1053
292;1054
293;830
293;831
293;832
293;833
293;834
293;835
293;836
293;837
293;838
293;839
293;840
293;841
293;842
293;843
293;844
293;845
293;846
293;847
293;848
293;849
293;850
293;851
293;852
293;853
293;854
293;855
293;856
293;857
293;858
293;859
293;860
293;861
293;862
293;863
293;864
293;865
293;866
293;867
293;868
293;869
293;870
293;871
293;872
293;873
293;874
293;875
293;876
293;877
293;878
293;879
293;880
293;881
293;882
293;883
293;884
293;885
293;886
293;887
293;888
293;889
293;890
293;891
293;892
293;893
293;894
293;895
293;896
293;897
293;898
293;899
293;900
293;901
293;902
293;903
293;904
293;905
293;906
293;907
293;908
293;909
293;910
293;911
293;912
293;913
293;914
293;915
293;916
293;917
293;918
293;919
293;920
293;921
293;922
293;923
293;924
293;925
293;926
293;927
293;928
293;929
293;930
293;931
293;932
293;933
293;934
293;935
293;936
293;937
293;938
293;939
293;940
293;941
293;942
293;943
293;944
293;945
293;946
293;947
293;948
293;949
293;950
293;951
293;952
293;953
293;954
293;955
293;956
293;957
293;958
293;959
293;960
293;961
293;984
293;985
293;986
293;987
293;988
293;989
293;990
293;991
293;992
293;993
293;994
293;995
293;996
293;997
293;998
293;999
293;1000
293;1001
293;1002
293;1003
293;1004
293;1005
293;1006
293;1007
293;1008
293;1009
293;1010
293;1011
293;1012
293;1013
293;1014
293;1015
293;1016
293;1017
293;1018
293;1019
293;1020
293;1021
293;1022
293;1023
293;1024
293;1025
293;1026
293;1027
293;1028
293;1029
293;1030
293;1031
293;1032
293;1033
293;1034
293;1035
293;1036
293;1037
293;1038
293;1039
293;1040
293;1041
293;1042
293;1043
293;1044
293;1045
293;1046
293;1047
293;1048
293;1049
293;1050
293;1051
293;1052
294;830
294;831
294;832
294;833
294;834
294;835
294;836
294;837
294;838
294;839
294;840
294;841
294;842
294;843
294;844
294;845
294;846
294;847
294;848
294;849
294;850
294;851
294;852
294;853
294;854
294;855
294;856
294;857
294;858
294;859
294;860
294;861
294;862
294;863
294;864
294;865
294;866
294;867
294;868
294;869
294;870
294;871
294;872
294;873
294;874
294;875
294;876
294;877
294;878
294;879
294;880
294;881
294;882
294;883
294;884
294;885
294;886
294;887
294;888
294;889
294;890
294;891
294;892
294;893
294;894
294;895
294;896
294;897
294;898
294;899
294;900
294;901
294;902
294;903
294;904
294;905
294;906
294;907
294;908
294;909
294;910
294;911
294;912
294;913
294;914
294;915
294;916
294;917
294;918
294;919
294;920
294;921
294;922
294;923
294;924
294;925
294;926
294;927
294;928
294;929
294;930
294;931
294;932
294;933
294;934
294;935
294;936
294;937
294;938
294;939
294;940
294;941
294;942
294;943
294;944
294;945
294;946
294;947
294;948
294;949
294;950
294;951
294;952
294;953
294;954
294;955
294;956
294;957
294;958
294;959
294;960
294;984
294;985
294;986
294;987
294;988
294;989
294;990
294;991
294;992
294;993
294;994
294;995
294;996
294;997
294;998
294;999
294;1000
294;1001
294;1002
294;1003
294;1004
294;1005
294;1006
294;1007
294;1008
294;1009
294;1010
294;1011
294;1012
294;1013
294;1014
294;1015
294;1016
294;1017
294;1018
294;1019
294;1020
294;1021
294;1022
294;1023
294;1024
294;1025
294;1026
294;1027
294;1028
294;1029
294;1030
294;1031
294;1032
294;1033
294;1034
294;1035
294;1036
294;1037
294;1038
294;1039
294;1040
294;1041
294;1042
294;1043
294;1044
294;1045
294;1046
294;1047
294;1048
294;1049
294;1050
295;832
295;833
295;834
295;835
295;836
295;837
295;838
295;839
295;840
295;841
295;842
295;843
295;844
295;845
295;846
295;847
295;848
295;849
295;850
295;851
295;852
295;853
295;854
295;855
295;856
295;857
295;858
295;859
295;860
295;861
295;862
295;863
295;864
295;865
295;866
295;867
295;868
295;869
295;870
295;871
295;872
295;873
295;874
295;875
295;876
295;877
295;878
295;879
295;880
295;881
295;882
295;883
295;884
295;885
295;886
295;887
295;888
295;889
295;890
295;891
295;892
295;893
295;894
295;895
295;896
295;897
295;898
295;899
295;900
295;901
295;902
295;903
295;904
295;905
295;906
295;907
295;908
295;909
295;910
295;911
295;912
295;913
295;914
295;915
295;916
295;917
295;918
295;919
295;920
295;921
295;922
295;923
295;924
295;925
295;926
295;927
295;928
295;929
295;930
295;931
295;932
295;933
295;934
295;935
295;936
295;937
295;938
295;939
295;940
295;941
295;942
295;943
295;944
295;945
295;946
295;947
295;948
295;949
295;950
295;951
295;952
295;953
295;954
295;955
295;956
295;957
295;958
295;959
295;985
295;986
295;987
295;988
295;989
295;990
295;991
295;992
295;993
295;994
295;995
295;996
295;997
295;998
295;999
295;1000
295;1001
295;1002
295;1003
295;1004
295;1005
295;1006
295;1007
295;1008
295;1009
295;1010
295;1011
295;1012
295;1013
295;1014
295;1015
295;1016
295;1017
295;1018
295;1019
295;1020
295;1021
295;1022
295;1023
295;1024
295;1025
295;1026
295;1027
295;1028
295;1029
295;1030
295;1031
295;1032
295;1033
295;1034
295;1035
295;1036
295;1037
295;1038
295;1039
295;1040
295;1041
295;1042
295;1043
295;1044
295;1045
295;1046
296;834
296;835
296;836
296;837
296;838
296;839
296;840
296;841
296;842
296;843
296;844
296;845
296;846
296;847
296;848
296;849
296;850
296;851
296;852
296;853
296;854
296;855
296;856
296;857
296;858
296;859
296;860
296;861
296;862
296;863
296;864
296;865
296;866
296;867
296;868
296;869
296;870
296;871
296;872
296;873
296;874
296;875
296;876
296;877
296;878
296;879
296;880
296;881
296;882
296;883
296;884
296;885
296;886
296;887
296;888
296;889
296;890
296;891
296;892
296;893
296;894
296;895
296;896
296;897
296;898
296;899
296;900
296;901
296;902
296;903
296;904
296;905
296;906
296;907
296;908
296;909
296;910
296;911
296;912
296;913
296;914
296;915
296;916
296;917
296;918
296;919
296;920
296;921
296;922
296;923
296;924
296;925
296;926
296;927
296;928
296;929
296;930
296;931
296;932
296;933
296;934
296;935
296;936
296;937
296;938
296;939
296;940
296;941
296;942
296;943
296;944
296;945
296;946
296;947
296;948
296;949
296;950
296;951
296;952
296;953
296;954
296;955
296;956
296;957
296;958
296;986
296;987
296;988
296;989
296;990
296;991
296;992
296;993
296;994
296;995
296;996
296;997
296;998
296;999
296;1000
296;1001
296;1002
296;1003
296;1004
296;1005
296;1006
296;1007
296;1008
296;1009
296;1010
296;1011
296;1012
296;1013
296;1014
296;1015
296;1016
296;1017
296;1018
296;1019
296;1020
296;1021
296;1022
296;1023
296;1024
296;1025
296;1026
296;1027
296;1028
296;1029
296;1030
296;1031
296;1032
296;1033
296;1034
296;1035
296;1036
296;1037
296;1038
296;1039
296;1040
296;1041
296;1042
296;1043
296;1044
297;835
297;836
297;837
297;838
297;839
297;840
297;841
297;842
297;843
297;844
297;845
297;846
297;847
297;848
297;849
297;850
297;851
297;852
297;853
297;854
297;855
297;856
297;857
297;858
297;859
297;860
297;861
297;862
297;863
297;864
297;865
297;866
297;867
297;868
297;869
297;870
297;871
297;872
297;873
297;874
297;875
297;876
297;877
297;878
297;879
297;880
297;881
297;882
297;883
297;884
297;885
297;886
297;887
297;888
297;889
297;890
297;891
297;892
297;893
297;894
297;895
297;896
297;897
297;898
297;899
297;900
297;901
297;902
297;903
297;904
297;905
297;906
297;907
297;908
297;909
297;910
297;911
297;912
297;913
297;914
297;915
297;916
297;917
297;918
297;919
297;920
297;921
297;922
297;923
297;924
297;925
297;926
297;927
297;928
297;929
297;930
297;931
297;932
297;933
297;934
297;935
297;936
297;937
297;938
297;939
297;940
297;941
297;942
297;943
297;944
297;945
297;946
297;947
297;948
297;949
297;950
297;951
297;952
297;953
297;954
297;955
297;956
297;957
297;958
297;986
297;987
297;988
297;989
297;990
297;991
297;992
297;993
297;994
297;995
297;996
297;997
297;998
297;999
297;1000
297;1001
297;1002
297;1003
297;1004
297;1005
297;1006
297;1007
297;1008
297;1009
297;1010
297;1011
297;1012
297;1013
297;1014
297;1015
297;1016
297;1017
297;1018
297;1019
297;1020
297;1021
297;1022
297;1023
297;1024
297;1025
297;1026
297;1027
297;1028
297;1029
297;1030
297;1031
297;1032
297;1033
297;1034
297;1035
297;1036
297;1037
297;1038
297;1039
297;1040
297;1041
297;1042
298;836
298;837
298;838
298;839
298;840
298;841
298;842
298;843
298;844
298;845
298;846
298;847
298;848
298;849
298;850
298;851
298;852
298;853
298;854
298;855
298;856
298;857
298;858
298;859
298;860
298;861
298;862
298;863
298;864
298;865
298;866
298;867
298;868
298;869
298;870
298;871
298;872
298;873
298;874
298;875
298;876
298;877
298;878
298;879
298;880
298;881
298;882
298;883
298;884
298;885
298;886
298;887
298;888
298;889
298;890
298;891
298;892
298;893
298;894
298;895
298;896
298;897
298;898
298;899
298;900
298;901
298;902
298;903
298;904
298;905
298;906
298;907
298;908
298;909
298;910
298;911
298;912
298;913
298;914
298;915
298;916
298;917
298;918
298;919
298;920
298;921
298;922
298;923
298;924
298;925
298;926
298;927
298;928
298;929
298;930
298;931
298;932
298;933
298;934
298;935
298;936
298;937
298;938
298;939
298;940
298;941
298;942
298;943
298;944
298;945
298;946
298;947
298;948
298;949
298;950
298;951
298;952
298;953
298;954
298;955
298;956
298;986
298;987
298;988
298;989
298;990
298;991
298;992
298;993
298;994
298;995
298;996
298;997
298;998
298;999
298;1000
298;1001
298;1002
298;1003
298;1004
298;1005
298;1006
298;1007
298;1008
298;1009
298;1010
298;1011
298;1012
298;1013
298;1014
298;1015
298;1016
298;1017
298;1018
298;1019
298;1020
298;1021
298;1022
298;1023
298;1024
298;1025
298;1026
298;1027
298;1028
298;1029
298;1030
298;1031
298;1032
298;1033
298;1034
298;1035
298;1036
298;1037
298;1038
298;1039
298;1040
299;838
299;839
299;840
299;841
299;842
299;843
299;844
299;845
299;846
299;847
299;848
299;849
299;850
299;851
299;852
299;853
299;854
299;855
299;856
299;857
299;858
299;859
299;860
299;861
299;862
299;863
299;864
299;865
299;866
299;867
299;868
299;869
299;870
299;871
299;872
299;873
299;874
299;875
299;876
299;877
299;878
299;879
299;880
299;881
299;882
299;883
299;884
299;885
299;886
299;887
299;888
299;889
299;890
299;891
299;892
299;893
299;894
299;895
299;896
299;897
299;898
299;899
299;900
299;901
299;902
299;903
299;904
299;905
299;906
299;907
299;908
299;909
299;910
299;911
299;912
299;913
299;914
299;915
299;916
299;917
299;918
299;919
299;920
299;921
299;922
299;923
299;924
299;925
299;926
299;927
299;928
299;929
299;930
299;931
299;932
299;933
299;934
299;935
299;936
299;937
299;938
299;939
299;940
299;941
299;942
299;943
299;944
299;945
299;946
299;947
299;948
299;949
299;950
299;951
299;952
299;953
299;954
299;955
299;956
299;987
299;988
299;989
299;990
299;991
299;992
299;993
299;994
299;995
299;996
299;997
299;998
299;999
299;1000
299;1001
299;1002
299;1003
299;1004
299;1005
299;1006
299;1007
299;1008
299;1009
299;1010
299;1011
299;1012
299;1013
299;1014
299;1015
299;1016
299;1017
299;1018
299;1019
299;1020
299;1021
299;1022
299;1023
299;1024
299;1025
299;1026
299;1027
299;1028
299;1029
299;1030
299;1031
299;1032
299;1033
299;1034
299;1035
299;1036
300;840
300;841
300;842
300;843
300;844
300;845
300;846
300;847
300;848
300;849
300;850
300;851
300;852
300;853
300;854
300;855
300;856
300;857
300;858
300;859
300;860
300;861
300;862
300;863
300;864
300;865
300;866
300;867
300;868
300;869
300;870
300;871
300;872
300;873
300;874
300;875
300;876
300;877
300;878
300;879
300;880
300;881
300;882
300;883
300;884
300;885
300;886
300;887
300;888
300;889
300;890
300;891
300;892
300;893
300;894
300;895
300;896
300;897
300;898
300;899
300;900
300;901
300;902
300;903
300;904
300;905
300;906
300;907
300;908
300;909
300;910
300;911
300;912
300;913
300;914
300;915
300;916
300;917
300;918
300;919
300;920
300;921
300;922
300;923
300;924
300;925
300;926
300;927
300;928
300;929
300;930
300;931
300;932
300;933
300;934
300;935
300;936
300;937
300;938
300;939
300;940
300;941
300;942
300;943
300;944
300;945
300;946
300;947
300;948
300;949
300;950
300;951
300;952
300;953
300;954
300;988
300;989
300;990
300;991
300;992
300;993
300;994
300;995
300;996
300;997
300;998
300;999
300;1000
300;1001
300;1002
300;1003
300;1004
300;1005
300;1006
300;1007
300;1008
300;1009
300;1010
300;1011
300;1012
300;1013
300;1014
300;1015
300;1016
300;1017
300;1018
300;1019
300;1020
300;1021
300;1022
300;1023
300;1024
300;1025
300;1026
300;1027
300;1028
300;1029
300;1030
300;1031
300;1032
300;1033
300;1034
301;840
301;841
301;842
301;843
301;844
301;845
301;846
301;847
301;848
301;849
301;850
301;851
301;852
301;853
301;854
301;855
301;856
301;857
301;858
301;859
301;860
301;861
301;862
301;863
301;864
301;865
301;866
301;867
301;868
301;869
301;870
301;871
301;872
301;873
301;874
301;875
301;876
301;877
301;878
301;879
301;880
301;881
301;882
301;883
301;884
301;885
301;886
301;887
301;888
301;889
301;890
301;891
301;892
301;893
301;894
301;895
301;896
301;897
301;898
301;899
301;900
301;901
301;902
301;903
301;904
301;905
301;906
301;907
301;908
301;909
301;910
301;911
301;912
301;913
301;914
301;915
301;916
301;917
301;918
301;919
301;920
301;921
301;922
301;923
301;924
301;925
301;926
301;927
301;928
301;929
301;930
301;931
301;932
301;933
301;934
301;935
301;936
301;937
301;938
301;939
301;940
301;941
301;942
301;943
301;944
301;945
301;946
301;947
301;948
301;949
301;950
301;951
301;952
301;953
301;954
301;988
301;989
301;990
301;991
301;992
301;993
301;994
301;995
301;996
301;997
301;998
301;999
301;1000
301;1001
301;1002
301;1003
301;1004
301;1005
301;1006
301;1007
301;1008
301;1009
301;1010
301;1011
301;1012
301;1013
301;1014
301;1015
301;1016
301;1017
301;1018
301;1019
301;1020
301;1021
301;1022
301;1023
301;1024
301;1025
301;1026
301;1027
301;1028
301;1029
301;1030
301;1031
301;1032
302;842
302;843
302;844
302;845
302;846
302;847
302;848
302;849
302;850
302;851
302;852
302;853
302;854
302;855
302;856
302;857
302;858
302;859
302;860
302;861
302;862
302;863
302;864
302;865
302;866
302;867
302;868
302;869
302;870
302;871
302;872
302;873
302;874
302;875
302;876
302;877
302;878
302;879
302;880
302;881
302;882
302;883
302;884
302;885
302;886
302;887
302;888
302;889
302;890
302;891
302;892
302;893
302;894
302;895
302;896
302;897
302;898
302;899
302;900
302;901
302;902
302;903
302;904
302;905
302;906
302;907
302;908
302;909
302;910
302;911
302;912
302;913
302;914
302;915
302;916
302;917
302;918
302;919
302;920
302;921
302;922
302;923
302;924
302;925
302;926
302;927
302;928
302;929
302;930
302;931
302;932
302;933
302;934
302;935
302;936
302;937
302;938
302;939
302;940
302;941
302;942
302;943
302;944
302;945
302;946
302;947
302;948
302;949
302;950
302;951
302;952
302;989
302;990
302;991
302;992
302;993
302;994
302;995
302;996
302;997
302;998
302;999
302;1000
302;1001
302;1002
302;1003
302;1004
302;1005
302;1006
302;1007
302;1008
302;1009
302;1010
302;1011
302;1012
302;1013
302;1014
302;1015
302;1016
302;1017
302;1018
302;1019
302;1020
302;1021
302;1022
302;1023
302;1024
302;1025
302;1026
302;1027
302;1028
302;1029
302;1030
303;844
303;845
303;846
303;847
303;848
303;849
303;850
303;851
303;852
303;853
303;854
303;855
303;856
303;857
303;858
303;859
303;860
303;861
303;862
303;863
303;864
303;865
303;866
303;867
303;868
303;869
303;870
303;871
303;872
303;873
303;874
303;875
303;876
303;877
303;878
303;879
303;880
303;881
303;882
303;883
303;884
303;885
303;886
303;887
303;888
303;889
303;890
303;891
303;892
303;893
303;894
303;895
303;896
303;897
303;898
303;899
303;900
303;901
303;902
303;903
303;904
303;905
303;906
303;907
303;908
303;909
303;910
303;911
303;912
303;913
303;914
303;915
303;916
303;917
303;918
303;919
303;920
303;921
303;922
303;923
303;924
303;925
303;926
303;927
303;928
303;929
303;930
303;931
303;932
303;933
303;934
303;935
303;936
303;937
303;938
303;939
303;940
303;941
303;942
303;943
303;944
303;945
303;946
303;947
303;948
303;949
303;950
303;951
303;952
303;989
303;990
303;991
303;992
303;993
303;994
303;995
303;996
303;997
303;998
303;999
303;1000
303;1001
303;1002
303;1003
303;1004
303;1005
303;1006
303;1007
303;1008
303;1009
303;1010
303;1011
303;1012
303;1013
303;1014
303;1015
303;1016
303;1017
303;1018
303;1019
303;1020
303;1021
303;1022
303;1023
303;1024
303;1025
303;1026
304;844
304;845
304;846
304;847
304;848
304;849
304;850
304;851
304;852
304;853
304;854
304;855
304;856
304;857
304;858
304;859
304;860
304;861
304;862
304;863
304;864
304;865
304;866
304;867
304;868
304;869
304;870
304;871
304;872
304;873
304;874
304;875
304;876
304;877
304;878
304;879
304;880
304;881
304;882
304;883
304;884
304;885
304;886
304;887
304;888
304;889
304;890
304;891
304;892
304;893
304;894
304;895
304;896
304;897
304;898
304;899
304;900
304;901
304;902
304;903
304;904
304;905
304;906
304;907
304;908
304;909
304;910
304;911
304;912
304;913
304;914
304;915
304;916
304;917
304;918
304;919
304;920
304;921
304;922
304;923
304;924
304;925
304;926
304;927
304;928
304;929
304;930
304;931
304;932
304;933
304;934
304;935
304;936
304;937
304;938
304;939
304;940
304;941
304;942
304;943
304;944
304;945
304;946
304;947
304;948
304;949
304;950
304;990
304;991
304;992
304;993
304;994
304;995
304;996
304;997
304;998
304;999
304;1000
304;1001
304;1002
304;1003
304;1004
304;1005
304;1006
304;1007
304;1008
304;1009
304;1010
304;1011
304;1012
304;1013
304;1014
304;1015
304;1016
304;1017
304;1018
304;1019
304;1020
304;1021
304;1022
304;1023
304;1024
305;846
305;847
305;848
305;849
305;850
305;851
305;852
305;853
305;854
305;855
305;856
305;857
305;858
305;859
305;860
305;861
305;862
305;863
305;864
305;865
305;866
305;867
305;868
305;869
305;870
305;871
305;872
305;873
305;874
305;875
305;876
305;877
305;878
305;879
305;880
305;881
305;882
305;883
305;884
305;885
305;886
305;887
305;888
305;889
305;890
305;891
305;892
305;893
305;894
305;895
305;896
305;897
305;898
305;899
305;900
305;901
305;902
305;903
305;904
305;905
305;906
305;907
305;908
305;909
305;910
305;911
305;912
305;913
305;914
305;915
305;916
305;917
305;918
305;919
305;920
305;921
305;922
305;923
305;924
305;925
305;926
305;927
305;928
305;929
305;930
305;931
305;932
305;933
305;934
305;935
305;936
305;937
305;938
305;939
305;940
305;941
305;942
305;943
305;944
305;945
305;946
305;947
305;948
305;949
305;950
305;990
305;991
305;992
305;993
305;994
305;995
305;996
305;997
305;998
305;999
305;1000
305;1001
305;1002
305;1003
305;1004
305;1005
305;1006
305;1007
305;1008
305;1009
305;1010
305;1011
305;1012
305;1013
305;1014
305;1015
305;1016
305;1017
305;1018
305;1019
305;1020
305;1021
305;1022
306;848
306;849
306;850
306;851
306;852
306;853
306;854
306;855
306;856
306;857
306;858
306;859
306;860
306;861
306;862
306;863
306;864
306;865
306;866
306;867
306;868
306;869
306;870
306;871
306;872
306;873
306;874
306;875
306;876
306;877
306;878
306;879
306;880
306;881
306;882
306;883
306;884
306;885
306;886
306;887
306;888
306;889
306;890
306;891
306;892
306;893
306;894
306;895
306;896
306;897
306;898
306;899
306;900
306;901
306;902
306;903
306;904
306;905
306;906
306;907
306;908
306;909
306;910
306;911
306;912
306;913
306;914
306;915
306;916
306;917
306;918
306;919
306;920
306;921
306;922
306;923
306;924
306;925
306;926
306;927
306;928
306;929
306;930
306;931
306;932
306;933
306;934
306;935
306;936
306;937
306;938
306;939
306;940
306;941
306;942
306;943
306;944
306;945
306;946
306;947
306;948
306;949
306;991
306;992
306;993
306;994
306;995
306;996
306;997
306;998
306;999
306;1000
306;1001
306;1002
306;1003
306;1004
306;1005
306;1006
306;1007
306;1008
306;1009
306;1010
306;1011
306;1012
306;1013
306;1014
306;1015
306;1016
306;1017
306;1018
306;1019
306;1020
307;849
307;850
307;851
307;852
307;853
307;854
307;855
307;856
307;857
307;858
307;859
307;860
307;861
307;862
307;863
307;864
307;865
307;866
307;867
307;868
307;869
307;870
307;871
307;872
307;873
307;874
307;875
307;876
307;877
307;878
307;879
307;880
307;881
307;882
307;883
307;884
307;885
307;886
307;887
307;888
307;889
307;890
307;891
307;892
307;893
307;894
307;895
307;896
307;897
307;898
307;899
307;900
307;901
307;902
307;903
307;904
307;905
307;906
307;907
307;908
307;909
307;910
307;911
307;912
307;913
307;914
307;915
307;916
307;917
307;918
307;919
307;920
307;921
307;922
307;923
307;924
307;925
307;926
307;927
307;928
307;929
307;930
307;931
307;932
307;933
307;934
307;935
307;936
307;937
307;938
307;939
307;940
307;941
307;942
307;943
307;944
307;945
307;946
307;947
307;948
307;992
307;993
307;994
307;995
307;996
307;997
307;998
307;999
307;1000
307;1001
307;1002
307;1003
307;1004
307;1005
307;1006
307;1007
307;1008
307;1009
307;1010
307;1011
307;1012
307;1013
307;1014
307;1015
307;1016
308;850
308;851
308;852
308;853
308;854
308;855
308;856
308;857
308;858
308;859
308;860
308;861
308;862
308;863
308;864
308;865
308;866
308;867
308;868
308;869
308;870
308;871
308;872
308;873
308;874
308;875
308;876
308;877
308;878
308;879
308;880
308;881
308;882
308;883
308;884
308;885
308;886
308;887
308;888
308;889
308;890
308;891
308;892
308;893
308;894
308;895
308;896
308;897
308;898
308;899
308;900
308;901
308;902
308;903
308;904
308;905
308;906
308;907
308;908
308;909
308;910
308;911
308;912
308;913
308;914
308;915
308;916
308;917
308;918
308;919
308;920
308;921
308;922
308;923
308;924
308;925
308;926
308;927
308;928
308;929
308;930
308;931
308;932
308;933
308;934
308;935
308;936
308;937
308;938
308;939
308;940
308;941
308;942
308;943
308;944
308;945
308;946
308;947
308;992
308;993
308;994
308;995
308;996
308;997
308;998
308;999
308;1000
308;1001
308;1002
308;1003
308;1004
308;1005
308;1006
308;1007
308;1008
308;1009
308;1010
308;1011
308;1012
308;1013
308;1014
309;852
309;853
309;854
309;855
309;856
309;857
309;858
309;859
309;860
309;861
309;862
309;863
309;864
309;865
309;866
309;867
309;868
309;869
309;870
309;871
309;872
309;873
309;874
309;875
309;876
309;877
309;878
309;879
309;880
309;881
309;882
309;883
309;884
309;885
309;886
309;887
309;888
309;889
309;890
309;891
309;892
309;893
309;894
309;895
309;896
309;897
309;898
309;899
309;900
309;901
309;902
309;903
309;904
309;905
309;906
309;907
309;908
309;909
309;910
309;911
309;912
309;913
309;914
309;915
309;916
309;917
309;918
309;919
309;920
309;921
309;922
309;923
309;924
309;925
309;926
309;927
309;928
309;929
309;930
309;931
309;932
309;933
309;934
309;935
309;936
309;937
309;938
309;939
309;940
309;941
309;942
309;943
309;944
309;945
309;946
309;992
309;993
309;994
309;995
309;996
309;997
309;998
309;999
309;1000
309;1001
309;1002
309;1003
309;1004
309;1005
309;1006
309;1007
309;1008
309;1009
309;1010
309;1011
309;1012
310;854
310;855
310;856
310;857
310;858
310;859
310;860
310;861
310;862
310;863
310;864
310;865
310;866
310;867
310;868
310;869
310;870
310;871
310;872
310;873
310;874
310;875
310;876
310;877
310;878
310;879
310;880
310;881
310;882
310;883
310;884
310;885
310;886
310;887
310;888
310;889
310;890
310;891
310;892
310;893
310;894
310;895
310;896
310;897
310;898
310;899
310;900
310;901
310;902
310;903
310;904
310;905
310;906
310;907
310;908
310;909
310;910
310;911
310;912
310;913
310;914
310;915
310;916
310;917
310;918
310;919
310;920
310;921
310;922
310;923
310;924
310;925
310;926
310;927
310;928
310;929
310;930
310;931
310;932
310;933
310;934
310;935
310;936
310;937
310;938
310;939
310;940
310;941
310;942
310;943
310;944
310;945
310;993
310;994
310;995
310;996
310;997
310;998
310;999
310;1000
310;1001
310;1002
310;1003
310;1004
310;1005
310;1006
310;1007
310;1008
310;1009
310;1010
311;854
311;855
311;856
311;857
311;858
311;859
311;860
311;861
311;862
311;863
311;864
311;865
311;866
311;867
311;868
311;869
311;870
311;871
311;872
311;873
311;874
311;875
311;876
311;877
311;878
311;879
311;880
311;881
311;882
311;883
311;884
311;885
311;886
311;887
311;888
311;889
311;890
311;891
311;892
311;893
311;894
311;895
311;896
311;897
311;898
311;899
311;900
311;901
311;902
311;903
311;904
311;905
311;906
311;907
311;908
311;909
311;910
311;911
311;912
311;913
311;914
311;915
311;916
311;917
311;918
311;919
311;920
311;921
311;922
311;923
311;924
311;925
311;926
311;927
311;928
311;929
311;930
311;931
311;932
311;933
311;934
311;935
311;936
311;937
311;938
311;939
311;940
311;941
311;942
311;943
311;944
311;994
311;995
311;996
311;997
311;998
311;999
311;1000
311;1001
311;1002
311;1003
311;1004
311;1005
311;1006
311;1008
312;856
312;857
312;858
312;859
312;860
312;861
312;862
312;863
312;864
312;865
312;866
312;867
312;868
312;869
312;870
312;871
312;872
312;873
312;874
312;875
312;876
312;877
312;878
312;879
312;880
312;881
312;882
312;883
312;884
312;885
312;886
312;887
312;888
312;889
312;890
312;891
312;892
312;893
312;894
312;895
312;896
312;897
312;898
312;899
312;900
312;901
312;902
312;903
312;904
312;905
312;906
312;907
312;908
312;909
312;910
312;911
312;912
312;913
312;914
312;915
312;916
312;917
312;918
312;919
312;920
312;921
312;922
312;923
312;924
312;925
312;926
312;927
312;928
312;929
312;930
312;931
312;932
312;933
312;934
312;935
312;936
312;937
312;938
312;939
312;940
312;941
312;942
312;943
312;994
312;995
312;996
312;997
312;998
312;999
312;1000
312;1001
312;1002
312;1003
312;1004
313;858
313;859
313;860
313;861
313;862
313;863
313;864
313;865
313;866
313;867
313;868
313;869
313;870
313;871
313;872
313;873
313;874
313;875
313;876
313;877
313;878
313;879
313;880
313;881
313;882
313;883
313;884
313;885
313;886
313;887
313;888
313;889
313;890
313;891
313;892
313;893
313;894
313;895
313;896
313;897
313;898
313;899
313;900
313;901
313;902
313;903
313;904
313;905
313;906
313;907
313;908
313;909
313;910
313;911
313;912
313;913
313;914
313;915
313;916
313;917
313;918
313;919
313;920
313;921
313;922
313;923
313;924
313;925
313;926
313;927
313;928
313;929
313;930
313;931
313;932
313;933
313;934
313;935
313;936
313;937
313;938
313;939
313;940
313;941
313;942
313;994
313;995
313;996
313;997
313;998
313;999
313;1000
313;1001
313;1002
314;859
314;860
314;861
314;862
314;863
314;864
314;865
314;866
314;867
314;868
314;869
314;870
314;871
314;872
314;873
314;874
314;875
314;876
314;877
314;878
314;879
314;880
314;881
314;882
314;883
314;884
314;885
314;886
314;887
314;888
314;889
314;890
314;891
314;892
314;893
314;894
314;895
314;896
314;897
314;898
314;899
314;900
314;901
314;902
314;903
314;904
314;905
314;906
314;907
314;908
314;909
314;910
314;911
314;912
314;913
314;914
314;915
314;916
314;917
314;918
314;919
314;920
314;921
314;922
314;923
314;924
314;925
314;926
314;927
314;928
314;929
314;930
314;931
314;932
314;933
314;934
314;935
314;936
314;937
314;938
314;939
314;940
314;941
314;995
314;996
314;997
314;998
314;999
314;1000
315;860
315;861
315;862
315;863
315;864
315;865
315;866
315;867
315;868
315;869
315;870
315;871
315;872
315;873
315;874
315;875
315;876
315;877
315;878
315;879
315;880
315;881
315;882
315;883
315;884
315;885
315;886
315;887
315;888
315;889
315;890
315;891
315;892
315;893
315;894
315;895
315;896
315;897
315;898
315;899
315;900
315;901
315;902
315;903
315;904
315;905
315;906
315;907
315;908
315;909
315;910
315;911
315;912
315;913
315;914
315;915
315;916
315;917
315;918
315;919
315;920
315;921
315;922
315;923
315;924
315;925
315;926
315;927
315;928
315;929
315;930
315;931
315;932
315;933
315;934
315;935
315;936
315;937
315;938
315;939
315;940
315;996
315;998
316;862
316;863
316;864
316;865
316;866
316;867
316;868
316;869
316;870
316;871
316;872
316;873
316;874
316;875
316;876
316;877
316;878
316;879
316;880
316;881
316;882
316;883
316;884
316;885
316;886
316;887
316;888
316;889
316;890
316;891
316;892
316;893
316;894
316;895
316;896
316;897
316;898
316;899
316;900
316;901
316;902
316;903
316;904
316;905
316;906
316;907
316;908
316;909
316;910
316;911
316;912
316;913
316;914
316;915
316;916
316;917
316;918
316;919
316;920
316;921
316;922
316;923
316;924
316;925
316;926
316;927
316;928
316;929
316;930
316;931
316;932
316;933
316;934
316;935
316;936
316;937
316;938
316;939
316;940
317;863
317;864
317;865
317;866
317;867
317;868
317;869
317;870
317;871
317;872
317;873
317;874
317;875
317;876
317;877
317;878
317;879
317;880
317;881
317;882
317;883
317;884
317;885
317;886
317;887
317;888
317;889
317;890
317;891
317;892
317;893
317;894
317;895
317;896
317;897
317;898
317;899
317;900
317;901
317;902
317;903
317;904
317;905
317;906
317;907
317;908
317;909
317;910
317;911
317;912
317;913
317;914
317;915
317;916
317;917
317;918
317;919
317;920
317;921
317;922
317;923
317;924
317;925
317;926
317;927
317;928
317;929
317;930
317;931
317;932
317;933
317;934
317;935
317;936
317;937
317;938
318;864
318;865
318;866
318;867
318;868
318;869
318;870
318;871
318;872
318;873
318;874
318;875
318;876
318;877
318;878
318;879
318;880
318;881
318;882
318;883
318;884
318;885
318;886
318;887
318;888
318;889
318;890
318;891
318;892
318;893
318;894
318;895
318;896
318;897
318;898
318;899
318;900
318;901
318;902
318;903
318;904
318;905
318;906
318;907
318;908
318;909
318;910
318;911
318;912
318;913
318;914
318;915
318;916
318;917
318;918
318;919
318;920
318;921
318;922
318;923
318;924
318;925
318;926
318;927
318;928
318;929
318;930
318;931
318;932
318;933
318;934
318;935
318;936
318;937
318;938
319;866
319;867
319;868
319;869
319;870
319;871
319;872
319;873
319;874
319;875
319;876
319;877
319;878
319;879
319;880
319;881
319;882
319;883
319;884
319;885
319;886
319;887
319;888
319;889
319;890
319;891
319;892
319;893
319;894
319;895
319;896
319;897
319;898
319;899
319;900
319;901
319;902
319;903
319;904
319;905
319;906
319;907
319;908
319;909
319;910
319;911
319;912
319;913
319;914
319;915
319;916
319;917
319;918
319;919
319;920
319;921
319;922
319;923
319;924
319;925
319;926
319;927
319;928
319;929
319;930
319;931
319;932
319;933
319;934
319;935
319;936
320;868
320;869
320;870
320;871
320;872
320;873
320;874
320;875
320;876
320;877
320;878
320;879
320;880
320;881
320;882
320;883
320;884
320;885
320;886
320;887
320;888
320;889
320;890
320;891
320;892
320;893
320;894
320;895
320;896
320;897
320;898
320;899
320;900
320;901
320;902
320;903
320;904
320;905
320;906
320;907
320;908
320;909
320;910
320;911
320;912
320;913
320;914
320;915
320;916
320;917
320;918
320;919
320;920
320;921
320;922
320;923
320;924
320;925
320;926
320;927
320;928
320;929
320;930
320;931
320;932
320;933
320;934
320;935
320;936
321;868
321;869
321;870
321;871
321;872
321;873
321;874
321;875
321;876
321;877
321;878
321;879
321;880
321;881
321;882
321;883
321;884
321;885
321;886
321;887
321;888
321;889
321;890
321;891
321;892
321;893
321;894
321;895
321;896
321;897
321;898
321;899
321;900
321;901
321;902
321;903
321;904
321;905
321;906
321;907
321;908
321;909
321;910
321;911
321;912
321;913
321;914
321;915
321;916
321;917
321;918
321;919
321;920
321;921
321;922
321;923
321;924
321;925
321;926
321;927
321;928
321;929
321;930
321;931
321;932
321;933
321;934
322;870
322;871
322;872
322;873
322;874
322;875
322;876
322;877
322;878
322;879
322;880
322;881
322;882
322;883
322;884
322;885
322;886
322;887
322;888
322;889
322;890
322;891
322;892
322;893
322;894
322;895
322;896
322;897
322;898
322;899
322;900
322;901
322;902
322;903
322;904
322;905
322;906
322;907
322;908
322;909
322;910
322;911
322;912
322;913
322;914
322;915
322;916
322;917
322;918
322;919
322;920
322;921
322;922
322;923
322;924
322;925
322;926
322;927
322;928
322;929
322;930
322;931
322;932
322;933
322;934
323;872
323;873
323;874
323;875
323;876
323;877
323;878
323;879
323;880
323;881
323;882
323;883
323;884
323;885
323;886
323;887
323;888
323;889
323;890
323;891
323;892
323;893
323;894
323;895
323;896
323;897
323;898
323;899
323;900
323;901
323;902
323;903
323;904
323;905
323;906
323;907
323;908
323;909
323;910
323;911
323;912
323;913
323;914
323;915
323;916
323;917
323;918
323;919
323;920
323;921
323;922
323;923
323;924
323;925
323;926
323;927
323;928
323;929
323;930
323;931
323;932
324;873
324;874
324;875
324;876
324;877
324;878
324;879
324;880
324;881
324;882
324;883
324;884
324;885
324;886
324;887
324;888
324;889
324;890
324;891
324;892
324;893
324;894
324;895
324;896
324;897
324;898
324;899
324;900
324;901
324;902
324;903
324;904
324;905
324;906
324;907
324;908
324;909
324;910
324;911
324;912
324;913
324;914
324;915
324;916
324;917
324;918
324;919
324;920
324;921
324;922
324;923
324;924
324;925
324;926
324;927
324;928
324;929
324;930
324;931
324;932
325;874
325;875
325;876
325;877
325;878
325;879
325;880
325;881
325;882
325;883
325;884
325;885
325;886
325;887
325;888
325;889
325;890
325;891
325;892
325;893
325;894
325;895
325;896
325;897
325;898
325;899
325;900
325;901
325;902
325;903
325;904
325;905
325;906
325;907
325;908
325;909
325;910
325;911
325;912
325;913
325;914
325;915
325;916
325;917
325;918
325;919
325;920
325;921
325;922
325;923
325;924
325;925
325;926
325;927
325;928
325;929
325;930
325;931
326;876
326;877
326;878
326;879
326;880
326;881
326;882
326;883
326;884
326;885
326;886
326;887
326;888
326;889
326;890
326;891
326;892
326;893
326;894
326;895
326;896
326;897
326;898
326;899
326;900
326;901
326;902
326;903
326;904
326;905
326;906
326;907
326;908
326;909
326;910
326;911
326;912
326;913
326;914
326;915
326;916
326;917
326;918
326;919
326;920
326;921
326;922
326;923
326;924
326;925
326;926
326;927
326;928
326;929
326;930
327;878
327;879
327;880
327;881
327;882
327;883
327;884
327;885
327;886
327;887
327;888
327;889
327;890
327;891
327;892
327;893
327;894
327;895
327;896
327;897
327;898
327;899
327;900
327;901
327;902
327;903
327;904
327;905
327;906
327;907
327;908
327;909
327;910
327;911
327;912
327;913
327;914
327;915
327;916
327;917
327;918
327;919
327;920
327;921
327;922
327;923
327;924
327;925
327;926
327;927
327;928
327;929
328;878
328;879
328;880
328;881
328;882
328;883
328;884
328;885
328;886
328;887
328;888
328;889
328;890
328;891
328;892
328;893
328;894
328;895
328;896
328;897
328;898
328;899
328;900
328;901
328;902
328;903
328;904
328;905
328;906
328;907
328;908
328;909
328;910
328;911
328;912
328;913
328;914
328;915
328;916
328;917
328;918
328;919
328;920
328;921
328;922
328;923
328;924
328;925
328;926
328;927
328;928
329;880
329;881
329;882
329;883
329;884
329;885
329;886
329;887
329;888
329;889
329;890
329;891
329;892
329;893
329;894
329;895
329;896
329;897
329;898
329;899
329;900
329;901
329;902
329;903
329;904
329;905
329;906
329;907
329;908
329;909
329;910
329;911
329;912
329;913
329;914
329;915
329;916
329;917
329;918
329;919
329;920
329;921
329;922
329;923
329;924
329;925
329;926
329;927
330;882
330;883
330;884
330;885
330;886
330;887
330;888
330;889
330;890
330;891
330;892
330;893
330;894
330;895
330;896
330;897
330;898
330;899
330;900
330;901
330;902
330;903
330;904
330;905
330;906
330;907
330;908
330;909
330;910
330;911
330;912
330;913
330;914
330;915
330;916
330;917
330;918
330;919
330;920
330;921
330;922
330;923
330;924
330;925
330;926
331;882
331;883
331;884
331;885
331;886
331;887
331;888
331;889
331;890
331;891
331;892
331;893
331;894
331;895
331;896
331;897
331;898
331;899
331;900
331;901
331;902
331;903
331;904
331;905
331;906
331;907
331;908
331;909
331;910
331;911
331;912
331;913
331;914
331;915
331;916
331;917
331;918
331;919
331;920
331;921
331;922
331;923
331;924
331;925
332;884
332;885
332;886
332;887
332;888
332;889
332;890
332;891
332;892
332;893
332;894
332;895
332;896
332;897
332;898
332;899
332;900
332;901
332;902
332;903
332;904
332;905
332;906
332;907
332;908
332;909
332;910
332;911
332;912
332;913
332;914
332;915
332;916
332;917
332;918
332;919
332;920
332;921
332;922
332;923
332;924
333;886
333;887
333;888
333;889
333;890
333;891
333;892
333;893
333;894
333;895
333;896
333;897
333;898
333;899
333;900
333;901
333;902
333;903
333;904
333;905
333;906
333;907
333;908
333;909
333;910
333;911
333;912
333;913
333;914
333;915
333;916
333;917
333;918
333;919
333;920
333;921
333;922
333;923
334;887
334;888
334;889
334;890
334;891
334;892
334;893
334;894
334;895
334;896
334;897
334;898
334;899
334;900
334;901
334;902
334;903
334;904
334;905
334;906
334;907
334;908
334;909
334;910
334;911
334;912
334;913
334;914
334;915
334;916
334;917
334;918
334;919
334;920
334;921
334;922
335;888
335;889
335;890
335;891
335;892
335;893
335;894
335;895
335;896
335;897
335;898
335;899
335;900
335;901
335;902
335;903
335;904
335;905
335;906
335;907
335;908
335;909
335;910
335;911
335;912
335;913
335;914
335;915
335;916
335;917
335;918
335;919
335;920
335;921
335;922
336;890
336;891
336;892
336;893
336;894
336;895
336;896
336;897
336;898
336;899
336;900
336;901
336;902
336;903
336;904
336;905
336;906
336;907
336;908
336;909
336;910
336;911
336;912
336;913
336;914
336;915
336;916
336;917
336;918
336;919
336;920
337;892
337;893
337;894
337;895
337;896
337;897
337;898
337;899
337;900
337;901
337;902
337;903
337;904
337;905
337;906
337;907
337;908
337;909
337;910
337;911
337;912
337;913
337;914
337;915
337;916
337;917
337;918
337;919
337;920
338;892
338;893
338;894
338;895
338;896
338;897
338;898
338;899
338;900
338;901
338;902
338;903
338;904
338;905
338;906
338;907
338;908
338;909
338;910
338;911
338;912
338;913
338;914
338;915
338;916
338;917
338;918
339;894
339;895
339;896
339;897
339;898
339;899
339;900
339;901
339;902
339;903
339;904
339;905
339;906
339;907
339;908
339;909
339;910
339;911
339;912
339;913
339;914
339;915
339;916
339;917
339;918
340;896
340;897
340;898
340;899
340;900
340;901
340;902
340;903
340;904
340;905
340;906
340;907
340;908
340;909
340;910
340;911
340;912
340;913
340;914
340;915
340;916
341;897
341;898
341;899
341;900
341;901
341;902
341;903
341;904
341;905
341;906
341;907
341;908
341;909
341;910
341;911
341;912
341;913
341;914
341;915
341;916
342;898
342;899
342;900
342;901
342;902
342;903
342;904
342;905
342;906
342;907
342;908
342;909
342;910
342;911
342;912
342;913
342;914
343;900
343;901
343;902
343;903
343;904
343;905
343;906
343;907
343;908
343;909
343;910
343;911
343;912
343;913
343;914
344;901
344;902
344;903
344;904
344;905
344;906
344;907
344;908
344;909
344;910
344;911
344;912
344;913
345;902
345;903
345;904
345;905
345;906
345;907
345;908
345;909
345;910
345;911
345;912
346;904
346;905
346;906
346;907
346;908
346;909
346;910
346;911
347;906
347;907
347;908
347;909
347;910
348;906
348;907
348;908
348;909
349;908
529;86
529;87
530;86
530;87
530;88
530;89
530;90
530;91
531;86
531;87
531;88
531;89
531;90
531;91
531;92
531;93
532;86
532;87
532;88
532;89
532;90
532;91
532;92
532;93
532;94
532;95
533;86
533;87
533;88
533;89
533;90
533;91
533;92
533;93
533;94
533;95
533;96
533;97
534;86
534;87
534;88
534;89
534;90
534;91
534;92
534;93
534;94
534;95
534;96
534;97
534;98
534;99
534;101
535;86
535;87
535;88
535;89
535;90
535;91
535;92
535;93
535;94
535;95
535;96
535;97
535;98
535;99
535;100
535;101
535;102
535;103
536;87
536;88
536;89
536;90
536;91
536;92
536;93
536;94
536;95
536;96
536;97
536;98
536;99
536;100
536;101
536;102
536;103
536;104
536;105
537;87
537;88
537;89
537;90
537;91
537;92
537;93
537;94
537;95
537;96
537;97
537;98
537;99
537;100
537;101
537;102
537;103
537;104
537;105
537;106
537;107
538;87
538;88
538;89
538;90
538;91
538;92
538;93
538;94
538;95
538;96
538;97
538;98
538;99
538;100
538;101
538;102
538;103
538;104
538;105
538;106
538;107
538;108
538;109
539;87
539;88
539;89
539;90
539;91
539;92
539;93
539;94
539;95
539;96
539;97
539;98
539;99
539;100
539;101
539;102
539;103
539;104
539;105
539;106
539;107
539;108
539;109
539;110
539;111
539;113
540;87
540;88
540;89
540;90
540;91
540;92
540;93
540;94
540;95
540;96
540;97
540;98
540;99
540;100
540;101
540;102
540;103
540;104
540;105
540;106
540;107
540;108
540;109
540;110
540;111
540;112
540;113
540;114
540;115
541;87
541;88
541;89
541;90
541;91
541;92
541;93
541;94
541;95
541;96
541;97
541;98
541;99
541;100
541;101
541;102
541;103
541;104
541;105
541;106
541;107
541;108
541;109
541;110
541;111
541;112
541;113
541;114
541;115
541;116
541;117
542;87
542;88
542;89
542;90
542;91
542;92
542;93
542;94
542;95
542;96
542;97
542;98
542;99
542;100
542;101
542;102
542;103
542;104
542;105
542;106
542;107
542;108
542;109
542;110
542;111
542;112
542;113
542;114
542;115
542;116
542;117
542;118
542;119
543;87
543;88
543;89
543;90
543;91
543;92
543;93
543;94
543;95
543;96
543;97
543;98
543;99
543;100
543;101
543;102
543;103
543;104
543;105
543;106
543;107
543;108
543;109
543;110
543;111
543;112
543;113
543;114
543;115
543;116
543;117
543;118
543;119
543;120
543;121
544;87
544;88
544;89
544;90
544;91
544;92
544;93
544;94
544;95
544;96
544;97
544;98
544;99
544;100
544;101
544;102
544;103
544;104
544;105
544;106
544;107
544;108
544;109
544;110
544;111
544;112
544;113
544;114
544;115
544;116
544;117
544;118
544;119
544;120
544;121
544;122
544;123
544;124
544;125
545;87
545;88
545;89
545;90
545;91
545;92
545;93
545;94
545;95
545;96
545;97
545;98
545;99
545;100
545;101
545;102
545;103
545;104
545;105
545;106
545;107
545;108
545;109
545;110
545;111
545;112
545;113
545;114
545;115
545;116
545;117
545;118
545;119
545;120
545;121
545;122
545;123
545;124
545;125
545;126
545;127
546;88
546;89
546;90
546;91
546;92
546;93
546;94
546;95
546;96
546;97
546;98
546;99
546;100
546;101
546;102
546;103
546;104
546;105
546;106
546;107
546;108
546;109
546;110
546;111
546;112
546;113
546;114
546;115
546;116
546;117
546;118
546;119
546;120
546;121
546;122
546;123
546;124
546;125
546;126
546;127
546;128
546;129
547;88
547;89
547;90
547;91
547;92
547;93
547;94
547;95
547;96
547;97
547;98
547;99
547;100
547;101
547;102
547;103
547;104
547;105
547;106
547;107
547;108
547;109
547;110
547;111
547;112
547;113
547;114
547;115
547;116
547;117
547;118
547;119
547;120
547;121
547;122
547;123
547;124
547;125
547;126
547;127
547;128
547;129
547;130
547;131
548;88
548;89
548;90
548;91
548;92
548;93
548;94
548;95
548;96
548;97
548;98
548;99
548;100
548;101
548;102
548;103
548;104
548;105
548;106
548;107
548;108
548;109
548;110
548;111
548;112
548;113
548;114
548;115
548;116
548;117
548;118
548;119
548;120
548;121
548;122
548;123
548;124
548;125
548;126
548;127
548;128
548;129
548;130
548;131
548;132
548;133
548;135
549;88
549;89
549;90
549;91
549;92
549;93
549;94
549;95
549;96
549;97
549;98
549;99
549;100
549;101
549;102
549;103
549;104
549;105
549;106
549;107
549;108
549;109
549;110
549;111
549;112
549;113
549;114
549;115
549;116
549;117
549;118
549;119
549;120
549;121
549;122
549;123
549;124
549;125
549;126
549;127
549;128
549;129
549;130
549;131
549;132
549;133
549;134
549;135
549;136
549;137
550;88
550;89
550;90
550;91
550;92
550;93
550;94
550;95
550;96
550;97
550;98
550;99
550;100
550;101
550;102
550;103
550;104
550;105
550;106
550;107
550;108
550;109
550;110
550;111
550;112
550;113
550;114
550;115
550;116
550;117
550;118
550;119
550;120
550;121
550;122
550;123
550;124
550;125
550;126
550;127
550;128
550;129
550;130
550;131
550;132
550;133
550;134
550;135
550;136
550;137
550;138
550;139
551;88
551;89
551;90
551;91
551;92
551;93
551;94
551;95
551;96
551;97
551;98
551;99
551;100
551;101
551;102
551;103
551;104
551;105
551;106
551;107
551;108
551;109
551;110
551;111
551;112
551;113
551;114
551;115
551;116
551;117
551;118
551;119
551;120
551;121
551;122
551;123
551;124
551;125
551;126
551;127
551;128
551;129
551;130
551;131
551;132
551;133
551;134
551;135
551;136
551;137
551;138
551;139
551;140
551;141
552;88
552;89
552;90
552;91
552;92
552;93
552;94
552;95
552;96
552;97
552;98
552;99
552;100
552;101
552;102
552;103
552;104
552;105
552;106
552;107
552;108
552;109
552;110
552;111
552;112
552;113
552;114
552;115
552;116
552;117
552;118
552;119
552;120
552;121
552;122
552;123
552;124
552;125
552;126
552;127
552;128
552;129
552;130
552;131
552;132
552;133
552;134
552;135
552;136
552;137
552;138
552;139
552;140
552;141
552;142
552;143
553;88
553;89
553;90
553;91
553;92
553;93
553;94
553;95
553;96
553;97
553;98
553;99
553;100
553;101
553;102
553;103
553;104
553;105
553;106
553;107
553;108
553;109
553;110
553;111
553;112
553;113
553;114
553;115
553;116
553;117
553;118
553;119
553;120
553;121
553;122
553;123
553;124
553;125
553;126
553;127
553;128
553;129
553;130
553;131
553;132
553;133
553;134
553;135
553;136
553;137
553;138
553;139
553;140
553;141
553;142
553;143
553;144
553;145
553;146
553;147
554;88
554;89
554;90
554;91
554;92
554;93
554;94
554;95
554;96
554;97
554;98
554;99
554;100
554;101
554;102
554;103
554;104
554;105
554;106
554;107
554;108
554;109
554;110
554;111
554;112
554;113
554;114
554;115
554;116
554;117
554;118
554;119
554;120
554;121
554;122
554;123
554;124
554;125
554;126
554;127
554;128
554;129
554;130
554;131
554;132
554;133
554;134
554;135
554;136
554;137
554;138
554;139
554;140
554;141
554;142
554;143
554;144
554;145
554;146
554;147
554;148
554;149
555;88
555;89
555;90
555;91
555;92
555;93
555;94
555;95
555;96
555;97
555;98
555;99
555;100
555;101
555;102
555;103
555;104
555;105
555;106
555;107
555;108
555;109
555;110
555;111
555;112
555;113
555;114
555;115
555;116
555;117
555;118
555;119
555;120
555;121
555;122
555;123
555;124
555;125
555;126
555;127
555;128
555;129
555;130
555;131
555;132
555;133
555;134
555;135
555;136
555;137
555;138
555;139
555;140
555;141
555;142
555;143
555;144
555;145
555;146
555;147
555;148
555;149
555;150
555;151
556;88
556;89
556;90
556;91
556;92
556;93
556;94
556;95
556;96
556;97
556;98
556;99
556;100
556;101
556;102
556;103
556;104
556;105
556;106
556;107
556;108
556;109
556;110
556;111
556;112
556;113
556;114
556;115
556;116
556;117
556;118
556;119
556;120
556;121
556;122
556;123
556;124
556;125
556;126
556;127
556;128
556;129
556;130
556;131
556;132
556;133
556;134
556;135
556;136
556;137
556;138
556;139
556;140
556;141
556;142
556;143
556;144
556;145
556;146
556;147
556;148
556;149
556;150
556;151
556;152
556;153
557;89
557;90
557;91
557;92
557;93
557;94
557;95
557;96
557;97
557;98
557;99
557;100
557;101
557;102
557;103
557;104
557;105
557;106
557;107
557;108
557;109
557;110
557;111
557;112
557;113
557;114
557;115
557;116
557;117
557;118
557;119
557;120
557;121
557;122
557;123
557;124
557;125
557;126
557;127
557;128
557;129
557;130
557;131
557;132
557;133
557;134
557;135
557;136
557;137
557;138
557;139
557;140
557;141
557;142
557;143
557;144
557;145
557;146
557;147
557;148
557;149
557;150
557;151
557;152
557;153
557;154
557;155
557;157
558;89
558;90
558;91
558;92
558;93
558;94
558;95
558;96
558;97
558;98
558;99
558;100
558;101
558;102
558;103
558;104
558;105
558;106
558;107
558;108
558;109
558;110
558;111
558;112
558;113
558;114
558;115
558;116
558;117
558;118
558;119
558;120
558;121
558;122
558;123
558;124
558;125
558;126
558;127
558;128
558;129
558;130
558;131
558;132
558;133
558;134
558;135
558;136
558;137
558;138
558;139
558;140
558;141
558;142
558;143
558;144
558;145
558;146
558;147
558;148
558;149
558;150
558;151
558;152
558;153
558;154
558;155
558;156
558;157
558;158
558;159
559;89
559;90
559;91
559;92
559;93
559;94
559;95
559;96
559;97
559;98
559;99
559;100
559;101
559;102
559;103
559;104
559;105
559;106
559;107
559;108
559;109
559;110
559;111
559;112
559;113
559;114
559;115
559;116
559;117
559;118
559;119
559;120
559;121
559;122
559;123
559;124
559;125
559;126
559;127
559;128
559;129
559;130
559;131
559;132
559;133
559;134
559;135
559;136
559;137
559;138
559;139
559;140
559;141
559;142
559;143
559;144
559;145
559;146
559;147
559;148
559;149
559;150
559;151
559;152
559;153
559;154
559;155
559;156
559;157
559;158
559;159
559;160
559;161
560;89
560;90
560;91
560;92
560;93
560;94
560;95
560;96
560;97
560;98
560;99
560;100
560;101
560;102
560;103
560;104
560;105
560;106
560;107
560;108
560;109
560;110
560;111
560;112
560;113
560;114
560;115
560;116
560;117
560;118
560;119
560;120
560;121
560;122
560;123
560;124
560;125
560;126
560;127
560;128
560;129
560;130
560;131
560;132
560;133
560;134
560;135
560;136
560;137
560;138
560;139
560;140
560;141
560;142
560;143
560;144
560;145
560;146
560;147
560;148
560;149
560;150
560;151
560;152
560;153
560;154
560;155
560;156
560;157
560;158
560;159
560;160
560;161
560;162
560;163
561;89
561;90
561;91
561;92
561;93
561;94
561;95
561;96
561;97
561;98
561;99
561;100
561;101
561;102
561;103
561;104
561;105
561;106
561;107
561;108
561;109
561;110
561;111
561;112
561;113
561;114
561;115
561;116
561;117
561;118
561;119
561;120
561;121
561;122
561;123
561;124
561;125
561;126
561;127
561;128
561;129
561;130
561;131
561;132
561;133
561;134
561;135
561;136
561;137
561;138
561;139
561;140
561;141
561;142
561;143
561;144
561;145
561;146
561;147
561;148
561;149
561;150
561;151
561;152
561;153
561;154
561;155
561;156
561;157
561;158
561;159
561;160
561;161
561;162
561;163
561;164
561;165
562;89
562;90
562;91
562;92
562;93
562;94
562;95
562;96
562;97
562;98
562;99
562;100
562;101
562;102
562;103
562;104
562;105
562;106
562;107
562;108
562;109
562;110
562;111
562;112
562;113
562;114
562;115
562;116
562;117
562;118
562;119
562;120
562;121
562;122
562;123
562;124
562;125
562;126
562;127
562;128
562;129
562;130
562;131
562;132
562;133
562;134
562;135
562;136
562;137
562;138
562;139
562;140
562;141
562;142
562;143
562;144
562;145
562;146
562;147
562;148
562;149
562;150
562;151
562;152
562;153
562;154
562;155
562;156
562;157
562;158
562;159
562;160
562;161
562;162
562;163
562;164
562;165
562;166
562;167
562;168
562;169
563;89
563;90
563;91
563;92
563;93
563;94
563;95
563;96
563;97
563;98
563;99
563;100
563;101
563;102
563;103
563;104
563;105
563;106
563;107
563;108
563;109
563;110
563;111
563;112
563;113
563;114
563;115
563;116
563;117
563;118
563;119
563;120
563;121
563;122
563;123
563;124
563;125
563;126
563;127
563;128
563;129
563;130
563;131
563;132
563;133
563;134
563;135
563;136
563;137
563;138
563;139
563;140
563;141
563;142
563;143
563;144
563;145
563;146
563;147
563;148
563;149
563;150
563;151
563;152
563;153
563;154
563;155
563;156
563;157
563;158
563;159
563;160
563;161
563;162
563;163
563;164
563;165
563;166
563;167
563;168
563;169
563;170
563;171
564;89
564;90
564;91
564;92
564;93
564;94
564;95
564;96
564;97
564;98
564;99
564;100
564;101
564;102
564;103
564;104
564;105
564;106
564;107
564;108
564;109
564;110
564;111
564;112
564;113
564;114
564;115
564;116
564;117
564;118
564;119
564;120
564;121
564;122
564;123
564;124
564;125
564;126
564;127
564;128
564;129
564;130
564;131
564;132
564;133
564;134
564;135
564;136
564;137
564;138
564;139
564;140
564;141
564;142
564;143
564;144
564;145
564;146
564;147
564;148
564;149
564;150
564;151
564;152
564;153
564;154
564;155
564;156
564;157
564;158
564;159
564;160
564;161
564;162
564;163
564;164
564;165
564;166
564;167
564;168
564;169
564;170
564;171
564;172
564;173
565;89
565;90
565;91
565;92
565;93
565;94
565;95
565;96
565;97
565;98
565;99
565;100
565;101
565;102
565;103
565;104
565;105
565;106
565;107
565;108
565;109
565;110
565;111
565;112
565;113
565;114
565;115
565;116
565;117
565;118
565;119
565;120
565;121
565;122
565;123
565;124
565;125
565;126
565;127
565;128
565;129
565;130
565;131
565;132
565;133
565;134
565;135
565;136
565;137
565;138
565;139
565;140
565;141
565;142
565;143
565;144
565;145
565;146
565;147
565;148
565;149
565;150
565;151
565;152
565;153
565;154
565;155
565;156
565;157
565;158
565;159
565;160
565;161
565;162
565;163
565;164
565;165
565;166
565;167
565;168
565;169
565;170
565;171
565;172
565;173
565;174
566;89
566;90
566;91
566;92
566;93
566;94
566;95
566;96
566;97
566;98
566;99
566;100
566;101
566;102
566;103
566;104
566;105
566;106
566;107
566;108
566;109
566;110
566;111
566;112
566;113
566;114
566;115
566;116
566;117
566;118
566;119
566;120
566;121
566;122
566;123
566;124
566;125
566;126
566;127
566;128
566;129
566;130
566;131
566;132
566;133
566;134
566;135
566;136
566;137
566;138
566;139
566;140
566;141
566;142
566;143
566;144
566;145
566;146
566;147
566;148
566;149
566;150
566;151
566;152
566;153
566;154
566;155
566;156
566;157
566;158
566;159
566;160
566;161
566;162
566;163
566;164
566;165
566;166
566;167
566;168
566;169
566;170
566;171
566;172
567;89
567;90
567;91
567;92
567;93
567;94
567;95
567;96
567;97
567;98
567;99
567;100
567;101
567;102
567;103
567;104
567;105
567;106
567;107
567;108
567;109
567;110
567;111
567;112
567;113
567;114
567;115
567;116
567;117
567;118
567;119
567;120
567;121
567;122
567;123
567;124
567;125
567;126
567;127
567;128
567;129
567;130
567;131
567;132
567;133
567;134
567;135
567;136
567;137
567;138
567;139
567;140
567;141
567;142
567;143
567;144
567;145
567;146
567;147
567;148
567;149
567;150
567;151
567;152
567;153
567;154
567;155
567;156
567;157
567;158
567;159
567;160
567;161
567;162
567;163
567;164
567;165
567;166
567;167
567;168
567;169
567;170
567;171
568;90
568;91
568;92
568;93
568;94
568;95
568;96
568;97
568;98
568;99
568;100
568;101
568;102
568;103
568;104
568;105
568;106
568;107
568;108
568;109
568;110
568;111
568;112
568;113
568;114
568;115
568;116
568;117
568;118
568;119
568;120
568;121
568;122
568;123
568;124
568;125
568;126
568;127
568;128
568;129
568;130
568;131
568;132
568;133
568;134
568;135
568;136
568;137
568;138
568;139
568;140
568;141
568;142
568;143
568;144
568;145
568;146
568;147
568;148
568;149
568;150
568;151
568;152
568;153
568;154
568;155
568;156
568;157
568;158
568;159
568;160
568;161
568;162
568;163
568;164
568;165
568;166
568;167
568;168
568;169
568;170
569;90
569;91
569;92
569;93
569;94
569;95
569;96
569;97
569;98
569;99
569;100
569;101
569;102
569;103
569;104
569;105
569;106
569;107
569;108
569;109
569;110
569;111
569;112
569;113
569;114
569;115
569;116
569;117
569;118
569;119
569;120
569;121
569;122
569;123
569;124
569;125
569;126
569;127
569;128
569;129
569;130
569;131
569;132
569;133
569;134
569;135
569;136
569;137
569;138
569;139
569;140
569;141
569;142
569;143
569;144
569;145
569;146
569;147
569;148
569;149
569;150
569;151
569;152
569;153
569;154
569;155
569;156
569;157
569;158
569;159
569;160
569;161
569;162
569;163
569;164
569;165
569;166
569;167
569;168
570;90
570;91
570;92
570;93
570;94
570;95
570;96
570;97
570;98
570;99
570;100
570;101
570;102
570;103
570;104
570;105
570;106
570;107
570;108
570;109
570;110
570;111
570;112
570;113
570;114
570;115
570;116
570;117
570;118
570;119
570;120
570;121
570;122
570;123
570;124
570;125
570;126
570;127
570;128
570;129
570;130
570;131
570;132
570;133
570;134
570;135
570;136
570;137
570;138
570;139
570;140
570;141
570;142
570;143
570;144
570;145
570;146
570;147
570;148
570;149
570;150
570;151
570;152
570;153
570;154
570;155
570;156
570;157
570;158
570;159
570;160
570;161
570;162
570;163
570;164
570;165
570;166
571;90
571;91
571;92
571;93
571;94
571;95
571;96
571;97
571;98
571;99
571;100
571;101
571;102
571;103
571;104
571;105
571;106
571;107
571;108
571;109
571;110
571;111
571;112
571;113
571;114
571;115
571;116
571;117
571;118
571;119
571;120
571;121
571;122
571;123
571;124
571;125
571;126
571;127
571;128
571;129
571;130
571;131
571;132
571;133
571;134
571;135
571;136
571;137
571;138
571;139
571;140
571;141
571;142
571;143
571;144
571;145
571;146
571;147
571;148
571;149
571;150
571;151
571;152
571;153
571;154
571;155
571;156
571;157
571;158
571;159
571;160
571;161
571;162
571;163
571;164
572;90
572;91
572;92
572;93
572;94
572;95
572;96
572;97
572;98
572;99
572;100
572;101
572;102
572;103
572;104
572;105
572;106
572;107
572;108
572;109
572;110
572;111
572;112
572;113
572;114
572;115
572;116
572;117
572;118
572;119
572;120
572;121
572;122
572;123
572;124
572;125
572;126
572;127
572;128
572;129
572;130
572;131
572;132
572;133
572;134
572;135
572;136
572;137
572;138
572;139
572;140
572;141
572;142
572;143
572;144
572;145
572;146
572;147
572;148
572;149
572;150
572;151
572;152
572;153
572;154
572;155
572;156
572;157
572;158
572;159
572;160
572;161
572;162
573;90
573;91
573;92
573;93
573;94
573;95
573;96
573;97
573;98
573;99
573;100
573;101
573;102
573;103
573;104
573;105
573;106
573;107
573;108
573;109
573;110
573;111
573;112
573;113
573;114
573;115
573;116
573;117
573;118
573;119
573;120
573;121
573;122
573;123
573;124
573;125
573;126
573;127
573;128
573;129
573;130
573;131
573;132
573;133
573;134
573;135
573;136
573;137
573;138
573;139
573;140
573;141
573;142
573;143
573;144
573;145
573;146
573;147
573;148
573;149
573;150
573;151
573;152
573;153
573;154
573;155
573;156
573;157
573;158
573;159
573;160
573;161
574;90
574;91
574;92
574;93
574;94
574;95
574;96
574;97
574;98
574;99
574;100
574;101
574;102
574;103
574;104
574;105
574;106
574;107
574;108
574;109
574;110
574;111
574;112
574;113
574;114
574;115
574;116
574;117
574;118
574;119
574;120
574;121
574;122
574;123
574;124
574;125
574;126
574;127
574;128
574;129
574;130
574;131
574;132
574;133
574;134
574;135
574;136
574;137
574;138
574;139
574;140
574;141
574;142
574;143
574;144
574;145
574;146
574;147
574;148
574;149
574;150
574;151
574;152
574;153
574;154
574;155
574;156
574;157
574;158
574;159
574;160
575;90
575;91
575;92
575;93
575;94
575;95
575;96
575;97
575;98
575;99
575;100
575;101
575;102
575;103
575;104
575;105
575;106
575;107
575;108
575;109
575;110
575;111
575;112
575;113
575;114
575;115
575;116
575;117
575;118
575;119
575;120
575;121
575;122
575;123
575;124
575;125
575;126
575;127
575;128
575;129
575;130
575;131
575;132
575;133
575;134
575;135
575;136
575;137
575;138
575;139
575;140
575;141
575;142
575;143
575;144
575;145
575;146
575;147
575;148
575;149
575;150
575;151
575;152
575;153
575;154
575;155
575;156
575;157
575;158
576;90
576;91
576;92
576;93
576;94
576;95
576;96
576;97
576;98
576;99
576;100
576;101
576;102
576;103
576;104
576;105
576;106
576;107
576;108
576;109
576;110
576;111
576;112
576;113
576;114
576;115
576;116
576;117
576;118
576;119
576;120
576;121
576;122
576;123
576;124
576;125
576;126
576;127
576;128
576;129
576;130
576;131
576;132
576;133
576;134
576;135
576;136
576;137
576;138
576;139
576;140
576;141
576;142
576;143
576;144
576;145
576;146
576;147
576;148
576;149
576;150
576;151
576;152
576;153
576;154
576;155
576;156
577;90
577;91
577;92
577;93
577;94
577;95
577;96
577;97
577;98
577;99
577;100
577;101
577;102
577;103
577;104
577;105
577;106
577;107
577;108
577;109
577;110
577;111
577;112
577;113
577;114
577;115
577;116
577;117
577;118
577;119
577;120
577;121
577;122
577;123
577;124
577;125
577;126
577;127
577;128
577;129
577;130
577;131
577;132
577;133
577;134
577;135
577;136
577;137
577;138
577;139
577;140
577;141
577;142
577;143
577;144
577;145
577;146
577;147
577;148
577;149
577;150
577;151
577;152
577;153
577;154
578;90
578;91
578;92
578;93
578;94
578;95
578;96
578;97
578;98
578;99
578;100
578;101
578;102
578;103
578;104
578;105
578;106
578;107
578;108
578;109
578;110
578;111
578;112
578;113
578;114
578;115
578;116
578;117
578;118
578;119
578;120
578;121
578;122
578;123
578;124
578;125
578;126
578;127
578;128
578;129
578;130
578;131
578;132
578;133
578;134
578;135
578;136
578;137
578;138
578;139
578;140
578;141
578;142
578;143
578;144
578;145
578;146
578;147
578;148
578;149
578;150
578;151
578;152
579;91
579;92
579;93
579;94
579;95
579;96
579;97
579;98
579;99
579;100
579;101
579;102
579;103
579;104
579;105
579;106
579;107
579;108
579;109
579;110
579;111
579;112
579;113
579;114
579;115
579;116
579;117
579;118
579;119
579;120
579;121
579;122
579;123
579;124
579;125
579;126
579;127
579;128
579;129
579;130
579;131
579;132
579;133
579;134
579;135
579;136
579;137
579;138
579;139
579;140
579;141
579;142
579;143
579;144
579;145
579;146
579;147
579;148
579;149
579;150
579;151
580;91
580;92
580;93
580;94
580;95
580;96
580;97
580;98
580;99
580;100
580;101
580;102
580;103
580;104
580;105
580;106
580;107
580;108
580;109
580;110
580;111
580;112
580;113
580;114
580;115
580;116
580;117
580;118
580;119
580;120
580;121
580;122
580;123
580;124
580;125
580;126
580;127
580;128
580;129
580;130
580;131
580;132
580;133
580;134
580;135
580;136
580;137
580;138
580;139
580;140
580;141
580;142
580;143
580;144
580;145
580;146
580;147
580;148
580;149
580;150
581;91
581;92
581;93
581;94
581;95
581;96
581;97
581;98
581;99
581;100
581;101
581;102
581;103
581;104
581;105
581;106
581;107
581;108
581;109
581;110
581;111
581;112
581;113
581;114
581;115
581;116
581;117
581;118
581;119
581;120
581;121
581;122
581;123
581;124
581;125
581;126
581;127
581;128
581;129
581;130
581;131
581;132
581;133
581;134
581;135
581;136
581;137
581;138
581;139
581;140
581;141
581;142
581;143
581;144
581;145
581;146
581;147
581;148
582;91
582;92
582;93
582;94
582;95
582;96
582;97
582;98
582;99
582;100
582;101
582;102
582;103
582;104
582;105
582;106
582;107
582;108
582;109
582;110
582;111
582;112
582;113
582;114
582;115
582;116
582;117
582;118
582;119
582;120
582;121
582;122
582;123
582;124
582;125
582;126
582;127
582;128
582;129
582;130
582;131
582;132
582;133
582;134
582;135
582;136
582;137
582;138
582;139
582;140
582;141
582;142
582;143
582;144
582;145
582;146
583;91
583;92
583;93
583;94
583;95
583;96
583;97
583;98
583;99
583;100
583;101
583;102
583;103
583;104
583;105
583;106
583;107
583;108
583;109
583;110
583;111
583;112
583;113
583;114
583;115
583;116
583;117
583;118
583;119
583;120
583;121
583;122
583;123
583;124
583;125
583;126
583;127
583;128
583;129
583;130
583;131
583;132
583;133
583;134
583;135
583;136
583;137
583;138
583;139
583;140
583;141
583;142
583;143
583;144
584;91
584;92
584;93
584;94
584;95
584;96
584;97
584;98
584;99
584;100
584;101
584;102
584;103
584;104
584;105
584;106
584;107
584;108
584;109
584;110
584;111
584;112
584;113
584;114
584;115
584;116
584;117
584;118
584;119
584;120
584;121
584;122
584;123
584;124
584;125
584;126
584;127
584;128
584;129
584;130
584;131
584;132
584;133
584;134
584;135
584;136
584;137
584;138
584;139
584;140
584;141
584;142
585;91
585;92
585;93
585;94
585;95
585;96
585;97
585;98
585;99
585;100
585;101
585;102
585;103
585;104
585;105
585;106
585;107
585;108
585;109
585;110
585;111
585;112
585;113
585;114
585;115
585;116
585;117
585;118
585;119
585;120
585;121
585;122
585;123
585;124
585;125
585;126
585;127
585;128
585;129
585;130
585;131
585;132
585;133
585;134
585;135
585;136
585;137
585;138
585;139
585;140
585;141
586;91
586;92
586;93
586;94
586;95
586;96
586;97
586;98
586;99
586;100
586;101
586;102
586;103
586;104
586;105
586;106
586;107
586;108
586;109
586;110
586;111
586;112
586;113
586;114
586;115
586;116
586;117
586;118
586;119
586;120
586;121
586;122
586;123
586;124
586;125
586;126
586;127
586;128
586;129
586;130
586;131
586;132
586;133
586;134
586;135
586;136
586;137
586;138
586;139
586;140
587;91
587;92
587;93
587;94
587;95
587;96
587;97
587;98
587;99
587;100
587;101
587;102
587;103
587;104
587;105
587;106
587;107
587;108
587;109
587;110
587;111
587;112
587;113
587;114
587;115
587;116
587;117
587;118
587;119
587;120
587;121
587;122
587;123
587;124
587;125
587;126
587;127
587;128
587;129
587;130
587;131
587;132
587;133
587;134
587;135
587;136
587;137
587;138
588;91
588;92
588;93
588;94
588;95
588;96
588;97
588;98
588;99
588;100
588;101
588;102
588;103
588;104
588;105
588;106
588;107
588;108
588;109
588;110
588;111
588;112
588;113
588;114
588;115
588;116
588;117
588;118
588;119
588;120
588;121
588;122
588;123
588;124
588;125
588;126
588;127
588;128
588;129
588;130
588;131
588;132
588;133
588;134
588;135
588;136
589;92
589;93
589;94
589;95
589;96
589;97
589;98
589;99
589;100
589;101
589;102
589;103
589;104
589;105
589;106
589;107
589;108
589;109
589;110
589;111
589;112
589;113
589;114
589;115
589;116
589;117
589;118
589;119
589;120
589;121
589;122
589;123
589;124
589;125
589;126
589;127
589;128
589;129
589;130
589;131
589;132
589;133
589;134
590;92
590;93
590;94
590;95
590;96
590;97
590;98
590;99
590;100
590;101
590;102
590;103
590;104
590;105
590;106
590;107
590;108
590;109
590;110
590;111
590;112
590;113
590;114
590;115
590;116
590;117
590;118
590;119
590;120
590;121
590;122
590;123
590;124
590;125
590;126
590;127
590;128
590;129
590;130
590;131
590;132
591;92
591;93
591;94
591;95
591;96
591;97
591;98
591;99
591;100
591;101
591;102
591;103
591;104
591;105
591;106
591;107
591;108
591;109
591;110
591;111
591;112
591;113
591;114
591;115
591;116
591;117
591;118
591;119
591;120
591;121
591;122
591;123
591;124
591;125
591;126
591;127
591;128
591;129
591;130
591;131
592;92
592;93
592;94
592;95
592;96
592;97
592;98
592;99
592;100
592;101
592;102
592;103
592;104
592;105
592;106
592;107
592;108
592;109
592;110
592;111
592;112
592;113
592;114
592;115
592;116
592;117
592;118
592;119
592;120
592;121
592;122
592;123
592;124
592;125
592;126
592;127
592;128
592;129
592;130
593;92
593;93
593;94
593;95
593;96
593;97
593;98
593;99
593;100
593;101
593;102
593;103
593;104
593;105
593;106
593;107
593;108
593;109
593;110
593;111
593;112
593;113
593;114
593;115
593;116
593;117
593;118
593;119
593;120
593;121
593;122
593;123
593;124
593;125
593;126
593;127
593;128
594;92
594;93
594;94
594;95
594;96
594;97
594;98
594;99
594;100
594;101
594;102
594;103
594;104
594;105
594;106
594;107
594;108
594;109
594;110
594;111
594;112
594;113
594;114
594;115
594;116
594;117
594;118
594;119
594;120
594;121
594;122
594;123
594;124
594;125
594;126
595;92
595;93
595;94
595;95
595;96
595;97
595;98
595;99
595;100
595;101
595;102
595;103
595;104
595;105
595;106
595;107
595;108
595;109
595;110
595;111
595;112
595;113
595;114
595;115
595;116
595;117
595;118
595;119
595;120
595;121
595;122
595;123
595;124
596;92
596;93
596;94
596;95
596;96
596;97
596;98
596;99
596;100
596;101
596;102
596;103
596;104
596;105
596;106
596;107
596;108
596;109
596;110
596;111
596;112
596;113
596;114
596;115
596;116
596;117
596;118
596;119
596;120
596;121
596;122
597;92
597;93
597;94
597;95
597;96
597;97
597;98
597;99
597;100
597;101
597;102
597;103
597;104
597;105
597;106
597;107
597;108
597;109
597;110
597;111
597;112
597;113
597;114
597;115
597;116
597;117
597;118
597;119
597;120
597;121
598;92
598;93
598;94
598;95
598;96
598;97
598;98
598;99
598;100
598;101
598;102
598;103
598;104
598;105
598;106
598;107
598;108
598;109
598;110
598;111
598;112
598;113
598;114
598;115
598;116
598;117
598;118
598;119
598;120
599;92
599;93
599;94
599;95
599;96
599;97
599;98
599;99
599;100
599;101
599;102
599;103
599;104
599;105
599;106
599;107
599;108
599;109
599;110
599;111
599;112
599;113
599;114
599;115
599;116
599;117
599;118
600;93
600;94
600;95
600;96
600;97
600;98
600;99
600;100
600;101
600;102
600;103
600;104
600;105
600;106
600;107
600;108
600;109
600;110
600;111
600;112
600;113
600;114
600;115
600;116
601;93
601;94
601;95
601;96
601;97
601;98
601;99
601;100
601;101
601;102
601;103
601;104
601;105
601;106
601;107
601;108
601;109
601;110
601;111
601;112
601;113
601;114
602;93
602;94
602;95
602;96
602;97
602;98
602;99
602;100
602;101
602;102
602;103
602;104
602;105
602;106
602;107
602;108
602;109
602;110
602;111
602;112
603;93
603;94
603;95
603;96
603;97
603;98
603;99
603;100
603;101
603;102
603;103
603;104
603;105
603;106
603;107
603;108
603;109
603;110
603;111
604;93
604;94
604;95
604;96
604;97
604;98
604;99
604;100
604;101
604;102
604;103
604;104
604;105
604;106
604;107
604;108
604;109
604;110
605;93
605;94
605;95
605;96
605;97
605;98
605;99
605;100
605;101
605;102
605;103
605;104
605;105
605;106
605;107
605;108
605;773
605;775
605;777
605;779
605;781
605;783
605;785
606;93
606;94
606;95
606;96
606;97
606;98
606;99
606;100
606;101
606;102
606;103
606;104
606;105
606;106
606;765
606;767
606;768
606;769
606;770
606;771
606;772
606;773
606;774
606;775
606;776
606;777
606;778
606;779
606;780
606;781
606;782
606;783
606;784
606;785
606;786
606;787
606;788
606;789
606;790
606;791
606;793
607;93
607;94
607;95
607;96
607;97
607;98
607;99
607;100
607;101
607;102
607;103
607;104
607;759
607;761
607;762
607;763
607;764
607;765
607;766
607;767
607;768
607;769
607;770
607;771
607;772
607;773
607;774
607;775
607;776
607;777
607;778
607;779
607;780
607;781
607;782
607;783
607;784
607;785
607;786
607;787
607;788
607;789
607;790
607;791
607;792
607;793
607;794
607;795
607;796
607;797
607;799
608;93
608;94
608;95
608;96
608;97
608;98
608;99
608;100
608;101
608;102
608;755
608;757
608;758
608;759
608;760
608;761
608;762
608;763
608;764
608;765
608;766
608;767
608;768
608;769
608;770
608;771
608;772
608;773
608;774
608;775
608;776
608;777
608;778
608;779
608;780
608;781
608;782
608;783
608;784
608;785
608;786
608;787
608;788
608;789
608;790
608;791
608;792
608;793
608;794
608;795
608;796
608;797
608;798
608;799
608;800
608;801
608;803
609;93
609;94
609;95
609;96
609;97
609;98
609;99
609;100
609;101
609;753
609;754
609;755
609;756
609;757
609;758
609;759
609;760
609;761
609;762
609;763
609;764
609;765
609;766
609;767
609;768
609;769
609;770
609;771
609;772
609;773
609;774
609;775
609;776
609;777
609;778
609;779
609;780
609;781
609;782
609;783
609;784
609;785
609;786
609;787
609;788
609;789
609;790
609;791
609;792
609;793
609;794
609;795
609;796
609;797
609;798
609;799
609;800
609;801
609;802
609;803
609;804
609;805
610;94
610;95
610;96
610;97
610;98
610;99
610;100
610;749
610;751
610;752
610;753
610;754
610;755
610;756
610;757
610;758
610;759
610;760
610;761
610;762
610;763
610;764
610;765
610;766
610;767
610;768
610;769
610;770
610;771
610;772
610;773
610;774
610;775
610;776
610;777
610;778
610;779
610;780
610;781
610;782
610;783
610;784
610;785
610;786
610;787
610;788
610;789
610;790
610;791
610;792
610;793
610;794
610;795
610;796
610;797
610;798
610;799
610;800
610;801
610;802
610;803
610;804
610;805
610;806
610;807
610;809
611;94
611;95
611;96
611;97
611;98
611;747
611;748
611;749
611;750
611;751
611;752
611;753
611;754
611;755
611;756
611;757
611;758
611;759
611;760
611;761
611;762
611;763
611;764
611;765
611;766
611;767
611;768
611;769
611;770
611;771
611;772
611;773
611;774
611;775
611;776
611;777
611;778
611;779
611;780
611;781
611;782
611;783
611;784
611;785
611;786
611;787
611;788
611;789
611;790
611;791
611;792
611;793
611;794
611;795
611;796
611;797
611;798
611;799
611;800
611;801
611;802
611;803
611;804
611;805
611;806
611;807
611;808
611;809
611;810
611;811
612;94
612;95
612;96
612;745
612;746
612;747
612;748
612;749
612;750
612;751
612;752
612;753
612;754
612;755
612;756
612;757
612;758
612;759
612;760
612;761
612;762
612;763
612;764
612;765
612;766
612;767
612;768
612;769
612;770
612;771
612;772
612;773
612;774
612;775
612;776
612;777
612;778
612;779
612;780
612;781
612;782
612;783
612;784
612;785
612;786
612;787
612;788
612;789
612;790
612;791
612;792
612;793
612;794
612;795
612;796
612;797
612;798
612;799
612;800
612;801
612;802
612;803
612;804
612;805
612;806
612;807
612;808
612;809
612;810
612;811
612;812
612;813
613;94
613;743
613;744
613;745
613;746
613;747
613;748
613;749
613;750
613;751
613;752
613;753
613;754
613;755
613;756
613;757
613;758
613;759
613;760
613;761
613;762
613;763
613;764
613;765
613;766
613;767
613;768
613;769
613;770
613;771
613;772
613;773
613;774
613;775
613;776
613;777
613;778
613;779
613;780
613;781
613;782
613;783
613;784
613;785
613;786
613;787
613;788
613;789
613;790
613;791
613;792
613;793
613;794
613;795
613;796
613;797
613;798
613;799
613;800
613;801
613;802
613;803
613;804
613;805
613;806
613;807
613;808
613;809
613;810
613;811
613;812
613;813
613;814
613;815
614;741
614;742
614;743
614;744
614;745
614;746
614;747
614;748
614;749
614;750
614;751
614;752
614;753
614;754
614;755
614;756
614;757
614;758
614;759
614;760
614;761
614;762
614;763
614;764
614;765
614;766
614;767
614;768
614;769
614;770
614;771
614;772
614;773
614;774
614;775
614;776
614;777
614;778
614;779
614;780
614;781
614;782
614;783
614;784
614;785
614;786
614;787
614;788
614;789
614;790
614;791
614;792
614;793
614;794
614;795
614;796
614;797
614;798
614;799
614;800
614;801
614;802
614;803
614;804
614;805
614;806
614;807
614;808
614;809
614;810
614;811
614;812
614;813
614;814
614;815
614;816
614;817
615;739
615;740
615;741
615;742
615;743
615;744
615;745
615;746
615;747
615;748
615;749
615;750
615;751
615;752
615;753
615;754
615;755
615;756
615;757
615;758
615;759
615;760
615;761
615;762
615;763
615;764
615;765
615;766
615;767
615;768
615;769
615;770
615;771
615;772
615;773
615;774
615;775
615;776
615;777
615;778
615;779
615;780
615;781
615;782
615;783
615;784
615;785
615;786
615;787
615;788
615;789
615;790
615;791
615;792
615;793
615;794
615;795
615;796
615;797
615;798
615;799
615;800
615;801
615;802
615;803
615;804
615;805
615;806
615;807
615;808
615;809
615;810
615;811
615;812
615;813
615;814
615;815
615;816
615;817
615;818
615;819
616;737
616;738
616;739
616;740
616;741
616;742
616;743
616;744
616;745
616;746
616;747
616;748
616;749
616;750
616;751
616;752
616;753
616;754
616;755
616;756
616;757
616;758
616;759
616;760
616;761
616;762
616;763
616;764
616;765
616;766
616;767
616;768
616;769
616;770
616;771
616;772
616;773
616;774
616;775
616;776
616;777
616;778
616;779
616;780
616;781
616;782
616;783
616;784
616;785
616;786
616;787
616;788
616;789
616;790
616;791
616;792
616;793
616;794
616;795
616;796
616;797
616;798
616;799
616;800
616;801
616;802
616;803
616;804
616;805
616;806
616;807
616;808
616;809
616;810
616;811
616;812
616;813
616;814
616;815
616;816
616;817
616;818
616;819
616;820
616;821
617;735
617;736
617;737
617;738
617;739
617;740
617;741
617;742
617;743
617;744
617;745
617;746
617;747
617;748
617;749
617;750
617;751
617;752
617;753
617;754
617;755
617;756
617;757
617;758
617;759
617;760
617;761
617;762
617;763
617;764
617;765
617;766
617;767
617;768
617;769
617;770
617;771
617;772
617;773
617;774
617;775
617;776
617;777
617;778
617;779
617;780
617;781
617;782
617;783
617;784
617;785
617;786
617;787
617;788
617;789
617;790
617;791
617;792
617;793
617;794
617;795
617;796
617;797
617;798
617;799
617;800
617;801
617;802
617;803
617;804
617;805
617;806
617;807
617;808
617;809
617;810
617;811
617;812
617;813
617;814
617;815
617;816
617;817
617;818
617;819
617;820
617;821
617;822
617;823
618;733
618;734
618;735
618;736
618;737
618;738
618;739
618;740
618;741
618;742
618;743
618;744
618;745
618;746
618;747
618;748
618;749
618;750
618;751
618;752
618;753
618;754
618;755
618;756
618;757
618;758
618;759
618;760
618;761
618;762
618;763
618;764
618;765
618;766
618;767
618;768
618;769
618;770
618;771
618;772
618;773
618;774
618;775
618;776
618;777
618;778
618;779
618;780
618;781
618;782
618;783
618;784
618;785
618;786
618;787
618;788
618;789
618;790
618;791
618;792
618;793
618;794
618;795
618;796
618;797
618;798
618;799
618;800
618;801
618;802
618;803
618;804
618;805
618;806
618;807
618;808
618;809
618;810
618;811
618;812
618;813
618;814
618;815
618;816
618;817
618;818
618;819
618;820
618;821
618;822
618;823
618;824
618;825
619;731
619;732
619;733
619;734
619;735
619;736
619;737
619;738
619;739
619;740
619;741
619;742
619;743
619;744
619;745
619;746
619;747
619;748
619;749
619;750
619;751
619;752
619;753
619;754
619;755
619;756
619;757
619;758
619;759
619;760
619;761
619;762
619;763
619;764
619;765
619;766
619;767
619;768
619;769
619;770
619;771
619;772
619;773
619;774
619;775
619;776
619;777
619;778
619;779
619;780
619;781
619;782
619;783
619;784
619;785
619;786
619;787
619;788
619;789
619;790
619;791
619;792
619;793
619;794
619;795
619;796
619;797
619;798
619;799
619;800
619;801
619;802
619;803
619;804
619;805
619;806
619;807
619;808
619;809
619;810
619;811
619;812
619;813
619;814
619;815
619;816
619;817
619;818
619;819
619;820
619;821
619;822
619;823
619;824
619;825
619;826
619;827
620;731
620;732
620;733
620;734
620;735
620;736
620;737
620;738
620;739
620;740
620;741
620;742
620;743
620;744
620;745
620;746
620;747
620;748
620;749
620;750
620;751
620;752
620;753
620;754
620;755
620;756
620;757
620;758
620;759
620;760
620;761
620;762
620;763
620;764
620;765
620;766
620;767
620;768
620;769
620;770
620;771
620;772
620;773
620;774
620;775
620;776
620;777
620;778
620;779
620;780
620;781
620;782
620;783
620;784
620;785
620;786
620;787
620;788
620;789
620;790
620;791
620;792
620;793
620;794
620;795
620;796
620;797
620;798
620;799
620;800
620;801
620;802
620;803
620;804
620;805
620;806
620;807
620;808
620;809
620;810
620;811
620;812
620;813
620;814
620;815
620;816
620;817
620;818
620;819
620;820
620;821
620;822
620;823
620;824
620;825
620;826
620;827
621;729
621;730
621;731
621;732
621;733
621;734
621;735
621;736
621;737
621;738
621;739
621;740
621;741
621;742
621;743
621;744
621;745
621;746
621;747
621;748
621;749
621;750
621;751
621;752
621;753
621;754
621;755
621;756
621;757
621;758
621;759
621;760
621;761
621;762
621;763
621;764
621;765
621;766
621;767
621;768
621;769
621;770
621;771
621;772
621;773
621;774
621;775
621;776
621;777
621;778
621;779
621;780
621;781
621;782
621;783
621;784
621;785
621;786
621;787
621;788
621;789
621;790
621;791
621;792
621;793
621;794
621;795
621;796
621;797
621;798
621;799
621;800
621;801
621;802
621;803
621;804
621;805
621;806
621;807
621;808
621;809
621;810
621;811
621;812
621;813
621;814
621;815
621;816
621;817
621;818
621;819
621;820
621;821
621;822
621;823
621;824
621;825
621;826
621;827
621;828
621;829
622;727
622;728
622;729
622;730
622;731
622;732
622;733
622;734
622;735
622;736
622;737
622;738
622;739
622;740
622;741
622;742
622;743
622;744
622;745
622;746
622;747
622;748
622;749
622;750
622;751
622;752
622;753
622;754
622;755
622;756
622;757
622;758
622;759
622;760
622;761
622;762
622;763
622;764
622;765
622;766
622;767
622;768
622;769
622;770
622;771
622;772
622;773
622;774
622;775
622;776
622;777
622;778
622;779
622;780
622;781
622;782
622;783
622;784
622;785
622;786
622;787
622;788
622;789
622;790
622;791
622;792
622;793
622;794
622;795
622;796
622;797
622;798
622;799
622;800
622;801
622;802
622;803
622;804
622;805
622;806
622;807
622;808
622;809
622;810
622;811
622;812
622;813
622;814
622;815
622;816
622;817
622;818
622;819
622;820
622;821
622;822
622;823
622;824
622;825
622;826
622;827
622;828
622;829
622;830
622;831
623;726
623;727
623;728
623;729
623;730
623;731
623;732
623;733
623;734
623;735
623;736
623;737
623;738
623;739
623;740
623;741
623;742
623;743
623;744
623;745
623;746
623;747
623;748
623;749
623;750
623;751
623;752
623;753
623;754
623;755
623;756
623;757
623;758
623;759
623;760
623;761
623;762
623;763
623;764
623;765
623;766
623;767
623;768
623;769
623;770
623;771
623;772
623;773
623;774
623;775
623;776
623;777
623;778
623;779
623;780
623;781
623;782
623;783
623;784
623;785
623;786
623;787
623;788
623;789
623;790
623;791
623;792
623;793
623;794
623;795
623;796
623;797
623;798
623;799
623;800
623;801
623;802
623;803
623;804
623;805
623;806
623;807
623;808
623;809
623;810
623;811
623;812
623;813
623;814
623;815
623;816
623;817
623;818
623;819
623;820
623;821
623;822
623;823
623;824
623;825
623;826
623;827
623;828
623;829
623;830
623;831
623;832
624;725
624;726
624;727
624;728
624;729
624;730
624;731
624;732
624;733
624;734
624;735
624;736
624;737
624;738
624;739
624;740
624;741
624;742
624;743
624;744
624;745
624;746
624;747
624;748
624;749
624;750
624;751
624;752
624;753
624;754
624;755
624;756
624;757
624;758
624;759
624;760
624;761
624;762
624;763
624;764
624;765
624;766
624;767
624;768
624;769
624;770
624;771
624;772
624;773
624;774
624;775
624;776
624;777
624;778
624;779
624;780
624;781
624;782
624;783
624;784
624;785
624;786
624;787
624;788
624;789
624;790
624;791
624;792
624;793
624;794
624;795
624;796
624;797
624;798
624;799
624;800
624;801
624;802
624;803
624;804
624;805
624;806
624;807
624;808
624;809
624;810
624;811
624;812
624;813
624;814
624;815
624;816
624;817
624;818
624;819
624;820
624;821
624;822
624;823
624;824
624;825
624;826
624;827
624;828
624;829
624;830
624;831
624;832
624;833
625;723
625;724
625;725
625;726
625;727
625;728
625;729
625;730
625;731
625;732
625;733
625;734
625;735
625;736
625;737
625;738
625;739
625;740
625;741
625;742
625;743
625;744
625;745
625;746
625;747
625;748
625;749
625;750
625;751
625;752
625;753
625;754
625;755
625;756
625;757
625;758
625;759
625;760
625;761
625;762
625;763
625;764
625;765
625;766
625;767
625;768
625;769
625;770
625;771
625;772
625;773
625;774
625;775
625;776
625;777
625;778
625;779
625;780
625;781
625;782
625;783
625;784
625;785
625;786
625;787
625;788
625;789
625;790
625;791
625;792
625;793
625;794
625;795
625;796
625;797
625;798
625;799
625;800
625;801
625;802
625;803
625;804
625;805
625;806
625;807
625;808
625;809
625;810
625;811
625;812
625;813
625;814
625;815
625;816
625;817
625;818
625;819
625;820
625;821
625;822
625;823
625;824
625;825
625;826
625;827
625;828
625;829
625;830
625;831
625;832
625;833
625;834
625;835
626;723
626;724
626;725
626;726
626;727
626;728
626;729
626;730
626;731
626;732
626;733
626;734
626;735
626;736
626;737
626;738
626;739
626;740
626;741
626;742
626;743
626;744
626;745
626;746
626;747
626;748
626;749
626;750
626;751
626;752
626;753
626;754
626;755
626;756
626;757
626;758
626;759
626;760
626;761
626;762
626;763
626;764
626;765
626;766
626;767
626;768
626;769
626;770
626;771
626;772
626;773
626;774
626;775
626;776
626;777
626;778
626;779
626;780
626;781
626;782
626;783
626;784
626;785
626;786
626;787
626;788
626;789
626;790
626;791
626;792
626;793
626;794
626;795
626;796
626;797
626;798
626;799
626;800
626;801
626;802
626;803
626;804
626;805
626;806
626;807
626;808
626;809
626;810
626;811
626;812
626;813
626;814
626;815
626;816
626;817
626;818
626;819
626;820
626;821
626;822
626;823
626;824
626;825
626;826
626;827
626;828
626;829
626;830
626;831
626;832
626;833
626;834
626;835
627;721
627;722
627;723
627;724
627;725
627;726
627;727
627;728
627;729
627;730
627;731
627;732
627;733
627;734
627;735
627;736
627;737
627;738
627;739
627;740
627;741
627;742
627;743
627;744
627;745
627;746
627;747
627;748
627;749
627;750
627;751
627;752
627;753
627;754
627;755
627;756
627;757
627;758
627;759
627;760
627;761
627;762
627;763
627;764
627;765
627;766
627;767
627;768
627;769
627;770
627;771
627;772
627;773
627;774
627;775
627;776
627;777
627;778
627;779
627;780
627;781
627;782
627;783
627;784
627;785
627;786
627;787
627;788
627;789
627;790
627;791
627;792
627;793
627;794
627;795
627;796
627;797
627;798
627;799
627;800
627;801
627;802
627;803
627;804
627;805
627;806
627;807
627;808
627;809
627;810
627;811
627;812
627;813
627;814
627;815
627;816
627;817
627;818
627;819
627;820
627;821
627;822
627;823
627;824
627;825
627;826
627;827
627;828
627;829
627;830
627;831
627;832
627;833
627;834
627;835
627;836
627;837
628;721
628;722
628;723
628;724
628;725
628;726
628;727
628;728
628;729
628;730
628;731
628;732
628;733
628;734
628;735
628;736
628;737
628;738
628;739
628;740
628;741
628;742
628;743
628;744
628;745
628;746
628;747
628;748
628;749
628;750
628;751
628;752
628;753
628;754
628;755
628;756
628;757
628;758
628;759
628;760
628;761
628;762
628;763
628;764
628;765
628;766
628;767
628;768
628;769
628;770
628;771
628;772
628;773
628;774
628;775
628;776
628;777
628;778
628;779
628;780
628;781
628;782
628;783
628;784
628;785
628;786
628;787
628;788
628;789
628;790
628;791
628;792
628;793
628;794
628;795
628;796
628;797
628;798
628;799
628;800
628;801
628;802
628;803
628;804
628;805
628;806
628;807
628;808
628;809
628;810
628;811
628;812
628;813
628;814
628;815
628;816
628;817
628;818
628;819
628;820
628;821
628;822
628;823
628;824
628;825
628;826
628;827
628;828
628;829
628;830
628;831
628;832
628;833
628;834
628;835
628;836
628;837
629;719
629;720
629;721
629;722
629;723
629;724
629;725
629;726
629;727
629;728
629;729
629;730
629;731
629;732
629;733
629;734
629;735
629;736
629;737
629;738
629;739
629;740
629;741
629;742
629;743
629;744
629;745
629;746
629;747
629;748
629;749
629;750
629;751
629;752
629;753
629;754
629;755
629;756
629;757
629;758
629;759
629;760
629;761
629;762
629;763
629;764
629;765
629;766
629;767
629;768
629;769
629;770
629;771
629;772
629;773
629;774
629;775
629;776
629;777
629;778
629;779
629;780
629;781
629;782
629;783
629;784
629;785
629;786
629;787
629;788
629;789
629;790
629;791
629;792
629;793
629;794
629;795
629;796
629;797
629;798
629;799
629;800
629;801
629;802
629;803
629;804
629;805
629;806
629;807
629;808
629;809
629;810
629;811
629;812
629;813
629;814
629;815
629;816
629;817
629;818
629;819
629;820
629;821
629;822
629;823
629;824
629;825
629;826
629;827
629;828
629;829
629;830
629;831
629;832
629;833
629;834
629;835
629;836
629;837
629;838
629;839
630;719
630;720
630;721
630;722
630;723
630;724
630;725
630;726
630;727
630;728
630;729
630;730
630;731
630;732
630;733
630;734
630;735
630;736
630;737
630;738
630;739
630;740
630;741
630;742
630;743
630;744
630;745
630;746
630;747
630;748
630;749
630;750
630;751
630;752
630;753
630;754
630;755
630;756
630;757
630;758
630;759
630;760
630;761
630;762
630;763
630;764
630;765
630;766
630;767
630;768
630;769
630;770
630;771
630;772
630;773
630;774
630;775
630;776
630;777
630;778
630;779
630;780
630;781
630;782
630;783
630;784
630;785
630;786
630;787
630;788
630;789
630;790
630;791
630;792
630;793
630;794
630;795
630;796
630;797
630;798
630;799
630;800
630;801
630;802
630;803
630;804
630;805
630;806
630;807
630;808
630;809
630;810
630;811
630;812
630;813
630;814
630;815
630;816
630;817
630;818
630;819
630;820
630;821
630;822
630;823
630;824
630;825
630;826
630;827
630;828
630;829
630;830
630;831
630;832
630;833
630;834
630;835
630;836
630;837
630;838
630;839
631;717
631;718
631;719
631;720
631;721
631;722
631;723
631;724
631;725
631;726
631;727
631;728
631;729
631;730
631;731
631;732
631;733
631;734
631;735
631;736
631;737
631;738
631;739
631;740
631;741
631;742
631;743
631;744
631;745
631;746
631;747
631;748
631;749
631;750
631;751
631;752
631;753
631;754
631;755
631;756
631;757
631;758
631;759
631;760
631;761
631;762
631;763
631;764
631;765
631;766
631;767
631;768
631;769
631;770
631;771
631;772
631;773
631;774
631;775
631;776
631;777
631;778
631;779
631;780
631;781
631;782
631;783
631;784
631;785
631;786
631;787
631;788
631;789
631;790
631;791
631;792
631;793
631;794
631;795
631;796
631;797
631;798
631;799
631;800
631;801
631;802
631;803
631;804
631;805
631;806
631;807
631;808
631;809
631;810
631;811
631;812
631;813
631;814
631;815
631;816
631;817
631;818
631;819
631;820
631;821
631;822
631;823
631;824
631;825
631;826
631;827
631;828
631;829
631;830
631;831
631;832
631;833
631;834
631;835
631;836
631;837
631;838
631;839
631;840
631;841
632;717
632;718
632;719
632;720
632;721
632;722
632;723
632;724
632;725
632;726
632;727
632;728
632;729
632;730
632;731
632;732
632;733
632;734
632;735
632;736
632;737
632;738
632;739
632;740
632;741
632;742
632;743
632;744
632;745
632;746
632;747
632;748
632;749
632;750
632;751
632;752
632;753
632;754
632;755
632;756
632;757
632;758
632;759
632;760
632;761
632;762
632;763
632;764
632;765
632;766
632;767
632;768
632;769
632;770
632;771
632;772
632;773
632;774
632;775
632;776
632;777
632;778
632;779
632;780
632;781
632;782
632;783
632;784
632;785
632;786
632;787
632;788
632;789
632;790
632;791
632;792
632;793
632;794
632;795
632;796
632;797
632;798
632;799
632;800
632;801
632;802
632;803
632;804
632;805
632;806
632;807
632;808
632;809
632;810
632;811
632;812
632;813
632;814
632;815
632;816
632;817
632;818
632;819
632;820
632;821
632;822
632;823
632;824
632;825
632;826
632;827
632;828
632;829
632;830
632;831
632;832
632;833
632;834
632;835
632;836
632;837
632;838
632;839
632;840
632;841
633;716
633;717
633;718
633;719
633;720
633;721
633;722
633;723
633;724
633;725
633;726
633;727
633;728
633;729
633;730
633;731
633;732
633;733
633;734
633;735
633;736
633;737
633;738
633;739
633;740
633;741
633;742
633;743
633;744
633;745
633;746
633;747
633;748
633;749
633;750
633;751
633;752
633;753
633;754
633;755
633;756
633;757
633;758
633;759
633;760
633;761
633;762
633;763
633;764
633;765
633;766
633;767
633;768
633;769
633;770
633;771
633;772
633;773
633;774
633;775
633;776
633;777
633;778
633;779
633;780
633;781
633;782
633;783
633;784
633;785
633;786
633;787
633;788
633;789
633;790
633;791
633;792
633;793
633;794
633;795
633;796
633;797
633;798
633;799
633;800
633;801
633;802
633;803
633;804
633;805
633;806
633;807
633;808
633;809
633;810
633;811
633;812
633;813
633;814
633;815
633;816
633;817
633;818
633;819
633;820
633;821
633;822
633;823
633;824
633;825
633;826
633;827
633;828
633;829
633;830
633;831
633;832
633;833
633;834
633;835
633;836
633;837
633;838
633;839
633;840
633;841
633;842
634;715
634;716
634;717
634;718
634;719
634;720
634;721
634;722
634;723
634;724
634;725
634;726
634;727
634;728
634;729
634;730
634;731
634;732
634;733
634;734
634;735
634;736
634;737
634;738
634;739
634;740
634;741
634;742
634;743
634;744
634;745
634;746
634;747
634;748
634;749
634;750
634;751
634;752
634;753
634;754
634;755
634;756
634;757
634;758
634;759
634;760
634;761
634;762
634;763
634;764
634;765
634;766
634;767
634;768
634;769
634;770
634;771
634;772
634;773
634;774
634;775
634;776
634;777
634;778
634;779
634;780
634;781
634;782
634;783
634;784
634;785
634;786
634;787
634;788
634;789
634;790
634;791
634;792
634;793
634;794
634;795
634;796
634;797
634;798
634;799
634;800
634;801
634;802
634;803
634;804
634;805
634;806
634;807
634;808
634;809
634;810
634;811
634;812
634;813
634;814
634;815
634;816
634;817
634;818
634;819
634;820
634;821
634;822
634;823
634;824
634;825
634;826
634;827
634;828
634;829
634;830
634;831
634;832
634;833
634;834
634;835
634;836
634;837
634;838
634;839
634;840
634;841
634;842
634;843
635;714
635;715
635;716
635;717
635;718
635;719
635;720
635;721
635;722
635;723
635;724
635;725
635;726
635;727
635;728
635;729
635;730
635;731
635;732
635;733
635;734
635;735
635;736
635;737
635;738
635;739
635;740
635;741
635;742
635;743
635;744
635;745
635;746
635;747
635;748
635;749
635;750
635;751
635;752
635;753
635;754
635;755
635;756
635;757
635;758
635;759
635;760
635;761
635;762
635;763
635;764
635;765
635;766
635;767
635;768
635;769
635;770
635;771
635;772
635;773
635;774
635;775
635;776
635;777
635;778
635;779
635;780
635;781
635;782
635;783
635;784
635;785
635;786
635;787
635;788
635;789
635;790
635;791
635;792
635;793
635;794
635;795
635;796
635;797
635;798
635;799
635;800
635;801
635;802
635;803
635;804
635;805
635;806
635;807
635;808
635;809
635;810
635;811
635;812
635;813
635;814
635;815
635;816
635;817
635;818
635;819
635;820
635;821
635;822
635;823
635;824
635;825
635;826
635;827
635;828
635;829
635;830
635;831
635;832
635;833
635;834
635;835
635;836
635;837
635;838
635;839
635;840
635;841
635;842
635;843
635;844
636;713
636;714
636;715
636;716
636;717
636;718
636;719
636;720
636;721
636;722
636;723
636;724
636;725
636;726
636;727
636;728
636;729
636;730
636;731
636;732
636;733
636;734
636;735
636;736
636;737
636;738
636;739
636;740
636;741
636;742
636;743
636;744
636;745
636;746
636;747
636;748
636;749
636;750
636;751
636;752
636;753
636;754
636;755
636;756
636;757
636;758
636;759
636;760
636;761
636;762
636;763
636;764
636;765
636;766
636;767
636;768
636;769
636;770
636;771
636;772
636;773
636;774
636;775
636;776
636;777
636;778
636;779
636;780
636;781
636;782
636;783
636;784
636;785
636;786
636;787
636;788
636;789
636;790
636;791
636;792
636;793
636;794
636;795
636;796
636;797
636;798
636;799
636;800
636;801
636;802
636;803
636;804
636;805
636;806
636;807
636;808
636;809
636;810
636;811
636;812
636;813
636;814
636;815
636;816
636;817
636;818
636;819
636;820
636;821
636;822
636;823
636;824
636;825
636;826
636;827
636;828
636;829
636;830
636;831
636;832
636;833
636;834
636;835
636;836
636;837
636;838
636;839
636;840
636;841
636;842
636;843
636;844
636;845
637;713
637;714
637;715
637;716
637;717
637;718
637;719
637;720
637;721
637;722
637;723
637;724
637;725
637;726
637;727
637;728
637;729
637;730
637;731
637;732
637;733
637;734
637;735
637;736
637;737
637;738
637;739
637;740
637;741
637;742
637;743
637;744
637;745
637;746
637;747
637;748
637;749
637;750
637;751
637;752
637;753
637;754
637;755
637;756
637;757
637;758
637;759
637;760
637;761
637;762
637;763
637;764
637;765
637;766
637;767
637;768
637;769
637;770
637;771
637;772
637;773
637;774
637;775
637;776
637;777
637;778
637;779
637;780
637;781
637;782
637;783
637;784
637;785
637;786
637;787
637;788
637;789
637;790
637;791
637;792
637;793
637;794
637;795
637;796
637;797
637;798
637;799
637;800
637;801
637;802
637;803
637;804
637;805
637;806
637;807
637;808
637;809
637;810
637;811
637;812
637;813
637;814
637;815
637;816
637;817
637;818
637;819
637;820
637;821
637;822
637;823
637;824
637;825
637;826
637;827
637;828
637;829
637;830
637;831
637;832
637;833
637;834
637;835
637;836
637;837
637;838
637;839
637;840
637;841
637;842
637;843
637;844
637;845
638;712
638;713
638;714
638;715
638;716
638;717
638;718
638;719
638;720
638;721
638;722
638;723
638;724
638;725
638;726
638;727
638;728
638;729
638;730
638;731
638;732
638;733
638;734
638;735
638;736
638;737
638;738
638;739
638;740
638;741
638;742
638;743
638;744
638;745
638;746
638;747
638;748
638;749
638;750
638;751
638;752
638;753
638;754
638;755
638;756
638;757
638;758
638;759
638;760
638;761
638;762
638;763
638;764
638;765
638;766
638;767
638;768
638;769
638;770
638;771
638;772
638;773
638;774
638;775
638;776
638;777
638;778
638;779
638;780
638;781
638;782
638;783
638;784
638;785
638;786
638;787
638;788
638;789
638;790
638;791
638;792
638;793
638;794
638;795
638;796
638;797
638;798
638;799
638;800
638;801
638;802
638;803
638;804
638;805
638;806
638;807
638;808
638;809
638;810
638;811
638;812
638;813
638;814
638;815
638;816
638;817
638;818
638;819
638;820
638;821
638;822
638;823
638;824
638;825
638;826
638;827
638;828
638;829
638;830
638;831
638;832
638;833
638;834
638;835
638;836
638;837
638;838
638;839
638;840
638;841
638;842
638;843
638;844
638;845
638;846
639;711
639;712
639;713
639;714
639;715
639;716
639;717
639;718
639;719
639;720
639;721
639;722
639;723
639;724
639;725
639;726
639;727
639;728
639;729
639;730
639;731
639;732
639;733
639;734
639;735
639;736
639;737
639;738
639;739
639;740
639;741
639;742
639;743
639;744
639;745
639;746
639;747
639;748
639;749
639;750
639;751
639;752
639;753
639;754
639;755
639;756
639;757
639;758
639;759
639;760
639;761
639;762
639;763
639;764
639;765
639;766
639;767
639;768
639;769
639;770
639;771
639;772
639;773
639;774
639;775
639;776
639;777
639;778
639;779
639;780
639;781
639;782
639;783
639;784
639;785
639;786
639;787
639;788
639;789
639;790
639;791
639;792
639;793
639;794
639;795
639;796
639;797
639;798
639;799
639;800
639;801
639;802
639;803
639;804
639;805
639;806
639;807
639;808
639;809
639;810
639;811
639;812
639;813
639;814
639;815
639;816
639;817
639;818
639;819
639;820
639;821
639;822
639;823
639;824
639;825
639;826
639;827
639;828
639;829
639;830
639;831
639;832
639;833
639;834
639;835
639;836
639;837
639;838
639;839
639;840
639;841
639;842
639;843
639;844
639;845
639;846
639;847
640;711
640;712
640;713
640;714
640;715
640;716
640;717
640;718
640;719
640;720
640;721
640;722
640;723
640;724
640;725
640;726
640;727
640;728
640;729
640;730
640;731
640;732
640;733
640;734
640;735
640;736
640;737
640;738
640;739
640;740
640;741
640;742
640;743
640;744
640;745
640;746
640;747
640;748
640;749
640;750
640;751
640;752
640;753
640;754
640;755
640;756
640;757
640;758
640;759
640;760
640;761
640;762
640;763
640;764
640;765
640;766
640;767
640;768
640;769
640;770
640;771
640;772
640;773
640;774
640;775
640;776
640;777
640;778
640;779
640;780
640;781
640;782
640;783
640;784
640;785
640;786
640;787
640;788
640;789
640;790
640;791
640;792
640;793
640;794
640;795
640;796
640;797
640;798
640;799
640;800
640;801
640;802
640;803
640;804
640;805
640;806
640;807
640;808
640;809
640;810
640;811
640;812
640;813
640;814
640;815
640;816
640;817
640;818
640;819
640;820
640;821
640;822
640;823
640;824
640;825
640;826
640;827
640;828
640;829
640;830
640;831
640;832
640;833
640;834
640;835
640;836
640;837
640;838
640;839
640;840
640;841
640;842
640;843
640;844
640;845
640;846
640;847
641;710
641;711
641;712
641;713
641;714
641;715
641;716
641;717
641;718
641;719
641;720
641;721
641;722
641;723
641;724
641;725
641;726
641;727
641;728
641;729
641;730
641;731
641;732
641;733
641;734
641;735
641;736
641;737
641;738
641;739
641;740
641;741
641;742
641;743
641;744
641;745
641;746
641;747
641;748
641;749
641;750
641;751
641;752
641;753
641;754
641;755
641;756
641;757
641;758
641;759
641;760
641;761
641;762
641;763
641;764
641;765
641;766
641;767
641;768
641;769
641;770
641;771
641;772
641;773
641;774
641;775
641;776
641;777
641;778
641;779
641;780
641;781
641;782
641;783
641;784
641;785
641;786
641;787
641;788
641;789
641;790
641;791
641;792
641;793
641;794
641;795
641;796
641;797
641;798
641;799
641;800
641;801
641;802
641;803
641;804
641;805
641;806
641;807
641;808
641;809
641;810
641;811
641;812
641;813
641;814
641;815
641;816
641;817
641;818
641;819
641;820
641;821
641;822
641;823
641;824
641;825
641;826
641;827
641;828
641;829
641;830
641;831
641;832
641;833
641;834
641;835
641;836
641;837
641;838
641;839
641;840
641;841
641;842
641;843
641;844
641;845
641;846
641;847
641;848
642;709
642;710
642;711
642;712
642;713
642;714
642;715
642;716
642;717
642;718
642;719
642;720
642;721
642;722
642;723
642;724
642;725
642;726
642;727
642;728
642;729
642;730
642;731
642;732
642;733
642;734
642;735
642;736
642;737
642;738
642;739
642;740
642;741
642;742
642;743
642;744
642;745
642;746
642;747
642;748
642;749
642;750
642;751
642;752
642;753
642;754
642;755
642;756
642;757
642;758
642;759
642;760
642;761
642;762
642;763
642;764
642;765
642;766
642;767
642;768
642;769
642;770
642;771
642;772
642;773
642;774
642;775
642;776
642;777
642;778
642;779
642;780
642;781
642;782
642;783
642;784
642;785
642;786
642;787
642;788
642;789
642;790
642;791
642;792
642;793
642;794
642;795
642;796
642;797
642;798
642;799
642;800
642;801
642;802
642;803
642;804
642;805
642;806
642;807
642;808
642;809
642;810
642;811
642;812
642;813
642;814
642;815
642;816
642;817
642;818
642;819
642;820
642;821
642;822
642;823
642;824
642;825
642;826
642;827
642;828
642;829
642;830
642;831
642;832
642;833
642;834
642;835
642;836
642;837
642;838
642;839
642;840
642;841
642;842
642;843
642;844
642;845
642;846
642;847
642;848
642;849
643;709
643;710
643;711
643;712
643;713
643;714
643;715
643;716
643;717
643;718
643;719
643;720
643;721
643;722
643;723
643;724
643;725
643;726
643;727
643;728
643;729
643;730
643;731
643;732
643;733
643;734
643;735
643;736
643;737
643;738
643;739
643;740
643;741
643;742
643;743
643;744
643;745
643;746
643;747
643;748
643;749
643;750
643;751
643;752
643;753
643;754
643;755
643;756
643;757
643;758
643;759
643;760
643;761
643;762
643;763
643;764
643;765
643;766
643;767
643;768
643;769
643;770
643;771
643;772
643;773
643;774
643;775
643;776
643;777
643;778
643;779
643;780
643;781
643;782
643;783
643;784
643;785
643;786
643;787
643;788
643;789
643;790
643;791
643;792
643;793
643;794
643;795
643;796
643;797
643;798
643;799
643;800
643;801
643;802
643;803
643;804
643;805
643;806
643;807
643;808
643;809
643;810
643;811
643;812
643;813
643;814
643;815
643;816
643;817
643;818
643;819
643;820
643;821
643;822
643;823
643;824
643;825
643;826
643;827
643;828
643;829
643;830
643;831
643;832
643;833
643;834
643;835
643;836
643;837
643;838
643;839
643;840
643;841
643;842
643;843
643;844
643;845
643;846
643;847
643;848
643;849
644;708
644;709
644;710
644;711
644;712
644;713
644;714
644;715
644;716
644;717
644;718
644;719
644;720
644;721
644;722
644;723
644;724
644;725
644;726
644;727
644;728
644;729
644;730
644;731
644;732
644;733
644;734
644;735
644;736
644;737
644;738
644;739
644;740
644;741
644;742
644;743
644;744
644;745
644;746
644;747
644;748
644;749
644;750
644;751
644;752
644;753
644;754
644;755
644;756
644;757
644;758
644;759
644;760
644;761
644;762
644;763
644;764
644;765
644;766
644;767
644;768
644;769
644;770
644;771
644;772
644;773
644;774
644;775
644;776
644;777
644;778
644;779
644;780
644;781
644;782
644;783
644;784
644;785
644;786
644;787
644;788
644;789
644;790
644;791
644;792
644;793
644;794
644;795
644;796
644;797
644;798
644;799
644;800
644;801
644;802
644;803
644;804
644;805
644;806
644;807
644;808
644;809
644;810
644;811
644;812
644;813
644;814
644;815
644;816
644;817
644;818
644;819
644;820
644;821
644;822
644;823
644;824
644;825
644;826
644;827
644;828
644;829
644;830
644;831
644;832
644;833
644;834
644;835
644;836
644;837
644;838
644;839
644;840
644;841
644;842
644;843
644;844
644;845
644;846
644;847
644;848
644;849
644;850
645;708
645;709
645;710
645;711
645;712
645;713
645;714
645;715
645;716
645;717
645;718
645;719
645;720
645;721
645;722
645;723
645;724
645;725
645;726
645;727
645;728
645;729
645;730
645;731
645;732
645;733
645;734
645;735
645;736
645;737
645;738
645;739
645;740
645;741
645;742
645;743
645;744
645;745
645;746
645;747
645;748
645;749
645;750
645;751
645;752
645;753
645;754
645;755
645;756
645;757
645;758
645;759
645;760
645;761
645;762
645;763
645;764
645;765
645;766
645;767
645;768
645;769
645;770
645;771
645;772
645;773
645;774
645;775
645;776
645;777
645;778
645;779
645;780
645;781
645;782
645;783
645;784
645;785
645;786
645;787
645;788
645;789
645;790
645;791
645;792
645;793
645;794
645;795
645;796
645;797
645;798
645;799
645;800
645;801
645;802
645;803
645;804
645;805
645;806
645;807
645;808
645;809
645;810
645;811
645;812
645;813
645;814
645;815
645;816
645;817
645;818
645;819
645;820
645;821
645;822
645;823
645;824
645;825
645;826
645;827
645;828
645;829
645;830
645;831
645;832
645;833
645;834
645;835
645;836
645;837
645;838
645;839
645;840
645;841
645;842
645;843
645;844
645;845
645;846
645;847
645;848
645;849
645;850
646;707
646;708
646;709
646;710
646;711
646;712
646;713
646;714
646;715
646;716
646;717
646;718
646;719
646;720
646;721
646;722
646;723
646;724
646;725
646;726
646;727
646;728
646;729
646;730
646;731
646;732
646;733
646;734
646;735
646;736
646;737
646;738
646;739
646;740
646;741
646;742
646;743
646;744
646;745
646;746
646;747
646;748
646;749
646;750
646;751
646;752
646;753
646;754
646;755
646;756
646;757
646;758
646;759
646;760
646;761
646;762
646;763
646;764
646;765
646;766
646;767
646;768
646;769
646;770
646;771
646;772
646;773
646;774
646;775
646;776
646;777
646;778
646;779
646;780
646;781
646;782
646;783
646;784
646;785
646;786
646;787
646;788
646;789
646;790
646;791
646;792
646;793
646;794
646;795
646;796
646;797
646;798
646;799
646;800
646;801
646;802
646;803
646;804
646;805
646;806
646;807
646;808
646;809
646;810
646;811
646;812
646;813
646;814
646;815
646;816
646;817
646;818
646;819
646;820
646;821
646;822
646;823
646;824
646;825
646;826
646;827
646;828
646;829
646;830
646;831
646;832
646;833
646;834
646;835
646;836
646;837
646;838
646;839
646;840
646;841
646;842
646;843
646;844
646;845
646;846
646;847
646;848
646;849
646;850
646;851
647;707
647;708
647;709
647;710
647;711
647;712
647;713
647;714
647;715
647;716
647;717
647;718
647;719
647;720
647;721
647;722
647;723
647;724
647;725
647;726
647;727
647;728
647;729
647;730
647;731
647;732
647;733
647;734
647;735
647;736
647;737
647;738
647;739
647;740
647;741
647;742
647;743
647;744
647;745
647;746
647;747
647;748
647;749
647;750
647;751
647;752
647;753
647;754
647;755
647;756
647;757
647;758
647;759
647;760
647;761
647;762
647;763
647;764
647;765
647;766
647;767
647;768
647;769
647;770
647;771
647;772
647;773
647;774
647;775
647;776
647;777
647;778
647;779
647;780
647;781
647;782
647;783
647;784
647;785
647;786
647;787
647;788
647;789
647;790
647;791
647;792
647;793
647;794
647;795
647;796
647;797
647;798
647;799
647;800
647;801
647;802
647;803
647;804
647;805
647;806
647;807
647;808
647;809
647;810
647;811
647;812
647;813
647;814
647;815
647;816
647;817
647;818
647;819
647;820
647;821
647;822
647;823
647;824
647;825
647;826
647;827
647;828
647;829
647;830
647;831
647;832
647;833
647;834
647;835
647;836
647;837
647;838
647;839
647;840
647;841
647;842
647;843
647;844
647;845
647;846
647;847
647;848
647;849
647;850
647;851
648;706
648;707
648;708
648;709
648;710
648;711
648;712
648;713
648;714
648;715
648;716
648;717
648;718
648;719
648;720
648;721
648;722
648;723
648;724
648;725
648;726
648;727
648;728
648;729
648;730
648;731
648;732
648;733
648;734
648;735
648;736
648;737
648;738
648;739
648;740
648;741
648;742
648;743
648;744
648;745
648;746
648;747
648;748
648;749
648;750
648;751
648;752
648;753
648;754
648;755
648;756
648;757
648;758
648;759
648;760
648;761
648;762
648;763
648;764
648;765
648;766
648;767
648;768
648;769
648;770
648;771
648;772
648;773
648;774
648;775
648;776
648;777
648;778
648;779
648;780
648;781
648;782
648;783
648;784
648;785
648;786
648;787
648;788
648;789
648;790
648;791
648;792
648;793
648;794
648;795
648;796
648;797
648;798
648;799
648;800
648;801
648;802
648;803
648;804
648;805
648;806
648;807
648;808
648;809
648;810
648;811
648;812
648;813
648;814
648;815
648;816
648;817
648;818
648;819
648;820
648;821
648;822
648;823
648;824
648;825
648;826
648;827
648;828
648;829
648;830
648;831
648;832
648;833
648;834
648;835
648;836
648;837
648;838
648;839
648;840
648;841
648;842
648;843
648;844
648;845
648;846
648;847
648;848
648;849
648;850
648;851
648;852
649;706
649;707
649;708
649;709
649;710
649;711
649;712
649;713
649;714
649;715
649;716
649;717
649;718
649;719
649;720
649;721
649;722
649;723
649;724
649;725
649;726
649;727
649;728
649;729
649;730
649;731
649;732
649;733
649;734
649;735
649;736
649;737
649;738
649;739
649;740
649;741
649;742
649;743
649;744
649;745
649;746
649;747
649;748
649;749
649;750
649;751
649;752
649;753
649;754
649;755
649;756
649;757
649;758
649;759
649;760
649;761
649;762
649;763
649;764
649;765
649;766
649;767
649;768
649;769
649;770
649;771
649;772
649;773
649;774
649;775
649;776
649;777
649;778
649;779
649;780
649;781
649;782
649;783
649;784
649;785
649;786
649;787
649;788
649;789
649;790
649;791
649;792
649;793
649;794
649;795
649;796
649;797
649;798
649;799
649;800
649;801
649;802
649;803
649;804
649;805
649;806
649;807
649;808
649;809
649;810
649;811
649;812
649;813
649;814
649;815
649;816
649;817
649;818
649;819
649;820
649;821
649;822
649;823
649;824
649;825
649;826
649;827
649;828
649;829
649;830
649;831
649;832
649;833
649;834
649;835
649;836
649;837
649;838
649;839
649;840
649;841
649;842
649;843
649;844
649;845
649;846
649;847
649;848
649;849
649;850
649;851
649;852
650;705
650;706
650;707
650;708
650;709
650;710
650;711
650;712
650;713
650;714
650;715
650;716
650;717
650;718
650;719
650;720
650;721
650;722
650;723
650;724
650;725
650;726
650;727
650;728
650;729
650;730
650;731
650;732
650;733
650;734
650;735
650;736
650;737
650;738
650;739
650;740
650;741
650;742
650;743
650;744
650;745
650;746
650;747
650;748
650;749
650;750
650;751
650;752
650;753
650;754
650;755
650;756
650;757
650;758
650;759
650;760
650;761
650;762
650;763
650;764
650;765
650;766
650;767
650;768
650;769
650;770
650;771
650;772
650;773
650;774
650;775
650;776
650;777
650;778
650;779
650;780
650;781
650;782
650;783
650;784
650;785
650;786
650;787
650;788
650;789
650;790
650;791
650;792
650;793
650;794
650;795
650;796
650;797
650;798
650;799
650;800
650;801
650;802
650;803
650;804
650;805
650;806
650;807
650;808
650;809
650;810
650;811
650;812
650;813
650;814
650;815
650;816
650;817
650;818
650;819
650;820
650;821
650;822
650;823
650;824
650;825
650;826
650;827
650;828
650;829
650;830
650;831
650;832
650;833
650;834
650;835
650;836
650;837
650;838
650;839
650;840
650;841
650;842
650;843
650;844
650;845
650;846
650;847
650;848
650;849
650;850
650;851
650;852
650;853
651;705
651;706
651;707
651;708
651;709
651;710
651;711
651;712
651;713
651;714
651;715
651;716
651;717
651;718
651;719
651;720
651;721
651;722
651;723
651;724
651;725
651;726
651;727
651;728
651;729
651;730
651;731
651;732
651;733
651;734
651;735
651;736
651;737
651;738
651;739
651;740
651;741
651;742
651;743
651;744
651;745
651;746
651;747
651;748
651;749
651;750
651;751
651;752
651;753
651;754
651;755
651;756
651;757
651;758
651;759
651;760
651;761
651;762
651;763
651;764
651;765
651;766
651;767
651;768
651;769
651;770
651;771
651;772
651;773
651;774
651;775
651;776
651;777
651;778
651;779
651;780
651;781
651;782
651;783
651;784
651;785
651;786
651;787
651;788
651;789
651;790
651;791
651;792
651;793
651;794
651;795
651;796
651;797
651;798
651;799
651;800
651;801
651;802
651;803
651;804
651;805
651;806
651;807
651;808
651;809
651;810
651;811
651;812
651;813
651;814
651;815
651;816
651;817
651;818
651;819
651;820
651;821
651;822
651;823
651;824
651;825
651;826
651;827
651;828
651;829
651;830
651;831
651;832
651;833
651;834
651;835
651;836
651;837
651;838
651;839
651;840
651;841
651;842
651;843
651;844
651;845
651;846
651;847
651;848
651;849
651;850
651;851
651;852
651;853
652;705
652;706
652;707
652;708
652;709
652;710
652;711
652;712
652;713
652;714
652;715
652;716
652;717
652;718
652;719
652;720
652;721
652;722
652;723
652;724
652;725
652;726
652;727
652;728
652;729
652;730
652;731
652;732
652;733
652;734
652;735
652;736
652;737
652;738
652;739
652;740
652;741
652;742
652;743
652;744
652;745
652;746
652;747
652;748
652;749
652;750
652;751
652;752
652;753
652;754
652;755
652;756
652;757
652;758
652;759
652;760
652;761
652;762
652;763
652;764
652;765
652;766
652;767
652;768
652;769
652;770
652;771
652;772
652;773
652;774
652;775
652;776
652;777
652;778
652;779
652;780
652;781
652;782
652;783
652;784
652;785
652;786
652;787
652;788
652;789
652;790
652;791
652;792
652;793
652;794
652;795
652;796
652;797
652;798
652;799
652;800
652;801
652;802
652;803
652;804
652;805
652;806
652;807
652;808
652;809
652;810
652;811
652;812
652;813
652;814
652;815
652;816
652;817
652;818
652;819
652;820
652;821
652;822
652;823
652;824
652;825
652;826
652;827
652;828
652;829
652;830
652;831
652;832
652;833
652;834
652;835
652;836
652;837
652;838
652;839
652;840
652;841
652;842
652;843
652;844
652;845
652;846
652;847
652;848
652;849
652;850
652;851
652;852
652;853
653;704
653;705
653;706
653;707
653;708
653;709
653;710
653;711
653;712
653;713
653;714
653;715
653;716
653;717
653;718
653;719
653;720
653;721
653;722
653;723
653;724
653;725
653;726
653;727
653;728
653;729
653;730
653;731
653;732
653;733
653;734
653;735
653;736
653;737
653;738
653;739
653;740
653;741
653;742
653;743
653;744
653;745
653;746
653;747
653;748
653;749
653;750
653;751
653;752
653;753
653;754
653;755
653;756
653;757
653;758
653;759
653;760
653;761
653;762
653;763
653;764
653;765
653;766
653;767
653;768
653;769
653;770
653;771
653;772
653;773
653;774
653;775
653;776
653;777
653;778
653;779
653;780
653;781
653;782
653;783
653;784
653;785
653;786
653;787
653;788
653;789
653;790
653;791
653;792
653;793
653;794
653;795
653;796
653;797
653;798
653;799
653;800
653;801
653;802
653;803
653;804
653;805
653;806
653;807
653;808
653;809
653;810
653;811
653;812
653;813
653;814
653;815
653;816
653;817
653;818
653;819
653;820
653;821
653;822
653;823
653;824
653;825
653;826
653;827
653;828
653;829
653;830
653;831
653;832
653;833
653;834
653;835
653;836
653;837
653;838
653;839
653;840
653;841
653;842
653;843
653;844
653;845
653;846
653;847
653;848
653;849
653;850
653;851
653;852
653;853
653;854
654;704
654;705
654;706
654;707
654;708
654;709
654;710
654;711
654;712
654;713
654;714
654;715
654;716
654;717
654;718
654;719
654;720
654;721
654;722
654;723
654;724
654;725
654;726
654;727
654;728
654;729
654;730
654;731
654;732
654;733
654;734
654;735
654;736
654;737
654;738
654;739
654;740
654;741
654;742
654;743
654;744
654;745
654;746
654;747
654;748
654;749
654;750
654;751
654;752
654;753
654;754
654;755
654;756
654;757
654;758
654;759
654;760
654;761
654;762
654;763
654;764
654;765
654;766
654;767
654;768
654;769
654;770
654;771
654;772
654;773
654;774
654;775
654;776
654;777
654;778
654;779
654;780
654;781
654;782
654;783
654;784
654;785
654;786
654;787
654;788
654;789
654;790
654;791
654;792
654;793
654;794
654;795
654;796
654;797
654;798
654;799
654;800
654;801
654;802
654;803
654;804
654;805
654;806
654;807
654;808
654;809
654;810
654;811
654;812
654;813
654;814
654;815
654;816
654;817
654;818
654;819
654;820
654;821
654;822
654;823
654;824
654;825
654;826
654;827
654;828
654;829
654;830
654;831
654;832
654;833
654;834
654;835
654;836
654;837
654;838
654;839
654;840
654;841
654;842
654;843
654;844
654;845
654;846
654;847
654;848
654;849
654;850
654;851
654;852
654;853
654;854
655;703
655;704
655;705
655;706
655;707
655;708
655;709
655;710
655;711
655;712
655;713
655;714
655;715
655;716
655;717
655;718
655;719
655;720
655;721
655;722
655;723
655;724
655;725
655;726
655;727
655;728
655;729
655;730
655;731
655;732
655;733
655;734
655;735
655;736
655;737
655;738
655;739
655;740
655;741
655;742
655;743
655;744
655;745
655;746
655;747
655;748
655;749
655;750
655;751
655;752
655;753
655;754
655;755
655;756
655;757
655;758
655;759
655;760
655;761
655;762
655;763
655;764
655;765
655;766
655;767
655;768
655;769
655;770
655;771
655;772
655;773
655;774
655;775
655;776
655;777
655;778
655;779
655;780
655;781
655;782
655;783
655;784
655;785
655;786
655;787
655;788
655;789
655;790
655;791
655;792
655;793
655;794
655;795
655;796
655;797
655;798
655;799
655;800
655;801
655;802
655;803
655;804
655;805
655;806
655;807
655;808
655;809
655;810
655;811
655;812
655;813
655;814
655;815
655;816
655;817
655;818
655;819
655;820
655;821
655;822
655;823
655;824
655;825
655;826
655;827
655;828
655;829
655;830
655;831
655;832
655;833
655;834
655;835
655;836
655;837
655;838
655;839
655;840
655;841
655;842
655;843
655;844
655;845
655;846
655;847
655;848
655;849
655;850
655;851
655;852
655;853
655;854
655;855
656;703
656;704
656;705
656;706
656;707
656;708
656;709
656;710
656;711
656;712
656;713
656;714
656;715
656;716
656;717
656;718
656;719
656;720
656;721
656;722
656;723
656;724
656;725
656;726
656;727
656;728
656;729
656;730
656;731
656;732
656;733
656;734
656;735
656;736
656;737
656;738
656;739
656;740
656;741
656;742
656;743
656;744
656;745
656;746
656;747
656;748
656;749
656;750
656;751
656;752
656;753
656;754
656;755
656;756
656;757
656;758
656;759
656;760
656;761
656;762
656;763
656;764
656;765
656;766
656;767
656;768
656;769
656;770
656;771
656;772
656;773
656;774
656;775
656;776
656;777
656;778
656;779
656;780
656;781
656;782
656;783
656;784
656;785
656;786
656;787
656;788
656;789
656;790
656;791
656;792
656;793
656;794
656;795
656;796
656;797
656;798
656;799
656;800
656;801
656;802
656;803
656;804
656;805
656;806
656;807
656;808
656;809
656;810
656;811
656;812
656;813
656;814
656;815
656;816
656;817
656;818
656;819
656;820
656;821
656;822
656;823
656;824
656;825
656;826
656;827
656;828
656;829
656;830
656;831
656;832
656;833
656;834
656;835
656;836
656;837
656;838
656;839
656;840
656;841
656;842
656;843
656;844
656;845
656;846
656;847
656;848
656;849
656;850
656;851
656;852
656;853
656;854
656;855
657;703
657;704
657;705
657;706
657;707
657;708
657;709
657;710
657;711
657;712
657;713
657;714
657;715
657;716
657;717
657;718
657;719
657;720
657;721
657;722
657;723
657;724
657;725
657;726
657;727
657;728
657;729
657;730
657;731
657;732
657;733
657;734
657;735
657;736
657;737
657;738
657;739
657;740
657;741
657;742
657;743
657;744
657;745
657;746
657;747
657;748
657;749
657;750
657;751
657;752
657;753
657;754
657;755
657;756
657;757
657;758
657;759
657;760
657;761
657;762
657;763
657;764
657;765
657;766
657;767
657;768
657;769
657;770
657;771
657;772
657;773
657;774
657;775
657;776
657;777
657;778
657;779
657;780
657;781
657;782
657;783
657;784
657;785
657;786
657;787
657;788
657;789
657;790
657;791
657;792
657;793
657;794
657;795
657;796
657;797
657;798
657;799
657;800
657;801
657;802
657;803
657;804
657;805
657;806
657;807
657;808
657;809
657;810
657;811
657;812
657;813
657;814
657;815
657;816
657;817
657;818
657;819
657;820
657;821
657;822
657;823
657;824
657;825
657;826
657;827
657;828
657;829
657;830
657;831
657;832
657;833
657;834
657;835
657;836
657;837
657;838
657;839
657;840
657;841
657;842
657;843
657;844
657;845
657;846
657;847
657;848
657;849
657;850
657;851
657;852
657;853
657;854
657;855
658;703
658;704
658;705
658;706
658;707
658;708
658;709
658;710
658;711
658;712
658;713
658;714
658;715
658;716
658;717
658;718
658;719
658;720
658;721
658;722
658;723
658;724
658;725
658;726
658;727
658;728
658;729
658;730
658;731
658;732
658;733
658;734
658;735
658;736
658;737
658;738
658;739
658;740
658;741
658;742
658;743
658;744
658;745
658;746
658;747
658;748
658;749
658;750
658;751
658;752
658;753
658;754
658;755
658;756
658;757
658;758
658;759
658;760
658;761
658;762
658;763
658;764
658;765
658;766
658;767
658;768
658;769
658;770
658;771
658;772
658;773
658;774
658;775
658;776
658;777
658;778
658;779
658;780
658;781
658;782
658;783
658;784
658;785
658;786
658;787
658;788
658;789
658;790
658;791
658;792
658;793
658;794
658;795
658;796
658;797
658;798
658;799
658;800
658;801
658;802
658;803
658;804
658;805
658;806
658;807
658;808
658;809
658;810
658;811
658;812
658;813
658;814
658;815
658;816
658;817
658;818
658;819
658;820
658;821
658;822
658;823
658;824
658;825
658;826
658;827
658;828
658;829
658;830
658;831
658;832
658;833
658;834
658;835
658;836
658;837
658;838
658;839
658;840
658;841
658;842
658;843
658;844
658;845
658;846
658;847
658;848
658;849
658;850
658;851
658;852
658;853
658;854
658;855
659;702
659;703
659;704
659;705
659;706
659;707
659;708
659;709
659;710
659;711
659;712
659;713
659;714
659;715
659;716
659;717
659;718
659;719
659;720
659;721
659;722
659;723
659;724
659;725
659;726
659;727
659;728
659;729
659;730
659;731
659;732
659;733
659;734
659;735
659;736
659;737
659;738
659;739
659;740
659;741
659;742
659;743
659;744
659;745
659;746
659;747
659;748
659;749
659;750
659;751
659;752
659;753
659;754
659;755
659;756
659;757
659;758
659;759
659;760
659;761
659;762
659;763
659;764
659;765
659;766
659;767
659;768
659;769
659;770
659;771
659;772
659;773
659;774
659;775
659;776
659;777
659;778
659;779
659;780
659;781
659;782
659;783
659;784
659;785
659;786
659;787
659;788
659;789
659;790
659;791
659;792
659;793
659;794
659;795
659;796
659;797
659;798
659;799
659;800
659;801
659;802
659;803
659;804
659;805
659;806
659;807
659;808
659;809
659;810
659;811
659;812
659;813
659;814
659;815
659;816
659;817
659;818
659;819
659;820
659;821
659;822
659;823
659;824
659;825
659;826
659;827
659;828
659;829
659;830
659;831
659;832
659;833
659;834
659;835
659;836
659;837
659;838
659;839
659;840
659;841
659;842
659;843
659;844
659;845
659;846
659;847
659;848
659;849
659;850
659;851
659;852
659;853
659;854
659;855
659;856
660;702
660;703
660;704
660;705
660;706
660;707
660;708
660;709
660;710
660;711
660;712
660;713
660;714
660;715
660;716
660;717
660;718
660;719
660;720
660;721
660;722
660;723
660;724
660;725
660;726
660;727
660;728
660;729
660;730
660;731
660;732
660;733
660;734
660;735
660;736
660;737
660;738
660;739
660;740
660;741
660;742
660;743
660;744
660;745
660;746
660;747
660;748
660;749
660;750
660;751
660;752
660;753
660;754
660;755
660;756
660;757
660;758
660;759
660;760
660;761
660;762
660;763
660;764
660;765
660;766
660;767
660;768
660;769
660;770
660;771
660;772
660;773
660;774
660;775
660;776
660;777
660;778
660;779
660;780
660;781
660;782
660;783
660;784
660;785
660;786
660;787
660;788
660;789
660;790
660;791
660;792
660;793
660;794
660;795
660;796
660;797
660;798
660;799
660;800
660;801
660;802
660;803
660;804
660;805
660;806
660;807
660;808
660;809
660;810
660;811
660;812
660;813
660;814
660;815
660;816
660;817
660;818
660;819
660;820
660;821
660;822
660;823
660;824
660;825
660;826
660;827
660;828
660;829
660;830
660;831
660;832
660;833
660;834
660;835
660;836
660;837
660;838
660;839
660;840
660;841
660;842
660;843
660;844
660;845
660;846
660;847
660;848
660;849
660;850
660;851
660;852
660;853
660;854
660;855
660;856
661;702
661;703
661;704
661;705
661;706
661;707
661;708
661;709
661;710
661;711
661;712
661;713
661;714
661;715
661;716
661;717
661;718
661;719
661;720
661;721
661;722
661;723
661;724
661;725
661;726
661;727
661;728
661;729
661;730
661;731
661;732
661;733
661;734
661;735
661;736
661;737
661;738
661;739
661;740
661;741
661;742
661;743
661;744
661;745
661;746
661;747
661;748
661;749
661;750
661;751
661;752
661;753
661;754
661;755
661;756
661;757
661;758
661;759
661;760
661;761
661;762
661;763
661;764
661;765
661;766
661;767
661;768
661;769
661;770
661;771
661;772
661;773
661;774
661;775
661;776
661;777
661;778
661;779
661;780
661;781
661;782
661;783
661;784
661;785
661;786
661;787
661;788
661;789
661;790
661;791
661;792
661;793
661;794
661;795
661;796
661;797
661;798
661;799
661;800
661;801
661;802
661;803
661;804
661;805
661;806
661;807
661;808
661;809
661;810
661;811
661;812
661;813
661;814
661;815
661;816
661;817
661;818
661;819
661;820
661;821
661;822
661;823
661;824
661;825
661;826
661;827
661;828
661;829
661;830
661;831
661;832
661;833
661;834
661;835
661;836
661;837
661;838
661;839
661;840
661;841
661;842
661;843
661;844
661;845
661;846
661;847
661;848
661;849
661;850
661;851
661;852
661;853
661;854
661;855
661;856
662;702
662;703
662;704
662;705
662;706
662;707
662;708
662;709
662;710
662;711
662;712
662;713
662;714
662;715
662;716
662;717
662;718
662;719
662;720
662;721
662;722
662;723
662;724
662;725
662;726
662;727
662;728
662;729
662;730
662;731
662;732
662;733
662;734
662;735
662;736
662;737
662;738
662;739
662;740
662;741
662;742
662;743
662;744
662;745
662;746
662;747
662;748
662;749
662;750
662;751
662;752
662;753
662;754
662;755
662;756
662;757
662;758
662;759
662;760
662;761
662;762
662;763
662;764
662;765
662;766
662;767
662;768
662;769
662;770
662;771
662;772
662;773
662;774
662;775
662;776
662;777
662;778
662;779
662;780
662;781
662;782
662;783
662;784
662;785
662;786
662;787
662;788
662;789
662;790
662;791
662;792
662;793
662;794
662;795
662;796
662;797
662;798
662;799
662;800
662;801
662;802
662;803
662;804
662;805
662;806
662;807
662;808
662;809
662;810
662;811
662;812
662;813
662;814
662;815
662;816
662;817
662;818
662;819
662;820
662;821
662;822
662;823
662;824
662;825
662;826
662;827
662;828
662;829
662;830
662;831
662;832
662;833
662;834
662;835
662;836
662;837
662;838
662;839
662;840
662;841
662;842
662;843
662;844
662;845
662;846
662;847
662;848
662;849
662;850
662;851
662;852
662;853
662;854
662;855
662;856
663;701
663;702
663;703
663;704
663;705
663;706
663;707
663;708
663;709
663;710
663;711
663;712
663;713
663;714
663;715
663;716
663;717
663;718
663;719
663;720
663;721
663;722
663;723
663;724
663;725
663;726
663;727
663;728
663;729
663;730
663;731
663;732
663;733
663;734
663;735
663;736
663;737
663;738
663;739
663;740
663;741
663;742
663;743
663;744
663;745
663;746
663;747
663;748
663;749
663;750
663;751
663;752
663;753
663;754
663;755
663;756
663;757
663;758
663;759
663;760
663;761
663;762
663;763
663;764
663;765
663;766
663;767
663;768
663;769
663;770
663;771
663;772
663;773
663;774
663;775
663;776
663;777
663;778
663;779
663;780
663;781
663;782
663;783
663;784
663;785
663;786
663;787
663;788
663;789
663;790
663;791
663;792
663;793
663;794
663;795
663;796
663;797
663;798
663;799
663;800
663;801
663;802
663;803
663;804
663;805
663;806
663;807
663;808
663;809
663;810
663;811
663;812
663;813
663;814
663;815
663;816
663;817
663;818
663;819
663;820
663;821
663;822
663;823
663;824
663;825
663;826
663;827
663;828
663;829
663;830
663;831
663;832
663;833
663;834
663;835
663;836
663;837
663;838
663;839
663;840
663;841
663;842
663;843
663;844
663;845
663;846
663;847
663;848
663;849
663;850
663;851
663;852
663;853
663;854
663;855
663;856
663;857
664;701
664;702
664;703
664;704
664;705
664;706
664;707
664;708
664;709
664;710
664;711
664;712
664;713
664;714
664;715
664;716
664;717
664;718
664;719
664;720
664;721
664;722
664;723
664;724
664;725
664;726
664;727
664;728
664;729
664;730
664;731
664;732
664;733
664;734
664;735
664;736
664;737
664;738
664;739
664;740
664;741
664;742
664;743
664;744
664;745
664;746
664;747
664;748
664;749
664;750
664;751
664;752
664;753
664;754
664;755
664;756
664;757
664;758
664;759
664;760
664;761
664;762
664;763
664;764
664;765
664;766
664;767
664;768
664;769
664;770
664;771
664;772
664;773
664;774
664;775
664;776
664;777
664;778
664;779
664;780
664;781
664;782
664;783
664;784
664;785
664;786
664;787
664;788
664;789
664;790
664;791
664;792
664;793
664;794
664;795
664;796
664;797
664;798
664;799
664;800
664;801
664;802
664;803
664;804
664;805
664;806
664;807
664;808
664;809
664;810
664;811
664;812
664;813
664;814
664;815
664;816
664;817
664;818
664;819
664;820
664;821
664;822
664;823
664;824
664;825
664;826
664;827
664;828
664;829
664;830
664;831
664;832
664;833
664;834
664;835
664;836
664;837
664;838
664;839
664;840
664;841
664;842
664;843
664;844
664;845
664;846
664;847
664;848
664;849
664;850
664;851
664;852
664;853
664;854
664;855
664;856
664;857
665;701
665;702
665;703
665;704
665;705
665;706
665;707
665;708
665;709
665;710
665;711
665;712
665;713
665;714
665;715
665;716
665;717
665;718
665;719
665;720
665;721
665;722
665;723
665;724
665;725
665;726
665;727
665;728
665;729
665;730
665;731
665;732
665;733
665;734
665;735
665;736
665;737
665;738
665;739
665;740
665;741
665;742
665;743
665;744
665;745
665;746
665;747
665;748
665;749
665;750
665;751
665;752
665;753
665;754
665;755
665;756
665;757
665;758
665;759
665;760
665;761
665;762
665;763
665;764
665;765
665;766
665;767
665;768
665;769
665;770
665;771
665;772
665;773
665;774
665;775
665;776
665;777
665;778
665;779
665;780
665;781
665;782
665;783
665;784
665;785
665;786
665;787
665;788
665;789
665;790
665;791
665;792
665;793
665;794
665;795
665;796
665;797
665;798
665;799
665;800
665;801
665;802
665;803
665;804
665;805
665;806
665;807
665;808
665;809
665;810
665;811
665;812
665;813
665;814
665;815
665;816
665;817
665;818
665;819
665;820
665;821
665;822
665;823
665;824
665;825
665;826
665;827
665;828
665;829
665;830
665;831
665;832
665;833
665;834
665;835
665;836
665;837
665;838
665;839
665;840
665;841
665;842
665;843
665;844
665;845
665;846
665;847
665;848
665;849
665;850
665;851
665;852
665;853
665;854
665;855
665;856
665;857
666;701
666;702
666;703
666;704
666;705
666;706
666;707
666;708
666;709
666;710
666;711
666;712
666;713
666;714
666;715
666;716
666;717
666;718
666;719
666;720
666;721
666;722
666;723
666;724
666;725
666;726
666;727
666;728
666;729
666;730
666;731
666;732
666;733
666;734
666;735
666;736
666;737
666;738
666;739
666;740
666;741
666;742
666;743
666;744
666;745
666;746
666;747
666;748
666;749
666;750
666;751
666;752
666;753
666;754
666;755
666;756
666;757
666;758
666;759
666;760
666;761
666;762
666;763
666;764
666;765
666;766
666;767
666;768
666;769
666;770
666;771
666;772
666;773
666;774
666;775
666;776
666;777
666;778
666;779
666;780
666;781
666;782
666;783
666;784
666;785
666;786
666;787
666;788
666;789
666;790
666;791
666;792
666;793
666;794
666;795
666;796
666;797
666;798
666;799
666;800
666;801
666;802
666;803
666;804
666;805
666;806
666;807
666;808
666;809
666;810
666;811
666;812
666;813
666;814
666;815
666;816
666;817
666;818
666;819
666;820
666;821
666;822
666;823
666;824
666;825
666;826
666;827
666;828
666;829
666;830
666;831
666;832
666;833
666;834
666;835
666;836
666;837
666;838
666;839
666;840
666;841
666;842
666;843
666;844
666;845
666;846
666;847
666;848
666;849
666;850
666;851
666;852
666;853
666;854
666;855
666;856
666;857
667;701
667;702
667;703
667;704
667;705
667;706
667;707
667;708
667;709
667;710
667;711
667;712
667;713
667;714
667;715
667;716
667;717
667;718
667;719
667;720
667;721
667;722
667;723
667;724
667;725
667;726
667;727
667;728
667;729
667;730
667;731
667;732
667;733
667;734
667;735
667;736
667;737
667;738
667;739
667;740
667;741
667;742
667;743
667;744
667;745
667;746
667;747
667;748
667;749
667;750
667;751
667;752
667;753
667;754
667;755
667;756
667;757
667;758
667;759
667;760
667;761
667;762
667;763
667;764
667;765
667;766
667;767
667;768
667;769
667;770
667;771
667;772
667;773
667;774
667;775
667;776
667;777
667;778
667;779
667;780
667;781
667;782
667;783
667;784
667;785
667;786
667;787
667;788
667;789
667;790
667;791
667;792
667;793
667;794
667;795
667;796
667;797
667;798
667;799
667;800
667;801
667;802
667;803
667;804
667;805
667;806
667;807
667;808
667;809
667;810
667;811
667;812
667;813
667;814
667;815
667;816
667;817
667;818
667;819
667;820
667;821
667;822
667;823
667;824
667;825
667;826
667;827
667;828
667;829
667;830
667;831
667;832
667;833
667;834
667;835
667;836
667;837
667;838
667;839
667;840
667;841
667;842
667;843
667;844
667;845
667;846
667;847
667;848
667;849
667;850
667;851
667;852
667;853
667;854
667;855
667;856
667;857
668;701
668;702
668;703
668;704
668;705
668;706
668;707
668;708
668;709
668;710
668;711
668;712
668;713
668;714
668;715
668;716
668;717
668;718
668;719
668;720
668;721
668;722
668;723
668;724
668;725
668;726
668;727
668;728
668;729
668;730
668;731
668;732
668;733
668;734
668;735
668;736
668;737
668;738
668;739
668;740
668;741
668;742
668;743
668;744
668;745
668;746
668;747
668;748
668;749
668;750
668;751
668;752
668;753
668;754
668;755
668;756
668;757
668;758
668;759
668;760
668;761
668;762
668;763
668;764
668;765
668;766
668;767
668;768
668;769
668;770
668;771
668;772
668;773
668;774
668;775
668;776
668;777
668;778
668;779
668;780
668;781
668;782
668;783
668;784
668;785
668;786
668;787
668;788
668;789
668;790
668;791
668;792
668;793
668;794
668;795
668;796
668;797
668;798
668;799
668;800
668;801
668;802
668;803
668;804
668;805
668;806
668;807
668;808
668;809
668;810
668;811
668;812
668;813
668;814
668;815
668;816
668;817
668;818
668;819
668;820
668;821
668;822
668;823
668;824
668;825
668;826
668;827
668;828
668;829
668;830
668;831
668;832
668;833
668;834
668;835
668;836
668;837
668;838
668;839
668;840
668;841
668;842
668;843
668;844
668;845
668;846
668;847
668;848
668;849
668;850
668;851
668;852
668;853
668;854
668;855
668;856
668;857
669;701
669;702
669;703
669;704
669;705
669;706
669;707
669;708
669;709
669;710
669;711
669;712
669;713
669;714
669;715
669;716
669;717
669;718
669;719
669;720
669;721
669;722
669;723
669;724
669;725
669;726
669;727
669;728
669;729
669;730
669;731
669;732
669;733
669;734
669;735
669;736
669;737
669;738
669;739
669;740
669;741
669;742
669;743
669;744
669;745
669;746
669;747
669;748
669;749
669;750
669;751
669;752
669;753
669;754
669;755
669;756
669;757
669;758
669;759
669;760
669;761
669;762
669;763
669;764
669;765
669;766
669;767
669;768
669;769
669;770
669;771
669;772
669;773
669;774
669;775
669;776
669;777
669;778
669;779
669;780
669;781
669;782
669;783
669;784
669;785
669;786
669;787
669;788
669;789
669;790
669;791
669;792
669;793
669;794
669;795
669;796
669;797
669;798
669;799
669;800
669;801
669;802
669;803
669;804
669;805
669;806
669;807
669;808
669;809
669;810
669;811
669;812
669;813
669;814
669;815
669;816
669;817
669;818
669;819
669;820
669;821
669;822
669;823
669;824
669;825
669;826
669;827
669;828
669;829
669;830
669;831
669;832
669;833
669;834
669;835
669;836
669;837
669;838
669;839
669;840
669;841
669;842
669;843
669;844
669;845
669;846
669;847
669;848
669;849
669;850
669;851
669;852
669;853
669;854
669;855
669;856
669;857
670;701
670;702
670;703
670;704
670;705
670;706
670;707
670;708
670;709
670;710
670;711
670;712
670;713
670;714
670;715
670;716
670;717
670;718
670;719
670;720
670;721
670;722
670;723
670;724
670;725
670;726
670;727
670;728
670;729
670;730
670;731
670;732
670;733
670;734
670;735
670;736
670;737
670;738
670;739
670;740
670;741
670;742
670;743
670;744
670;745
670;746
670;747
670;748
670;749
670;750
670;751
670;752
670;753
670;754
670;755
670;756
670;757
670;758
670;759
670;760
670;761
670;762
670;763
670;764
670;765
670;766
670;767
670;768
670;769
670;770
670;771
670;772
670;773
670;774
670;775
670;776
670;777
670;778
670;779
670;780
670;781
670;782
670;783
670;784
670;785
670;786
670;787
670;788
670;789
670;790
670;791
670;792
670;793
670;794
670;795
670;796
670;797
670;798
670;799
670;800
670;801
670;802
670;803
670;804
670;805
670;806
670;807
670;808
670;809
670;810
670;811
670;812
670;813
670;814
670;815
670;816
670;817
670;818
670;819
670;820
670;821
670;822
670;823
670;824
670;825
670;826
670;827
670;828
670;829
670;830
670;831
670;832
670;833
670;834
670;835
670;836
670;837
670;838
670;839
670;840
670;841
670;842
670;843
670;844
670;845
670;846
670;847
670;848
670;849
670;850
670;851
670;852
670;853
670;854
670;855
670;856
670;857
671;701
671;702
671;703
671;704
671;705
671;706
671;707
671;708
671;709
671;710
671;711
671;712
671;713
671;714
671;715
671;716
671;717
671;718
671;719
671;720
671;721
671;722
671;723
671;724
671;725
671;726
671;727
671;728
671;729
671;730
671;731
671;732
671;733
671;734
671;735
671;736
671;737
671;738
671;739
671;740
671;741
671;742
671;743
671;744
671;745
671;746
671;747
671;748
671;749
671;750
671;751
671;752
671;753
671;754
671;755
671;756
671;757
671;758
671;759
671;760
671;761
671;762
671;763
671;764
671;765
671;766
671;767
671;768
671;769
671;770
671;771
671;772
671;773
671;774
671;775
671;776
671;777
671;778
671;779
671;780
671;781
671;782
671;783
671;784
671;785
671;786
671;787
671;788
671;789
671;790
671;791
671;792
671;793
671;794
671;795
671;796
671;797
671;798
671;799
671;800
671;801
671;802
671;803
671;804
671;805
671;806
671;807
671;808
671;809
671;810
671;811
671;812
671;813
671;814
671;815
671;816
671;817
671;818
671;819
671;820
671;821
671;822
671;823
671;824
671;825
671;826
671;827
671;828
671;829
671;830
671;831
671;832
671;833
671;834
671;835
671;836
671;837
671;838
671;839
671;840
671;841
671;842
671;843
671;844
671;845
671;846
671;847
671;848
671;849
671;850
671;851
671;852
671;853
671;854
671;855
671;856
671;857
672;701
672;702
672;703
672;704
672;705
672;706
672;707
672;708
672;709
672;710
672;711
672;712
672;713
672;714
672;715
672;716
672;717
672;718
672;719
672;720
672;721
672;722
672;723
672;724
672;725
672;726
672;727
672;728
672;729
672;730
672;731
672;732
672;733
672;734
672;735
672;736
672;737
672;738
672;739
672;740
672;741
672;742
672;743
672;744
672;745
672;746
672;747
672;748
672;749
672;750
672;751
672;752
672;753
672;754
672;755
672;756
672;757
672;758
672;759
672;760
672;761
672;762
672;763
672;764
672;765
672;766
672;767
672;768
672;769
672;770
672;771
672;772
672;773
672;774
672;775
672;776
672;777
672;778
672;779
672;780
672;781
672;782
672;783
672;784
672;785
672;786
672;787
672;788
672;789
672;790
672;791
672;792
672;793
672;794
672;795
672;796
672;797
672;798
672;799
672;800
672;801
672;802
672;803
672;804
672;805
672;806
672;807
672;808
672;809
672;810
672;811
672;812
672;813
672;814
672;815
672;816
672;817
672;818
672;819
672;820
672;821
672;822
672;823
672;824
672;825
672;826
672;827
672;828
672;829
672;830
672;831
672;832
672;833
672;834
672;835
672;836
672;837
672;838
672;839
672;840
672;841
672;842
672;843
672;844
672;845
672;846
672;847
672;848
672;849
672;850
672;851
672;852
672;853
672;854
672;855
672;856
672;857
673;701
673;702
673;703
673;704
673;705
673;706
673;707
673;708
673;709
673;710
673;711
673;712
673;713
673;714
673;715
673;716
673;717
673;718
673;719
673;720
673;721
673;722
673;723
673;724
673;725
673;726
673;727
673;728
673;729
673;730
673;731
673;732
673;733
673;734
673;735
673;736
673;737
673;738
673;739
673;740
673;741
673;742
673;743
673;744
673;745
673;746
673;747
673;748
673;749
673;750
673;751
673;752
673;753
673;754
673;755
673;756
673;757
673;758
673;759
673;760
673;761
673;762
673;763
673;764
673;765
673;766
673;767
673;768
673;769
673;770
673;771
673;772
673;773
673;774
673;775
673;776
673;777
673;778
673;779
673;780
673;781
673;782
673;783
673;784
673;785
673;786
673;787
673;788
673;789
673;790
673;791
673;792
673;793
673;794
673;795
673;796
673;797
673;798
673;799
673;800
673;801
673;802
673;803
673;804
673;805
673;806
673;807
673;808
673;809
673;810
673;811
673;812
673;813
673;814
673;815
673;816
673;817
673;818
673;819
673;820
673;821
673;822
673;823
673;824
673;825
673;826
673;827
673;828
673;829
673;830
673;831
673;832
673;833
673;834
673;835
673;836
673;837
673;838
673;839
673;840
673;841
673;842
673;843
673;844
673;845
673;846
673;847
673;848
673;849
673;850
673;851
673;852
673;853
673;854
673;855
673;856
673;857
674;701
674;702
674;703
674;704
674;705
674;706
674;707
674;708
674;709
674;710
674;711
674;712
674;713
674;714
674;715
674;716
674;717
674;718
674;719
674;720
674;721
674;722
674;723
674;724
674;725
674;726
674;727
674;728
674;729
674;730
674;731
674;732
674;733
674;734
674;735
674;736
674;737
674;738
674;739
674;740
674;741
674;742
674;743
674;744
674;745
674;746
674;747
674;748
674;749
674;750
674;751
674;752
674;753
674;754
674;755
674;756
674;757
674;758
674;759
674;760
674;761
674;762
674;763
674;764
674;765
674;766
674;767
674;768
674;769
674;770
674;771
674;772
674;773
674;774
674;775
674;776
674;777
674;778
674;779
674;780
674;781
674;782
674;783
674;784
674;785
674;786
674;787
674;788
674;789
674;790
674;791
674;792
674;793
674;794
674;795
674;796
674;797
674;798
674;799
674;800
674;801
674;802
674;803
674;804
674;805
674;806
674;807
674;808
674;809
674;810
674;811
674;812
674;813
674;814
674;815
674;816
674;817
674;818
674;819
674;820
674;821
674;822
674;823
674;824
674;825
674;826
674;827
674;828
674;829
674;830
674;831
674;832
674;833
674;834
674;835
674;836
674;837
674;838
674;839
674;840
674;841
674;842
674;843
674;844
674;845
674;846
674;847
674;848
674;849
674;850
674;851
674;852
674;853
674;854
674;855
674;856
674;857
675;701
675;702
675;703
675;704
675;705
675;706
675;707
675;708
675;709
675;710
675;711
675;712
675;713
675;714
675;715
675;716
675;717
675;718
675;719
675;720
675;721
675;722
675;723
675;724
675;725
675;726
675;727
675;728
675;729
675;730
675;731
675;732
675;733
675;734
675;735
675;736
675;737
675;738
675;739
675;740
675;741
675;742
675;743
675;744
675;745
675;746
675;747
675;748
675;749
675;750
675;751
675;752
675;753
675;754
675;755
675;756
675;757
675;758
675;759
675;760
675;761
675;762
675;763
675;764
675;765
675;766
675;767
675;768
675;769
675;770
675;771
675;772
675;773
675;774
675;775
675;776
675;777
675;778
675;779
675;780
675;781
675;782
675;783
675;784
675;785
675;786
675;787
675;788
675;789
675;790
675;791
675;792
675;793
675;794
675;795
675;796
675;797
675;798
675;799
675;800
675;801
675;802
675;803
675;804
675;805
675;806
675;807
675;808
675;809
675;810
675;811
675;812
675;813
675;814
675;815
675;816
675;817
675;818
675;819
675;820
675;821
675;822
675;823
675;824
675;825
675;826
675;827
675;828
675;829
675;830
675;831
675;832
675;833
675;834
675;835
675;836
675;837
675;838
675;839
675;840
675;841
675;842
675;843
675;844
675;845
675;846
675;847
675;848
675;849
675;850
675;851
675;852
675;853
675;854
675;855
675;856
675;857
676;701
676;702
676;703
676;704
676;705
676;706
676;707
676;708
676;709
676;710
676;711
676;712
676;713
676;714
676;715
676;716
676;717
676;718
676;719
676;720
676;721
676;722
676;723
676;724
676;725
676;726
676;727
676;728
676;729
676;730
676;731
676;732
676;733
676;734
676;735
676;736
676;737
676;738
676;739
676;740
676;741
676;742
676;743
676;744
676;745
676;746
676;747
676;748
676;749
676;750
676;751
676;752
676;753
676;754
676;755
676;756
676;757
676;758
676;759
676;760
676;761
676;762
676;763
676;764
676;765
676;766
676;767
676;768
676;769
676;770
676;771
676;772
676;773
676;774
676;775
676;776
676;777
676;778
676;779
676;780
676;781
676;782
676;783
676;784
676;785
676;786
676;787
676;788
676;789
676;790
676;791
676;792
676;793
676;794
676;795
676;796
676;797
676;798
676;799
676;800
676;801
676;802
676;803
676;804
676;805
676;806
676;807
676;808
676;809
676;810
676;811
676;812
676;813
676;814
676;815
676;816
676;817
676;818
676;819
676;820
676;821
676;822
676;823
676;824
676;825
676;826
676;827
676;828
676;829
676;830
676;831
676;832
676;833
676;834
676;835
676;836
676;837
676;838
676;839
676;840
676;841
676;842
676;843
676;844
676;845
676;846
676;847
676;848
676;849
676;850
676;851
676;852
676;853
676;854
676;855
676;856
676;857
677;701
677;702
677;703
677;704
677;705
677;706
677;707
677;708
677;709
677;710
677;711
677;712
677;713
677;714
677;715
677;716
677;717
677;718
677;719
677;720
677;721
677;722
677;723
677;724
677;725
677;726
677;727
677;728
677;729
677;730
677;731
677;732
677;733
677;734
677;735
677;736
677;737
677;738
677;739
677;740
677;741
677;742
677;743
677;744
677;745
677;746
677;747
677;748
677;749
677;750
677;751
677;752
677;753
677;754
677;755
677;756
677;757
677;758
677;759
677;760
677;761
677;762
677;763
677;764
677;765
677;766
677;767
677;768
677;769
677;770
677;771
677;772
677;773
677;774
677;775
677;776
677;777
677;778
677;779
677;780
677;781
677;782
677;783
677;784
677;785
677;786
677;787
677;788
677;789
677;790
677;791
677;792
677;793
677;794
677;795
677;796
677;797
677;798
677;799
677;800
677;801
677;802
677;803
677;804
677;805
677;806
677;807
677;808
677;809
677;810
677;811
677;812
677;813
677;814
677;815
677;816
677;817
677;818
677;819
677;820
677;821
677;822
677;823
677;824
677;825
677;826
677;827
677;828
677;829
677;830
677;831
677;832
677;833
677;834
677;835
677;836
677;837
677;838
677;839
677;840
677;841
677;842
677;843
677;844
677;845
677;846
677;847
677;848
677;849
677;850
677;851
677;852
677;853
677;854
677;855
677;856
677;857
678;701
678;702
678;703
678;704
678;705
678;706
678;707
678;708
678;709
678;710
678;711
678;712
678;713
678;714
678;715
678;716
678;717
678;718
678;719
678;720
678;721
678;722
678;723
678;724
678;725
678;726
678;727
678;728
678;729
678;730
678;731
678;732
678;733
678;734
678;735
678;736
678;737
678;738
678;739
678;740
678;741
678;742
678;743
678;744
678;745
678;746
678;747
678;748
678;749
678;750
678;751
678;752
678;753
678;754
678;755
678;756
678;757
678;758
678;759
678;760
678;761
678;762
678;763
678;764
678;765
678;766
678;767
678;768
678;769
678;770
678;771
678;772
678;773
678;774
678;775
678;776
678;777
678;778
678;779
678;780
678;781
678;782
678;783
678;784
678;785
678;786
678;787
678;788
678;789
678;790
678;791
678;792
678;793
678;794
678;795
678;796
678;797
678;798
678;799
678;800
678;801
678;802
678;803
678;804
678;805
678;806
678;807
678;808
678;809
678;810
678;811
678;812
678;813
678;814
678;815
678;816
678;817
678;818
678;819
678;820
678;821
678;822
678;823
678;824
678;825
678;826
678;827
678;828
678;829
678;830
678;831
678;832
678;833
678;834
678;835
678;836
678;837
678;838
678;839
678;840
678;841
678;842
678;843
678;844
678;845
678;846
678;847
678;848
678;849
678;850
678;851
678;852
678;853
678;854
678;855
678;856
678;857
679;701
679;702
679;703
679;704
679;705
679;706
679;707
679;708
679;709
679;710
679;711
679;712
679;713
679;714
679;715
679;716
679;717
679;718
679;719
679;720
679;721
679;722
679;723
679;724
679;725
679;726
679;727
679;728
679;729
679;730
679;731
679;732
679;733
679;734
679;735
679;736
679;737
679;738
679;739
679;740
679;741
679;742
679;743
679;744
679;745
679;746
679;747
679;748
679;749
679;750
679;751
679;752
679;753
679;754
679;755
679;756
679;757
679;758
679;759
679;760
679;761
679;762
679;763
679;764
679;765
679;766
679;767
679;768
679;769
679;770
679;771
679;772
679;773
679;774
679;775
679;776
679;777
679;778
679;779
679;780
679;781
679;782
679;783
679;784
679;785
679;786
679;787
679;788
679;789
679;790
679;791
679;792
679;793
679;794
679;795
679;796
679;797
679;798
679;799
679;800
679;801
679;802
679;803
679;804
679;805
679;806
679;807
679;808
679;809
679;810
679;811
679;812
679;813
679;814
679;815
679;816
679;817
679;818
679;819
679;820
679;821
679;822
679;823
679;824
679;825
679;826
679;827
679;828
679;829
679;830
679;831
679;832
679;833
679;834
679;835
679;836
679;837
679;838
679;839
679;840
679;841
679;842
679;843
679;844
679;845
679;846
679;847
679;848
679;849
679;850
679;851
679;852
679;853
679;854
679;855
679;856
679;857
680;701
680;702
680;703
680;704
680;705
680;706
680;707
680;708
680;709
680;710
680;711
680;712
680;713
680;714
680;715
680;716
680;717
680;718
680;719
680;720
680;721
680;722
680;723
680;724
680;725
680;726
680;727
680;728
680;729
680;730
680;731
680;732
680;733
680;734
680;735
680;736
680;737
680;738
680;739
680;740
680;741
680;742
680;743
680;744
680;745
680;746
680;747
680;748
680;749
680;750
680;751
680;752
680;753
680;754
680;755
680;756
680;757
680;758
680;759
680;760
680;761
680;762
680;763
680;764
680;765
680;766
680;767
680;768
680;769
680;770
680;771
680;772
680;773
680;774
680;775
680;776
680;777
680;778
680;779
680;780
680;781
680;782
680;783
680;784
680;785
680;786
680;787
680;788
680;789
680;790
680;791
680;792
680;793
680;794
680;795
680;796
680;797
680;798
680;799
680;800
680;801
680;802
680;803
680;804
680;805
680;806
680;807
680;808
680;809
680;810
680;811
680;812
680;813
680;814
680;815
680;816
680;817
680;818
680;819
680;820
680;821
680;822
680;823
680;824
680;825
680;826
680;827
680;828
680;829
680;830
680;831
680;832
680;833
680;834
680;835
680;836
680;837
680;838
680;839
680;840
680;841
680;842
680;843
680;844
680;845
680;846
680;847
680;848
680;849
680;850
680;851
680;852
680;853
680;854
680;855
680;856
680;857
681;701
681;702
681;703
681;704
681;705
681;706
681;707
681;708
681;709
681;710
681;711
681;712
681;713
681;714
681;715
681;716
681;717
681;718
681;719
681;720
681;721
681;722
681;723
681;724
681;725
681;726
681;727
681;728
681;729
681;730
681;731
681;732
681;733
681;734
681;735
681;736
681;737
681;738
681;739
681;740
681;741
681;742
681;743
681;744
681;745
681;746
681;747
681;748
681;749
681;750
681;751
681;752
681;753
681;754
681;755
681;756
681;757
681;758
681;759
681;760
681;761
681;762
681;763
681;764
681;765
681;766
681;767
681;768
681;769
681;770
681;771
681;772
681;773
681;774
681;775
681;776
681;777
681;778
681;779
681;780
681;781
681;782
681;783
681;784
681;785
681;786
681;787
681;788
681;789
681;790
681;791
681;792
681;793
681;794
681;795
681;796
681;797
681;798
681;799
681;800
681;801
681;802
681;803
681;804
681;805
681;806
681;807
681;808
681;809
681;810
681;811
681;812
681;813
681;814
681;815
681;816
681;817
681;818
681;819
681;820
681;821
681;822
681;823
681;824
681;825
681;826
681;827
681;828
681;829
681;830
681;831
681;832
681;833
681;834
681;835
681;836
681;837
681;838
681;839
681;840
681;841
681;842
681;843
681;844
681;845
681;846
681;847
681;848
681;849
681;850
681;851
681;852
681;853
681;854
681;855
681;856
681;857
682;701
682;702
682;703
682;704
682;705
682;706
682;707
682;708
682;709
682;710
682;711
682;712
682;713
682;714
682;715
682;716
682;717
682;718
682;719
682;720
682;721
682;722
682;723
682;724
682;725
682;726
682;727
682;728
682;729
682;730
682;731
682;732
682;733
682;734
682;735
682;736
682;737
682;738
682;739
682;740
682;741
682;742
682;743
682;744
682;745
682;746
682;747
682;748
682;749
682;750
682;751
682;752
682;753
682;754
682;755
682;756
682;757
682;758
682;759
682;760
682;761
682;762
682;763
682;764
682;765
682;766
682;767
682;768
682;769
682;770
682;771
682;772
682;773
682;774
682;775
682;776
682;777
682;778
682;779
682;780
682;781
682;782
682;783
682;784
682;785
682;786
682;787
682;788
682;789
682;790
682;791
682;792
682;793
682;794
682;795
682;796
682;797
682;798
682;799
682;800
682;801
682;802
682;803
682;804
682;805
682;806
682;807
682;808
682;809
682;810
682;811
682;812
682;813
682;814
682;815
682;816
682;817
682;818
682;819
682;820
682;821
682;822
682;823
682;824
682;825
682;826
682;827
682;828
682;829
682;830
682;831
682;832
682;833
682;834
682;835
682;836
682;837
682;838
682;839
682;840
682;841
682;842
682;843
682;844
682;845
682;846
682;847
682;848
682;849
682;850
682;851
682;852
682;853
682;854
682;855
682;856
682;857
683;701
683;702
683;703
683;704
683;705
683;706
683;707
683;708
683;709
683;710
683;711
683;712
683;713
683;714
683;715
683;716
683;717
683;718
683;719
683;720
683;721
683;722
683;723
683;724
683;725
683;726
683;727
683;728
683;729
683;730
683;731
683;732
683;733
683;734
683;735
683;736
683;737
683;738
683;739
683;740
683;741
683;742
683;743
683;744
683;745
683;746
683;747
683;748
683;749
683;750
683;751
683;752
683;753
683;754
683;755
683;756
683;757
683;758
683;759
683;760
683;761
683;762
683;763
683;764
683;765
683;766
683;767
683;768
683;769
683;770
683;771
683;772
683;773
683;774
683;775
683;776
683;777
683;778
683;779
683;780
683;781
683;782
683;783
683;784
683;785
683;786
683;787
683;788
683;789
683;790
683;791
683;792
683;793
683;794
683;795
683;796
683;797
683;798
683;799
683;800
683;801
683;802
683;803
683;804
683;805
683;806
683;807
683;808
683;809
683;810
683;811
683;812
683;813
683;814
683;815
683;816
683;817
683;818
683;819
683;820
683;821
683;822
683;823
683;824
683;825
683;826
683;827
683;828
683;829
683;830
683;831
683;832
683;833
683;834
683;835
683;836
683;837
683;838
683;839
683;840
683;841
683;842
683;843
683;844
683;845
683;846
683;847
683;848
683;849
683;850
683;851
683;852
683;853
683;854
683;855
683;856
683;857
684;702
684;703
684;704
684;705
684;706
684;707
684;708
684;709
684;710
684;711
684;712
684;713
684;714
684;715
684;716
684;717
684;718
684;719
684;720
684;721
684;722
684;723
684;724
684;725
684;726
684;727
684;728
684;729
684;730
684;731
684;732
684;733
684;734
684;735
684;736
684;737
684;738
684;739
684;740
684;741
684;742
684;743
684;744
684;745
684;746
684;747
684;748
684;749
684;750
684;751
684;752
684;753
684;754
684;755
684;756
684;757
684;758
684;759
684;760
684;761
684;762
684;763
684;764
684;765
684;766
684;767
684;768
684;769
684;770
684;771
684;772
684;773
684;774
684;775
684;776
684;777
684;778
684;779
684;780
684;781
684;782
684;783
684;784
684;785
684;786
684;787
684;788
684;789
684;790
684;791
684;792
684;793
684;794
684;795
684;796
684;797
684;798
684;799
684;800
684;801
684;802
684;803
684;804
684;805
684;806
684;807
684;808
684;809
684;810
684;811
684;812
684;813
684;814
684;815
684;816
684;817
684;818
684;819
684;820
684;821
684;822
684;823
684;824
684;825
684;826
684;827
684;828
684;829
684;830
684;831
684;832
684;833
684;834
684;835
684;836
684;837
684;838
684;839
684;840
684;841
684;842
684;843
684;844
684;845
684;846
684;847
684;848
684;849
684;850
684;851
684;852
684;853
684;854
684;855
684;856
685;702
685;703
685;704
685;705
685;706
685;707
685;708
685;709
685;710
685;711
685;712
685;713
685;714
685;715
685;716
685;717
685;718
685;719
685;720
685;721
685;722
685;723
685;724
685;725
685;726
685;727
685;728
685;729
685;730
685;731
685;732
685;733
685;734
685;735
685;736
685;737
685;738
685;739
685;740
685;741
685;742
685;743
685;744
685;745
685;746
685;747
685;748
685;749
685;750
685;751
685;752
685;753
685;754
685;755
685;756
685;757
685;758
685;759
685;760
685;761
685;762
685;763
685;764
685;765
685;766
685;767
685;768
685;769
685;770
685;771
685;772
685;773
685;774
685;775
685;776
685;777
685;778
685;779
685;780
685;781
685;782
685;783
685;784
685;785
685;786
685;787
685;788
685;789
685;790
685;791
685;792
685;793
685;794
685;795
685;796
685;797
685;798
685;799
685;800
685;801
685;802
685;803
685;804
685;805
685;806
685;807
685;808
685;809
685;810
685;811
685;812
685;813
685;814
685;815
685;816
685;817
685;818
685;819
685;820
685;821
685;822
685;823
685;824
685;825
685;826
685;827
685;828
685;829
685;830
685;831
685;832
685;833
685;834
685;835
685;836
685;837
685;838
685;839
685;840
685;841
685;842
685;843
685;844
685;845
685;846
685;847
685;848
685;849
685;850
685;851
685;852
685;853
685;854
685;855
685;856
686;702
686;703
686;704
686;705
686;706
686;707
686;708
686;709
686;710
686;711
686;712
686;713
686;714
686;715
686;716
686;717
686;718
686;719
686;720
686;721
686;722
686;723
686;724
686;725
686;726
686;727
686;728
686;729
686;730
686;731
686;732
686;733
686;734
686;735
686;736
686;737
686;738
686;739
686;740
686;741
686;742
686;743
686;744
686;745
686;746
686;747
686;748
686;749
686;750
686;751
686;752
686;753
686;754
686;755
686;756
686;757
686;758
686;759
686;760
686;761
686;762
686;763
686;764
686;765
686;766
686;767
686;768
686;769
686;770
686;771
686;772
686;773
686;774
686;775
686;776
686;777
686;778
686;779
686;780
686;781
686;782
686;783
686;784
686;785
686;786
686;787
686;788
686;789
686;790
686;791
686;792
686;793
686;794
686;795
686;796
686;797
686;798
686;799
686;800
686;801
686;802
686;803
686;804
686;805
686;806
686;807
686;808
686;809
686;810
686;811
686;812
686;813
686;814
686;815
686;816
686;817
686;818
686;819
686;820
686;821
686;822
686;823
686;824
686;825
686;826
686;827
686;828
686;829
686;830
686;831
686;832
686;833
686;834
686;835
686;836
686;837
686;838
686;839
686;840
686;841
686;842
686;843
686;844
686;845
686;846
686;847
686;848
686;849
686;850
686;851
686;852
686;853
686;854
686;855
686;856
687;702
687;703
687;704
687;705
687;706
687;707
687;708
687;709
687;710
687;711
687;712
687;713
687;714
687;715
687;716
687;717
687;718
687;719
687;720
687;721
687;722
687;723
687;724
687;725
687;726
687;727
687;728
687;729
687;730
687;731
687;732
687;733
687;734
687;735
687;736
687;737
687;738
687;739
687;740
687;741
687;742
687;743
687;744
687;745
687;746
687;747
687;748
687;749
687;750
687;751
687;752
687;753
687;754
687;755
687;756
687;757
687;758
687;759
687;760
687;761
687;762
687;763
687;764
687;765
687;766
687;767
687;768
687;769
687;770
687;771
687;772
687;773
687;774
687;775
687;776
687;777
687;778
687;779
687;780
687;781
687;782
687;783
687;784
687;785
687;786
687;787
687;788
687;789
687;790
687;791
687;792
687;793
687;794
687;795
687;796
687;797
687;798
687;799
687;800
687;801
687;802
687;803
687;804
687;805
687;806
687;807
687;808
687;809
687;810
687;811
687;812
687;813
687;814
687;815
687;816
687;817
687;818
687;819
687;820
687;821
687;822
687;823
687;824
687;825
687;826
687;827
687;828
687;829
687;830
687;831
687;832
687;833
687;834
687;835
687;836
687;837
687;838
687;839
687;840
687;841
687;842
687;843
687;844
687;845
687;846
687;847
687;848
687;849
687;850
687;851
687;852
687;853
687;854
687;855
687;856
688;702
688;703
688;704
688;705
688;706
688;707
688;708
688;709
688;710
688;711
688;712
688;713
688;714
688;715
688;716
688;717
688;718
688;719
688;720
688;721
688;722
688;723
688;724
688;725
688;726
688;727
688;728
688;729
688;730
688;731
688;732
688;733
688;734
688;735
688;736
688;737
688;738
688;739
688;740
688;741
688;742
688;743
688;744
688;745
688;746
688;747
688;748
688;749
688;750
688;751
688;752
688;753
688;754
688;755
688;756
688;757
688;758
688;759
688;760
688;761
688;762
688;763
688;764
688;765
688;766
688;767
688;768
688;769
688;770
688;771
688;772
688;773
688;774
688;775
688;776
688;777
688;778
688;779
688;780
688;781
688;782
688;783
688;784
688;785
688;786
688;787
688;788
688;789
688;790
688;791
688;792
688;793
688;794
688;795
688;796
688;797
688;798
688;799
688;800
688;801
688;802
688;803
688;804
688;805
688;806
688;807
688;808
688;809
688;810
688;811
688;812
688;813
688;814
688;815
688;816
688;817
688;818
688;819
688;820
688;821
688;822
688;823
688;824
688;825
688;826
688;827
688;828
688;829
688;830
688;831
688;832
688;833
688;834
688;835
688;836
688;837
688;838
688;839
688;840
688;841
688;842
688;843
688;844
688;845
688;846
688;847
688;848
688;849
688;850
688;851
688;852
688;853
688;854
688;855
688;856
689;703
689;704
689;705
689;706
689;707
689;708
689;709
689;710
689;711
689;712
689;713
689;714
689;715
689;716
689;717
689;718
689;719
689;720
689;721
689;722
689;723
689;724
689;725
689;726
689;727
689;728
689;729
689;730
689;731
689;732
689;733
689;734
689;735
689;736
689;737
689;738
689;739
689;740
689;741
689;742
689;743
689;744
689;745
689;746
689;747
689;748
689;749
689;750
689;751
689;752
689;753
689;754
689;755
689;756
689;757
689;758
689;759
689;760
689;761
689;762
689;763
689;764
689;765
689;766
689;767
689;768
689;769
689;770
689;771
689;772
689;773
689;774
689;775
689;776
689;777
689;778
689;779
689;780
689;781
689;782
689;783
689;784
689;785
689;786
689;787
689;788
689;789
689;790
689;791
689;792
689;793
689;794
689;795
689;796
689;797
689;798
689;799
689;800
689;801
689;802
689;803
689;804
689;805
689;806
689;807
689;808
689;809
689;810
689;811
689;812
689;813
689;814
689;815
689;816
689;817
689;818
689;819
689;820
689;821
689;822
689;823
689;824
689;825
689;826
689;827
689;828
689;829
689;830
689;831
689;832
689;833
689;834
689;835
689;836
689;837
689;838
689;839
689;840
689;841
689;842
689;843
689;844
689;845
689;846
689;847
689;848
689;849
689;850
689;851
689;852
689;853
689;854
689;855
690;703
690;704
690;705
690;706
690;707
690;708
690;709
690;710
690;711
690;712
690;713
690;714
690;715
690;716
690;717
690;718
690;719
690;720
690;721
690;722
690;723
690;724
690;725
690;726
690;727
690;728
690;729
690;730
690;731
690;732
690;733
690;734
690;735
690;736
690;737
690;738
690;739
690;740
690;741
690;742
690;743
690;744
690;745
690;746
690;747
690;748
690;749
690;750
690;751
690;752
690;753
690;754
690;755
690;756
690;757
690;758
690;759
690;760
690;761
690;762
690;763
690;764
690;765
690;766
690;767
690;768
690;769
690;770
690;771
690;772
690;773
690;774
690;775
690;776
690;777
690;778
690;779
690;780
690;781
690;782
690;783
690;784
690;785
690;786
690;787
690;788
690;789
690;790
690;791
690;792
690;793
690;794
690;795
690;796
690;797
690;798
690;799
690;800
690;801
690;802
690;803
690;804
690;805
690;806
690;807
690;808
690;809
690;810
690;811
690;812
690;813
690;814
690;815
690;816
690;817
690;818
690;819
690;820
690;821
690;822
690;823
690;824
690;825
690;826
690;827
690;828
690;829
690;830
690;831
690;832
690;833
690;834
690;835
690;836
690;837
690;838
690;839
690;840
690;841
690;842
690;843
690;844
690;845
690;846
690;847
690;848
690;849
690;850
690;851
690;852
690;853
690;854
690;855
691;703
691;704
691;705
691;706
691;707
691;708
691;709
691;710
691;711
691;712
691;713
691;714
691;715
691;716
691;717
691;718
691;719
691;720
691;721
691;722
691;723
691;724
691;725
691;726
691;727
691;728
691;729
691;730
691;731
691;732
691;733
691;734
691;735
691;736
691;737
691;738
691;739
691;740
691;741
691;742
691;743
691;744
691;745
691;746
691;747
691;748
691;749
691;750
691;751
691;752
691;753
691;754
691;755
691;756
691;757
691;758
691;759
691;760
691;761
691;762
691;763
691;764
691;765
691;766
691;767
691;768
691;769
691;770
691;771
691;772
691;773
691;774
691;775
691;776
691;777
691;778
691;779
691;780
691;781
691;782
691;783
691;784
691;785
691;786
691;787
691;788
691;789
691;790
691;791
691;792
691;793
691;794
691;795
691;796
691;797
691;798
691;799
691;800
691;801
691;802
691;803
691;804
691;805
691;806
691;807
691;808
691;809
691;810
691;811
691;812
691;813
691;814
691;815
691;816
691;817
691;818
691;819
691;820
691;821
691;822
691;823
691;824
691;825
691;826
691;827
691;828
691;829
691;830
691;831
691;832
691;833
691;834
691;835
691;836
691;837
691;838
691;839
691;840
691;841
691;842
691;843
691;844
691;845
691;846
691;847
691;848
691;849
691;850
691;851
691;852
691;853
691;854
691;855
692;704
692;705
692;706
692;707
692;708
692;709
692;710
692;711
692;712
692;713
692;714
692;715
692;716
692;717
692;718
692;719
692;720
692;721
692;722
692;723
692;724
692;725
692;726
692;727
692;728
692;729
692;730
692;731
692;732
692;733
692;734
692;735
692;736
692;737
692;738
692;739
692;740
692;741
692;742
692;743
692;744
692;745
692;746
692;747
692;748
692;749
692;750
692;751
692;752
692;753
692;754
692;755
692;756
692;757
692;758
692;759
692;760
692;761
692;762
692;763
692;764
692;765
692;766
692;767
692;768
692;769
692;770
692;771
692;772
692;773
692;774
692;775
692;776
692;777
692;778
692;779
692;780
692;781
692;782
692;783
692;784
692;785
692;786
692;787
692;788
692;789
692;790
692;791
692;792
692;793
692;794
692;795
692;796
692;797
692;798
692;799
692;800
692;801
692;802
692;803
692;804
692;805
692;806
692;807
692;808
692;809
692;810
692;811
692;812
692;813
692;814
692;815
692;816
692;817
692;818
692;819
692;820
692;821
692;822
692;823
692;824
692;825
692;826
692;827
692;828
692;829
692;830
692;831
692;832
692;833
692;834
692;835
692;836
692;837
692;838
692;839
692;840
692;841
692;842
692;843
692;844
692;845
692;846
692;847
692;848
692;849
692;850
692;851
692;852
692;853
692;854
693;704
693;705
693;706
693;707
693;708
693;709
693;710
693;711
693;712
693;713
693;714
693;715
693;716
693;717
693;718
693;719
693;720
693;721
693;722
693;723
693;724
693;725
693;726
693;727
693;728
693;729
693;730
693;731
693;732
693;733
693;734
693;735
693;736
693;737
693;738
693;739
693;740
693;741
693;742
693;743
693;744
693;745
693;746
693;747
693;748
693;749
693;750
693;751
693;752
693;753
693;754
693;755
693;756
693;757
693;758
693;759
693;760
693;761
693;762
693;763
693;764
693;765
693;766
693;767
693;768
693;769
693;770
693;771
693;772
693;773
693;774
693;775
693;776
693;777
693;778
693;779
693;780
693;781
693;782
693;783
693;784
693;785
693;786
693;787
693;788
693;789
693;790
693;791
693;792
693;793
693;794
693;795
693;796
693;797
693;798
693;799
693;800
693;801
693;802
693;803
693;804
693;805
693;806
693;807
693;808
693;809
693;810
693;811
693;812
693;813
693;814
693;815
693;816
693;817
693;818
693;819
693;820
693;821
693;822
693;823
693;824
693;825
693;826
693;827
693;828
693;829
693;830
693;831
693;832
693;833
693;834
693;835
693;836
693;837
693;838
693;839
693;840
693;841
693;842
693;843
693;844
693;845
693;846
693;847
693;848
693;849
693;850
693;851
693;852
693;853
693;854
694;704
694;705
694;706
694;707
694;708
694;709
694;710
694;711
694;712
694;713
694;714
694;715
694;716
694;717
694;718
694;719
694;720
694;721
694;722
694;723
694;724
694;725
694;726
694;727
694;728
694;729
694;730
694;731
694;732
694;733
694;734
694;735
694;736
694;737
694;738
694;739
694;740
694;741
694;742
694;743
694;744
694;745
694;746
694;747
694;748
694;749
694;750
694;751
694;752
694;753
694;754
694;755
694;756
694;757
694;758
694;759
694;760
694;761
694;762
694;763
694;764
694;765
694;766
694;767
694;768
694;769
694;770
694;771
694;772
694;773
694;774
694;775
694;776
694;777
694;778
694;779
694;780
694;781
694;782
694;783
694;784
694;785
694;786
694;787
694;788
694;789
694;790
694;791
694;792
694;793
694;794
694;795
694;796
694;797
694;798
694;799
694;800
694;801
694;802
694;803
694;804
694;805
694;806
694;807
694;808
694;809
694;810
694;811
694;812
694;813
694;814
694;815
694;816
694;817
694;818
694;819
694;820
694;821
694;822
694;823
694;824
694;825
694;826
694;827
694;828
694;829
694;830
694;831
694;832
694;833
694;834
694;835
694;836
694;837
694;838
694;839
694;840
694;841
694;842
694;843
694;844
694;845
694;846
694;847
694;848
694;849
694;850
694;851
694;852
694;853
694;854
695;705
695;706
695;707
695;708
695;709
695;710
695;711
695;712
695;713
695;714
695;715
695;716
695;717
695;718
695;719
695;720
695;721
695;722
695;723
695;724
695;725
695;726
695;727
695;728
695;729
695;730
695;731
695;732
695;733
695;734
695;735
695;736
695;737
695;738
695;739
695;740
695;741
695;742
695;743
695;744
695;745
695;746
695;747
695;748
695;749
695;750
695;751
695;752
695;753
695;754
695;755
695;756
695;757
695;758
695;759
695;760
695;761
695;762
695;763
695;764
695;765
695;766
695;767
695;768
695;769
695;770
695;771
695;772
695;773
695;774
695;775
695;776
695;777
695;778
695;779
695;780
695;781
695;782
695;783
695;784
695;785
695;786
695;787
695;788
695;789
695;790
695;791
695;792
695;793
695;794
695;795
695;796
695;797
695;798
695;799
695;800
695;801
695;802
695;803
695;804
695;805
695;806
695;807
695;808
695;809
695;810
695;811
695;812
695;813
695;814
695;815
695;816
695;817
695;818
695;819
695;820
695;821
695;822
695;823
695;824
695;825
695;826
695;827
695;828
695;829
695;830
695;831
695;832
695;833
695;834
695;835
695;836
695;837
695;838
695;839
695;840
695;841
695;842
695;843
695;844
695;845
695;846
695;847
695;848
695;849
695;850
695;851
695;852
695;853
696;705
696;706
696;707
696;708
696;709
696;710
696;711
696;712
696;713
696;714
696;715
696;716
696;717
696;718
696;719
696;720
696;721
696;722
696;723
696;724
696;725
696;726
696;727
696;728
696;729
696;730
696;731
696;732
696;733
696;734
696;735
696;736
696;737
696;738
696;739
696;740
696;741
696;742
696;743
696;744
696;745
696;746
696;747
696;748
696;749
696;750
696;751
696;752
696;753
696;754
696;755
696;756
696;757
696;758
696;759
696;760
696;761
696;762
696;763
696;764
696;765
696;766
696;767
696;768
696;769
696;770
696;771
696;772
696;773
696;774
696;775
696;776
696;777
696;778
696;779
696;780
696;781
696;782
696;783
696;784
696;785
696;786
696;787
696;788
696;789
696;790
696;791
696;792
696;793
696;794
696;795
696;796
696;797
696;798
696;799
696;800
696;801
696;802
696;803
696;804
696;805
696;806
696;807
696;808
696;809
696;810
696;811
696;812
696;813
696;814
696;815
696;816
696;817
696;818
696;819
696;820
696;821
696;822
696;823
696;824
696;825
696;826
696;827
696;828
696;829
696;830
696;831
696;832
696;833
696;834
696;835
696;836
696;837
696;838
696;839
696;840
696;841
696;842
696;843
696;844
696;845
696;846
696;847
696;848
696;849
696;850
696;851
696;852
696;853
697;706
697;707
697;708
697;709
697;710
697;711
697;712
697;713
697;714
697;715
697;716
697;717
697;718
697;719
697;720
697;721
697;722
697;723
697;724
697;725
697;726
697;727
697;728
697;729
697;730
697;731
697;732
697;733
697;734
697;735
697;736
697;737
697;738
697;739
697;740
697;741
697;742
697;743
697;744
697;745
697;746
697;747
697;748
697;749
697;750
697;751
697;752
697;753
697;754
697;755
697;756
697;757
697;758
697;759
697;760
697;761
697;762
697;763
697;764
697;765
697;766
697;767
697;768
697;769
697;770
697;771
697;772
697;773
697;774
697;775
697;776
697;777
697;778
697;779
697;780
697;781
697;782
697;783
697;784
697;785
697;786
697;787
697;788
697;789
697;790
697;791
697;792
697;793
697;794
697;795
697;796
697;797
697;798
697;799
697;800
697;801
697;802
697;803
697;804
697;805
697;806
697;807
697;808
697;809
697;810
697;811
697;812
697;813
697;814
697;815
697;816
697;817
697;818
697;819
697;820
697;821
697;822
697;823
697;824
697;825
697;826
697;827
697;828
697;829
697;830
697;831
697;832
697;833
697;834
697;835
697;836
697;837
697;838
697;839
697;840
697;841
697;842
697;843
697;844
697;845
697;846
697;847
697;848
697;849
697;850
697;851
697;852
698;706
698;707
698;708
698;709
698;710
698;711
698;712
698;713
698;714
698;715
698;716
698;717
698;718
698;719
698;720
698;721
698;722
698;723
698;724
698;725
698;726
698;727
698;728
698;729
698;730
698;731
698;732
698;733
698;734
698;735
698;736
698;737
698;738
698;739
698;740
698;741
698;742
698;743
698;744
698;745
698;746
698;747
698;748
698;749
698;750
698;751
698;752
698;753
698;754
698;755
698;756
698;757
698;758
698;759
698;760
698;761
698;762
698;763
698;764
698;765
698;766
698;767
698;768
698;769
698;770
698;771
698;772
698;773
698;774
698;775
698;776
698;777
698;778
698;779
698;780
698;781
698;782
698;783
698;784
698;785
698;786
698;787
698;788
698;789
698;790
698;791
698;792
698;793
698;794
698;795
698;796
698;797
698;798
698;799
698;800
698;801
698;802
698;803
698;804
698;805
698;806
698;807
698;808
698;809
698;810
698;811
698;812
698;813
698;814
698;815
698;816
698;817
698;818
698;819
698;820
698;821
698;822
698;823
698;824
698;825
698;826
698;827
698;828
698;829
698;830
698;831
698;832
698;833
698;834
698;835
698;836
698;837
698;838
698;839
698;840
698;841
698;842
698;843
698;844
698;845
698;846
698;847
698;848
698;849
698;850
698;851
698;852
699;706
699;707
699;708
699;709
699;710
699;711
699;712
699;713
699;714
699;715
699;716
699;717
699;718
699;719
699;720
699;721
699;722
699;723
699;724
699;725
699;726
699;727
699;728
699;729
699;730
699;731
699;732
699;733
699;734
699;735
699;736
699;737
699;738
699;739
699;740
699;741
699;742
699;743
699;744
699;745
699;746
699;747
699;748
699;749
699;750
699;751
699;752
699;753
699;754
699;755
699;756
699;757
699;758
699;759
699;760
699;761
699;762
699;763
699;764
699;765
699;766
699;767
699;768
699;769
699;770
699;771
699;772
699;773
699;774
699;775
699;776
699;777
699;778
699;779
699;780
699;781
699;782
699;783
699;784
699;785
699;786
699;787
699;788
699;789
699;790
699;791
699;792
699;793
699;794
699;795
699;796
699;797
699;798
699;799
699;800
699;801
699;802
699;803
699;804
699;805
699;806
699;807
699;808
699;809
699;810
699;811
699;812
699;813
699;814
699;815
699;816
699;817
699;818
699;819
699;820
699;821
699;822
699;823
699;824
699;825
699;826
699;827
699;828
699;829
699;830
699;831
699;832
699;833
699;834
699;835
699;836
699;837
699;838
699;839
699;840
699;841
699;842
699;843
699;844
699;845
699;846
699;847
699;848
699;849
699;850
699;851
699;852
700;707
700;708
700;709
700;710
700;711
700;712
700;713
700;714
700;715
700;716
700;717
700;718
700;719
700;720
700;721
700;722
700;723
700;724
700;725
700;726
700;727
700;728
700;729
700;730
700;731
700;732
700;733
700;734
700;735
700;736
700;737
700;738
700;739
700;740
700;741
700;742
700;743
700;744
700;745
700;746
700;747
700;748
700;749
700;750
700;751
700;752
700;753
700;754
700;755
700;756
700;757
700;758
700;759
700;760
700;761
700;762
700;763
700;764
700;765
700;766
700;767
700;768
700;769
700;770
700;771
700;772
700;773
700;774
700;775
700;776
700;777
700;778
700;779
700;780
700;781
700;782
700;783
700;784
700;785
700;786
700;787
700;788
700;789
700;790
700;791
700;792
700;793
700;794
700;795
700;796
700;797
700;798
700;799
700;800
700;801
700;802
700;803
700;804
700;805
700;806
700;807
700;808
700;809
700;810
700;811
700;812
700;813
700;814
700;815
700;816
700;817
700;818
700;819
700;820
700;821
700;822
700;823
700;824
700;825
700;826
700;827
700;828
700;829
700;830
700;831
700;832
700;833
700;834
700;835
700;836
700;837
700;838
700;839
700;840
700;841
700;842
700;843
700;844
700;845
700;846
700;847
700;848
700;849
700;850
700;851
701;707
701;708
701;709
701;710
701;711
701;712
701;713
701;714
701;715
701;716
701;717
701;718
701;719
701;720
701;721
701;722
701;723
701;724
701;725
701;726
701;727
701;728
701;729
701;730
701;731
701;732
701;733
701;734
701;735
701;736
701;737
701;738
701;739
701;740
701;741
701;742
701;743
701;744
701;745
701;746
701;747
701;748
701;749
701;750
701;751
701;752
701;753
701;754
701;755
701;756
701;757
701;758
701;759
701;760
701;761
701;762
701;763
701;764
701;765
701;766
701;767
701;768
701;769
701;770
701;771
701;772
701;773
701;774
701;775
701;776
701;777
701;778
701;779
701;780
701;781
701;782
701;783
701;784
701;785
701;786
701;787
701;788
701;789
701;790
701;791
701;792
701;793
701;794
701;795
701;796
701;797
701;798
701;799
701;800
701;801
701;802
701;803
701;804
701;805
701;806
701;807
701;808
701;809
701;810
701;811
701;812
701;813
701;814
701;815
701;816
701;817
701;818
701;819
701;820
701;821
701;822
701;823
701;824
701;825
701;826
701;827
701;828
701;829
701;830
701;831
701;832
701;833
701;834
701;835
701;836
701;837
701;838
701;839
701;840
701;841
701;842
701;843
701;844
701;845
701;846
701;847
701;848
701;849
701;850
702;708
702;709
702;710
702;711
702;712
702;713
702;714
702;715
702;716
702;717
702;718
702;719
702;720
702;721
702;722
702;723
702;724
702;725
702;726
702;727
702;728
702;729
702;730
702;731
702;732
702;733
702;734
702;735
702;736
702;737
702;738
702;739
702;740
702;741
702;742
702;743
702;744
702;745
702;746
702;747
702;748
702;749
702;750
702;751
702;752
702;753
702;754
702;755
702;756
702;757
702;758
702;759
702;760
702;761
702;762
702;763
702;764
702;765
702;766
702;767
702;768
702;769
702;770
702;771
702;772
702;773
702;774
702;775
702;776
702;777
702;778
702;779
702;780
702;781
702;782
702;783
702;784
702;785
702;786
702;787
702;788
702;789
702;790
702;791
702;792
702;793
702;794
702;795
702;796
702;797
702;798
702;799
702;800
702;801
702;802
702;803
702;804
702;805
702;806
702;807
702;808
702;809
702;810
702;811
702;812
702;813
702;814
702;815
702;816
702;817
702;818
702;819
702;820
702;821
702;822
702;823
702;824
702;825
702;826
702;827
702;828
702;829
702;830
702;831
702;832
702;833
702;834
702;835
702;836
702;837
702;838
702;839
702;840
702;841
702;842
702;843
702;844
702;845
702;846
702;847
702;848
702;849
702;850
703;708
703;709
703;710
703;711
703;712
703;713
703;714
703;715
703;716
703;717
703;718
703;719
703;720
703;721
703;722
703;723
703;724
703;725
703;726
703;727
703;728
703;729
703;730
703;731
703;732
703;733
703;734
703;735
703;736
703;737
703;738
703;739
703;740
703;741
703;742
703;743
703;744
703;745
703;746
703;747
703;748
703;749
703;750
703;751
703;752
703;753
703;754
703;755
703;756
703;757
703;758
703;759
703;760
703;761
703;762
703;763
703;764
703;765
703;766
703;767
703;768
703;769
703;770
703;771
703;772
703;773
703;774
703;775
703;776
703;777
703;778
703;779
703;780
703;781
703;782
703;783
703;784
703;785
703;786
703;787
703;788
703;789
703;790
703;791
703;792
703;793
703;794
703;795
703;796
703;797
703;798
703;799
703;800
703;801
703;802
703;803
703;804
703;805
703;806
703;807
703;808
703;809
703;810
703;811
703;812
703;813
703;814
703;815
703;816
703;817
703;818
703;819
703;820
703;821
703;822
703;823
703;824
703;825
703;826
703;827
703;828
703;829
703;830
703;831
703;832
703;833
703;834
703;835
703;836
703;837
703;838
703;839
703;840
703;841
703;842
703;843
703;844
703;845
703;846
703;847
703;848
703;849
703;850
704;709
704;710
704;711
704;712
704;713
704;714
704;715
704;716
704;717
704;718
704;719
704;720
704;721
704;722
704;723
704;724
704;725
704;726
704;727
704;728
704;729
704;730
704;731
704;732
704;733
704;734
704;735
704;736
704;737
704;738
704;739
704;740
704;741
704;742
704;743
704;744
704;745
704;746
704;747
704;748
704;749
704;750
704;751
704;752
704;753
704;754
704;755
704;756
704;757
704;758
704;759
704;760
704;761
704;762
704;763
704;764
704;765
704;766
704;767
704;768
704;769
704;770
704;771
704;772
704;773
704;774
704;775
704;776
704;777
704;778
704;779
704;780
704;781
704;782
704;783
704;784
704;785
704;786
704;787
704;788
704;789
704;790
704;791
704;792
704;793
704;794
704;795
704;796
704;797
704;798
704;799
704;800
704;801
704;802
704;803
704;804
704;805
704;806
704;807
704;808
704;809
704;810
704;811
704;812
704;813
704;814
704;815
704;816
704;817
704;818
704;819
704;820
704;821
704;822
704;823
704;824
704;825
704;826
704;827
704;828
704;829
704;830
704;831
704;832
704;833
704;834
704;835
704;836
704;837
704;838
704;839
704;840
704;841
704;842
704;843
704;844
704;845
704;846
704;847
704;848
704;849
705;710
705;711
705;712
705;713
705;714
705;715
705;716
705;717
705;718
705;719
705;720
705;721
705;722
705;723
705;724
705;725
705;726
705;727
705;728
705;729
705;730
705;731
705;732
705;733
705;734
705;735
705;736
705;737
705;738
705;739
705;740
705;741
705;742
705;743
705;744
705;745
705;746
705;747
705;748
705;749
705;750
705;751
705;752
705;753
705;754
705;755
705;756
705;757
705;758
705;759
705;760
705;761
705;762
705;763
705;764
705;765
705;766
705;767
705;768
705;769
705;770
705;771
705;772
705;773
705;774
705;775
705;776
705;777
705;778
705;779
705;780
705;781
705;782
705;783
705;784
705;785
705;786
705;787
705;788
705;789
705;790
705;791
705;792
705;793
705;794
705;795
705;796
705;797
705;798
705;799
705;800
705;801
705;802
705;803
705;804
705;805
705;806
705;807
705;808
705;809
705;810
705;811
705;812
705;813
705;814
705;815
705;816
705;817
705;818
705;819
705;820
705;821
705;822
705;823
705;824
705;825
705;826
705;827
705;828
705;829
705;830
705;831
705;832
705;833
705;834
705;835
705;836
705;837
705;838
705;839
705;840
705;841
705;842
705;843
705;844
705;845
705;846
705;847
705;848
706;710
706;711
706;712
706;713
706;714
706;715
706;716
706;717
706;718
706;719
706;720
706;721
706;722
706;723
706;724
706;725
706;726
706;727
706;728
706;729
706;730
706;731
706;732
706;733
706;734
706;735
706;736
706;737
706;738
706;739
706;740
706;741
706;742
706;743
706;744
706;745
706;746
706;747
706;748
706;749
706;750
706;751
706;752
706;753
706;754
706;755
706;756
706;757
706;758
706;759
706;760
706;761
706;762
706;763
706;764
706;765
706;766
706;767
706;768
706;769
706;770
706;771
706;772
706;773
706;774
706;775
706;776
706;777
706;778
706;779
706;780
706;781
706;782
706;783
706;784
706;785
706;786
706;787
706;788
706;789
706;790
706;791
706;792
706;793
706;794
706;795
706;796
706;797
706;798
706;799
706;800
706;801
706;802
706;803
706;804
706;805
706;806
706;807
706;808
706;809
706;810
706;811
706;812
706;813
706;814
706;815
706;816
706;817
706;818
706;819
706;820
706;821
706;822
706;823
706;824
706;825
706;826
706;827
706;828
706;829
706;830
706;831
706;832
706;833
706;834
706;835
706;836
706;837
706;838
706;839
706;840
706;841
706;842
706;843
706;844
706;845
706;846
706;847
706;848
707;711
707;712
707;713
707;714
707;715
707;716
707;717
707;718
707;719
707;720
707;721
707;722
707;723
707;724
707;725
707;726
707;727
707;728
707;729
707;730
707;731
707;732
707;733
707;734
707;735
707;736
707;737
707;738
707;739
707;740
707;741
707;742
707;743
707;744
707;745
707;746
707;747
707;748
707;749
707;750
707;751
707;752
707;753
707;754
707;755
707;756
707;757
707;758
707;759
707;760
707;761
707;762
707;763
707;764
707;765
707;766
707;767
707;768
707;769
707;770
707;771
707;772
707;773
707;774
707;775
707;776
707;777
707;778
707;779
707;780
707;781
707;782
707;783
707;784
707;785
707;786
707;787
707;788
707;789
707;790
707;791
707;792
707;793
707;794
707;795
707;796
707;797
707;798
707;799
707;800
707;801
707;802
707;803
707;804
707;805
707;806
707;807
707;808
707;809
707;810
707;811
707;812
707;813
707;814
707;815
707;816
707;817
707;818
707;819
707;820
707;821
707;822
707;823
707;824
707;825
707;826
707;827
707;828
707;829
707;830
707;831
707;832
707;833
707;834
707;835
707;836
707;837
707;838
707;839
707;840
707;841
707;842
707;843
707;844
707;845
707;846
707;847
708;712
708;713
708;714
708;715
708;716
708;717
708;718
708;719
708;720
708;721
708;722
708;723
708;724
708;725
708;726
708;727
708;728
708;729
708;730
708;731
708;732
708;733
708;734
708;735
708;736
708;737
708;738
708;739
708;740
708;741
708;742
708;743
708;744
708;745
708;746
708;747
708;748
708;749
708;750
708;751
708;752
708;753
708;754
708;755
708;756
708;757
708;758
708;759
708;760
708;761
708;762
708;763
708;764
708;765
708;766
708;767
708;768
708;769
708;770
708;771
708;772
708;773
708;774
708;775
708;776
708;777
708;778
708;779
708;780
708;781
708;782
708;783
708;784
708;785
708;786
708;787
708;788
708;789
708;790
708;791
708;792
708;793
708;794
708;795
708;796
708;797
708;798
708;799
708;800
708;801
708;802
708;803
708;804
708;805
708;806
708;807
708;808
708;809
708;810
708;811
708;812
708;813
708;814
708;815
708;816
708;817
708;818
708;819
708;820
708;821
708;822
708;823
708;824
708;825
708;826
708;827
708;828
708;829
708;830
708;831
708;832
708;833
708;834
708;835
708;836
708;837
708;838
708;839
708;840
708;841
708;842
708;843
708;844
708;845
708;846
709;712
709;713
709;714
709;715
709;716
709;717
709;718
709;719
709;720
709;721
709;722
709;723
709;724
709;725
709;726
709;727
709;728
709;729
709;730
709;731
709;732
709;733
709;734
709;735
709;736
709;737
709;738
709;739
709;740
709;741
709;742
709;743
709;744
709;745
709;746
709;747
709;748
709;749
709;750
709;751
709;752
709;753
709;754
709;755
709;756
709;757
709;758
709;759
709;760
709;761
709;762
709;763
709;764
709;765
709;766
709;767
709;768
709;769
709;770
709;771
709;772
709;773
709;774
709;775
709;776
709;777
709;778
709;779
709;780
709;781
709;782
709;783
709;784
709;785
709;786
709;787
709;788
709;789
709;790
709;791
709;792
709;793
709;794
709;795
709;796
709;797
709;798
709;799
709;800
709;801
709;802
709;803
709;804
709;805
709;806
709;807
709;808
709;809
709;810
709;811
709;812
709;813
709;814
709;815
709;816
709;817
709;818
709;819
709;820
709;821
709;822
709;823
709;824
709;825
709;826
709;827
709;828
709;829
709;830
709;831
709;832
709;833
709;834
709;835
709;836
709;837
709;838
709;839
709;840
709;841
709;842
709;843
709;844
709;845
709;846
710;713
710;714
710;715
710;716
710;717
710;718
710;719
710;720
710;721
710;722
710;723
710;724
710;725
710;726
710;727
710;728
710;729
710;730
710;731
710;732
710;733
710;734
710;735
710;736
710;737
710;738
710;739
710;740
710;741
710;742
710;743
710;744
710;745
710;746
710;747
710;748
710;749
710;750
710;751
710;752
710;753
710;754
710;755
710;756
710;757
710;758
710;759
710;760
710;761
710;762
710;763
710;764
710;765
710;766
710;767
710;768
710;769
710;770
710;771
710;772
710;773
710;774
710;775
710;776
710;777
710;778
710;779
710;780
710;781
710;782
710;783
710;784
710;785
710;786
710;787
710;788
710;789
710;790
710;791
710;792
710;793
710;794
710;795
710;796
710;797
710;798
710;799
710;800
710;801
710;802
710;803
710;804
710;805
710;806
710;807
710;808
710;809
710;810
710;811
710;812
710;813
710;814
710;815
710;816
710;817
710;818
710;819
710;820
710;821
710;822
710;823
710;824
710;825
710;826
710;827
710;828
710;829
710;830
710;831
710;832
710;833
710;834
710;835
710;836
710;837
710;838
710;839
710;840
710;841
710;842
710;843
710;844
710;845
711;714
711;715
711;716
711;717
711;718
711;719
711;720
711;721
711;722
711;723
711;724
711;725
711;726
711;727
711;728
711;729
711;730
711;731
711;732
711;733
711;734
711;735
711;736
711;737
711;738
711;739
711;740
711;741
711;742
711;743
711;744
711;745
711;746
711;747
711;748
711;749
711;750
711;751
711;752
711;753
711;754
711;755
711;756
711;757
711;758
711;759
711;760
711;761
711;762
711;763
711;764
711;765
711;766
711;767
711;768
711;769
711;770
711;771
711;772
711;773
711;774
711;775
711;776
711;777
711;778
711;779
711;780
711;781
711;782
711;783
711;784
711;785
711;786
711;787
711;788
711;789
711;790
711;791
711;792
711;793
711;794
711;795
711;796
711;797
711;798
711;799
711;800
711;801
711;802
711;803
711;804
711;805
711;806
711;807
711;808
711;809
711;810
711;811
711;812
711;813
711;814
711;815
711;816
711;817
711;818
711;819
711;820
711;821
711;822
711;823
711;824
711;825
711;826
711;827
711;828
711;829
711;830
711;831
711;832
711;833
711;834
711;835
711;836
711;837
711;838
711;839
711;840
711;841
711;842
711;843
711;844
712;714
712;715
712;716
712;717
712;718
712;719
712;720
712;721
712;722
712;723
712;724
712;725
712;726
712;727
712;728
712;729
712;730
712;731
712;732
712;733
712;734
712;735
712;736
712;737
712;738
712;739
712;740
712;741
712;742
712;743
712;744
712;745
712;746
712;747
712;748
712;749
712;750
712;751
712;752
712;753
712;754
712;755
712;756
712;757
712;758
712;759
712;760
712;761
712;762
712;763
712;764
712;765
712;766
712;767
712;768
712;769
712;770
712;771
712;772
712;773
712;774
712;775
712;776
712;777
712;778
712;779
712;780
712;781
712;782
712;783
712;784
712;785
712;786
712;787
712;788
712;789
712;790
712;791
712;792
712;793
712;794
712;795
712;796
712;797
712;798
712;799
712;800
712;801
712;802
712;803
712;804
712;805
712;806
712;807
712;808
712;809
712;810
712;811
712;812
712;813
712;814
712;815
712;816
712;817
712;818
712;819
712;820
712;821
712;822
712;823
712;824
712;825
712;826
712;827
712;828
712;829
712;830
712;831
712;832
712;833
712;834
712;835
712;836
712;837
712;838
712;839
712;840
712;841
712;842
712;843
712;844
713;715
713;716
713;717
713;718
713;719
713;720
713;721
713;722
713;723
713;724
713;725
713;726
713;727
713;728
713;729
713;730
713;731
713;732
713;733
713;734
713;735
713;736
713;737
713;738
713;739
713;740
713;741
713;742
713;743
713;744
713;745
713;746
713;747
713;748
713;749
713;750
713;751
713;752
713;753
713;754
713;755
713;756
713;757
713;758
713;759
713;760
713;761
713;762
713;763
713;764
713;765
713;766
713;767
713;768
713;769
713;770
713;771
713;772
713;773
713;774
713;775
713;776
713;777
713;778
713;779
713;780
713;781
713;782
713;783
713;784
713;785
713;786
713;787
713;788
713;789
713;790
713;791
713;792
713;793
713;794
713;795
713;796
713;797
713;798
713;799
713;800
713;801
713;802
713;803
713;804
713;805
713;806
713;807
713;808
713;809
713;810
713;811
713;812
713;813
713;814
713;815
713;816
713;817
713;818
713;819
713;820
713;821
713;822
713;823
713;824
713;825
713;826
713;827
713;828
713;829
713;830
713;831
713;832
713;833
713;834
713;835
713;836
713;837
713;838
713;839
713;840
713;841
713;842
714;716
714;717
714;718
714;719
714;720
714;721
714;722
714;723
714;724
714;725
714;726
714;727
714;728
714;729
714;730
714;731
714;732
714;733
714;734
714;735
714;736
714;737
714;738
714;739
714;740
714;741
714;742
714;743
714;744
714;745
714;746
714;747
714;748
714;749
714;750
714;751
714;752
714;753
714;754
714;755
714;756
714;757
714;758
714;759
714;760
714;761
714;762
714;763
714;764
714;765
714;766
714;767
714;768
714;769
714;770
714;771
714;772
714;773
714;774
714;775
714;776
714;777
714;778
714;779
714;780
714;781
714;782
714;783
714;784
714;785
714;786
714;787
714;788
714;789
714;790
714;791
714;792
714;793
714;794
714;795
714;796
714;797
714;798
714;799
714;800
714;801
714;802
714;803
714;804
714;805
714;806
714;807
714;808
714;809
714;810
714;811
714;812
714;813
714;814
714;815
714;816
714;817
714;818
714;819
714;820
714;821
714;822
714;823
714;824
714;825
714;826
714;827
714;828
714;829
714;830
714;831
714;832
714;833
714;834
714;835
714;836
714;837
714;838
714;839
714;840
714;841
714;842
715;717
715;718
715;719
715;720
715;721
715;722
715;723
715;724
715;725
715;726
715;727
715;728
715;729
715;730
715;731
715;732
715;733
715;734
715;735
715;736
715;737
715;738
715;739
715;740
715;741
715;742
715;743
715;744
715;745
715;746
715;747
715;748
715;749
715;750
715;751
715;752
715;753
715;754
715;755
715;756
715;757
715;758
715;759
715;760
715;761
715;762
715;763
715;764
715;765
715;766
715;767
715;768
715;769
715;770
715;771
715;772
715;773
715;774
715;775
715;776
715;777
715;778
715;779
715;780
715;781
715;782
715;783
715;784
715;785
715;786
715;787
715;788
715;789
715;790
715;791
715;792
715;793
715;794
715;795
715;796
715;797
715;798
715;799
715;800
715;801
715;802
715;803
715;804
715;805
715;806
715;807
715;808
715;809
715;810
715;811
715;812
715;813
715;814
715;815
715;816
715;817
715;818
715;819
715;820
715;821
715;822
715;823
715;824
715;825
715;826
715;827
715;828
715;829
715;830
715;831
715;832
715;833
715;834
715;835
715;836
715;837
715;838
715;839
715;840
715;841
716;718
716;719
716;720
716;721
716;722
716;723
716;724
716;725
716;726
716;727
716;728
716;729
716;730
716;731
716;732
716;733
716;734
716;735
716;736
716;737
716;738
716;739
716;740
716;741
716;742
716;743
716;744
716;745
716;746
716;747
716;748
716;749
716;750
716;751
716;752
716;753
716;754
716;755
716;756
716;757
716;758
716;759
716;760
716;761
716;762
716;763
716;764
716;765
716;766
716;767
716;768
716;769
716;770
716;771
716;772
716;773
716;774
716;775
716;776
716;777
716;778
716;779
716;780
716;781
716;782
716;783
716;784
716;785
716;786
716;787
716;788
716;789
716;790
716;791
716;792
716;793
716;794
716;795
716;796
716;797
716;798
716;799
716;800
716;801
716;802
716;803
716;804
716;805
716;806
716;807
716;808
716;809
716;810
716;811
716;812
716;813
716;814
716;815
716;816
716;817
716;818
716;819
716;820
716;821
716;822
716;823
716;824
716;825
716;826
716;827
716;828
716;829
716;830
716;831
716;832
716;833
716;834
716;835
716;836
716;837
716;838
716;839
716;840
717;719
717;720
717;721
717;722
717;723
717;724
717;725
717;726
717;727
717;728
717;729
717;730
717;731
717;732
717;733
717;734
717;735
717;736
717;737
717;738
717;739
717;740
717;741
717;742
717;743
717;744
717;745
717;746
717;747
717;748
717;749
717;750
717;751
717;752
717;753
717;754
717;755
717;756
717;757
717;758
717;759
717;760
717;761
717;762
717;763
717;764
717;765
717;766
717;767
717;768
717;769
717;770
717;771
717;772
717;773
717;774
717;775
717;776
717;777
717;778
717;779
717;780
717;781
717;782
717;783
717;784
717;785
717;786
717;787
717;788
717;789
717;790
717;791
717;792
717;793
717;794
717;795
717;796
717;797
717;798
717;799
717;800
717;801
717;802
717;803
717;804
717;805
717;806
717;807
717;808
717;809
717;810
717;811
717;812
717;813
717;814
717;815
717;816
717;817
717;818
717;819
717;820
717;821
717;822
717;823
717;824
717;825
717;826
717;827
717;828
717;829
717;830
717;831
717;832
717;833
717;834
717;835
717;836
717;837
717;838
717;839
718;720
718;721
718;722
718;723
718;724
718;725
718;726
718;727
718;728
718;729
718;730
718;731
718;732
718;733
718;734
718;735
718;736
718;737
718;738
718;739
718;740
718;741
718;742
718;743
718;744
718;745
718;746
718;747
718;748
718;749
718;750
718;751
718;752
718;753
718;754
718;755
718;756
718;757
718;758
718;759
718;760
718;761
718;762
718;763
718;764
718;765
718;766
718;767
718;768
718;769
718;770
718;771
718;772
718;773
718;774
718;775
718;776
718;777
718;778
718;779
718;780
718;781
718;782
718;783
718;784
718;785
718;786
718;787
718;788
718;789
718;790
718;791
718;792
718;793
718;794
718;795
718;796
718;797
718;798
718;799
718;800
718;801
718;802
718;803
718;804
718;805
718;806
718;807
718;808
718;809
718;810
718;811
718;812
718;813
718;814
718;815
718;816
718;817
718;818
718;819
718;820
718;821
718;822
718;823
718;824
718;825
718;826
718;827
718;828
718;829
718;830
718;831
718;832
718;833
718;834
718;835
718;836
718;837
718;838
719;721
719;722
719;723
719;724
719;725
719;726
719;727
719;728
719;729
719;730
719;731
719;732
719;733
719;734
719;735
719;736
719;737
719;738
719;739
719;740
719;741
719;742
719;743
719;744
719;745
719;746
719;747
719;748
719;749
719;750
719;751
719;752
719;753
719;754
719;755
719;756
719;757
719;758
719;759
719;760
719;761
719;762
719;763
719;764
719;765
719;766
719;767
719;768
719;769
719;770
719;771
719;772
719;773
719;774
719;775
719;776
719;777
719;778
719;779
719;780
719;781
719;782
719;783
719;784
719;785
719;786
719;787
719;788
719;789
719;790
719;791
719;792
719;793
719;794
719;795
719;796
719;797
719;798
719;799
719;800
719;801
719;802
719;803
719;804
719;805
719;806
719;807
719;808
719;809
719;810
719;811
719;812
719;813
719;814
719;815
719;816
719;817
719;818
719;819
719;820
719;821
719;822
719;823
719;824
719;825
719;826
719;827
719;828
719;829
719;830
719;831
719;832
719;833
719;834
719;835
719;836
719;837
720;722
720;723
720;724
720;725
720;726
720;727
720;728
720;729
720;730
720;731
720;732
720;733
720;734
720;735
720;736
720;737
720;738
720;739
720;740
720;741
720;742
720;743
720;744
720;745
720;746
720;747
720;748
720;749
720;750
720;751
720;752
720;753
720;754
720;755
720;756
720;757
720;758
720;759
720;760
720;761
720;762
720;763
720;764
720;765
720;766
720;767
720;768
720;769
720;770
720;771
720;772
720;773
720;774
720;775
720;776
720;777
720;778
720;779
720;780
720;781
720;782
720;783
720;784
720;785
720;786
720;787
720;788
720;789
720;790
720;791
720;792
720;793
720;794
720;795
720;796
720;797
720;798
720;799
720;800
720;801
720;802
720;803
720;804
720;805
720;806
720;807
720;808
720;809
720;810
720;811
720;812
720;813
720;814
720;815
720;816
720;817
720;818
720;819
720;820
720;821
720;822
720;823
720;824
720;825
720;826
720;827
720;828
720;829
720;830
720;831
720;832
720;833
720;834
720;835
720;836
721;723
721;724
721;725
721;726
721;727
721;728
721;729
721;730
721;731
721;732
721;733
721;734
721;735
721;736
721;737
721;738
721;739
721;740
721;741
721;742
721;743
721;744
721;745
721;746
721;747
721;748
721;749
721;750
721;751
721;752
721;753
721;754
721;755
721;756
721;757
721;758
721;759
721;760
721;761
721;762
721;763
721;764
721;765
721;766
721;767
721;768
721;769
721;770
721;771
721;772
721;773
721;774
721;775
721;776
721;777
721;778
721;779
721;780
721;781
721;782
721;783
721;784
721;785
721;786
721;787
721;788
721;789
721;790
721;791
721;792
721;793
721;794
721;795
721;796
721;797
721;798
721;799
721;800
721;801
721;802
721;803
721;804
721;805
721;806
721;807
721;808
721;809
721;810
721;811
721;812
721;813
721;814
721;815
721;816
721;817
721;818
721;819
721;820
721;821
721;822
721;823
721;824
721;825
721;826
721;827
721;828
721;829
721;830
721;831
721;832
721;833
721;834
721;835
722;724
722;725
722;726
722;727
722;728
722;729
722;730
722;731
722;732
722;733
722;734
722;735
722;736
722;737
722;738
722;739
722;740
722;741
722;742
722;743
722;744
722;745
722;746
722;747
722;748
722;749
722;750
722;751
722;752
722;753
722;754
722;755
722;756
722;757
722;758
722;759
722;760
722;761
722;762
722;763
722;764
722;765
722;766
722;767
722;768
722;769
722;770
722;771
722;772
722;773
722;774
722;775
722;776
722;777
722;778
722;779
722;780
722;781
722;782
722;783
722;784
722;785
722;786
722;787
722;788
722;789
722;790
722;791
722;792
722;793
722;794
722;795
722;796
722;797
722;798
722;799
722;800
722;801
722;802
722;803
722;804
722;805
722;806
722;807
722;808
722;809
722;810
722;811
722;812
722;813
722;814
722;815
722;816
722;817
722;818
722;819
722;820
722;821
722;822
722;823
722;824
722;825
722;826
722;827
722;828
722;829
722;830
722;831
722;832
722;833
722;834
723;726
723;727
723;728
723;729
723;730
723;731
723;732
723;733
723;734
723;735
723;736
723;737
723;738
723;739
723;740
723;741
723;742
723;743
723;744
723;745
723;746
723;747
723;748
723;749
723;750
723;751
723;752
723;753
723;754
723;755
723;756
723;757
723;758
723;759
723;760
723;761
723;762
723;763
723;764
723;765
723;766
723;767
723;768
723;769
723;770
723;771
723;772
723;773
723;774
723;775
723;776
723;777
723;778
723;779
723;780
723;781
723;782
723;783
723;784
723;785
723;786
723;787
723;788
723;789
723;790
723;791
723;792
723;793
723;794
723;795
723;796
723;797
723;798
723;799
723;800
723;801
723;802
723;803
723;804
723;805
723;806
723;807
723;808
723;809
723;810
723;811
723;812
723;813
723;814
723;815
723;816
723;817
723;818
723;819
723;820
723;821
723;822
723;823
723;824
723;825
723;826
723;827
723;828
723;829
723;830
723;831
723;832
724;726
724;727
724;728
724;729
724;730
724;731
724;732
724;733
724;734
724;735
724;736
724;737
724;738
724;739
724;740
724;741
724;742
724;743
724;744
724;745
724;746
724;747
724;748
724;749
724;750
724;751
724;752
724;753
724;754
724;755
724;756
724;757
724;758
724;759
724;760
724;761
724;762
724;763
724;764
724;765
724;766
724;767
724;768
724;769
724;770
724;771
724;772
724;773
724;774
724;775
724;776
724;777
724;778
724;779
724;780
724;781
724;782
724;783
724;784
724;785
724;786
724;787
724;788
724;789
724;790
724;791
724;792
724;793
724;794
724;795
724;796
724;797
724;798
724;799
724;800
724;801
724;802
724;803
724;804
724;805
724;806
724;807
724;808
724;809
724;810
724;811
724;812
724;813
724;814
724;815
724;816
724;817
724;818
724;819
724;820
724;821
724;822
724;823
724;824
724;825
724;826
724;827
724;828
724;829
724;830
724;831
724;832
725;728
725;729
725;730
725;731
725;732
725;733
725;734
725;735
725;736
725;737
725;738
725;739
725;740
725;741
725;742
725;743
725;744
725;745
725;746
725;747
725;748
725;749
725;750
725;751
725;752
725;753
725;754
725;755
725;756
725;757
725;758
725;759
725;760
725;761
725;762
725;763
725;764
725;765
725;766
725;767
725;768
725;769
725;770
725;771
725;772
725;773
725;774
725;775
725;776
725;777
725;778
725;779
725;780
725;781
725;782
725;783
725;784
725;785
725;786
725;787
725;788
725;789
725;790
725;791
725;792
725;793
725;794
725;795
725;796
725;797
725;798
725;799
725;800
725;801
725;802
725;803
725;804
725;805
725;806
725;807
725;808
725;809
725;810
725;811
725;812
725;813
725;814
725;815
725;816
725;817
725;818
725;819
725;820
725;821
725;822
725;823
725;824
725;825
725;826
725;827
725;828
725;829
725;830
726;730
726;731
726;732
726;733
726;734
726;735
726;736
726;737
726;738
726;739
726;740
726;741
726;742
726;743
726;744
726;745
726;746
726;747
726;748
726;749
726;750
726;751
726;752
726;753
726;754
726;755
726;756
726;757
726;758
726;759
726;760
726;761
726;762
726;763
726;764
726;765
726;766
726;767
726;768
726;769
726;770
726;771
726;772
726;773
726;774
726;775
726;776
726;777
726;778
726;779
726;780
726;781
726;782
726;783
726;784
726;785
726;786
726;787
726;788
726;789
726;790
726;791
726;792
726;793
726;794
726;795
726;796
726;797
726;798
726;799
726;800
726;801
726;802
726;803
726;804
726;805
726;806
726;807
726;808
726;809
726;810
726;811
726;812
726;813
726;814
726;815
726;816
726;817
726;818
726;819
726;820
726;821
726;822
726;823
726;824
726;825
726;826
726;827
726;828
727;730
727;731
727;732
727;733
727;734
727;735
727;736
727;737
727;738
727;739
727;740
727;741
727;742
727;743
727;744
727;745
727;746
727;747
727;748
727;749
727;750
727;751
727;752
727;753
727;754
727;755
727;756
727;757
727;758
727;759
727;760
727;761
727;762
727;763
727;764
727;765
727;766
727;767
727;768
727;769
727;770
727;771
727;772
727;773
727;774
727;775
727;776
727;777
727;778
727;779
727;780
727;781
727;782
727;783
727;784
727;785
727;786
727;787
727;788
727;789
727;790
727;791
727;792
727;793
727;794
727;795
727;796
727;797
727;798
727;799
727;800
727;801
727;802
727;803
727;804
727;805
727;806
727;807
727;808
727;809
727;810
727;811
727;812
727;813
727;814
727;815
727;816
727;817
727;818
727;819
727;820
727;821
727;822
727;823
727;824
727;825
727;826
727;827
727;828
728;732
728;733
728;734
728;735
728;736
728;737
728;738
728;739
728;740
728;741
728;742
728;743
728;744
728;745
728;746
728;747
728;748
728;749
728;750
728;751
728;752
728;753
728;754
728;755
728;756
728;757
728;758
728;759
728;760
728;761
728;762
728;763
728;764
728;765
728;766
728;767
728;768
728;769
728;770
728;771
728;772
728;773
728;774
728;775
728;776
728;777
728;778
728;779
728;780
728;781
728;782
728;783
728;784
728;785
728;786
728;787
728;788
728;789
728;790
728;791
728;792
728;793
728;794
728;795
728;796
728;797
728;798
728;799
728;800
728;801
728;802
728;803
728;804
728;805
728;806
728;807
728;808
728;809
728;810
728;811
728;812
728;813
728;814
728;815
728;816
728;817
728;818
728;819
728;820
728;821
728;822
728;823
728;824
728;825
728;826
729;734
729;735
729;736
729;737
729;738
729;739
729;740
729;741
729;742
729;743
729;744
729;745
729;746
729;747
729;748
729;749
729;750
729;751
729;752
729;753
729;754
729;755
729;756
729;757
729;758
729;759
729;760
729;761
729;762
729;763
729;764
729;765
729;766
729;767
729;768
729;769
729;770
729;771
729;772
729;773
729;774
729;775
729;776
729;777
729;778
729;779
729;780
729;781
729;782
729;783
729;784
729;785
729;786
729;787
729;788
729;789
729;790
729;791
729;792
729;793
729;794
729;795
729;796
729;797
729;798
729;799
729;800
729;801
729;802
729;803
729;804
729;805
729;806
729;807
729;808
729;809
729;810
729;811
729;812
729;813
729;814
729;815
729;816
729;817
729;818
729;819
729;820
729;821
729;822
729;823
729;824
730;736
730;737
730;738
730;739
730;740
730;741
730;742
730;743
730;744
730;745
730;746
730;747
730;748
730;749
730;750
730;751
730;752
730;753
730;754
730;755
730;756
730;757
730;758
730;759
730;760
730;761
730;762
730;763
730;764
730;765
730;766
730;767
730;768
730;769
730;770
730;771
730;772
730;773
730;774
730;775
730;776
730;777
730;778
730;779
730;780
730;781
730;782
730;783
730;784
730;785
730;786
730;787
730;788
730;789
730;790
730;791
730;792
730;793
730;794
730;795
730;796
730;797
730;798
730;799
730;800
730;801
730;802
730;803
730;804
730;805
730;806
730;807
730;808
730;809
730;810
730;811
730;812
730;813
730;814
730;815
730;816
730;817
730;818
730;819
730;820
730;821
730;822
731;738
731;739
731;740
731;741
731;742
731;743
731;744
731;745
731;746
731;747
731;748
731;749
731;750
731;751
731;752
731;753
731;754
731;755
731;756
731;757
731;758
731;759
731;760
731;761
731;762
731;763
731;764
731;765
731;766
731;767
731;768
731;769
731;770
731;771
731;772
731;773
731;774
731;775
731;776
731;777
731;778
731;779
731;780
731;781
731;782
731;783
731;784
731;785
731;786
731;787
731;788
731;789
731;790
731;791
731;792
731;793
731;794
731;795
731;796
731;797
731;798
731;799
731;800
731;801
731;802
731;803
731;804
731;805
731;806
731;807
731;808
731;809
731;810
731;811
731;812
731;813
731;814
731;815
731;816
731;817
731;818
731;819
731;820
732;740
732;741
732;742
732;743
732;744
732;745
732;746
732;747
732;748
732;749
732;750
732;751
732;752
732;753
732;754
732;755
732;756
732;757
732;758
732;759
732;760
732;761
732;762
732;763
732;764
732;765
732;766
732;767
732;768
732;769
732;770
732;771
732;772
732;773
732;774
732;775
732;776
732;777
732;778
732;779
732;780
732;781
732;782
732;783
732;784
732;785
732;786
732;787
732;788
732;789
732;790
732;791
732;792
732;793
732;794
732;795
732;796
732;797
732;798
732;799
732;800
732;801
732;802
732;803
732;804
732;805
732;806
732;807
732;808
732;809
732;810
732;811
732;812
732;813
732;814
732;815
732;816
732;817
732;818
733;742
733;743
733;744
733;745
733;746
733;747
733;748
733;749
733;750
733;751
733;752
733;753
733;754
733;755
733;756
733;757
733;758
733;759
733;760
733;761
733;762
733;763
733;764
733;765
733;766
733;767
733;768
733;769
733;770
733;771
733;772
733;773
733;774
733;775
733;776
733;777
733;778
733;779
733;780
733;781
733;782
733;783
733;784
733;785
733;786
733;787
733;788
733;789
733;790
733;791
733;792
733;793
733;794
733;795
733;796
733;797
733;798
733;799
733;800
733;801
733;802
733;803
733;804
733;805
733;806
733;807
733;808
733;809
733;810
733;811
733;812
733;813
733;814
733;815
733;816
734;744
734;745
734;746
734;747
734;748
734;749
734;750
734;751
734;752
734;753
734;754
734;755
734;756
734;757
734;758
734;759
734;760
734;761
734;762
734;763
734;764
734;765
734;766
734;767
734;768
734;769
734;770
734;771
734;772
734;773
734;774
734;775
734;776
734;777
734;778
734;779
734;780
734;781
734;782
734;783
734;784
734;785
734;786
734;787
734;788
734;789
734;790
734;791
734;792
734;793
734;794
734;795
734;796
734;797
734;798
734;799
734;800
734;801
734;802
734;803
734;804
734;805
734;806
734;807
734;808
734;809
734;810
734;811
734;812
734;813
734;814
735;746
735;747
735;748
735;749
735;750
735;751
735;752
735;753
735;754
735;755
735;756
735;757
735;758
735;759
735;760
735;761
735;762
735;763
735;764
735;765
735;766
735;767
735;768
735;769
735;770
735;771
735;772
735;773
735;774
735;775
735;776
735;777
735;778
735;779
735;780
735;781
735;782
735;783
735;784
735;785
735;786
735;787
735;788
735;789
735;790
735;791
735;792
735;793
735;794
735;795
735;796
735;797
735;798
735;799
735;800
735;801
735;802
735;803
735;804
735;805
735;806
735;807
735;808
735;809
735;810
735;811
735;812
736;748
736;749
736;750
736;751
736;752
736;753
736;754
736;755
736;756
736;757
736;758
736;759
736;760
736;761
736;762
736;763
736;764
736;765
736;766
736;767
736;768
736;769
736;770
736;771
736;772
736;773
736;774
736;775
736;776
736;777
736;778
736;779
736;780
736;781
736;782
736;783
736;784
736;785
736;786
736;787
736;788
736;789
736;790
736;791
736;792
736;793
736;794
736;795
736;796
736;797
736;798
736;799
736;800
736;801
736;802
736;803
736;804
736;805
736;806
736;807
736;808
736;809
736;810
737;750
737;752
737;753
737;754
737;755
737;756
737;757
737;758
737;759
737;760
737;761
737;762
737;763
737;764
737;765
737;766
737;767
737;768
737;769
737;770
737;771
737;772
737;773
737;774
737;775
737;776
737;777
737;778
737;779
737;780
737;781
737;782
737;783
737;784
737;785
737;786
737;787
737;788
737;789
737;790
737;791
737;792
737;793
737;794
737;795
737;796
737;797
737;798
737;799
737;800
737;801
737;802
737;803
737;804
737;805
737;806
737;808
738;754
738;755
738;756
738;757
738;758
738;759
738;760
738;761
738;762
738;763
738;764
738;765
738;766
738;767
738;768
738;769
738;770
738;771
738;772
738;773
738;774
738;775
738;776
738;777
738;778
738;779
738;780
738;781
738;782
738;783
738;784
738;785
738;786
738;787
738;788
738;789
738;790
738;791
738;792
738;793
738;794
738;795
738;796
738;797
738;798
738;799
738;800
738;801
738;802
738;803
738;804
739;758
739;759
739;760
739;761
739;762
739;763
739;764
739;765
739;766
739;767
739;768
739;769
739;770
739;771
739;772
739;773
739;774
739;775
739;776
739;777
739;778
739;779
739;780
739;781
739;782
739;783
739;784
739;785
739;786
739;787
739;788
739;789
739;790
739;791
739;792
739;793
739;794
739;795
739;796
739;797
739;798
739;799
739;800
740;762
740;764
740;765
740;766
740;767
740;768
740;769
740;770
740;771
740;772
740;773
740;774
740;775
740;776
740;777
740;778
740;779
740;780
740;781
740;782
740;783
740;784
740;785
740;786
740;787
740;788
740;789
740;790
740;791
740;792
740;793
740;794
740;796
741;768
741;770
741;771
741;772
741;773
741;774
741;775
741;776
741;777
741;778
741;779
741;780
741;781
741;782
741;783
741;784
741;785
741;786
741;787
741;788
741;790
845;523
845;524
846;519
846;520
846;521
846;522
846;523
846;524
846;525
847;515
847;516
847;517
847;518
847;519
847;520
847;521
847;522
847;523
847;524
847;525
848;511
848;512
848;513
848;514
848;515
848;516
848;517
848;518
848;519
848;520
848;521
848;522
848;523
848;524
848;525
849;507
849;509
849;510
849;511
849;512
849;513
849;514
849;515
849;516
849;517
849;518
849;519
849;520
849;521
849;522
849;523
849;524
849;525
849;526
850;503
850;505
850;506
850;507
850;508
850;509
850;510
850;511
850;512
850;513
850;514
850;515
850;516
850;517
850;518
850;519
850;520
850;521
850;522
850;523
850;524
850;525
850;526
851;499
851;501
851;502
851;503
851;504
851;505
851;506
851;507
851;508
851;509
851;510
851;511
851;512
851;513
851;514
851;515
851;516
851;517
851;518
851;519
851;520
851;521
851;522
851;523
851;524
851;525
851;526
851;527
852;495
852;497
852;498
852;499
852;500
852;501
852;502
852;503
852;504
852;505
852;506
852;507
852;508
852;509
852;510
852;511
852;512
852;513
852;514
852;515
852;516
852;517
852;518
852;519
852;520
852;521
852;522
852;523
852;524
852;525
852;526
852;527
853;491
853;493
853;494
853;495
853;496
853;497
853;498
853;499
853;500
853;501
853;502
853;503
853;504
853;505
853;506
853;507
853;508
853;509
853;510
853;511
853;512
853;513
853;514
853;515
853;516
853;517
853;518
853;519
853;520
853;521
853;522
853;523
853;524
853;525
853;526
853;527
854;487
854;489
854;490
854;491
854;492
854;493
854;494
854;495
854;496
854;497
854;498
854;499
854;500
854;501
854;502
854;503
854;504
854;505
854;506
854;507
854;508
854;509
854;510
854;511
854;512
854;513
854;514
854;515
854;516
854;517
854;518
854;519
854;520
854;521
854;522
854;523
854;524
854;525
854;526
854;527
855;483
855;485
855;486
855;487
855;488
855;489
855;490
855;491
855;492
855;493
855;494
855;495
855;496
855;497
855;498
855;499
855;500
855;501
855;502
855;503
855;504
855;505
855;506
855;507
855;508
855;509
855;510
855;511
855;512
855;513
855;514
855;515
855;516
855;517
855;518
855;519
855;520
855;521
855;522
855;523
855;524
855;525
855;526
855;527
855;528
856;479
856;481
856;482
856;483
856;484
856;485
856;486
856;487
856;488
856;489
856;490
856;491
856;492
856;493
856;494
856;495
856;496
856;497
856;498
856;499
856;500
856;501
856;502
856;503
856;504
856;505
856;506
856;507
856;508
856;509
856;510
856;511
856;512
856;513
856;514
856;515
856;516
856;517
856;518
856;519
856;520
856;521
856;522
856;523
856;524
856;525
856;526
856;527
856;528
857;475
857;477
857;478
857;479
857;480
857;481
857;482
857;483
857;484
857;485
857;486
857;487
857;488
857;489
857;490
857;491
857;492
857;493
857;494
857;495
857;496
857;497
857;498
857;499
857;500
857;501
857;502
857;503
857;504
857;505
857;506
857;507
857;508
857;509
857;510
857;511
857;512
857;513
857;514
857;515
857;516
857;517
857;518
857;519
857;520
857;521
857;522
857;523
857;524
857;525
857;526
857;527
857;528
857;529
858;471
858;473
858;474
858;475
858;476
858;477
858;478
858;479
858;480
858;481
858;482
858;483
858;484
858;485
858;486
858;487
858;488
858;489
858;490
858;491
858;492
858;493
858;494
858;495
858;496
858;497
858;498
858;499
858;500
858;501
858;502
858;503
858;504
858;505
858;506
858;507
858;508
858;509
858;510
858;511
858;512
858;513
858;514
858;515
858;516
858;517
858;518
858;519
858;520
858;521
858;522
858;523
858;524
858;525
858;526
858;527
858;528
858;529
859;469
859;470
859;471
859;472
859;473
859;474
859;475
859;476
859;477
859;478
859;479
859;480
859;481
859;482
859;483
859;484
859;485
859;486
859;487
859;488
859;489
859;490
859;491
859;492
859;493
859;494
859;495
859;496
859;497
859;498
859;499
859;500
859;501
859;502
859;503
859;504
859;505
859;506
859;507
859;508
859;509
859;510
859;511
859;512
859;513
859;514
859;515
859;516
859;517
859;518
859;519
859;520
859;521
859;522
859;523
859;524
859;525
859;526
859;527
859;528
859;529
860;465
860;466
860;467
860;468
860;469
860;470
860;471
860;472
860;473
860;474
860;475
860;476
860;477
860;478
860;479
860;480
860;481
860;482
860;483
860;484
860;485
860;486
860;487
860;488
860;489
860;490
860;491
860;492
860;493
860;494
860;495
860;496
860;497
860;498
860;499
860;500
860;501
860;502
860;503
860;504
860;505
860;506
860;507
860;508
860;509
860;510
860;511
860;512
860;513
860;514
860;515
860;516
860;517
860;518
860;519
860;520
860;521
860;522
860;523
860;524
860;525
860;526
860;527
860;528
860;529
861;461
861;462
861;463
861;464
861;465
861;466
861;467
861;468
861;469
861;470
861;471
861;472
861;473
861;474
861;475
861;476
861;477
861;478
861;479
861;480
861;481
861;482
861;483
861;484
861;485
861;486
861;487
861;488
861;489
861;490
861;491
861;492
861;493
861;494
861;495
861;496
861;497
861;498
861;499
861;500
861;501
861;502
861;503
861;504
861;505
861;506
861;507
861;508
861;509
861;510
861;511
861;512
861;513
861;514
861;515
861;516
861;517
861;518
861;519
861;520
861;521
861;522
861;523
861;524
861;525
861;526
861;527
861;528
861;529
861;530
862;457
862;458
862;459
862;460
862;461
862;462
862;463
862;464
862;465
862;466
862;467
862;468
862;469
862;470
862;471
862;472
862;473
862;474
862;475
862;476
862;477
862;478
862;479
862;480
862;481
862;482
862;483
862;484
862;485
862;486
862;487
862;488
862;489
862;490
862;491
862;492
862;493
862;494
862;495
862;496
862;497
862;498
862;499
862;500
862;501
862;502
862;503
862;504
862;505
862;506
862;507
862;508
862;509
862;510
862;511
862;512
862;513
862;514
862;515
862;516
862;517
862;518
862;519
862;520
862;521
862;522
862;523
862;524
862;525
862;526
862;527
862;528
862;529
862;530
863;453
863;454
863;455
863;456
863;457
863;458
863;459
863;460
863;461
863;462
863;463
863;464
863;465
863;466
863;467
863;468
863;469
863;470
863;471
863;472
863;473
863;474
863;475
863;476
863;477
863;478
863;479
863;480
863;481
863;482
863;483
863;484
863;485
863;486
863;487
863;488
863;489
863;490
863;491
863;492
863;493
863;494
863;495
863;496
863;497
863;498
863;499
863;500
863;501
863;502
863;503
863;504
863;505
863;506
863;507
863;508
863;509
863;510
863;511
863;512
863;513
863;514
863;515
863;516
863;517
863;518
863;519
863;520
863;521
863;522
863;523
863;524
863;525
863;526
863;527
863;528
863;529
863;530
863;531
864;449
864;450
864;451
864;452
864;453
864;454
864;455
864;456
864;457
864;458
864;459
864;460
864;461
864;462
864;463
864;464
864;465
864;466
864;467
864;468
864;469
864;470
864;471
864;472
864;473
864;474
864;475
864;476
864;477
864;478
864;479
864;480
864;481
864;482
864;483
864;484
864;485
864;486
864;487
864;488
864;489
864;490
864;491
864;492
864;493
864;494
864;495
864;496
864;497
864;498
864;499
864;500
864;501
864;502
864;503
864;504
864;505
864;506
864;507
864;508
864;509
864;510
864;511
864;512
864;513
864;514
864;515
864;516
864;517
864;518
864;519
864;520
864;521
864;522
864;523
864;524
864;525
864;526
864;527
864;528
864;529
864;530
864;531
865;445
865;446
865;447
865;448
865;449
865;450
865;451
865;452
865;453
865;454
865;455
865;456
865;457
865;458
865;459
865;460
865;461
865;462
865;463
865;464
865;465
865;466
865;467
865;468
865;469
865;470
865;471
865;472
865;473
865;474
865;475
865;476
865;477
865;478
865;479
865;480
865;481
865;482
865;483
865;484
865;485
865;486
865;487
865;488
865;489
865;490
865;491
865;492
865;493
865;494
865;495
865;496
865;497
865;498
865;499
865;500
865;501
865;502
865;503
865;504
865;505
865;506
865;507
865;508
865;509
865;510
865;511
865;512
865;513
865;514
865;515
865;516
865;517
865;518
865;519
865;520
865;521
865;522
865;523
865;524
865;525
865;526
865;527
865;528
865;529
865;530
865;531
866;441
866;442
866;443
866;444
866;445
866;446
866;447
866;448
866;449
866;450
866;451
866;452
866;453
866;454
866;455
866;456
866;457
866;458
866;459
866;460
866;461
866;462
866;463
866;464
866;465
866;466
866;467
866;468
866;469
866;470
866;471
866;472
866;473
866;474
866;475
866;476
866;477
866;478
866;479
866;480
866;481
866;482
866;483
866;484
866;485
866;486
866;487
866;488
866;489
866;490
866;491
866;492
866;493
866;494
866;495
866;496
866;497
866;498
866;499
866;500
866;501
866;502
866;503
866;504
866;505
866;506
866;507
866;508
866;509
866;510
866;511
866;512
866;513
866;514
866;515
866;516
866;517
866;518
866;519
866;520
866;521
866;522
866;523
866;524
866;525
866;526
866;527
866;528
866;529
866;530
866;531
867;437
867;438
867;439
867;440
867;441
867;442
867;443
867;444
867;445
867;446
867;447
867;448
867;449
867;450
867;451
867;452
867;453
867;454
867;455
867;456
867;457
867;458
867;459
867;460
867;461
867;462
867;463
867;464
867;465
867;466
867;467
867;468
867;469
867;470
867;471
867;472
867;473
867;474
867;475
867;476
867;477
867;478
867;479
867;480
867;481
867;482
867;483
867;484
867;485
867;486
867;487
867;488
867;489
867;490
867;491
867;492
867;493
867;494
867;495
867;496
867;497
867;498
867;499
867;500
867;501
867;502
867;503
867;504
867;505
867;506
867;507
867;508
867;509
867;510
867;511
867;512
867;513
867;514
867;515
867;516
867;517
867;518
867;519
867;520
867;521
867;522
867;523
867;524
867;525
867;526
867;527
867;528
867;529
867;530
867;531
867;532
868;433
868;434
868;435
868;436
868;437
868;438
868;439
868;440
868;441
868;442
868;443
868;444
868;445
868;446
868;447
868;448
868;449
868;450
868;451
868;452
868;453
868;454
868;455
868;456
868;457
868;458
868;459
868;460
868;461
868;462
868;463
868;464
868;465
868;466
868;467
868;468
868;469
868;470
868;471
868;472
868;473
868;474
868;475
868;476
868;477
868;478
868;479
868;480
868;481
868;482
868;483
868;484
868;485
868;486
868;487
868;488
868;489
868;490
868;491
868;492
868;493
868;494
868;495
868;496
868;497
868;498
868;499
868;500
868;501
868;502
868;503
868;504
868;505
868;506
868;507
868;508
868;509
868;510
868;511
868;512
868;513
868;514
868;515
868;516
868;517
868;518
868;519
868;520
868;521
868;522
868;523
868;524
868;525
868;526
868;527
868;528
868;529
868;530
868;531
868;532
869;429
869;430
869;431
869;432
869;433
869;434
869;435
869;436
869;437
869;438
869;439
869;440
869;441
869;442
869;443
869;444
869;445
869;446
869;447
869;448
869;449
869;450
869;451
869;452
869;453
869;454
869;455
869;456
869;457
869;458
869;459
869;460
869;461
869;462
869;463
869;464
869;465
869;466
869;467
869;468
869;469
869;470
869;471
869;472
869;473
869;474
869;475
869;476
869;477
869;478
869;479
869;480
869;481
869;482
869;483
869;484
869;485
869;486
869;487
869;488
869;489
869;490
869;491
869;492
869;493
869;494
869;495
869;496
869;497
869;498
869;499
869;500
869;501
869;502
869;503
869;504
869;505
869;506
869;507
869;508
869;509
869;510
869;511
869;512
869;513
869;514
869;515
869;516
869;517
869;518
869;519
869;520
869;521
869;522
869;523
869;524
869;525
869;526
869;527
869;528
869;529
869;530
869;531
869;532
869;533
870;425
870;427
870;428
870;429
870;430
870;431
870;432
870;433
870;434
870;435
870;436
870;437
870;438
870;439
870;440
870;441
870;442
870;443
870;444
870;445
870;446
870;447
870;448
870;449
870;450
870;451
870;452
870;453
870;454
870;455
870;456
870;457
870;458
870;459
870;460
870;461
870;462
870;463
870;464
870;465
870;466
870;467
870;468
870;469
870;470
870;471
870;472
870;473
870;474
870;475
870;476
870;477
870;478
870;479
870;480
870;481
870;482
870;483
870;484
870;485
870;486
870;487
870;488
870;489
870;490
870;491
870;492
870;493
870;494
870;495
870;496
870;497
870;498
870;499
870;500
870;501
870;502
870;503
870;504
870;505
870;506
870;507
870;508
870;509
870;510
870;511
870;512
870;513
870;514
870;515
870;516
870;517
870;518
870;519
870;520
870;521
870;522
870;523
870;524
870;525
870;526
870;527
870;528
870;529
870;530
870;531
870;532
870;533
871;424
871;425
871;426
871;427
871;428
871;429
871;430
871;431
871;432
871;433
871;434
871;435
871;436
871;437
871;438
871;439
871;440
871;441
871;442
871;443
871;444
871;445
871;446
871;447
871;448
871;449
871;450
871;451
871;452
871;453
871;454
871;455
871;456
871;457
871;458
871;459
871;460
871;461
871;462
871;463
871;464
871;465
871;466
871;467
871;468
871;469
871;470
871;471
871;472
871;473
871;474
871;475
871;476
871;477
871;478
871;479
871;480
871;481
871;482
871;483
871;484
871;485
871;486
871;487
871;488
871;489
871;490
871;491
871;492
871;493
871;494
871;495
871;496
871;497
871;498
871;499
871;500
871;501
871;502
871;503
871;504
871;505
871;506
871;507
871;508
871;509
871;510
871;511
871;512
871;513
871;514
871;515
871;516
871;517
871;518
871;519
871;520
871;521
871;522
871;523
871;524
871;525
871;526
871;527
871;528
871;529
871;530
871;531
871;532
871;533
872;424
872;425
872;426
872;427
872;428
872;429
872;430
872;431
872;432
872;433
872;434
872;435
872;436
872;437
872;438
872;439
872;440
872;441
872;442
872;443
872;444
872;445
872;446
872;447
872;448
872;449
872;450
872;451
872;452
872;453
872;454
872;455
872;456
872;457
872;458
872;459
872;460
872;461
872;462
872;463
872;464
872;465
872;466
872;467
872;468
872;469
872;470
872;471
872;472
872;473
872;474
872;475
872;476
872;477
872;478
872;479
872;480
872;481
872;482
872;483
872;484
872;485
872;486
872;487
872;488
872;489
872;490
872;491
872;492
872;493
872;494
872;495
872;496
872;497
872;498
872;499
872;500
872;501
872;502
872;503
872;504
872;505
872;506
872;507
872;508
872;509
872;510
872;511
872;512
872;513
872;514
872;515
872;516
872;517
872;518
872;519
872;520
872;521
872;522
872;523
872;524
872;525
872;526
872;527
872;528
872;529
872;530
872;531
872;532
872;533
872;534
873;424
873;425
873;426
873;427
873;428
873;429
873;430
873;431
873;432
873;433
873;434
873;435
873;436
873;437
873;438
873;439
873;440
873;441
873;442
873;443
873;444
873;445
873;446
873;447
873;448
873;449
873;450
873;451
873;452
873;453
873;454
873;455
873;456
873;457
873;458
873;459
873;460
873;461
873;462
873;463
873;464
873;465
873;466
873;467
873;468
873;469
873;470
873;471
873;472
873;473
873;474
873;475
873;476
873;477
873;478
873;479
873;480
873;481
873;482
873;483
873;484
873;485
873;486
873;487
873;488
873;489
873;490
873;491
873;492
873;493
873;494
873;495
873;496
873;497
873;498
873;499
873;500
873;501
873;502
873;503
873;504
873;505
873;506
873;507
873;508
873;509
873;510
873;511
873;512
873;513
873;514
873;515
873;516
873;517
873;518
873;519
873;520
873;521
873;522
873;523
873;524
873;525
873;526
873;527
873;528
873;529
873;530
873;531
873;532
873;533
873;534
874;425
874;426
874;427
874;428
874;429
874;430
874;431
874;432
874;433
874;434
874;435
874;436
874;437
874;438
874;439
874;440
874;441
874;442
874;443
874;444
874;445
874;446
874;447
874;448
874;449
874;450
874;451
874;452
874;453
874;454
874;455
874;456
874;457
874;458
874;459
874;460
874;461
874;462
874;463
874;464
874;465
874;466
874;467
874;468
874;469
874;470
874;471
874;472
874;473
874;474
874;475
874;476
874;477
874;478
874;479
874;480
874;481
874;482
874;483
874;484
874;485
874;486
874;487
874;488
874;489
874;490
874;491
874;492
874;493
874;494
874;495
874;496
874;497
874;498
874;499
874;500
874;501
874;502
874;503
874;504
874;505
874;506
874;507
874;508
874;509
874;510
874;511
874;512
874;513
874;514
874;515
874;516
874;517
874;518
874;519
874;520
874;521
874;522
874;523
874;524
874;525
874;526
874;527
874;528
874;529
874;530
874;531
874;532
874;533
874;534
875;425
875;426
875;427
875;428
875;429
875;430
875;431
875;432
875;433
875;434
875;435
875;436
875;437
875;438
875;439
875;440
875;441
875;442
875;443
875;444
875;445
875;446
875;447
875;448
875;449
875;450
875;451
875;452
875;453
875;454
875;455
875;456
875;457
875;458
875;459
875;460
875;461
875;462
875;463
875;464
875;465
875;466
875;467
875;468
875;469
875;470
875;471
875;472
875;473
875;474
875;475
875;476
875;477
875;478
875;479
875;480
875;481
875;482
875;483
875;484
875;485
875;486
875;487
875;488
875;489
875;490
875;491
875;492
875;493
875;494
875;495
875;496
875;497
875;498
875;499
875;500
875;501
875;502
875;503
875;504
875;505
875;506
875;507
875;508
875;509
875;510
875;511
875;512
875;513
875;514
875;515
875;516
875;517
875;518
875;519
875;520
875;521
875;522
875;523
875;524
875;525
875;526
875;527
875;528
875;529
875;530
875;531
875;532
875;533
875;534
875;535
876;426
876;427
876;428
876;429
876;430
876;431
876;432
876;433
876;434
876;435
876;436
876;437
876;438
876;439
876;440
876;441
876;442
876;443
876;444
876;445
876;446
876;447
876;448
876;449
876;450
876;451
876;452
876;453
876;454
876;455
876;456
876;457
876;458
876;459
876;460
876;461
876;462
876;463
876;464
876;465
876;466
876;467
876;468
876;469
876;470
876;471
876;472
876;473
876;474
876;475
876;476
876;477
876;478
876;479
876;480
876;481
876;482
876;483
876;484
876;485
876;486
876;487
876;488
876;489
876;490
876;491
876;492
876;493
876;494
876;495
876;496
876;497
876;498
876;499
876;500
876;501
876;502
876;503
876;504
876;505
876;506
876;507
876;508
876;509
876;510
876;511
876;512
876;513
876;514
876;515
876;516
876;517
876;518
876;519
876;520
876;521
876;522
876;523
876;524
876;525
876;526
876;527
876;528
876;529
876;530
876;531
876;532
876;533
876;534
876;535
877;426
877;427
877;428
877;429
877;430
877;431
877;432
877;433
877;434
877;435
877;436
877;437
877;438
877;439
877;440
877;441
877;442
877;443
877;444
877;445
877;446
877;447
877;448
877;449
877;450
877;451
877;452
877;453
877;454
877;455
877;456
877;457
877;458
877;459
877;460
877;461
877;462
877;463
877;464
877;465
877;466
877;467
877;468
877;469
877;470
877;471
877;472
877;473
877;474
877;475
877;476
877;477
877;478
877;479
877;480
877;481
877;482
877;483
877;484
877;485
877;486
877;487
877;488
877;489
877;490
877;491
877;492
877;493
877;494
877;495
877;496
877;497
877;498
877;499
877;500
877;501
877;502
877;503
877;504
877;505
877;506
877;507
877;508
877;509
877;510
877;511
877;512
877;513
877;514
877;515
877;516
877;517
877;518
877;519
877;520
877;521
877;522
877;523
877;524
877;525
877;526
877;527
877;528
877;529
877;530
877;531
877;532
877;533
877;534
877;535
878;426
878;427
878;428
878;429
878;430
878;431
878;432
878;433
878;434
878;435
878;436
878;437
878;438
878;439
878;440
878;441
878;442
878;443
878;444
878;445
878;446
878;447
878;448
878;449
878;450
878;451
878;452
878;453
878;454
878;455
878;456
878;457
878;458
878;459
878;460
878;461
878;462
878;463
878;464
878;465
878;466
878;467
878;468
878;469
878;470
878;471
878;472
878;473
878;474
878;475
878;476
878;477
878;478
878;479
878;480
878;481
878;482
878;483
878;484
878;485
878;486
878;487
878;488
878;489
878;490
878;491
878;492
878;493
878;494
878;495
878;496
878;497
878;498
878;499
878;500
878;501
878;502
878;503
878;504
878;505
878;506
878;507
878;508
878;509
878;510
878;511
878;512
878;513
878;514
878;515
878;516
878;517
878;518
878;519
878;520
878;521
878;522
878;523
878;524
878;525
878;526
878;527
878;528
878;529
878;530
878;531
878;532
878;533
878;534
878;535
878;536
879;426
879;427
879;428
879;429
879;430
879;431
879;432
879;433
879;434
879;435
879;436
879;437
879;438
879;439
879;440
879;441
879;442
879;443
879;444
879;445
879;446
879;447
879;448
879;449
879;450
879;451
879;452
879;453
879;454
879;455
879;456
879;457
879;458
879;459
879;460
879;461
879;462
879;463
879;464
879;465
879;466
879;467
879;468
879;469
879;470
879;471
879;472
879;473
879;474
879;475
879;476
879;477
879;478
879;479
879;480
879;481
879;482
879;483
879;484
879;485
879;486
879;487
879;488
879;489
879;490
879;491
879;492
879;493
879;494
879;495
879;496
879;497
879;498
879;499
879;500
879;501
879;502
879;503
879;504
879;505
879;506
879;507
879;508
879;509
879;510
879;511
879;512
879;513
879;514
879;515
879;516
879;517
879;518
879;519
879;520
879;521
879;522
879;523
879;524
879;525
879;526
879;527
879;528
879;529
879;530
879;531
879;532
879;533
879;534
879;535
879;536
880;427
880;428
880;429
880;430
880;431
880;432
880;433
880;434
880;435
880;436
880;437
880;438
880;439
880;440
880;441
880;442
880;443
880;444
880;445
880;446
880;447
880;448
880;449
880;450
880;451
880;452
880;453
880;454
880;455
880;456
880;457
880;458
880;459
880;460
880;461
880;462
880;463
880;464
880;465
880;466
880;467
880;468
880;469
880;470
880;471
880;472
880;473
880;474
880;475
880;476
880;477
880;478
880;479
880;480
880;481
880;482
880;483
880;484
880;485
880;486
880;487
880;488
880;489
880;490
880;491
880;492
880;493
880;494
880;495
880;496
880;497
880;498
880;499
880;500
880;501
880;502
880;503
880;504
880;505
880;506
880;507
880;508
880;509
880;510
880;511
880;512
880;513
880;514
880;515
880;516
880;517
880;518
880;519
880;520
880;521
880;522
880;523
880;524
880;525
880;526
880;527
880;528
880;529
880;530
880;531
880;532
880;533
880;534
880;535
880;536
881;427
881;428
881;429
881;430
881;431
881;432
881;433
881;434
881;435
881;436
881;437
881;438
881;439
881;440
881;441
881;442
881;443
881;444
881;445
881;446
881;447
881;448
881;449
881;450
881;451
881;452
881;453
881;454
881;455
881;456
881;457
881;458
881;459
881;460
881;461
881;462
881;463
881;464
881;465
881;466
881;467
881;468
881;469
881;470
881;471
881;472
881;473
881;474
881;475
881;476
881;477
881;478
881;479
881;480
881;481
881;482
881;483
881;484
881;485
881;486
881;487
881;488
881;489
881;490
881;491
881;492
881;493
881;494
881;495
881;496
881;497
881;498
881;499
881;500
881;501
881;502
881;503
881;504
881;505
881;506
881;507
881;508
881;509
881;510
881;511
881;512
881;513
881;514
881;515
881;516
881;517
881;518
881;519
881;520
881;521
881;522
881;523
881;524
881;525
881;526
881;527
881;528
881;529
881;530
881;531
881;532
881;533
881;534
881;535
881;536
881;537
882;428
882;429
882;430
882;431
882;432
882;433
882;434
882;435
882;436
882;437
882;438
882;439
882;440
882;441
882;442
882;443
882;444
882;445
882;446
882;447
882;448
882;449
882;450
882;451
882;452
882;453
882;454
882;455
882;456
882;457
882;458
882;459
882;460
882;461
882;462
882;463
882;464
882;465
882;466
882;467
882;468
882;469
882;470
882;471
882;472
882;473
882;474
882;475
882;476
882;477
882;478
882;479
882;480
882;481
882;482
882;483
882;484
882;485
882;486
882;487
882;488
882;489
882;490
882;491
882;492
882;493
882;494
882;495
882;496
882;497
882;498
882;499
882;500
882;501
882;502
882;503
882;504
882;505
882;506
882;507
882;508
882;509
882;510
882;511
882;512
882;513
882;514
882;515
882;516
882;517
882;518
882;519
882;520
882;521
882;522
882;523
882;524
882;525
882;526
882;527
882;528
882;529
882;530
882;531
882;532
882;533
882;534
882;535
882;536
882;537
883;428
883;429
883;430
883;431
883;432
883;433
883;434
883;435
883;436
883;437
883;438
883;439
883;440
883;441
883;442
883;443
883;444
883;445
883;446
883;447
883;448
883;449
883;450
883;451
883;452
883;453
883;454
883;455
883;456
883;457
883;458
883;459
883;460
883;461
883;462
883;463
883;464
883;465
883;466
883;467
883;468
883;469
883;470
883;471
883;472
883;473
883;474
883;475
883;476
883;477
883;478
883;479
883;480
883;481
883;482
883;483
883;484
883;485
883;486
883;487
883;488
883;489
883;490
883;491
883;492
883;493
883;494
883;495
883;496
883;497
883;498
883;499
883;500
883;501
883;502
883;503
883;504
883;505
883;506
883;507
883;508
883;509
883;510
883;511
883;512
883;513
883;514
883;515
883;516
883;517
883;518
883;519
883;520
883;521
883;522
883;523
883;524
883;525
883;526
883;527
883;528
883;529
883;530
883;531
883;532
883;533
883;534
883;535
883;536
883;537
884;428
884;429
884;430
884;431
884;432
884;433
884;434
884;435
884;436
884;437
884;438
884;439
884;440
884;441
884;442
884;443
884;444
884;445
884;446
884;447
884;448
884;449
884;450
884;451
884;452
884;453
884;454
884;455
884;456
884;457
884;458
884;459
884;460
884;461
884;462
884;463
884;464
884;465
884;466
884;467
884;468
884;469
884;470
884;471
884;472
884;473
884;474
884;475
884;476
884;477
884;478
884;479
884;480
884;481
884;482
884;483
884;484
884;485
884;486
884;487
884;488
884;489
884;490
884;491
884;492
884;493
884;494
884;495
884;496
884;497
884;498
884;499
884;500
884;501
884;502
884;503
884;504
884;505
884;506
884;507
884;508
884;509
884;510
884;511
884;512
884;513
884;514
884;515
884;516
884;517
884;518
884;519
884;520
884;521
884;522
884;523
884;524
884;525
884;526
884;527
884;528
884;529
884;530
884;531
884;532
884;533
884;534
884;535
884;536
884;537
884;538
885;428
885;429
885;430
885;431
885;432
885;433
885;434
885;435
885;436
885;437
885;438
885;439
885;440
885;441
885;442
885;443
885;444
885;445
885;446
885;447
885;448
885;449
885;450
885;451
885;452
885;453
885;454
885;455
885;456
885;457
885;458
885;459
885;460
885;461
885;462
885;463
885;464
885;465
885;466
885;467
885;468
885;469
885;470
885;471
885;472
885;473
885;474
885;475
885;476
885;477
885;478
885;479
885;480
885;481
885;482
885;483
885;484
885;485
885;486
885;487
885;488
885;489
885;490
885;491
885;492
885;493
885;494
885;495
885;496
885;497
885;498
885;499
885;500
885;501
885;502
885;503
885;504
885;505
885;506
885;507
885;508
885;509
885;510
885;511
885;512
885;513
885;514
885;515
885;516
885;517
885;518
885;519
885;520
885;521
885;522
885;523
885;524
885;525
885;526
885;527
885;528
885;529
885;530
885;531
885;532
885;533
885;534
885;535
885;536
885;537
885;538
886;429
886;430
886;431
886;432
886;433
886;434
886;435
886;436
886;437
886;438
886;439
886;440
886;441
886;442
886;443
886;444
886;445
886;446
886;447
886;448
886;449
886;450
886;451
886;452
886;453
886;454
886;455
886;456
886;457
886;458
886;459
886;460
886;461
886;462
886;463
886;464
886;465
886;466
886;467
886;468
886;469
886;470
886;471
886;472
886;473
886;474
886;475
886;476
886;477
886;478
886;479
886;480
886;481
886;482
886;483
886;484
886;485
886;486
886;487
886;488
886;489
886;490
886;491
886;492
886;493
886;494
886;495
886;496
886;497
886;498
886;499
886;500
886;501
886;502
886;503
886;504
886;505
886;506
886;507
886;508
886;509
886;510
886;511
886;512
886;513
886;514
886;515
886;516
886;517
886;518
886;519
886;520
886;521
886;522
886;523
886;524
886;525
886;526
886;527
886;528
886;529
886;530
886;531
886;532
886;533
886;534
886;535
886;536
886;537
886;538
887;429
887;430
887;431
887;432
887;433
887;434
887;435
887;436
887;437
887;438
887;439
887;440
887;441
887;442
887;443
887;444
887;445
887;446
887;447
887;448
887;449
887;450
887;451
887;452
887;453
887;454
887;455
887;456
887;457
887;458
887;459
887;460
887;461
887;462
887;463
887;464
887;465
887;466
887;467
887;468
887;469
887;470
887;471
887;472
887;473
887;474
887;475
887;476
887;477
887;478
887;479
887;480
887;481
887;482
887;483
887;484
887;485
887;486
887;487
887;488
887;489
887;490
887;491
887;492
887;493
887;494
887;495
887;496
887;497
887;498
887;499
887;500
887;501
887;502
887;503
887;504
887;505
887;506
887;507
887;508
887;509
887;510
887;511
887;512
887;513
887;514
887;515
887;516
887;517
887;518
887;519
887;520
887;521
887;522
887;523
887;524
887;525
887;526
887;527
887;528
887;529
887;530
887;531
887;532
887;533
887;534
887;535
887;536
887;537
887;538
887;539
888;430
888;431
888;432
888;433
888;434
888;435
888;436
888;437
888;438
888;439
888;440
888;441
888;442
888;443
888;444
888;445
888;446
888;447
888;448
888;449
888;450
888;451
888;452
888;453
888;454
888;455
888;456
888;457
888;458
888;459
888;460
888;461
888;462
888;463
888;464
888;465
888;466
888;467
888;468
888;469
888;470
888;471
888;472
888;473
888;474
888;475
888;476
888;477
888;478
888;479
888;480
888;481
888;482
888;483
888;484
888;485
888;486
888;487
888;488
888;489
888;490
888;491
888;492
888;493
888;494
888;495
888;496
888;497
888;498
888;499
888;500
888;501
888;502
888;503
888;504
888;505
888;506
888;507
888;508
888;509
888;510
888;511
888;512
888;513
888;514
888;515
888;516
888;517
888;518
888;519
888;520
888;521
888;522
888;523
888;524
888;525
888;526
888;527
888;528
888;529
888;530
888;531
888;532
888;533
888;534
888;535
888;536
888;537
888;538
888;539
889;430
889;431
889;432
889;433
889;434
889;435
889;436
889;437
889;438
889;439
889;440
889;441
889;442
889;443
889;444
889;445
889;446
889;447
889;448
889;449
889;450
889;451
889;452
889;453
889;454
889;455
889;456
889;457
889;458
889;459
889;460
889;461
889;462
889;463
889;464
889;465
889;466
889;467
889;468
889;469
889;470
889;471
889;472
889;473
889;474
889;475
889;476
889;477
889;478
889;479
889;480
889;481
889;482
889;483
889;484
889;485
889;486
889;487
889;488
889;489
889;490
889;491
889;492
889;493
889;494
889;495
889;496
889;497
889;498
889;499
889;500
889;501
889;502
889;503
889;504
889;505
889;506
889;507
889;508
889;509
889;510
889;511
889;512
889;513
889;514
889;515
889;516
889;517
889;518
889;519
889;520
889;521
889;522
889;523
889;524
889;525
889;526
889;527
889;528
889;529
889;530
889;531
889;532
889;533
889;534
889;535
889;536
889;537
889;538
889;539
890;430
890;431
890;432
890;433
890;434
890;435
890;436
890;437
890;438
890;439
890;440
890;441
890;442
890;443
890;444
890;445
890;446
890;447
890;448
890;449
890;450
890;451
890;452
890;453
890;454
890;455
890;456
890;457
890;458
890;459
890;460
890;461
890;462
890;463
890;464
890;465
890;466
890;467
890;468
890;469
890;470
890;471
890;472
890;473
890;474
890;475
890;476
890;477
890;478
890;479
890;480
890;481
890;482
890;483
890;484
890;485
890;486
890;487
890;488
890;489
890;490
890;491
890;492
890;493
890;494
890;495
890;496
890;497
890;498
890;499
890;500
890;501
890;502
890;503
890;504
890;505
890;506
890;507
890;508
890;509
890;510
890;511
890;512
890;513
890;514
890;515
890;516
890;517
890;518
890;519
890;520
890;521
890;522
890;523
890;524
890;525
890;526
890;527
890;528
890;529
890;530
890;531
890;532
890;533
890;534
890;535
890;536
890;537
890;538
890;539
890;540
891;431
891;432
891;433
891;434
891;435
891;436
891;437
891;438
891;439
891;440
891;441
891;442
891;443
891;444
891;445
891;446
891;447
891;448
891;449
891;450
891;451
891;452
891;453
891;454
891;455
891;456
891;457
891;458
891;459
891;460
891;461
891;462
891;463
891;464
891;465
891;466
891;467
891;468
891;469
891;470
891;471
891;472
891;473
891;474
891;475
891;476
891;477
891;478
891;479
891;480
891;481
891;482
891;483
891;484
891;485
891;486
891;487
891;488
891;489
891;490
891;491
891;492
891;493
891;494
891;495
891;496
891;497
891;498
891;499
891;500
891;501
891;502
891;503
891;504
891;505
891;506
891;507
891;508
891;509
891;510
891;511
891;512
891;513
891;514
891;515
891;516
891;517
891;518
891;519
891;520
891;521
891;522
891;523
891;524
891;525
891;526
891;527
891;528
891;529
891;530
891;531
891;532
891;533
891;534
891;535
891;536
891;537
891;538
891;539
891;540
892;431
892;432
892;433
892;434
892;435
892;436
892;437
892;438
892;439
892;440
892;441
892;442
892;443
892;444
892;445
892;446
892;447
892;448
892;449
892;450
892;451
892;452
892;453
892;454
892;455
892;456
892;457
892;458
892;459
892;460
892;461
892;462
892;463
892;464
892;465
892;466
892;467
892;468
892;469
892;470
892;471
892;472
892;473
892;474
892;475
892;476
892;477
892;478
892;479
892;480
892;481
892;482
892;483
892;484
892;485
892;486
892;487
892;488
892;489
892;490
892;491
892;492
892;493
892;494
892;495
892;496
892;497
892;498
892;499
892;500
892;501
892;502
892;503
892;504
892;505
892;506
892;507
892;508
892;509
892;510
892;511
892;512
892;513
892;514
892;515
892;516
892;517
892;518
892;519
892;520
892;521
892;522
892;523
892;524
892;525
892;526
892;527
892;528
892;529
892;530
892;531
892;532
892;533
892;534
892;535
892;536
892;537
892;538
892;539
892;540
892;541
893;431
893;432
893;433
893;434
893;435
893;436
893;437
893;438
893;439
893;440
893;441
893;442
893;443
893;444
893;445
893;446
893;447
893;448
893;449
893;450
893;451
893;452
893;453
893;454
893;455
893;456
893;457
893;458
893;459
893;460
893;461
893;462
893;463
893;464
893;465
893;466
893;467
893;468
893;469
893;470
893;471
893;472
893;473
893;474
893;475
893;476
893;477
893;478
893;479
893;480
893;481
893;482
893;483
893;484
893;485
893;486
893;487
893;488
893;489
893;490
893;491
893;492
893;493
893;494
893;495
893;496
893;497
893;498
893;499
893;500
893;501
893;502
893;503
893;504
893;505
893;506
893;507
893;508
893;509
893;510
893;511
893;512
893;513
893;514
893;515
893;516
893;517
893;518
893;519
893;520
893;521
893;522
893;523
893;524
893;525
893;526
893;527
893;528
893;529
893;530
893;531
893;532
893;533
893;534
893;535
893;536
893;537
893;538
893;539
893;540
893;541
894;432
894;433
894;434
894;435
894;436
894;437
894;438
894;439
894;440
894;441
894;442
894;443
894;444
894;445
894;446
894;447
894;448
894;449
894;450
894;451
894;452
894;453
894;454
894;455
894;456
894;457
894;458
894;459
894;460
894;461
894;462
894;463
894;464
894;465
894;466
894;467
894;468
894;469
894;470
894;471
894;472
894;473
894;474
894;475
894;476
894;477
894;478
894;479
894;480
894;481
894;482
894;483
894;484
894;485
894;486
894;487
894;488
894;489
894;490
894;491
894;492
894;493
894;494
894;495
894;496
894;497
894;498
894;499
894;500
894;501
894;502
894;503
894;504
894;505
894;506
894;507
894;508
894;509
894;510
894;511
894;512
894;513
894;514
894;515
894;516
894;517
894;518
894;519
894;520
894;521
894;522
894;523
894;524
894;525
894;526
894;527
894;528
894;529
894;530
894;531
894;532
894;533
894;534
894;535
894;536
894;537
894;538
894;539
894;540
894;541
895;432
895;433
895;434
895;435
895;436
895;437
895;438
895;439
895;440
895;441
895;442
895;443
895;444
895;445
895;446
895;447
895;448
895;449
895;450
895;451
895;452
895;453
895;454
895;455
895;456
895;457
895;458
895;459
895;460
895;461
895;462
895;463
895;464
895;465
895;466
895;467
895;468
895;469
895;470
895;471
895;472
895;473
895;474
895;475
895;476
895;477
895;478
895;479
895;480
895;481
895;482
895;483
895;484
895;485
895;486
895;487
895;488
895;489
895;490
895;491
895;492
895;493
895;494
895;495
895;496
895;497
895;498
895;499
895;500
895;501
895;502
895;503
895;504
895;505
895;506
895;507
895;508
895;509
895;510
895;511
895;512
895;513
895;514
895;515
895;516
895;517
895;518
895;519
895;520
895;521
895;522
895;523
895;524
895;525
895;526
895;527
895;528
895;529
895;530
895;531
895;532
895;533
895;534
895;535
895;536
895;537
895;538
895;539
895;540
895;541
896;432
896;433
896;434
896;435
896;436
896;437
896;438
896;439
896;440
896;441
896;442
896;443
896;444
896;445
896;446
896;447
896;448
896;449
896;450
896;451
896;452
896;453
896;454
896;455
896;456
896;457
896;458
896;459
896;460
896;461
896;462
896;463
896;464
896;465
896;466
896;467
896;468
896;469
896;470
896;471
896;472
896;473
896;474
896;475
896;476
896;477
896;478
896;479
896;480
896;481
896;482
896;483
896;484
896;485
896;486
896;487
896;488
896;489
896;490
896;491
896;492
896;493
896;494
896;495
896;496
896;497
896;498
896;499
896;500
896;501
896;502
896;503
896;504
896;505
896;506
896;507
896;508
896;509
896;510
896;511
896;512
896;513
896;514
896;515
896;516
896;517
896;518
896;519
896;520
896;521
896;522
896;523
896;524
896;525
896;526
896;527
896;528
896;529
896;530
896;531
896;532
896;533
896;534
896;535
896;536
896;537
896;538
896;539
896;540
896;541
896;542
897;433
897;434
897;435
897;436
897;437
897;438
897;439
897;440
897;441
897;442
897;443
897;444
897;445
897;446
897;447
897;448
897;449
897;450
897;451
897;452
897;453
897;454
897;455
897;456
897;457
897;458
897;459
897;460
897;461
897;462
897;463
897;464
897;465
897;466
897;467
897;468
897;469
897;470
897;471
897;472
897;473
897;474
897;475
897;476
897;477
897;478
897;479
897;480
897;481
897;482
897;483
897;484
897;485
897;486
897;487
897;488
897;489
897;490
897;491
897;492
897;493
897;494
897;495
897;496
897;497
897;498
897;499
897;500
897;501
897;502
897;503
897;504
897;505
897;506
897;507
897;508
897;509
897;510
897;511
897;512
897;513
897;514
897;515
897;516
897;517
897;518
897;519
897;520
897;521
897;522
897;523
897;524
897;525
897;526
897;527
897;528
897;529
897;530
897;531
897;532
897;533
897;534
897;535
897;536
897;537
897;538
897;539
897;540
897;541
897;542
898;433
898;434
898;435
898;436
898;437
898;438
898;439
898;440
898;441
898;442
898;443
898;444
898;445
898;446
898;447
898;448
898;449
898;450
898;451
898;452
898;453
898;454
898;455
898;456
898;457
898;458
898;459
898;460
898;461
898;462
898;463
898;464
898;465
898;466
898;467
898;468
898;469
898;470
898;471
898;472
898;473
898;474
898;475
898;476
898;477
898;478
898;479
898;480
898;481
898;482
898;483
898;484
898;485
898;486
898;487
898;488
898;489
898;490
898;491
898;492
898;493
898;494
898;495
898;496
898;497
898;498
898;499
898;500
898;501
898;502
898;503
898;504
898;505
898;506
898;507
898;508
898;509
898;510
898;511
898;512
898;513
898;514
898;515
898;516
898;517
898;518
898;519
898;520
898;521
898;522
898;523
898;524
898;525
898;526
898;527
898;528
898;529
898;530
898;531
898;532
898;533
898;534
898;535
898;536
898;537
898;538
898;539
898;540
898;541
898;542
898;543
899;433
899;434
899;435
899;436
899;437
899;438
899;439
899;440
899;441
899;442
899;443
899;444
899;445
899;446
899;447
899;448
899;449
899;450
899;451
899;452
899;453
899;454
899;455
899;456
899;457
899;458
899;459
899;460
899;461
899;462
899;463
899;464
899;465
899;466
899;467
899;468
899;469
899;470
899;471
899;472
899;473
899;474
899;475
899;476
899;477
899;478
899;479
899;480
899;481
899;482
899;483
899;484
899;485
899;486
899;487
899;488
899;489
899;490
899;491
899;492
899;493
899;494
899;495
899;496
899;497
899;498
899;499
899;500
899;501
899;502
899;503
899;504
899;505
899;506
899;507
899;508
899;509
899;510
899;511
899;512
899;513
899;514
899;515
899;516
899;517
899;518
899;519
899;520
899;521
899;522
899;523
899;524
899;525
899;526
899;527
899;528
899;529
899;530
899;531
899;532
899;533
899;534
899;535
899;536
899;537
899;538
899;539
899;540
899;541
899;542
899;543
900;434
900;435
900;436
900;437
900;438
900;439
900;440
900;441
900;442
900;443
900;444
900;445
900;446
900;447
900;448
900;449
900;450
900;451
900;452
900;453
900;454
900;455
900;456
900;457
900;458
900;459
900;460
900;461
900;462
900;463
900;464
900;465
900;466
900;467
900;468
900;469
900;470
900;471
900;472
900;473
900;474
900;475
900;476
900;477
900;478
900;479
900;480
900;481
900;482
900;483
900;484
900;485
900;486
900;487
900;488
900;489
900;490
900;491
900;492
900;493
900;494
900;495
900;496
900;497
900;498
900;499
900;500
900;501
900;502
900;503
900;504
900;505
900;506
900;507
900;508
900;509
900;510
900;511
900;512
900;513
900;514
900;515
900;516
900;517
900;518
900;519
900;520
900;521
900;522
900;523
900;524
900;525
900;526
900;527
900;528
900;529
900;530
900;531
900;532
900;533
900;534
900;535
900;536
900;537
900;538
900;539
900;540
900;541
900;542
900;543
901;434
901;435
901;436
901;437
901;438
901;439
901;440
901;441
901;442
901;443
901;444
901;445
901;446
901;447
901;448
901;449
901;450
901;451
901;452
901;453
901;454
901;455
901;456
901;457
901;458
901;459
901;460
901;461
901;462
901;463
901;464
901;465
901;466
901;467
901;468
901;469
901;470
901;471
901;472
901;473
901;474
901;475
901;476
901;477
901;478
901;479
901;480
901;481
901;482
901;483
901;484
901;485
901;486
901;487
901;488
901;489
901;490
901;491
901;492
901;493
901;494
901;495
901;496
901;497
901;498
901;499
901;500
901;501
901;502
901;503
901;504
901;505
901;506
901;507
901;508
901;509
901;510
901;511
901;512
901;513
901;514
901;515
901;516
901;517
901;518
901;519
901;520
901;521
901;522
901;523
901;524
901;525
901;526
901;527
901;528
901;529
901;530
901;531
901;532
901;533
901;534
901;535
901;536
901;537
901;538
901;539
901;540
901;541
901;542
901;543
902;434
902;435
902;436
902;437
902;438
902;439
902;440
902;441
902;442
902;443
902;444
902;445
902;446
902;447
902;448
902;449
902;450
902;451
902;452
902;453
902;454
902;455
902;456
902;457
902;458
902;459
902;460
902;461
902;462
902;463
902;464
902;465
902;466
902;467
902;468
902;469
902;470
902;471
902;472
902;473
902;474
902;475
902;476
902;477
902;478
902;479
902;480
902;481
902;482
902;483
902;484
902;485
902;486
902;487
902;488
902;489
902;490
902;491
902;492
902;493
902;494
902;495
902;496
902;497
902;498
902;499
902;500
902;501
902;502
902;503
902;504
902;505
902;506
902;507
902;508
902;509
902;510
902;511
902;512
902;513
902;514
902;515
902;516
902;517
902;518
902;519
902;520
902;521
902;522
902;523
902;524
902;525
902;526
902;527
902;528
902;529
902;530
902;531
902;532
902;533
902;534
902;535
902;536
902;537
902;538
902;539
902;540
902;541
902;542
902;543
902;544
903;435
903;436
903;437
903;438
903;439
903;440
903;441
903;442
903;443
903;444
903;445
903;446
903;447
903;448
903;449
903;450
903;451
903;452
903;453
903;454
903;455
903;456
903;457
903;458
903;459
903;460
903;461
903;462
903;463
903;464
903;465
903;466
903;467
903;468
903;469
903;470
903;471
903;472
903;473
903;474
903;475
903;476
903;477
903;478
903;479
903;480
903;481
903;482
903;483
903;484
903;485
903;486
903;487
903;488
903;489
903;490
903;491
903;492
903;493
903;494
903;495
903;496
903;497
903;498
903;499
903;500
903;501
903;502
903;503
903;504
903;505
903;506
903;507
903;508
903;509
903;510
903;511
903;512
903;513
903;514
903;515
903;516
903;517
903;518
903;519
903;520
903;521
903;522
903;523
903;524
903;525
903;526
903;527
903;528
903;529
903;530
903;531
903;532
903;533
903;534
903;535
903;536
903;537
903;538
903;539
903;540
903;541
903;542
903;543
903;544
904;435
904;436
904;437
904;438
904;439
904;440
904;441
904;442
904;443
904;444
904;445
904;446
904;447
904;448
904;449
904;450
904;451
904;452
904;453
904;454
904;455
904;456
904;457
904;458
904;459
904;460
904;461
904;462
904;463
904;464
904;465
904;466
904;467
904;468
904;469
904;470
904;471
904;472
904;473
904;474
904;475
904;476
904;477
904;478
904;479
904;480
904;481
904;482
904;483
904;484
904;485
904;486
904;487
904;488
904;489
904;490
904;491
904;492
904;493
904;494
904;495
904;496
904;497
904;498
904;499
904;500
904;501
904;502
904;503
904;504
904;505
904;506
904;507
904;508
904;509
904;510
904;511
904;512
904;513
904;514
904;515
904;516
904;517
904;518
904;519
904;520
904;521
904;522
904;523
904;524
904;525
904;526
904;527
904;528
904;529
904;530
904;531
904;532
904;533
904;534
904;535
904;536
904;537
904;538
904;539
904;540
904;541
904;542
904;543
904;544
904;545
905;435
905;436
905;437
905;438
905;439
905;440
905;441
905;442
905;443
905;444
905;445
905;446
905;447
905;448
905;449
905;450
905;451
905;452
905;453
905;454
905;455
905;456
905;457
905;458
905;459
905;460
905;461
905;462
905;463
905;464
905;465
905;466
905;467
905;468
905;469
905;470
905;471
905;472
905;473
905;474
905;475
905;476
905;477
905;478
905;479
905;480
905;481
905;482
905;483
905;484
905;485
905;486
905;487
905;488
905;489
905;490
905;491
905;492
905;493
905;494
905;495
905;496
905;497
905;498
905;499
905;500
905;501
905;502
905;503
905;504
905;505
905;506
905;507
905;508
905;509
905;510
905;511
905;512
905;513
905;514
905;515
905;516
905;517
905;518
905;519
905;520
905;521
905;522
905;523
905;524
905;525
905;526
905;527
905;528
905;529
905;530
905;531
905;532
905;533
905;534
905;535
905;536
905;537
905;538
905;539
905;540
905;541
905;542
905;543
905;544
905;545
906;436
906;437
906;438
906;439
906;440
906;441
906;442
906;443
906;444
906;445
906;446
906;447
906;448
906;449
906;450
906;451
906;452
906;453
906;454
906;455
906;456
906;457
906;458
906;459
906;460
906;461
906;462
906;463
906;464
906;465
906;466
906;467
906;468
906;469
906;470
906;471
906;472
906;473
906;474
906;475
906;476
906;477
906;478
906;479
906;480
906;481
906;482
906;483
906;484
906;485
906;486
906;487
906;488
906;489
906;490
906;491
906;492
906;493
906;494
906;495
906;496
906;497
906;498
906;499
906;500
906;501
906;502
906;503
906;504
906;505
906;506
906;507
906;508
906;509
906;510
906;511
906;512
906;513
906;514
906;515
906;516
906;517
906;518
906;519
906;520
906;521
906;522
906;523
906;524
906;525
906;526
906;527
906;528
906;529
906;530
906;531
906;532
906;533
906;534
906;535
906;536
906;537
906;538
906;539
906;540
906;541
906;542
906;543
906;544
906;545
907;436
907;437
907;438
907;439
907;440
907;441
907;442
907;443
907;444
907;445
907;446
907;447
907;448
907;449
907;450
907;451
907;452
907;453
907;454
907;455
907;456
907;457
907;458
907;459
907;460
907;461
907;462
907;463
907;464
907;465
907;466
907;467
907;468
907;469
907;470
907;471
907;472
907;473
907;474
907;475
907;476
907;477
907;478
907;479
907;480
907;481
907;482
907;483
907;484
907;485
907;486
907;487
907;488
907;489
907;490
907;491
907;492
907;493
907;494
907;495
907;496
907;497
907;498
907;499
907;500
907;501
907;502
907;503
907;504
907;505
907;506
907;507
907;508
907;509
907;510
907;511
907;512
907;513
907;514
907;515
907;516
907;517
907;518
907;519
907;520
907;521
907;522
907;523
907;524
907;525
907;526
907;527
907;528
907;529
907;530
907;531
907;532
907;533
907;534
907;535
907;536
907;537
907;538
907;539
907;540
907;541
907;542
907;543
907;544
907;545
908;436
908;437
908;438
908;439
908;440
908;441
908;442
908;443
908;444
908;445
908;446
908;447
908;448
908;449
908;450
908;451
908;452
908;453
908;454
908;455
908;456
908;457
908;458
908;459
908;460
908;461
908;462
908;463
908;464
908;465
908;466
908;467
908;468
908;469
908;470
908;471
908;472
908;473
908;474
908;475
908;476
908;477
908;478
908;479
908;480
908;481
908;482
908;483
908;484
908;485
908;486
908;487
908;488
908;489
908;490
908;491
908;492
908;493
908;494
908;495
908;496
908;497
908;498
908;499
908;500
908;501
908;502
908;503
908;504
908;505
908;506
908;507
908;508
908;509
908;510
908;511
908;512
908;513
908;514
908;515
908;516
908;517
908;518
908;519
908;520
908;521
908;522
908;523
908;524
908;525
908;526
908;527
908;528
908;529
908;530
908;531
908;532
908;533
908;534
908;535
908;536
908;537
908;538
908;539
908;540
908;541
908;542
908;543
908;544
908;545
908;546
909;437
909;438
909;439
909;440
909;441
909;442
909;443
909;444
909;445
909;446
909;447
909;448
909;449
909;450
909;451
909;452
909;453
909;454
909;455
909;456
909;457
909;458
909;459
909;460
909;461
909;462
909;463
909;464
909;465
909;466
909;467
909;468
909;469
909;470
909;471
909;472
909;473
909;474
909;475
909;476
909;477
909;478
909;479
909;480
909;481
909;482
909;483
909;484
909;485
909;486
909;487
909;488
909;489
909;490
909;491
909;492
909;493
909;494
909;495
909;496
909;497
909;498
909;499
909;500
909;501
909;502
909;503
909;504
909;505
909;506
909;507
909;508
909;509
909;510
909;511
909;512
909;513
909;514
909;515
909;516
909;517
909;518
909;519
909;520
909;521
909;522
909;523
909;524
909;525
909;526
909;527
909;528
909;529
909;530
909;531
909;532
909;533
909;534
909;535
909;536
909;537
909;538
909;539
909;540
909;541
909;542
909;543
909;544
909;545
909;546
910;437
910;438
910;439
910;440
910;441
910;442
910;443
910;444
910;445
910;446
910;447
910;448
910;449
910;450
910;451
910;452
910;453
910;454
910;455
910;456
910;457
910;458
910;459
910;460
910;461
910;462
910;463
910;464
910;465
910;466
910;467
910;468
910;469
910;470
910;471
910;472
910;473
910;474
910;475
910;476
910;477
910;478
910;479
910;480
910;481
910;482
910;483
910;484
910;485
910;486
910;487
910;488
910;489
910;490
910;491
910;492
910;493
910;494
910;495
910;496
910;497
910;498
910;499
910;500
910;501
910;502
910;503
910;504
910;505
910;506
910;507
910;508
910;509
910;510
910;511
910;512
910;513
910;514
910;515
910;516
910;517
910;518
910;519
910;520
910;521
910;522
910;523
910;524
910;525
910;526
910;527
910;528
910;529
910;530
910;531
910;532
910;533
910;534
910;535
910;536
910;537
910;538
910;539
910;540
910;541
910;542
910;543
910;544
910;545
910;546
910;547
911;438
911;439
911;440
911;441
911;442
911;443
911;444
911;445
911;446
911;447
911;448
911;449
911;450
911;451
911;452
911;453
911;454
911;455
911;456
911;457
911;458
911;459
911;460
911;461
911;462
911;463
911;464
911;465
911;466
911;467
911;468
911;469
911;470
911;471
911;472
911;473
911;474
911;475
911;476
911;477
911;478
911;479
911;480
911;481
911;482
911;483
911;484
911;485
911;486
911;487
911;488
911;489
911;490
911;491
911;492
911;493
911;494
911;495
911;496
911;497
911;498
911;499
911;500
911;501
911;502
911;503
911;504
911;505
911;506
911;507
911;508
911;509
911;510
911;511
911;512
911;513
911;514
911;515
911;516
911;517
911;518
911;519
911;520
911;521
911;522
911;523
911;524
911;525
911;526
911;527
911;528
911;529
911;530
911;531
911;532
911;533
911;534
911;535
911;536
911;537
911;538
911;539
911;540
911;541
911;542
911;543
911;544
911;545
911;546
911;547
912;438
912;439
912;440
912;441
912;442
912;443
912;444
912;445
912;446
912;447
912;448
912;449
912;450
912;451
912;452
912;453
912;454
912;455
912;456
912;457
912;458
912;459
912;460
912;461
912;462
912;463
912;464
912;465
912;466
912;467
912;468
912;469
912;470
912;471
912;472
912;473
912;474
912;475
912;476
912;477
912;478
912;479
912;480
912;481
912;482
912;483
912;484
912;485
912;486
912;487
912;488
912;489
912;490
912;491
912;492
912;493
912;494
912;495
912;496
912;497
912;498
912;499
912;500
912;501
912;502
912;503
912;504
912;505
912;506
912;507
912;508
912;509
912;510
912;511
912;512
912;513
912;514
912;515
912;516
912;517
912;518
912;519
912;520
912;521
912;522
912;523
912;524
912;525
912;526
912;527
912;528
912;529
912;530
912;531
912;532
912;533
912;534
912;535
912;536
912;537
912;538
912;539
912;540
912;541
912;542
912;543
912;544
912;545
912;546
912;547
913;438
913;439
913;440
913;441
913;442
913;443
913;444
913;445
913;446
913;447
913;448
913;449
913;450
913;451
913;452
913;453
913;454
913;455
913;456
913;457
913;458
913;459
913;460
913;461
913;462
913;463
913;464
913;465
913;466
913;467
913;468
913;469
913;470
913;471
913;472
913;473
913;474
913;475
913;476
913;477
913;478
913;479
913;480
913;481
913;482
913;483
913;484
913;485
913;486
913;487
913;488
913;489
913;490
913;491
913;492
913;493
913;494
913;495
913;496
913;497
913;498
913;499
913;500
913;501
913;502
913;503
913;504
913;505
913;506
913;507
913;508
913;509
913;510
913;511
913;512
913;513
913;514
913;515
913;516
913;517
913;518
913;519
913;520
913;521
913;522
913;523
913;524
913;525
913;526
913;527
913;528
913;529
913;530
913;531
913;532
913;533
913;534
913;535
913;536
913;537
913;538
913;539
913;540
913;541
913;542
913;543
913;544
913;545
913;546
913;547
913;548
914;438
914;439
914;440
914;441
914;442
914;443
914;444
914;445
914;446
914;447
914;448
914;449
914;450
914;451
914;452
914;453
914;454
914;455
914;456
914;457
914;458
914;459
914;460
914;461
914;462
914;463
914;464
914;465
914;466
914;467
914;468
914;469
914;470
914;471
914;472
914;473
914;474
914;475
914;476
914;477
914;478
914;479
914;480
914;481
914;482
914;483
914;484
914;485
914;486
914;487
914;488
914;489
914;490
914;491
914;492
914;493
914;494
914;495
914;496
914;497
914;498
914;499
914;500
914;501
914;502
914;503
914;504
914;505
914;506
914;507
914;508
914;509
914;510
914;511
914;512
914;513
914;514
914;515
914;516
914;517
914;518
914;519
914;520
914;521
914;522
914;523
914;524
914;525
914;526
914;527
914;528
914;529
914;530
914;531
914;532
914;533
914;534
914;535
914;536
914;537
914;538
914;539
914;540
914;541
914;542
914;543
914;544
914;545
914;546
914;547
914;548
915;439
915;440
915;441
915;442
915;443
915;444
915;445
915;446
915;447
915;448
915;449
915;450
915;451
915;452
915;453
915;454
915;455
915;456
915;457
915;458
915;459
915;460
915;461
915;462
915;463
915;464
915;465
915;466
915;467
915;468
915;469
915;470
915;471
915;472
915;473
915;474
915;475
915;476
915;477
915;478
915;479
915;480
915;481
915;482
915;483
915;484
915;485
915;486
915;487
915;488
915;489
915;490
915;491
915;492
915;493
915;494
915;495
915;496
915;497
915;498
915;499
915;500
915;501
915;502
915;503
915;504
915;505
915;506
915;507
915;508
915;509
915;510
915;511
915;512
915;513
915;514
915;515
915;516
915;517
915;518
915;519
915;520
915;521
915;522
915;523
915;524
915;525
915;526
915;527
915;528
915;529
915;530
915;531
915;532
915;533
915;534
915;535
915;536
915;537
915;538
915;539
915;540
915;541
915;542
915;543
915;544
915;545
915;546
915;547
915;548
916;439
916;440
916;441
916;442
916;443
916;444
916;445
916;446
916;447
916;448
916;449
916;450
916;451
916;452
916;453
916;454
916;455
916;456
916;457
916;458
916;459
916;460
916;461
916;462
916;463
916;464
916;465
916;466
916;467
916;468
916;469
916;470
916;471
916;472
916;473
916;474
916;475
916;476
916;477
916;478
916;479
916;480
916;481
916;482
916;483
916;484
916;485
916;486
916;487
916;488
916;489
916;490
916;491
916;492
916;493
916;494
916;495
916;496
916;497
916;498
916;499
916;500
916;501
916;502
916;503
916;504
916;505
916;506
916;507
916;508
916;509
916;510
916;511
916;512
916;513
916;514
916;515
916;516
916;517
916;518
916;519
916;520
916;521
916;522
916;523
916;524
916;525
916;526
916;527
916;528
916;529
916;530
916;531
916;532
916;533
916;534
916;535
916;536
916;537
916;538
916;539
916;540
916;541
916;542
916;543
916;544
916;545
916;546
916;547
916;548
916;549
917;440
917;441
917;442
917;443
917;444
917;445
917;446
917;447
917;448
917;449
917;450
917;451
917;452
917;453
917;454
917;455
917;456
917;457
917;458
917;459
917;460
917;461
917;462
917;463
917;464
917;465
917;466
917;467
917;468
917;469
917;470
917;471
917;472
917;473
917;474
917;475
917;476
917;477
917;478
917;479
917;480
917;481
917;482
917;483
917;484
917;485
917;486
917;487
917;488
917;489
917;490
917;491
917;492
917;493
917;494
917;495
917;496
917;497
917;498
917;499
917;500
917;501
917;502
917;503
917;504
917;505
917;506
917;507
917;508
917;509
917;510
917;511
917;512
917;513
917;514
917;515
917;516
917;517
917;518
917;519
917;520
917;521
917;522
917;523
917;524
917;525
917;526
917;527
917;528
917;529
917;530
917;531
917;532
917;533
917;534
917;535
917;536
917;537
917;538
917;539
917;540
917;541
917;542
917;543
917;544
917;545
917;546
917;547
917;548
917;549
918;440
918;441
918;442
918;443
918;444
918;445
918;446
918;447
918;448
918;449
918;450
918;451
918;452
918;453
918;454
918;455
918;456
918;457
918;458
918;459
918;460
918;461
918;462
918;463
918;464
918;465
918;466
918;467
918;468
918;469
918;470
918;471
918;472
918;473
918;474
918;475
918;476
918;477
918;478
918;479
918;480
918;481
918;482
918;483
918;484
918;485
918;486
918;487
918;488
918;489
918;490
918;491
918;492
918;493
918;494
918;495
918;496
918;497
918;498
918;499
918;500
918;501
918;502
918;503
918;504
918;505
918;506
918;507
918;508
918;509
918;510
918;511
918;512
918;513
918;514
918;515
918;516
918;517
918;518
918;519
918;520
918;521
918;522
918;523
918;524
918;525
918;526
918;527
918;528
918;529
918;530
918;531
918;532
918;533
918;534
918;535
918;536
918;537
918;538
918;539
918;540
918;541
918;542
918;543
918;544
918;545
918;546
918;547
918;548
918;549
919;440
919;441
919;442
919;443
919;444
919;445
919;446
919;447
919;448
919;449
919;450
919;451
919;452
919;453
919;454
919;455
919;456
919;457
919;458
919;459
919;460
919;461
919;462
919;463
919;464
919;465
919;466
919;467
919;468
919;469
919;470
919;471
919;472
919;473
919;474
919;475
919;476
919;477
919;478
919;479
919;480
919;481
919;482
919;483
919;484
919;485
919;486
919;487
919;488
919;489
919;490
919;491
919;492
919;493
919;494
919;495
919;496
919;497
919;498
919;499
919;500
919;501
919;502
919;503
919;504
919;505
919;506
919;507
919;508
919;509
919;510
919;511
919;512
919;513
919;514
919;515
919;516
919;517
919;518
919;519
919;520
919;521
919;522
919;523
919;524
919;525
919;526
919;527
919;528
919;529
919;530
919;531
919;532
919;533
919;534
919;535
919;536
919;537
919;538
919;539
919;540
919;541
919;542
919;543
919;544
919;545
919;546
919;547
919;548
919;549
919;550
920;440
920;441
920;442
920;443
920;444
920;445
920;446
920;447
920;448
920;449
920;450
920;451
920;452
920;453
920;454
920;455
920;456
920;457
920;458
920;459
920;460
920;461
920;462
920;463
920;464
920;465
920;466
920;467
920;468
920;469
920;470
920;471
920;472
920;473
920;474
920;475
920;476
920;477
920;478
920;479
920;480
920;481
920;482
920;483
920;484
920;485
920;486
920;487
920;488
920;489
920;490
920;491
920;492
920;493
920;494
920;495
920;496
920;497
920;498
920;499
920;500
920;501
920;502
920;503
920;504
920;505
920;506
920;507
920;508
920;509
920;510
920;511
920;512
920;513
920;514
920;515
920;516
920;517
920;518
920;519
920;520
920;521
920;522
920;523
920;524
920;525
920;526
920;527
920;528
920;529
920;530
920;531
920;532
920;533
920;534
920;535
920;536
920;537
920;538
920;539
920;540
920;541
920;542
920;543
920;544
920;545
920;546
920;547
920;548
920;549
920;550
921;441
921;442
921;443
921;444
921;445
921;446
921;447
921;448
921;449
921;450
921;451
921;452
921;453
921;454
921;455
921;456
921;457
921;458
921;459
921;460
921;461
921;462
921;463
921;464
921;465
921;466
921;467
921;468
921;469
921;470
921;471
921;472
921;473
921;474
921;475
921;476
921;477
921;478
921;479
921;480
921;481
921;482
921;483
921;484
921;485
921;486
921;487
921;488
921;489
921;490
921;491
921;492
921;493
921;494
921;495
921;496
921;497
921;498
921;499
921;500
921;501
921;502
921;503
921;504
921;505
921;506
921;507
921;508
921;509
921;510
921;511
921;512
921;513
921;514
921;515
921;516
921;517
921;518
921;519
921;520
921;521
921;522
921;523
921;524
921;525
921;526
921;527
921;528
921;529
921;530
921;531
921;532
921;533
921;534
921;535
921;536
921;537
921;538
921;539
921;540
921;541
921;542
921;543
921;544
921;545
921;546
921;547
921;548
921;549
921;550
922;441
922;442
922;443
922;444
922;445
922;446
922;447
922;448
922;449
922;450
922;451
922;452
922;453
922;454
922;455
922;456
922;457
922;458
922;459
922;460
922;461
922;462
922;463
922;464
922;465
922;466
922;467
922;468
922;469
922;470
922;471
922;472
922;473
922;474
922;475
922;476
922;477
922;478
922;479
922;480
922;481
922;482
922;483
922;484
922;485
922;486
922;487
922;488
922;489
922;490
922;491
922;492
922;493
922;494
922;495
922;496
922;497
922;498
922;499
922;500
922;501
922;502
922;503
922;504
922;505
922;506
922;507
922;508
922;509
922;510
922;511
922;512
922;513
922;514
922;515
922;516
922;517
922;518
922;519
922;520
922;521
922;522
922;523
922;524
922;525
922;526
922;527
922;528
922;529
922;530
922;531
922;532
922;533
922;534
922;535
922;536
922;537
922;538
922;539
922;540
922;541
922;542
922;543
922;544
922;545
922;546
922;547
922;548
922;549
922;550
922;551
923;442
923;443
923;444
923;445
923;446
923;447
923;448
923;449
923;450
923;451
923;452
923;453
923;454
923;455
923;456
923;457
923;458
923;459
923;460
923;461
923;462
923;463
923;464
923;465
923;466
923;467
923;468
923;469
923;470
923;471
923;472
923;473
923;474
923;475
923;476
923;477
923;478
923;479
923;480
923;481
923;482
923;483
923;484
923;485
923;486
923;487
923;488
923;489
923;490
923;491
923;492
923;493
923;494
923;495
923;496
923;497
923;498
923;499
923;500
923;501
923;502
923;503
923;504
923;505
923;506
923;507
923;508
923;509
923;510
923;511
923;512
923;513
923;514
923;515
923;516
923;517
923;518
923;519
923;520
923;521
923;522
923;523
923;524
923;525
923;526
923;527
923;528
923;529
923;530
923;531
923;532
923;533
923;534
923;535
923;536
923;537
923;538
923;539
923;540
923;541
923;542
923;543
923;544
923;545
923;546
923;547
923;548
923;549
923;550
923;551
924;442
924;443
924;444
924;445
924;446
924;447
924;448
924;449
924;450
924;451
924;452
924;453
924;454
924;455
924;456
924;457
924;458
924;459
924;460
924;461
924;462
924;463
924;464
924;465
924;466
924;467
924;468
924;469
924;470
924;471
924;472
924;473
924;474
924;475
924;476
924;477
924;478
924;479
924;480
924;481
924;482
924;483
924;484
924;485
924;486
924;487
924;488
924;489
924;490
924;491
924;492
924;493
924;494
924;495
924;496
924;497
924;498
924;499
924;500
924;501
924;502
924;503
924;504
924;505
924;506
924;507
924;508
924;509
924;510
924;511
924;512
924;513
924;514
924;515
924;516
924;517
924;518
924;519
924;520
924;521
924;522
924;523
924;524
924;525
924;526
924;527
924;528
924;529
924;530
924;531
924;532
924;533
924;534
924;535
924;536
924;537
924;538
924;539
924;540
924;541
924;542
924;543
924;544
924;545
924;546
924;547
924;548
924;549
924;550
924;551
925;442
925;443
925;444
925;445
925;446
925;447
925;448
925;449
925;450
925;451
925;452
925;453
925;454
925;455
925;456
925;457
925;458
925;459
925;460
925;461
925;462
925;463
925;464
925;465
925;466
925;467
925;468
925;469
925;470
925;471
925;472
925;473
925;474
925;475
925;476
925;477
925;478
925;479
925;480
925;481
925;482
925;483
925;484
925;485
925;486
925;487
925;488
925;489
925;490
925;491
925;492
925;493
925;494
925;495
925;496
925;497
925;498
925;499
925;500
925;501
925;502
925;503
925;504
925;505
925;506
925;507
925;508
925;509
925;510
925;511
925;512
925;513
925;514
925;515
925;516
925;517
925;518
925;519
925;520
925;521
925;522
925;523
925;524
925;525
925;526
925;527
925;528
925;529
925;530
925;531
925;532
925;533
925;534
925;535
925;536
925;537
925;538
925;539
925;540
925;541
925;542
925;543
925;544
925;545
925;546
925;547
925;548
925;549
925;550
925;551
925;552
926;442
926;443
926;444
926;445
926;446
926;447
926;448
926;449
926;450
926;451
926;452
926;453
926;454
926;455
926;456
926;457
926;458
926;459
926;460
926;461
926;462
926;463
926;464
926;465
926;466
926;467
926;468
926;469
926;470
926;471
926;472
926;473
926;474
926;475
926;476
926;477
926;478
926;479
926;480
926;481
926;482
926;483
926;484
926;485
926;486
926;487
926;488
926;489
926;490
926;491
926;492
926;493
926;494
926;495
926;496
926;497
926;498
926;499
926;500
926;501
926;502
926;503
926;504
926;505
926;506
926;507
926;508
926;509
926;510
926;511
926;512
926;513
926;514
926;515
926;516
926;517
926;518
926;519
926;520
926;521
926;522
926;523
926;524
926;525
926;526
926;527
926;528
926;529
926;530
926;531
926;532
926;533
926;534
926;535
926;536
926;537
926;538
926;539
926;540
926;541
926;542
926;543
926;544
926;545
926;546
926;547
926;548
926;549
926;550
926;551
926;552
927;443
927;444
927;445
927;446
927;447
927;448
927;449
927;450
927;451
927;452
927;453
927;454
927;455
927;456
927;457
927;458
927;459
927;460
927;461
927;462
927;463
927;464
927;465
927;466
927;467
927;468
927;469
927;470
927;471
927;472
927;473
927;474
927;475
927;476
927;477
927;478
927;479
927;480
927;481
927;482
927;483
927;484
927;485
927;486
927;487
927;488
927;489
927;490
927;491
927;492
927;493
927;494
927;495
927;496
927;497
927;498
927;499
927;500
927;501
927;502
927;503
927;504
927;505
927;506
927;507
927;508
927;509
927;510
927;511
927;512
927;513
927;514
927;515
927;516
927;517
927;518
927;519
927;520
927;521
927;522
927;523
927;524
927;525
927;526
927;527
927;528
927;529
927;530
927;531
927;532
927;533
927;534
927;535
927;536
927;537
927;538
927;539
927;540
927;541
927;542
927;543
927;544
927;545
927;546
927;547
927;548
927;549
927;550
927;551
927;552
928;443
928;444
928;445
928;446
928;447
928;448
928;449
928;450
928;451
928;452
928;453
928;454
928;455
928;456
928;457
928;458
928;459
928;460
928;461
928;462
928;463
928;464
928;465
928;466
928;467
928;468
928;469
928;470
928;471
928;472
928;473
928;474
928;475
928;476
928;477
928;478
928;479
928;480
928;481
928;482
928;483
928;484
928;485
928;486
928;487
928;488
928;489
928;490
928;491
928;492
928;493
928;494
928;495
928;496
928;497
928;498
928;499
928;500
928;501
928;502
928;503
928;504
928;505
928;506
928;507
928;508
928;509
928;510
928;511
928;512
928;513
928;514
928;515
928;516
928;517
928;518
928;519
928;520
928;521
928;522
928;523
928;524
928;525
928;526
928;527
928;528
928;529
928;530
928;531
928;532
928;533
928;534
928;535
928;536
928;537
928;538
928;539
928;540
928;541
928;542
928;543
928;544
928;545
928;546
928;547
928;548
928;549
928;550
928;551
928;552
928;553
929;444
929;445
929;446
929;447
929;448
929;449
929;450
929;451
929;452
929;453
929;454
929;455
929;456
929;457
929;458
929;459
929;460
929;461
929;462
929;463
929;464
929;465
929;466
929;467
929;468
929;469
929;470
929;471
929;472
929;473
929;474
929;475
929;476
929;477
929;478
929;479
929;480
929;481
929;482
929;483
929;484
929;485
929;486
929;487
929;488
929;489
929;490
929;491
929;492
929;493
929;494
929;495
929;496
929;497
929;498
929;499
929;500
929;501
929;502
929;503
929;504
929;505
929;506
929;507
929;508
929;509
929;510
929;511
929;512
929;513
929;514
929;515
929;516
929;517
929;518
929;519
929;520
929;521
929;522
929;523
929;524
929;525
929;526
929;527
929;528
929;529
929;530
929;531
929;532
929;533
929;534
929;535
929;536
929;537
929;538
929;539
929;540
929;541
929;542
929;543
929;544
929;545
929;546
929;547
929;548
929;549
929;550
929;551
929;552
929;553
930;444
930;446
930;448
930;450
930;452
930;454
930;456
930;458
930;460
930;462
930;464
930;466
930;468
930;470
930;472
930;474
930;476
930;478
930;480
930;482
930;484
930;486
930;488
930;490
930;492
930;494
930;496
930;498
930;500
930;502
930;504
930;506
930;508
930;510
930;512
930;514
930;516
930;518
930;520
930;522
930;524
930;526
930;528
930;530
930;532
930;534
930;536
930;538
930;540
930;542
930;544
930;546
930;548
930;550
930;552
