465;537;212;106;346;326
0;45
0;46
0;47
0;48
0;49
0;50
0;51
0;52
0;53
0;54
0;55
0;56
0;57
0;58
0;59
0;60
0;61
0;62
0;63
0;64
0;65
0;66
0;67
0;68
0;69
0;70
0;71
0;72
0;73
0;74
0;75
0;76
0;77
0;78
0;79
0;80
0;81
0;82
0;83
0;84
0;85
0;86
0;87
0;88
0;89
0;90
0;91
0;92
0;93
0;94
0;95
0;96
0;97
0;98
0;99
0;100
0;101
0;102
0;103
0;104
0;105
0;106
0;107
0;108
0;109
0;110
0;111
0;112
0;113
0;114
0;115
0;116
0;117
0;118
0;119
0;120
0;121
0;122
0;123
0;124
0;125
0;126
0;127
0;128
0;129
0;130
0;131
0;132
0;133
0;134
0;135
0;136
0;137
0;138
0;139
0;140
0;141
0;142
0;143
0;144
0;145
0;146
0;147
0;148
0;149
0;150
0;177
0;178
0;179
0;180
0;181
0;182
0;183
0;184
0;185
0;186
0;187
0;188
0;189
0;190
0;191
0;192
0;193
0;194
0;195
0;196
0;197
0;198
0;199
0;200
0;201
0;202
0;203
0;204
0;205
0;206
0;207
0;208
0;209
0;210
0;211
0;212
0;213
0;214
0;215
0;216
0;217
0;218
0;219
0;220
0;221
0;222
0;223
0;224
0;225
0;226
0;227
0;228
0;229
0;230
0;231
0;232
0;233
0;234
0;235
0;236
0;237
0;238
0;239
0;240
0;241
0;242
0;243
0;244
0;245
0;246
0;247
0;248
0;249
0;250
0;251
0;252
0;253
0;254
0;255
0;256
0;257
0;258
0;259
0;260
0;261
0;262
0;263
0;264
0;265
0;266
0;267
0;268
0;269
0;270
0;271
0;272
0;273
0;274
0;275
0;276
0;277
1;44
1;45
1;46
1;47
1;48
1;49
1;50
1;51
1;52
1;53
1;54
1;55
1;56
1;57
1;58
1;59
1;60
1;61
1;62
1;63
1;64
1;65
1;66
1;67
1;68
1;69
1;70
1;71
1;72
1;73
1;74
1;75
1;76
1;77
1;78
1;79
1;80
1;81
1;82
1;83
1;84
1;85
1;86
1;87
1;88
1;89
1;90
1;91
1;92
1;93
1;94
1;95
1;96
1;97
1;98
1;99
1;100
1;101
1;102
1;103
1;104
1;105
1;106
1;107
1;108
1;109
1;110
1;111
1;112
1;113
1;114
1;115
1;116
1;117
1;118
1;119
1;120
1;121
1;122
1;123
1;124
1;125
1;126
1;127
1;128
1;129
1;130
1;131
1;132
1;133
1;134
1;135
1;136
1;137
1;138
1;139
1;140
1;141
1;142
1;143
1;144
1;145
1;146
1;147
1;148
1;174
1;175
1;176
1;177
1;178
1;179
1;180
1;181
1;182
1;183
1;184
1;185
1;186
1;187
1;188
1;189
1;190
1;191
1;192
1;193
1;194
1;195
1;196
1;197
1;198
1;199
1;200
1;201
1;202
1;203
1;204
1;205
1;206
1;207
1;208
1;209
1;210
1;211
1;212
1;213
1;214
1;215
1;216
1;217
1;218
1;219
1;220
1;221
1;222
1;223
1;224
1;225
1;226
1;227
1;228
1;229
1;230
1;231
1;232
1;233
1;234
1;235
1;236
1;237
1;238
1;239
1;240
1;241
1;242
1;243
1;244
1;245
1;246
1;247
1;248
1;249
1;250
1;251
1;252
1;253
1;254
1;255
1;256
1;257
1;258
1;259
1;260
1;261
1;262
1;263
1;264
1;265
1;266
1;267
1;268
1;269
1;270
1;271
1;272
1;273
1;274
1;275
1;276
1;277
1;278
2;43
2;44
2;45
2;46
2;47
2;48
2;49
2;50
2;51
2;52
2;53
2;54
2;55
2;56
2;57
2;58
2;59
2;60
2;61
2;62
2;63
2;64
2;65
2;66
2;67
2;68
2;69
2;70
2;71
2;72
2;73
2;74
2;75
2;76
2;77
2;78
2;79
2;80
2;81
2;82
2;83
2;84
2;85
2;86
2;87
2;88
2;89
2;90
2;91
2;92
2;93
2;94
2;95
2;96
2;97
2;98
2;99
2;100
2;101
2;102
2;103
2;104
2;105
2;106
2;107
2;108
2;109
2;110
2;111
2;112
2;113
2;114
2;115
2;116
2;117
2;118
2;119
2;120
2;121
2;122
2;123
2;124
2;125
2;126
2;127
2;128
2;129
2;130
2;131
2;132
2;133
2;134
2;135
2;136
2;137
2;138
2;139
2;140
2;141
2;142
2;143
2;144
2;145
2;146
2;147
2;148
2;173
2;174
2;175
2;176
2;177
2;178
2;179
2;180
2;181
2;182
2;183
2;184
2;185
2;186
2;187
2;188
2;189
2;190
2;191
2;192
2;193
2;194
2;195
2;196
2;197
2;198
2;199
2;200
2;201
2;202
2;203
2;204
2;205
2;206
2;207
2;208
2;209
2;210
2;211
2;212
2;213
2;214
2;215
2;216
2;217
2;218
2;219
2;220
2;221
2;222
2;223
2;224
2;225
2;226
2;227
2;228
2;229
2;230
2;231
2;232
2;233
2;234
2;235
2;236
2;237
2;238
2;239
2;240
2;241
2;242
2;243
2;244
2;245
2;246
2;247
2;248
2;249
2;250
2;251
2;252
2;253
2;254
2;255
2;256
2;257
2;258
2;259
2;260
2;261
2;262
2;263
2;264
2;265
2;266
2;267
2;268
2;269
2;270
2;271
2;272
2;273
2;274
2;275
2;276
2;277
2;278
2;279
3;42
3;43
3;44
3;45
3;46
3;47
3;48
3;49
3;50
3;51
3;52
3;53
3;54
3;55
3;56
3;57
3;58
3;59
3;60
3;61
3;62
3;63
3;64
3;65
3;66
3;67
3;68
3;69
3;70
3;71
3;72
3;73
3;74
3;75
3;76
3;77
3;78
3;79
3;80
3;81
3;82
3;83
3;84
3;85
3;86
3;87
3;88
3;89
3;90
3;91
3;92
3;93
3;94
3;95
3;96
3;97
3;98
3;99
3;100
3;101
3;102
3;103
3;104
3;105
3;106
3;107
3;108
3;109
3;110
3;111
3;112
3;113
3;114
3;115
3;116
3;117
3;118
3;119
3;120
3;121
3;122
3;123
3;124
3;125
3;126
3;127
3;128
3;129
3;130
3;131
3;132
3;133
3;134
3;135
3;136
3;137
3;138
3;139
3;140
3;141
3;142
3;143
3;144
3;145
3;146
3;147
3;171
3;172
3;173
3;174
3;175
3;176
3;177
3;178
3;179
3;180
3;181
3;182
3;183
3;184
3;185
3;186
3;187
3;188
3;189
3;190
3;191
3;192
3;193
3;194
3;195
3;196
3;197
3;198
3;199
3;200
3;201
3;202
3;203
3;204
3;205
3;206
3;207
3;208
3;209
3;210
3;211
3;212
3;213
3;214
3;215
3;216
3;217
3;218
3;219
3;220
3;221
3;222
3;223
3;224
3;225
3;226
3;227
3;228
3;229
3;230
3;231
3;232
3;233
3;234
3;235
3;236
3;237
3;238
3;239
3;240
3;241
3;242
3;243
3;244
3;245
3;246
3;247
3;248
3;249
3;250
3;251
3;252
3;253
3;254
3;255
3;256
3;257
3;258
3;259
3;260
3;261
3;262
3;263
3;264
3;265
3;266
3;267
3;268
3;269
3;270
3;271
3;272
3;273
3;274
3;275
3;276
3;277
3;278
3;279
4;41
4;42
4;43
4;44
4;45
4;46
4;47
4;48
4;49
4;50
4;51
4;52
4;53
4;54
4;55
4;56
4;57
4;58
4;59
4;60
4;61
4;62
4;63
4;64
4;65
4;66
4;67
4;68
4;69
4;70
4;71
4;72
4;73
4;74
4;75
4;76
4;77
4;78
4;79
4;80
4;81
4;82
4;83
4;84
4;85
4;86
4;87
4;88
4;89
4;90
4;91
4;92
4;93
4;94
4;95
4;96
4;97
4;98
4;99
4;100
4;101
4;102
4;103
4;104
4;105
4;106
4;107
4;108
4;109
4;110
4;111
4;112
4;113
4;114
4;115
4;116
4;117
4;118
4;119
4;120
4;121
4;122
4;123
4;124
4;125
4;126
4;127
4;128
4;129
4;130
4;131
4;132
4;133
4;134
4;135
4;136
4;137
4;138
4;139
4;140
4;141
4;142
4;143
4;144
4;145
4;146
4;169
4;170
4;171
4;172
4;173
4;174
4;175
4;176
4;177
4;178
4;179
4;180
4;181
4;182
4;183
4;184
4;185
4;186
4;187
4;188
4;189
4;190
4;191
4;192
4;193
4;194
4;195
4;196
4;197
4;198
4;199
4;200
4;201
4;202
4;203
4;204
4;205
4;206
4;207
4;208
4;209
4;210
4;211
4;212
4;213
4;214
4;215
4;216
4;217
4;218
4;219
4;220
4;221
4;222
4;223
4;224
4;225
4;226
4;227
4;228
4;229
4;230
4;231
4;232
4;233
4;234
4;235
4;236
4;237
4;238
4;239
4;240
4;241
4;242
4;243
4;244
4;245
4;246
4;247
4;248
4;249
4;250
4;251
4;252
4;253
4;254
4;255
4;256
4;257
4;258
4;259
4;260
4;261
4;262
4;263
4;264
4;265
4;266
4;267
4;268
4;269
4;270
4;271
4;272
4;273
4;274
4;275
4;276
4;277
4;278
4;279
4;280
5;41
5;42
5;43
5;44
5;45
5;46
5;47
5;48
5;49
5;50
5;51
5;52
5;53
5;54
5;55
5;56
5;57
5;58
5;59
5;60
5;61
5;62
5;63
5;64
5;65
5;66
5;67
5;68
5;69
5;70
5;71
5;72
5;73
5;74
5;75
5;76
5;77
5;78
5;79
5;80
5;81
5;82
5;83
5;84
5;85
5;86
5;87
5;88
5;89
5;90
5;91
5;92
5;93
5;94
5;95
5;96
5;97
5;98
5;99
5;100
5;101
5;102
5;103
5;104
5;105
5;106
5;107
5;108
5;109
5;110
5;111
5;112
5;113
5;114
5;115
5;116
5;117
5;118
5;119
5;120
5;121
5;122
5;123
5;124
5;125
5;126
5;127
5;128
5;129
5;130
5;131
5;132
5;133
5;134
5;135
5;136
5;137
5;138
5;139
5;140
5;141
5;142
5;143
5;144
5;145
5;167
5;168
5;169
5;170
5;171
5;172
5;173
5;174
5;175
5;176
5;177
5;178
5;179
5;180
5;181
5;182
5;183
5;184
5;185
5;186
5;187
5;188
5;189
5;190
5;191
5;192
5;193
5;194
5;195
5;196
5;197
5;198
5;199
5;200
5;201
5;202
5;203
5;204
5;205
5;206
5;207
5;208
5;209
5;210
5;211
5;212
5;213
5;214
5;215
5;216
5;217
5;218
5;219
5;220
5;221
5;222
5;223
5;224
5;225
5;226
5;227
5;228
5;229
5;230
5;231
5;232
5;233
5;234
5;235
5;236
5;237
5;238
5;239
5;240
5;241
5;242
5;243
5;244
5;245
5;246
5;247
5;248
5;249
5;250
5;251
5;252
5;253
5;254
5;255
5;256
5;257
5;258
5;259
5;260
5;261
5;262
5;263
5;264
5;265
5;266
5;267
5;268
5;269
5;270
5;271
5;272
5;273
5;274
5;275
5;276
5;277
5;278
5;279
5;280
5;281
6;39
6;40
6;41
6;42
6;43
6;44
6;45
6;46
6;47
6;48
6;49
6;50
6;51
6;52
6;53
6;54
6;55
6;56
6;57
6;58
6;59
6;60
6;61
6;62
6;63
6;64
6;65
6;66
6;67
6;68
6;69
6;70
6;71
6;72
6;73
6;74
6;75
6;76
6;77
6;78
6;79
6;80
6;81
6;82
6;83
6;84
6;85
6;86
6;87
6;88
6;89
6;90
6;91
6;92
6;93
6;94
6;95
6;96
6;97
6;98
6;99
6;100
6;101
6;102
6;103
6;104
6;105
6;106
6;107
6;108
6;109
6;110
6;111
6;112
6;113
6;114
6;115
6;116
6;117
6;118
6;119
6;120
6;121
6;122
6;123
6;124
6;125
6;126
6;127
6;128
6;129
6;130
6;131
6;132
6;133
6;134
6;135
6;136
6;137
6;138
6;139
6;140
6;141
6;142
6;143
6;144
6;167
6;168
6;169
6;170
6;171
6;172
6;173
6;174
6;175
6;176
6;177
6;178
6;179
6;180
6;181
6;182
6;183
6;184
6;185
6;186
6;187
6;188
6;189
6;190
6;191
6;192
6;193
6;194
6;195
6;196
6;197
6;198
6;199
6;200
6;201
6;202
6;203
6;204
6;205
6;206
6;207
6;208
6;209
6;210
6;211
6;212
6;213
6;214
6;215
6;216
6;217
6;218
6;219
6;220
6;221
6;222
6;223
6;224
6;225
6;226
6;227
6;228
6;229
6;230
6;231
6;232
6;233
6;234
6;235
6;236
6;237
6;238
6;239
6;240
6;241
6;242
6;243
6;244
6;245
6;246
6;247
6;248
6;249
6;250
6;251
6;252
6;253
6;254
6;255
6;256
6;257
6;258
6;259
6;260
6;261
6;262
6;263
6;264
6;265
6;266
6;267
6;268
6;269
6;270
6;271
6;272
6;273
6;274
6;275
6;276
6;277
6;278
6;279
6;280
6;281
6;282
7;39
7;40
7;41
7;42
7;43
7;44
7;45
7;46
7;47
7;48
7;49
7;50
7;51
7;52
7;53
7;54
7;55
7;56
7;57
7;58
7;59
7;60
7;61
7;62
7;63
7;64
7;65
7;66
7;67
7;68
7;69
7;70
7;71
7;72
7;73
7;74
7;75
7;76
7;77
7;78
7;79
7;80
7;81
7;82
7;83
7;84
7;85
7;86
7;87
7;88
7;89
7;90
7;91
7;92
7;93
7;94
7;95
7;96
7;97
7;98
7;99
7;100
7;101
7;102
7;103
7;104
7;105
7;106
7;107
7;108
7;109
7;110
7;111
7;112
7;113
7;114
7;115
7;116
7;117
7;118
7;119
7;120
7;121
7;122
7;123
7;124
7;125
7;126
7;127
7;128
7;129
7;130
7;131
7;132
7;133
7;134
7;135
7;136
7;137
7;138
7;139
7;140
7;141
7;142
7;143
7;144
7;165
7;166
7;167
7;168
7;169
7;170
7;171
7;172
7;173
7;174
7;175
7;176
7;177
7;178
7;179
7;180
7;181
7;182
7;183
7;184
7;185
7;186
7;187
7;188
7;189
7;190
7;191
7;192
7;193
7;194
7;195
7;196
7;197
7;198
7;199
7;200
7;201
7;202
7;203
7;204
7;205
7;206
7;207
7;208
7;209
7;210
7;211
7;212
7;213
7;214
7;215
7;216
7;217
7;218
7;219
7;220
7;221
7;222
7;223
7;224
7;225
7;226
7;227
7;228
7;229
7;230
7;231
7;232
7;233
7;234
7;235
7;236
7;237
7;238
7;239
7;240
7;241
7;242
7;243
7;244
7;245
7;246
7;247
7;248
7;249
7;250
7;251
7;252
7;253
7;254
7;255
7;256
7;257
7;258
7;259
7;260
7;261
7;262
7;263
7;264
7;265
7;266
7;267
7;268
7;269
7;270
7;271
7;272
7;273
7;274
7;275
7;276
7;277
7;278
7;279
7;280
7;281
7;282
7;283
8;37
8;38
8;39
8;40
8;41
8;42
8;43
8;44
8;45
8;46
8;47
8;48
8;49
8;50
8;51
8;52
8;53
8;54
8;55
8;56
8;57
8;58
8;59
8;60
8;61
8;62
8;63
8;64
8;65
8;66
8;67
8;68
8;69
8;70
8;71
8;72
8;73
8;74
8;75
8;76
8;77
8;78
8;79
8;80
8;81
8;82
8;83
8;84
8;85
8;86
8;87
8;88
8;89
8;90
8;91
8;92
8;93
8;94
8;95
8;96
8;97
8;98
8;99
8;100
8;101
8;102
8;103
8;104
8;105
8;106
8;107
8;108
8;109
8;110
8;111
8;112
8;113
8;114
8;115
8;116
8;117
8;118
8;119
8;120
8;121
8;122
8;123
8;124
8;125
8;126
8;127
8;128
8;129
8;130
8;131
8;132
8;133
8;134
8;135
8;136
8;137
8;138
8;139
8;140
8;141
8;142
8;164
8;165
8;166
8;167
8;168
8;169
8;170
8;171
8;172
8;173
8;174
8;175
8;176
8;177
8;178
8;179
8;180
8;181
8;182
8;183
8;184
8;185
8;186
8;187
8;188
8;189
8;190
8;191
8;192
8;193
8;194
8;195
8;196
8;197
8;198
8;199
8;200
8;201
8;202
8;203
8;204
8;205
8;206
8;207
8;208
8;209
8;210
8;211
8;212
8;213
8;214
8;215
8;216
8;217
8;218
8;219
8;220
8;221
8;222
8;223
8;224
8;225
8;226
8;227
8;228
8;229
8;230
8;231
8;232
8;233
8;234
8;235
8;236
8;237
8;238
8;239
8;240
8;241
8;242
8;243
8;244
8;245
8;246
8;247
8;248
8;249
8;250
8;251
8;252
8;253
8;254
8;255
8;256
8;257
8;258
8;259
8;260
8;261
8;262
8;263
8;264
8;265
8;266
8;267
8;268
8;269
8;270
8;271
8;272
8;273
8;274
8;275
8;276
8;277
8;278
8;279
8;280
8;281
8;282
8;283
9;37
9;38
9;39
9;40
9;41
9;42
9;43
9;44
9;45
9;46
9;47
9;48
9;49
9;50
9;51
9;52
9;53
9;54
9;55
9;56
9;57
9;58
9;59
9;60
9;61
9;62
9;63
9;64
9;65
9;66
9;67
9;68
9;69
9;70
9;71
9;72
9;73
9;74
9;75
9;76
9;77
9;78
9;79
9;80
9;81
9;82
9;83
9;84
9;85
9;86
9;87
9;88
9;89
9;90
9;91
9;92
9;93
9;94
9;95
9;96
9;97
9;98
9;99
9;100
9;101
9;102
9;103
9;104
9;105
9;106
9;107
9;108
9;109
9;110
9;111
9;112
9;113
9;114
9;115
9;116
9;117
9;118
9;119
9;120
9;121
9;122
9;123
9;124
9;125
9;126
9;127
9;128
9;129
9;130
9;131
9;132
9;133
9;134
9;135
9;136
9;137
9;138
9;139
9;140
9;141
9;142
9;163
9;164
9;165
9;166
9;167
9;168
9;169
9;170
9;171
9;172
9;173
9;174
9;175
9;176
9;177
9;178
9;179
9;180
9;181
9;182
9;183
9;184
9;185
9;186
9;187
9;188
9;189
9;190
9;191
9;192
9;193
9;194
9;195
9;196
9;197
9;198
9;199
9;200
9;201
9;202
9;203
9;204
9;205
9;206
9;207
9;208
9;209
9;210
9;211
9;212
9;213
9;214
9;215
9;216
9;217
9;218
9;219
9;220
9;221
9;222
9;223
9;224
9;225
9;226
9;227
9;228
9;229
9;230
9;231
9;232
9;233
9;234
9;235
9;236
9;237
9;238
9;239
9;240
9;241
9;242
9;243
9;244
9;245
9;246
9;247
9;248
9;249
9;250
9;251
9;252
9;253
9;254
9;255
9;256
9;257
9;258
9;259
9;260
9;261
9;262
9;263
9;264
9;265
9;266
9;267
9;268
9;269
9;270
9;271
9;272
9;273
9;274
9;275
9;276
9;277
9;278
9;279
9;280
9;281
9;282
9;283
9;284
10;36
10;37
10;38
10;39
10;40
10;41
10;42
10;43
10;44
10;45
10;46
10;47
10;48
10;49
10;50
10;51
10;52
10;53
10;54
10;55
10;56
10;57
10;58
10;59
10;60
10;61
10;62
10;63
10;64
10;65
10;66
10;67
10;68
10;69
10;70
10;71
10;72
10;73
10;74
10;75
10;76
10;77
10;78
10;79
10;80
10;81
10;82
10;83
10;84
10;85
10;86
10;87
10;88
10;89
10;90
10;91
10;92
10;93
10;94
10;95
10;96
10;97
10;98
10;99
10;100
10;101
10;102
10;103
10;104
10;105
10;106
10;107
10;108
10;109
10;110
10;111
10;112
10;113
10;114
10;115
10;116
10;117
10;118
10;119
10;120
10;121
10;122
10;123
10;124
10;125
10;126
10;127
10;128
10;129
10;130
10;131
10;132
10;133
10;134
10;135
10;136
10;137
10;138
10;139
10;140
10;162
10;163
10;164
10;165
10;166
10;167
10;168
10;169
10;170
10;171
10;172
10;173
10;174
10;175
10;176
10;177
10;178
10;179
10;180
10;181
10;182
10;183
10;184
10;185
10;186
10;187
10;188
10;189
10;190
10;191
10;192
10;193
10;194
10;195
10;196
10;197
10;198
10;199
10;200
10;201
10;202
10;203
10;204
10;205
10;206
10;207
10;208
10;209
10;210
10;211
10;212
10;213
10;214
10;215
10;216
10;217
10;218
10;219
10;220
10;221
10;222
10;223
10;224
10;225
10;226
10;227
10;228
10;229
10;230
10;231
10;232
10;233
10;234
10;235
10;236
10;237
10;238
10;239
10;240
10;241
10;242
10;243
10;244
10;245
10;246
10;247
10;248
10;249
10;250
10;251
10;252
10;253
10;254
10;255
10;256
10;257
10;258
10;259
10;260
10;261
10;262
10;263
10;264
10;265
10;266
10;267
10;268
10;269
10;270
10;271
10;272
10;273
10;274
10;275
10;276
10;277
10;278
10;279
10;280
10;281
10;282
10;283
10;284
10;285
11;35
11;36
11;37
11;38
11;39
11;40
11;41
11;42
11;43
11;44
11;45
11;46
11;47
11;48
11;49
11;50
11;51
11;52
11;53
11;54
11;55
11;56
11;57
11;58
11;59
11;60
11;61
11;62
11;63
11;64
11;65
11;66
11;67
11;68
11;69
11;70
11;71
11;72
11;73
11;74
11;75
11;76
11;77
11;78
11;79
11;80
11;81
11;82
11;83
11;84
11;85
11;86
11;87
11;88
11;89
11;90
11;91
11;92
11;93
11;94
11;95
11;96
11;97
11;98
11;99
11;100
11;101
11;102
11;103
11;104
11;105
11;106
11;107
11;108
11;109
11;110
11;111
11;112
11;113
11;114
11;115
11;116
11;117
11;118
11;119
11;120
11;121
11;122
11;123
11;124
11;125
11;126
11;127
11;128
11;129
11;130
11;131
11;132
11;133
11;134
11;135
11;136
11;137
11;138
11;139
11;140
11;161
11;162
11;163
11;164
11;165
11;166
11;167
11;168
11;169
11;170
11;171
11;172
11;173
11;174
11;175
11;176
11;177
11;178
11;179
11;180
11;181
11;182
11;183
11;184
11;185
11;186
11;187
11;188
11;189
11;190
11;191
11;192
11;193
11;194
11;195
11;196
11;197
11;198
11;199
11;200
11;201
11;202
11;203
11;204
11;205
11;206
11;207
11;208
11;209
11;210
11;211
11;212
11;213
11;214
11;215
11;216
11;217
11;218
11;219
11;220
11;221
11;222
11;223
11;224
11;225
11;226
11;227
11;228
11;229
11;230
11;231
11;232
11;233
11;234
11;235
11;236
11;237
11;238
11;239
11;240
11;241
11;242
11;243
11;244
11;245
11;246
11;247
11;248
11;249
11;250
11;251
11;252
11;253
11;254
11;255
11;256
11;257
11;258
11;259
11;260
11;261
11;262
11;263
11;264
11;265
11;266
11;267
11;268
11;269
11;270
11;271
11;272
11;273
11;274
11;275
11;276
11;277
11;278
11;279
11;280
11;281
11;282
11;283
11;284
11;285
11;313
11;315
11;317
12;36
12;37
12;38
12;39
12;40
12;41
12;42
12;43
12;44
12;45
12;46
12;47
12;48
12;49
12;50
12;51
12;52
12;53
12;54
12;55
12;56
12;57
12;58
12;59
12;60
12;61
12;62
12;63
12;64
12;65
12;66
12;67
12;68
12;69
12;70
12;71
12;72
12;73
12;74
12;75
12;76
12;77
12;78
12;79
12;80
12;81
12;82
12;83
12;84
12;85
12;86
12;87
12;88
12;89
12;90
12;91
12;92
12;93
12;94
12;95
12;96
12;97
12;98
12;99
12;100
12;101
12;102
12;103
12;104
12;105
12;106
12;107
12;108
12;109
12;110
12;111
12;112
12;113
12;114
12;115
12;116
12;117
12;118
12;119
12;120
12;121
12;122
12;123
12;124
12;125
12;126
12;127
12;128
12;129
12;130
12;131
12;132
12;133
12;134
12;135
12;136
12;137
12;138
12;139
12;160
12;161
12;162
12;163
12;164
12;165
12;166
12;167
12;168
12;169
12;170
12;171
12;172
12;173
12;174
12;175
12;176
12;177
12;178
12;179
12;180
12;181
12;182
12;183
12;184
12;185
12;186
12;187
12;188
12;189
12;190
12;191
12;192
12;193
12;194
12;195
12;196
12;197
12;198
12;199
12;200
12;201
12;202
12;203
12;204
12;205
12;206
12;207
12;208
12;209
12;210
12;211
12;212
12;213
12;214
12;215
12;216
12;217
12;218
12;219
12;220
12;221
12;222
12;223
12;224
12;225
12;226
12;227
12;228
12;229
12;230
12;231
12;232
12;233
12;234
12;235
12;236
12;237
12;238
12;239
12;240
12;241
12;242
12;243
12;244
12;245
12;246
12;247
12;248
12;249
12;250
12;251
12;252
12;253
12;254
12;255
12;256
12;257
12;258
12;259
12;260
12;261
12;262
12;263
12;264
12;265
12;266
12;267
12;268
12;269
12;270
12;271
12;272
12;273
12;274
12;275
12;276
12;277
12;278
12;279
12;280
12;281
12;282
12;283
12;284
12;285
12;286
12;307
12;308
12;309
12;310
12;311
12;312
12;313
12;314
12;315
12;316
12;317
12;318
12;319
12;320
12;321
12;323
13;37
13;38
13;39
13;40
13;41
13;42
13;43
13;44
13;45
13;46
13;47
13;48
13;49
13;50
13;51
13;52
13;53
13;54
13;55
13;56
13;57
13;58
13;59
13;60
13;61
13;62
13;63
13;64
13;65
13;66
13;67
13;68
13;69
13;70
13;71
13;72
13;73
13;74
13;75
13;76
13;77
13;78
13;79
13;80
13;81
13;82
13;83
13;84
13;85
13;86
13;87
13;88
13;89
13;90
13;91
13;92
13;93
13;94
13;95
13;96
13;97
13;98
13;99
13;100
13;101
13;102
13;103
13;104
13;105
13;106
13;107
13;108
13;109
13;110
13;111
13;112
13;113
13;114
13;115
13;116
13;117
13;118
13;119
13;120
13;121
13;122
13;123
13;124
13;125
13;126
13;127
13;128
13;129
13;130
13;131
13;132
13;133
13;134
13;135
13;136
13;137
13;138
13;159
13;160
13;161
13;162
13;163
13;164
13;165
13;166
13;167
13;168
13;169
13;170
13;171
13;172
13;173
13;174
13;175
13;176
13;177
13;178
13;179
13;180
13;181
13;182
13;183
13;184
13;185
13;186
13;187
13;188
13;189
13;190
13;191
13;192
13;193
13;194
13;195
13;196
13;197
13;198
13;199
13;200
13;201
13;202
13;203
13;204
13;205
13;206
13;207
13;208
13;209
13;210
13;211
13;212
13;213
13;214
13;215
13;216
13;217
13;218
13;219
13;220
13;221
13;222
13;223
13;224
13;225
13;226
13;227
13;228
13;229
13;230
13;231
13;232
13;233
13;234
13;235
13;236
13;237
13;238
13;239
13;240
13;241
13;242
13;243
13;244
13;245
13;246
13;247
13;248
13;249
13;250
13;251
13;252
13;253
13;254
13;255
13;256
13;257
13;258
13;259
13;260
13;261
13;262
13;263
13;264
13;265
13;266
13;267
13;268
13;269
13;270
13;271
13;272
13;273
13;274
13;275
13;276
13;277
13;278
13;279
13;280
13;281
13;282
13;283
13;284
13;285
13;286
13;287
13;303
13;304
13;305
13;306
13;307
13;308
13;309
13;310
13;311
13;312
13;313
13;314
13;315
13;316
13;317
13;318
13;319
13;320
13;321
13;322
13;323
13;324
13;325
13;326
13;327
14;38
14;39
14;40
14;41
14;42
14;43
14;44
14;45
14;46
14;47
14;48
14;49
14;50
14;51
14;52
14;53
14;54
14;55
14;56
14;57
14;58
14;59
14;60
14;61
14;62
14;63
14;64
14;65
14;66
14;67
14;68
14;69
14;70
14;71
14;72
14;73
14;74
14;75
14;76
14;77
14;78
14;79
14;80
14;81
14;82
14;83
14;84
14;85
14;86
14;87
14;88
14;89
14;90
14;91
14;92
14;93
14;94
14;95
14;96
14;97
14;98
14;99
14;100
14;101
14;102
14;103
14;104
14;105
14;106
14;107
14;108
14;109
14;110
14;111
14;112
14;113
14;114
14;115
14;116
14;117
14;118
14;119
14;120
14;121
14;122
14;123
14;124
14;125
14;126
14;127
14;128
14;129
14;130
14;131
14;132
14;133
14;134
14;135
14;136
14;137
14;159
14;160
14;161
14;162
14;163
14;164
14;165
14;166
14;167
14;168
14;169
14;170
14;171
14;172
14;173
14;174
14;175
14;176
14;177
14;178
14;179
14;180
14;181
14;182
14;183
14;184
14;185
14;186
14;187
14;188
14;189
14;190
14;191
14;192
14;193
14;194
14;195
14;196
14;197
14;198
14;199
14;200
14;201
14;202
14;203
14;204
14;205
14;206
14;207
14;208
14;209
14;210
14;211
14;212
14;213
14;214
14;215
14;216
14;217
14;218
14;219
14;220
14;221
14;222
14;223
14;224
14;225
14;226
14;227
14;228
14;229
14;230
14;231
14;232
14;233
14;234
14;235
14;236
14;237
14;238
14;239
14;240
14;241
14;242
14;243
14;244
14;245
14;246
14;247
14;248
14;249
14;250
14;251
14;252
14;253
14;254
14;255
14;256
14;257
14;258
14;259
14;260
14;261
14;262
14;263
14;264
14;265
14;266
14;267
14;268
14;269
14;270
14;271
14;272
14;273
14;274
14;275
14;276
14;277
14;278
14;279
14;280
14;281
14;282
14;283
14;284
14;285
14;286
14;301
14;302
14;303
14;304
14;305
14;306
14;307
14;308
14;309
14;310
14;311
14;312
14;313
14;314
14;315
14;316
14;317
14;318
14;319
14;320
14;321
14;322
14;323
14;324
14;325
14;326
14;327
14;328
14;329
15;40
15;41
15;42
15;43
15;44
15;45
15;46
15;47
15;48
15;49
15;50
15;51
15;52
15;53
15;54
15;55
15;56
15;57
15;58
15;59
15;60
15;61
15;62
15;63
15;64
15;65
15;66
15;67
15;68
15;69
15;70
15;71
15;72
15;73
15;74
15;75
15;76
15;77
15;78
15;79
15;80
15;81
15;82
15;83
15;84
15;85
15;86
15;87
15;88
15;89
15;90
15;91
15;92
15;93
15;94
15;95
15;96
15;97
15;98
15;99
15;100
15;101
15;102
15;103
15;104
15;105
15;106
15;107
15;108
15;109
15;110
15;111
15;112
15;113
15;114
15;115
15;116
15;117
15;118
15;119
15;120
15;121
15;122
15;123
15;124
15;125
15;126
15;127
15;128
15;129
15;130
15;131
15;132
15;133
15;134
15;135
15;136
15;158
15;159
15;160
15;161
15;162
15;163
15;164
15;165
15;166
15;167
15;168
15;169
15;170
15;171
15;172
15;173
15;174
15;175
15;176
15;177
15;178
15;179
15;180
15;181
15;182
15;183
15;184
15;185
15;186
15;187
15;188
15;189
15;190
15;191
15;192
15;193
15;194
15;195
15;196
15;197
15;198
15;199
15;200
15;201
15;202
15;203
15;204
15;205
15;206
15;207
15;208
15;209
15;210
15;211
15;212
15;213
15;214
15;215
15;216
15;217
15;218
15;219
15;220
15;221
15;222
15;223
15;224
15;225
15;226
15;227
15;228
15;229
15;230
15;231
15;232
15;233
15;234
15;235
15;236
15;237
15;238
15;239
15;240
15;241
15;242
15;243
15;244
15;245
15;246
15;247
15;248
15;249
15;250
15;251
15;252
15;253
15;254
15;255
15;256
15;257
15;258
15;259
15;260
15;261
15;262
15;263
15;264
15;265
15;266
15;267
15;268
15;269
15;270
15;271
15;272
15;273
15;274
15;275
15;276
15;277
15;278
15;279
15;280
15;281
15;282
15;283
15;284
15;285
15;299
15;300
15;301
15;302
15;303
15;304
15;305
15;306
15;307
15;308
15;309
15;310
15;311
15;312
15;313
15;314
15;315
15;316
15;317
15;318
15;319
15;320
15;321
15;322
15;323
15;324
15;325
15;326
15;327
15;328
15;329
15;330
15;331
16;42
16;43
16;44
16;45
16;46
16;47
16;48
16;49
16;50
16;51
16;52
16;53
16;54
16;55
16;56
16;57
16;58
16;59
16;60
16;61
16;62
16;63
16;64
16;65
16;66
16;67
16;68
16;69
16;70
16;71
16;72
16;73
16;74
16;75
16;76
16;77
16;78
16;79
16;80
16;81
16;82
16;83
16;84
16;85
16;86
16;87
16;88
16;89
16;90
16;91
16;92
16;93
16;94
16;95
16;96
16;97
16;98
16;99
16;100
16;101
16;102
16;103
16;104
16;105
16;106
16;107
16;108
16;109
16;110
16;111
16;112
16;113
16;114
16;115
16;116
16;117
16;118
16;119
16;120
16;121
16;122
16;123
16;124
16;125
16;126
16;127
16;128
16;129
16;130
16;131
16;132
16;133
16;134
16;135
16;136
16;157
16;158
16;159
16;160
16;161
16;162
16;163
16;164
16;165
16;166
16;167
16;168
16;169
16;170
16;171
16;172
16;173
16;174
16;175
16;176
16;177
16;178
16;179
16;180
16;181
16;182
16;183
16;184
16;185
16;186
16;187
16;188
16;189
16;190
16;191
16;192
16;193
16;194
16;195
16;196
16;197
16;198
16;199
16;200
16;201
16;202
16;203
16;204
16;205
16;206
16;207
16;208
16;209
16;210
16;211
16;212
16;213
16;214
16;215
16;216
16;217
16;218
16;219
16;220
16;221
16;222
16;223
16;224
16;225
16;226
16;227
16;228
16;229
16;230
16;231
16;232
16;233
16;234
16;235
16;236
16;237
16;238
16;239
16;240
16;241
16;242
16;243
16;244
16;245
16;246
16;247
16;248
16;249
16;250
16;251
16;252
16;253
16;254
16;255
16;256
16;257
16;258
16;259
16;260
16;261
16;262
16;263
16;264
16;265
16;266
16;267
16;268
16;269
16;270
16;271
16;272
16;273
16;274
16;275
16;276
16;277
16;278
16;279
16;280
16;281
16;282
16;283
16;284
16;297
16;298
16;299
16;300
16;301
16;302
16;303
16;304
16;305
16;306
16;307
16;308
16;309
16;310
16;311
16;312
16;313
16;314
16;315
16;316
16;317
16;318
16;319
16;320
16;321
16;322
16;323
16;324
16;325
16;326
16;327
16;328
16;329
16;330
16;331
16;332
16;333
17;44
17;45
17;46
17;47
17;48
17;49
17;50
17;51
17;52
17;53
17;54
17;55
17;56
17;57
17;58
17;59
17;60
17;61
17;62
17;63
17;64
17;65
17;66
17;67
17;68
17;69
17;70
17;71
17;72
17;73
17;74
17;75
17;76
17;77
17;78
17;79
17;80
17;81
17;82
17;83
17;84
17;85
17;86
17;87
17;88
17;89
17;90
17;91
17;92
17;93
17;94
17;95
17;96
17;97
17;98
17;99
17;100
17;101
17;102
17;103
17;104
17;105
17;106
17;107
17;108
17;109
17;110
17;111
17;112
17;113
17;114
17;115
17;116
17;117
17;118
17;119
17;120
17;121
17;122
17;123
17;124
17;125
17;126
17;127
17;128
17;129
17;130
17;131
17;132
17;133
17;134
17;157
17;158
17;159
17;160
17;161
17;162
17;163
17;164
17;165
17;166
17;167
17;168
17;169
17;170
17;171
17;172
17;173
17;174
17;175
17;176
17;177
17;178
17;179
17;180
17;181
17;182
17;183
17;184
17;185
17;186
17;187
17;188
17;189
17;190
17;191
17;192
17;193
17;194
17;195
17;196
17;197
17;198
17;199
17;200
17;201
17;202
17;203
17;204
17;205
17;206
17;207
17;208
17;209
17;210
17;211
17;212
17;213
17;214
17;215
17;216
17;217
17;218
17;219
17;220
17;221
17;222
17;223
17;224
17;225
17;226
17;227
17;228
17;229
17;230
17;231
17;232
17;233
17;234
17;235
17;236
17;237
17;238
17;239
17;240
17;241
17;242
17;243
17;244
17;245
17;246
17;247
17;248
17;249
17;250
17;251
17;252
17;253
17;254
17;255
17;256
17;257
17;258
17;259
17;260
17;261
17;262
17;263
17;264
17;265
17;266
17;267
17;268
17;269
17;270
17;271
17;272
17;273
17;274
17;275
17;276
17;277
17;278
17;279
17;280
17;281
17;282
17;295
17;296
17;297
17;298
17;299
17;300
17;301
17;302
17;303
17;304
17;305
17;306
17;307
17;308
17;309
17;310
17;311
17;312
17;313
17;314
17;315
17;316
17;317
17;318
17;319
17;320
17;321
17;322
17;323
17;324
17;325
17;326
17;327
17;328
17;329
17;330
17;331
17;332
17;333
17;334
17;335
18;44
18;45
18;46
18;47
18;48
18;49
18;50
18;51
18;52
18;53
18;54
18;55
18;56
18;57
18;58
18;59
18;60
18;61
18;62
18;63
18;64
18;65
18;66
18;67
18;68
18;69
18;70
18;71
18;72
18;73
18;74
18;75
18;76
18;77
18;78
18;79
18;80
18;81
18;82
18;83
18;84
18;85
18;86
18;87
18;88
18;89
18;90
18;91
18;92
18;93
18;94
18;95
18;96
18;97
18;98
18;99
18;100
18;101
18;102
18;103
18;104
18;105
18;106
18;107
18;108
18;109
18;110
18;111
18;112
18;113
18;114
18;115
18;116
18;117
18;118
18;119
18;120
18;121
18;122
18;123
18;124
18;125
18;126
18;127
18;128
18;129
18;130
18;131
18;132
18;133
18;134
18;156
18;157
18;158
18;159
18;160
18;161
18;162
18;163
18;164
18;165
18;166
18;167
18;168
18;169
18;170
18;171
18;172
18;173
18;174
18;175
18;176
18;177
18;178
18;179
18;180
18;181
18;182
18;183
18;184
18;185
18;186
18;187
18;188
18;189
18;190
18;191
18;192
18;193
18;194
18;195
18;196
18;197
18;198
18;199
18;200
18;201
18;202
18;203
18;204
18;205
18;206
18;207
18;208
18;209
18;210
18;211
18;212
18;213
18;214
18;215
18;216
18;217
18;218
18;219
18;220
18;221
18;222
18;223
18;224
18;225
18;226
18;227
18;228
18;229
18;230
18;231
18;232
18;233
18;234
18;235
18;236
18;237
18;238
18;239
18;240
18;241
18;242
18;243
18;244
18;245
18;246
18;247
18;248
18;249
18;250
18;251
18;252
18;253
18;254
18;255
18;256
18;257
18;258
18;259
18;260
18;261
18;262
18;263
18;264
18;265
18;266
18;267
18;268
18;269
18;270
18;271
18;272
18;273
18;274
18;275
18;276
18;277
18;278
18;279
18;280
18;293
18;294
18;295
18;296
18;297
18;298
18;299
18;300
18;301
18;302
18;303
18;304
18;305
18;306
18;307
18;308
18;309
18;310
18;311
18;312
18;313
18;314
18;315
18;316
18;317
18;318
18;319
18;320
18;321
18;322
18;323
18;324
18;325
18;326
18;327
18;328
18;329
18;330
18;331
18;332
18;333
18;334
18;335
18;336
18;337
19;46
19;47
19;48
19;49
19;50
19;51
19;52
19;53
19;54
19;55
19;56
19;57
19;58
19;59
19;60
19;61
19;62
19;63
19;64
19;65
19;66
19;67
19;68
19;69
19;70
19;71
19;72
19;73
19;74
19;75
19;76
19;77
19;78
19;79
19;80
19;81
19;82
19;83
19;84
19;85
19;86
19;87
19;88
19;89
19;90
19;91
19;92
19;93
19;94
19;95
19;96
19;97
19;98
19;99
19;100
19;101
19;102
19;103
19;104
19;105
19;106
19;107
19;108
19;109
19;110
19;111
19;112
19;113
19;114
19;115
19;116
19;117
19;118
19;119
19;120
19;121
19;122
19;123
19;124
19;125
19;126
19;127
19;128
19;129
19;130
19;131
19;132
19;133
19;155
19;156
19;157
19;158
19;159
19;160
19;161
19;162
19;163
19;164
19;165
19;166
19;167
19;168
19;169
19;170
19;171
19;172
19;173
19;174
19;175
19;176
19;177
19;178
19;179
19;180
19;181
19;182
19;183
19;184
19;185
19;186
19;187
19;188
19;189
19;190
19;191
19;192
19;193
19;194
19;195
19;196
19;197
19;198
19;199
19;200
19;201
19;202
19;203
19;204
19;205
19;206
19;207
19;208
19;209
19;210
19;211
19;212
19;213
19;214
19;215
19;216
19;217
19;218
19;219
19;220
19;221
19;222
19;223
19;224
19;225
19;226
19;227
19;228
19;229
19;230
19;231
19;232
19;233
19;234
19;235
19;236
19;237
19;238
19;239
19;240
19;241
19;242
19;243
19;244
19;245
19;246
19;247
19;248
19;249
19;250
19;251
19;252
19;253
19;254
19;255
19;256
19;257
19;258
19;259
19;260
19;261
19;262
19;263
19;264
19;265
19;266
19;267
19;268
19;269
19;270
19;271
19;272
19;273
19;274
19;275
19;276
19;277
19;278
19;291
19;292
19;293
19;294
19;295
19;296
19;297
19;298
19;299
19;300
19;301
19;302
19;303
19;304
19;305
19;306
19;307
19;308
19;309
19;310
19;311
19;312
19;313
19;314
19;315
19;316
19;317
19;318
19;319
19;320
19;321
19;322
19;323
19;324
19;325
19;326
19;327
19;328
19;329
19;330
19;331
19;332
19;333
19;334
19;335
19;336
19;337
19;338
20;48
20;49
20;50
20;51
20;52
20;53
20;54
20;55
20;56
20;57
20;58
20;59
20;60
20;61
20;62
20;63
20;64
20;65
20;66
20;67
20;68
20;69
20;70
20;71
20;72
20;73
20;74
20;75
20;76
20;77
20;78
20;79
20;80
20;81
20;82
20;83
20;84
20;85
20;86
20;87
20;88
20;89
20;90
20;91
20;92
20;93
20;94
20;95
20;96
20;97
20;98
20;99
20;100
20;101
20;102
20;103
20;104
20;105
20;106
20;107
20;108
20;109
20;110
20;111
20;112
20;113
20;114
20;115
20;116
20;117
20;118
20;119
20;120
20;121
20;122
20;123
20;124
20;125
20;126
20;127
20;128
20;129
20;130
20;131
20;132
20;155
20;156
20;157
20;158
20;159
20;160
20;161
20;162
20;163
20;164
20;165
20;166
20;167
20;168
20;169
20;170
20;171
20;172
20;173
20;174
20;175
20;176
20;177
20;178
20;179
20;180
20;181
20;182
20;183
20;184
20;185
20;186
20;187
20;188
20;189
20;190
20;191
20;192
20;193
20;194
20;195
20;196
20;197
20;198
20;199
20;200
20;201
20;202
20;203
20;204
20;205
20;206
20;207
20;208
20;209
20;210
20;211
20;212
20;213
20;214
20;215
20;216
20;217
20;218
20;219
20;220
20;221
20;222
20;223
20;224
20;225
20;226
20;227
20;228
20;229
20;230
20;231
20;232
20;233
20;234
20;235
20;236
20;237
20;238
20;239
20;240
20;241
20;242
20;243
20;244
20;245
20;246
20;247
20;248
20;249
20;250
20;251
20;252
20;253
20;254
20;255
20;256
20;257
20;258
20;259
20;260
20;261
20;262
20;263
20;264
20;265
20;266
20;267
20;268
20;269
20;270
20;271
20;272
20;273
20;274
20;275
20;276
20;291
20;292
20;293
20;294
20;295
20;296
20;297
20;298
20;299
20;300
20;301
20;302
20;303
20;304
20;305
20;306
20;307
20;308
20;309
20;310
20;311
20;312
20;313
20;314
20;315
20;316
20;317
20;318
20;319
20;320
20;321
20;322
20;323
20;324
20;325
20;326
20;327
20;328
20;329
20;330
20;331
20;332
20;333
20;334
20;335
20;336
20;337
20;338
20;339
21;50
21;51
21;52
21;53
21;54
21;55
21;56
21;57
21;58
21;59
21;60
21;61
21;62
21;63
21;64
21;65
21;66
21;67
21;68
21;69
21;70
21;71
21;72
21;73
21;74
21;75
21;76
21;77
21;78
21;79
21;80
21;81
21;82
21;83
21;84
21;85
21;86
21;87
21;88
21;89
21;90
21;91
21;92
21;93
21;94
21;95
21;96
21;97
21;98
21;99
21;100
21;101
21;102
21;103
21;104
21;105
21;106
21;107
21;108
21;109
21;110
21;111
21;112
21;113
21;114
21;115
21;116
21;117
21;118
21;119
21;120
21;121
21;122
21;123
21;124
21;125
21;126
21;127
21;128
21;129
21;130
21;131
21;154
21;155
21;156
21;157
21;158
21;159
21;160
21;161
21;162
21;163
21;164
21;165
21;166
21;167
21;168
21;169
21;170
21;171
21;172
21;173
21;174
21;175
21;176
21;177
21;178
21;179
21;180
21;181
21;182
21;183
21;184
21;185
21;186
21;187
21;188
21;189
21;190
21;191
21;192
21;193
21;194
21;195
21;196
21;197
21;198
21;199
21;200
21;201
21;202
21;203
21;204
21;205
21;206
21;207
21;208
21;209
21;210
21;211
21;212
21;213
21;214
21;215
21;216
21;217
21;218
21;219
21;220
21;221
21;222
21;223
21;224
21;225
21;226
21;227
21;228
21;229
21;230
21;231
21;232
21;233
21;234
21;235
21;236
21;237
21;238
21;239
21;240
21;241
21;242
21;243
21;244
21;245
21;246
21;247
21;248
21;249
21;250
21;251
21;252
21;253
21;254
21;255
21;256
21;257
21;258
21;259
21;260
21;261
21;262
21;263
21;264
21;265
21;266
21;267
21;268
21;269
21;270
21;271
21;272
21;273
21;274
21;289
21;290
21;291
21;292
21;293
21;294
21;295
21;296
21;297
21;298
21;299
21;300
21;301
21;302
21;303
21;304
21;305
21;306
21;307
21;308
21;309
21;310
21;311
21;312
21;313
21;314
21;315
21;316
21;317
21;318
21;319
21;320
21;321
21;322
21;323
21;324
21;325
21;326
21;327
21;328
21;329
21;330
21;331
21;332
21;333
21;334
21;335
21;336
21;337
21;338
21;339
21;340
21;341
22;51
22;52
22;53
22;54
22;55
22;56
22;57
22;58
22;59
22;60
22;61
22;62
22;63
22;64
22;65
22;66
22;67
22;68
22;69
22;70
22;71
22;72
22;73
22;74
22;75
22;76
22;77
22;78
22;79
22;80
22;81
22;82
22;83
22;84
22;85
22;86
22;87
22;88
22;89
22;90
22;91
22;92
22;93
22;94
22;95
22;96
22;97
22;98
22;99
22;100
22;101
22;102
22;103
22;104
22;105
22;106
22;107
22;108
22;109
22;110
22;111
22;112
22;113
22;114
22;115
22;116
22;117
22;118
22;119
22;120
22;121
22;122
22;123
22;124
22;125
22;126
22;127
22;128
22;129
22;130
22;154
22;155
22;156
22;157
22;158
22;159
22;160
22;161
22;162
22;163
22;164
22;165
22;166
22;167
22;168
22;169
22;170
22;171
22;172
22;173
22;174
22;175
22;176
22;177
22;178
22;179
22;180
22;181
22;182
22;183
22;184
22;185
22;186
22;187
22;188
22;189
22;190
22;191
22;192
22;193
22;194
22;195
22;196
22;197
22;198
22;199
22;200
22;201
22;202
22;203
22;204
22;205
22;206
22;207
22;208
22;209
22;210
22;211
22;212
22;213
22;214
22;215
22;216
22;217
22;218
22;219
22;220
22;221
22;222
22;223
22;224
22;225
22;226
22;227
22;228
22;229
22;230
22;231
22;232
22;233
22;234
22;235
22;236
22;237
22;238
22;239
22;240
22;241
22;242
22;243
22;244
22;245
22;246
22;247
22;248
22;249
22;250
22;251
22;252
22;253
22;254
22;255
22;256
22;257
22;258
22;259
22;260
22;261
22;262
22;263
22;264
22;265
22;266
22;267
22;268
22;269
22;270
22;271
22;272
22;289
22;290
22;291
22;292
22;293
22;294
22;295
22;296
22;297
22;298
22;299
22;300
22;301
22;302
22;303
22;304
22;305
22;306
22;307
22;308
22;309
22;310
22;311
22;312
22;313
22;314
22;315
22;316
22;317
22;318
22;319
22;320
22;321
22;322
22;323
22;324
22;325
22;326
22;327
22;328
22;329
22;330
22;331
22;332
22;333
22;334
22;335
22;336
22;337
22;338
22;339
22;340
22;341
23;52
23;53
23;54
23;55
23;56
23;57
23;58
23;59
23;60
23;61
23;62
23;63
23;64
23;65
23;66
23;67
23;68
23;69
23;70
23;71
23;72
23;73
23;74
23;75
23;76
23;77
23;78
23;79
23;80
23;81
23;82
23;83
23;84
23;85
23;86
23;87
23;88
23;89
23;90
23;91
23;92
23;93
23;94
23;95
23;96
23;97
23;98
23;99
23;100
23;101
23;102
23;103
23;104
23;105
23;106
23;107
23;108
23;109
23;110
23;111
23;112
23;113
23;114
23;115
23;116
23;117
23;118
23;119
23;120
23;121
23;122
23;123
23;124
23;125
23;126
23;127
23;128
23;129
23;130
23;153
23;154
23;155
23;156
23;157
23;158
23;159
23;160
23;161
23;162
23;163
23;164
23;165
23;166
23;167
23;168
23;169
23;170
23;171
23;172
23;173
23;174
23;175
23;176
23;177
23;178
23;179
23;180
23;181
23;182
23;183
23;184
23;185
23;186
23;187
23;188
23;189
23;190
23;191
23;192
23;193
23;194
23;195
23;196
23;197
23;198
23;199
23;200
23;201
23;202
23;203
23;204
23;205
23;206
23;207
23;208
23;209
23;210
23;211
23;212
23;213
23;214
23;215
23;216
23;217
23;218
23;219
23;220
23;221
23;222
23;223
23;224
23;225
23;226
23;227
23;228
23;229
23;230
23;231
23;232
23;233
23;234
23;235
23;236
23;237
23;238
23;239
23;240
23;241
23;242
23;243
23;244
23;245
23;246
23;247
23;248
23;249
23;250
23;251
23;252
23;253
23;254
23;255
23;256
23;257
23;258
23;259
23;260
23;261
23;262
23;263
23;264
23;265
23;266
23;267
23;268
23;269
23;270
23;287
23;288
23;289
23;290
23;291
23;292
23;293
23;294
23;295
23;296
23;297
23;298
23;299
23;300
23;301
23;302
23;303
23;304
23;305
23;306
23;307
23;308
23;309
23;310
23;311
23;312
23;313
23;314
23;315
23;316
23;317
23;318
23;319
23;320
23;321
23;322
23;323
23;324
23;325
23;326
23;327
23;328
23;329
23;330
23;331
23;332
23;333
23;334
23;335
23;336
23;337
23;338
23;339
23;340
23;341
23;342
23;343
24;54
24;55
24;56
24;57
24;58
24;59
24;60
24;61
24;62
24;63
24;64
24;65
24;66
24;67
24;68
24;69
24;70
24;71
24;72
24;73
24;74
24;75
24;76
24;77
24;78
24;79
24;80
24;81
24;82
24;83
24;84
24;85
24;86
24;87
24;88
24;89
24;90
24;91
24;92
24;93
24;94
24;95
24;96
24;97
24;98
24;99
24;100
24;101
24;102
24;103
24;104
24;105
24;106
24;107
24;108
24;109
24;110
24;111
24;112
24;113
24;114
24;115
24;116
24;117
24;118
24;119
24;120
24;121
24;122
24;123
24;124
24;125
24;126
24;127
24;128
24;153
24;154
24;155
24;156
24;157
24;158
24;159
24;160
24;161
24;162
24;163
24;164
24;165
24;166
24;167
24;168
24;169
24;170
24;171
24;172
24;173
24;174
24;175
24;176
24;177
24;178
24;179
24;180
24;181
24;182
24;183
24;184
24;185
24;186
24;187
24;188
24;189
24;190
24;191
24;192
24;193
24;194
24;195
24;196
24;197
24;198
24;199
24;200
24;201
24;202
24;203
24;204
24;205
24;206
24;207
24;208
24;209
24;210
24;211
24;212
24;213
24;214
24;215
24;216
24;217
24;218
24;219
24;220
24;221
24;222
24;223
24;224
24;225
24;226
24;227
24;228
24;229
24;230
24;231
24;232
24;233
24;234
24;235
24;236
24;237
24;238
24;239
24;240
24;241
24;242
24;243
24;244
24;245
24;246
24;247
24;248
24;249
24;250
24;251
24;252
24;253
24;254
24;255
24;256
24;257
24;258
24;259
24;260
24;261
24;262
24;263
24;264
24;265
24;266
24;267
24;268
24;287
24;288
24;289
24;290
24;291
24;292
24;293
24;294
24;295
24;296
24;297
24;298
24;299
24;300
24;301
24;302
24;303
24;304
24;305
24;306
24;307
24;308
24;309
24;310
24;311
24;312
24;313
24;314
24;315
24;316
24;317
24;318
24;319
24;320
24;321
24;322
24;323
24;324
24;325
24;326
24;327
24;328
24;329
24;330
24;331
24;332
24;333
24;334
24;335
24;336
24;337
24;338
24;339
24;340
24;341
24;342
24;343
25;56
25;57
25;58
25;59
25;60
25;61
25;62
25;63
25;64
25;65
25;66
25;67
25;68
25;69
25;70
25;71
25;72
25;73
25;74
25;75
25;76
25;77
25;78
25;79
25;80
25;81
25;82
25;83
25;84
25;85
25;86
25;87
25;88
25;89
25;90
25;91
25;92
25;93
25;94
25;95
25;96
25;97
25;98
25;99
25;100
25;101
25;102
25;103
25;104
25;105
25;106
25;107
25;108
25;109
25;110
25;111
25;112
25;113
25;114
25;115
25;116
25;117
25;118
25;119
25;120
25;121
25;122
25;123
25;124
25;125
25;126
25;127
25;128
25;153
25;154
25;155
25;156
25;157
25;158
25;159
25;160
25;161
25;162
25;163
25;164
25;165
25;166
25;167
25;168
25;169
25;170
25;171
25;172
25;173
25;174
25;175
25;176
25;177
25;178
25;179
25;180
25;181
25;182
25;183
25;184
25;185
25;186
25;187
25;188
25;189
25;190
25;191
25;192
25;193
25;194
25;195
25;196
25;197
25;198
25;199
25;200
25;201
25;202
25;203
25;204
25;205
25;206
25;207
25;208
25;209
25;210
25;211
25;212
25;213
25;214
25;215
25;216
25;217
25;218
25;219
25;220
25;221
25;222
25;223
25;224
25;225
25;226
25;227
25;228
25;229
25;230
25;231
25;232
25;233
25;234
25;235
25;236
25;237
25;238
25;239
25;240
25;241
25;242
25;243
25;244
25;245
25;246
25;247
25;248
25;249
25;250
25;251
25;252
25;253
25;254
25;255
25;256
25;257
25;258
25;259
25;260
25;261
25;262
25;263
25;264
25;265
25;266
25;286
25;287
25;288
25;289
25;290
25;291
25;292
25;293
25;294
25;295
25;296
25;297
25;298
25;299
25;300
25;301
25;302
25;303
25;304
25;305
25;306
25;307
25;308
25;309
25;310
25;311
25;312
25;313
25;314
25;315
25;316
25;317
25;318
25;319
25;320
25;321
25;322
25;323
25;324
25;325
25;326
25;327
25;328
25;329
25;330
25;331
25;332
25;333
25;334
25;335
25;336
25;337
25;338
25;339
25;340
25;341
25;342
25;343
25;344
26;57
26;58
26;59
26;60
26;61
26;62
26;63
26;64
26;65
26;66
26;67
26;68
26;69
26;70
26;71
26;72
26;73
26;74
26;75
26;76
26;77
26;78
26;79
26;80
26;81
26;82
26;83
26;84
26;85
26;86
26;87
26;88
26;89
26;90
26;91
26;92
26;93
26;94
26;95
26;96
26;97
26;98
26;99
26;100
26;101
26;102
26;103
26;104
26;105
26;106
26;107
26;108
26;109
26;110
26;111
26;112
26;113
26;114
26;115
26;116
26;117
26;118
26;119
26;120
26;121
26;122
26;123
26;124
26;125
26;126
26;127
26;152
26;153
26;154
26;155
26;156
26;157
26;158
26;159
26;160
26;161
26;162
26;163
26;164
26;165
26;166
26;167
26;168
26;169
26;170
26;171
26;172
26;173
26;174
26;175
26;176
26;177
26;178
26;179
26;180
26;181
26;182
26;183
26;184
26;185
26;186
26;187
26;188
26;189
26;190
26;191
26;192
26;193
26;194
26;195
26;196
26;197
26;198
26;199
26;200
26;201
26;202
26;203
26;204
26;205
26;206
26;207
26;208
26;209
26;210
26;211
26;212
26;213
26;214
26;215
26;216
26;217
26;218
26;219
26;220
26;221
26;222
26;223
26;224
26;225
26;226
26;227
26;228
26;229
26;230
26;231
26;232
26;233
26;234
26;235
26;236
26;237
26;238
26;239
26;240
26;241
26;242
26;243
26;244
26;245
26;246
26;247
26;248
26;249
26;250
26;251
26;252
26;253
26;254
26;255
26;256
26;257
26;258
26;259
26;260
26;261
26;262
26;263
26;264
26;285
26;286
26;287
26;288
26;289
26;290
26;291
26;292
26;293
26;294
26;295
26;296
26;297
26;298
26;299
26;300
26;301
26;302
26;303
26;304
26;305
26;306
26;307
26;308
26;309
26;310
26;311
26;312
26;313
26;314
26;315
26;316
26;317
26;318
26;319
26;320
26;321
26;322
26;323
26;324
26;325
26;326
26;327
26;328
26;329
26;330
26;331
26;332
26;333
26;334
26;335
26;336
26;337
26;338
26;339
26;340
26;341
26;342
26;343
26;344
26;345
27;58
27;59
27;60
27;61
27;62
27;63
27;64
27;65
27;66
27;67
27;68
27;69
27;70
27;71
27;72
27;73
27;74
27;75
27;76
27;77
27;78
27;79
27;80
27;81
27;82
27;83
27;84
27;85
27;86
27;87
27;88
27;89
27;90
27;91
27;92
27;93
27;94
27;95
27;96
27;97
27;98
27;99
27;100
27;101
27;102
27;103
27;104
27;105
27;106
27;107
27;108
27;109
27;110
27;111
27;112
27;113
27;114
27;115
27;116
27;117
27;118
27;119
27;120
27;121
27;122
27;123
27;124
27;125
27;126
27;152
27;153
27;154
27;155
27;156
27;157
27;158
27;159
27;160
27;161
27;162
27;163
27;164
27;165
27;166
27;167
27;168
27;169
27;170
27;171
27;172
27;173
27;174
27;175
27;176
27;177
27;178
27;179
27;180
27;181
27;182
27;183
27;184
27;185
27;186
27;187
27;188
27;189
27;190
27;191
27;192
27;193
27;194
27;195
27;196
27;197
27;198
27;199
27;200
27;201
27;202
27;203
27;204
27;205
27;206
27;207
27;208
27;209
27;210
27;211
27;212
27;213
27;214
27;215
27;216
27;217
27;218
27;219
27;220
27;221
27;222
27;223
27;224
27;225
27;226
27;227
27;228
27;229
27;230
27;231
27;232
27;233
27;234
27;235
27;236
27;237
27;238
27;239
27;240
27;241
27;242
27;243
27;244
27;245
27;246
27;247
27;248
27;249
27;250
27;251
27;252
27;253
27;254
27;255
27;256
27;257
27;258
27;259
27;260
27;261
27;262
27;284
27;285
27;286
27;287
27;288
27;289
27;290
27;291
27;292
27;293
27;294
27;295
27;296
27;297
27;298
27;299
27;300
27;301
27;302
27;303
27;304
27;305
27;306
27;307
27;308
27;309
27;310
27;311
27;312
27;313
27;314
27;315
27;316
27;317
27;318
27;319
27;320
27;321
27;322
27;323
27;324
27;325
27;326
27;327
27;328
27;329
27;330
27;331
27;332
27;333
27;334
27;335
27;336
27;337
27;338
27;339
27;340
27;341
27;342
27;343
27;344
27;345
28;60
28;61
28;62
28;63
28;64
28;65
28;66
28;67
28;68
28;69
28;70
28;71
28;72
28;73
28;74
28;75
28;76
28;77
28;78
28;79
28;80
28;81
28;82
28;83
28;84
28;85
28;86
28;87
28;88
28;89
28;90
28;91
28;92
28;93
28;94
28;95
28;96
28;97
28;98
28;99
28;100
28;101
28;102
28;103
28;104
28;105
28;106
28;107
28;108
28;109
28;110
28;111
28;112
28;113
28;114
28;115
28;116
28;117
28;118
28;119
28;120
28;121
28;122
28;123
28;124
28;125
28;152
28;153
28;154
28;155
28;156
28;157
28;158
28;159
28;160
28;161
28;162
28;163
28;164
28;165
28;166
28;167
28;168
28;169
28;170
28;171
28;172
28;173
28;174
28;175
28;176
28;177
28;178
28;179
28;180
28;181
28;182
28;183
28;184
28;185
28;186
28;187
28;188
28;189
28;190
28;191
28;192
28;193
28;194
28;195
28;196
28;197
28;198
28;199
28;200
28;201
28;202
28;203
28;204
28;205
28;206
28;207
28;208
28;209
28;210
28;211
28;212
28;213
28;214
28;215
28;216
28;217
28;218
28;219
28;220
28;221
28;222
28;223
28;224
28;225
28;226
28;227
28;228
28;229
28;230
28;231
28;232
28;233
28;234
28;235
28;236
28;237
28;238
28;239
28;240
28;241
28;242
28;243
28;244
28;245
28;246
28;247
28;248
28;249
28;250
28;251
28;252
28;253
28;254
28;255
28;256
28;257
28;258
28;259
28;260
28;284
28;285
28;286
28;287
28;288
28;289
28;290
28;291
28;292
28;293
28;294
28;295
28;296
28;297
28;298
28;299
28;300
28;301
28;302
28;303
28;304
28;305
28;306
28;307
28;308
28;309
28;310
28;311
28;312
28;313
28;314
28;315
28;316
28;317
28;318
28;319
28;320
28;321
28;322
28;323
28;324
28;325
28;326
28;327
28;328
28;329
28;330
28;331
28;332
28;333
28;334
28;335
28;336
28;337
28;338
28;339
28;340
28;341
28;342
28;343
28;344
28;345
28;346
29;62
29;63
29;64
29;65
29;66
29;67
29;68
29;69
29;70
29;71
29;72
29;73
29;74
29;75
29;76
29;77
29;78
29;79
29;80
29;81
29;82
29;83
29;84
29;85
29;86
29;87
29;88
29;89
29;90
29;91
29;92
29;93
29;94
29;95
29;96
29;97
29;98
29;99
29;100
29;101
29;102
29;103
29;104
29;105
29;106
29;107
29;108
29;109
29;110
29;111
29;112
29;113
29;114
29;115
29;116
29;117
29;118
29;119
29;120
29;121
29;122
29;123
29;124
29;151
29;152
29;153
29;154
29;155
29;156
29;157
29;158
29;159
29;160
29;161
29;162
29;163
29;164
29;165
29;166
29;167
29;168
29;169
29;170
29;171
29;172
29;173
29;174
29;175
29;176
29;177
29;178
29;179
29;180
29;181
29;182
29;183
29;184
29;185
29;186
29;187
29;188
29;189
29;190
29;191
29;192
29;193
29;194
29;195
29;196
29;197
29;198
29;199
29;200
29;201
29;202
29;203
29;204
29;205
29;206
29;207
29;208
29;209
29;210
29;211
29;212
29;213
29;214
29;215
29;216
29;217
29;218
29;219
29;220
29;221
29;222
29;223
29;224
29;225
29;226
29;227
29;228
29;229
29;230
29;231
29;232
29;233
29;234
29;235
29;236
29;237
29;238
29;239
29;240
29;241
29;242
29;243
29;244
29;245
29;246
29;247
29;248
29;249
29;250
29;251
29;252
29;253
29;254
29;255
29;256
29;257
29;258
29;259
29;260
29;283
29;284
29;285
29;286
29;287
29;288
29;289
29;290
29;291
29;292
29;293
29;294
29;295
29;296
29;297
29;298
29;299
29;300
29;301
29;302
29;303
29;304
29;305
29;306
29;307
29;308
29;309
29;310
29;311
29;312
29;313
29;314
29;315
29;316
29;317
29;318
29;319
29;320
29;321
29;322
29;323
29;324
29;325
29;326
29;327
29;328
29;329
29;330
29;331
29;332
29;333
29;334
29;335
29;336
29;337
29;338
29;339
29;340
29;341
29;342
29;343
29;344
29;345
29;346
29;347
30;64
30;65
30;66
30;67
30;68
30;69
30;70
30;71
30;72
30;73
30;74
30;75
30;76
30;77
30;78
30;79
30;80
30;81
30;82
30;83
30;84
30;85
30;86
30;87
30;88
30;89
30;90
30;91
30;92
30;93
30;94
30;95
30;96
30;97
30;98
30;99
30;100
30;101
30;102
30;103
30;104
30;105
30;106
30;107
30;108
30;109
30;110
30;111
30;112
30;113
30;114
30;115
30;116
30;117
30;118
30;119
30;120
30;121
30;122
30;123
30;151
30;152
30;153
30;154
30;155
30;156
30;157
30;158
30;159
30;160
30;161
30;162
30;163
30;164
30;165
30;166
30;167
30;168
30;169
30;170
30;171
30;172
30;173
30;174
30;175
30;176
30;177
30;178
30;179
30;180
30;181
30;182
30;183
30;184
30;185
30;186
30;187
30;188
30;189
30;190
30;191
30;192
30;193
30;194
30;195
30;196
30;197
30;198
30;199
30;200
30;201
30;202
30;203
30;204
30;205
30;206
30;207
30;208
30;209
30;210
30;211
30;212
30;213
30;214
30;215
30;216
30;217
30;218
30;219
30;220
30;221
30;222
30;223
30;224
30;225
30;226
30;227
30;228
30;229
30;230
30;231
30;232
30;233
30;234
30;235
30;236
30;237
30;238
30;239
30;240
30;241
30;242
30;243
30;244
30;245
30;246
30;247
30;248
30;249
30;250
30;251
30;252
30;253
30;254
30;255
30;256
30;257
30;258
30;283
30;284
30;285
30;286
30;287
30;288
30;289
30;290
30;291
30;292
30;293
30;294
30;295
30;296
30;297
30;298
30;299
30;300
30;301
30;302
30;303
30;304
30;305
30;306
30;307
30;308
30;309
30;310
30;311
30;312
30;313
30;314
30;315
30;316
30;317
30;318
30;319
30;320
30;321
30;322
30;323
30;324
30;325
30;326
30;327
30;328
30;329
30;330
30;331
30;332
30;333
30;334
30;335
30;336
30;337
30;338
30;339
30;340
30;341
30;342
30;343
30;344
30;345
30;346
30;347
31;64
31;65
31;66
31;67
31;68
31;69
31;70
31;71
31;72
31;73
31;74
31;75
31;76
31;77
31;78
31;79
31;80
31;81
31;82
31;83
31;84
31;85
31;86
31;87
31;88
31;89
31;90
31;91
31;92
31;93
31;94
31;95
31;96
31;97
31;98
31;99
31;100
31;101
31;102
31;103
31;104
31;105
31;106
31;107
31;108
31;109
31;110
31;111
31;112
31;113
31;114
31;115
31;116
31;117
31;118
31;119
31;120
31;121
31;122
31;151
31;152
31;153
31;154
31;155
31;156
31;157
31;158
31;159
31;160
31;161
31;162
31;163
31;164
31;165
31;166
31;167
31;168
31;169
31;170
31;171
31;172
31;173
31;174
31;175
31;176
31;177
31;178
31;179
31;180
31;181
31;182
31;183
31;184
31;185
31;186
31;187
31;188
31;189
31;190
31;191
31;192
31;193
31;194
31;195
31;196
31;197
31;198
31;199
31;200
31;201
31;202
31;203
31;204
31;205
31;206
31;207
31;208
31;209
31;210
31;211
31;212
31;213
31;214
31;215
31;216
31;217
31;218
31;219
31;220
31;221
31;222
31;223
31;224
31;225
31;226
31;227
31;228
31;229
31;230
31;231
31;232
31;233
31;234
31;235
31;236
31;237
31;238
31;239
31;240
31;241
31;242
31;243
31;244
31;245
31;246
31;247
31;248
31;249
31;250
31;251
31;252
31;253
31;254
31;255
31;256
31;282
31;283
31;284
31;285
31;286
31;287
31;288
31;289
31;290
31;291
31;292
31;293
31;294
31;295
31;296
31;297
31;298
31;299
31;300
31;301
31;302
31;303
31;304
31;305
31;306
31;307
31;308
31;309
31;310
31;311
31;312
31;313
31;314
31;315
31;316
31;317
31;318
31;319
31;320
31;321
31;322
31;323
31;324
31;325
31;326
31;327
31;328
31;329
31;330
31;331
31;332
31;333
31;334
31;335
31;336
31;337
31;338
31;339
31;340
31;341
31;342
31;343
31;344
31;345
31;346
31;347
32;66
32;67
32;68
32;69
32;70
32;71
32;72
32;73
32;74
32;75
32;76
32;77
32;78
32;79
32;80
32;81
32;82
32;83
32;84
32;85
32;86
32;87
32;88
32;89
32;90
32;91
32;92
32;93
32;94
32;95
32;96
32;97
32;98
32;99
32;100
32;101
32;102
32;103
32;104
32;105
32;106
32;107
32;108
32;109
32;110
32;111
32;112
32;113
32;114
32;115
32;116
32;117
32;118
32;119
32;120
32;121
32;122
32;151
32;152
32;153
32;154
32;155
32;156
32;157
32;158
32;159
32;160
32;161
32;162
32;163
32;164
32;165
32;166
32;167
32;168
32;169
32;170
32;171
32;172
32;173
32;174
32;175
32;176
32;177
32;178
32;179
32;180
32;181
32;182
32;183
32;184
32;185
32;186
32;187
32;188
32;189
32;190
32;191
32;192
32;193
32;194
32;195
32;196
32;197
32;198
32;199
32;200
32;201
32;202
32;203
32;204
32;205
32;206
32;207
32;208
32;209
32;210
32;211
32;212
32;213
32;214
32;215
32;216
32;217
32;218
32;219
32;220
32;221
32;222
32;223
32;224
32;225
32;226
32;227
32;228
32;229
32;230
32;231
32;232
32;233
32;234
32;235
32;236
32;237
32;238
32;239
32;240
32;241
32;242
32;243
32;244
32;245
32;246
32;247
32;248
32;249
32;250
32;251
32;252
32;253
32;254
32;282
32;283
32;284
32;285
32;286
32;287
32;288
32;289
32;290
32;291
32;292
32;293
32;294
32;295
32;296
32;297
32;298
32;299
32;300
32;301
32;302
32;303
32;304
32;305
32;306
32;307
32;308
32;309
32;310
32;311
32;312
32;313
32;314
32;315
32;316
32;317
32;318
32;319
32;320
32;321
32;322
32;323
32;324
32;325
32;326
32;327
32;328
32;329
32;330
32;331
32;332
32;333
32;334
32;335
32;336
32;337
32;338
32;339
32;340
32;341
32;342
32;343
32;344
32;345
32;346
32;347
32;348
33;68
33;69
33;70
33;71
33;72
33;73
33;74
33;75
33;76
33;77
33;78
33;79
33;80
33;81
33;82
33;83
33;84
33;85
33;86
33;87
33;88
33;89
33;90
33;91
33;92
33;93
33;94
33;95
33;96
33;97
33;98
33;99
33;100
33;101
33;102
33;103
33;104
33;105
33;106
33;107
33;108
33;109
33;110
33;111
33;112
33;113
33;114
33;115
33;116
33;117
33;118
33;119
33;120
33;151
33;152
33;153
33;154
33;155
33;156
33;157
33;158
33;159
33;160
33;161
33;162
33;163
33;164
33;165
33;166
33;167
33;168
33;169
33;170
33;171
33;172
33;173
33;174
33;175
33;176
33;177
33;178
33;179
33;180
33;181
33;182
33;183
33;184
33;185
33;186
33;187
33;188
33;189
33;190
33;191
33;192
33;193
33;194
33;195
33;196
33;197
33;198
33;199
33;200
33;201
33;202
33;203
33;204
33;205
33;206
33;207
33;208
33;209
33;210
33;211
33;212
33;213
33;214
33;215
33;216
33;217
33;218
33;219
33;220
33;221
33;222
33;223
33;224
33;225
33;226
33;227
33;228
33;229
33;230
33;231
33;232
33;233
33;234
33;235
33;236
33;237
33;238
33;239
33;240
33;241
33;242
33;243
33;244
33;245
33;246
33;247
33;248
33;249
33;250
33;251
33;252
33;281
33;282
33;283
33;284
33;285
33;286
33;287
33;288
33;289
33;290
33;291
33;292
33;293
33;294
33;295
33;296
33;297
33;298
33;299
33;300
33;301
33;302
33;303
33;304
33;305
33;306
33;307
33;308
33;309
33;310
33;311
33;312
33;313
33;314
33;315
33;316
33;317
33;318
33;319
33;320
33;321
33;322
33;323
33;324
33;325
33;326
33;327
33;328
33;329
33;330
33;331
33;332
33;333
33;334
33;335
33;336
33;337
33;338
33;339
33;340
33;341
33;342
33;343
33;344
33;345
33;346
33;347
33;348
34;70
34;71
34;72
34;73
34;74
34;75
34;76
34;77
34;78
34;79
34;80
34;81
34;82
34;83
34;84
34;85
34;86
34;87
34;88
34;89
34;90
34;91
34;92
34;93
34;94
34;95
34;96
34;97
34;98
34;99
34;100
34;101
34;102
34;103
34;104
34;105
34;106
34;107
34;108
34;109
34;110
34;111
34;112
34;113
34;114
34;115
34;116
34;117
34;118
34;119
34;120
34;151
34;152
34;153
34;154
34;155
34;156
34;157
34;158
34;159
34;160
34;161
34;162
34;163
34;164
34;165
34;166
34;167
34;168
34;169
34;170
34;171
34;172
34;173
34;174
34;175
34;176
34;177
34;178
34;179
34;180
34;181
34;182
34;183
34;184
34;185
34;186
34;187
34;188
34;189
34;190
34;191
34;192
34;193
34;194
34;195
34;196
34;197
34;198
34;199
34;200
34;201
34;202
34;203
34;204
34;205
34;206
34;207
34;208
34;209
34;210
34;211
34;212
34;213
34;214
34;215
34;216
34;217
34;218
34;219
34;220
34;221
34;222
34;223
34;224
34;225
34;226
34;227
34;228
34;229
34;230
34;231
34;232
34;233
34;234
34;235
34;236
34;237
34;238
34;239
34;240
34;241
34;242
34;243
34;244
34;245
34;246
34;247
34;248
34;249
34;250
34;281
34;282
34;283
34;284
34;285
34;286
34;287
34;288
34;289
34;290
34;291
34;292
34;293
34;294
34;295
34;296
34;297
34;298
34;299
34;300
34;301
34;302
34;303
34;304
34;305
34;306
34;307
34;308
34;309
34;310
34;311
34;312
34;313
34;314
34;315
34;316
34;317
34;318
34;319
34;320
34;321
34;322
34;323
34;324
34;325
34;326
34;327
34;328
34;329
34;330
34;331
34;332
34;333
34;334
34;335
34;336
34;337
34;338
34;339
34;340
34;341
34;342
34;343
34;344
34;345
34;346
34;347
34;348
34;349
35;70
35;71
35;72
35;73
35;74
35;75
35;76
35;77
35;78
35;79
35;80
35;81
35;82
35;83
35;84
35;85
35;86
35;87
35;88
35;89
35;90
35;91
35;92
35;93
35;94
35;95
35;96
35;97
35;98
35;99
35;100
35;101
35;102
35;103
35;104
35;105
35;106
35;107
35;108
35;109
35;110
35;111
35;112
35;113
35;114
35;115
35;116
35;117
35;118
35;119
35;150
35;151
35;152
35;153
35;154
35;155
35;156
35;157
35;158
35;159
35;160
35;161
35;162
35;163
35;164
35;165
35;166
35;167
35;168
35;169
35;170
35;171
35;172
35;173
35;174
35;175
35;176
35;177
35;178
35;179
35;180
35;181
35;182
35;183
35;184
35;185
35;186
35;187
35;188
35;189
35;190
35;191
35;192
35;193
35;194
35;195
35;196
35;197
35;198
35;199
35;200
35;201
35;202
35;203
35;204
35;205
35;206
35;207
35;208
35;209
35;210
35;211
35;212
35;213
35;214
35;215
35;216
35;217
35;218
35;219
35;220
35;221
35;222
35;223
35;224
35;225
35;226
35;227
35;228
35;229
35;230
35;231
35;232
35;233
35;234
35;235
35;236
35;237
35;238
35;239
35;240
35;241
35;242
35;243
35;244
35;245
35;246
35;247
35;248
35;249
35;281
35;282
35;283
35;284
35;285
35;286
35;287
35;288
35;289
35;290
35;291
35;292
35;293
35;294
35;295
35;296
35;297
35;298
35;299
35;300
35;301
35;302
35;303
35;304
35;305
35;306
35;307
35;308
35;309
35;310
35;311
35;312
35;313
35;314
35;315
35;316
35;317
35;318
35;319
35;320
35;321
35;322
35;323
35;324
35;325
35;326
35;327
35;328
35;329
35;330
35;331
35;332
35;333
35;334
35;335
35;336
35;337
35;338
35;339
35;340
35;341
35;342
35;343
35;344
35;345
35;346
35;347
35;348
35;349
36;72
36;73
36;74
36;75
36;76
36;77
36;78
36;79
36;80
36;81
36;82
36;83
36;84
36;85
36;86
36;87
36;88
36;89
36;90
36;91
36;92
36;93
36;94
36;95
36;96
36;97
36;98
36;99
36;100
36;101
36;102
36;103
36;104
36;105
36;106
36;107
36;108
36;109
36;110
36;111
36;112
36;113
36;114
36;115
36;116
36;117
36;118
36;150
36;151
36;152
36;153
36;154
36;155
36;156
36;157
36;158
36;159
36;160
36;161
36;162
36;163
36;164
36;165
36;166
36;167
36;168
36;169
36;170
36;171
36;172
36;173
36;174
36;175
36;176
36;177
36;178
36;179
36;180
36;181
36;182
36;183
36;184
36;185
36;186
36;187
36;188
36;189
36;190
36;191
36;192
36;193
36;194
36;195
36;196
36;197
36;198
36;199
36;200
36;201
36;202
36;203
36;204
36;205
36;206
36;207
36;208
36;209
36;210
36;211
36;212
36;213
36;214
36;215
36;216
36;217
36;218
36;219
36;220
36;221
36;222
36;223
36;224
36;225
36;226
36;227
36;228
36;229
36;230
36;231
36;232
36;233
36;234
36;235
36;236
36;237
36;238
36;239
36;240
36;241
36;242
36;243
36;244
36;245
36;246
36;247
36;248
36;249
36;281
36;282
36;283
36;284
36;285
36;286
36;287
36;288
36;289
36;290
36;291
36;292
36;293
36;294
36;295
36;296
36;297
36;298
36;299
36;300
36;301
36;302
36;303
36;304
36;305
36;306
36;307
36;308
36;309
36;310
36;311
36;312
36;313
36;314
36;315
36;316
36;317
36;318
36;319
36;320
36;321
36;322
36;323
36;324
36;325
36;326
36;327
36;328
36;329
36;330
36;331
36;332
36;333
36;334
36;335
36;336
36;337
36;338
36;339
36;340
36;341
36;342
36;343
36;344
36;345
36;346
36;347
36;348
36;349
37;74
37;75
37;76
37;77
37;78
37;79
37;80
37;81
37;82
37;83
37;84
37;85
37;86
37;87
37;88
37;89
37;90
37;91
37;92
37;93
37;94
37;95
37;96
37;97
37;98
37;99
37;100
37;101
37;102
37;103
37;104
37;105
37;106
37;107
37;108
37;109
37;110
37;111
37;112
37;113
37;114
37;115
37;116
37;117
37;150
37;151
37;152
37;153
37;154
37;155
37;156
37;157
37;158
37;159
37;160
37;161
37;162
37;163
37;164
37;165
37;166
37;167
37;168
37;169
37;170
37;171
37;172
37;173
37;174
37;175
37;176
37;177
37;178
37;179
37;180
37;181
37;182
37;183
37;184
37;185
37;186
37;187
37;188
37;189
37;190
37;191
37;192
37;193
37;194
37;195
37;196
37;197
37;198
37;199
37;200
37;201
37;202
37;203
37;204
37;205
37;206
37;207
37;208
37;209
37;210
37;211
37;212
37;213
37;214
37;215
37;216
37;217
37;218
37;219
37;220
37;221
37;222
37;223
37;224
37;225
37;226
37;227
37;228
37;229
37;230
37;231
37;232
37;233
37;234
37;235
37;236
37;237
37;238
37;239
37;240
37;241
37;242
37;243
37;244
37;245
37;246
37;247
37;248
37;249
37;280
37;281
37;282
37;283
37;284
37;285
37;286
37;287
37;288
37;289
37;290
37;291
37;292
37;293
37;294
37;295
37;296
37;297
37;298
37;299
37;300
37;301
37;302
37;303
37;304
37;305
37;306
37;307
37;308
37;309
37;310
37;311
37;312
37;313
37;314
37;315
37;316
37;317
37;318
37;319
37;320
37;321
37;322
37;323
37;324
37;325
37;326
37;327
37;328
37;329
37;330
37;331
37;332
37;333
37;334
37;335
37;336
37;337
37;338
37;339
37;340
37;341
37;342
37;343
37;344
37;345
37;346
37;347
37;348
37;349
37;511
37;513
37;514
37;515
37;516
37;517
37;518
37;519
37;520
37;521
37;522
37;523
37;524
37;525
37;527
38;76
38;77
38;78
38;79
38;80
38;81
38;82
38;83
38;84
38;85
38;86
38;87
38;88
38;89
38;90
38;91
38;92
38;93
38;94
38;95
38;96
38;97
38;98
38;99
38;100
38;101
38;102
38;103
38;104
38;105
38;106
38;107
38;108
38;109
38;110
38;111
38;112
38;113
38;114
38;115
38;116
38;150
38;151
38;152
38;153
38;154
38;155
38;156
38;157
38;158
38;159
38;160
38;161
38;162
38;163
38;164
38;165
38;166
38;167
38;168
38;169
38;170
38;171
38;172
38;173
38;174
38;175
38;176
38;177
38;178
38;179
38;180
38;181
38;182
38;183
38;184
38;185
38;186
38;187
38;188
38;189
38;190
38;191
38;192
38;193
38;194
38;195
38;196
38;197
38;198
38;199
38;200
38;201
38;202
38;203
38;204
38;205
38;206
38;207
38;208
38;209
38;210
38;211
38;212
38;213
38;214
38;215
38;216
38;217
38;218
38;219
38;220
38;221
38;222
38;223
38;224
38;225
38;226
38;227
38;228
38;229
38;230
38;231
38;232
38;233
38;234
38;235
38;236
38;237
38;238
38;239
38;240
38;241
38;242
38;243
38;244
38;245
38;246
38;247
38;248
38;249
38;280
38;281
38;282
38;283
38;284
38;285
38;286
38;287
38;288
38;289
38;290
38;291
38;292
38;293
38;294
38;295
38;296
38;297
38;298
38;299
38;300
38;301
38;302
38;303
38;304
38;305
38;306
38;307
38;308
38;309
38;310
38;311
38;312
38;313
38;314
38;315
38;316
38;317
38;318
38;319
38;320
38;321
38;322
38;323
38;324
38;325
38;326
38;327
38;328
38;329
38;330
38;331
38;332
38;333
38;334
38;335
38;336
38;337
38;338
38;339
38;340
38;341
38;342
38;343
38;344
38;345
38;346
38;347
38;348
38;349
38;507
38;509
38;510
38;511
38;512
38;513
38;514
38;515
38;516
38;517
38;518
38;519
38;520
38;521
38;522
38;523
38;524
38;525
38;526
38;527
38;528
38;529
38;531
39;77
39;78
39;79
39;80
39;81
39;82
39;83
39;84
39;85
39;86
39;87
39;88
39;89
39;90
39;91
39;92
39;93
39;94
39;95
39;96
39;97
39;98
39;99
39;100
39;101
39;102
39;103
39;104
39;105
39;106
39;107
39;108
39;109
39;110
39;111
39;112
39;113
39;114
39;115
39;116
39;150
39;151
39;152
39;153
39;154
39;155
39;156
39;157
39;158
39;159
39;160
39;161
39;162
39;163
39;164
39;165
39;166
39;167
39;168
39;169
39;170
39;171
39;172
39;173
39;174
39;175
39;176
39;177
39;178
39;179
39;180
39;181
39;182
39;183
39;184
39;185
39;186
39;187
39;188
39;189
39;190
39;191
39;192
39;193
39;194
39;195
39;196
39;197
39;198
39;199
39;200
39;201
39;202
39;203
39;204
39;205
39;206
39;207
39;208
39;209
39;210
39;211
39;212
39;213
39;214
39;215
39;216
39;217
39;218
39;219
39;220
39;221
39;222
39;223
39;224
39;225
39;226
39;227
39;228
39;229
39;230
39;231
39;232
39;233
39;234
39;235
39;236
39;237
39;238
39;239
39;240
39;241
39;242
39;243
39;244
39;245
39;246
39;247
39;248
39;249
39;280
39;281
39;282
39;283
39;284
39;285
39;286
39;287
39;288
39;289
39;290
39;291
39;292
39;293
39;294
39;295
39;296
39;297
39;298
39;299
39;300
39;301
39;302
39;303
39;304
39;305
39;306
39;307
39;308
39;309
39;310
39;311
39;312
39;313
39;314
39;315
39;316
39;317
39;318
39;319
39;320
39;321
39;322
39;323
39;324
39;325
39;326
39;327
39;328
39;329
39;330
39;331
39;332
39;333
39;334
39;335
39;336
39;337
39;338
39;339
39;340
39;341
39;342
39;343
39;344
39;345
39;346
39;347
39;348
39;349
39;350
39;505
39;506
39;507
39;508
39;509
39;510
39;511
39;512
39;513
39;514
39;515
39;516
39;517
39;518
39;519
39;520
39;521
39;522
39;523
39;524
39;525
39;526
39;527
39;528
39;529
39;530
39;531
39;532
39;533
40;78
40;79
40;80
40;81
40;82
40;83
40;84
40;85
40;86
40;87
40;88
40;89
40;90
40;91
40;92
40;93
40;94
40;95
40;96
40;97
40;98
40;99
40;100
40;101
40;102
40;103
40;104
40;105
40;106
40;107
40;108
40;109
40;110
40;111
40;112
40;113
40;114
40;150
40;151
40;152
40;153
40;154
40;155
40;156
40;157
40;158
40;159
40;160
40;161
40;162
40;163
40;164
40;165
40;166
40;167
40;168
40;169
40;170
40;171
40;172
40;173
40;174
40;175
40;176
40;177
40;178
40;179
40;180
40;181
40;182
40;183
40;184
40;185
40;186
40;187
40;188
40;189
40;190
40;191
40;192
40;193
40;194
40;195
40;196
40;197
40;198
40;199
40;200
40;201
40;202
40;203
40;204
40;205
40;206
40;207
40;208
40;209
40;210
40;211
40;212
40;213
40;214
40;215
40;216
40;217
40;218
40;219
40;220
40;221
40;222
40;223
40;224
40;225
40;226
40;227
40;228
40;229
40;230
40;231
40;232
40;233
40;234
40;235
40;236
40;237
40;238
40;239
40;240
40;241
40;242
40;243
40;244
40;245
40;246
40;247
40;248
40;249
40;280
40;281
40;282
40;283
40;284
40;285
40;286
40;287
40;288
40;289
40;290
40;291
40;292
40;293
40;294
40;295
40;296
40;297
40;298
40;299
40;300
40;301
40;302
40;303
40;304
40;305
40;306
40;307
40;308
40;309
40;310
40;311
40;312
40;313
40;314
40;315
40;316
40;317
40;318
40;319
40;320
40;321
40;322
40;323
40;324
40;325
40;326
40;327
40;328
40;329
40;330
40;331
40;332
40;333
40;334
40;335
40;336
40;337
40;338
40;339
40;340
40;341
40;342
40;343
40;344
40;345
40;346
40;347
40;348
40;349
40;350
40;501
40;502
40;503
40;504
40;505
40;506
40;507
40;508
40;509
40;510
40;511
40;512
40;513
40;514
40;515
40;516
40;517
40;518
40;519
40;520
40;521
40;522
40;523
40;524
40;525
40;526
40;527
40;528
40;529
40;530
40;531
40;532
40;533
40;534
40;535
40;536
41;80
41;81
41;82
41;83
41;84
41;85
41;86
41;87
41;88
41;89
41;90
41;91
41;92
41;93
41;94
41;95
41;96
41;97
41;98
41;99
41;100
41;101
41;102
41;103
41;104
41;105
41;106
41;107
41;108
41;109
41;110
41;111
41;112
41;113
41;114
41;151
41;152
41;153
41;154
41;155
41;156
41;157
41;158
41;159
41;160
41;161
41;162
41;163
41;164
41;165
41;166
41;167
41;168
41;169
41;170
41;171
41;172
41;173
41;174
41;175
41;176
41;177
41;178
41;179
41;180
41;181
41;182
41;183
41;184
41;185
41;186
41;187
41;188
41;189
41;190
41;191
41;192
41;193
41;194
41;195
41;196
41;197
41;198
41;199
41;200
41;201
41;202
41;203
41;204
41;205
41;206
41;207
41;208
41;209
41;210
41;211
41;212
41;213
41;214
41;215
41;216
41;217
41;218
41;219
41;220
41;221
41;222
41;223
41;224
41;225
41;226
41;227
41;228
41;229
41;230
41;231
41;232
41;233
41;234
41;235
41;236
41;237
41;238
41;239
41;240
41;241
41;242
41;243
41;244
41;245
41;246
41;247
41;248
41;280
41;281
41;282
41;283
41;284
41;285
41;286
41;287
41;288
41;289
41;290
41;291
41;292
41;293
41;294
41;295
41;296
41;297
41;298
41;299
41;300
41;301
41;302
41;303
41;304
41;305
41;306
41;307
41;308
41;309
41;310
41;311
41;312
41;313
41;314
41;315
41;316
41;317
41;318
41;319
41;320
41;321
41;322
41;323
41;324
41;325
41;326
41;327
41;328
41;329
41;330
41;331
41;332
41;333
41;334
41;335
41;336
41;337
41;338
41;339
41;340
41;341
41;342
41;343
41;344
41;345
41;346
41;347
41;348
41;349
41;350
41;499
41;500
41;501
41;502
41;503
41;504
41;505
41;506
41;507
41;508
41;509
41;510
41;511
41;512
41;513
41;514
41;515
41;516
41;517
41;518
41;519
41;520
41;521
41;522
41;523
41;524
41;525
41;526
41;527
41;528
41;529
41;530
41;531
41;532
41;533
41;534
41;535
41;536
42;82
42;83
42;84
42;85
42;86
42;87
42;88
42;89
42;90
42;91
42;92
42;93
42;94
42;95
42;96
42;97
42;98
42;99
42;100
42;101
42;102
42;103
42;104
42;105
42;106
42;107
42;108
42;109
42;110
42;111
42;112
42;113
42;151
42;152
42;153
42;154
42;155
42;156
42;157
42;158
42;159
42;160
42;161
42;162
42;163
42;164
42;165
42;166
42;167
42;168
42;169
42;170
42;171
42;172
42;173
42;174
42;175
42;176
42;177
42;178
42;179
42;180
42;181
42;182
42;183
42;184
42;185
42;186
42;187
42;188
42;189
42;190
42;191
42;192
42;193
42;194
42;195
42;196
42;197
42;198
42;199
42;200
42;201
42;202
42;203
42;204
42;205
42;206
42;207
42;208
42;209
42;210
42;211
42;212
42;213
42;214
42;215
42;216
42;217
42;218
42;219
42;220
42;221
42;222
42;223
42;224
42;225
42;226
42;227
42;228
42;229
42;230
42;231
42;232
42;233
42;234
42;235
42;236
42;237
42;238
42;239
42;240
42;241
42;242
42;243
42;244
42;245
42;246
42;247
42;248
42;280
42;281
42;282
42;283
42;284
42;285
42;286
42;287
42;288
42;289
42;290
42;291
42;292
42;293
42;294
42;295
42;296
42;297
42;298
42;299
42;300
42;301
42;302
42;303
42;304
42;305
42;306
42;307
42;308
42;309
42;310
42;311
42;312
42;313
42;314
42;315
42;316
42;317
42;318
42;319
42;320
42;321
42;322
42;323
42;324
42;325
42;326
42;327
42;328
42;329
42;330
42;331
42;332
42;333
42;334
42;335
42;336
42;337
42;338
42;339
42;340
42;341
42;342
42;343
42;344
42;345
42;346
42;347
42;348
42;349
42;350
42;497
42;498
42;499
42;500
42;501
42;502
42;503
42;504
42;505
42;506
42;507
42;508
42;509
42;510
42;511
42;512
42;513
42;514
42;515
42;516
42;517
42;518
42;519
42;520
42;521
42;522
42;523
42;524
42;525
42;526
42;527
42;528
42;529
42;530
42;531
42;532
42;533
42;534
42;535
42;536
43;83
43;84
43;85
43;86
43;87
43;88
43;89
43;90
43;91
43;92
43;93
43;94
43;95
43;96
43;97
43;98
43;99
43;100
43;101
43;102
43;103
43;104
43;105
43;106
43;107
43;108
43;109
43;110
43;111
43;112
43;151
43;152
43;153
43;154
43;155
43;156
43;157
43;158
43;159
43;160
43;161
43;162
43;163
43;164
43;165
43;166
43;167
43;168
43;169
43;170
43;171
43;172
43;173
43;174
43;175
43;176
43;177
43;178
43;179
43;180
43;181
43;182
43;183
43;184
43;185
43;186
43;187
43;188
43;189
43;190
43;191
43;192
43;193
43;194
43;195
43;196
43;197
43;198
43;199
43;200
43;201
43;202
43;203
43;204
43;205
43;206
43;207
43;208
43;209
43;210
43;211
43;212
43;213
43;214
43;215
43;216
43;217
43;218
43;219
43;220
43;221
43;222
43;223
43;224
43;225
43;226
43;227
43;228
43;229
43;230
43;231
43;232
43;233
43;234
43;235
43;236
43;237
43;238
43;239
43;240
43;241
43;242
43;243
43;244
43;245
43;246
43;247
43;248
43;280
43;281
43;282
43;283
43;284
43;285
43;286
43;287
43;288
43;289
43;290
43;291
43;292
43;293
43;294
43;295
43;296
43;297
43;298
43;299
43;300
43;301
43;302
43;303
43;304
43;305
43;306
43;307
43;308
43;309
43;310
43;311
43;312
43;313
43;314
43;315
43;316
43;317
43;318
43;319
43;320
43;321
43;322
43;323
43;324
43;325
43;326
43;327
43;328
43;329
43;330
43;331
43;332
43;333
43;334
43;335
43;336
43;337
43;338
43;339
43;340
43;341
43;342
43;343
43;344
43;345
43;346
43;347
43;348
43;349
43;350
43;496
43;497
43;498
43;499
43;500
43;501
43;502
43;503
43;504
43;505
43;506
43;507
43;508
43;509
43;510
43;511
43;512
43;513
43;514
43;515
43;516
43;517
43;518
43;519
43;520
43;521
43;522
43;523
43;524
43;525
43;526
43;527
43;528
43;529
43;530
43;531
43;532
43;533
43;534
43;535
43;536
44;84
44;85
44;86
44;87
44;88
44;89
44;90
44;91
44;92
44;93
44;94
44;95
44;96
44;97
44;98
44;99
44;100
44;101
44;102
44;103
44;104
44;105
44;106
44;107
44;108
44;109
44;110
44;111
44;151
44;152
44;153
44;154
44;155
44;156
44;157
44;158
44;159
44;160
44;161
44;162
44;163
44;164
44;165
44;166
44;167
44;168
44;169
44;170
44;171
44;172
44;173
44;174
44;175
44;176
44;177
44;178
44;179
44;180
44;181
44;182
44;183
44;184
44;185
44;186
44;187
44;188
44;189
44;190
44;191
44;192
44;193
44;194
44;195
44;196
44;197
44;198
44;199
44;200
44;201
44;202
44;203
44;204
44;205
44;206
44;207
44;208
44;209
44;210
44;211
44;212
44;213
44;214
44;215
44;216
44;217
44;218
44;219
44;220
44;221
44;222
44;223
44;224
44;225
44;226
44;227
44;228
44;229
44;230
44;231
44;232
44;233
44;234
44;235
44;236
44;237
44;238
44;239
44;240
44;241
44;242
44;243
44;244
44;245
44;246
44;247
44;248
44;280
44;281
44;282
44;283
44;284
44;285
44;286
44;287
44;288
44;289
44;290
44;291
44;292
44;293
44;294
44;295
44;296
44;297
44;298
44;299
44;300
44;301
44;302
44;303
44;304
44;305
44;306
44;307
44;308
44;309
44;310
44;311
44;312
44;313
44;314
44;315
44;316
44;317
44;318
44;319
44;320
44;321
44;322
44;323
44;324
44;325
44;326
44;327
44;328
44;329
44;330
44;331
44;332
44;333
44;334
44;335
44;336
44;337
44;338
44;339
44;340
44;341
44;342
44;343
44;344
44;345
44;346
44;347
44;348
44;349
44;350
44;495
44;496
44;497
44;498
44;499
44;500
44;501
44;502
44;503
44;504
44;505
44;506
44;507
44;508
44;509
44;510
44;511
44;512
44;513
44;514
44;515
44;516
44;517
44;518
44;519
44;520
44;521
44;522
44;523
44;524
44;525
44;526
44;527
44;528
44;529
44;530
44;531
44;532
44;533
44;534
44;535
44;536
45;86
45;87
45;88
45;89
45;90
45;91
45;92
45;93
45;94
45;95
45;96
45;97
45;98
45;99
45;100
45;101
45;102
45;103
45;104
45;105
45;106
45;107
45;108
45;109
45;110
45;151
45;152
45;153
45;154
45;155
45;156
45;157
45;158
45;159
45;160
45;161
45;162
45;163
45;164
45;165
45;166
45;167
45;168
45;169
45;170
45;171
45;172
45;173
45;174
45;175
45;176
45;177
45;178
45;179
45;180
45;181
45;182
45;183
45;184
45;185
45;186
45;187
45;188
45;189
45;190
45;191
45;192
45;193
45;194
45;195
45;196
45;197
45;198
45;199
45;200
45;201
45;202
45;203
45;204
45;205
45;206
45;207
45;208
45;209
45;210
45;211
45;212
45;213
45;214
45;215
45;216
45;217
45;218
45;219
45;220
45;221
45;222
45;223
45;224
45;225
45;226
45;227
45;228
45;229
45;230
45;231
45;232
45;233
45;234
45;235
45;236
45;237
45;238
45;239
45;240
45;241
45;242
45;243
45;244
45;245
45;246
45;247
45;248
45;280
45;281
45;282
45;283
45;284
45;285
45;286
45;287
45;288
45;289
45;290
45;291
45;292
45;293
45;294
45;295
45;296
45;297
45;298
45;299
45;300
45;301
45;302
45;303
45;304
45;305
45;306
45;307
45;308
45;309
45;310
45;311
45;312
45;313
45;314
45;315
45;316
45;317
45;318
45;319
45;320
45;321
45;322
45;323
45;324
45;325
45;326
45;327
45;328
45;329
45;330
45;331
45;332
45;333
45;334
45;335
45;336
45;337
45;338
45;339
45;340
45;341
45;342
45;343
45;344
45;345
45;346
45;347
45;348
45;349
45;350
45;493
45;494
45;495
45;496
45;497
45;498
45;499
45;500
45;501
45;502
45;503
45;504
45;505
45;506
45;507
45;508
45;509
45;510
45;511
45;512
45;513
45;514
45;515
45;516
45;517
45;518
45;519
45;520
45;521
45;522
45;523
45;524
45;525
45;526
45;527
45;528
45;529
45;530
45;531
45;532
45;533
45;534
45;535
45;536
46;88
46;89
46;90
46;91
46;92
46;93
46;94
46;95
46;96
46;97
46;98
46;99
46;100
46;101
46;102
46;103
46;104
46;105
46;106
46;107
46;108
46;109
46;110
46;151
46;152
46;153
46;154
46;155
46;156
46;157
46;158
46;159
46;160
46;161
46;162
46;163
46;164
46;165
46;166
46;167
46;168
46;169
46;170
46;171
46;172
46;173
46;174
46;175
46;176
46;177
46;178
46;179
46;180
46;181
46;182
46;183
46;184
46;185
46;186
46;187
46;188
46;189
46;190
46;191
46;192
46;193
46;194
46;195
46;196
46;197
46;198
46;199
46;200
46;201
46;202
46;203
46;204
46;205
46;206
46;207
46;208
46;209
46;210
46;211
46;212
46;213
46;214
46;215
46;216
46;217
46;218
46;219
46;220
46;221
46;222
46;223
46;224
46;225
46;226
46;227
46;228
46;229
46;230
46;231
46;232
46;233
46;234
46;235
46;236
46;237
46;238
46;239
46;240
46;241
46;242
46;243
46;244
46;245
46;246
46;247
46;248
46;280
46;281
46;282
46;283
46;284
46;285
46;286
46;287
46;288
46;289
46;290
46;291
46;292
46;293
46;294
46;295
46;296
46;297
46;298
46;299
46;300
46;301
46;302
46;303
46;304
46;305
46;306
46;307
46;308
46;309
46;310
46;311
46;312
46;313
46;314
46;315
46;316
46;317
46;318
46;319
46;320
46;321
46;322
46;323
46;324
46;325
46;326
46;327
46;328
46;329
46;330
46;331
46;332
46;333
46;334
46;335
46;336
46;337
46;338
46;339
46;340
46;341
46;342
46;343
46;344
46;345
46;346
46;347
46;348
46;349
46;492
46;493
46;494
46;495
46;496
46;497
46;498
46;499
46;500
46;501
46;502
46;503
46;504
46;505
46;506
46;507
46;508
46;509
46;510
46;511
46;512
46;513
46;514
46;515
46;516
46;517
46;518
46;519
46;520
46;521
46;522
46;523
46;524
46;525
46;526
46;527
46;528
46;529
46;530
46;531
46;532
46;533
46;534
46;535
46;536
47;90
47;91
47;92
47;93
47;94
47;95
47;96
47;97
47;98
47;99
47;100
47;101
47;102
47;103
47;104
47;105
47;106
47;107
47;108
47;152
47;153
47;154
47;155
47;156
47;157
47;158
47;159
47;160
47;161
47;162
47;163
47;164
47;165
47;166
47;167
47;168
47;169
47;170
47;171
47;172
47;173
47;174
47;175
47;176
47;177
47;178
47;179
47;180
47;181
47;182
47;183
47;184
47;185
47;186
47;187
47;188
47;189
47;190
47;191
47;192
47;193
47;194
47;195
47;196
47;197
47;198
47;199
47;200
47;201
47;202
47;203
47;204
47;205
47;206
47;207
47;208
47;209
47;210
47;211
47;212
47;213
47;214
47;215
47;216
47;217
47;218
47;219
47;220
47;221
47;222
47;223
47;224
47;225
47;226
47;227
47;228
47;229
47;230
47;231
47;232
47;233
47;234
47;235
47;236
47;237
47;238
47;239
47;240
47;241
47;242
47;243
47;244
47;245
47;246
47;247
47;280
47;281
47;282
47;283
47;284
47;285
47;286
47;287
47;288
47;289
47;290
47;291
47;292
47;293
47;294
47;295
47;296
47;297
47;298
47;299
47;300
47;301
47;302
47;303
47;304
47;305
47;306
47;307
47;308
47;309
47;310
47;311
47;312
47;313
47;314
47;315
47;316
47;317
47;318
47;319
47;320
47;321
47;322
47;323
47;324
47;325
47;326
47;327
47;328
47;329
47;330
47;331
47;332
47;333
47;334
47;335
47;336
47;337
47;338
47;339
47;340
47;341
47;342
47;343
47;344
47;345
47;346
47;347
47;348
47;349
47;491
47;492
47;493
47;494
47;495
47;496
47;497
47;498
47;499
47;500
47;501
47;502
47;503
47;504
47;505
47;506
47;507
47;508
47;509
47;510
47;511
47;512
47;513
47;514
47;515
47;516
47;517
47;518
47;519
47;520
47;521
47;522
47;523
47;524
47;525
47;526
47;527
47;528
47;529
47;530
47;531
47;532
47;533
47;534
47;535
47;536
48;90
48;91
48;92
48;93
48;94
48;95
48;96
48;97
48;98
48;99
48;100
48;101
48;102
48;103
48;104
48;105
48;106
48;107
48;108
48;152
48;153
48;154
48;155
48;156
48;157
48;158
48;159
48;160
48;161
48;162
48;163
48;164
48;165
48;166
48;167
48;168
48;169
48;170
48;171
48;172
48;173
48;174
48;175
48;176
48;177
48;178
48;179
48;180
48;181
48;182
48;183
48;184
48;185
48;186
48;187
48;188
48;189
48;190
48;191
48;192
48;193
48;194
48;195
48;196
48;197
48;198
48;199
48;200
48;201
48;202
48;203
48;204
48;205
48;206
48;207
48;208
48;209
48;210
48;211
48;212
48;213
48;214
48;215
48;216
48;217
48;218
48;219
48;220
48;221
48;222
48;223
48;224
48;225
48;226
48;227
48;228
48;229
48;230
48;231
48;232
48;233
48;234
48;235
48;236
48;237
48;238
48;239
48;240
48;241
48;242
48;243
48;244
48;245
48;246
48;247
48;281
48;282
48;283
48;284
48;285
48;286
48;287
48;288
48;289
48;290
48;291
48;292
48;293
48;294
48;295
48;296
48;297
48;298
48;299
48;300
48;301
48;302
48;303
48;304
48;305
48;306
48;307
48;308
48;309
48;310
48;311
48;312
48;313
48;314
48;315
48;316
48;317
48;318
48;319
48;320
48;321
48;322
48;323
48;324
48;325
48;326
48;327
48;328
48;329
48;330
48;331
48;332
48;333
48;334
48;335
48;336
48;337
48;338
48;339
48;340
48;341
48;342
48;343
48;344
48;345
48;346
48;347
48;348
48;349
48;489
48;490
48;491
48;492
48;493
48;494
48;495
48;496
48;497
48;498
48;499
48;500
48;501
48;502
48;503
48;504
48;505
48;506
48;507
48;508
48;509
48;510
48;511
48;512
48;513
48;514
48;515
48;516
48;517
48;518
48;519
48;520
48;521
48;522
48;523
48;524
48;525
48;526
48;527
48;528
48;529
48;530
48;531
48;532
48;533
48;534
48;535
48;536
49;92
49;93
49;94
49;95
49;96
49;97
49;98
49;99
49;100
49;101
49;102
49;103
49;104
49;105
49;106
49;107
49;152
49;153
49;154
49;155
49;156
49;157
49;158
49;159
49;160
49;161
49;162
49;163
49;164
49;165
49;166
49;167
49;168
49;169
49;170
49;171
49;172
49;173
49;174
49;175
49;176
49;177
49;178
49;179
49;180
49;181
49;182
49;183
49;184
49;185
49;186
49;187
49;188
49;189
49;190
49;191
49;192
49;193
49;194
49;195
49;196
49;197
49;198
49;199
49;200
49;201
49;202
49;203
49;204
49;205
49;206
49;207
49;208
49;209
49;210
49;211
49;212
49;213
49;214
49;215
49;216
49;217
49;218
49;219
49;220
49;221
49;222
49;223
49;224
49;225
49;226
49;227
49;228
49;229
49;230
49;231
49;232
49;233
49;234
49;235
49;236
49;237
49;238
49;239
49;240
49;241
49;242
49;243
49;244
49;245
49;246
49;247
49;281
49;282
49;283
49;284
49;285
49;286
49;287
49;288
49;289
49;290
49;291
49;292
49;293
49;294
49;295
49;296
49;297
49;298
49;299
49;300
49;301
49;302
49;303
49;304
49;305
49;306
49;307
49;308
49;309
49;310
49;311
49;312
49;313
49;314
49;315
49;316
49;317
49;318
49;319
49;320
49;321
49;322
49;323
49;324
49;325
49;326
49;327
49;328
49;329
49;330
49;331
49;332
49;333
49;334
49;335
49;336
49;337
49;338
49;339
49;340
49;341
49;342
49;343
49;344
49;345
49;346
49;347
49;348
49;349
49;489
49;490
49;491
49;492
49;493
49;494
49;495
49;496
49;497
49;498
49;499
49;500
49;501
49;502
49;503
49;504
49;505
49;506
49;507
49;508
49;509
49;510
49;511
49;512
49;513
49;514
49;515
49;516
49;517
49;518
49;519
49;520
49;521
49;522
49;523
49;524
49;525
49;526
49;527
49;528
49;529
49;530
49;531
49;532
49;533
49;534
49;535
49;536
50;94
50;95
50;96
50;97
50;98
50;99
50;100
50;101
50;102
50;103
50;104
50;105
50;106
50;152
50;153
50;154
50;155
50;156
50;157
50;158
50;159
50;160
50;161
50;162
50;163
50;164
50;165
50;166
50;167
50;168
50;169
50;170
50;171
50;172
50;173
50;174
50;175
50;176
50;177
50;178
50;179
50;180
50;181
50;182
50;183
50;184
50;185
50;186
50;187
50;188
50;189
50;190
50;191
50;192
50;193
50;194
50;195
50;196
50;197
50;198
50;199
50;200
50;201
50;202
50;203
50;204
50;205
50;206
50;207
50;208
50;209
50;210
50;211
50;212
50;213
50;214
50;215
50;216
50;217
50;218
50;219
50;220
50;221
50;222
50;223
50;224
50;225
50;226
50;227
50;228
50;229
50;230
50;231
50;232
50;233
50;234
50;235
50;236
50;237
50;238
50;239
50;240
50;241
50;242
50;243
50;244
50;245
50;246
50;281
50;282
50;283
50;284
50;285
50;286
50;287
50;288
50;289
50;290
50;291
50;292
50;293
50;294
50;295
50;296
50;297
50;298
50;299
50;300
50;301
50;302
50;303
50;304
50;305
50;306
50;307
50;308
50;309
50;310
50;311
50;312
50;313
50;314
50;315
50;316
50;317
50;318
50;319
50;320
50;321
50;322
50;323
50;324
50;325
50;326
50;327
50;328
50;329
50;330
50;331
50;332
50;333
50;334
50;335
50;336
50;337
50;338
50;339
50;340
50;341
50;342
50;343
50;344
50;345
50;346
50;347
50;348
50;487
50;488
50;489
50;490
50;491
50;492
50;493
50;494
50;495
50;496
50;497
50;498
50;499
50;500
50;501
50;502
50;503
50;504
50;505
50;506
50;507
50;508
50;509
50;510
50;511
50;512
50;513
50;514
50;515
50;516
50;517
50;518
50;519
50;520
50;521
50;522
50;523
50;524
50;525
50;526
50;527
50;528
50;529
50;530
50;531
50;532
50;533
50;534
50;535
50;536
51;96
51;97
51;98
51;99
51;100
51;101
51;102
51;103
51;104
51;105
51;153
51;154
51;155
51;156
51;157
51;158
51;159
51;160
51;161
51;162
51;163
51;164
51;165
51;166
51;167
51;168
51;169
51;170
51;171
51;172
51;173
51;174
51;175
51;176
51;177
51;178
51;179
51;180
51;181
51;182
51;183
51;184
51;185
51;186
51;187
51;188
51;189
51;190
51;191
51;192
51;193
51;194
51;195
51;196
51;197
51;198
51;199
51;200
51;201
51;202
51;203
51;204
51;205
51;206
51;207
51;208
51;209
51;210
51;211
51;212
51;213
51;214
51;215
51;216
51;217
51;218
51;219
51;220
51;221
51;222
51;223
51;224
51;225
51;226
51;227
51;228
51;229
51;230
51;231
51;232
51;233
51;234
51;235
51;236
51;237
51;238
51;239
51;240
51;241
51;242
51;243
51;244
51;245
51;246
51;282
51;283
51;284
51;285
51;286
51;287
51;288
51;289
51;290
51;291
51;292
51;293
51;294
51;295
51;296
51;297
51;298
51;299
51;300
51;301
51;302
51;303
51;304
51;305
51;306
51;307
51;308
51;309
51;310
51;311
51;312
51;313
51;314
51;315
51;316
51;317
51;318
51;319
51;320
51;321
51;322
51;323
51;324
51;325
51;326
51;327
51;328
51;329
51;330
51;331
51;332
51;333
51;334
51;335
51;336
51;337
51;338
51;339
51;340
51;341
51;342
51;343
51;344
51;345
51;346
51;347
51;348
51;487
51;488
51;489
51;490
51;491
51;492
51;493
51;494
51;495
51;496
51;497
51;498
51;499
51;500
51;501
51;502
51;503
51;504
51;505
51;506
51;507
51;508
51;509
51;510
51;511
51;512
51;513
51;514
51;515
51;516
51;517
51;518
51;519
51;520
51;521
51;522
51;523
51;524
51;525
51;526
51;527
51;528
51;529
51;530
51;531
51;532
51;533
51;534
51;535
51;536
52;96
52;97
52;98
52;99
52;100
52;101
52;102
52;103
52;104
52;153
52;154
52;155
52;156
52;157
52;158
52;159
52;160
52;161
52;162
52;163
52;164
52;165
52;166
52;167
52;168
52;169
52;170
52;171
52;172
52;173
52;174
52;175
52;176
52;177
52;178
52;179
52;180
52;181
52;182
52;183
52;184
52;185
52;186
52;187
52;188
52;189
52;190
52;191
52;192
52;193
52;194
52;195
52;196
52;197
52;198
52;199
52;200
52;201
52;202
52;203
52;204
52;205
52;206
52;207
52;208
52;209
52;210
52;211
52;212
52;213
52;214
52;215
52;216
52;217
52;218
52;219
52;220
52;221
52;222
52;223
52;224
52;225
52;226
52;227
52;228
52;229
52;230
52;231
52;232
52;233
52;234
52;235
52;236
52;237
52;238
52;239
52;240
52;241
52;242
52;243
52;244
52;245
52;246
52;282
52;283
52;284
52;285
52;286
52;287
52;288
52;289
52;290
52;291
52;292
52;293
52;294
52;295
52;296
52;297
52;298
52;299
52;300
52;301
52;302
52;303
52;304
52;305
52;306
52;307
52;308
52;309
52;310
52;311
52;312
52;313
52;314
52;315
52;316
52;317
52;318
52;319
52;320
52;321
52;322
52;323
52;324
52;325
52;326
52;327
52;328
52;329
52;330
52;331
52;332
52;333
52;334
52;335
52;336
52;337
52;338
52;339
52;340
52;341
52;342
52;343
52;344
52;345
52;346
52;347
52;348
52;486
52;487
52;488
52;489
52;490
52;491
52;492
52;493
52;494
52;495
52;496
52;497
52;498
52;499
52;500
52;501
52;502
52;503
52;504
52;505
52;506
52;507
52;508
52;509
52;510
52;511
52;512
52;513
52;514
52;515
52;516
52;517
52;518
52;519
52;520
52;521
52;522
52;523
52;524
52;525
52;526
52;527
52;528
52;529
52;530
52;531
52;532
52;533
52;534
52;535
52;536
53;98
53;99
53;100
53;101
53;102
53;103
53;154
53;155
53;156
53;157
53;158
53;159
53;160
53;161
53;162
53;163
53;164
53;165
53;166
53;167
53;168
53;169
53;170
53;171
53;172
53;173
53;174
53;175
53;176
53;177
53;178
53;179
53;180
53;181
53;182
53;183
53;184
53;185
53;186
53;187
53;188
53;189
53;190
53;191
53;192
53;193
53;194
53;195
53;196
53;197
53;198
53;199
53;200
53;201
53;202
53;203
53;204
53;205
53;206
53;207
53;208
53;209
53;210
53;211
53;212
53;213
53;214
53;215
53;216
53;217
53;218
53;219
53;220
53;221
53;222
53;223
53;224
53;225
53;226
53;227
53;228
53;229
53;230
53;231
53;232
53;233
53;234
53;235
53;236
53;237
53;238
53;239
53;240
53;241
53;242
53;243
53;244
53;245
53;282
53;283
53;284
53;285
53;286
53;287
53;288
53;289
53;290
53;291
53;292
53;293
53;294
53;295
53;296
53;297
53;298
53;299
53;300
53;301
53;302
53;303
53;304
53;305
53;306
53;307
53;308
53;309
53;310
53;311
53;312
53;313
53;314
53;315
53;316
53;317
53;318
53;319
53;320
53;321
53;322
53;323
53;324
53;325
53;326
53;327
53;328
53;329
53;330
53;331
53;332
53;333
53;334
53;335
53;336
53;337
53;338
53;339
53;340
53;341
53;342
53;343
53;344
53;345
53;346
53;347
53;485
53;486
53;487
53;488
53;489
53;490
53;491
53;492
53;493
53;494
53;495
53;496
53;497
53;498
53;499
53;500
53;501
53;502
53;503
53;504
53;505
53;506
53;507
53;508
53;509
53;510
53;511
53;512
53;513
53;514
53;515
53;516
53;517
53;518
53;519
53;520
53;521
53;522
53;523
53;524
53;525
53;526
53;527
53;528
53;529
53;530
53;531
53;532
53;533
53;534
53;535
53;536
54;100
54;101
54;102
54;154
54;155
54;156
54;157
54;158
54;159
54;160
54;161
54;162
54;163
54;164
54;165
54;166
54;167
54;168
54;169
54;170
54;171
54;172
54;173
54;174
54;175
54;176
54;177
54;178
54;179
54;180
54;181
54;182
54;183
54;184
54;185
54;186
54;187
54;188
54;189
54;190
54;191
54;192
54;193
54;194
54;195
54;196
54;197
54;198
54;199
54;200
54;201
54;202
54;203
54;204
54;205
54;206
54;207
54;208
54;209
54;210
54;211
54;212
54;213
54;214
54;215
54;216
54;217
54;218
54;219
54;220
54;221
54;222
54;223
54;224
54;225
54;226
54;227
54;228
54;229
54;230
54;231
54;232
54;233
54;234
54;235
54;236
54;237
54;238
54;239
54;240
54;241
54;242
54;243
54;244
54;245
54;283
54;284
54;285
54;286
54;287
54;288
54;289
54;290
54;291
54;292
54;293
54;294
54;295
54;296
54;297
54;298
54;299
54;300
54;301
54;302
54;303
54;304
54;305
54;306
54;307
54;308
54;309
54;310
54;311
54;312
54;313
54;314
54;315
54;316
54;317
54;318
54;319
54;320
54;321
54;322
54;323
54;324
54;325
54;326
54;327
54;328
54;329
54;330
54;331
54;332
54;333
54;334
54;335
54;336
54;337
54;338
54;339
54;340
54;341
54;342
54;343
54;344
54;345
54;346
54;347
54;485
54;486
54;487
54;488
54;489
54;490
54;491
54;492
54;493
54;494
54;495
54;496
54;497
54;498
54;499
54;500
54;501
54;502
54;503
54;504
54;505
54;506
54;507
54;508
54;509
54;510
54;511
54;512
54;513
54;514
54;515
54;516
54;517
54;518
54;519
54;520
54;521
54;522
54;523
54;524
54;525
54;526
54;527
54;528
54;529
54;530
54;531
54;532
54;533
54;534
54;535
54;536
55;102
55;154
55;155
55;156
55;157
55;158
55;159
55;160
55;161
55;162
55;163
55;164
55;165
55;166
55;167
55;168
55;169
55;170
55;171
55;172
55;173
55;174
55;175
55;176
55;177
55;178
55;179
55;180
55;181
55;182
55;183
55;184
55;185
55;186
55;187
55;188
55;189
55;190
55;191
55;192
55;193
55;194
55;195
55;196
55;197
55;198
55;199
55;200
55;201
55;202
55;203
55;204
55;205
55;206
55;207
55;208
55;209
55;210
55;211
55;212
55;213
55;214
55;215
55;216
55;217
55;218
55;219
55;220
55;221
55;222
55;223
55;224
55;225
55;226
55;227
55;228
55;229
55;230
55;231
55;232
55;233
55;234
55;235
55;236
55;237
55;238
55;239
55;240
55;241
55;242
55;243
55;244
55;284
55;285
55;286
55;287
55;288
55;289
55;290
55;291
55;292
55;293
55;294
55;295
55;296
55;297
55;298
55;299
55;300
55;301
55;302
55;303
55;304
55;305
55;306
55;307
55;308
55;309
55;310
55;311
55;312
55;313
55;314
55;315
55;316
55;317
55;318
55;319
55;320
55;321
55;322
55;323
55;324
55;325
55;326
55;327
55;328
55;329
55;330
55;331
55;332
55;333
55;334
55;335
55;336
55;337
55;338
55;339
55;340
55;341
55;342
55;343
55;344
55;345
55;346
55;441
55;443
55;444
55;445
55;446
55;484
55;485
55;486
55;487
55;488
55;489
55;490
55;491
55;492
55;493
55;494
55;495
55;496
55;497
55;498
55;499
55;500
55;501
55;502
55;503
55;504
55;505
55;506
55;507
55;508
55;509
55;510
55;511
55;512
55;513
55;514
55;515
55;516
55;517
55;518
55;519
55;520
55;521
55;522
55;523
55;524
55;525
55;526
55;527
55;528
55;529
55;530
55;531
55;532
55;533
55;534
55;535
55;536
56;155
56;156
56;157
56;158
56;159
56;160
56;161
56;162
56;163
56;164
56;165
56;166
56;167
56;168
56;169
56;170
56;171
56;172
56;173
56;174
56;175
56;176
56;177
56;178
56;179
56;180
56;181
56;182
56;183
56;184
56;185
56;186
56;187
56;188
56;189
56;190
56;191
56;192
56;193
56;194
56;195
56;196
56;197
56;198
56;199
56;200
56;201
56;202
56;203
56;204
56;205
56;206
56;207
56;208
56;209
56;210
56;211
56;212
56;213
56;214
56;215
56;216
56;217
56;218
56;219
56;220
56;221
56;222
56;223
56;224
56;225
56;226
56;227
56;228
56;229
56;230
56;231
56;232
56;233
56;234
56;235
56;236
56;237
56;238
56;239
56;240
56;241
56;242
56;243
56;244
56;284
56;285
56;286
56;287
56;288
56;289
56;290
56;291
56;292
56;293
56;294
56;295
56;296
56;297
56;298
56;299
56;300
56;301
56;302
56;303
56;304
56;305
56;306
56;307
56;308
56;309
56;310
56;311
56;312
56;313
56;314
56;315
56;316
56;317
56;318
56;319
56;320
56;321
56;322
56;323
56;324
56;325
56;326
56;327
56;328
56;329
56;330
56;331
56;332
56;333
56;334
56;335
56;336
56;337
56;338
56;339
56;340
56;341
56;342
56;343
56;344
56;345
56;346
56;437
56;439
56;440
56;441
56;442
56;443
56;444
56;445
56;446
56;447
56;483
56;484
56;485
56;486
56;487
56;488
56;489
56;490
56;491
56;492
56;493
56;494
56;495
56;496
56;497
56;498
56;499
56;500
56;501
56;502
56;503
56;504
56;505
56;506
56;507
56;508
56;509
56;510
56;511
56;512
56;513
56;514
56;515
56;516
56;517
56;518
56;519
56;520
56;521
56;522
56;523
56;524
56;525
56;526
56;527
56;528
56;529
56;530
56;531
56;532
56;533
56;534
56;535
56;536
57;156
57;157
57;158
57;159
57;160
57;161
57;162
57;163
57;164
57;165
57;166
57;167
57;168
57;169
57;170
57;171
57;172
57;173
57;174
57;175
57;176
57;177
57;178
57;179
57;180
57;181
57;182
57;183
57;184
57;185
57;186
57;187
57;188
57;189
57;190
57;191
57;192
57;193
57;194
57;195
57;196
57;197
57;198
57;199
57;200
57;201
57;202
57;203
57;204
57;205
57;206
57;207
57;208
57;209
57;210
57;211
57;212
57;213
57;214
57;215
57;216
57;217
57;218
57;219
57;220
57;221
57;222
57;223
57;224
57;225
57;226
57;227
57;228
57;229
57;230
57;231
57;232
57;233
57;234
57;235
57;236
57;237
57;238
57;239
57;240
57;241
57;242
57;243
57;284
57;285
57;286
57;287
57;288
57;289
57;290
57;291
57;292
57;293
57;294
57;295
57;296
57;297
57;298
57;299
57;300
57;301
57;302
57;303
57;304
57;305
57;306
57;307
57;308
57;309
57;310
57;311
57;312
57;313
57;314
57;315
57;316
57;317
57;318
57;319
57;320
57;321
57;322
57;323
57;324
57;325
57;326
57;327
57;328
57;329
57;330
57;331
57;332
57;333
57;334
57;335
57;336
57;337
57;338
57;339
57;340
57;341
57;342
57;343
57;344
57;345
57;431
57;433
57;434
57;435
57;436
57;437
57;438
57;439
57;440
57;441
57;442
57;443
57;444
57;445
57;446
57;447
57;483
57;484
57;485
57;486
57;487
57;488
57;489
57;490
57;491
57;492
57;493
57;494
57;495
57;496
57;497
57;498
57;499
57;500
57;501
57;502
57;503
57;504
57;505
57;506
57;507
57;508
57;509
57;510
57;511
57;512
57;513
57;514
57;515
57;516
57;517
57;518
57;519
57;520
57;521
57;522
57;523
57;524
57;525
57;526
57;527
57;528
57;529
57;530
57;531
57;532
57;533
57;534
57;535
57;536
58;156
58;157
58;158
58;159
58;160
58;161
58;162
58;163
58;164
58;165
58;166
58;167
58;168
58;169
58;170
58;171
58;172
58;173
58;174
58;175
58;176
58;177
58;178
58;179
58;180
58;181
58;182
58;183
58;184
58;185
58;186
58;187
58;188
58;189
58;190
58;191
58;192
58;193
58;194
58;195
58;196
58;197
58;198
58;199
58;200
58;201
58;202
58;203
58;204
58;205
58;206
58;207
58;208
58;209
58;210
58;211
58;212
58;213
58;214
58;215
58;216
58;217
58;218
58;219
58;220
58;221
58;222
58;223
58;224
58;225
58;226
58;227
58;228
58;229
58;230
58;231
58;232
58;233
58;234
58;235
58;236
58;237
58;238
58;239
58;240
58;241
58;242
58;243
58;285
58;286
58;287
58;288
58;289
58;290
58;291
58;292
58;293
58;294
58;295
58;296
58;297
58;298
58;299
58;300
58;301
58;302
58;303
58;304
58;305
58;306
58;307
58;308
58;309
58;310
58;311
58;312
58;313
58;314
58;315
58;316
58;317
58;318
58;319
58;320
58;321
58;322
58;323
58;324
58;325
58;326
58;327
58;328
58;329
58;330
58;331
58;332
58;333
58;334
58;335
58;336
58;337
58;338
58;339
58;340
58;341
58;342
58;343
58;344
58;425
58;427
58;428
58;429
58;430
58;431
58;432
58;433
58;434
58;435
58;436
58;437
58;438
58;439
58;440
58;441
58;442
58;443
58;444
58;445
58;446
58;447
58;482
58;483
58;484
58;485
58;486
58;487
58;488
58;489
58;490
58;491
58;492
58;493
58;494
58;495
58;496
58;497
58;498
58;499
58;500
58;501
58;502
58;503
58;504
58;505
58;506
58;507
58;508
58;509
58;510
58;511
58;512
58;513
58;514
58;515
58;516
58;517
58;518
58;519
58;520
58;521
58;522
58;523
58;524
58;525
58;526
58;527
58;528
58;529
58;530
58;531
58;532
58;533
58;534
58;535
58;536
59;157
59;158
59;159
59;160
59;161
59;162
59;163
59;164
59;165
59;166
59;167
59;168
59;169
59;170
59;171
59;172
59;173
59;174
59;175
59;176
59;177
59;178
59;179
59;180
59;181
59;182
59;183
59;184
59;185
59;186
59;187
59;188
59;189
59;190
59;191
59;192
59;193
59;194
59;195
59;196
59;197
59;198
59;199
59;200
59;201
59;202
59;203
59;204
59;205
59;206
59;207
59;208
59;209
59;210
59;211
59;212
59;213
59;214
59;215
59;216
59;217
59;218
59;219
59;220
59;221
59;222
59;223
59;224
59;225
59;226
59;227
59;228
59;229
59;230
59;231
59;232
59;233
59;234
59;235
59;236
59;237
59;238
59;239
59;240
59;241
59;242
59;286
59;287
59;288
59;289
59;290
59;291
59;292
59;293
59;294
59;295
59;296
59;297
59;298
59;299
59;300
59;301
59;302
59;303
59;304
59;305
59;306
59;307
59;308
59;309
59;310
59;311
59;312
59;313
59;314
59;315
59;316
59;317
59;318
59;319
59;320
59;321
59;322
59;323
59;324
59;325
59;326
59;327
59;328
59;329
59;330
59;331
59;332
59;333
59;334
59;335
59;336
59;337
59;338
59;339
59;340
59;341
59;342
59;343
59;344
59;419
59;421
59;422
59;423
59;424
59;425
59;426
59;427
59;428
59;429
59;430
59;431
59;432
59;433
59;434
59;435
59;436
59;437
59;438
59;439
59;440
59;441
59;442
59;443
59;444
59;445
59;446
59;447
59;482
59;483
59;484
59;485
59;486
59;487
59;488
59;489
59;490
59;491
59;492
59;493
59;494
59;495
59;496
59;497
59;498
59;499
59;500
59;501
59;502
59;503
59;504
59;505
59;506
59;507
59;508
59;509
59;510
59;511
59;512
59;513
59;514
59;515
59;516
59;517
59;518
59;519
59;520
59;521
59;522
59;523
59;524
59;525
59;526
59;527
59;528
59;529
59;530
59;531
59;532
59;533
59;534
59;535
59;536
60;158
60;159
60;160
60;161
60;162
60;163
60;164
60;165
60;166
60;167
60;168
60;169
60;170
60;171
60;172
60;173
60;174
60;175
60;176
60;177
60;178
60;179
60;180
60;181
60;182
60;183
60;184
60;185
60;186
60;187
60;188
60;189
60;190
60;191
60;192
60;193
60;194
60;195
60;196
60;197
60;198
60;199
60;200
60;201
60;202
60;203
60;204
60;205
60;206
60;207
60;208
60;209
60;210
60;211
60;212
60;213
60;214
60;215
60;216
60;217
60;218
60;219
60;220
60;221
60;222
60;223
60;224
60;225
60;226
60;227
60;228
60;229
60;230
60;231
60;232
60;233
60;234
60;235
60;236
60;237
60;238
60;239
60;240
60;241
60;242
60;287
60;288
60;289
60;290
60;291
60;292
60;293
60;294
60;295
60;296
60;297
60;298
60;299
60;300
60;301
60;302
60;303
60;304
60;305
60;306
60;307
60;308
60;309
60;310
60;311
60;312
60;313
60;314
60;315
60;316
60;317
60;318
60;319
60;320
60;321
60;322
60;323
60;324
60;325
60;326
60;327
60;328
60;329
60;330
60;331
60;332
60;333
60;334
60;335
60;336
60;337
60;338
60;339
60;340
60;341
60;342
60;343
60;413
60;415
60;416
60;417
60;418
60;419
60;420
60;421
60;422
60;423
60;424
60;425
60;426
60;427
60;428
60;429
60;430
60;431
60;432
60;433
60;434
60;435
60;436
60;437
60;438
60;439
60;440
60;441
60;442
60;443
60;444
60;445
60;446
60;447
60;481
60;482
60;483
60;484
60;485
60;486
60;487
60;488
60;489
60;490
60;491
60;492
60;493
60;494
60;495
60;496
60;497
60;498
60;499
60;500
60;501
60;502
60;503
60;504
60;505
60;506
60;507
60;508
60;509
60;510
60;511
60;512
60;513
60;514
60;515
60;516
60;517
60;518
60;519
60;520
60;521
60;522
60;523
60;524
60;525
60;526
60;527
60;528
60;529
60;530
60;531
60;532
60;533
60;534
60;535
60;536
61;158
61;159
61;160
61;161
61;162
61;163
61;164
61;165
61;166
61;167
61;168
61;169
61;170
61;171
61;172
61;173
61;174
61;175
61;176
61;177
61;178
61;179
61;180
61;181
61;182
61;183
61;184
61;185
61;186
61;187
61;188
61;189
61;190
61;191
61;192
61;193
61;194
61;195
61;196
61;197
61;198
61;199
61;200
61;201
61;202
61;203
61;204
61;205
61;206
61;207
61;208
61;209
61;210
61;211
61;212
61;213
61;214
61;215
61;216
61;217
61;218
61;219
61;220
61;221
61;222
61;223
61;224
61;225
61;226
61;227
61;228
61;229
61;230
61;231
61;232
61;233
61;234
61;235
61;236
61;237
61;238
61;239
61;240
61;288
61;289
61;290
61;291
61;292
61;293
61;294
61;295
61;296
61;297
61;298
61;299
61;300
61;301
61;302
61;303
61;304
61;305
61;306
61;307
61;308
61;309
61;310
61;311
61;312
61;313
61;314
61;315
61;316
61;317
61;318
61;319
61;320
61;321
61;322
61;323
61;324
61;325
61;326
61;327
61;328
61;329
61;330
61;331
61;332
61;333
61;334
61;335
61;336
61;337
61;338
61;339
61;340
61;341
61;342
61;409
61;410
61;411
61;412
61;413
61;414
61;415
61;416
61;417
61;418
61;419
61;420
61;421
61;422
61;423
61;424
61;425
61;426
61;427
61;428
61;429
61;430
61;431
61;432
61;433
61;434
61;435
61;436
61;437
61;438
61;439
61;440
61;441
61;442
61;443
61;444
61;445
61;446
61;447
61;448
61;481
61;482
61;483
61;484
61;485
61;486
61;487
61;488
61;489
61;490
61;491
61;492
61;493
61;494
61;495
61;496
61;497
61;498
61;499
61;500
61;501
61;502
61;503
61;504
61;505
61;506
61;507
61;508
61;509
61;510
61;511
61;512
61;513
61;514
61;515
61;516
61;517
61;518
61;519
61;520
61;521
61;522
61;523
61;524
61;525
61;526
61;527
61;528
61;529
61;530
61;531
61;532
61;533
61;534
61;535
61;536
62;159
62;160
62;161
62;162
62;163
62;164
62;165
62;166
62;167
62;168
62;169
62;170
62;171
62;172
62;173
62;174
62;175
62;176
62;177
62;178
62;179
62;180
62;181
62;182
62;183
62;184
62;185
62;186
62;187
62;188
62;189
62;190
62;191
62;192
62;193
62;194
62;195
62;196
62;197
62;198
62;199
62;200
62;201
62;202
62;203
62;204
62;205
62;206
62;207
62;208
62;209
62;210
62;211
62;212
62;213
62;214
62;215
62;216
62;217
62;218
62;219
62;220
62;221
62;222
62;223
62;224
62;225
62;226
62;227
62;228
62;229
62;230
62;231
62;232
62;233
62;234
62;235
62;236
62;237
62;238
62;239
62;240
62;288
62;289
62;290
62;291
62;292
62;293
62;294
62;295
62;296
62;297
62;298
62;299
62;300
62;301
62;302
62;303
62;304
62;305
62;306
62;307
62;308
62;309
62;310
62;311
62;312
62;313
62;314
62;315
62;316
62;317
62;318
62;319
62;320
62;321
62;322
62;323
62;324
62;325
62;326
62;327
62;328
62;329
62;330
62;331
62;332
62;333
62;334
62;335
62;336
62;337
62;338
62;339
62;340
62;341
62;403
62;405
62;406
62;407
62;408
62;409
62;410
62;411
62;412
62;413
62;414
62;415
62;416
62;417
62;418
62;419
62;420
62;421
62;422
62;423
62;424
62;425
62;426
62;427
62;428
62;429
62;430
62;431
62;432
62;433
62;434
62;435
62;436
62;437
62;438
62;439
62;440
62;441
62;442
62;443
62;444
62;445
62;446
62;447
62;448
62;481
62;482
62;483
62;484
62;485
62;486
62;487
62;488
62;489
62;490
62;491
62;492
62;493
62;494
62;495
62;496
62;497
62;498
62;499
62;500
62;501
62;502
62;503
62;504
62;505
62;506
62;507
62;508
62;509
62;510
62;511
62;512
62;513
62;514
62;515
62;516
62;517
62;518
62;519
62;520
62;521
62;522
62;523
62;524
62;525
62;526
62;527
62;528
62;529
62;530
62;531
62;532
62;533
62;534
62;535
62;536
63;160
63;161
63;162
63;163
63;164
63;165
63;166
63;167
63;168
63;169
63;170
63;171
63;172
63;173
63;174
63;175
63;176
63;177
63;178
63;179
63;180
63;181
63;182
63;183
63;184
63;185
63;186
63;187
63;188
63;189
63;190
63;191
63;192
63;193
63;194
63;195
63;196
63;197
63;198
63;199
63;200
63;201
63;202
63;203
63;204
63;205
63;206
63;207
63;208
63;209
63;210
63;211
63;212
63;213
63;214
63;215
63;216
63;217
63;218
63;219
63;220
63;221
63;222
63;223
63;224
63;225
63;226
63;227
63;228
63;229
63;230
63;231
63;232
63;233
63;234
63;235
63;236
63;237
63;238
63;239
63;290
63;291
63;292
63;293
63;294
63;295
63;296
63;297
63;298
63;299
63;300
63;301
63;302
63;303
63;304
63;305
63;306
63;307
63;308
63;309
63;310
63;311
63;312
63;313
63;314
63;315
63;316
63;317
63;318
63;319
63;320
63;321
63;322
63;323
63;324
63;325
63;326
63;327
63;328
63;329
63;330
63;331
63;332
63;333
63;334
63;335
63;336
63;337
63;338
63;339
63;340
63;397
63;399
63;400
63;401
63;402
63;403
63;404
63;405
63;406
63;407
63;408
63;409
63;410
63;411
63;412
63;413
63;414
63;415
63;416
63;417
63;418
63;419
63;420
63;421
63;422
63;423
63;424
63;425
63;426
63;427
63;428
63;429
63;430
63;431
63;432
63;433
63;434
63;435
63;436
63;437
63;438
63;439
63;440
63;441
63;442
63;443
63;444
63;445
63;446
63;447
63;448
63;481
63;482
63;483
63;484
63;485
63;486
63;487
63;488
63;489
63;490
63;491
63;492
63;493
63;494
63;495
63;496
63;497
63;498
63;499
63;500
63;501
63;502
63;503
63;504
63;505
63;506
63;507
63;508
63;509
63;510
63;511
63;512
63;513
63;514
63;515
63;516
63;517
63;518
63;519
63;520
63;521
63;522
63;523
63;524
63;525
63;526
63;527
63;528
63;529
63;530
63;531
63;532
63;533
63;534
63;535
63;536
64;161
64;162
64;163
64;164
64;165
64;166
64;167
64;168
64;169
64;170
64;171
64;172
64;173
64;174
64;175
64;176
64;177
64;178
64;179
64;180
64;181
64;182
64;183
64;184
64;185
64;186
64;187
64;188
64;189
64;190
64;191
64;192
64;193
64;194
64;195
64;196
64;197
64;198
64;199
64;200
64;201
64;202
64;203
64;204
64;205
64;206
64;207
64;208
64;209
64;210
64;211
64;212
64;213
64;214
64;215
64;216
64;217
64;218
64;219
64;220
64;221
64;222
64;223
64;224
64;225
64;226
64;227
64;228
64;229
64;230
64;231
64;232
64;233
64;234
64;235
64;236
64;237
64;238
64;291
64;292
64;293
64;294
64;295
64;296
64;297
64;298
64;299
64;300
64;301
64;302
64;303
64;304
64;305
64;306
64;307
64;308
64;309
64;310
64;311
64;312
64;313
64;314
64;315
64;316
64;317
64;318
64;319
64;320
64;321
64;322
64;323
64;324
64;325
64;326
64;327
64;328
64;329
64;330
64;331
64;332
64;333
64;334
64;335
64;336
64;337
64;338
64;397
64;398
64;399
64;400
64;401
64;402
64;403
64;404
64;405
64;406
64;407
64;408
64;409
64;410
64;411
64;412
64;413
64;414
64;415
64;416
64;417
64;418
64;419
64;420
64;421
64;422
64;423
64;424
64;425
64;426
64;427
64;428
64;429
64;430
64;431
64;432
64;433
64;434
64;435
64;436
64;437
64;438
64;439
64;440
64;441
64;442
64;443
64;444
64;445
64;446
64;447
64;448
64;480
64;481
64;482
64;483
64;484
64;485
64;486
64;487
64;488
64;489
64;490
64;491
64;492
64;493
64;494
64;495
64;496
64;497
64;498
64;499
64;500
64;501
64;502
64;503
64;504
64;505
64;506
64;507
64;508
64;509
64;510
64;511
64;512
64;513
64;514
64;515
64;516
64;517
64;518
64;519
64;520
64;521
64;522
64;523
64;524
64;525
64;526
64;527
64;528
64;529
64;530
64;531
64;532
64;533
64;534
64;535
64;536
65;162
65;163
65;164
65;165
65;166
65;167
65;168
65;169
65;170
65;171
65;172
65;173
65;174
65;175
65;176
65;177
65;178
65;179
65;180
65;181
65;182
65;183
65;184
65;185
65;186
65;187
65;188
65;189
65;190
65;191
65;192
65;193
65;194
65;195
65;196
65;197
65;198
65;199
65;200
65;201
65;202
65;203
65;204
65;205
65;206
65;207
65;208
65;209
65;210
65;211
65;212
65;213
65;214
65;215
65;216
65;217
65;218
65;219
65;220
65;221
65;222
65;223
65;224
65;225
65;226
65;227
65;228
65;229
65;230
65;231
65;232
65;233
65;234
65;235
65;236
65;237
65;292
65;293
65;294
65;295
65;296
65;297
65;298
65;299
65;300
65;301
65;302
65;303
65;304
65;305
65;306
65;307
65;308
65;309
65;310
65;311
65;312
65;313
65;314
65;315
65;316
65;317
65;318
65;319
65;320
65;321
65;322
65;323
65;324
65;325
65;326
65;327
65;328
65;329
65;330
65;331
65;332
65;333
65;334
65;335
65;336
65;337
65;338
65;397
65;398
65;399
65;400
65;401
65;402
65;403
65;404
65;405
65;406
65;407
65;408
65;409
65;410
65;411
65;412
65;413
65;414
65;415
65;416
65;417
65;418
65;419
65;420
65;421
65;422
65;423
65;424
65;425
65;426
65;427
65;428
65;429
65;430
65;431
65;432
65;433
65;434
65;435
65;436
65;437
65;438
65;439
65;440
65;441
65;442
65;443
65;444
65;445
65;446
65;447
65;448
65;449
65;480
65;481
65;482
65;483
65;484
65;485
65;486
65;487
65;488
65;489
65;490
65;491
65;492
65;493
65;494
65;495
65;496
65;497
65;498
65;499
65;500
65;501
65;502
65;503
65;504
65;505
65;506
65;507
65;508
65;509
65;510
65;511
65;512
65;513
65;514
65;515
65;516
65;517
65;518
65;519
65;520
65;521
65;522
65;523
65;524
65;525
65;526
65;527
65;528
65;529
65;530
65;531
65;532
65;533
65;534
65;535
65;536
66;162
66;163
66;164
66;165
66;166
66;167
66;168
66;169
66;170
66;171
66;172
66;173
66;174
66;175
66;176
66;177
66;178
66;179
66;180
66;181
66;182
66;183
66;184
66;185
66;186
66;187
66;188
66;189
66;190
66;191
66;192
66;193
66;194
66;195
66;196
66;197
66;198
66;199
66;200
66;201
66;202
66;203
66;204
66;205
66;206
66;207
66;208
66;209
66;210
66;211
66;212
66;213
66;214
66;215
66;216
66;217
66;218
66;219
66;220
66;221
66;222
66;223
66;224
66;225
66;226
66;227
66;228
66;229
66;230
66;231
66;232
66;233
66;234
66;235
66;236
66;294
66;295
66;296
66;297
66;298
66;299
66;300
66;301
66;302
66;303
66;304
66;305
66;306
66;307
66;308
66;309
66;310
66;311
66;312
66;313
66;314
66;315
66;316
66;317
66;318
66;319
66;320
66;321
66;322
66;323
66;324
66;325
66;326
66;327
66;328
66;329
66;330
66;331
66;332
66;333
66;334
66;335
66;336
66;398
66;399
66;400
66;401
66;402
66;403
66;404
66;405
66;406
66;407
66;408
66;409
66;410
66;411
66;412
66;413
66;414
66;415
66;416
66;417
66;418
66;419
66;420
66;421
66;422
66;423
66;424
66;425
66;426
66;427
66;428
66;429
66;430
66;431
66;432
66;433
66;434
66;435
66;436
66;437
66;438
66;439
66;440
66;441
66;442
66;443
66;444
66;445
66;446
66;447
66;448
66;449
66;480
66;481
66;482
66;483
66;484
66;485
66;486
66;487
66;488
66;489
66;490
66;491
66;492
66;493
66;494
66;495
66;496
66;497
66;498
66;499
66;500
66;501
66;502
66;503
66;504
66;505
66;506
66;507
66;508
66;509
66;510
66;511
66;512
66;513
66;514
66;515
66;516
66;517
66;518
66;519
66;520
66;521
66;522
66;523
66;524
66;525
66;526
66;527
66;528
66;529
66;530
66;531
66;532
66;533
66;534
66;535
66;536
67;164
67;165
67;166
67;167
67;168
67;169
67;170
67;171
67;172
67;173
67;174
67;175
67;176
67;177
67;178
67;179
67;180
67;181
67;182
67;183
67;184
67;185
67;186
67;187
67;188
67;189
67;190
67;191
67;192
67;193
67;194
67;195
67;196
67;197
67;198
67;199
67;200
67;201
67;202
67;203
67;204
67;205
67;206
67;207
67;208
67;209
67;210
67;211
67;212
67;213
67;214
67;215
67;216
67;217
67;218
67;219
67;220
67;221
67;222
67;223
67;224
67;225
67;226
67;227
67;228
67;229
67;230
67;231
67;232
67;233
67;234
67;235
67;296
67;297
67;298
67;299
67;300
67;301
67;302
67;303
67;304
67;305
67;306
67;307
67;308
67;309
67;310
67;311
67;312
67;313
67;314
67;315
67;316
67;317
67;318
67;319
67;320
67;321
67;322
67;323
67;324
67;325
67;326
67;327
67;328
67;329
67;330
67;331
67;332
67;333
67;334
67;398
67;399
67;400
67;401
67;402
67;403
67;404
67;405
67;406
67;407
67;408
67;409
67;410
67;411
67;412
67;413
67;414
67;415
67;416
67;417
67;418
67;419
67;420
67;421
67;422
67;423
67;424
67;425
67;426
67;427
67;428
67;429
67;430
67;431
67;432
67;433
67;434
67;435
67;436
67;437
67;438
67;439
67;440
67;441
67;442
67;443
67;444
67;445
67;446
67;447
67;448
67;449
67;480
67;481
67;482
67;483
67;484
67;485
67;486
67;487
67;488
67;489
67;490
67;491
67;492
67;493
67;494
67;495
67;496
67;497
67;498
67;499
67;500
67;501
67;502
67;503
67;504
67;505
67;506
67;507
67;508
67;509
67;510
67;511
67;512
67;513
67;514
67;515
67;516
67;517
67;518
67;519
67;520
67;521
67;522
67;523
67;524
67;525
67;526
67;527
67;528
67;529
67;530
67;531
67;532
67;533
67;534
67;535
67;536
68;165
68;166
68;167
68;168
68;169
68;170
68;171
68;172
68;173
68;174
68;175
68;176
68;177
68;178
68;179
68;180
68;181
68;182
68;183
68;184
68;185
68;186
68;187
68;188
68;189
68;190
68;191
68;192
68;193
68;194
68;195
68;196
68;197
68;198
68;199
68;200
68;201
68;202
68;203
68;204
68;205
68;206
68;207
68;208
68;209
68;210
68;211
68;212
68;213
68;214
68;215
68;216
68;217
68;218
68;219
68;220
68;221
68;222
68;223
68;224
68;225
68;226
68;227
68;228
68;229
68;230
68;231
68;232
68;233
68;234
68;297
68;298
68;299
68;300
68;301
68;302
68;303
68;304
68;305
68;306
68;307
68;308
68;309
68;310
68;311
68;312
68;313
68;314
68;315
68;316
68;317
68;318
68;319
68;320
68;321
68;322
68;323
68;324
68;325
68;326
68;327
68;328
68;329
68;330
68;331
68;332
68;398
68;399
68;400
68;401
68;402
68;403
68;404
68;405
68;406
68;407
68;408
68;409
68;410
68;411
68;412
68;413
68;414
68;415
68;416
68;417
68;418
68;419
68;420
68;421
68;422
68;423
68;424
68;425
68;426
68;427
68;428
68;429
68;430
68;431
68;432
68;433
68;434
68;435
68;436
68;437
68;438
68;439
68;440
68;441
68;442
68;443
68;444
68;445
68;446
68;447
68;448
68;449
68;480
68;481
68;482
68;483
68;484
68;485
68;486
68;487
68;488
68;489
68;490
68;491
68;492
68;493
68;494
68;495
68;496
68;497
68;498
68;499
68;500
68;501
68;502
68;503
68;504
68;505
68;506
68;507
68;508
68;509
68;510
68;511
68;512
68;513
68;514
68;515
68;516
68;517
68;518
68;519
68;520
68;521
68;522
68;523
68;524
68;525
68;526
68;527
68;528
68;529
68;530
68;531
68;532
68;533
68;534
68;535
68;536
69;166
69;167
69;168
69;169
69;170
69;171
69;172
69;173
69;174
69;175
69;176
69;177
69;178
69;179
69;180
69;181
69;182
69;183
69;184
69;185
69;186
69;187
69;188
69;189
69;190
69;191
69;192
69;193
69;194
69;195
69;196
69;197
69;198
69;199
69;200
69;201
69;202
69;203
69;204
69;205
69;206
69;207
69;208
69;209
69;210
69;211
69;212
69;213
69;214
69;215
69;216
69;217
69;218
69;219
69;220
69;221
69;222
69;223
69;224
69;225
69;226
69;227
69;228
69;229
69;230
69;231
69;232
69;233
69;300
69;301
69;302
69;303
69;304
69;305
69;306
69;307
69;308
69;309
69;310
69;311
69;312
69;313
69;314
69;315
69;316
69;317
69;318
69;319
69;320
69;321
69;322
69;323
69;324
69;325
69;326
69;327
69;328
69;329
69;330
69;398
69;399
69;400
69;401
69;402
69;403
69;404
69;405
69;406
69;407
69;408
69;409
69;410
69;411
69;412
69;413
69;414
69;415
69;416
69;417
69;418
69;419
69;420
69;421
69;422
69;423
69;424
69;425
69;426
69;427
69;428
69;429
69;430
69;431
69;432
69;433
69;434
69;435
69;436
69;437
69;438
69;439
69;440
69;441
69;442
69;443
69;444
69;445
69;446
69;447
69;448
69;449
69;450
69;479
69;480
69;481
69;482
69;483
69;484
69;485
69;486
69;487
69;488
69;489
69;490
69;491
69;492
69;493
69;494
69;495
69;496
69;497
69;498
69;499
69;500
69;501
69;502
69;503
69;504
69;505
69;506
69;507
69;508
69;509
69;510
69;511
69;512
69;513
69;514
69;515
69;516
69;517
69;518
69;519
69;520
69;521
69;522
69;523
69;524
69;525
69;526
69;527
69;528
69;529
69;530
69;531
69;532
69;533
69;534
69;535
69;536
70;168
70;169
70;170
70;171
70;172
70;173
70;174
70;175
70;176
70;177
70;178
70;179
70;180
70;181
70;182
70;183
70;184
70;185
70;186
70;187
70;188
70;189
70;190
70;191
70;192
70;193
70;194
70;195
70;196
70;197
70;198
70;199
70;200
70;201
70;202
70;203
70;204
70;205
70;206
70;207
70;208
70;209
70;210
70;211
70;212
70;213
70;214
70;215
70;216
70;217
70;218
70;219
70;220
70;221
70;222
70;223
70;224
70;225
70;226
70;227
70;228
70;229
70;230
70;231
70;232
70;302
70;303
70;304
70;305
70;306
70;307
70;308
70;309
70;310
70;311
70;312
70;313
70;314
70;315
70;316
70;317
70;318
70;319
70;320
70;321
70;322
70;323
70;324
70;325
70;326
70;327
70;328
70;398
70;399
70;400
70;401
70;402
70;403
70;404
70;405
70;406
70;407
70;408
70;409
70;410
70;411
70;412
70;413
70;414
70;415
70;416
70;417
70;418
70;419
70;420
70;421
70;422
70;423
70;424
70;425
70;426
70;427
70;428
70;429
70;430
70;431
70;432
70;433
70;434
70;435
70;436
70;437
70;438
70;439
70;440
70;441
70;442
70;443
70;444
70;445
70;446
70;447
70;448
70;449
70;450
70;479
70;480
70;481
70;482
70;483
70;484
70;485
70;486
70;487
70;488
70;489
70;490
70;491
70;492
70;493
70;494
70;495
70;496
70;497
70;498
70;499
70;500
70;501
70;502
70;503
70;504
70;505
70;506
70;507
70;508
70;509
70;510
70;511
70;512
70;513
70;514
70;515
70;516
70;517
70;518
70;519
70;520
70;521
70;522
70;523
70;524
70;525
70;526
70;527
70;528
70;529
70;530
70;531
70;532
70;533
70;534
70;535
70;536
71;168
71;169
71;170
71;171
71;172
71;173
71;174
71;175
71;176
71;177
71;178
71;179
71;180
71;181
71;182
71;183
71;184
71;185
71;186
71;187
71;188
71;189
71;190
71;191
71;192
71;193
71;194
71;195
71;196
71;197
71;198
71;199
71;200
71;201
71;202
71;203
71;204
71;205
71;206
71;207
71;208
71;209
71;210
71;211
71;212
71;213
71;214
71;215
71;216
71;217
71;218
71;219
71;220
71;221
71;222
71;223
71;224
71;225
71;226
71;227
71;228
71;229
71;230
71;304
71;306
71;307
71;308
71;309
71;310
71;311
71;312
71;313
71;314
71;315
71;316
71;317
71;318
71;319
71;320
71;321
71;322
71;323
71;324
71;326
71;399
71;400
71;401
71;402
71;403
71;404
71;405
71;406
71;407
71;408
71;409
71;410
71;411
71;412
71;413
71;414
71;415
71;416
71;417
71;418
71;419
71;420
71;421
71;422
71;423
71;424
71;425
71;426
71;427
71;428
71;429
71;430
71;431
71;432
71;433
71;434
71;435
71;436
71;437
71;438
71;439
71;440
71;441
71;442
71;443
71;444
71;445
71;446
71;447
71;448
71;449
71;450
71;479
71;480
71;481
71;482
71;483
71;484
71;485
71;486
71;487
71;488
71;489
71;490
71;491
71;492
71;493
71;494
71;495
71;496
71;497
71;498
71;499
71;500
71;501
71;502
71;503
71;504
71;505
71;506
71;507
71;508
71;509
71;510
71;511
71;512
71;513
71;514
71;515
71;516
71;517
71;518
71;519
71;520
71;521
71;522
71;523
71;524
71;525
71;526
71;527
71;528
71;529
71;530
71;531
71;532
71;533
71;534
71;535
71;536
72;170
72;171
72;172
72;173
72;174
72;175
72;176
72;177
72;178
72;179
72;180
72;181
72;182
72;183
72;184
72;185
72;186
72;187
72;188
72;189
72;190
72;191
72;192
72;193
72;194
72;195
72;196
72;197
72;198
72;199
72;200
72;201
72;202
72;203
72;204
72;205
72;206
72;207
72;208
72;209
72;210
72;211
72;212
72;213
72;214
72;215
72;216
72;217
72;218
72;219
72;220
72;221
72;222
72;223
72;224
72;225
72;226
72;227
72;228
72;308
72;310
72;312
72;313
72;314
72;315
72;316
72;317
72;318
72;320
72;322
72;399
72;400
72;401
72;402
72;403
72;404
72;405
72;406
72;407
72;408
72;409
72;410
72;411
72;412
72;413
72;414
72;415
72;416
72;417
72;418
72;419
72;420
72;421
72;422
72;423
72;424
72;425
72;426
72;427
72;428
72;429
72;430
72;431
72;432
72;433
72;434
72;435
72;436
72;437
72;438
72;439
72;440
72;441
72;442
72;443
72;444
72;445
72;446
72;447
72;448
72;449
72;450
72;479
72;480
72;481
72;482
72;483
72;484
72;485
72;486
72;487
72;488
72;489
72;490
72;491
72;492
72;493
72;494
72;495
72;496
72;497
72;498
72;499
72;500
72;501
72;502
72;503
72;504
72;505
72;506
72;507
72;508
72;509
72;510
72;511
72;512
72;513
72;514
72;515
72;516
72;517
72;518
72;519
72;520
72;521
72;522
72;523
72;524
72;525
72;526
72;527
72;528
72;529
72;530
72;531
72;532
72;533
72;534
72;535
72;536
73;172
73;173
73;174
73;175
73;176
73;177
73;178
73;179
73;180
73;181
73;182
73;183
73;184
73;185
73;186
73;187
73;188
73;189
73;190
73;191
73;192
73;193
73;194
73;195
73;196
73;197
73;198
73;199
73;200
73;201
73;202
73;203
73;204
73;205
73;206
73;207
73;208
73;209
73;210
73;211
73;212
73;213
73;214
73;215
73;216
73;217
73;218
73;219
73;220
73;221
73;222
73;223
73;224
73;225
73;226
73;227
73;228
73;399
73;400
73;401
73;402
73;403
73;404
73;405
73;406
73;407
73;408
73;409
73;410
73;411
73;412
73;413
73;414
73;415
73;416
73;417
73;418
73;419
73;420
73;421
73;422
73;423
73;424
73;425
73;426
73;427
73;428
73;429
73;430
73;431
73;432
73;433
73;434
73;435
73;436
73;437
73;438
73;439
73;440
73;441
73;442
73;443
73;444
73;445
73;446
73;447
73;448
73;449
73;450
73;451
73;479
73;480
73;481
73;482
73;483
73;484
73;485
73;486
73;487
73;488
73;489
73;490
73;491
73;492
73;493
73;494
73;495
73;496
73;497
73;498
73;499
73;500
73;501
73;502
73;503
73;504
73;505
73;506
73;507
73;508
73;509
73;510
73;511
73;512
73;513
73;514
73;515
73;516
73;517
73;518
73;519
73;520
73;521
73;522
73;523
73;524
73;525
73;526
73;527
73;528
73;529
73;530
73;531
73;532
73;533
73;534
73;535
73;536
74;174
74;175
74;176
74;177
74;178
74;179
74;180
74;181
74;182
74;183
74;184
74;185
74;186
74;187
74;188
74;189
74;190
74;191
74;192
74;193
74;194
74;195
74;196
74;197
74;198
74;199
74;200
74;201
74;202
74;203
74;204
74;205
74;206
74;207
74;208
74;209
74;210
74;211
74;212
74;213
74;214
74;215
74;216
74;217
74;218
74;219
74;220
74;221
74;222
74;223
74;224
74;225
74;226
74;400
74;401
74;402
74;403
74;404
74;405
74;406
74;407
74;408
74;409
74;410
74;411
74;412
74;413
74;414
74;415
74;416
74;417
74;418
74;419
74;420
74;421
74;422
74;423
74;424
74;425
74;426
74;427
74;428
74;429
74;430
74;431
74;432
74;433
74;434
74;435
74;436
74;437
74;438
74;439
74;440
74;441
74;442
74;443
74;444
74;445
74;446
74;447
74;448
74;449
74;450
74;451
74;480
74;481
74;482
74;483
74;484
74;485
74;486
74;487
74;488
74;489
74;490
74;491
74;492
74;493
74;494
74;495
74;496
74;497
74;498
74;499
74;500
74;501
74;502
74;503
74;504
74;505
74;506
74;507
74;508
74;509
74;510
74;511
74;512
74;513
74;514
74;515
74;516
74;517
74;518
74;519
74;520
74;521
74;522
74;523
74;524
74;525
74;526
74;527
74;528
74;529
74;530
74;531
74;532
74;533
74;534
74;535
74;536
75;176
75;177
75;178
75;179
75;180
75;181
75;182
75;183
75;184
75;185
75;186
75;187
75;188
75;189
75;190
75;191
75;192
75;193
75;194
75;195
75;196
75;197
75;198
75;199
75;200
75;201
75;202
75;203
75;204
75;205
75;206
75;207
75;208
75;209
75;210
75;211
75;212
75;213
75;214
75;215
75;216
75;217
75;218
75;219
75;220
75;221
75;222
75;223
75;224
75;400
75;401
75;402
75;403
75;404
75;405
75;406
75;407
75;408
75;409
75;410
75;411
75;412
75;413
75;414
75;415
75;416
75;417
75;418
75;419
75;420
75;421
75;422
75;423
75;424
75;425
75;426
75;427
75;428
75;429
75;430
75;431
75;432
75;433
75;434
75;435
75;436
75;437
75;438
75;439
75;440
75;441
75;442
75;443
75;444
75;445
75;446
75;447
75;448
75;449
75;450
75;451
75;480
75;481
75;482
75;483
75;484
75;485
75;486
75;487
75;488
75;489
75;490
75;491
75;492
75;493
75;494
75;495
75;496
75;497
75;498
75;499
75;500
75;501
75;502
75;503
75;504
75;505
75;506
75;507
75;508
75;509
75;510
75;511
75;512
75;513
75;514
75;515
75;516
75;517
75;518
75;519
75;520
75;521
75;522
75;523
75;524
75;525
75;526
75;527
75;528
75;529
75;530
75;531
75;532
75;533
75;534
75;535
75;536
76;178
76;179
76;180
76;181
76;182
76;183
76;184
76;185
76;186
76;187
76;188
76;189
76;190
76;191
76;192
76;193
76;194
76;195
76;196
76;197
76;198
76;199
76;200
76;201
76;202
76;203
76;204
76;205
76;206
76;207
76;208
76;209
76;210
76;211
76;212
76;213
76;214
76;215
76;216
76;217
76;218
76;219
76;220
76;221
76;222
76;400
76;401
76;402
76;403
76;404
76;405
76;406
76;407
76;408
76;409
76;410
76;411
76;412
76;413
76;414
76;415
76;416
76;417
76;418
76;419
76;420
76;421
76;422
76;423
76;424
76;425
76;426
76;427
76;428
76;429
76;430
76;431
76;432
76;433
76;434
76;435
76;436
76;437
76;438
76;439
76;440
76;441
76;442
76;443
76;444
76;445
76;446
76;447
76;448
76;449
76;450
76;451
76;480
76;481
76;482
76;483
76;484
76;485
76;486
76;487
76;488
76;489
76;490
76;491
76;492
76;493
76;494
76;495
76;496
76;497
76;498
76;499
76;500
76;501
76;502
76;503
76;504
76;505
76;506
76;507
76;508
76;509
76;510
76;511
76;512
76;513
76;514
76;515
76;516
76;517
76;518
76;519
76;520
76;521
76;522
76;523
76;524
76;525
76;526
76;527
76;528
76;529
76;530
76;531
76;532
76;533
76;534
76;535
76;536
77;180
77;181
77;182
77;183
77;184
77;185
77;186
77;187
77;188
77;189
77;190
77;191
77;192
77;193
77;194
77;195
77;196
77;197
77;198
77;199
77;200
77;201
77;202
77;203
77;204
77;205
77;206
77;207
77;208
77;209
77;210
77;211
77;212
77;213
77;214
77;215
77;216
77;217
77;218
77;220
77;400
77;401
77;402
77;403
77;404
77;405
77;406
77;407
77;408
77;409
77;410
77;411
77;412
77;413
77;414
77;415
77;416
77;417
77;418
77;419
77;420
77;421
77;422
77;423
77;424
77;425
77;426
77;427
77;428
77;429
77;430
77;431
77;432
77;433
77;434
77;435
77;436
77;437
77;438
77;439
77;440
77;441
77;442
77;443
77;444
77;445
77;446
77;447
77;448
77;449
77;450
77;451
77;480
77;481
77;482
77;483
77;484
77;485
77;486
77;487
77;488
77;489
77;490
77;491
77;492
77;493
77;494
77;495
77;496
77;497
77;498
77;499
77;500
77;501
77;502
77;503
77;504
77;505
77;506
77;507
77;508
77;509
77;510
77;511
77;512
77;513
77;514
77;515
77;516
77;517
77;518
77;519
77;520
77;521
77;522
77;523
77;524
77;525
77;526
77;527
77;528
77;529
77;530
77;531
77;532
77;533
77;534
77;535
77;536
78;182
78;184
78;185
78;186
78;187
78;188
78;189
78;190
78;191
78;192
78;193
78;194
78;195
78;196
78;197
78;198
78;199
78;200
78;201
78;202
78;203
78;204
78;205
78;206
78;207
78;208
78;209
78;210
78;211
78;212
78;213
78;214
78;215
78;216
78;400
78;401
78;402
78;403
78;404
78;405
78;406
78;407
78;408
78;409
78;410
78;411
78;412
78;413
78;414
78;415
78;416
78;417
78;418
78;419
78;420
78;421
78;422
78;423
78;424
78;425
78;426
78;427
78;428
78;429
78;430
78;431
78;432
78;433
78;434
78;435
78;436
78;437
78;438
78;439
78;440
78;441
78;442
78;443
78;444
78;445
78;446
78;447
78;448
78;449
78;450
78;451
78;452
78;480
78;481
78;482
78;483
78;484
78;485
78;486
78;487
78;488
78;489
78;490
78;491
78;492
78;493
78;494
78;495
78;496
78;497
78;498
78;499
78;500
78;501
78;502
78;503
78;504
78;505
78;506
78;507
78;508
78;509
78;510
78;511
78;512
78;513
78;514
78;515
78;516
78;517
78;518
78;519
78;520
78;521
78;522
78;523
78;524
78;525
78;526
78;527
78;528
78;529
78;530
78;531
78;532
78;533
78;534
78;535
78;536
79;186
79;188
79;189
79;190
79;191
79;192
79;193
79;194
79;195
79;196
79;197
79;198
79;199
79;200
79;201
79;202
79;203
79;204
79;205
79;206
79;207
79;208
79;209
79;210
79;211
79;212
79;401
79;402
79;403
79;404
79;405
79;406
79;407
79;408
79;409
79;410
79;411
79;412
79;413
79;414
79;415
79;416
79;417
79;418
79;419
79;420
79;421
79;422
79;423
79;424
79;425
79;426
79;427
79;428
79;429
79;430
79;431
79;432
79;433
79;434
79;435
79;436
79;437
79;438
79;439
79;440
79;441
79;442
79;443
79;444
79;445
79;446
79;447
79;448
79;449
79;450
79;451
79;452
79;480
79;481
79;482
79;483
79;484
79;485
79;486
79;487
79;488
79;489
79;490
79;491
79;492
79;493
79;494
79;495
79;496
79;497
79;498
79;499
79;500
79;501
79;502
79;503
79;504
79;505
79;506
79;507
79;508
79;509
79;510
79;511
79;512
79;513
79;514
79;515
79;516
79;517
79;518
79;519
79;520
79;521
79;522
79;523
79;524
79;525
79;526
79;527
79;528
79;529
79;530
79;531
79;532
79;533
79;534
79;535
79;536
80;190
80;192
80;194
80;195
80;196
80;197
80;198
80;199
80;200
80;201
80;202
80;203
80;204
80;205
80;206
80;208
80;401
80;402
80;403
80;404
80;405
80;406
80;407
80;408
80;409
80;410
80;411
80;412
80;413
80;414
80;415
80;416
80;417
80;418
80;419
80;420
80;421
80;422
80;423
80;424
80;425
80;426
80;427
80;428
80;429
80;430
80;431
80;432
80;433
80;434
80;435
80;436
80;437
80;438
80;439
80;440
80;441
80;442
80;443
80;444
80;445
80;446
80;447
80;448
80;449
80;450
80;451
80;452
80;481
80;482
80;483
80;484
80;485
80;486
80;487
80;488
80;489
80;490
80;491
80;492
80;493
80;494
80;495
80;496
80;497
80;498
80;499
80;500
80;501
80;502
80;503
80;504
80;505
80;506
80;507
80;508
80;509
80;510
80;511
80;512
80;513
80;514
80;515
80;516
80;517
80;518
80;519
80;520
80;521
80;522
80;523
80;524
80;525
80;526
80;527
80;528
80;529
80;530
80;531
80;532
80;533
80;534
80;535
80;536
81;401
81;402
81;403
81;404
81;405
81;406
81;407
81;408
81;409
81;410
81;411
81;412
81;413
81;414
81;415
81;416
81;417
81;418
81;419
81;420
81;421
81;422
81;423
81;424
81;425
81;426
81;427
81;428
81;429
81;430
81;431
81;432
81;433
81;434
81;435
81;436
81;437
81;438
81;439
81;440
81;441
81;442
81;443
81;444
81;445
81;446
81;447
81;448
81;449
81;450
81;451
81;452
81;481
81;482
81;483
81;484
81;485
81;486
81;487
81;488
81;489
81;490
81;491
81;492
81;493
81;494
81;495
81;496
81;497
81;498
81;499
81;500
81;501
81;502
81;503
81;504
81;505
81;506
81;507
81;508
81;509
81;510
81;511
81;512
81;513
81;514
81;515
81;516
81;517
81;518
81;519
81;520
81;521
81;522
81;523
81;524
81;525
81;526
81;527
81;528
81;529
81;530
81;531
81;532
81;533
81;534
81;535
81;536
82;401
82;402
82;403
82;404
82;405
82;406
82;407
82;408
82;409
82;410
82;411
82;412
82;413
82;414
82;415
82;416
82;417
82;418
82;419
82;420
82;421
82;422
82;423
82;424
82;425
82;426
82;427
82;428
82;429
82;430
82;431
82;432
82;433
82;434
82;435
82;436
82;437
82;438
82;439
82;440
82;441
82;442
82;443
82;444
82;445
82;446
82;447
82;448
82;449
82;450
82;451
82;452
82;453
82;481
82;482
82;483
82;484
82;485
82;486
82;487
82;488
82;489
82;490
82;491
82;492
82;493
82;494
82;495
82;496
82;497
82;498
82;499
82;500
82;501
82;502
82;503
82;504
82;505
82;506
82;507
82;508
82;509
82;510
82;511
82;512
82;513
82;514
82;515
82;516
82;517
82;518
82;519
82;520
82;521
82;522
82;523
82;524
82;525
82;526
82;527
82;528
82;529
82;530
82;531
82;532
82;533
82;534
82;535
82;536
83;402
83;403
83;404
83;405
83;406
83;407
83;408
83;409
83;410
83;411
83;412
83;413
83;414
83;415
83;416
83;417
83;418
83;419
83;420
83;421
83;422
83;423
83;424
83;425
83;426
83;427
83;428
83;429
83;430
83;431
83;432
83;433
83;434
83;435
83;436
83;437
83;438
83;439
83;440
83;441
83;442
83;443
83;444
83;445
83;446
83;447
83;448
83;449
83;450
83;451
83;452
83;453
83;482
83;483
83;484
83;485
83;486
83;487
83;488
83;489
83;490
83;491
83;492
83;493
83;494
83;495
83;496
83;497
83;498
83;499
83;500
83;501
83;502
83;503
83;504
83;505
83;506
83;507
83;508
83;509
83;510
83;511
83;512
83;513
83;514
83;515
83;516
83;517
83;518
83;519
83;520
83;521
83;522
83;523
83;524
83;525
83;526
83;527
83;528
83;529
83;530
83;531
83;532
83;533
83;534
83;535
83;536
84;402
84;403
84;404
84;405
84;406
84;407
84;408
84;409
84;410
84;411
84;412
84;413
84;414
84;415
84;416
84;417
84;418
84;419
84;420
84;421
84;422
84;423
84;424
84;425
84;426
84;427
84;428
84;429
84;430
84;431
84;432
84;433
84;434
84;435
84;436
84;437
84;438
84;439
84;440
84;441
84;442
84;443
84;444
84;445
84;446
84;447
84;448
84;449
84;450
84;451
84;452
84;453
84;482
84;483
84;484
84;485
84;486
84;487
84;488
84;489
84;490
84;491
84;492
84;493
84;494
84;495
84;496
84;497
84;498
84;499
84;500
84;501
84;502
84;503
84;504
84;505
84;506
84;507
84;508
84;509
84;510
84;511
84;512
84;513
84;514
84;515
84;516
84;517
84;518
84;519
84;520
84;521
84;522
84;523
84;524
84;525
84;526
84;527
84;528
84;529
84;530
84;531
84;532
84;533
84;534
84;535
84;536
85;402
85;403
85;404
85;405
85;406
85;407
85;408
85;409
85;410
85;411
85;412
85;413
85;414
85;415
85;416
85;417
85;418
85;419
85;420
85;421
85;422
85;423
85;424
85;425
85;426
85;427
85;428
85;429
85;430
85;431
85;432
85;433
85;434
85;435
85;436
85;437
85;438
85;439
85;440
85;441
85;442
85;443
85;444
85;445
85;446
85;447
85;448
85;449
85;450
85;451
85;452
85;453
85;483
85;484
85;485
85;486
85;487
85;488
85;489
85;490
85;491
85;492
85;493
85;494
85;495
85;496
85;497
85;498
85;499
85;500
85;501
85;502
85;503
85;504
85;505
85;506
85;507
85;508
85;509
85;510
85;511
85;512
85;513
85;514
85;515
85;516
85;517
85;518
85;519
85;520
85;521
85;522
85;523
85;524
85;525
85;526
85;527
85;528
85;529
85;530
85;531
85;532
85;533
85;534
85;535
85;536
86;402
86;403
86;404
86;405
86;406
86;407
86;408
86;409
86;410
86;411
86;412
86;413
86;414
86;415
86;416
86;417
86;418
86;419
86;420
86;421
86;422
86;423
86;424
86;425
86;426
86;427
86;428
86;429
86;430
86;431
86;432
86;433
86;434
86;435
86;436
86;437
86;438
86;439
86;440
86;441
86;442
86;443
86;444
86;445
86;446
86;447
86;448
86;449
86;450
86;451
86;452
86;453
86;454
86;483
86;484
86;485
86;486
86;487
86;488
86;489
86;490
86;491
86;492
86;493
86;494
86;495
86;496
86;497
86;498
86;499
86;500
86;501
86;502
86;503
86;504
86;505
86;506
86;507
86;508
86;509
86;510
86;511
86;512
86;513
86;514
86;515
86;516
86;517
86;518
86;519
86;520
86;521
86;522
86;523
86;524
86;525
86;526
86;527
86;528
86;529
86;530
86;531
86;532
86;533
86;534
86;535
86;536
87;403
87;404
87;405
87;406
87;407
87;408
87;409
87;410
87;411
87;412
87;413
87;414
87;415
87;416
87;417
87;418
87;419
87;420
87;421
87;422
87;423
87;424
87;425
87;426
87;427
87;428
87;429
87;430
87;431
87;432
87;433
87;434
87;435
87;436
87;437
87;438
87;439
87;440
87;441
87;442
87;443
87;444
87;445
87;446
87;447
87;448
87;449
87;450
87;451
87;452
87;453
87;454
87;484
87;485
87;486
87;487
87;488
87;489
87;490
87;491
87;492
87;493
87;494
87;495
87;496
87;497
87;498
87;499
87;500
87;501
87;502
87;503
87;504
87;505
87;506
87;507
87;508
87;509
87;510
87;511
87;512
87;513
87;514
87;515
87;516
87;517
87;518
87;519
87;520
87;521
87;522
87;523
87;524
87;525
87;526
87;527
87;528
87;529
87;530
87;531
87;532
87;533
87;534
87;535
87;536
88;403
88;404
88;405
88;406
88;407
88;408
88;409
88;410
88;411
88;412
88;413
88;414
88;415
88;416
88;417
88;418
88;419
88;420
88;421
88;422
88;423
88;424
88;425
88;426
88;427
88;428
88;429
88;430
88;431
88;432
88;433
88;434
88;435
88;436
88;437
88;438
88;439
88;440
88;441
88;442
88;443
88;444
88;445
88;446
88;447
88;448
88;449
88;450
88;451
88;452
88;453
88;454
88;484
88;485
88;486
88;487
88;488
88;489
88;490
88;491
88;492
88;493
88;494
88;495
88;496
88;497
88;498
88;499
88;500
88;501
88;502
88;503
88;504
88;505
88;506
88;507
88;508
88;509
88;510
88;511
88;512
88;513
88;514
88;515
88;516
88;517
88;518
88;519
88;520
88;521
88;522
88;523
88;524
88;525
88;526
88;527
88;528
88;529
88;530
88;531
88;532
88;533
88;534
88;535
88;536
89;403
89;404
89;405
89;406
89;407
89;408
89;409
89;410
89;411
89;412
89;413
89;414
89;415
89;416
89;417
89;418
89;419
89;420
89;421
89;422
89;423
89;424
89;425
89;426
89;427
89;428
89;429
89;430
89;431
89;432
89;433
89;434
89;435
89;436
89;437
89;438
89;439
89;440
89;441
89;442
89;443
89;444
89;445
89;446
89;447
89;448
89;449
89;450
89;451
89;452
89;453
89;454
89;485
89;486
89;487
89;488
89;489
89;490
89;491
89;492
89;493
89;494
89;495
89;496
89;497
89;498
89;499
89;500
89;501
89;502
89;503
89;504
89;505
89;506
89;507
89;508
89;509
89;510
89;511
89;512
89;513
89;514
89;515
89;516
89;517
89;518
89;519
89;520
89;521
89;522
89;523
89;524
89;525
89;526
89;527
89;528
89;529
89;530
89;531
89;532
89;533
89;534
89;535
89;536
90;403
90;404
90;405
90;406
90;407
90;408
90;409
90;410
90;411
90;412
90;413
90;414
90;415
90;416
90;417
90;418
90;419
90;420
90;421
90;422
90;423
90;424
90;425
90;426
90;427
90;428
90;429
90;430
90;431
90;432
90;433
90;434
90;435
90;436
90;437
90;438
90;439
90;440
90;441
90;442
90;443
90;444
90;445
90;446
90;447
90;448
90;449
90;450
90;451
90;452
90;453
90;454
90;455
90;486
90;487
90;488
90;489
90;490
90;491
90;492
90;493
90;494
90;495
90;496
90;497
90;498
90;499
90;500
90;501
90;502
90;503
90;504
90;505
90;506
90;507
90;508
90;509
90;510
90;511
90;512
90;513
90;514
90;515
90;516
90;517
90;518
90;519
90;520
90;521
90;522
90;523
90;524
90;525
90;526
90;527
90;528
90;529
90;530
90;531
90;532
90;533
90;534
90;535
90;536
91;404
91;405
91;406
91;407
91;408
91;409
91;410
91;411
91;412
91;413
91;414
91;415
91;416
91;417
91;418
91;419
91;420
91;421
91;422
91;423
91;424
91;425
91;426
91;427
91;428
91;429
91;430
91;431
91;432
91;433
91;434
91;435
91;436
91;437
91;438
91;439
91;440
91;441
91;442
91;443
91;444
91;445
91;446
91;447
91;448
91;449
91;450
91;451
91;452
91;453
91;454
91;455
91;486
91;487
91;488
91;489
91;490
91;491
91;492
91;493
91;494
91;495
91;496
91;497
91;498
91;499
91;500
91;501
91;502
91;503
91;504
91;505
91;506
91;507
91;508
91;509
91;510
91;511
91;512
91;513
91;514
91;515
91;516
91;517
91;518
91;519
91;520
91;521
91;522
91;523
91;524
91;525
91;526
91;527
91;528
91;529
91;530
91;531
91;532
91;533
91;534
91;535
91;536
92;404
92;405
92;406
92;407
92;408
92;409
92;410
92;411
92;412
92;413
92;414
92;415
92;416
92;417
92;418
92;419
92;420
92;421
92;422
92;423
92;424
92;425
92;426
92;427
92;428
92;429
92;430
92;431
92;432
92;433
92;434
92;435
92;436
92;437
92;438
92;439
92;440
92;441
92;442
92;443
92;444
92;445
92;446
92;447
92;448
92;449
92;450
92;451
92;452
92;453
92;454
92;455
92;488
92;489
92;490
92;491
92;492
92;493
92;494
92;495
92;496
92;497
92;498
92;499
92;500
92;501
92;502
92;503
92;504
92;505
92;506
92;507
92;508
92;509
92;510
92;511
92;512
92;513
92;514
92;515
92;516
92;517
92;518
92;519
92;520
92;521
92;522
92;523
92;524
92;525
92;526
92;527
92;528
92;529
92;530
92;531
92;532
92;533
92;534
92;535
92;536
93;404
93;405
93;406
93;407
93;408
93;409
93;410
93;411
93;412
93;413
93;414
93;415
93;416
93;417
93;418
93;419
93;420
93;421
93;422
93;423
93;424
93;425
93;426
93;427
93;428
93;429
93;430
93;431
93;432
93;433
93;434
93;435
93;436
93;437
93;438
93;439
93;440
93;441
93;442
93;443
93;444
93;445
93;446
93;447
93;448
93;449
93;450
93;451
93;452
93;453
93;454
93;455
93;488
93;489
93;490
93;491
93;492
93;493
93;494
93;495
93;496
93;497
93;498
93;499
93;500
93;501
93;502
93;503
93;504
93;505
93;506
93;507
93;508
93;509
93;510
93;511
93;512
93;513
93;514
93;515
93;516
93;517
93;518
93;519
93;520
93;521
93;522
93;523
93;524
93;525
93;526
93;527
93;528
93;529
93;530
93;531
93;532
93;533
93;534
93;535
93;536
94;404
94;405
94;406
94;407
94;408
94;409
94;410
94;411
94;412
94;413
94;414
94;415
94;416
94;417
94;418
94;419
94;420
94;421
94;422
94;423
94;424
94;425
94;426
94;427
94;428
94;429
94;430
94;431
94;432
94;433
94;434
94;435
94;436
94;437
94;438
94;439
94;440
94;441
94;442
94;443
94;444
94;445
94;446
94;447
94;448
94;449
94;450
94;451
94;452
94;453
94;454
94;455
94;489
94;490
94;491
94;492
94;493
94;494
94;495
94;496
94;497
94;498
94;499
94;500
94;501
94;502
94;503
94;504
94;505
94;506
94;507
94;508
94;509
94;510
94;511
94;512
94;513
94;514
94;515
94;516
94;517
94;518
94;519
94;520
94;521
94;522
94;523
94;524
94;525
94;526
94;527
94;528
94;529
94;530
94;531
94;532
94;533
94;534
94;535
94;536
95;404
95;405
95;406
95;407
95;408
95;409
95;410
95;411
95;412
95;413
95;414
95;415
95;416
95;417
95;418
95;419
95;420
95;421
95;422
95;423
95;424
95;425
95;426
95;427
95;428
95;429
95;430
95;431
95;432
95;433
95;434
95;435
95;436
95;437
95;438
95;439
95;440
95;441
95;442
95;443
95;444
95;445
95;446
95;447
95;448
95;449
95;450
95;451
95;452
95;453
95;454
95;455
95;456
95;490
95;491
95;492
95;493
95;494
95;495
95;496
95;497
95;498
95;499
95;500
95;501
95;502
95;503
95;504
95;505
95;506
95;507
95;508
95;509
95;510
95;511
95;512
95;513
95;514
95;515
95;516
95;517
95;518
95;519
95;520
95;521
95;522
95;523
95;524
95;525
95;526
95;527
95;528
95;529
95;530
95;531
95;532
95;533
95;534
95;535
95;536
96;405
96;406
96;407
96;408
96;409
96;410
96;411
96;412
96;413
96;414
96;415
96;416
96;417
96;418
96;419
96;420
96;421
96;422
96;423
96;424
96;425
96;426
96;427
96;428
96;429
96;430
96;431
96;432
96;433
96;434
96;435
96;436
96;437
96;438
96;439
96;440
96;441
96;442
96;443
96;444
96;445
96;446
96;447
96;448
96;449
96;450
96;451
96;452
96;453
96;454
96;455
96;456
96;492
96;493
96;494
96;495
96;496
96;497
96;498
96;499
96;500
96;501
96;502
96;503
96;504
96;505
96;506
96;507
96;508
96;509
96;510
96;511
96;512
96;513
96;514
96;515
96;516
96;517
96;518
96;519
96;520
96;521
96;522
96;523
96;524
96;525
96;526
96;527
96;528
96;529
96;530
96;531
96;532
96;533
96;534
96;535
96;536
97;405
97;406
97;407
97;408
97;409
97;410
97;411
97;412
97;413
97;414
97;415
97;416
97;417
97;418
97;419
97;420
97;421
97;422
97;423
97;424
97;425
97;426
97;427
97;428
97;429
97;430
97;431
97;432
97;433
97;434
97;435
97;436
97;437
97;438
97;439
97;440
97;441
97;442
97;443
97;444
97;445
97;446
97;447
97;448
97;449
97;450
97;451
97;452
97;453
97;454
97;455
97;456
97;492
97;493
97;494
97;495
97;496
97;497
97;498
97;499
97;500
97;501
97;502
97;503
97;504
97;505
97;506
97;507
97;508
97;509
97;510
97;511
97;512
97;513
97;514
97;515
97;516
97;517
97;518
97;519
97;520
97;521
97;522
97;523
97;524
97;525
97;526
97;527
97;528
97;529
97;530
97;531
97;532
97;533
97;534
97;535
97;536
98;405
98;406
98;407
98;408
98;409
98;410
98;411
98;412
98;413
98;414
98;415
98;416
98;417
98;418
98;419
98;420
98;421
98;422
98;423
98;424
98;425
98;426
98;427
98;428
98;429
98;430
98;431
98;432
98;433
98;434
98;435
98;436
98;437
98;438
98;439
98;440
98;441
98;442
98;443
98;444
98;445
98;446
98;447
98;448
98;449
98;450
98;451
98;452
98;453
98;454
98;456
98;494
98;495
98;496
98;497
98;498
98;499
98;500
98;501
98;502
98;503
98;504
98;505
98;506
98;507
98;508
98;509
98;510
98;511
98;512
98;513
98;514
98;515
98;516
98;517
98;518
98;519
98;520
98;521
98;522
98;523
98;524
98;525
98;526
98;527
98;528
98;529
98;530
98;531
98;532
98;533
98;534
98;535
98;536
99;405
99;406
99;407
99;408
99;409
99;410
99;411
99;412
99;413
99;414
99;415
99;416
99;417
99;418
99;419
99;420
99;421
99;422
99;423
99;424
99;425
99;426
99;427
99;428
99;429
99;430
99;431
99;432
99;433
99;434
99;435
99;436
99;437
99;438
99;439
99;440
99;441
99;442
99;443
99;444
99;445
99;446
99;447
99;448
99;450
99;496
99;497
99;498
99;499
99;500
99;501
99;502
99;503
99;504
99;505
99;506
99;507
99;508
99;509
99;510
99;511
99;512
99;513
99;514
99;515
99;516
99;517
99;518
99;519
99;520
99;521
99;522
99;523
99;524
99;525
99;526
99;527
99;528
99;529
99;530
99;531
99;532
99;533
99;534
99;535
99;536
100;406
100;407
100;408
100;409
100;410
100;411
100;412
100;413
100;414
100;415
100;416
100;417
100;418
100;419
100;420
100;421
100;422
100;423
100;424
100;425
100;426
100;427
100;428
100;429
100;430
100;431
100;432
100;433
100;434
100;435
100;436
100;437
100;438
100;439
100;440
100;441
100;442
100;444
100;498
100;499
100;500
100;501
100;502
100;503
100;504
100;505
100;506
100;507
100;508
100;509
100;510
100;511
100;512
100;513
100;514
100;515
100;516
100;517
100;518
100;519
100;520
100;521
100;522
100;523
100;524
100;525
100;526
100;527
100;528
100;529
100;530
100;531
100;532
100;533
100;534
100;535
100;536
101;406
101;407
101;408
101;409
101;410
101;411
101;412
101;413
101;414
101;415
101;416
101;417
101;418
101;419
101;420
101;421
101;422
101;423
101;424
101;425
101;426
101;427
101;428
101;429
101;430
101;431
101;432
101;433
101;434
101;435
101;436
101;438
101;498
101;499
101;500
101;501
101;502
101;503
101;504
101;505
101;506
101;507
101;508
101;509
101;510
101;511
101;512
101;513
101;514
101;515
101;516
101;517
101;518
101;519
101;520
101;521
101;522
101;523
101;524
101;525
101;526
101;527
101;528
101;529
101;530
101;531
101;532
101;533
101;534
101;535
101;536
102;406
102;407
102;408
102;409
102;410
102;411
102;412
102;413
102;414
102;415
102;416
102;417
102;418
102;419
102;420
102;421
102;422
102;423
102;424
102;425
102;426
102;427
102;428
102;429
102;430
102;431
102;432
102;500
102;502
102;503
102;504
102;505
102;506
102;507
102;508
102;509
102;510
102;511
102;512
102;513
102;514
102;515
102;516
102;517
102;518
102;519
102;520
102;521
102;522
102;523
102;524
102;525
102;526
102;527
102;528
102;529
102;530
102;531
102;532
102;533
102;534
102;535
102;536
103;406
103;407
103;408
103;409
103;410
103;411
103;412
103;413
103;414
103;415
103;416
103;417
103;418
103;419
103;420
103;421
103;422
103;423
103;424
103;425
103;426
103;428
103;504
103;505
103;506
103;507
103;508
103;509
103;510
103;511
103;512
103;513
103;514
103;515
103;516
103;517
103;518
103;519
103;520
103;521
103;522
103;523
103;524
103;525
103;526
103;527
103;528
103;529
103;530
103;531
103;532
103;533
103;534
104;407
104;408
104;409
104;410
104;411
104;412
104;413
104;414
104;415
104;416
104;417
104;418
104;419
104;420
104;422
104;506
104;507
104;508
104;509
104;510
104;511
104;512
104;513
104;514
104;515
104;516
104;517
104;518
104;519
104;520
104;521
104;522
104;523
104;524
104;525
104;526
104;527
104;528
104;529
104;530
104;531
104;532
105;227
105;407
105;408
105;409
105;410
105;411
105;412
105;413
105;414
105;416
105;510
105;512
105;513
105;514
105;515
105;516
105;517
105;518
105;519
105;520
105;521
105;522
105;523
105;524
105;525
105;526
105;528
106;225
106;226
106;227
106;228
106;407
106;408
106;410
106;516
106;518
106;520
106;522
107;221
107;223
107;224
107;225
107;226
107;227
107;228
108;219
108;220
108;221
108;222
108;223
108;224
108;225
108;226
108;227
108;228
109;215
109;217
109;218
109;219
109;220
109;221
109;222
109;223
109;224
109;225
109;226
109;227
109;228
110;213
110;214
110;215
110;216
110;217
110;218
110;219
110;220
110;221
110;222
110;223
110;224
110;225
110;226
110;227
110;228
111;209
111;211
111;212
111;213
111;214
111;215
111;216
111;217
111;218
111;219
111;220
111;221
111;222
111;223
111;224
111;225
111;226
111;227
112;97
112;207
112;208
112;209
112;210
112;211
112;212
112;213
112;214
112;215
112;216
112;217
112;218
112;219
112;220
112;221
112;222
112;223
112;224
112;225
112;226
112;227
113;73
113;75
113;77
113;79
113;81
113;83
113;85
113;86
113;87
113;88
113;89
113;90
113;91
113;92
113;93
113;94
113;95
113;96
113;97
113;203
113;205
113;206
113;207
113;208
113;209
113;210
113;211
113;212
113;213
113;214
113;215
113;216
113;217
113;218
113;219
113;220
113;221
113;222
113;223
113;224
113;225
113;226
113;227
114;51
114;53
114;55
114;57
114;59
114;61
114;62
114;63
114;64
114;65
114;66
114;67
114;68
114;69
114;70
114;71
114;72
114;73
114;74
114;75
114;76
114;77
114;78
114;79
114;80
114;81
114;82
114;83
114;84
114;85
114;86
114;87
114;88
114;89
114;90
114;91
114;92
114;93
114;94
114;95
114;96
114;97
114;201
114;202
114;203
114;204
114;205
114;206
114;207
114;208
114;209
114;210
114;211
114;212
114;213
114;214
114;215
114;216
114;217
114;218
114;219
114;220
114;221
114;222
114;223
114;224
114;225
114;226
114;227
115;27
115;29
115;31
115;33
115;35
115;37
115;38
115;39
115;40
115;41
115;42
115;43
115;44
115;45
115;46
115;47
115;48
115;49
115;50
115;51
115;52
115;53
115;54
115;55
115;56
115;57
115;58
115;59
115;60
115;61
115;62
115;63
115;64
115;65
115;66
115;67
115;68
115;69
115;70
115;71
115;72
115;73
115;74
115;75
115;76
115;77
115;78
115;79
115;80
115;81
115;82
115;83
115;84
115;85
115;86
115;87
115;88
115;89
115;90
115;91
115;92
115;93
115;94
115;95
115;96
115;97
115;197
115;199
115;200
115;201
115;202
115;203
115;204
115;205
115;206
115;207
115;208
115;209
115;210
115;211
115;212
115;213
115;214
115;215
115;216
115;217
115;218
115;219
115;220
115;221
115;222
115;223
115;224
115;225
115;226
115;227
116;5
116;7
116;9
116;11
116;13
116;15
116;16
116;17
116;18
116;19
116;20
116;21
116;22
116;23
116;24
116;25
116;26
116;27
116;28
116;29
116;30
116;31
116;32
116;33
116;34
116;35
116;36
116;37
116;38
116;39
116;40
116;41
116;42
116;43
116;44
116;45
116;46
116;47
116;48
116;49
116;50
116;51
116;52
116;53
116;54
116;55
116;56
116;57
116;58
116;59
116;60
116;61
116;62
116;63
116;64
116;65
116;66
116;67
116;68
116;69
116;70
116;71
116;72
116;73
116;74
116;75
116;76
116;77
116;78
116;79
116;80
116;81
116;82
116;83
116;84
116;85
116;86
116;87
116;88
116;89
116;90
116;91
116;92
116;93
116;94
116;95
116;96
116;97
116;195
116;196
116;197
116;198
116;199
116;200
116;201
116;202
116;203
116;204
116;205
116;206
116;207
116;208
116;209
116;210
116;211
116;212
116;213
116;214
116;215
116;216
116;217
116;218
116;219
116;220
116;221
116;222
116;223
116;224
116;225
116;226
117;5
117;6
117;7
117;8
117;9
117;10
117;11
117;12
117;13
117;14
117;15
117;16
117;17
117;18
117;19
117;20
117;21
117;22
117;23
117;24
117;25
117;26
117;27
117;28
117;29
117;30
117;31
117;32
117;33
117;34
117;35
117;36
117;37
117;38
117;39
117;40
117;41
117;42
117;43
117;44
117;45
117;46
117;47
117;48
117;49
117;50
117;51
117;52
117;53
117;54
117;55
117;56
117;57
117;58
117;59
117;60
117;61
117;62
117;63
117;64
117;65
117;66
117;67
117;68
117;69
117;70
117;71
117;72
117;73
117;74
117;75
117;76
117;77
117;78
117;79
117;80
117;81
117;82
117;83
117;84
117;85
117;86
117;87
117;88
117;89
117;90
117;91
117;92
117;93
117;94
117;95
117;96
117;97
117;191
117;193
117;194
117;195
117;196
117;197
117;198
117;199
117;200
117;201
117;202
117;203
117;204
117;205
117;206
117;207
117;208
117;209
117;210
117;211
117;212
117;213
117;214
117;215
117;216
117;217
117;218
117;219
117;220
117;221
117;222
117;223
117;224
117;225
117;226
118;5
118;6
118;7
118;8
118;9
118;10
118;11
118;12
118;13
118;14
118;15
118;16
118;17
118;18
118;19
118;20
118;21
118;22
118;23
118;24
118;25
118;26
118;27
118;28
118;29
118;30
118;31
118;32
118;33
118;34
118;35
118;36
118;37
118;38
118;39
118;40
118;41
118;42
118;43
118;44
118;45
118;46
118;47
118;48
118;49
118;50
118;51
118;52
118;53
118;54
118;55
118;56
118;57
118;58
118;59
118;60
118;61
118;62
118;63
118;64
118;65
118;66
118;67
118;68
118;69
118;70
118;71
118;72
118;73
118;74
118;75
118;76
118;77
118;78
118;79
118;80
118;81
118;82
118;83
118;84
118;85
118;86
118;87
118;88
118;89
118;90
118;91
118;92
118;93
118;94
118;95
118;96
118;97
118;189
118;190
118;191
118;192
118;193
118;194
118;195
118;196
118;197
118;198
118;199
118;200
118;201
118;202
118;203
118;204
118;205
118;206
118;207
118;208
118;209
118;210
118;211
118;212
118;213
118;214
118;215
118;216
118;217
118;218
118;219
118;220
118;221
118;222
118;223
118;224
118;225
118;226
119;5
119;6
119;7
119;8
119;9
119;10
119;11
119;12
119;13
119;14
119;15
119;16
119;17
119;18
119;19
119;20
119;21
119;22
119;23
119;24
119;25
119;26
119;27
119;28
119;29
119;30
119;31
119;32
119;33
119;34
119;35
119;36
119;37
119;38
119;39
119;40
119;41
119;42
119;43
119;44
119;45
119;46
119;47
119;48
119;49
119;50
119;51
119;52
119;53
119;54
119;55
119;56
119;57
119;58
119;59
119;60
119;61
119;62
119;63
119;64
119;65
119;66
119;67
119;68
119;69
119;70
119;71
119;72
119;73
119;74
119;75
119;76
119;77
119;78
119;79
119;80
119;81
119;82
119;83
119;84
119;85
119;86
119;87
119;88
119;89
119;90
119;91
119;92
119;93
119;94
119;95
119;96
119;97
119;185
119;187
119;188
119;189
119;190
119;191
119;192
119;193
119;194
119;195
119;196
119;197
119;198
119;199
119;200
119;201
119;202
119;203
119;204
119;205
119;206
119;207
119;208
119;209
119;210
119;211
119;212
119;213
119;214
119;215
119;216
119;217
119;218
119;219
119;220
119;221
119;222
119;223
119;224
119;225
119;226
120;5
120;6
120;7
120;8
120;9
120;10
120;11
120;12
120;13
120;14
120;15
120;16
120;17
120;18
120;19
120;20
120;21
120;22
120;23
120;24
120;25
120;26
120;27
120;28
120;29
120;30
120;31
120;32
120;33
120;34
120;35
120;36
120;37
120;38
120;39
120;40
120;41
120;42
120;43
120;44
120;45
120;46
120;47
120;48
120;49
120;50
120;51
120;52
120;53
120;54
120;55
120;56
120;57
120;58
120;59
120;60
120;61
120;62
120;63
120;64
120;65
120;66
120;67
120;68
120;69
120;70
120;71
120;72
120;73
120;74
120;75
120;76
120;77
120;78
120;79
120;80
120;81
120;82
120;83
120;84
120;85
120;86
120;87
120;88
120;89
120;90
120;91
120;92
120;93
120;94
120;95
120;96
120;97
120;183
120;184
120;185
120;186
120;187
120;188
120;189
120;190
120;191
120;192
120;193
120;194
120;195
120;196
120;197
120;198
120;199
120;200
120;201
120;202
120;203
120;204
120;205
120;206
120;207
120;208
120;209
120;210
120;211
120;212
120;213
120;214
120;215
120;216
120;217
120;218
120;219
120;220
120;221
120;222
120;223
120;224
120;225
120;226
121;5
121;6
121;7
121;8
121;9
121;10
121;11
121;12
121;13
121;14
121;15
121;16
121;17
121;18
121;19
121;20
121;21
121;22
121;23
121;24
121;25
121;26
121;27
121;28
121;29
121;30
121;31
121;32
121;33
121;34
121;35
121;36
121;37
121;38
121;39
121;40
121;41
121;42
121;43
121;44
121;45
121;46
121;47
121;48
121;49
121;50
121;51
121;52
121;53
121;54
121;55
121;56
121;57
121;58
121;59
121;60
121;61
121;62
121;63
121;64
121;65
121;66
121;67
121;68
121;69
121;70
121;71
121;72
121;73
121;74
121;75
121;76
121;77
121;78
121;79
121;80
121;81
121;82
121;83
121;84
121;85
121;86
121;87
121;88
121;89
121;90
121;91
121;92
121;93
121;94
121;95
121;96
121;97
121;179
121;181
121;182
121;183
121;184
121;185
121;186
121;187
121;188
121;189
121;190
121;191
121;192
121;193
121;194
121;195
121;196
121;197
121;198
121;199
121;200
121;201
121;202
121;203
121;204
121;205
121;206
121;207
121;208
121;209
121;210
121;211
121;212
121;213
121;214
121;215
121;216
121;217
121;218
121;219
121;220
121;221
121;222
121;223
121;224
121;225
121;226
122;5
122;6
122;7
122;8
122;9
122;10
122;11
122;12
122;13
122;14
122;15
122;16
122;17
122;18
122;19
122;20
122;21
122;22
122;23
122;24
122;25
122;26
122;27
122;28
122;29
122;30
122;31
122;32
122;33
122;34
122;35
122;36
122;37
122;38
122;39
122;40
122;41
122;42
122;43
122;44
122;45
122;46
122;47
122;48
122;49
122;50
122;51
122;52
122;53
122;54
122;55
122;56
122;57
122;58
122;59
122;60
122;61
122;62
122;63
122;64
122;65
122;66
122;67
122;68
122;69
122;70
122;71
122;72
122;73
122;74
122;75
122;76
122;77
122;78
122;79
122;80
122;81
122;82
122;83
122;84
122;85
122;86
122;87
122;88
122;89
122;90
122;91
122;92
122;93
122;94
122;95
122;96
122;97
122;177
122;178
122;179
122;180
122;181
122;182
122;183
122;184
122;185
122;186
122;187
122;188
122;189
122;190
122;191
122;192
122;193
122;194
122;195
122;196
122;197
122;198
122;199
122;200
122;201
122;202
122;203
122;204
122;205
122;206
122;207
122;208
122;209
122;210
122;211
122;212
122;213
122;214
122;215
122;216
122;217
122;218
122;219
122;220
122;221
122;222
122;223
122;224
122;225
123;5
123;6
123;7
123;8
123;9
123;10
123;11
123;12
123;13
123;14
123;15
123;16
123;17
123;18
123;19
123;20
123;21
123;22
123;23
123;24
123;25
123;26
123;27
123;28
123;29
123;30
123;31
123;32
123;33
123;34
123;35
123;36
123;37
123;38
123;39
123;40
123;41
123;42
123;43
123;44
123;45
123;46
123;47
123;48
123;49
123;50
123;51
123;52
123;53
123;54
123;55
123;56
123;57
123;58
123;59
123;60
123;61
123;62
123;63
123;64
123;65
123;66
123;67
123;68
123;69
123;70
123;71
123;72
123;73
123;74
123;75
123;76
123;77
123;78
123;79
123;80
123;81
123;82
123;83
123;84
123;85
123;86
123;87
123;88
123;89
123;90
123;91
123;92
123;93
123;94
123;95
123;96
123;97
123;173
123;175
123;176
123;177
123;178
123;179
123;180
123;181
123;182
123;183
123;184
123;185
123;186
123;187
123;188
123;189
123;190
123;191
123;192
123;193
123;194
123;195
123;196
123;197
123;198
123;199
123;200
123;201
123;202
123;203
123;204
123;205
123;206
123;207
123;208
123;209
123;210
123;211
123;212
123;213
123;214
123;215
123;216
123;217
123;218
123;219
123;220
123;221
123;222
123;223
123;224
123;225
124;5
124;6
124;7
124;8
124;9
124;10
124;11
124;12
124;13
124;14
124;15
124;16
124;17
124;18
124;19
124;20
124;21
124;22
124;23
124;24
124;25
124;26
124;27
124;28
124;29
124;30
124;31
124;32
124;33
124;34
124;35
124;36
124;37
124;38
124;39
124;40
124;41
124;42
124;43
124;44
124;45
124;46
124;47
124;48
124;49
124;50
124;51
124;52
124;53
124;54
124;55
124;56
124;57
124;58
124;59
124;60
124;61
124;62
124;63
124;64
124;65
124;66
124;67
124;68
124;69
124;70
124;71
124;72
124;73
124;74
124;75
124;76
124;77
124;78
124;79
124;80
124;81
124;82
124;83
124;84
124;85
124;86
124;87
124;88
124;89
124;90
124;91
124;92
124;93
124;94
124;95
124;96
124;97
124;171
124;172
124;173
124;174
124;175
124;176
124;177
124;178
124;179
124;180
124;181
124;182
124;183
124;184
124;185
124;186
124;187
124;188
124;189
124;190
124;191
124;192
124;193
124;194
124;195
124;196
124;197
124;198
124;199
124;200
124;201
124;202
124;203
124;204
124;205
124;206
124;207
124;208
124;209
124;210
124;211
124;212
124;213
124;214
124;215
124;216
124;217
124;218
124;219
124;220
124;221
124;222
124;223
124;224
124;225
125;5
125;6
125;7
125;8
125;9
125;10
125;11
125;12
125;13
125;14
125;15
125;16
125;17
125;18
125;19
125;20
125;21
125;22
125;23
125;24
125;25
125;26
125;27
125;28
125;29
125;30
125;31
125;32
125;33
125;34
125;35
125;36
125;37
125;38
125;39
125;40
125;41
125;42
125;43
125;44
125;45
125;46
125;47
125;48
125;49
125;50
125;51
125;52
125;53
125;54
125;55
125;56
125;57
125;58
125;59
125;60
125;61
125;62
125;63
125;64
125;65
125;66
125;67
125;68
125;69
125;70
125;71
125;72
125;73
125;74
125;75
125;76
125;77
125;78
125;79
125;80
125;81
125;82
125;83
125;84
125;85
125;86
125;87
125;88
125;89
125;90
125;91
125;92
125;93
125;94
125;95
125;96
125;97
125;167
125;169
125;170
125;171
125;172
125;173
125;174
125;175
125;176
125;177
125;178
125;179
125;180
125;181
125;182
125;183
125;184
125;185
125;186
125;187
125;188
125;189
125;190
125;191
125;192
125;193
125;194
125;195
125;196
125;197
125;198
125;199
125;200
125;201
125;202
125;203
125;204
125;205
125;206
125;207
125;208
125;209
125;210
125;211
125;212
125;213
125;214
125;215
125;216
125;217
125;218
125;219
125;220
125;221
125;222
125;223
125;224
125;225
126;5
126;6
126;7
126;8
126;9
126;10
126;11
126;12
126;13
126;14
126;15
126;16
126;17
126;18
126;19
126;20
126;21
126;22
126;23
126;24
126;25
126;26
126;27
126;28
126;29
126;30
126;31
126;32
126;33
126;34
126;35
126;36
126;37
126;38
126;39
126;40
126;41
126;42
126;43
126;44
126;45
126;46
126;47
126;48
126;49
126;50
126;51
126;52
126;53
126;54
126;55
126;56
126;57
126;58
126;59
126;60
126;61
126;62
126;63
126;64
126;65
126;66
126;67
126;68
126;69
126;70
126;71
126;72
126;73
126;74
126;75
126;76
126;77
126;78
126;79
126;80
126;81
126;82
126;83
126;84
126;85
126;86
126;87
126;88
126;89
126;90
126;91
126;92
126;93
126;94
126;95
126;96
126;97
126;165
126;166
126;167
126;168
126;169
126;170
126;171
126;172
126;173
126;174
126;175
126;176
126;177
126;178
126;179
126;180
126;181
126;182
126;183
126;184
126;185
126;186
126;187
126;188
126;189
126;190
126;191
126;192
126;193
126;194
126;195
126;196
126;197
126;198
126;199
126;200
126;201
126;202
126;203
126;204
126;205
126;206
126;207
126;208
126;209
126;210
126;211
126;212
126;213
126;214
126;215
126;216
126;217
126;218
126;219
126;220
126;221
126;222
126;223
126;224
126;225
127;5
127;6
127;7
127;8
127;9
127;10
127;11
127;12
127;13
127;14
127;15
127;16
127;17
127;18
127;19
127;20
127;21
127;22
127;23
127;24
127;25
127;26
127;27
127;28
127;29
127;30
127;31
127;32
127;33
127;34
127;35
127;36
127;37
127;38
127;39
127;40
127;41
127;42
127;43
127;44
127;45
127;46
127;47
127;48
127;49
127;50
127;51
127;52
127;53
127;54
127;55
127;56
127;57
127;58
127;59
127;60
127;61
127;62
127;63
127;64
127;65
127;66
127;67
127;68
127;69
127;70
127;71
127;72
127;73
127;74
127;75
127;76
127;77
127;78
127;79
127;80
127;81
127;82
127;83
127;84
127;85
127;86
127;87
127;88
127;89
127;90
127;91
127;92
127;93
127;94
127;95
127;96
127;97
127;161
127;163
127;164
127;165
127;166
127;167
127;168
127;169
127;170
127;171
127;172
127;173
127;174
127;175
127;176
127;177
127;178
127;179
127;180
127;181
127;182
127;183
127;184
127;185
127;186
127;187
127;188
127;189
127;190
127;191
127;192
127;193
127;194
127;195
127;196
127;197
127;198
127;199
127;200
127;201
127;202
127;203
127;204
127;205
127;206
127;207
127;208
127;209
127;210
127;211
127;212
127;213
127;214
127;215
127;216
127;217
127;218
127;219
127;220
127;221
127;222
127;223
127;224
128;6
128;7
128;8
128;9
128;10
128;11
128;12
128;13
128;14
128;15
128;16
128;17
128;18
128;19
128;20
128;21
128;22
128;23
128;24
128;25
128;26
128;27
128;28
128;29
128;30
128;31
128;32
128;33
128;34
128;35
128;36
128;37
128;38
128;39
128;40
128;41
128;42
128;43
128;44
128;45
128;46
128;47
128;48
128;49
128;50
128;51
128;52
128;53
128;54
128;55
128;56
128;57
128;58
128;59
128;60
128;61
128;62
128;63
128;64
128;65
128;66
128;67
128;68
128;69
128;70
128;71
128;72
128;73
128;74
128;75
128;76
128;77
128;78
128;79
128;80
128;81
128;82
128;83
128;84
128;85
128;86
128;87
128;88
128;89
128;90
128;91
128;92
128;93
128;94
128;95
128;96
128;97
128;98
128;159
128;160
128;161
128;162
128;163
128;164
128;165
128;166
128;167
128;168
128;169
128;170
128;171
128;172
128;173
128;174
128;175
128;176
128;177
128;178
128;179
128;180
128;181
128;182
128;183
128;184
128;185
128;186
128;187
128;188
128;189
128;190
128;191
128;192
128;193
128;194
128;195
128;196
128;197
128;198
128;199
128;200
128;201
128;202
128;203
128;204
128;205
128;206
128;207
128;208
128;209
128;210
128;211
128;212
128;213
128;214
128;215
128;216
128;217
128;218
128;219
128;220
128;221
128;222
128;223
128;224
129;6
129;7
129;8
129;9
129;10
129;11
129;12
129;13
129;14
129;15
129;16
129;17
129;18
129;19
129;20
129;21
129;22
129;23
129;24
129;25
129;26
129;27
129;28
129;29
129;30
129;31
129;32
129;33
129;34
129;35
129;36
129;37
129;38
129;39
129;40
129;41
129;42
129;43
129;44
129;45
129;46
129;47
129;48
129;49
129;50
129;51
129;52
129;53
129;54
129;55
129;56
129;57
129;58
129;59
129;60
129;61
129;62
129;63
129;64
129;65
129;66
129;67
129;68
129;69
129;70
129;71
129;72
129;73
129;74
129;75
129;76
129;77
129;78
129;79
129;80
129;81
129;82
129;83
129;84
129;85
129;86
129;87
129;88
129;89
129;90
129;91
129;92
129;93
129;94
129;95
129;96
129;97
129;98
129;157
129;158
129;159
129;160
129;161
129;162
129;163
129;164
129;165
129;166
129;167
129;168
129;169
129;170
129;171
129;172
129;173
129;174
129;175
129;176
129;177
129;178
129;179
129;180
129;181
129;182
129;183
129;184
129;185
129;186
129;187
129;188
129;189
129;190
129;191
129;192
129;193
129;194
129;195
129;196
129;197
129;198
129;199
129;200
129;201
129;202
129;203
129;204
129;205
129;206
129;207
129;208
129;209
129;210
129;211
129;212
129;213
129;214
129;215
129;216
129;217
129;218
129;219
129;220
129;221
129;222
129;223
129;224
130;6
130;7
130;8
130;9
130;10
130;11
130;12
130;13
130;14
130;15
130;16
130;17
130;18
130;19
130;20
130;21
130;22
130;23
130;24
130;25
130;26
130;27
130;28
130;29
130;30
130;31
130;32
130;33
130;34
130;35
130;36
130;37
130;38
130;39
130;40
130;41
130;42
130;43
130;44
130;45
130;46
130;47
130;48
130;49
130;50
130;51
130;52
130;53
130;54
130;55
130;56
130;57
130;58
130;59
130;60
130;61
130;62
130;63
130;64
130;65
130;66
130;67
130;68
130;69
130;70
130;71
130;72
130;73
130;74
130;75
130;76
130;77
130;78
130;79
130;80
130;81
130;82
130;83
130;84
130;85
130;86
130;87
130;88
130;89
130;90
130;91
130;92
130;93
130;94
130;95
130;96
130;97
130;98
130;158
130;159
130;160
130;161
130;162
130;163
130;164
130;165
130;166
130;167
130;168
130;169
130;170
130;171
130;172
130;173
130;174
130;175
130;176
130;177
130;178
130;179
130;180
130;181
130;182
130;183
130;184
130;185
130;186
130;187
130;188
130;189
130;190
130;191
130;192
130;193
130;194
130;195
130;196
130;197
130;198
130;199
130;200
130;201
130;202
130;203
130;204
130;205
130;206
130;207
130;208
130;209
130;210
130;211
130;212
130;213
130;214
130;215
130;216
130;217
130;218
130;219
130;220
130;221
130;222
130;223
130;224
131;6
131;7
131;8
131;9
131;10
131;11
131;12
131;13
131;14
131;15
131;16
131;17
131;18
131;19
131;20
131;21
131;22
131;23
131;24
131;25
131;26
131;27
131;28
131;29
131;30
131;31
131;32
131;33
131;34
131;35
131;36
131;37
131;38
131;39
131;40
131;41
131;42
131;43
131;44
131;45
131;46
131;47
131;48
131;49
131;50
131;51
131;52
131;53
131;54
131;55
131;56
131;57
131;58
131;59
131;60
131;61
131;62
131;63
131;64
131;65
131;66
131;67
131;68
131;69
131;70
131;71
131;72
131;73
131;74
131;75
131;76
131;77
131;78
131;79
131;80
131;81
131;82
131;83
131;84
131;85
131;86
131;87
131;88
131;89
131;90
131;91
131;92
131;93
131;94
131;95
131;96
131;97
131;98
131;160
131;161
131;162
131;163
131;164
131;165
131;166
131;167
131;168
131;169
131;170
131;171
131;172
131;173
131;174
131;175
131;176
131;177
131;178
131;179
131;180
131;181
131;182
131;183
131;184
131;185
131;186
131;187
131;188
131;189
131;190
131;191
131;192
131;193
131;194
131;195
131;196
131;197
131;198
131;199
131;200
131;201
131;202
131;203
131;204
131;205
131;206
131;207
131;208
131;209
131;210
131;211
131;212
131;213
131;214
131;215
131;216
131;217
131;218
131;219
131;220
131;221
131;222
131;223
131;224
132;6
132;7
132;8
132;9
132;10
132;11
132;12
132;13
132;14
132;15
132;16
132;17
132;18
132;19
132;20
132;21
132;22
132;23
132;24
132;25
132;26
132;27
132;28
132;29
132;30
132;31
132;32
132;33
132;34
132;35
132;36
132;37
132;38
132;39
132;40
132;41
132;42
132;43
132;44
132;45
132;46
132;47
132;48
132;49
132;50
132;51
132;52
132;53
132;54
132;55
132;56
132;57
132;58
132;59
132;60
132;61
132;62
132;63
132;64
132;65
132;66
132;67
132;68
132;69
132;70
132;71
132;72
132;73
132;74
132;75
132;76
132;77
132;78
132;79
132;80
132;81
132;82
132;83
132;84
132;85
132;86
132;87
132;88
132;89
132;90
132;91
132;92
132;93
132;94
132;95
132;96
132;97
132;98
132;162
132;163
132;164
132;165
132;166
132;167
132;168
132;169
132;170
132;171
132;172
132;173
132;174
132;175
132;176
132;177
132;178
132;179
132;180
132;181
132;182
132;183
132;184
132;185
132;186
132;187
132;188
132;189
132;190
132;191
132;192
132;193
132;194
132;195
132;196
132;197
132;198
132;199
132;200
132;201
132;202
132;203
132;204
132;205
132;206
132;207
132;208
132;209
132;210
132;211
132;212
132;213
132;214
132;215
132;216
132;217
132;218
132;219
132;220
132;221
132;222
132;223
132;224
133;6
133;7
133;8
133;9
133;10
133;11
133;12
133;13
133;14
133;15
133;16
133;17
133;18
133;19
133;20
133;21
133;22
133;23
133;24
133;25
133;26
133;27
133;28
133;29
133;30
133;31
133;32
133;33
133;34
133;35
133;36
133;37
133;38
133;39
133;40
133;41
133;42
133;43
133;44
133;45
133;46
133;47
133;48
133;49
133;50
133;51
133;52
133;53
133;54
133;55
133;56
133;57
133;58
133;59
133;60
133;61
133;62
133;63
133;64
133;65
133;66
133;67
133;68
133;69
133;70
133;71
133;72
133;73
133;74
133;75
133;76
133;77
133;78
133;79
133;80
133;81
133;82
133;83
133;84
133;85
133;86
133;87
133;88
133;89
133;90
133;91
133;92
133;93
133;94
133;95
133;96
133;97
133;98
133;162
133;163
133;164
133;165
133;166
133;167
133;168
133;169
133;170
133;171
133;172
133;173
133;174
133;175
133;176
133;177
133;178
133;179
133;180
133;181
133;182
133;183
133;184
133;185
133;186
133;187
133;188
133;189
133;190
133;191
133;192
133;193
133;194
133;195
133;196
133;197
133;198
133;199
133;200
133;201
133;202
133;203
133;204
133;205
133;206
133;207
133;208
133;209
133;210
133;211
133;212
133;213
133;214
133;215
133;216
133;217
133;218
133;219
133;220
133;221
133;222
133;223
134;6
134;7
134;8
134;9
134;10
134;11
134;12
134;13
134;14
134;15
134;16
134;17
134;18
134;19
134;20
134;21
134;22
134;23
134;24
134;25
134;26
134;27
134;28
134;29
134;30
134;31
134;32
134;33
134;34
134;35
134;36
134;37
134;38
134;39
134;40
134;41
134;42
134;43
134;44
134;45
134;46
134;47
134;48
134;49
134;50
134;51
134;52
134;53
134;54
134;55
134;56
134;57
134;58
134;59
134;60
134;61
134;62
134;63
134;64
134;65
134;66
134;67
134;68
134;69
134;70
134;71
134;72
134;73
134;74
134;75
134;76
134;77
134;78
134;79
134;80
134;81
134;82
134;83
134;84
134;85
134;86
134;87
134;88
134;89
134;90
134;91
134;92
134;93
134;94
134;95
134;96
134;97
134;98
134;164
134;165
134;166
134;167
134;168
134;169
134;170
134;171
134;172
134;173
134;174
134;175
134;176
134;177
134;178
134;179
134;180
134;181
134;182
134;183
134;184
134;185
134;186
134;187
134;188
134;189
134;190
134;191
134;192
134;193
134;194
134;195
134;196
134;197
134;198
134;199
134;200
134;201
134;202
134;203
134;204
134;205
134;206
134;207
134;208
134;209
134;210
134;211
134;212
134;213
134;214
134;215
134;216
134;217
134;218
134;219
134;220
134;221
134;222
134;223
135;6
135;7
135;8
135;9
135;10
135;11
135;12
135;13
135;14
135;15
135;16
135;17
135;18
135;19
135;20
135;21
135;22
135;23
135;24
135;25
135;26
135;27
135;28
135;29
135;30
135;31
135;32
135;33
135;34
135;35
135;36
135;37
135;38
135;39
135;40
135;41
135;42
135;43
135;44
135;45
135;46
135;47
135;48
135;49
135;50
135;51
135;52
135;53
135;54
135;55
135;56
135;57
135;58
135;59
135;60
135;61
135;62
135;63
135;64
135;65
135;66
135;67
135;68
135;69
135;70
135;71
135;72
135;73
135;74
135;75
135;76
135;77
135;78
135;79
135;80
135;81
135;82
135;83
135;84
135;85
135;86
135;87
135;88
135;89
135;90
135;91
135;92
135;93
135;94
135;95
135;96
135;97
135;98
135;166
135;167
135;168
135;169
135;170
135;171
135;172
135;173
135;174
135;175
135;176
135;177
135;178
135;179
135;180
135;181
135;182
135;183
135;184
135;185
135;186
135;187
135;188
135;189
135;190
135;191
135;192
135;193
135;194
135;195
135;196
135;197
135;198
135;199
135;200
135;201
135;202
135;203
135;204
135;205
135;206
135;207
135;208
135;209
135;210
135;211
135;212
135;213
135;214
135;215
135;216
135;217
135;218
135;219
135;220
135;221
135;222
135;223
136;6
136;7
136;8
136;9
136;10
136;11
136;12
136;13
136;14
136;15
136;16
136;17
136;18
136;19
136;20
136;21
136;22
136;23
136;24
136;25
136;26
136;27
136;28
136;29
136;30
136;31
136;32
136;33
136;34
136;35
136;36
136;37
136;38
136;39
136;40
136;41
136;42
136;43
136;44
136;45
136;46
136;47
136;48
136;49
136;50
136;51
136;52
136;53
136;54
136;55
136;56
136;57
136;58
136;59
136;60
136;61
136;62
136;63
136;64
136;65
136;66
136;67
136;68
136;69
136;70
136;71
136;72
136;73
136;74
136;75
136;76
136;77
136;78
136;79
136;80
136;81
136;82
136;83
136;84
136;85
136;86
136;87
136;88
136;89
136;90
136;91
136;92
136;93
136;94
136;95
136;96
136;97
136;98
136;167
136;168
136;169
136;170
136;171
136;172
136;173
136;174
136;175
136;176
136;177
136;178
136;179
136;180
136;181
136;182
136;183
136;184
136;185
136;186
136;187
136;188
136;189
136;190
136;191
136;192
136;193
136;194
136;195
136;196
136;197
136;198
136;199
136;200
136;201
136;202
136;203
136;204
136;205
136;206
136;207
136;208
136;209
136;210
136;211
136;212
136;213
136;214
136;215
136;216
136;217
136;218
136;219
136;220
136;221
136;222
136;223
137;6
137;7
137;8
137;9
137;10
137;11
137;12
137;13
137;14
137;15
137;16
137;17
137;18
137;19
137;20
137;21
137;22
137;23
137;24
137;25
137;26
137;27
137;28
137;29
137;30
137;31
137;32
137;33
137;34
137;35
137;36
137;37
137;38
137;39
137;40
137;41
137;42
137;43
137;44
137;45
137;46
137;47
137;48
137;49
137;50
137;51
137;52
137;53
137;54
137;55
137;56
137;57
137;58
137;59
137;60
137;61
137;62
137;63
137;64
137;65
137;66
137;67
137;68
137;69
137;70
137;71
137;72
137;73
137;74
137;75
137;76
137;77
137;78
137;79
137;80
137;81
137;82
137;83
137;84
137;85
137;86
137;87
137;88
137;89
137;90
137;91
137;92
137;93
137;94
137;95
137;96
137;97
137;98
137;168
137;169
137;170
137;171
137;172
137;173
137;174
137;175
137;176
137;177
137;178
137;179
137;180
137;181
137;182
137;183
137;184
137;185
137;186
137;187
137;188
137;189
137;190
137;191
137;192
137;193
137;194
137;195
137;196
137;197
137;198
137;199
137;200
137;201
137;202
137;203
137;204
137;205
137;206
137;207
137;208
137;209
137;210
137;211
137;212
137;213
137;214
137;215
137;216
137;217
137;218
137;219
137;220
137;221
137;222
137;223
138;6
138;7
138;8
138;9
138;10
138;11
138;12
138;13
138;14
138;15
138;16
138;17
138;18
138;19
138;20
138;21
138;22
138;23
138;24
138;25
138;26
138;27
138;28
138;29
138;30
138;31
138;32
138;33
138;34
138;35
138;36
138;37
138;38
138;39
138;40
138;41
138;42
138;43
138;44
138;45
138;46
138;47
138;48
138;49
138;50
138;51
138;52
138;53
138;54
138;55
138;56
138;57
138;58
138;59
138;60
138;61
138;62
138;63
138;64
138;65
138;66
138;67
138;68
138;69
138;70
138;71
138;72
138;73
138;74
138;75
138;76
138;77
138;78
138;79
138;80
138;81
138;82
138;83
138;84
138;85
138;86
138;87
138;88
138;89
138;90
138;91
138;92
138;93
138;94
138;95
138;96
138;97
138;98
138;170
138;171
138;172
138;173
138;174
138;175
138;176
138;177
138;178
138;179
138;180
138;181
138;182
138;183
138;184
138;185
138;186
138;187
138;188
138;189
138;190
138;191
138;192
138;193
138;194
138;195
138;196
138;197
138;198
138;199
138;200
138;201
138;202
138;203
138;204
138;205
138;206
138;207
138;208
138;209
138;210
138;211
138;212
138;213
138;214
138;215
138;216
138;217
138;218
138;219
138;220
138;221
138;222
139;6
139;7
139;8
139;9
139;10
139;11
139;12
139;13
139;14
139;15
139;16
139;17
139;18
139;19
139;20
139;21
139;22
139;23
139;24
139;25
139;26
139;27
139;28
139;29
139;30
139;31
139;32
139;33
139;34
139;35
139;36
139;37
139;38
139;39
139;40
139;41
139;42
139;43
139;44
139;45
139;46
139;47
139;48
139;49
139;50
139;51
139;52
139;53
139;54
139;55
139;56
139;57
139;58
139;59
139;60
139;61
139;62
139;63
139;64
139;65
139;66
139;67
139;68
139;69
139;70
139;71
139;72
139;73
139;74
139;75
139;76
139;77
139;78
139;79
139;80
139;81
139;82
139;83
139;84
139;85
139;86
139;87
139;88
139;89
139;90
139;91
139;92
139;93
139;94
139;95
139;96
139;97
139;98
139;172
139;173
139;174
139;175
139;176
139;177
139;178
139;179
139;180
139;181
139;182
139;183
139;184
139;185
139;186
139;187
139;188
139;189
139;190
139;191
139;192
139;193
139;194
139;195
139;196
139;197
139;198
139;199
139;200
139;201
139;202
139;203
139;204
139;205
139;206
139;207
139;208
139;209
139;210
139;211
139;212
139;213
139;214
139;215
139;216
139;217
139;218
139;219
139;220
139;221
139;222
140;6
140;7
140;8
140;9
140;10
140;11
140;12
140;13
140;14
140;15
140;16
140;17
140;18
140;19
140;20
140;21
140;22
140;23
140;24
140;25
140;26
140;27
140;28
140;29
140;30
140;31
140;32
140;33
140;34
140;35
140;36
140;37
140;38
140;39
140;40
140;41
140;42
140;43
140;44
140;45
140;46
140;47
140;48
140;49
140;50
140;51
140;52
140;53
140;54
140;55
140;56
140;57
140;58
140;59
140;60
140;61
140;62
140;63
140;64
140;65
140;66
140;67
140;68
140;69
140;70
140;71
140;72
140;73
140;74
140;75
140;76
140;77
140;78
140;79
140;80
140;81
140;82
140;83
140;84
140;85
140;86
140;87
140;88
140;89
140;90
140;91
140;92
140;93
140;94
140;95
140;96
140;97
140;98
140;172
140;173
140;174
140;175
140;176
140;177
140;178
140;179
140;180
140;181
140;182
140;183
140;184
140;185
140;186
140;187
140;188
140;189
140;190
140;191
140;192
140;193
140;194
140;195
140;196
140;197
140;198
140;199
140;200
140;201
140;202
140;203
140;204
140;205
140;206
140;207
140;208
140;209
140;210
140;211
140;212
140;213
140;214
140;215
140;216
140;217
140;218
140;219
140;220
140;221
140;222
141;6
141;7
141;8
141;9
141;10
141;11
141;12
141;13
141;14
141;15
141;16
141;17
141;18
141;19
141;20
141;21
141;22
141;23
141;24
141;25
141;26
141;27
141;28
141;29
141;30
141;31
141;32
141;33
141;34
141;35
141;36
141;37
141;38
141;39
141;40
141;41
141;42
141;43
141;44
141;45
141;46
141;47
141;48
141;49
141;50
141;51
141;52
141;53
141;54
141;55
141;56
141;57
141;58
141;59
141;60
141;61
141;62
141;63
141;64
141;65
141;66
141;67
141;68
141;69
141;70
141;71
141;72
141;73
141;74
141;75
141;76
141;77
141;78
141;79
141;80
141;81
141;82
141;83
141;84
141;85
141;86
141;87
141;88
141;89
141;90
141;91
141;92
141;93
141;94
141;95
141;96
141;97
141;98
141;174
141;175
141;176
141;177
141;178
141;179
141;180
141;181
141;182
141;183
141;184
141;185
141;186
141;187
141;188
141;189
141;190
141;191
141;192
141;193
141;194
141;195
141;196
141;197
141;198
141;199
141;200
141;201
141;202
141;203
141;204
141;205
141;206
141;207
141;208
141;209
141;210
141;211
141;212
141;213
141;214
141;215
141;216
141;217
141;218
141;219
141;220
141;221
141;222
142;6
142;7
142;8
142;9
142;10
142;11
142;12
142;13
142;14
142;15
142;16
142;17
142;18
142;19
142;20
142;21
142;22
142;23
142;24
142;25
142;26
142;27
142;28
142;29
142;30
142;31
142;32
142;33
142;34
142;35
142;36
142;37
142;38
142;39
142;40
142;41
142;42
142;43
142;44
142;45
142;46
142;47
142;48
142;49
142;50
142;51
142;52
142;53
142;54
142;55
142;56
142;57
142;58
142;59
142;60
142;61
142;62
142;63
142;64
142;65
142;66
142;67
142;68
142;69
142;70
142;71
142;72
142;73
142;74
142;75
142;76
142;77
142;78
142;79
142;80
142;81
142;82
142;83
142;84
142;85
142;86
142;87
142;88
142;89
142;90
142;91
142;92
142;93
142;94
142;95
142;96
142;97
142;98
142;176
142;177
142;178
142;179
142;180
142;181
142;182
142;183
142;184
142;185
142;186
142;187
142;188
142;189
142;190
142;191
142;192
142;193
142;194
142;195
142;196
142;197
142;198
142;199
142;200
142;201
142;202
142;203
142;204
142;205
142;206
142;207
142;208
142;209
142;210
142;211
142;212
142;213
142;214
142;215
142;216
142;217
142;218
142;219
142;220
142;221
142;222
143;6
143;7
143;8
143;9
143;10
143;11
143;12
143;13
143;14
143;15
143;16
143;17
143;18
143;19
143;20
143;21
143;22
143;23
143;24
143;25
143;26
143;27
143;28
143;29
143;30
143;31
143;32
143;33
143;34
143;35
143;36
143;37
143;38
143;39
143;40
143;41
143;42
143;43
143;44
143;45
143;46
143;47
143;48
143;49
143;50
143;51
143;52
143;53
143;54
143;55
143;56
143;57
143;58
143;59
143;60
143;61
143;62
143;63
143;64
143;65
143;66
143;67
143;68
143;69
143;70
143;71
143;72
143;73
143;74
143;75
143;76
143;77
143;78
143;79
143;80
143;81
143;82
143;83
143;84
143;85
143;86
143;87
143;88
143;89
143;90
143;91
143;92
143;93
143;94
143;95
143;96
143;97
143;98
143;177
143;178
143;179
143;180
143;181
143;182
143;183
143;184
143;185
143;186
143;187
143;188
143;189
143;190
143;191
143;192
143;193
143;194
143;195
143;196
143;197
143;198
143;199
143;200
143;201
143;202
143;203
143;204
143;205
143;206
143;207
143;208
143;209
143;210
143;211
143;212
143;213
143;214
143;215
143;216
143;217
143;218
143;219
143;220
143;221
143;222
144;6
144;7
144;8
144;9
144;10
144;11
144;12
144;13
144;14
144;15
144;16
144;17
144;18
144;19
144;20
144;21
144;22
144;23
144;24
144;25
144;26
144;27
144;28
144;29
144;30
144;31
144;32
144;33
144;34
144;35
144;36
144;37
144;38
144;39
144;40
144;41
144;42
144;43
144;44
144;45
144;46
144;47
144;48
144;49
144;50
144;51
144;52
144;53
144;54
144;55
144;56
144;57
144;58
144;59
144;60
144;61
144;62
144;63
144;64
144;65
144;66
144;67
144;68
144;69
144;70
144;71
144;72
144;73
144;74
144;75
144;76
144;77
144;78
144;79
144;80
144;81
144;82
144;83
144;84
144;85
144;86
144;87
144;88
144;89
144;90
144;91
144;92
144;93
144;94
144;95
144;96
144;97
144;98
144;178
144;179
144;180
144;181
144;182
144;183
144;184
144;185
144;186
144;187
144;188
144;189
144;190
144;191
144;192
144;193
144;194
144;195
144;196
144;197
144;198
144;199
144;200
144;201
144;202
144;203
144;204
144;205
144;206
144;207
144;208
144;209
144;210
144;211
144;212
144;213
144;214
144;215
144;216
144;217
144;218
144;219
144;220
144;221
145;6
145;7
145;8
145;9
145;10
145;11
145;12
145;13
145;14
145;15
145;16
145;17
145;18
145;19
145;20
145;21
145;22
145;23
145;24
145;25
145;26
145;27
145;28
145;29
145;30
145;31
145;32
145;33
145;34
145;35
145;36
145;37
145;38
145;39
145;40
145;41
145;42
145;43
145;44
145;45
145;46
145;47
145;48
145;49
145;50
145;51
145;52
145;53
145;54
145;55
145;56
145;57
145;58
145;59
145;60
145;61
145;62
145;63
145;64
145;65
145;66
145;67
145;68
145;69
145;70
145;71
145;72
145;73
145;74
145;75
145;76
145;77
145;78
145;79
145;80
145;81
145;82
145;83
145;84
145;85
145;86
145;87
145;88
145;89
145;90
145;91
145;92
145;93
145;94
145;95
145;96
145;97
145;98
145;99
145;180
145;181
145;182
145;183
145;184
145;185
145;186
145;187
145;188
145;189
145;190
145;191
145;192
145;193
145;194
145;195
145;196
145;197
145;198
145;199
145;200
145;201
145;202
145;203
145;204
145;205
145;206
145;207
145;208
145;209
145;210
145;211
145;212
145;213
145;214
145;215
145;216
145;217
145;218
145;219
145;220
145;221
146;7
146;8
146;9
146;10
146;11
146;12
146;13
146;14
146;15
146;16
146;17
146;18
146;19
146;20
146;21
146;22
146;23
146;24
146;25
146;26
146;27
146;28
146;29
146;30
146;31
146;32
146;33
146;34
146;35
146;36
146;37
146;38
146;39
146;40
146;41
146;42
146;43
146;44
146;45
146;46
146;47
146;48
146;49
146;50
146;51
146;52
146;53
146;54
146;55
146;56
146;57
146;58
146;59
146;60
146;61
146;62
146;63
146;64
146;65
146;66
146;67
146;68
146;69
146;70
146;71
146;72
146;73
146;74
146;75
146;76
146;77
146;78
146;79
146;80
146;81
146;82
146;83
146;84
146;85
146;86
146;87
146;88
146;89
146;90
146;91
146;92
146;93
146;94
146;95
146;96
146;97
146;98
146;99
146;182
146;183
146;184
146;185
146;186
146;187
146;188
146;189
146;190
146;191
146;192
146;193
146;194
146;195
146;196
146;197
146;198
146;199
146;200
146;201
146;202
146;203
146;204
146;205
146;206
146;207
146;208
146;209
146;210
146;211
146;212
146;213
146;214
146;215
146;216
146;217
146;218
146;219
146;220
146;221
147;7
147;8
147;9
147;10
147;11
147;12
147;13
147;14
147;15
147;16
147;17
147;18
147;19
147;20
147;21
147;22
147;23
147;24
147;25
147;26
147;27
147;28
147;29
147;30
147;31
147;32
147;33
147;34
147;35
147;36
147;37
147;38
147;39
147;40
147;41
147;42
147;43
147;44
147;45
147;46
147;47
147;48
147;49
147;50
147;51
147;52
147;53
147;54
147;55
147;56
147;57
147;58
147;59
147;60
147;61
147;62
147;63
147;64
147;65
147;66
147;67
147;68
147;69
147;70
147;71
147;72
147;73
147;74
147;75
147;76
147;77
147;78
147;79
147;80
147;81
147;82
147;83
147;84
147;85
147;86
147;87
147;88
147;89
147;90
147;91
147;92
147;93
147;94
147;95
147;96
147;97
147;98
147;99
147;182
147;183
147;184
147;185
147;186
147;187
147;188
147;189
147;190
147;191
147;192
147;193
147;194
147;195
147;196
147;197
147;198
147;199
147;200
147;201
147;202
147;203
147;204
147;205
147;206
147;207
147;208
147;209
147;210
147;211
147;212
147;213
147;214
147;215
147;216
147;217
147;218
147;219
147;220
147;221
148;7
148;8
148;9
148;10
148;11
148;12
148;13
148;14
148;15
148;16
148;17
148;18
148;19
148;20
148;21
148;22
148;23
148;24
148;25
148;26
148;27
148;28
148;29
148;30
148;31
148;32
148;33
148;34
148;35
148;36
148;37
148;38
148;39
148;40
148;41
148;42
148;43
148;44
148;45
148;46
148;47
148;48
148;49
148;50
148;51
148;52
148;53
148;54
148;55
148;56
148;57
148;58
148;59
148;60
148;61
148;62
148;63
148;64
148;65
148;66
148;67
148;68
148;69
148;70
148;71
148;72
148;73
148;74
148;75
148;76
148;77
148;78
148;79
148;80
148;81
148;82
148;83
148;84
148;85
148;86
148;87
148;88
148;89
148;90
148;91
148;92
148;93
148;94
148;95
148;96
148;97
148;98
148;99
148;184
148;185
148;186
148;187
148;188
148;189
148;190
148;191
148;192
148;193
148;194
148;195
148;196
148;197
148;198
148;199
148;200
148;201
148;202
148;203
148;204
148;205
148;206
148;207
148;208
148;209
148;210
148;211
148;212
148;213
148;214
148;215
148;216
148;217
148;218
148;219
148;220
148;221
149;7
149;8
149;9
149;10
149;11
149;12
149;13
149;14
149;15
149;16
149;17
149;18
149;19
149;20
149;21
149;22
149;23
149;24
149;25
149;26
149;27
149;28
149;29
149;30
149;31
149;32
149;33
149;34
149;35
149;36
149;37
149;38
149;39
149;40
149;41
149;42
149;43
149;44
149;45
149;46
149;47
149;48
149;49
149;50
149;51
149;52
149;53
149;54
149;55
149;56
149;57
149;58
149;59
149;60
149;61
149;62
149;63
149;64
149;65
149;66
149;67
149;68
149;69
149;70
149;71
149;72
149;73
149;74
149;75
149;76
149;77
149;78
149;79
149;80
149;81
149;82
149;83
149;84
149;85
149;86
149;87
149;88
149;89
149;90
149;91
149;92
149;93
149;94
149;95
149;96
149;97
149;98
149;99
149;186
149;187
149;188
149;189
149;190
149;191
149;192
149;193
149;194
149;195
149;196
149;197
149;198
149;199
149;200
149;201
149;202
149;203
149;204
149;205
149;206
149;207
149;208
149;209
149;210
149;211
149;212
149;213
149;214
149;215
149;216
149;217
149;218
149;219
149;220
150;7
150;8
150;9
150;10
150;11
150;12
150;13
150;14
150;15
150;16
150;17
150;18
150;19
150;20
150;21
150;22
150;23
150;24
150;25
150;26
150;27
150;28
150;29
150;30
150;31
150;32
150;33
150;34
150;35
150;36
150;37
150;38
150;39
150;40
150;41
150;42
150;43
150;44
150;45
150;46
150;47
150;48
150;49
150;50
150;51
150;52
150;53
150;54
150;55
150;56
150;57
150;58
150;59
150;60
150;61
150;62
150;63
150;64
150;65
150;66
150;67
150;68
150;69
150;70
150;71
150;72
150;73
150;74
150;75
150;76
150;77
150;78
150;79
150;80
150;81
150;82
150;83
150;84
150;85
150;86
150;87
150;88
150;89
150;90
150;91
150;92
150;93
150;94
150;95
150;96
150;97
150;98
150;99
150;187
150;188
150;189
150;190
150;191
150;192
150;193
150;194
150;195
150;196
150;197
150;198
150;199
150;200
150;201
150;202
150;203
150;204
150;205
150;206
150;207
150;208
150;209
150;210
150;211
150;212
150;213
150;214
150;215
150;216
150;217
150;218
150;219
150;220
151;7
151;8
151;9
151;10
151;11
151;12
151;13
151;14
151;15
151;16
151;17
151;18
151;19
151;20
151;21
151;22
151;23
151;24
151;25
151;26
151;27
151;28
151;29
151;30
151;31
151;32
151;33
151;34
151;35
151;36
151;37
151;38
151;39
151;40
151;41
151;42
151;43
151;44
151;45
151;46
151;47
151;48
151;49
151;50
151;51
151;52
151;53
151;54
151;55
151;56
151;57
151;58
151;59
151;60
151;61
151;62
151;63
151;64
151;65
151;66
151;67
151;68
151;69
151;70
151;71
151;72
151;73
151;74
151;75
151;76
151;77
151;78
151;79
151;80
151;81
151;82
151;83
151;84
151;85
151;86
151;87
151;88
151;89
151;90
151;91
151;92
151;93
151;94
151;95
151;96
151;97
151;98
151;99
151;188
151;189
151;190
151;191
151;192
151;193
151;194
151;195
151;196
151;197
151;198
151;199
151;200
151;201
151;202
151;203
151;204
151;205
151;206
151;207
151;208
151;209
151;210
151;211
151;212
151;213
151;214
151;215
151;216
151;217
151;218
151;219
151;220
152;7
152;8
152;9
152;10
152;11
152;12
152;13
152;14
152;15
152;16
152;17
152;18
152;19
152;20
152;21
152;22
152;23
152;24
152;25
152;26
152;27
152;28
152;29
152;30
152;31
152;32
152;33
152;34
152;35
152;36
152;37
152;38
152;39
152;40
152;41
152;42
152;43
152;44
152;45
152;46
152;47
152;48
152;49
152;50
152;51
152;52
152;53
152;54
152;55
152;56
152;57
152;58
152;59
152;60
152;61
152;62
152;63
152;64
152;65
152;66
152;67
152;68
152;69
152;70
152;71
152;72
152;73
152;74
152;75
152;76
152;77
152;78
152;79
152;80
152;81
152;82
152;83
152;84
152;85
152;86
152;87
152;88
152;89
152;90
152;91
152;92
152;93
152;94
152;95
152;96
152;97
152;98
152;99
152;190
152;191
152;192
152;193
152;194
152;195
152;196
152;197
152;198
152;199
152;200
152;201
152;202
152;203
152;204
152;205
152;206
152;207
152;208
152;209
152;210
152;211
152;212
152;213
152;214
152;215
152;216
152;217
152;218
152;219
152;220
153;7
153;8
153;9
153;10
153;11
153;12
153;13
153;14
153;15
153;16
153;17
153;18
153;19
153;20
153;21
153;22
153;23
153;24
153;25
153;26
153;27
153;28
153;29
153;30
153;31
153;32
153;33
153;34
153;35
153;36
153;37
153;38
153;39
153;40
153;41
153;42
153;43
153;44
153;45
153;46
153;47
153;48
153;49
153;50
153;51
153;52
153;53
153;54
153;55
153;56
153;57
153;58
153;59
153;60
153;61
153;62
153;63
153;64
153;65
153;66
153;67
153;68
153;69
153;70
153;71
153;72
153;73
153;74
153;75
153;76
153;77
153;78
153;79
153;80
153;81
153;82
153;83
153;84
153;85
153;86
153;87
153;88
153;89
153;90
153;91
153;92
153;93
153;94
153;95
153;96
153;97
153;98
153;99
153;192
153;193
153;194
153;195
153;196
153;197
153;198
153;199
153;200
153;201
153;202
153;203
153;204
153;205
153;206
153;207
153;208
153;209
153;210
153;211
153;212
153;213
153;214
153;215
153;216
153;217
153;218
153;219
153;220
154;7
154;8
154;9
154;10
154;11
154;12
154;13
154;14
154;15
154;16
154;17
154;18
154;19
154;20
154;21
154;22
154;23
154;24
154;25
154;26
154;27
154;28
154;29
154;30
154;31
154;32
154;33
154;34
154;35
154;36
154;37
154;38
154;39
154;40
154;41
154;42
154;43
154;44
154;45
154;46
154;47
154;48
154;49
154;50
154;51
154;52
154;53
154;54
154;55
154;56
154;57
154;58
154;59
154;60
154;61
154;62
154;63
154;64
154;65
154;66
154;67
154;68
154;69
154;70
154;71
154;72
154;73
154;74
154;75
154;76
154;77
154;78
154;79
154;80
154;81
154;82
154;83
154;84
154;85
154;86
154;87
154;88
154;89
154;90
154;91
154;92
154;93
154;94
154;95
154;96
154;97
154;98
154;99
154;192
154;193
154;194
154;195
154;196
154;197
154;198
154;199
154;200
154;201
154;202
154;203
154;204
154;205
154;206
154;207
154;208
154;209
154;210
154;211
154;212
154;213
154;214
154;215
154;216
154;217
154;218
154;219
154;220
155;7
155;8
155;9
155;10
155;11
155;12
155;13
155;14
155;15
155;16
155;17
155;18
155;19
155;20
155;21
155;22
155;23
155;24
155;25
155;26
155;27
155;28
155;29
155;30
155;31
155;32
155;33
155;34
155;35
155;36
155;37
155;38
155;39
155;40
155;41
155;42
155;43
155;44
155;45
155;46
155;47
155;48
155;49
155;50
155;51
155;52
155;53
155;54
155;55
155;56
155;57
155;58
155;59
155;60
155;61
155;62
155;63
155;64
155;65
155;66
155;67
155;68
155;69
155;70
155;71
155;72
155;73
155;74
155;75
155;76
155;77
155;78
155;79
155;80
155;81
155;82
155;83
155;84
155;85
155;86
155;87
155;88
155;89
155;90
155;91
155;92
155;93
155;94
155;95
155;96
155;97
155;98
155;99
155;194
155;195
155;196
155;197
155;198
155;199
155;200
155;201
155;202
155;203
155;204
155;205
155;206
155;207
155;208
155;209
155;210
155;211
155;212
155;213
155;214
155;215
155;216
155;217
155;218
155;219
156;7
156;8
156;9
156;10
156;11
156;12
156;13
156;14
156;15
156;16
156;17
156;18
156;19
156;20
156;21
156;22
156;23
156;24
156;25
156;26
156;27
156;28
156;29
156;30
156;31
156;32
156;33
156;34
156;35
156;36
156;37
156;38
156;39
156;40
156;41
156;42
156;43
156;44
156;45
156;46
156;47
156;48
156;49
156;50
156;51
156;52
156;53
156;54
156;55
156;56
156;57
156;58
156;59
156;60
156;61
156;62
156;63
156;64
156;65
156;66
156;67
156;68
156;69
156;70
156;71
156;72
156;73
156;74
156;75
156;76
156;77
156;78
156;79
156;80
156;81
156;82
156;83
156;84
156;85
156;86
156;87
156;88
156;89
156;90
156;91
156;92
156;93
156;94
156;95
156;96
156;97
156;98
156;99
156;196
156;197
156;198
156;199
156;200
156;201
156;202
156;203
156;204
156;205
156;206
156;207
156;208
156;209
156;210
156;211
156;212
156;213
156;214
156;215
156;216
156;217
156;218
156;219
157;7
157;8
157;9
157;10
157;11
157;12
157;13
157;14
157;15
157;16
157;17
157;18
157;19
157;20
157;21
157;22
157;23
157;24
157;25
157;26
157;27
157;28
157;29
157;30
157;31
157;32
157;33
157;34
157;35
157;36
157;37
157;38
157;39
157;40
157;41
157;42
157;43
157;44
157;45
157;46
157;47
157;48
157;49
157;50
157;51
157;52
157;53
157;54
157;55
157;56
157;57
157;58
157;59
157;60
157;61
157;62
157;63
157;64
157;65
157;66
157;67
157;68
157;69
157;70
157;71
157;72
157;73
157;74
157;75
157;76
157;77
157;78
157;79
157;80
157;81
157;82
157;83
157;84
157;85
157;86
157;87
157;88
157;89
157;90
157;91
157;92
157;93
157;94
157;95
157;96
157;97
157;98
157;99
157;197
157;198
157;199
157;200
157;201
157;202
157;203
157;204
157;205
157;206
157;207
157;208
157;209
157;210
157;211
157;212
157;213
157;214
157;215
157;216
157;217
157;218
157;219
158;7
158;8
158;9
158;10
158;11
158;12
158;13
158;14
158;15
158;16
158;17
158;18
158;19
158;20
158;21
158;22
158;23
158;24
158;25
158;26
158;27
158;28
158;29
158;30
158;31
158;32
158;33
158;34
158;35
158;36
158;37
158;38
158;39
158;40
158;41
158;42
158;43
158;44
158;45
158;46
158;47
158;48
158;49
158;50
158;51
158;52
158;53
158;54
158;55
158;56
158;57
158;58
158;59
158;60
158;61
158;62
158;63
158;64
158;65
158;66
158;67
158;68
158;69
158;70
158;71
158;72
158;73
158;74
158;75
158;76
158;77
158;78
158;79
158;80
158;81
158;82
158;83
158;84
158;85
158;86
158;87
158;88
158;89
158;90
158;91
158;92
158;93
158;94
158;95
158;96
158;97
158;98
158;99
158;198
158;199
158;200
158;201
158;202
158;203
158;204
158;205
158;206
158;207
158;208
158;209
158;210
158;211
158;212
158;213
158;214
158;215
158;216
158;217
158;218
158;219
159;7
159;8
159;9
159;10
159;11
159;12
159;13
159;14
159;15
159;16
159;17
159;18
159;19
159;20
159;21
159;22
159;23
159;24
159;25
159;26
159;27
159;28
159;29
159;30
159;31
159;32
159;33
159;34
159;35
159;36
159;37
159;38
159;39
159;40
159;41
159;42
159;43
159;44
159;45
159;46
159;47
159;48
159;49
159;50
159;51
159;52
159;53
159;54
159;55
159;56
159;57
159;58
159;59
159;60
159;61
159;62
159;63
159;64
159;65
159;66
159;67
159;68
159;69
159;70
159;71
159;72
159;73
159;74
159;75
159;76
159;77
159;78
159;79
159;80
159;81
159;82
159;83
159;84
159;85
159;86
159;87
159;88
159;89
159;90
159;91
159;92
159;93
159;94
159;95
159;96
159;97
159;98
159;99
159;200
159;201
159;202
159;203
159;204
159;205
159;206
159;207
159;208
159;209
159;210
159;211
159;212
159;213
159;214
159;215
159;216
159;217
159;218
159;219
160;7
160;8
160;9
160;10
160;11
160;12
160;13
160;14
160;15
160;16
160;17
160;18
160;19
160;20
160;21
160;22
160;23
160;24
160;25
160;26
160;27
160;28
160;29
160;30
160;31
160;32
160;33
160;34
160;35
160;36
160;37
160;38
160;39
160;40
160;41
160;42
160;43
160;44
160;45
160;46
160;47
160;48
160;49
160;50
160;51
160;52
160;53
160;54
160;55
160;56
160;57
160;58
160;59
160;60
160;61
160;62
160;63
160;64
160;65
160;66
160;67
160;68
160;69
160;70
160;71
160;72
160;73
160;74
160;75
160;76
160;77
160;78
160;79
160;80
160;81
160;82
160;83
160;84
160;85
160;86
160;87
160;88
160;89
160;90
160;91
160;92
160;93
160;94
160;95
160;96
160;97
160;98
160;99
160;202
160;203
160;204
160;205
160;206
160;207
160;208
160;209
160;210
160;211
160;212
160;213
160;214
160;215
160;216
160;217
160;218
161;7
161;8
161;9
161;10
161;11
161;12
161;13
161;14
161;15
161;16
161;17
161;18
161;19
161;20
161;21
161;22
161;23
161;24
161;25
161;26
161;27
161;28
161;29
161;30
161;31
161;32
161;33
161;34
161;35
161;36
161;37
161;38
161;39
161;40
161;41
161;42
161;43
161;44
161;45
161;46
161;47
161;48
161;49
161;50
161;51
161;52
161;53
161;54
161;55
161;56
161;57
161;58
161;59
161;60
161;61
161;62
161;63
161;64
161;65
161;66
161;67
161;68
161;69
161;70
161;71
161;72
161;73
161;74
161;75
161;76
161;77
161;78
161;79
161;80
161;81
161;82
161;83
161;84
161;85
161;86
161;87
161;88
161;89
161;90
161;91
161;92
161;93
161;94
161;95
161;96
161;97
161;98
161;99
161;202
161;203
161;204
161;205
161;206
161;207
161;208
161;209
161;210
161;211
161;212
161;213
161;214
161;215
161;216
161;217
161;218
162;7
162;8
162;9
162;10
162;11
162;12
162;13
162;14
162;15
162;16
162;17
162;18
162;19
162;20
162;21
162;22
162;23
162;24
162;25
162;26
162;27
162;28
162;29
162;30
162;31
162;32
162;33
162;34
162;35
162;36
162;37
162;38
162;39
162;40
162;41
162;42
162;43
162;44
162;45
162;46
162;47
162;48
162;49
162;50
162;51
162;52
162;53
162;54
162;55
162;56
162;57
162;58
162;59
162;60
162;61
162;62
162;63
162;64
162;65
162;66
162;67
162;68
162;69
162;70
162;71
162;72
162;73
162;74
162;75
162;76
162;77
162;78
162;79
162;80
162;81
162;82
162;83
162;84
162;85
162;86
162;87
162;88
162;89
162;90
162;91
162;92
162;93
162;94
162;95
162;96
162;97
162;98
162;99
162;204
162;205
162;206
162;207
162;208
162;209
162;210
162;211
162;212
162;213
162;214
162;215
162;216
162;217
162;218
163;8
163;9
163;10
163;11
163;12
163;13
163;14
163;15
163;16
163;17
163;18
163;19
163;20
163;21
163;22
163;23
163;24
163;25
163;26
163;27
163;28
163;29
163;30
163;31
163;32
163;33
163;34
163;35
163;36
163;37
163;38
163;39
163;40
163;41
163;42
163;43
163;44
163;45
163;46
163;47
163;48
163;49
163;50
163;51
163;52
163;53
163;54
163;55
163;56
163;57
163;58
163;59
163;60
163;61
163;62
163;63
163;64
163;65
163;66
163;67
163;68
163;69
163;70
163;71
163;72
163;73
163;74
163;75
163;76
163;77
163;78
163;79
163;80
163;81
163;82
163;83
163;84
163;85
163;86
163;87
163;88
163;89
163;90
163;91
163;92
163;93
163;94
163;95
163;96
163;97
163;98
163;99
163;100
163;206
163;207
163;208
163;209
163;210
163;211
163;212
163;213
163;214
163;215
163;216
163;217
163;218
164;8
164;9
164;10
164;11
164;12
164;13
164;14
164;15
164;16
164;17
164;18
164;19
164;20
164;21
164;22
164;23
164;24
164;25
164;26
164;27
164;28
164;29
164;30
164;31
164;32
164;33
164;34
164;35
164;36
164;37
164;38
164;39
164;40
164;41
164;42
164;43
164;44
164;45
164;46
164;47
164;48
164;49
164;50
164;51
164;52
164;53
164;54
164;55
164;56
164;57
164;58
164;59
164;60
164;61
164;62
164;63
164;64
164;65
164;66
164;67
164;68
164;69
164;70
164;71
164;72
164;73
164;74
164;75
164;76
164;77
164;78
164;79
164;80
164;81
164;82
164;83
164;84
164;85
164;86
164;87
164;88
164;89
164;90
164;91
164;92
164;93
164;94
164;95
164;96
164;97
164;98
164;99
164;100
164;207
164;208
164;209
164;210
164;211
164;212
164;213
164;214
164;215
164;216
164;217
164;218
165;8
165;9
165;10
165;11
165;12
165;13
165;14
165;15
165;16
165;17
165;18
165;19
165;20
165;21
165;22
165;23
165;24
165;25
165;26
165;27
165;28
165;29
165;30
165;31
165;32
165;33
165;34
165;35
165;36
165;37
165;38
165;39
165;40
165;41
165;42
165;43
165;44
165;45
165;46
165;47
165;48
165;49
165;50
165;51
165;52
165;53
165;54
165;55
165;56
165;57
165;58
165;59
165;60
165;61
165;62
165;63
165;64
165;65
165;66
165;67
165;68
165;69
165;70
165;71
165;72
165;73
165;74
165;75
165;76
165;77
165;78
165;79
165;80
165;81
165;82
165;83
165;84
165;85
165;86
165;87
165;88
165;89
165;90
165;91
165;92
165;93
165;94
165;95
165;96
165;97
165;98
165;99
165;100
165;208
165;209
165;210
165;211
165;212
165;213
165;214
165;215
165;216
165;217
165;218
166;8
166;9
166;10
166;11
166;12
166;13
166;14
166;15
166;16
166;17
166;18
166;19
166;20
166;21
166;22
166;23
166;24
166;25
166;26
166;27
166;28
166;29
166;30
166;31
166;32
166;33
166;34
166;35
166;36
166;37
166;38
166;39
166;40
166;41
166;42
166;43
166;44
166;45
166;46
166;47
166;48
166;49
166;50
166;51
166;52
166;53
166;54
166;55
166;56
166;57
166;58
166;59
166;60
166;61
166;62
166;63
166;64
166;65
166;66
166;67
166;68
166;69
166;70
166;71
166;72
166;73
166;74
166;75
166;76
166;77
166;78
166;79
166;80
166;81
166;82
166;83
166;84
166;85
166;86
166;87
166;88
166;89
166;90
166;91
166;92
166;93
166;94
166;95
166;96
166;97
166;98
166;99
166;100
166;210
166;211
166;212
166;213
166;214
166;215
166;216
166;217
167;8
167;9
167;10
167;11
167;12
167;13
167;14
167;15
167;16
167;17
167;18
167;19
167;20
167;21
167;22
167;23
167;24
167;25
167;26
167;27
167;28
167;29
167;30
167;31
167;32
167;33
167;34
167;35
167;36
167;37
167;38
167;39
167;40
167;41
167;42
167;43
167;44
167;45
167;46
167;47
167;48
167;49
167;50
167;51
167;52
167;53
167;54
167;55
167;56
167;57
167;58
167;59
167;60
167;61
167;62
167;63
167;64
167;65
167;66
167;67
167;68
167;69
167;70
167;71
167;72
167;73
167;74
167;75
167;76
167;77
167;78
167;79
167;80
167;81
167;82
167;83
167;84
167;85
167;86
167;87
167;88
167;89
167;90
167;91
167;92
167;93
167;94
167;95
167;96
167;97
167;98
167;99
167;100
167;212
167;213
167;214
167;215
167;216
167;217
168;8
168;9
168;10
168;11
168;12
168;13
168;14
168;15
168;16
168;17
168;18
168;19
168;20
168;21
168;22
168;23
168;24
168;25
168;26
168;27
168;28
168;29
168;30
168;31
168;32
168;33
168;34
168;35
168;36
168;37
168;38
168;39
168;40
168;41
168;42
168;43
168;44
168;45
168;46
168;47
168;48
168;49
168;50
168;51
168;52
168;53
168;54
168;55
168;56
168;57
168;58
168;59
168;60
168;61
168;62
168;63
168;64
168;65
168;66
168;67
168;68
168;69
168;70
168;71
168;72
168;73
168;74
168;75
168;76
168;77
168;78
168;79
168;80
168;81
168;82
168;83
168;84
168;85
168;86
168;87
168;88
168;89
168;90
168;91
168;92
168;93
168;94
168;95
168;96
168;97
168;98
168;99
168;100
168;212
168;213
168;214
168;215
168;216
168;217
169;8
169;9
169;10
169;11
169;12
169;13
169;14
169;15
169;16
169;17
169;18
169;19
169;20
169;21
169;22
169;23
169;24
169;25
169;26
169;27
169;28
169;29
169;30
169;31
169;32
169;33
169;34
169;35
169;36
169;37
169;38
169;39
169;40
169;41
169;42
169;43
169;44
169;45
169;46
169;47
169;48
169;49
169;50
169;51
169;52
169;53
169;54
169;55
169;56
169;57
169;58
169;59
169;60
169;61
169;62
169;63
169;64
169;65
169;66
169;67
169;68
169;69
169;70
169;71
169;72
169;73
169;74
169;75
169;76
169;77
169;78
169;79
169;80
169;81
169;82
169;83
169;84
169;85
169;86
169;87
169;88
169;89
169;90
169;91
169;92
169;93
169;94
169;95
169;96
169;97
169;98
169;99
169;100
169;214
169;215
169;216
169;217
170;8
170;9
170;10
170;11
170;12
170;13
170;14
170;15
170;16
170;17
170;18
170;19
170;20
170;21
170;22
170;23
170;24
170;25
170;26
170;27
170;28
170;29
170;30
170;31
170;32
170;33
170;34
170;35
170;36
170;37
170;38
170;39
170;40
170;41
170;42
170;43
170;44
170;45
170;46
170;47
170;48
170;49
170;50
170;51
170;52
170;53
170;54
170;55
170;56
170;57
170;58
170;59
170;60
170;61
170;62
170;63
170;64
170;65
170;66
170;67
170;68
170;69
170;70
170;71
170;72
170;73
170;74
170;75
170;76
170;77
170;78
170;79
170;80
170;81
170;82
170;83
170;84
170;85
170;86
170;87
170;88
170;89
170;90
170;91
170;92
170;93
170;94
170;95
170;96
170;97
170;98
170;99
170;100
170;216
170;217
171;8
171;9
171;10
171;11
171;12
171;13
171;14
171;15
171;16
171;17
171;18
171;19
171;20
171;21
171;22
171;23
171;24
171;25
171;26
171;27
171;28
171;29
171;30
171;31
171;32
171;33
171;34
171;35
171;36
171;37
171;38
171;39
171;40
171;41
171;42
171;43
171;44
171;45
171;46
171;47
171;48
171;49
171;50
171;51
171;52
171;53
171;54
171;55
171;56
171;57
171;58
171;59
171;60
171;61
171;62
171;63
171;64
171;65
171;66
171;67
171;68
171;69
171;70
171;71
171;72
171;73
171;74
171;75
171;76
171;77
171;78
171;79
171;80
171;81
171;82
171;83
171;84
171;85
171;86
171;87
171;88
171;89
171;90
171;91
171;92
171;93
171;94
171;95
171;96
171;97
171;98
171;99
171;100
172;8
172;9
172;10
172;11
172;12
172;13
172;14
172;15
172;16
172;17
172;18
172;19
172;20
172;21
172;22
172;23
172;24
172;25
172;26
172;27
172;28
172;29
172;30
172;31
172;32
172;33
172;34
172;35
172;36
172;37
172;38
172;39
172;40
172;41
172;42
172;43
172;44
172;45
172;46
172;47
172;48
172;49
172;50
172;51
172;52
172;53
172;54
172;55
172;56
172;57
172;58
172;59
172;60
172;61
172;62
172;63
172;64
172;65
172;66
172;67
172;68
172;69
172;70
172;71
172;72
172;73
172;74
172;75
172;76
172;77
172;78
172;79
172;80
172;81
172;82
172;83
172;84
172;85
172;86
172;87
172;88
172;89
172;90
172;91
172;92
172;93
172;94
172;95
172;96
172;97
172;98
172;99
172;100
173;8
173;9
173;10
173;11
173;12
173;13
173;14
173;15
173;16
173;17
173;18
173;19
173;20
173;21
173;22
173;23
173;24
173;25
173;26
173;27
173;28
173;29
173;30
173;31
173;32
173;33
173;34
173;35
173;36
173;37
173;38
173;39
173;40
173;41
173;42
173;43
173;44
173;45
173;46
173;47
173;48
173;49
173;50
173;51
173;52
173;53
173;54
173;55
173;56
173;57
173;58
173;59
173;60
173;61
173;62
173;63
173;64
173;65
173;66
173;67
173;68
173;69
173;70
173;71
173;72
173;73
173;74
173;75
173;76
173;77
173;78
173;79
173;80
173;81
173;82
173;83
173;84
173;85
173;86
173;87
173;88
173;89
173;90
173;91
173;92
173;93
173;94
173;95
173;96
173;97
173;98
173;99
173;100
174;8
174;9
174;10
174;11
174;12
174;13
174;14
174;15
174;16
174;17
174;18
174;19
174;20
174;21
174;22
174;23
174;24
174;25
174;26
174;27
174;28
174;29
174;30
174;31
174;32
174;33
174;34
174;35
174;36
174;37
174;38
174;39
174;40
174;41
174;42
174;43
174;44
174;45
174;46
174;47
174;48
174;49
174;50
174;51
174;52
174;53
174;54
174;55
174;56
174;57
174;58
174;59
174;60
174;61
174;62
174;63
174;64
174;65
174;66
174;67
174;68
174;69
174;70
174;71
174;72
174;73
174;74
174;75
174;76
174;77
174;78
174;79
174;80
174;81
174;82
174;83
174;84
174;85
174;86
174;87
174;88
174;89
174;90
174;91
174;92
174;93
174;94
174;95
174;96
174;97
174;98
174;99
174;100
175;8
175;9
175;10
175;11
175;12
175;13
175;14
175;15
175;16
175;17
175;18
175;19
175;20
175;21
175;22
175;23
175;24
175;25
175;26
175;27
175;28
175;29
175;30
175;31
175;32
175;33
175;34
175;35
175;36
175;37
175;38
175;39
175;40
175;41
175;42
175;43
175;44
175;45
175;46
175;47
175;48
175;49
175;50
175;51
175;52
175;53
175;54
175;55
175;56
175;57
175;58
175;59
175;60
175;61
175;62
175;63
175;64
175;65
175;66
175;67
175;68
175;69
175;70
175;71
175;72
175;73
175;74
175;75
175;76
175;77
175;78
175;79
175;80
175;81
175;82
175;83
175;84
175;85
175;86
175;87
175;88
175;89
175;90
175;91
175;92
175;93
175;94
175;95
175;96
175;97
175;98
175;99
175;100
176;8
176;9
176;10
176;11
176;12
176;13
176;14
176;15
176;16
176;17
176;18
176;19
176;20
176;21
176;22
176;23
176;24
176;25
176;26
176;27
176;28
176;29
176;30
176;31
176;32
176;33
176;34
176;35
176;36
176;37
176;38
176;39
176;40
176;41
176;42
176;43
176;44
176;45
176;46
176;47
176;48
176;49
176;50
176;51
176;52
176;53
176;54
176;55
176;56
176;57
176;58
176;59
176;60
176;61
176;62
176;63
176;64
176;65
176;66
176;67
176;68
176;69
176;70
176;71
176;72
176;73
176;74
176;75
176;76
176;77
176;78
176;79
176;80
176;81
176;82
176;83
176;84
176;85
176;86
176;87
176;88
176;89
176;90
176;91
176;92
176;93
176;94
176;95
176;96
176;97
176;98
176;99
176;100
177;8
177;9
177;10
177;11
177;12
177;13
177;14
177;15
177;16
177;17
177;18
177;19
177;20
177;21
177;22
177;23
177;24
177;25
177;26
177;27
177;28
177;29
177;30
177;31
177;32
177;33
177;34
177;35
177;36
177;37
177;38
177;39
177;40
177;41
177;42
177;43
177;44
177;45
177;46
177;47
177;48
177;49
177;50
177;51
177;52
177;53
177;54
177;55
177;56
177;57
177;58
177;59
177;60
177;61
177;62
177;63
177;64
177;65
177;66
177;67
177;68
177;69
177;70
177;71
177;72
177;73
177;74
177;75
177;76
177;77
177;78
177;79
177;80
177;81
177;82
177;83
177;84
177;85
177;86
177;87
177;88
177;89
177;90
177;91
177;92
177;93
177;94
177;95
177;96
177;97
177;98
177;99
177;100
178;8
178;9
178;10
178;11
178;12
178;13
178;14
178;15
178;16
178;17
178;18
178;19
178;20
178;21
178;22
178;23
178;24
178;25
178;26
178;27
178;28
178;29
178;30
178;31
178;32
178;33
178;34
178;35
178;36
178;37
178;38
178;39
178;40
178;41
178;42
178;43
178;44
178;45
178;46
178;47
178;48
178;49
178;50
178;51
178;52
178;53
178;54
178;55
178;56
178;57
178;58
178;59
178;60
178;61
178;62
178;63
178;64
178;65
178;66
178;67
178;68
178;69
178;70
178;71
178;72
178;73
178;74
178;75
178;76
178;77
178;78
178;79
178;80
178;81
178;82
178;83
178;84
178;85
178;86
178;87
178;88
178;89
178;90
178;91
178;92
178;93
178;94
178;95
178;96
178;97
178;98
178;99
178;100
179;8
179;9
179;10
179;11
179;12
179;13
179;14
179;15
179;16
179;17
179;18
179;19
179;20
179;21
179;22
179;23
179;24
179;25
179;26
179;27
179;28
179;29
179;30
179;31
179;32
179;33
179;34
179;35
179;36
179;37
179;38
179;39
179;40
179;41
179;42
179;43
179;44
179;45
179;46
179;47
179;48
179;49
179;50
179;51
179;52
179;53
179;54
179;55
179;56
179;57
179;58
179;59
179;60
179;61
179;62
179;63
179;64
179;65
179;66
179;67
179;68
179;69
179;70
179;71
179;72
179;73
179;74
179;75
179;76
179;77
179;78
179;79
179;80
179;81
179;82
179;83
179;84
179;85
179;86
179;87
179;88
179;89
179;90
179;91
179;92
179;93
179;94
179;95
179;96
179;97
179;98
179;99
179;100
180;8
180;9
180;10
180;11
180;12
180;13
180;14
180;15
180;16
180;17
180;18
180;19
180;20
180;21
180;22
180;23
180;24
180;25
180;26
180;27
180;28
180;29
180;30
180;31
180;32
180;33
180;34
180;35
180;36
180;37
180;38
180;39
180;40
180;41
180;42
180;43
180;44
180;45
180;46
180;47
180;48
180;49
180;50
180;51
180;52
180;53
180;54
180;55
180;56
180;57
180;58
180;59
180;60
180;61
180;62
180;63
180;64
180;65
180;66
180;67
180;68
180;69
180;70
180;71
180;72
180;73
180;74
180;75
180;76
180;77
180;78
180;79
180;80
180;81
180;82
180;83
180;84
180;85
180;86
180;87
180;88
180;89
180;90
180;91
180;92
180;93
180;94
180;95
180;96
180;97
180;98
180;99
180;100
180;101
181;9
181;10
181;11
181;12
181;13
181;14
181;15
181;16
181;17
181;18
181;19
181;20
181;21
181;22
181;23
181;24
181;25
181;26
181;27
181;28
181;29
181;30
181;31
181;32
181;33
181;34
181;35
181;36
181;37
181;38
181;39
181;40
181;41
181;42
181;43
181;44
181;45
181;46
181;47
181;48
181;49
181;50
181;51
181;52
181;53
181;54
181;55
181;56
181;57
181;58
181;59
181;60
181;61
181;62
181;63
181;64
181;65
181;66
181;67
181;68
181;69
181;70
181;71
181;72
181;73
181;74
181;75
181;76
181;77
181;78
181;79
181;80
181;81
181;82
181;83
181;84
181;85
181;86
181;87
181;88
181;89
181;90
181;91
181;92
181;93
181;94
181;95
181;96
181;97
181;98
181;99
181;100
181;101
182;9
182;10
182;11
182;12
182;13
182;14
182;15
182;16
182;17
182;18
182;19
182;20
182;21
182;22
182;23
182;24
182;25
182;26
182;27
182;28
182;29
182;30
182;31
182;32
182;33
182;34
182;35
182;36
182;37
182;38
182;39
182;40
182;41
182;42
182;43
182;44
182;45
182;46
182;47
182;48
182;49
182;50
182;51
182;52
182;53
182;54
182;55
182;56
182;57
182;58
182;59
182;60
182;61
182;62
182;63
182;64
182;65
182;66
182;67
182;68
182;69
182;70
182;71
182;72
182;73
182;74
182;75
182;76
182;77
182;78
182;79
182;80
182;81
182;82
182;83
182;84
182;85
182;86
182;87
182;88
182;89
182;90
182;91
182;92
182;93
182;94
182;95
182;96
182;97
182;98
182;99
182;100
182;101
183;9
183;10
183;11
183;12
183;13
183;14
183;15
183;16
183;17
183;18
183;19
183;20
183;21
183;22
183;23
183;24
183;25
183;26
183;27
183;28
183;29
183;30
183;31
183;32
183;33
183;34
183;35
183;36
183;37
183;38
183;39
183;40
183;41
183;42
183;43
183;44
183;45
183;46
183;47
183;48
183;49
183;50
183;51
183;52
183;53
183;54
183;55
183;56
183;57
183;58
183;59
183;60
183;61
183;62
183;63
183;64
183;65
183;66
183;67
183;68
183;69
183;70
183;71
183;72
183;73
183;74
183;75
183;76
183;77
183;78
183;79
183;80
183;81
183;82
183;83
183;84
183;85
183;86
183;87
183;88
183;89
183;90
183;91
183;92
183;93
183;94
183;95
183;96
183;97
183;98
183;99
183;100
183;101
184;9
184;10
184;11
184;12
184;13
184;14
184;15
184;16
184;17
184;18
184;19
184;20
184;21
184;22
184;23
184;24
184;25
184;26
184;27
184;28
184;29
184;30
184;31
184;32
184;33
184;34
184;35
184;36
184;37
184;38
184;39
184;40
184;41
184;42
184;43
184;44
184;45
184;46
184;47
184;48
184;49
184;50
184;51
184;52
184;53
184;54
184;55
184;56
184;57
184;58
184;59
184;60
184;61
184;62
184;63
184;64
184;65
184;66
184;67
184;68
184;69
184;70
184;71
184;72
184;73
184;74
184;75
184;76
184;77
184;78
184;79
184;80
184;81
184;82
184;83
184;84
184;85
184;86
184;87
184;88
184;89
184;90
184;91
184;92
184;93
184;94
184;95
184;96
184;97
184;98
184;99
184;100
184;101
185;9
185;10
185;11
185;12
185;13
185;14
185;15
185;16
185;17
185;18
185;19
185;20
185;21
185;22
185;23
185;24
185;25
185;26
185;27
185;28
185;29
185;30
185;31
185;32
185;33
185;34
185;35
185;36
185;37
185;38
185;39
185;40
185;41
185;42
185;43
185;44
185;45
185;46
185;47
185;48
185;49
185;50
185;51
185;52
185;53
185;54
185;55
185;56
185;57
185;58
185;59
185;60
185;61
185;62
185;63
185;64
185;65
185;66
185;67
185;68
185;69
185;70
185;71
185;72
185;73
185;74
185;75
185;76
185;77
185;78
185;79
185;80
185;81
185;82
185;83
185;84
185;85
185;86
185;87
185;88
185;89
185;90
185;91
185;92
185;93
185;94
185;95
185;96
185;97
185;98
185;99
185;100
185;101
186;9
186;10
186;11
186;12
186;13
186;14
186;15
186;16
186;17
186;18
186;19
186;20
186;21
186;22
186;23
186;24
186;25
186;26
186;27
186;28
186;29
186;30
186;31
186;32
186;33
186;34
186;35
186;36
186;37
186;38
186;39
186;40
186;41
186;42
186;43
186;44
186;45
186;46
186;47
186;48
186;49
186;50
186;51
186;52
186;53
186;54
186;55
186;56
186;57
186;58
186;59
186;60
186;61
186;62
186;63
186;64
186;65
186;66
186;67
186;68
186;69
186;70
186;71
186;72
186;73
186;74
186;75
186;76
186;77
186;78
186;79
186;80
186;81
186;82
186;83
186;84
186;85
186;86
186;87
186;88
186;89
186;90
186;91
186;92
186;93
186;94
186;95
186;96
186;97
186;98
186;99
186;100
186;101
187;9
187;10
187;11
187;12
187;13
187;14
187;15
187;16
187;17
187;18
187;19
187;20
187;21
187;22
187;23
187;24
187;25
187;26
187;27
187;28
187;29
187;30
187;31
187;32
187;33
187;34
187;35
187;36
187;37
187;38
187;39
187;40
187;41
187;42
187;43
187;44
187;45
187;46
187;47
187;48
187;49
187;50
187;51
187;52
187;53
187;54
187;55
187;56
187;57
187;58
187;59
187;60
187;61
187;62
187;63
187;64
187;65
187;66
187;67
187;68
187;69
187;70
187;71
187;72
187;73
187;74
187;75
187;76
187;77
187;78
187;79
187;80
187;81
187;82
187;83
187;84
187;85
187;86
187;87
187;88
187;89
187;90
187;91
187;92
187;93
187;94
187;95
187;96
187;97
187;98
187;99
187;100
187;101
188;9
188;10
188;11
188;12
188;13
188;14
188;15
188;16
188;17
188;18
188;19
188;20
188;21
188;22
188;23
188;24
188;25
188;26
188;27
188;28
188;29
188;30
188;31
188;32
188;33
188;34
188;35
188;36
188;37
188;38
188;39
188;40
188;41
188;42
188;43
188;44
188;45
188;46
188;47
188;48
188;49
188;50
188;51
188;52
188;53
188;54
188;55
188;56
188;57
188;58
188;59
188;60
188;61
188;62
188;63
188;64
188;65
188;66
188;67
188;68
188;69
188;70
188;71
188;72
188;73
188;74
188;75
188;76
188;77
188;78
188;79
188;80
188;81
188;82
188;83
188;84
188;85
188;86
188;87
188;88
188;89
188;90
188;91
188;92
188;93
188;94
188;95
188;96
188;97
188;98
188;99
188;100
188;101
189;9
189;10
189;11
189;12
189;13
189;14
189;15
189;16
189;17
189;18
189;19
189;20
189;21
189;22
189;23
189;24
189;25
189;26
189;27
189;28
189;29
189;30
189;31
189;32
189;33
189;34
189;35
189;36
189;37
189;38
189;39
189;40
189;41
189;42
189;43
189;44
189;45
189;46
189;47
189;48
189;49
189;50
189;51
189;52
189;53
189;54
189;55
189;56
189;57
189;58
189;59
189;60
189;61
189;62
189;63
189;64
189;65
189;66
189;67
189;68
189;69
189;70
189;71
189;72
189;73
189;74
189;75
189;76
189;77
189;78
189;79
189;80
189;81
189;82
189;83
189;84
189;85
189;86
189;87
189;88
189;89
189;90
189;91
189;92
189;93
189;94
189;95
189;96
189;97
189;98
189;99
189;100
189;101
190;9
190;10
190;11
190;12
190;13
190;14
190;15
190;16
190;17
190;18
190;19
190;20
190;21
190;22
190;23
190;24
190;25
190;26
190;27
190;28
190;29
190;30
190;31
190;32
190;33
190;34
190;35
190;36
190;37
190;38
190;39
190;40
190;41
190;42
190;43
190;44
190;45
190;46
190;47
190;48
190;49
190;50
190;51
190;52
190;53
190;54
190;55
190;56
190;57
190;58
190;59
190;60
190;61
190;62
190;63
190;64
190;65
190;66
190;67
190;68
190;69
190;70
190;71
190;72
190;73
190;74
190;75
190;76
190;77
190;78
190;79
190;80
190;81
190;82
190;83
190;84
190;85
190;86
190;87
190;88
190;89
190;90
190;91
190;92
190;93
190;94
190;95
190;96
190;97
190;98
190;99
190;100
190;101
191;9
191;10
191;11
191;12
191;13
191;14
191;15
191;16
191;17
191;18
191;19
191;20
191;21
191;22
191;23
191;24
191;25
191;26
191;27
191;28
191;29
191;30
191;31
191;32
191;33
191;34
191;35
191;36
191;37
191;38
191;39
191;40
191;41
191;42
191;43
191;44
191;45
191;46
191;47
191;48
191;49
191;50
191;51
191;52
191;53
191;54
191;55
191;56
191;57
191;58
191;59
191;60
191;61
191;62
191;63
191;64
191;65
191;66
191;67
191;68
191;69
191;70
191;71
191;72
191;73
191;74
191;75
191;76
191;77
191;78
191;79
191;80
191;81
191;82
191;83
191;84
191;85
191;86
191;87
191;88
191;89
191;90
191;91
191;92
191;93
191;94
191;95
191;96
191;97
191;98
191;99
191;100
191;101
192;9
192;10
192;11
192;12
192;13
192;14
192;15
192;16
192;17
192;18
192;19
192;20
192;21
192;22
192;23
192;24
192;25
192;26
192;27
192;28
192;29
192;30
192;31
192;32
192;33
192;34
192;35
192;36
192;37
192;38
192;39
192;40
192;41
192;42
192;43
192;44
192;45
192;46
192;47
192;48
192;49
192;50
192;51
192;52
192;53
192;54
192;55
192;56
192;57
192;58
192;59
192;60
192;61
192;62
192;63
192;64
192;65
192;66
192;67
192;68
192;69
192;70
192;71
192;72
192;73
192;74
192;75
192;76
192;77
192;78
192;79
192;80
192;81
192;82
192;83
192;84
192;85
192;86
192;87
192;88
192;89
192;90
192;91
192;92
192;93
192;94
192;95
192;96
192;97
192;98
192;99
192;100
192;101
193;9
193;10
193;11
193;12
193;13
193;14
193;15
193;16
193;17
193;18
193;19
193;20
193;21
193;22
193;23
193;24
193;25
193;26
193;27
193;28
193;29
193;30
193;31
193;32
193;33
193;34
193;35
193;36
193;37
193;38
193;39
193;40
193;41
193;42
193;43
193;44
193;45
193;46
193;47
193;48
193;49
193;50
193;51
193;52
193;53
193;54
193;55
193;56
193;57
193;58
193;59
193;60
193;61
193;62
193;63
193;64
193;65
193;66
193;67
193;68
193;69
193;70
193;71
193;72
193;73
193;74
193;75
193;76
193;77
193;78
193;79
193;80
193;81
193;82
193;83
193;84
193;85
193;86
193;88
193;90
193;92
193;94
193;96
194;9
194;10
194;11
194;12
194;13
194;14
194;15
194;16
194;17
194;18
194;19
194;20
194;21
194;22
194;23
194;24
194;25
194;26
194;27
194;28
194;29
194;30
194;31
194;32
194;33
194;34
194;35
194;36
194;37
194;38
194;39
194;40
194;41
194;42
194;43
194;44
194;45
194;46
194;47
194;48
194;49
194;50
194;51
194;52
194;53
194;54
194;55
194;56
194;57
194;58
194;59
194;60
194;61
194;62
194;64
194;66
194;68
194;70
194;72
194;74
195;9
195;10
195;11
195;12
195;13
195;14
195;15
195;16
195;17
195;18
195;19
195;20
195;21
195;22
195;23
195;24
195;25
195;26
195;27
195;28
195;29
195;30
195;31
195;32
195;33
195;34
195;35
195;36
195;37
195;38
195;39
195;40
195;42
195;44
195;46
195;48
195;50
196;9
196;10
196;11
196;12
196;13
196;14
196;15
196;16
196;18
196;20
196;22
196;24
196;26
236;31
236;33
236;35
236;37
236;39
236;41
236;43
236;45
236;47
236;49
236;51
236;53
236;55
236;57
236;59
236;60
237;1
237;2
237;3
237;4
237;5
237;6
237;7
237;8
237;9
237;10
237;11
237;12
237;13
237;14
237;15
237;16
237;17
237;18
237;19
237;20
237;21
237;22
237;23
237;24
237;25
237;26
237;27
237;28
237;29
237;30
237;31
237;32
237;33
237;34
237;35
237;36
237;37
237;38
237;39
237;40
237;41
237;42
237;43
237;44
237;45
237;46
237;47
237;48
237;49
237;50
237;51
237;52
237;53
237;54
237;55
237;56
237;57
237;58
237;59
237;60
238;0
238;1
238;2
238;3
238;4
238;5
238;6
238;7
238;8
238;9
238;10
238;11
238;12
238;13
238;14
238;15
238;16
238;17
238;18
238;19
238;20
238;21
238;22
238;23
238;24
238;25
238;26
238;27
238;28
238;29
238;30
238;31
238;32
238;33
238;34
238;35
238;36
238;37
238;38
238;39
238;40
238;41
238;42
238;43
238;44
238;45
238;46
238;47
238;48
238;49
238;50
238;51
238;52
238;53
238;54
238;55
238;56
238;57
238;58
238;59
238;60
239;0
239;1
239;2
239;3
239;4
239;5
239;6
239;7
239;8
239;9
239;10
239;11
239;12
239;13
239;14
239;15
239;16
239;17
239;18
239;19
239;20
239;21
239;22
239;23
239;24
239;25
239;26
239;27
239;28
239;29
239;30
239;31
239;32
239;33
239;34
239;35
239;36
239;37
239;38
239;39
239;40
239;41
239;42
239;43
239;44
239;45
239;46
239;47
239;48
239;49
239;50
239;51
239;52
239;53
239;54
239;55
239;56
239;57
239;58
239;59
239;60
240;0
240;1
240;2
240;3
240;4
240;5
240;6
240;7
240;8
240;9
240;10
240;11
240;12
240;13
240;14
240;15
240;16
240;17
240;18
240;19
240;20
240;21
240;22
240;23
240;24
240;25
240;26
240;27
240;28
240;29
240;30
240;31
240;32
240;33
240;34
240;35
240;36
240;37
240;38
240;39
240;40
240;41
240;42
240;43
240;44
240;45
240;46
240;47
240;48
240;49
240;50
240;51
240;52
240;53
240;54
240;55
240;56
240;57
240;58
240;59
240;60
241;0
241;1
241;2
241;3
241;4
241;5
241;6
241;7
241;8
241;9
241;10
241;11
241;12
241;13
241;14
241;15
241;16
241;17
241;18
241;19
241;20
241;21
241;22
241;23
241;24
241;25
241;26
241;27
241;28
241;29
241;30
241;31
241;32
241;33
241;34
241;35
241;36
241;37
241;38
241;39
241;40
241;41
241;42
241;43
241;44
241;45
241;46
241;47
241;48
241;49
241;50
241;51
241;52
241;53
241;54
241;55
241;56
241;57
241;58
241;59
241;60
242;0
242;1
242;2
242;3
242;4
242;5
242;6
242;7
242;8
242;9
242;10
242;11
242;12
242;13
242;14
242;15
242;16
242;17
242;18
242;19
242;20
242;21
242;22
242;23
242;24
242;25
242;26
242;27
242;28
242;29
242;30
242;31
242;32
242;33
242;34
242;35
242;36
242;37
242;38
242;39
242;40
242;41
242;42
242;43
242;44
242;45
242;46
242;47
242;48
242;49
242;50
242;51
242;52
242;53
242;54
242;55
242;56
242;57
242;58
242;59
242;60
243;0
243;1
243;2
243;3
243;4
243;5
243;6
243;7
243;8
243;9
243;10
243;11
243;12
243;13
243;14
243;15
243;16
243;17
243;18
243;19
243;20
243;21
243;22
243;23
243;24
243;25
243;26
243;27
243;28
243;29
243;30
243;31
243;32
243;33
243;34
243;35
243;36
243;37
243;38
243;39
243;40
243;41
243;42
243;43
243;44
243;45
243;46
243;47
243;48
243;49
243;50
243;51
243;52
243;53
243;54
243;55
243;56
243;57
243;58
243;59
243;60
244;0
244;1
244;2
244;3
244;4
244;5
244;6
244;7
244;8
244;9
244;10
244;11
244;12
244;13
244;14
244;15
244;16
244;17
244;18
244;19
244;20
244;21
244;22
244;23
244;24
244;25
244;26
244;27
244;28
244;29
244;30
244;31
244;32
244;33
244;34
244;35
244;36
244;37
244;38
244;39
244;40
244;41
244;42
244;43
244;44
244;45
244;46
244;47
244;48
244;49
244;50
244;51
244;52
244;53
244;54
244;55
244;56
244;57
244;58
244;59
244;60
245;0
245;1
245;2
245;3
245;4
245;5
245;6
245;7
245;8
245;9
245;10
245;11
245;12
245;13
245;14
245;15
245;16
245;17
245;18
245;19
245;20
245;21
245;22
245;23
245;24
245;25
245;26
245;27
245;28
245;29
245;30
245;31
245;32
245;33
245;34
245;35
245;36
245;37
245;38
245;39
245;40
245;41
245;42
245;43
245;44
245;45
245;46
245;47
245;48
245;49
245;50
245;51
245;52
245;53
245;54
245;55
245;56
245;57
245;58
245;59
245;60
246;0
246;1
246;2
246;3
246;4
246;5
246;6
246;7
246;8
246;9
246;10
246;11
246;12
246;13
246;14
246;15
246;16
246;17
246;18
246;19
246;20
246;21
246;22
246;23
246;24
246;25
246;26
246;27
246;28
246;29
246;30
246;31
246;32
246;33
246;34
246;35
246;36
246;37
246;38
246;39
246;40
246;41
246;42
246;43
246;44
246;45
246;46
246;47
246;48
246;49
246;50
246;51
246;52
246;53
246;54
246;55
246;56
246;57
246;58
246;59
246;60
247;0
247;1
247;2
247;3
247;4
247;5
247;6
247;7
247;8
247;9
247;10
247;11
247;12
247;13
247;14
247;15
247;16
247;17
247;18
247;19
247;20
247;21
247;22
247;23
247;24
247;25
247;26
247;27
247;28
247;29
247;30
247;31
247;32
247;33
247;34
247;35
247;36
247;37
247;38
247;39
247;40
247;41
247;42
247;43
247;44
247;45
247;46
247;47
247;48
247;49
247;50
247;51
247;52
247;53
247;54
247;55
247;56
247;57
247;58
247;59
247;60
248;0
248;1
248;2
248;3
248;4
248;5
248;6
248;7
248;8
248;9
248;10
248;11
248;12
248;13
248;14
248;15
248;16
248;17
248;18
248;19
248;20
248;21
248;22
248;23
248;24
248;25
248;26
248;27
248;28
248;29
248;30
248;31
248;32
248;33
248;34
248;35
248;36
248;37
248;38
248;39
248;40
248;41
248;42
248;43
248;44
248;45
248;46
248;47
248;48
248;49
248;50
248;51
248;52
248;53
248;54
248;55
248;56
248;57
248;58
248;59
248;60
249;0
249;1
249;2
249;3
249;4
249;5
249;6
249;7
249;8
249;9
249;10
249;11
249;12
249;13
249;14
249;15
249;16
249;17
249;18
249;19
249;20
249;21
249;22
249;23
249;24
249;25
249;26
249;27
249;28
249;29
249;30
249;31
249;32
249;33
249;34
249;35
249;36
249;37
249;38
249;39
249;40
249;41
249;42
249;43
249;44
249;45
249;46
249;47
249;48
249;49
249;50
249;51
249;52
249;53
249;54
249;55
249;56
249;57
249;58
249;59
249;60
250;0
250;1
250;2
250;3
250;4
250;5
250;6
250;7
250;8
250;9
250;10
250;11
250;12
250;13
250;14
250;15
250;16
250;17
250;18
250;19
250;20
250;21
250;22
250;23
250;24
250;25
250;26
250;27
250;28
250;29
250;30
250;31
250;32
250;33
250;34
250;35
250;36
250;37
250;38
250;39
250;40
250;41
250;42
250;43
250;44
250;45
250;46
250;47
250;48
250;49
250;50
250;51
250;52
250;53
250;54
250;55
250;56
250;57
250;58
250;59
250;60
251;0
251;1
251;2
251;3
251;4
251;5
251;6
251;7
251;8
251;9
251;10
251;11
251;12
251;13
251;14
251;15
251;16
251;17
251;18
251;19
251;20
251;21
251;22
251;23
251;24
251;25
251;26
251;27
251;28
251;29
251;30
251;31
251;32
251;33
251;34
251;35
251;36
251;37
251;38
251;39
251;40
251;41
251;42
251;43
251;44
251;45
251;46
251;47
251;48
251;49
251;50
251;51
251;52
251;53
251;54
251;55
251;56
251;57
251;58
251;59
251;60
252;0
252;1
252;2
252;3
252;4
252;5
252;6
252;7
252;8
252;9
252;10
252;11
252;12
252;13
252;14
252;15
252;16
252;17
252;18
252;19
252;20
252;21
252;22
252;23
252;24
252;25
252;26
252;27
252;28
252;29
252;30
252;31
252;32
252;33
252;34
252;35
252;36
252;37
252;38
252;39
252;40
252;41
252;42
252;43
252;44
252;45
252;46
252;47
252;48
252;49
252;50
252;51
252;52
252;53
252;54
252;55
252;56
252;57
252;58
252;59
252;60
253;0
253;1
253;2
253;3
253;4
253;5
253;6
253;7
253;8
253;9
253;10
253;11
253;12
253;13
253;14
253;15
253;16
253;17
253;18
253;19
253;20
253;21
253;22
253;23
253;24
253;25
253;26
253;27
253;28
253;29
253;30
253;31
253;32
253;33
253;34
253;35
253;36
253;37
253;38
253;39
253;40
253;41
253;42
253;43
253;44
253;45
253;46
253;47
253;48
253;49
253;50
253;51
253;52
253;53
253;54
253;55
253;56
253;57
253;58
253;59
253;60
254;0
254;1
254;2
254;3
254;4
254;5
254;6
254;7
254;8
254;9
254;10
254;11
254;12
254;13
254;14
254;15
254;16
254;17
254;18
254;19
254;20
254;21
254;22
254;23
254;24
254;25
254;26
254;27
254;28
254;29
254;30
254;31
254;32
254;33
254;34
254;35
254;36
254;37
254;38
254;39
254;40
254;41
254;42
254;43
254;44
254;45
254;46
254;47
254;48
254;49
254;50
254;51
254;52
254;53
254;54
254;55
254;56
254;57
254;58
254;59
254;60
255;0
255;1
255;2
255;3
255;4
255;5
255;6
255;7
255;8
255;9
255;10
255;11
255;12
255;13
255;14
255;15
255;16
255;17
255;18
255;19
255;20
255;21
255;22
255;23
255;24
255;25
255;26
255;27
255;28
255;29
255;30
255;31
255;32
255;33
255;34
255;35
255;36
255;37
255;38
255;39
255;40
255;41
255;42
255;43
255;44
255;45
255;46
255;47
255;48
255;49
255;50
255;51
255;52
255;53
255;54
255;55
255;56
255;57
255;58
255;59
255;60
256;0
256;1
256;2
256;3
256;4
256;5
256;6
256;7
256;8
256;9
256;10
256;11
256;12
256;13
256;14
256;15
256;16
256;17
256;18
256;19
256;20
256;21
256;22
256;23
256;24
256;25
256;26
256;27
256;28
256;29
256;30
256;31
256;32
256;33
256;34
256;35
256;36
256;37
256;38
256;39
256;40
256;41
256;42
256;43
256;44
256;45
256;46
256;47
256;48
256;49
256;50
256;51
256;52
256;53
256;54
256;55
256;56
256;57
256;58
256;59
256;60
256;61
257;0
257;1
257;2
257;3
257;4
257;5
257;6
257;7
257;8
257;9
257;10
257;11
257;12
257;13
257;14
257;15
257;16
257;17
257;18
257;19
257;20
257;21
257;22
257;23
257;24
257;25
257;26
257;27
257;28
257;29
257;30
257;31
257;32
257;33
257;34
257;35
257;36
257;37
257;38
257;39
257;40
257;41
257;42
257;43
257;44
257;45
257;46
257;47
257;48
257;49
257;50
257;51
257;52
257;53
257;54
257;55
257;56
257;57
257;58
257;59
257;60
257;61
258;0
258;1
258;2
258;3
258;4
258;5
258;6
258;7
258;8
258;9
258;10
258;11
258;12
258;13
258;14
258;15
258;16
258;17
258;18
258;19
258;20
258;21
258;22
258;23
258;24
258;25
258;26
258;27
258;28
258;29
258;30
258;31
258;32
258;33
258;34
258;35
258;36
258;37
258;38
258;39
258;40
258;41
258;42
258;43
258;44
258;45
258;46
258;47
258;48
258;49
258;50
258;51
258;52
258;53
258;54
258;55
258;56
258;57
258;58
258;59
258;60
258;61
259;0
259;1
259;2
259;3
259;4
259;5
259;6
259;7
259;8
259;9
259;10
259;11
259;12
259;13
259;14
259;15
259;16
259;17
259;18
259;19
259;20
259;21
259;22
259;23
259;24
259;25
259;26
259;27
259;28
259;29
259;30
259;31
259;32
259;33
259;34
259;35
259;36
259;37
259;38
259;39
259;40
259;41
259;42
259;43
259;44
259;45
259;46
259;47
259;48
259;49
259;50
259;51
259;52
259;53
259;54
259;55
259;56
259;57
259;58
259;59
259;60
259;61
260;0
260;1
260;2
260;3
260;4
260;5
260;6
260;7
260;8
260;9
260;10
260;11
260;12
260;13
260;14
260;15
260;16
260;17
260;18
260;19
260;20
260;21
260;22
260;23
260;24
260;25
260;26
260;27
260;28
260;29
260;30
260;31
260;32
260;33
260;34
260;35
260;36
260;37
260;38
260;39
260;40
260;41
260;42
260;43
260;44
260;45
260;46
260;47
260;48
260;49
260;50
260;51
260;52
260;53
260;54
260;55
260;56
260;57
260;58
260;59
260;60
260;61
261;0
261;1
261;2
261;3
261;4
261;5
261;6
261;7
261;8
261;9
261;10
261;11
261;12
261;13
261;14
261;15
261;16
261;17
261;18
261;19
261;20
261;21
261;22
261;23
261;24
261;25
261;26
261;27
261;28
261;29
261;30
261;31
261;32
261;33
261;34
261;35
261;36
261;37
261;38
261;39
261;40
261;41
261;42
261;43
261;44
261;45
261;46
261;47
261;48
261;49
261;50
261;51
261;52
261;53
261;54
261;55
261;56
261;57
261;58
261;59
261;60
261;61
262;0
262;1
262;2
262;3
262;4
262;5
262;6
262;7
262;8
262;9
262;10
262;11
262;12
262;13
262;14
262;15
262;16
262;17
262;18
262;19
262;20
262;21
262;22
262;23
262;24
262;25
262;26
262;27
262;28
262;29
262;30
262;31
262;32
262;33
262;34
262;35
262;36
262;37
262;38
262;39
262;40
262;41
262;42
262;43
262;44
262;45
262;46
262;47
262;48
262;49
262;50
262;51
262;52
262;53
262;54
262;55
262;56
262;57
262;58
262;59
262;60
262;61
263;0
263;1
263;2
263;3
263;4
263;5
263;6
263;7
263;8
263;9
263;10
263;11
263;12
263;13
263;14
263;15
263;16
263;17
263;18
263;19
263;20
263;21
263;22
263;23
263;24
263;25
263;26
263;27
263;28
263;29
263;30
263;31
263;32
263;33
263;34
263;35
263;36
263;37
263;38
263;39
263;40
263;41
263;42
263;43
263;44
263;45
263;46
263;47
263;48
263;49
263;50
263;51
263;52
263;53
263;54
263;55
263;56
263;57
263;58
263;59
263;60
263;61
264;0
264;1
264;2
264;3
264;4
264;5
264;6
264;7
264;8
264;9
264;10
264;11
264;12
264;13
264;14
264;15
264;16
264;17
264;18
264;19
264;20
264;21
264;22
264;23
264;24
264;25
264;26
264;27
264;28
264;29
264;30
264;31
264;32
264;33
264;34
264;35
264;36
264;37
264;38
264;39
264;40
264;41
264;42
264;43
264;44
264;45
264;46
264;47
264;48
264;49
264;50
264;51
264;52
264;53
264;54
264;55
264;56
264;57
264;58
264;59
264;60
264;61
265;0
265;1
265;2
265;3
265;4
265;5
265;6
265;7
265;8
265;9
265;10
265;11
265;12
265;13
265;14
265;15
265;16
265;17
265;18
265;19
265;20
265;21
265;22
265;23
265;24
265;25
265;26
265;27
265;28
265;29
265;30
265;31
265;32
265;33
265;34
265;35
265;36
265;37
265;38
265;39
265;40
265;41
265;42
265;43
265;44
265;45
265;46
265;47
265;48
265;49
265;50
265;51
265;52
265;53
265;54
265;55
265;56
265;57
265;58
265;59
265;60
265;61
265;393
265;394
266;0
266;1
266;2
266;3
266;4
266;5
266;6
266;7
266;8
266;9
266;10
266;11
266;12
266;13
266;14
266;15
266;16
266;17
266;18
266;19
266;20
266;21
266;22
266;23
266;24
266;25
266;26
266;27
266;28
266;29
266;30
266;31
266;32
266;33
266;34
266;35
266;36
266;37
266;38
266;39
266;40
266;41
266;42
266;43
266;44
266;45
266;46
266;47
266;48
266;49
266;50
266;51
266;52
266;53
266;54
266;55
266;56
266;57
266;58
266;59
266;60
266;61
266;392
266;393
266;394
267;0
267;1
267;2
267;3
267;4
267;5
267;6
267;7
267;8
267;9
267;10
267;11
267;12
267;13
267;14
267;15
267;16
267;17
267;18
267;19
267;20
267;21
267;22
267;23
267;24
267;25
267;26
267;27
267;28
267;29
267;30
267;31
267;32
267;33
267;34
267;35
267;36
267;37
267;38
267;39
267;40
267;41
267;42
267;43
267;44
267;45
267;46
267;47
267;48
267;49
267;50
267;51
267;52
267;53
267;54
267;55
267;56
267;57
267;58
267;59
267;60
267;61
267;391
267;392
267;393
267;394
268;0
268;1
268;2
268;3
268;4
268;5
268;6
268;7
268;8
268;9
268;10
268;11
268;12
268;13
268;14
268;15
268;16
268;17
268;18
268;19
268;20
268;21
268;22
268;23
268;24
268;25
268;26
268;27
268;28
268;29
268;30
268;31
268;32
268;33
268;34
268;35
268;36
268;37
268;38
268;39
268;40
268;41
268;42
268;43
268;44
268;45
268;46
268;47
268;48
268;49
268;50
268;51
268;52
268;53
268;54
268;55
268;56
268;57
268;58
268;59
268;60
268;61
268;389
268;390
268;391
268;392
268;393
268;394
269;0
269;1
269;2
269;3
269;4
269;5
269;6
269;7
269;8
269;9
269;10
269;11
269;12
269;13
269;14
269;15
269;16
269;17
269;18
269;19
269;20
269;21
269;22
269;23
269;24
269;25
269;26
269;27
269;28
269;29
269;30
269;31
269;32
269;33
269;34
269;35
269;36
269;37
269;38
269;39
269;40
269;41
269;42
269;43
269;44
269;45
269;46
269;47
269;48
269;49
269;50
269;51
269;52
269;53
269;54
269;55
269;56
269;57
269;58
269;59
269;60
269;61
269;387
269;388
269;389
269;390
269;391
269;392
269;393
269;394
270;0
270;1
270;2
270;3
270;4
270;5
270;6
270;7
270;8
270;9
270;10
270;11
270;12
270;13
270;14
270;15
270;16
270;17
270;18
270;19
270;20
270;21
270;22
270;23
270;24
270;25
270;26
270;27
270;28
270;29
270;30
270;31
270;32
270;33
270;34
270;35
270;36
270;37
270;38
270;39
270;40
270;41
270;42
270;43
270;44
270;45
270;46
270;47
270;48
270;49
270;50
270;51
270;52
270;53
270;54
270;55
270;56
270;57
270;58
270;59
270;60
270;61
270;387
270;388
270;389
270;390
270;391
270;392
270;393
270;394
270;395
271;0
271;1
271;2
271;3
271;4
271;5
271;6
271;7
271;8
271;9
271;10
271;11
271;12
271;13
271;14
271;15
271;16
271;17
271;18
271;19
271;20
271;21
271;22
271;23
271;24
271;25
271;26
271;27
271;28
271;29
271;30
271;31
271;32
271;33
271;34
271;35
271;36
271;37
271;38
271;39
271;40
271;41
271;42
271;43
271;44
271;45
271;46
271;47
271;48
271;49
271;50
271;51
271;52
271;53
271;54
271;55
271;56
271;57
271;58
271;59
271;60
271;61
271;385
271;386
271;387
271;388
271;389
271;390
271;391
271;392
271;393
271;394
271;395
272;0
272;1
272;2
272;3
272;4
272;5
272;6
272;7
272;8
272;9
272;10
272;11
272;12
272;13
272;14
272;15
272;16
272;17
272;18
272;19
272;20
272;21
272;22
272;23
272;24
272;25
272;26
272;27
272;28
272;29
272;30
272;31
272;32
272;33
272;34
272;35
272;36
272;37
272;38
272;39
272;40
272;41
272;42
272;43
272;44
272;45
272;46
272;47
272;48
272;49
272;50
272;51
272;52
272;53
272;54
272;55
272;56
272;57
272;58
272;59
272;60
272;61
272;383
272;384
272;385
272;386
272;387
272;388
272;389
272;390
272;391
272;392
272;393
272;394
272;395
273;0
273;1
273;2
273;3
273;4
273;5
273;6
273;7
273;8
273;9
273;10
273;11
273;12
273;13
273;14
273;15
273;16
273;17
273;18
273;19
273;20
273;21
273;22
273;23
273;24
273;25
273;26
273;27
273;28
273;29
273;30
273;31
273;32
273;33
273;34
273;35
273;36
273;37
273;38
273;39
273;40
273;41
273;42
273;43
273;44
273;45
273;46
273;47
273;48
273;49
273;50
273;51
273;52
273;53
273;54
273;55
273;56
273;57
273;58
273;59
273;60
273;61
273;383
273;384
273;385
273;386
273;387
273;388
273;389
273;390
273;391
273;392
273;393
273;394
273;395
274;0
274;1
274;2
274;3
274;4
274;5
274;6
274;7
274;8
274;9
274;10
274;11
274;12
274;13
274;14
274;15
274;16
274;17
274;18
274;19
274;20
274;21
274;22
274;23
274;24
274;25
274;26
274;27
274;28
274;29
274;30
274;31
274;32
274;33
274;34
274;35
274;36
274;37
274;38
274;39
274;40
274;41
274;42
274;43
274;44
274;45
274;46
274;47
274;48
274;49
274;50
274;51
274;52
274;53
274;54
274;55
274;56
274;57
274;58
274;59
274;60
274;61
274;381
274;382
274;383
274;384
274;385
274;386
274;387
274;388
274;389
274;390
274;391
274;392
274;393
274;394
274;395
275;0
275;1
275;2
275;3
275;4
275;5
275;6
275;7
275;8
275;9
275;10
275;11
275;12
275;13
275;14
275;15
275;16
275;17
275;18
275;19
275;20
275;21
275;22
275;23
275;24
275;25
275;26
275;27
275;28
275;29
275;30
275;31
275;32
275;33
275;34
275;35
275;36
275;37
275;38
275;39
275;40
275;41
275;42
275;43
275;44
275;45
275;46
275;47
275;48
275;49
275;50
275;51
275;52
275;53
275;54
275;55
275;56
275;57
275;58
275;59
275;60
275;61
275;379
275;380
275;381
275;382
275;383
275;384
275;385
275;386
275;387
275;388
275;389
275;390
275;391
275;392
275;393
275;394
275;395
276;0
276;1
276;2
276;3
276;4
276;5
276;6
276;7
276;8
276;9
276;10
276;11
276;12
276;13
276;14
276;15
276;16
276;17
276;18
276;19
276;20
276;21
276;22
276;23
276;24
276;25
276;26
276;27
276;28
276;29
276;30
276;31
276;32
276;33
276;34
276;35
276;36
276;37
276;38
276;39
276;40
276;41
276;42
276;43
276;44
276;45
276;46
276;47
276;48
276;49
276;50
276;51
276;52
276;53
276;54
276;55
276;56
276;57
276;58
276;59
276;60
276;61
276;378
276;379
276;380
276;381
276;382
276;383
276;384
276;385
276;386
276;387
276;388
276;389
276;390
276;391
276;392
276;393
276;394
276;395
276;396
277;0
277;1
277;2
277;3
277;4
277;5
277;6
277;7
277;8
277;9
277;10
277;11
277;12
277;13
277;14
277;15
277;16
277;17
277;18
277;19
277;20
277;21
277;22
277;23
277;24
277;25
277;26
277;27
277;28
277;29
277;30
277;31
277;32
277;33
277;34
277;35
277;36
277;37
277;38
277;39
277;40
277;41
277;42
277;43
277;44
277;45
277;46
277;47
277;48
277;49
277;50
277;51
277;52
277;53
277;54
277;55
277;56
277;57
277;58
277;59
277;60
277;61
277;377
277;378
277;379
277;380
277;381
277;382
277;383
277;384
277;385
277;386
277;387
277;388
277;389
277;390
277;391
277;392
277;393
277;394
277;395
277;396
278;0
278;1
278;2
278;3
278;4
278;5
278;6
278;7
278;8
278;9
278;10
278;11
278;12
278;13
278;14
278;15
278;16
278;17
278;18
278;19
278;20
278;21
278;22
278;23
278;24
278;25
278;26
278;27
278;28
278;29
278;30
278;31
278;32
278;33
278;34
278;35
278;36
278;37
278;38
278;39
278;40
278;41
278;42
278;43
278;44
278;45
278;46
278;47
278;48
278;49
278;50
278;51
278;52
278;53
278;54
278;55
278;56
278;57
278;58
278;59
278;60
278;61
278;295
278;296
278;375
278;376
278;377
278;378
278;379
278;380
278;381
278;382
278;383
278;384
278;385
278;386
278;387
278;388
278;389
278;390
278;391
278;392
278;393
278;394
278;395
278;396
279;0
279;1
279;2
279;3
279;4
279;5
279;6
279;7
279;8
279;9
279;10
279;11
279;12
279;13
279;14
279;15
279;16
279;17
279;18
279;19
279;20
279;21
279;22
279;23
279;24
279;25
279;26
279;27
279;28
279;29
279;30
279;31
279;32
279;33
279;34
279;35
279;36
279;37
279;38
279;39
279;40
279;41
279;42
279;43
279;44
279;45
279;46
279;47
279;48
279;49
279;50
279;51
279;52
279;53
279;54
279;55
279;56
279;57
279;58
279;59
279;60
279;61
279;293
279;294
279;295
279;296
279;374
279;375
279;376
279;377
279;378
279;379
279;380
279;381
279;382
279;383
279;384
279;385
279;386
279;387
279;388
279;389
279;390
279;391
279;392
279;393
279;394
279;395
279;396
280;0
280;1
280;2
280;3
280;4
280;5
280;6
280;7
280;8
280;9
280;10
280;11
280;12
280;13
280;14
280;15
280;16
280;17
280;18
280;19
280;20
280;21
280;22
280;23
280;24
280;25
280;26
280;27
280;28
280;29
280;30
280;31
280;32
280;33
280;34
280;35
280;36
280;37
280;38
280;39
280;40
280;41
280;42
280;43
280;44
280;45
280;46
280;47
280;48
280;49
280;50
280;51
280;52
280;53
280;54
280;55
280;56
280;57
280;58
280;59
280;60
280;61
280;291
280;292
280;293
280;294
280;295
280;296
280;373
280;374
280;375
280;376
280;377
280;378
280;379
280;380
280;381
280;382
280;383
280;384
280;385
280;386
280;387
280;388
280;389
280;390
280;391
280;392
280;393
280;394
280;395
280;396
280;397
281;0
281;1
281;2
281;3
281;4
281;5
281;6
281;7
281;8
281;9
281;10
281;11
281;12
281;13
281;14
281;15
281;16
281;17
281;18
281;19
281;20
281;21
281;22
281;23
281;24
281;25
281;26
281;27
281;28
281;29
281;30
281;31
281;32
281;33
281;34
281;35
281;36
281;37
281;38
281;39
281;40
281;41
281;42
281;43
281;44
281;45
281;46
281;47
281;48
281;49
281;50
281;51
281;52
281;53
281;54
281;55
281;56
281;57
281;58
281;59
281;60
281;61
281;289
281;290
281;291
281;292
281;293
281;294
281;295
281;296
281;371
281;372
281;373
281;374
281;375
281;376
281;377
281;378
281;379
281;380
281;381
281;382
281;383
281;384
281;385
281;386
281;387
281;388
281;389
281;390
281;391
281;392
281;393
281;394
281;395
281;396
281;397
282;0
282;1
282;2
282;3
282;4
282;5
282;6
282;7
282;8
282;9
282;10
282;11
282;12
282;13
282;14
282;15
282;16
282;17
282;18
282;19
282;20
282;21
282;22
282;23
282;24
282;25
282;26
282;27
282;28
282;29
282;30
282;31
282;32
282;33
282;34
282;35
282;36
282;37
282;38
282;39
282;40
282;41
282;42
282;43
282;44
282;45
282;46
282;47
282;48
282;49
282;50
282;51
282;52
282;53
282;54
282;55
282;56
282;57
282;58
282;59
282;60
282;61
282;287
282;288
282;289
282;290
282;291
282;292
282;293
282;294
282;295
282;296
282;369
282;370
282;371
282;372
282;373
282;374
282;375
282;376
282;377
282;378
282;379
282;380
282;381
282;382
282;383
282;384
282;385
282;386
282;387
282;388
282;389
282;390
282;391
282;392
282;393
282;394
282;395
282;396
282;397
283;0
283;1
283;2
283;3
283;4
283;5
283;6
283;7
283;8
283;9
283;10
283;11
283;12
283;13
283;14
283;15
283;16
283;17
283;18
283;19
283;20
283;21
283;22
283;23
283;24
283;25
283;26
283;27
283;28
283;29
283;30
283;31
283;32
283;33
283;34
283;35
283;36
283;37
283;38
283;39
283;40
283;41
283;42
283;43
283;44
283;45
283;46
283;47
283;48
283;49
283;50
283;51
283;52
283;53
283;54
283;55
283;56
283;57
283;58
283;59
283;60
283;61
283;285
283;286
283;287
283;288
283;289
283;290
283;291
283;292
283;293
283;294
283;295
283;296
283;369
283;370
283;371
283;372
283;373
283;374
283;375
283;376
283;377
283;378
283;379
283;380
283;381
283;382
283;383
283;384
283;385
283;386
283;387
283;388
283;389
283;390
283;391
283;392
283;393
283;394
283;395
283;396
283;397
284;0
284;1
284;2
284;3
284;4
284;5
284;6
284;7
284;8
284;9
284;10
284;11
284;12
284;13
284;14
284;15
284;16
284;17
284;18
284;19
284;20
284;21
284;22
284;23
284;24
284;25
284;26
284;27
284;28
284;29
284;30
284;31
284;32
284;33
284;34
284;35
284;36
284;37
284;38
284;39
284;40
284;41
284;42
284;43
284;44
284;45
284;46
284;47
284;48
284;49
284;50
284;51
284;52
284;53
284;54
284;55
284;56
284;57
284;58
284;59
284;60
284;61
284;283
284;284
284;285
284;286
284;287
284;288
284;289
284;290
284;291
284;292
284;293
284;294
284;295
284;296
284;367
284;368
284;369
284;370
284;371
284;372
284;373
284;374
284;375
284;376
284;377
284;378
284;379
284;380
284;381
284;382
284;383
284;384
284;385
284;386
284;387
284;388
284;389
284;390
284;391
284;392
284;393
284;394
284;395
284;396
284;397
285;0
285;1
285;2
285;3
285;4
285;5
285;6
285;7
285;8
285;9
285;10
285;11
285;12
285;13
285;14
285;15
285;16
285;17
285;18
285;19
285;20
285;21
285;22
285;23
285;24
285;25
285;26
285;27
285;28
285;29
285;30
285;31
285;32
285;33
285;34
285;35
285;36
285;37
285;38
285;39
285;40
285;41
285;42
285;43
285;44
285;45
285;46
285;47
285;48
285;49
285;50
285;51
285;52
285;53
285;54
285;55
285;56
285;57
285;58
285;59
285;60
285;61
285;281
285;282
285;283
285;284
285;285
285;286
285;287
285;288
285;289
285;290
285;291
285;292
285;293
285;294
285;295
285;296
285;365
285;366
285;367
285;368
285;369
285;370
285;371
285;372
285;373
285;374
285;375
285;376
285;377
285;378
285;379
285;380
285;381
285;382
285;383
285;384
285;385
285;386
285;387
285;388
285;389
285;390
285;391
285;392
285;393
285;394
285;395
285;396
285;397
286;0
286;1
286;2
286;3
286;4
286;5
286;6
286;7
286;8
286;9
286;10
286;11
286;12
286;13
286;14
286;15
286;16
286;17
286;18
286;19
286;20
286;21
286;22
286;23
286;24
286;25
286;26
286;27
286;28
286;29
286;30
286;31
286;32
286;33
286;34
286;35
286;36
286;37
286;38
286;39
286;40
286;41
286;42
286;43
286;44
286;45
286;46
286;47
286;48
286;49
286;50
286;51
286;52
286;53
286;54
286;55
286;56
286;57
286;58
286;59
286;60
286;61
286;279
286;280
286;281
286;282
286;283
286;284
286;285
286;286
286;287
286;288
286;289
286;290
286;291
286;292
286;293
286;294
286;295
286;296
286;365
286;366
286;367
286;368
286;369
286;370
286;371
286;372
286;373
286;374
286;375
286;376
286;377
286;378
286;379
286;380
286;381
286;382
286;383
286;384
286;385
286;386
286;387
286;388
286;389
286;390
286;391
286;392
286;393
286;394
286;395
286;396
286;397
286;398
287;0
287;1
287;2
287;3
287;4
287;5
287;6
287;7
287;8
287;9
287;10
287;11
287;12
287;13
287;14
287;15
287;16
287;17
287;18
287;19
287;20
287;21
287;22
287;23
287;24
287;25
287;26
287;27
287;28
287;29
287;30
287;31
287;32
287;33
287;34
287;35
287;36
287;37
287;38
287;39
287;40
287;41
287;42
287;43
287;44
287;45
287;46
287;47
287;48
287;49
287;50
287;51
287;52
287;53
287;54
287;55
287;56
287;57
287;58
287;59
287;60
287;61
287;277
287;278
287;279
287;280
287;281
287;282
287;283
287;284
287;285
287;286
287;287
287;288
287;289
287;290
287;291
287;292
287;293
287;294
287;295
287;296
287;363
287;364
287;365
287;366
287;367
287;368
287;369
287;370
287;371
287;372
287;373
287;374
287;375
287;376
287;377
287;378
287;379
287;380
287;381
287;382
287;383
287;384
287;385
287;386
287;387
287;388
287;389
287;390
287;391
287;392
287;393
287;394
287;395
287;396
287;397
287;398
288;0
288;1
288;2
288;3
288;4
288;5
288;6
288;7
288;8
288;9
288;10
288;11
288;12
288;13
288;14
288;15
288;16
288;17
288;18
288;19
288;20
288;21
288;22
288;23
288;24
288;25
288;26
288;27
288;28
288;29
288;30
288;31
288;32
288;33
288;34
288;35
288;36
288;37
288;38
288;39
288;40
288;41
288;42
288;43
288;44
288;45
288;46
288;47
288;48
288;49
288;50
288;51
288;52
288;53
288;54
288;55
288;56
288;57
288;58
288;59
288;60
288;61
288;275
288;276
288;277
288;278
288;279
288;280
288;281
288;282
288;283
288;284
288;285
288;286
288;287
288;288
288;289
288;290
288;291
288;292
288;293
288;294
288;295
288;296
288;361
288;362
288;363
288;364
288;365
288;366
288;367
288;368
288;369
288;370
288;371
288;372
288;373
288;374
288;375
288;376
288;377
288;378
288;379
288;380
288;381
288;382
288;383
288;384
288;385
288;386
288;387
288;388
288;389
288;390
288;391
288;392
288;393
288;394
288;395
288;396
288;397
288;398
289;0
289;1
289;2
289;3
289;4
289;5
289;6
289;7
289;8
289;9
289;10
289;11
289;12
289;13
289;14
289;15
289;16
289;17
289;18
289;19
289;20
289;21
289;22
289;23
289;24
289;25
289;26
289;27
289;28
289;29
289;30
289;31
289;32
289;33
289;34
289;35
289;36
289;37
289;38
289;39
289;40
289;41
289;42
289;43
289;44
289;45
289;46
289;47
289;48
289;49
289;50
289;51
289;52
289;53
289;54
289;55
289;56
289;57
289;58
289;59
289;60
289;61
289;274
289;275
289;276
289;277
289;278
289;279
289;280
289;281
289;282
289;283
289;284
289;285
289;286
289;287
289;288
289;289
289;290
289;291
289;292
289;293
289;294
289;295
289;296
289;360
289;361
289;362
289;363
289;364
289;365
289;366
289;367
289;368
289;369
289;370
289;371
289;372
289;373
289;374
289;375
289;376
289;377
289;378
289;379
289;380
289;381
289;382
289;383
289;384
289;385
289;386
289;387
289;388
289;389
289;390
289;391
289;392
289;393
289;394
289;395
289;396
289;397
289;398
290;0
290;1
290;2
290;3
290;4
290;5
290;6
290;7
290;8
290;9
290;10
290;11
290;12
290;13
290;14
290;15
290;16
290;17
290;18
290;19
290;20
290;21
290;22
290;23
290;24
290;25
290;26
290;27
290;28
290;29
290;30
290;31
290;32
290;33
290;34
290;35
290;36
290;37
290;38
290;39
290;40
290;41
290;42
290;43
290;44
290;45
290;46
290;47
290;48
290;49
290;50
290;51
290;52
290;53
290;54
290;55
290;56
290;57
290;58
290;59
290;60
290;61
290;273
290;274
290;275
290;276
290;277
290;278
290;279
290;280
290;281
290;282
290;283
290;284
290;285
290;286
290;287
290;288
290;289
290;290
290;291
290;292
290;293
290;294
290;295
290;296
290;359
290;360
290;361
290;362
290;363
290;364
290;365
290;366
290;367
290;368
290;369
290;370
290;371
290;372
290;373
290;374
290;375
290;376
290;377
290;378
290;379
290;380
290;381
290;382
290;383
290;384
290;385
290;386
290;387
290;388
290;389
290;390
290;391
290;392
290;393
290;394
290;395
290;396
290;397
290;398
290;399
291;0
291;1
291;2
291;3
291;4
291;5
291;6
291;7
291;8
291;9
291;10
291;11
291;12
291;13
291;14
291;15
291;16
291;17
291;18
291;19
291;20
291;21
291;22
291;23
291;24
291;25
291;26
291;27
291;28
291;29
291;30
291;31
291;32
291;33
291;34
291;35
291;36
291;37
291;38
291;39
291;40
291;41
291;42
291;43
291;44
291;45
291;46
291;47
291;48
291;49
291;50
291;51
291;52
291;53
291;54
291;55
291;56
291;57
291;58
291;59
291;60
291;61
291;271
291;272
291;273
291;274
291;275
291;276
291;277
291;278
291;279
291;280
291;281
291;282
291;283
291;284
291;285
291;286
291;287
291;288
291;289
291;290
291;291
291;292
291;293
291;294
291;295
291;296
291;357
291;358
291;359
291;360
291;361
291;362
291;363
291;364
291;365
291;366
291;367
291;368
291;369
291;370
291;371
291;372
291;373
291;374
291;375
291;376
291;377
291;378
291;379
291;380
291;381
291;382
291;383
291;384
291;385
291;386
291;387
291;388
291;389
291;390
291;391
291;392
291;393
291;394
291;395
291;396
291;397
291;398
291;399
292;0
292;1
292;2
292;3
292;4
292;5
292;6
292;7
292;8
292;9
292;10
292;11
292;12
292;13
292;14
292;15
292;16
292;17
292;18
292;19
292;20
292;21
292;22
292;23
292;24
292;25
292;26
292;27
292;28
292;29
292;30
292;31
292;32
292;33
292;34
292;35
292;36
292;37
292;38
292;39
292;40
292;41
292;42
292;43
292;44
292;45
292;46
292;47
292;48
292;49
292;50
292;51
292;52
292;53
292;54
292;55
292;56
292;57
292;58
292;59
292;60
292;61
292;269
292;270
292;271
292;272
292;273
292;274
292;275
292;276
292;277
292;278
292;279
292;280
292;281
292;282
292;283
292;284
292;285
292;286
292;287
292;288
292;289
292;290
292;291
292;292
292;293
292;294
292;295
292;296
292;355
292;356
292;357
292;358
292;359
292;360
292;361
292;362
292;363
292;364
292;365
292;366
292;367
292;368
292;369
292;370
292;371
292;372
292;373
292;374
292;375
292;376
292;377
292;378
292;379
292;380
292;381
292;382
292;383
292;384
292;385
292;386
292;387
292;388
292;389
292;390
292;391
292;392
292;393
292;394
292;395
292;396
292;397
292;398
292;399
293;0
293;1
293;2
293;3
293;4
293;5
293;6
293;7
293;8
293;9
293;10
293;11
293;12
293;13
293;14
293;15
293;16
293;17
293;18
293;19
293;20
293;21
293;22
293;23
293;24
293;25
293;26
293;27
293;28
293;29
293;30
293;31
293;32
293;33
293;34
293;35
293;36
293;37
293;38
293;39
293;40
293;41
293;42
293;43
293;44
293;45
293;46
293;47
293;48
293;49
293;50
293;51
293;52
293;53
293;54
293;55
293;56
293;57
293;58
293;59
293;60
293;61
293;267
293;268
293;269
293;270
293;271
293;272
293;273
293;274
293;275
293;276
293;277
293;278
293;279
293;280
293;281
293;282
293;283
293;284
293;285
293;286
293;287
293;288
293;289
293;290
293;291
293;292
293;293
293;294
293;295
293;296
293;355
293;356
293;357
293;358
293;359
293;360
293;361
293;362
293;363
293;364
293;365
293;366
293;367
293;368
293;369
293;370
293;371
293;372
293;373
293;374
293;375
293;376
293;377
293;378
293;379
293;380
293;381
293;382
293;383
293;384
293;385
293;386
293;387
293;388
293;389
293;390
293;391
293;392
293;393
293;394
293;395
293;396
293;397
293;398
293;399
294;0
294;1
294;2
294;3
294;4
294;5
294;6
294;7
294;8
294;9
294;10
294;11
294;12
294;13
294;14
294;15
294;16
294;17
294;18
294;19
294;20
294;21
294;22
294;23
294;24
294;25
294;26
294;27
294;28
294;29
294;30
294;31
294;32
294;33
294;34
294;35
294;36
294;37
294;38
294;39
294;40
294;41
294;42
294;43
294;44
294;45
294;46
294;47
294;48
294;49
294;50
294;51
294;52
294;53
294;54
294;55
294;56
294;57
294;58
294;59
294;60
294;61
294;265
294;266
294;267
294;268
294;269
294;270
294;271
294;272
294;273
294;274
294;275
294;276
294;277
294;278
294;279
294;280
294;281
294;282
294;283
294;284
294;285
294;286
294;287
294;288
294;289
294;290
294;291
294;292
294;293
294;294
294;295
294;296
294;353
294;354
294;355
294;356
294;357
294;358
294;359
294;360
294;361
294;362
294;363
294;364
294;365
294;366
294;367
294;368
294;369
294;370
294;371
294;372
294;373
294;374
294;375
294;376
294;377
294;378
294;379
294;380
294;381
294;382
294;383
294;384
294;385
294;386
294;387
294;388
294;389
294;390
294;391
294;392
294;393
294;394
294;395
294;396
294;397
294;398
294;399
295;0
295;1
295;2
295;3
295;4
295;5
295;6
295;7
295;8
295;9
295;10
295;11
295;12
295;13
295;14
295;15
295;16
295;17
295;18
295;19
295;20
295;21
295;22
295;23
295;24
295;25
295;26
295;27
295;28
295;29
295;30
295;31
295;32
295;33
295;34
295;35
295;36
295;37
295;38
295;39
295;40
295;41
295;42
295;43
295;44
295;45
295;46
295;47
295;48
295;49
295;50
295;51
295;52
295;53
295;54
295;55
295;56
295;57
295;58
295;59
295;60
295;61
295;263
295;264
295;265
295;266
295;267
295;268
295;269
295;270
295;271
295;272
295;273
295;274
295;275
295;276
295;277
295;278
295;279
295;280
295;281
295;282
295;283
295;284
295;285
295;286
295;287
295;288
295;289
295;290
295;291
295;292
295;293
295;294
295;295
295;296
295;297
295;351
295;352
295;353
295;354
295;355
295;356
295;357
295;358
295;359
295;360
295;361
295;362
295;363
295;364
295;365
295;366
295;367
295;368
295;369
295;370
295;371
295;372
295;373
295;374
295;375
295;376
295;377
295;378
295;379
295;380
295;381
295;382
295;383
295;384
295;385
295;386
295;387
295;388
295;389
295;390
295;391
295;392
295;393
295;394
295;395
295;396
295;397
295;398
295;399
296;0
296;1
296;2
296;3
296;4
296;5
296;6
296;7
296;8
296;9
296;10
296;11
296;12
296;13
296;14
296;15
296;16
296;17
296;18
296;19
296;20
296;21
296;22
296;23
296;24
296;25
296;26
296;27
296;28
296;29
296;30
296;31
296;32
296;33
296;34
296;35
296;36
296;37
296;38
296;39
296;40
296;41
296;42
296;43
296;44
296;45
296;46
296;47
296;48
296;49
296;50
296;51
296;52
296;53
296;54
296;55
296;56
296;57
296;58
296;59
296;60
296;61
296;261
296;262
296;263
296;264
296;265
296;266
296;267
296;268
296;269
296;270
296;271
296;272
296;273
296;274
296;275
296;276
296;277
296;278
296;279
296;280
296;281
296;282
296;283
296;284
296;285
296;286
296;287
296;288
296;289
296;290
296;291
296;292
296;293
296;294
296;295
296;296
296;297
296;351
296;352
296;353
296;354
296;355
296;356
296;357
296;358
296;359
296;360
296;361
296;362
296;363
296;364
296;365
296;366
296;367
296;368
296;369
296;370
296;371
296;372
296;373
296;374
296;375
296;376
296;377
296;378
296;379
296;380
296;381
296;382
296;383
296;384
296;385
296;386
296;387
296;388
296;389
296;390
296;391
296;392
296;393
296;394
296;395
296;396
296;397
296;398
296;399
296;400
297;0
297;1
297;2
297;3
297;4
297;5
297;6
297;7
297;8
297;9
297;10
297;11
297;12
297;13
297;14
297;15
297;16
297;17
297;18
297;19
297;20
297;21
297;22
297;23
297;24
297;25
297;26
297;27
297;28
297;29
297;30
297;31
297;32
297;33
297;34
297;35
297;36
297;37
297;38
297;39
297;40
297;41
297;42
297;43
297;44
297;45
297;46
297;47
297;48
297;49
297;50
297;51
297;52
297;53
297;54
297;55
297;56
297;57
297;58
297;59
297;60
297;61
297;259
297;260
297;261
297;262
297;263
297;264
297;265
297;266
297;267
297;268
297;269
297;270
297;271
297;272
297;273
297;274
297;275
297;276
297;277
297;278
297;279
297;280
297;281
297;282
297;283
297;284
297;285
297;286
297;287
297;288
297;289
297;290
297;291
297;292
297;293
297;294
297;295
297;296
297;297
297;349
297;350
297;351
297;352
297;353
297;354
297;355
297;356
297;357
297;358
297;359
297;360
297;361
297;362
297;363
297;364
297;365
297;366
297;367
297;368
297;369
297;370
297;371
297;372
297;373
297;374
297;375
297;376
297;377
297;378
297;379
297;380
297;381
297;382
297;383
297;384
297;385
297;386
297;387
297;388
297;389
297;390
297;391
297;392
297;393
297;394
297;395
297;396
297;397
297;398
297;399
297;400
298;0
298;1
298;2
298;3
298;4
298;5
298;6
298;7
298;8
298;9
298;10
298;11
298;12
298;13
298;14
298;15
298;16
298;17
298;18
298;19
298;20
298;21
298;22
298;23
298;24
298;25
298;26
298;27
298;28
298;29
298;30
298;31
298;32
298;33
298;34
298;35
298;36
298;37
298;38
298;39
298;40
298;41
298;42
298;43
298;44
298;45
298;46
298;47
298;48
298;49
298;50
298;51
298;52
298;53
298;54
298;55
298;56
298;57
298;58
298;59
298;60
298;61
298;257
298;258
298;259
298;260
298;261
298;262
298;263
298;264
298;265
298;266
298;267
298;268
298;269
298;270
298;271
298;272
298;273
298;274
298;275
298;276
298;277
298;278
298;279
298;280
298;281
298;282
298;283
298;284
298;285
298;286
298;287
298;288
298;289
298;290
298;291
298;292
298;293
298;294
298;295
298;296
298;297
298;347
298;348
298;349
298;350
298;351
298;352
298;353
298;354
298;355
298;356
298;357
298;358
298;359
298;360
298;361
298;362
298;363
298;364
298;365
298;366
298;367
298;368
298;369
298;370
298;371
298;372
298;373
298;374
298;375
298;376
298;377
298;378
298;379
298;380
298;381
298;382
298;383
298;384
298;385
298;386
298;387
298;388
298;389
298;390
298;391
298;392
298;393
298;394
298;395
298;396
298;397
298;398
298;399
298;400
299;0
299;1
299;2
299;3
299;4
299;5
299;6
299;7
299;8
299;9
299;10
299;11
299;12
299;13
299;14
299;15
299;16
299;17
299;18
299;19
299;20
299;21
299;22
299;23
299;24
299;25
299;26
299;27
299;28
299;29
299;30
299;31
299;32
299;33
299;34
299;35
299;36
299;37
299;38
299;39
299;40
299;41
299;42
299;43
299;44
299;45
299;46
299;47
299;48
299;49
299;50
299;51
299;52
299;53
299;54
299;55
299;56
299;57
299;58
299;59
299;60
299;61
299;255
299;256
299;257
299;258
299;259
299;260
299;261
299;262
299;263
299;264
299;265
299;266
299;267
299;268
299;269
299;270
299;271
299;272
299;273
299;274
299;275
299;276
299;277
299;278
299;279
299;280
299;281
299;282
299;283
299;284
299;285
299;286
299;287
299;288
299;289
299;290
299;291
299;292
299;293
299;294
299;295
299;296
299;297
299;346
299;347
299;348
299;349
299;350
299;351
299;352
299;353
299;354
299;355
299;356
299;357
299;358
299;359
299;360
299;361
299;362
299;363
299;364
299;365
299;366
299;367
299;368
299;369
299;370
299;371
299;372
299;373
299;374
299;375
299;376
299;377
299;378
299;379
299;380
299;381
299;382
299;383
299;384
299;385
299;386
299;387
299;388
299;389
299;390
299;391
299;392
299;393
299;394
299;395
299;396
299;397
299;398
299;399
299;400
300;0
300;1
300;2
300;3
300;4
300;5
300;6
300;7
300;8
300;9
300;10
300;11
300;12
300;13
300;14
300;15
300;16
300;17
300;18
300;19
300;20
300;21
300;22
300;23
300;24
300;25
300;26
300;27
300;28
300;29
300;30
300;31
300;32
300;33
300;34
300;35
300;36
300;37
300;38
300;39
300;40
300;41
300;42
300;43
300;44
300;45
300;46
300;47
300;48
300;49
300;50
300;51
300;52
300;53
300;54
300;55
300;56
300;57
300;58
300;59
300;60
300;61
300;62
300;253
300;254
300;255
300;256
300;257
300;258
300;259
300;260
300;261
300;262
300;263
300;264
300;265
300;266
300;267
300;268
300;269
300;270
300;271
300;272
300;273
300;274
300;275
300;276
300;277
300;278
300;279
300;280
300;281
300;282
300;283
300;284
300;285
300;286
300;287
300;288
300;289
300;290
300;291
300;292
300;293
300;294
300;295
300;296
300;297
300;345
300;346
300;347
300;348
300;349
300;350
300;351
300;352
300;353
300;354
300;355
300;356
300;357
300;358
300;359
300;360
300;361
300;362
300;363
300;364
300;365
300;366
300;367
300;368
300;369
300;370
300;371
300;372
300;373
300;374
300;375
300;376
300;377
300;378
300;379
300;380
300;381
300;382
300;383
300;384
300;385
300;386
300;387
300;388
300;389
300;390
300;391
300;392
300;393
300;394
300;395
300;396
300;397
300;398
300;399
300;400
300;401
301;0
301;1
301;2
301;3
301;4
301;5
301;6
301;7
301;8
301;9
301;10
301;11
301;12
301;13
301;14
301;15
301;16
301;17
301;18
301;19
301;20
301;21
301;22
301;23
301;24
301;25
301;26
301;27
301;28
301;29
301;30
301;31
301;32
301;33
301;34
301;35
301;36
301;37
301;38
301;39
301;40
301;41
301;42
301;43
301;44
301;45
301;46
301;47
301;48
301;49
301;50
301;51
301;52
301;53
301;54
301;55
301;56
301;57
301;58
301;59
301;60
301;61
301;62
301;251
301;252
301;253
301;254
301;255
301;256
301;257
301;258
301;259
301;260
301;261
301;262
301;263
301;264
301;265
301;266
301;267
301;268
301;269
301;270
301;271
301;272
301;273
301;274
301;275
301;276
301;277
301;278
301;279
301;280
301;281
301;282
301;283
301;284
301;285
301;286
301;287
301;288
301;289
301;290
301;291
301;292
301;293
301;294
301;295
301;296
301;297
301;343
301;344
301;345
301;346
301;347
301;348
301;349
301;350
301;351
301;352
301;353
301;354
301;355
301;356
301;357
301;358
301;359
301;360
301;361
301;362
301;363
301;364
301;365
301;366
301;367
301;368
301;369
301;370
301;371
301;372
301;373
301;374
301;375
301;376
301;377
301;378
301;379
301;380
301;381
301;382
301;383
301;384
301;385
301;386
301;387
301;388
301;389
301;390
301;391
301;392
301;393
301;394
301;395
301;396
301;397
301;398
301;399
301;400
301;401
301;509
301;511
301;513
301;515
302;0
302;1
302;2
302;3
302;4
302;5
302;6
302;7
302;8
302;9
302;10
302;12
302;14
302;16
302;18
302;20
302;22
302;24
302;26
302;28
302;30
302;32
302;34
302;36
302;38
302;249
302;250
302;251
302;252
302;253
302;254
302;255
302;256
302;257
302;258
302;259
302;260
302;261
302;262
302;263
302;264
302;265
302;266
302;267
302;268
302;269
302;270
302;271
302;272
302;273
302;274
302;275
302;276
302;277
302;278
302;279
302;280
302;281
302;282
302;283
302;284
302;285
302;286
302;287
302;288
302;289
302;290
302;291
302;292
302;293
302;294
302;295
302;296
302;297
302;342
302;343
302;344
302;345
302;346
302;347
302;348
302;349
302;350
302;351
302;352
302;353
302;354
302;355
302;356
302;357
302;358
302;359
302;360
302;361
302;362
302;363
302;364
302;365
302;366
302;367
302;368
302;369
302;370
302;371
302;372
302;373
302;374
302;375
302;376
302;377
302;378
302;379
302;380
302;381
302;382
302;383
302;384
302;385
302;386
302;387
302;388
302;389
302;390
302;391
302;392
302;393
302;394
302;395
302;396
302;397
302;398
302;399
302;400
302;401
302;503
302;504
302;505
302;506
302;507
302;508
302;509
302;510
302;511
302;512
302;513
302;514
302;515
302;516
302;517
302;518
302;519
302;521
303;247
303;248
303;249
303;250
303;251
303;252
303;253
303;254
303;255
303;256
303;257
303;258
303;259
303;260
303;261
303;262
303;263
303;264
303;265
303;266
303;267
303;268
303;269
303;270
303;271
303;272
303;273
303;274
303;275
303;276
303;277
303;278
303;279
303;280
303;281
303;282
303;283
303;284
303;285
303;286
303;287
303;288
303;289
303;290
303;291
303;292
303;293
303;294
303;295
303;296
303;297
303;341
303;342
303;343
303;344
303;345
303;346
303;347
303;348
303;349
303;350
303;351
303;352
303;353
303;354
303;355
303;356
303;357
303;358
303;359
303;360
303;361
303;362
303;363
303;364
303;365
303;366
303;367
303;368
303;369
303;370
303;371
303;372
303;373
303;374
303;375
303;376
303;377
303;378
303;379
303;380
303;381
303;382
303;383
303;384
303;385
303;386
303;387
303;388
303;389
303;390
303;391
303;392
303;393
303;394
303;395
303;396
303;397
303;398
303;399
303;400
303;401
303;499
303;500
303;501
303;502
303;503
303;504
303;505
303;506
303;507
303;508
303;509
303;510
303;511
303;512
303;513
303;514
303;515
303;516
303;517
303;518
303;519
303;520
303;521
303;522
303;523
303;524
303;525
304;245
304;246
304;247
304;248
304;249
304;250
304;251
304;252
304;253
304;254
304;255
304;256
304;257
304;258
304;259
304;260
304;261
304;262
304;263
304;264
304;265
304;266
304;267
304;268
304;269
304;270
304;271
304;272
304;273
304;274
304;275
304;276
304;277
304;278
304;279
304;280
304;281
304;282
304;283
304;284
304;285
304;286
304;287
304;288
304;289
304;290
304;291
304;292
304;293
304;294
304;295
304;296
304;297
304;339
304;340
304;341
304;342
304;343
304;344
304;345
304;346
304;347
304;348
304;349
304;350
304;351
304;352
304;353
304;354
304;355
304;356
304;357
304;358
304;359
304;360
304;361
304;362
304;363
304;364
304;365
304;366
304;367
304;368
304;369
304;370
304;371
304;372
304;373
304;374
304;375
304;376
304;377
304;378
304;379
304;380
304;381
304;382
304;383
304;384
304;385
304;386
304;387
304;388
304;389
304;390
304;391
304;392
304;393
304;394
304;395
304;396
304;397
304;398
304;399
304;400
304;401
304;495
304;497
304;498
304;499
304;500
304;501
304;502
304;503
304;504
304;505
304;506
304;507
304;508
304;509
304;510
304;511
304;512
304;513
304;514
304;515
304;516
304;517
304;518
304;519
304;520
304;521
304;522
304;523
304;524
304;525
304;526
304;527
304;529
305;243
305;244
305;245
305;246
305;247
305;248
305;249
305;250
305;251
305;252
305;253
305;254
305;255
305;256
305;257
305;258
305;259
305;260
305;261
305;262
305;263
305;264
305;265
305;266
305;267
305;268
305;269
305;270
305;271
305;272
305;273
305;274
305;275
305;276
305;277
305;278
305;279
305;280
305;281
305;282
305;283
305;284
305;285
305;286
305;287
305;288
305;289
305;290
305;291
305;292
305;293
305;294
305;295
305;296
305;297
305;337
305;338
305;339
305;340
305;341
305;342
305;343
305;344
305;345
305;346
305;347
305;348
305;349
305;350
305;351
305;352
305;353
305;354
305;355
305;356
305;357
305;358
305;359
305;360
305;361
305;362
305;363
305;364
305;365
305;366
305;367
305;368
305;369
305;370
305;371
305;372
305;373
305;374
305;375
305;376
305;377
305;378
305;379
305;380
305;381
305;382
305;383
305;384
305;385
305;386
305;387
305;388
305;389
305;390
305;391
305;392
305;393
305;394
305;395
305;396
305;397
305;398
305;399
305;400
305;401
305;493
305;494
305;495
305;496
305;497
305;498
305;499
305;500
305;501
305;502
305;503
305;504
305;505
305;506
305;507
305;508
305;509
305;510
305;511
305;512
305;513
305;514
305;515
305;516
305;517
305;518
305;519
305;520
305;521
305;522
305;523
305;524
305;525
305;526
305;527
305;528
305;529
305;530
305;531
306;241
306;242
306;243
306;244
306;245
306;246
306;247
306;248
306;249
306;250
306;251
306;252
306;253
306;254
306;255
306;256
306;257
306;258
306;259
306;260
306;261
306;262
306;263
306;264
306;265
306;266
306;267
306;268
306;269
306;270
306;271
306;272
306;273
306;274
306;275
306;276
306;277
306;278
306;279
306;280
306;281
306;282
306;283
306;284
306;285
306;286
306;287
306;288
306;289
306;290
306;291
306;292
306;293
306;294
306;295
306;296
306;297
306;337
306;338
306;339
306;340
306;341
306;342
306;343
306;344
306;345
306;346
306;347
306;348
306;349
306;350
306;351
306;352
306;353
306;354
306;355
306;356
306;357
306;358
306;359
306;360
306;361
306;362
306;363
306;364
306;365
306;366
306;367
306;368
306;369
306;370
306;371
306;372
306;373
306;374
306;375
306;376
306;377
306;378
306;379
306;380
306;381
306;382
306;383
306;384
306;385
306;386
306;387
306;388
306;389
306;390
306;391
306;392
306;393
306;394
306;395
306;396
306;397
306;398
306;399
306;400
306;401
306;402
306;491
306;492
306;493
306;494
306;495
306;496
306;497
306;498
306;499
306;500
306;501
306;502
306;503
306;504
306;505
306;506
306;507
306;508
306;509
306;510
306;511
306;512
306;513
306;514
306;515
306;516
306;517
306;518
306;519
306;520
306;521
306;522
306;523
306;524
306;525
306;526
306;527
306;528
306;529
306;530
306;531
306;532
306;533
307;239
307;240
307;241
307;242
307;243
307;244
307;245
307;246
307;247
307;248
307;249
307;250
307;251
307;252
307;253
307;254
307;255
307;256
307;257
307;258
307;259
307;260
307;261
307;262
307;263
307;264
307;265
307;266
307;267
307;268
307;269
307;270
307;271
307;272
307;273
307;274
307;275
307;276
307;277
307;278
307;279
307;280
307;281
307;282
307;283
307;284
307;285
307;286
307;287
307;288
307;289
307;290
307;291
307;292
307;293
307;294
307;295
307;296
307;297
307;335
307;336
307;337
307;338
307;339
307;340
307;341
307;342
307;343
307;344
307;345
307;346
307;347
307;348
307;349
307;350
307;351
307;352
307;353
307;354
307;355
307;356
307;357
307;358
307;359
307;360
307;361
307;362
307;363
307;364
307;365
307;366
307;367
307;368
307;369
307;370
307;371
307;372
307;373
307;374
307;375
307;376
307;377
307;378
307;379
307;380
307;381
307;382
307;383
307;384
307;385
307;386
307;387
307;388
307;389
307;390
307;391
307;392
307;393
307;394
307;395
307;396
307;397
307;398
307;399
307;400
307;401
307;402
307;489
307;490
307;491
307;492
307;493
307;494
307;495
307;496
307;497
307;498
307;499
307;500
307;501
307;502
307;503
307;504
307;505
307;506
307;507
307;508
307;509
307;510
307;511
307;512
307;513
307;514
307;515
307;516
307;517
307;518
307;519
307;520
307;521
307;522
307;523
307;524
307;525
307;526
307;527
307;528
307;529
307;530
307;531
307;532
307;533
307;534
307;535
308;237
308;238
308;239
308;240
308;241
308;242
308;243
308;244
308;245
308;246
308;247
308;248
308;249
308;250
308;251
308;252
308;253
308;254
308;255
308;256
308;257
308;258
308;259
308;260
308;261
308;262
308;263
308;264
308;265
308;266
308;267
308;268
308;269
308;270
308;271
308;272
308;273
308;274
308;275
308;276
308;277
308;278
308;279
308;280
308;281
308;282
308;283
308;284
308;285
308;286
308;287
308;288
308;289
308;290
308;291
308;292
308;293
308;294
308;295
308;296
308;297
308;333
308;334
308;335
308;336
308;337
308;338
308;339
308;340
308;341
308;342
308;343
308;344
308;345
308;346
308;347
308;348
308;349
308;350
308;351
308;352
308;353
308;354
308;355
308;356
308;357
308;358
308;359
308;360
308;361
308;362
308;363
308;364
308;365
308;366
308;367
308;368
308;369
308;370
308;371
308;372
308;373
308;374
308;375
308;376
308;377
308;378
308;379
308;380
308;381
308;382
308;383
308;384
308;385
308;386
308;387
308;388
308;389
308;390
308;391
308;392
308;393
308;394
308;395
308;396
308;397
308;398
308;399
308;400
308;401
308;402
308;487
308;488
308;489
308;490
308;491
308;492
308;493
308;494
308;495
308;496
308;497
308;498
308;499
308;500
308;501
308;502
308;503
308;504
308;505
308;506
308;507
308;508
308;509
308;510
308;511
308;512
308;513
308;514
308;515
308;516
308;517
308;518
308;519
308;520
308;521
308;522
308;523
308;524
308;525
308;526
308;527
308;528
308;529
308;530
308;531
308;532
308;533
308;534
308;535
308;536
309;235
309;236
309;237
309;238
309;239
309;240
309;241
309;242
309;243
309;244
309;245
309;246
309;247
309;248
309;249
309;250
309;251
309;252
309;253
309;254
309;255
309;256
309;257
309;258
309;259
309;260
309;261
309;262
309;263
309;264
309;265
309;266
309;267
309;268
309;269
309;270
309;271
309;272
309;273
309;274
309;275
309;276
309;277
309;278
309;279
309;280
309;281
309;282
309;283
309;284
309;285
309;286
309;287
309;288
309;289
309;290
309;291
309;292
309;293
309;294
309;295
309;296
309;297
309;333
309;334
309;335
309;336
309;337
309;338
309;339
309;340
309;341
309;342
309;343
309;344
309;345
309;346
309;347
309;348
309;349
309;350
309;351
309;352
309;353
309;354
309;355
309;356
309;357
309;358
309;359
309;360
309;361
309;362
309;363
309;364
309;365
309;366
309;367
309;368
309;369
309;370
309;371
309;372
309;373
309;374
309;375
309;376
309;377
309;378
309;379
309;380
309;381
309;382
309;383
309;384
309;385
309;386
309;387
309;388
309;389
309;390
309;391
309;392
309;393
309;394
309;395
309;396
309;397
309;398
309;399
309;400
309;401
309;402
309;487
309;488
309;489
309;490
309;491
309;492
309;493
309;494
309;495
309;496
309;497
309;498
309;499
309;500
309;501
309;502
309;503
309;504
309;505
309;506
309;507
309;508
309;509
309;510
309;511
309;512
309;513
309;514
309;515
309;516
309;517
309;518
309;519
309;520
309;521
309;522
309;523
309;524
309;525
309;526
309;527
309;528
309;529
309;530
309;531
309;532
309;533
309;534
309;535
309;536
310;234
310;235
310;236
310;237
310;238
310;239
310;240
310;241
310;242
310;243
310;244
310;245
310;246
310;247
310;248
310;249
310;250
310;251
310;252
310;253
310;254
310;255
310;256
310;257
310;258
310;259
310;260
310;261
310;262
310;263
310;264
310;265
310;266
310;267
310;268
310;269
310;270
310;271
310;272
310;273
310;274
310;275
310;276
310;277
310;278
310;279
310;280
310;281
310;282
310;283
310;284
310;285
310;286
310;287
310;288
310;289
310;290
310;291
310;292
310;293
310;294
310;295
310;296
310;297
310;331
310;332
310;333
310;334
310;335
310;336
310;337
310;338
310;339
310;340
310;341
310;342
310;343
310;344
310;345
310;346
310;347
310;348
310;349
310;350
310;351
310;352
310;353
310;354
310;355
310;356
310;357
310;358
310;359
310;360
310;361
310;362
310;363
310;364
310;365
310;366
310;367
310;368
310;369
310;370
310;371
310;372
310;373
310;374
310;375
310;376
310;377
310;378
310;379
310;380
310;381
310;382
310;383
310;384
310;385
310;386
310;387
310;388
310;389
310;390
310;391
310;392
310;393
310;394
310;395
310;396
310;397
310;398
310;399
310;400
310;401
310;402
310;485
310;486
310;487
310;488
310;489
310;490
310;491
310;492
310;493
310;494
310;495
310;496
310;497
310;498
310;499
310;500
310;501
310;502
310;503
310;504
310;505
310;506
310;507
310;508
310;509
310;510
310;511
310;512
310;513
310;514
310;515
310;516
310;517
310;518
310;519
310;520
310;521
310;522
310;523
310;524
310;525
310;526
310;527
310;528
310;529
310;530
310;531
310;532
310;533
310;534
310;535
310;536
311;233
311;234
311;235
311;236
311;237
311;238
311;239
311;240
311;241
311;242
311;243
311;244
311;245
311;246
311;247
311;248
311;249
311;250
311;251
311;252
311;253
311;254
311;255
311;256
311;257
311;258
311;259
311;260
311;261
311;262
311;263
311;264
311;265
311;266
311;267
311;268
311;269
311;270
311;271
311;272
311;273
311;274
311;275
311;276
311;277
311;278
311;279
311;280
311;281
311;282
311;283
311;284
311;285
311;286
311;287
311;288
311;289
311;290
311;291
311;292
311;293
311;294
311;295
311;296
311;297
311;329
311;330
311;331
311;332
311;333
311;334
311;335
311;336
311;337
311;338
311;339
311;340
311;341
311;342
311;343
311;344
311;345
311;346
311;347
311;348
311;349
311;350
311;351
311;352
311;353
311;354
311;355
311;356
311;357
311;358
311;359
311;360
311;361
311;362
311;363
311;364
311;365
311;366
311;367
311;368
311;369
311;370
311;371
311;372
311;373
311;374
311;375
311;376
311;377
311;378
311;379
311;380
311;381
311;382
311;383
311;384
311;385
311;386
311;387
311;388
311;389
311;390
311;391
311;392
311;393
311;394
311;395
311;396
311;397
311;398
311;399
311;400
311;401
311;402
311;403
311;483
311;484
311;485
311;486
311;487
311;488
311;489
311;490
311;491
311;492
311;493
311;494
311;495
311;496
311;497
311;498
311;499
311;500
311;501
311;502
311;503
311;504
311;505
311;506
311;507
311;508
311;509
311;510
311;511
311;512
311;513
311;514
311;515
311;516
311;517
311;518
311;519
311;520
311;521
311;522
311;523
311;524
311;525
311;526
311;527
311;528
311;529
311;530
311;531
311;532
311;533
311;534
311;535
311;536
312;231
312;232
312;233
312;234
312;235
312;236
312;237
312;238
312;239
312;240
312;241
312;242
312;243
312;244
312;245
312;246
312;247
312;248
312;249
312;250
312;251
312;252
312;253
312;254
312;255
312;256
312;257
312;258
312;259
312;260
312;261
312;262
312;263
312;264
312;265
312;266
312;267
312;268
312;269
312;270
312;271
312;272
312;273
312;274
312;275
312;276
312;277
312;278
312;279
312;280
312;281
312;282
312;283
312;284
312;285
312;286
312;287
312;288
312;289
312;290
312;291
312;292
312;293
312;294
312;295
312;296
312;297
312;328
312;329
312;330
312;331
312;332
312;333
312;334
312;335
312;336
312;337
312;338
312;339
312;340
312;341
312;342
312;343
312;344
312;345
312;346
312;347
312;348
312;349
312;350
312;351
312;352
312;353
312;354
312;355
312;356
312;357
312;358
312;359
312;360
312;361
312;362
312;363
312;364
312;365
312;366
312;367
312;368
312;369
312;370
312;371
312;372
312;373
312;374
312;375
312;376
312;377
312;378
312;379
312;380
312;381
312;382
312;383
312;384
312;385
312;386
312;387
312;388
312;389
312;390
312;391
312;392
312;393
312;394
312;395
312;396
312;397
312;398
312;399
312;400
312;401
312;402
312;403
312;483
312;484
312;485
312;486
312;487
312;488
312;489
312;490
312;491
312;492
312;493
312;494
312;495
312;496
312;497
312;498
312;499
312;500
312;501
312;502
312;503
312;504
312;505
312;506
312;507
312;508
312;509
312;510
312;511
312;512
312;513
312;514
312;515
312;516
312;517
312;518
312;519
312;520
312;521
312;522
312;523
312;524
312;525
312;526
312;527
312;528
312;529
312;530
312;531
312;532
312;533
312;534
312;535
312;536
313;229
313;230
313;231
313;232
313;233
313;234
313;235
313;236
313;237
313;238
313;239
313;240
313;241
313;242
313;243
313;244
313;245
313;246
313;247
313;248
313;249
313;250
313;251
313;252
313;253
313;254
313;255
313;256
313;257
313;258
313;259
313;260
313;261
313;262
313;263
313;264
313;265
313;266
313;267
313;268
313;269
313;270
313;271
313;272
313;273
313;274
313;275
313;276
313;277
313;278
313;279
313;280
313;281
313;282
313;283
313;284
313;285
313;286
313;287
313;288
313;289
313;290
313;291
313;292
313;293
313;294
313;295
313;296
313;297
313;327
313;328
313;329
313;330
313;331
313;332
313;333
313;334
313;335
313;336
313;337
313;338
313;339
313;340
313;341
313;342
313;343
313;344
313;345
313;346
313;347
313;348
313;349
313;350
313;351
313;352
313;353
313;354
313;355
313;356
313;357
313;358
313;359
313;360
313;361
313;362
313;363
313;364
313;365
313;366
313;367
313;368
313;369
313;370
313;371
313;372
313;373
313;374
313;375
313;376
313;377
313;378
313;379
313;380
313;381
313;382
313;383
313;384
313;385
313;386
313;387
313;388
313;389
313;390
313;391
313;392
313;393
313;394
313;395
313;396
313;397
313;398
313;399
313;400
313;401
313;402
313;403
313;481
313;482
313;483
313;484
313;485
313;486
313;487
313;488
313;489
313;490
313;491
313;492
313;493
313;494
313;495
313;496
313;497
313;498
313;499
313;500
313;501
313;502
313;503
313;504
313;505
313;506
313;507
313;508
313;509
313;510
313;511
313;512
313;513
313;514
313;515
313;516
313;517
313;518
313;519
313;520
313;521
313;522
313;523
313;524
313;525
313;526
313;527
313;528
313;529
313;530
313;531
313;532
313;533
313;534
313;535
313;536
314;227
314;228
314;229
314;230
314;231
314;232
314;233
314;234
314;235
314;236
314;237
314;238
314;239
314;240
314;241
314;242
314;243
314;244
314;245
314;246
314;247
314;248
314;249
314;250
314;251
314;252
314;253
314;254
314;255
314;256
314;257
314;258
314;259
314;260
314;261
314;262
314;263
314;264
314;265
314;266
314;267
314;268
314;269
314;270
314;271
314;272
314;273
314;274
314;275
314;276
314;277
314;278
314;279
314;280
314;281
314;282
314;283
314;284
314;285
314;286
314;287
314;288
314;289
314;290
314;291
314;292
314;293
314;294
314;295
314;296
314;297
314;325
314;326
314;327
314;328
314;329
314;330
314;331
314;332
314;333
314;334
314;335
314;336
314;337
314;338
314;339
314;340
314;341
314;342
314;343
314;344
314;345
314;346
314;347
314;348
314;349
314;350
314;351
314;352
314;353
314;354
314;355
314;356
314;357
314;358
314;359
314;360
314;361
314;362
314;363
314;364
314;365
314;366
314;367
314;368
314;369
314;370
314;371
314;372
314;373
314;374
314;375
314;376
314;377
314;378
314;379
314;380
314;381
314;382
314;383
314;384
314;385
314;386
314;387
314;388
314;389
314;390
314;391
314;392
314;393
314;394
314;395
314;396
314;397
314;398
314;399
314;400
314;401
314;402
314;403
314;481
314;482
314;483
314;484
314;485
314;486
314;487
314;488
314;489
314;490
314;491
314;492
314;493
314;494
314;495
314;496
314;497
314;498
314;499
314;500
314;501
314;502
314;503
314;504
314;505
314;506
314;507
314;508
314;509
314;510
314;511
314;512
314;513
314;514
314;515
314;516
314;517
314;518
314;519
314;520
314;521
314;522
314;523
314;524
314;525
314;526
314;527
314;528
314;529
314;530
314;531
314;532
314;533
314;534
314;535
314;536
315;225
315;226
315;227
315;228
315;229
315;230
315;231
315;232
315;233
315;234
315;235
315;236
315;237
315;238
315;239
315;240
315;241
315;242
315;243
315;244
315;245
315;246
315;247
315;248
315;249
315;250
315;251
315;252
315;253
315;254
315;255
315;256
315;257
315;258
315;259
315;260
315;261
315;262
315;263
315;264
315;265
315;266
315;267
315;268
315;269
315;270
315;271
315;272
315;273
315;274
315;275
315;276
315;277
315;278
315;279
315;280
315;281
315;282
315;283
315;284
315;285
315;286
315;287
315;288
315;289
315;290
315;291
315;292
315;293
315;294
315;295
315;296
315;297
315;323
315;324
315;325
315;326
315;327
315;328
315;329
315;330
315;331
315;332
315;333
315;334
315;335
315;336
315;337
315;338
315;339
315;340
315;341
315;342
315;343
315;344
315;345
315;346
315;347
315;348
315;349
315;350
315;351
315;352
315;353
315;354
315;355
315;356
315;357
315;358
315;359
315;360
315;361
315;362
315;363
315;364
315;365
315;366
315;367
315;368
315;369
315;370
315;371
315;372
315;373
315;374
315;375
315;376
315;377
315;378
315;379
315;380
315;381
315;382
315;383
315;384
315;385
315;386
315;387
315;388
315;389
315;390
315;391
315;392
315;393
315;394
315;395
315;396
315;397
315;398
315;399
315;400
315;401
315;402
315;403
315;479
315;480
315;481
315;482
315;483
315;484
315;485
315;486
315;487
315;488
315;489
315;490
315;491
315;492
315;493
315;494
315;495
315;496
315;497
315;498
315;499
315;500
315;501
315;502
315;503
315;504
315;505
315;506
315;507
315;508
315;509
315;510
315;511
315;512
315;513
315;514
315;515
315;516
315;517
315;518
315;519
315;520
315;521
315;522
315;523
315;524
315;525
315;526
315;527
315;528
315;529
315;530
315;531
315;532
315;533
315;534
315;535
315;536
316;223
316;224
316;225
316;226
316;227
316;228
316;229
316;230
316;231
316;232
316;233
316;234
316;235
316;236
316;237
316;238
316;239
316;240
316;241
316;242
316;243
316;244
316;245
316;246
316;247
316;248
316;249
316;250
316;251
316;252
316;253
316;254
316;255
316;256
316;257
316;258
316;259
316;260
316;261
316;262
316;263
316;264
316;265
316;266
316;267
316;268
316;269
316;270
316;271
316;272
316;273
316;274
316;275
316;276
316;277
316;278
316;279
316;280
316;281
316;282
316;283
316;284
316;285
316;286
316;287
316;288
316;289
316;290
316;291
316;292
316;293
316;294
316;295
316;296
316;297
316;323
316;324
316;325
316;326
316;327
316;328
316;329
316;330
316;331
316;332
316;333
316;334
316;335
316;336
316;337
316;338
316;339
316;340
316;341
316;342
316;343
316;344
316;345
316;346
316;347
316;348
316;349
316;350
316;351
316;352
316;353
316;354
316;355
316;356
316;357
316;358
316;359
316;360
316;361
316;362
316;363
316;364
316;365
316;366
316;367
316;368
316;369
316;370
316;371
316;372
316;373
316;374
316;375
316;376
316;377
316;378
316;379
316;380
316;381
316;382
316;383
316;384
316;385
316;386
316;387
316;388
316;389
316;390
316;391
316;392
316;393
316;394
316;395
316;396
316;397
316;398
316;399
316;400
316;401
316;402
316;403
316;404
316;479
316;480
316;481
316;482
316;483
316;484
316;485
316;486
316;487
316;488
316;489
316;490
316;491
316;492
316;493
316;494
316;495
316;496
316;497
316;498
316;499
316;500
316;501
316;502
316;503
316;504
316;505
316;506
316;507
316;508
316;509
316;510
316;511
316;512
316;513
316;514
316;515
316;516
316;517
316;518
316;519
316;520
316;521
316;522
316;523
316;524
316;525
316;526
316;527
316;528
316;529
316;530
316;531
316;532
316;533
316;534
316;535
316;536
317;221
317;222
317;223
317;224
317;225
317;226
317;227
317;228
317;229
317;230
317;231
317;232
317;233
317;234
317;235
317;236
317;237
317;238
317;239
317;240
317;241
317;242
317;243
317;244
317;245
317;246
317;247
317;248
317;249
317;250
317;251
317;252
317;253
317;254
317;255
317;256
317;257
317;258
317;259
317;260
317;261
317;262
317;263
317;264
317;265
317;266
317;267
317;268
317;269
317;270
317;271
317;272
317;273
317;274
317;275
317;276
317;277
317;278
317;279
317;280
317;281
317;282
317;283
317;284
317;285
317;286
317;287
317;288
317;289
317;290
317;291
317;292
317;293
317;294
317;295
317;296
317;297
317;321
317;322
317;323
317;324
317;325
317;326
317;327
317;328
317;329
317;330
317;331
317;332
317;333
317;334
317;335
317;336
317;337
317;338
317;339
317;340
317;341
317;342
317;343
317;344
317;345
317;346
317;347
317;348
317;349
317;350
317;351
317;352
317;353
317;354
317;355
317;356
317;357
317;358
317;359
317;360
317;361
317;362
317;363
317;364
317;365
317;366
317;367
317;368
317;369
317;370
317;371
317;372
317;373
317;374
317;375
317;376
317;377
317;378
317;379
317;380
317;381
317;382
317;383
317;384
317;385
317;386
317;387
317;388
317;389
317;390
317;391
317;392
317;393
317;394
317;395
317;396
317;397
317;398
317;399
317;400
317;401
317;402
317;403
317;404
317;478
317;479
317;480
317;481
317;482
317;483
317;484
317;485
317;486
317;487
317;488
317;489
317;490
317;491
317;492
317;493
317;494
317;495
317;496
317;497
317;498
317;499
317;500
317;501
317;502
317;503
317;504
317;505
317;506
317;507
317;508
317;509
317;510
317;511
317;512
317;513
317;514
317;515
317;516
317;517
317;518
317;519
317;520
317;521
317;522
317;523
317;524
317;525
317;526
317;527
317;528
317;529
317;530
317;531
317;532
317;533
317;534
317;535
317;536
318;219
318;220
318;221
318;222
318;223
318;224
318;225
318;226
318;227
318;228
318;229
318;230
318;231
318;232
318;233
318;234
318;235
318;236
318;237
318;238
318;239
318;240
318;241
318;242
318;243
318;244
318;245
318;246
318;247
318;248
318;249
318;250
318;251
318;252
318;253
318;254
318;255
318;256
318;257
318;258
318;259
318;260
318;261
318;262
318;263
318;264
318;265
318;266
318;267
318;268
318;269
318;270
318;271
318;272
318;273
318;274
318;275
318;276
318;277
318;278
318;279
318;280
318;281
318;282
318;283
318;284
318;285
318;286
318;287
318;288
318;289
318;290
318;291
318;292
318;293
318;294
318;295
318;296
318;297
318;319
318;320
318;321
318;322
318;323
318;324
318;325
318;326
318;327
318;328
318;329
318;330
318;331
318;332
318;333
318;334
318;335
318;336
318;337
318;338
318;339
318;340
318;341
318;342
318;343
318;344
318;345
318;346
318;347
318;348
318;349
318;350
318;351
318;352
318;353
318;354
318;355
318;356
318;357
318;358
318;359
318;360
318;361
318;362
318;363
318;364
318;365
318;366
318;367
318;368
318;369
318;370
318;371
318;372
318;373
318;374
318;375
318;376
318;377
318;378
318;379
318;380
318;381
318;382
318;383
318;384
318;385
318;386
318;387
318;388
318;389
318;390
318;391
318;392
318;393
318;394
318;395
318;396
318;397
318;398
318;399
318;400
318;401
318;402
318;403
318;404
318;477
318;478
318;479
318;480
318;481
318;482
318;483
318;484
318;485
318;486
318;487
318;488
318;489
318;490
318;491
318;492
318;493
318;494
318;495
318;496
318;497
318;498
318;499
318;500
318;501
318;502
318;503
318;504
318;505
318;506
318;507
318;508
318;509
318;510
318;511
318;512
318;513
318;514
318;515
318;516
318;517
318;518
318;519
318;520
318;521
318;522
318;523
318;524
318;525
318;526
318;527
318;528
318;529
318;530
318;531
318;532
318;533
318;534
318;535
318;536
319;217
319;218
319;219
319;220
319;221
319;222
319;223
319;224
319;225
319;226
319;227
319;228
319;229
319;230
319;231
319;232
319;233
319;234
319;235
319;236
319;237
319;238
319;239
319;240
319;241
319;242
319;243
319;244
319;245
319;246
319;247
319;248
319;249
319;250
319;251
319;252
319;253
319;254
319;255
319;256
319;257
319;258
319;259
319;260
319;261
319;262
319;263
319;264
319;265
319;266
319;267
319;268
319;269
319;270
319;271
319;272
319;273
319;274
319;275
319;276
319;277
319;278
319;279
319;280
319;281
319;282
319;283
319;284
319;285
319;286
319;287
319;288
319;289
319;290
319;291
319;292
319;293
319;294
319;295
319;296
319;297
319;319
319;320
319;321
319;322
319;323
319;324
319;325
319;326
319;327
319;328
319;329
319;330
319;331
319;332
319;333
319;334
319;335
319;336
319;337
319;338
319;339
319;340
319;341
319;342
319;343
319;344
319;345
319;346
319;347
319;348
319;349
319;350
319;351
319;352
319;353
319;354
319;355
319;356
319;357
319;358
319;359
319;360
319;361
319;362
319;363
319;364
319;365
319;366
319;367
319;368
319;369
319;370
319;371
319;372
319;373
319;374
319;375
319;376
319;377
319;378
319;379
319;380
319;381
319;382
319;383
319;384
319;385
319;386
319;387
319;388
319;389
319;390
319;391
319;392
319;393
319;394
319;395
319;396
319;397
319;398
319;399
319;400
319;401
319;402
319;403
319;404
319;476
319;477
319;478
319;479
319;480
319;481
319;482
319;483
319;484
319;485
319;486
319;487
319;488
319;489
319;490
319;491
319;492
319;493
319;494
319;495
319;496
319;497
319;498
319;499
319;500
319;501
319;502
319;503
319;504
319;505
319;506
319;507
319;508
319;509
319;510
319;511
319;512
319;513
319;514
319;515
319;516
319;517
319;518
319;519
319;520
319;521
319;522
319;523
319;524
319;525
319;526
319;527
319;528
319;529
319;530
319;531
319;532
319;533
319;534
319;535
319;536
320;215
320;216
320;217
320;218
320;219
320;220
320;221
320;222
320;223
320;224
320;225
320;226
320;227
320;228
320;229
320;230
320;231
320;232
320;233
320;234
320;235
320;236
320;237
320;238
320;239
320;240
320;241
320;242
320;243
320;244
320;245
320;246
320;247
320;248
320;249
320;250
320;251
320;252
320;253
320;254
320;255
320;256
320;257
320;258
320;259
320;260
320;261
320;262
320;263
320;264
320;265
320;266
320;267
320;268
320;269
320;270
320;271
320;272
320;273
320;274
320;275
320;276
320;277
320;278
320;279
320;280
320;281
320;282
320;283
320;284
320;285
320;286
320;287
320;288
320;289
320;290
320;291
320;292
320;293
320;294
320;295
320;296
320;297
320;317
320;318
320;319
320;320
320;321
320;322
320;323
320;324
320;325
320;326
320;327
320;328
320;329
320;330
320;331
320;332
320;333
320;334
320;335
320;336
320;337
320;338
320;339
320;340
320;341
320;342
320;343
320;344
320;345
320;346
320;347
320;348
320;349
320;350
320;351
320;352
320;353
320;354
320;355
320;356
320;357
320;358
320;359
320;360
320;361
320;362
320;363
320;364
320;365
320;366
320;367
320;368
320;369
320;370
320;371
320;372
320;373
320;374
320;375
320;376
320;377
320;378
320;379
320;380
320;381
320;382
320;383
320;384
320;385
320;386
320;387
320;388
320;389
320;390
320;391
320;392
320;393
320;394
320;395
320;396
320;397
320;398
320;399
320;400
320;401
320;402
320;403
320;404
320;475
320;476
320;477
320;478
320;479
320;480
320;481
320;482
320;483
320;484
320;485
320;486
320;487
320;488
320;489
320;490
320;491
320;492
320;493
320;494
320;495
320;496
320;497
320;498
320;499
320;500
320;501
320;502
320;503
320;504
320;505
320;506
320;507
320;508
320;509
320;510
320;511
320;512
320;513
320;514
320;515
320;516
320;517
320;518
320;519
320;520
320;521
320;522
320;523
320;524
320;525
320;526
320;527
320;528
320;529
320;530
320;531
320;532
320;533
320;534
320;535
320;536
321;213
321;214
321;215
321;216
321;217
321;218
321;219
321;220
321;221
321;222
321;223
321;224
321;225
321;226
321;227
321;228
321;229
321;230
321;231
321;232
321;233
321;234
321;235
321;236
321;237
321;238
321;239
321;240
321;241
321;242
321;243
321;244
321;245
321;246
321;247
321;248
321;249
321;250
321;251
321;252
321;253
321;254
321;255
321;256
321;257
321;258
321;259
321;260
321;261
321;262
321;263
321;264
321;265
321;266
321;267
321;268
321;269
321;270
321;271
321;272
321;273
321;274
321;275
321;276
321;277
321;278
321;279
321;280
321;281
321;282
321;283
321;284
321;285
321;286
321;287
321;288
321;289
321;290
321;291
321;292
321;293
321;294
321;295
321;296
321;297
321;315
321;316
321;317
321;318
321;319
321;320
321;321
321;322
321;323
321;324
321;325
321;326
321;327
321;328
321;329
321;330
321;331
321;332
321;333
321;334
321;335
321;336
321;337
321;338
321;339
321;340
321;341
321;342
321;343
321;344
321;345
321;346
321;347
321;348
321;349
321;350
321;351
321;352
321;353
321;354
321;355
321;356
321;357
321;358
321;359
321;360
321;361
321;362
321;363
321;364
321;365
321;366
321;367
321;368
321;369
321;370
321;371
321;372
321;373
321;374
321;375
321;376
321;377
321;378
321;379
321;380
321;381
321;382
321;383
321;384
321;385
321;386
321;387
321;388
321;389
321;390
321;391
321;392
321;393
321;394
321;395
321;396
321;397
321;398
321;399
321;400
321;401
321;402
321;403
321;404
321;405
321;475
321;476
321;477
321;478
321;479
321;480
321;481
321;482
321;483
321;484
321;485
321;486
321;487
321;488
321;489
321;490
321;491
321;492
321;493
321;494
321;495
321;496
321;497
321;498
321;499
321;500
321;501
321;502
321;503
321;504
321;505
321;506
321;507
321;508
321;509
321;510
321;511
321;512
321;513
321;514
321;515
321;516
321;517
321;518
321;519
321;520
321;521
321;522
321;523
321;524
321;525
321;526
321;527
321;528
321;529
321;530
321;531
321;532
321;533
321;534
321;535
321;536
322;211
322;212
322;213
322;214
322;215
322;216
322;217
322;218
322;219
322;220
322;221
322;222
322;223
322;224
322;225
322;226
322;227
322;228
322;229
322;230
322;231
322;232
322;233
322;234
322;235
322;236
322;237
322;238
322;239
322;240
322;241
322;242
322;243
322;244
322;245
322;246
322;247
322;248
322;249
322;250
322;251
322;252
322;253
322;254
322;255
322;256
322;257
322;258
322;259
322;260
322;261
322;262
322;263
322;264
322;265
322;266
322;267
322;268
322;269
322;270
322;271
322;272
322;273
322;274
322;275
322;276
322;277
322;278
322;279
322;280
322;281
322;282
322;283
322;284
322;285
322;286
322;287
322;288
322;289
322;290
322;291
322;292
322;293
322;294
322;295
322;296
322;297
322;314
322;315
322;316
322;317
322;318
322;319
322;320
322;321
322;322
322;323
322;324
322;325
322;326
322;327
322;328
322;329
322;330
322;331
322;332
322;333
322;334
322;335
322;336
322;337
322;338
322;339
322;340
322;341
322;342
322;343
322;344
322;345
322;346
322;347
322;348
322;349
322;350
322;351
322;352
322;353
322;354
322;355
322;356
322;357
322;358
322;359
322;360
322;361
322;362
322;363
322;364
322;365
322;366
322;367
322;368
322;369
322;370
322;371
322;372
322;373
322;374
322;375
322;376
322;377
322;378
322;379
322;380
322;381
322;382
322;383
322;384
322;385
322;386
322;387
322;388
322;389
322;390
322;391
322;392
322;393
322;394
322;395
322;396
322;397
322;398
322;399
322;400
322;401
322;402
322;403
322;404
322;405
322;475
322;476
322;477
322;478
322;479
322;480
322;481
322;482
322;483
322;484
322;485
322;486
322;487
322;488
322;489
322;490
322;491
322;492
322;493
322;494
322;495
322;496
322;497
322;498
322;499
322;500
322;501
322;502
322;503
322;504
322;505
322;506
322;507
322;508
322;509
322;510
322;511
322;512
322;513
322;514
322;515
322;516
322;517
322;518
322;519
322;520
322;521
322;522
322;523
322;524
322;525
322;526
322;527
322;528
322;529
322;530
322;531
322;532
322;533
322;534
322;535
322;536
323;209
323;210
323;211
323;212
323;213
323;214
323;215
323;216
323;217
323;218
323;219
323;220
323;221
323;222
323;223
323;224
323;225
323;226
323;227
323;228
323;229
323;230
323;231
323;232
323;233
323;234
323;235
323;236
323;237
323;238
323;239
323;240
323;241
323;242
323;243
323;244
323;245
323;246
323;247
323;248
323;249
323;250
323;251
323;252
323;253
323;254
323;255
323;256
323;257
323;258
323;259
323;260
323;261
323;262
323;263
323;264
323;265
323;266
323;267
323;268
323;269
323;270
323;271
323;272
323;273
323;274
323;275
323;276
323;277
323;278
323;279
323;280
323;281
323;282
323;283
323;284
323;285
323;286
323;287
323;288
323;289
323;290
323;291
323;292
323;293
323;294
323;295
323;296
323;297
323;313
323;314
323;315
323;316
323;317
323;318
323;319
323;320
323;321
323;322
323;323
323;324
323;325
323;326
323;327
323;328
323;329
323;330
323;331
323;332
323;333
323;334
323;335
323;336
323;337
323;338
323;339
323;340
323;341
323;342
323;343
323;344
323;345
323;346
323;347
323;348
323;349
323;350
323;351
323;352
323;353
323;354
323;355
323;356
323;357
323;358
323;359
323;360
323;361
323;362
323;363
323;364
323;365
323;366
323;367
323;368
323;369
323;370
323;371
323;372
323;373
323;374
323;375
323;376
323;377
323;378
323;379
323;380
323;381
323;382
323;383
323;384
323;385
323;386
323;387
323;388
323;389
323;390
323;391
323;392
323;393
323;394
323;395
323;396
323;397
323;398
323;399
323;400
323;401
323;402
323;403
323;404
323;405
323;474
323;475
323;476
323;477
323;478
323;479
323;480
323;481
323;482
323;483
323;484
323;485
323;486
323;487
323;488
323;489
323;490
323;491
323;492
323;493
323;494
323;495
323;496
323;497
323;498
323;499
323;500
323;501
323;502
323;503
323;504
323;505
323;506
323;507
323;508
323;509
323;510
323;511
323;512
323;513
323;514
323;515
323;516
323;517
323;518
323;519
323;520
323;521
323;522
323;523
323;524
323;525
323;526
323;527
323;528
323;529
323;530
323;531
323;532
323;533
323;534
323;535
323;536
324;207
324;208
324;209
324;210
324;211
324;212
324;213
324;214
324;215
324;216
324;217
324;218
324;219
324;220
324;221
324;222
324;223
324;224
324;225
324;226
324;227
324;228
324;229
324;230
324;231
324;232
324;233
324;234
324;235
324;236
324;237
324;238
324;239
324;240
324;241
324;242
324;243
324;244
324;245
324;246
324;247
324;248
324;249
324;250
324;251
324;252
324;253
324;254
324;255
324;256
324;257
324;258
324;259
324;260
324;261
324;262
324;263
324;264
324;265
324;266
324;267
324;268
324;269
324;270
324;271
324;272
324;273
324;274
324;275
324;276
324;277
324;278
324;279
324;280
324;281
324;282
324;283
324;284
324;285
324;286
324;287
324;288
324;289
324;290
324;291
324;292
324;293
324;294
324;295
324;296
324;297
324;311
324;312
324;313
324;314
324;315
324;316
324;317
324;318
324;319
324;320
324;321
324;322
324;323
324;324
324;325
324;326
324;327
324;328
324;329
324;330
324;331
324;332
324;333
324;334
324;335
324;336
324;337
324;338
324;339
324;340
324;341
324;342
324;343
324;344
324;345
324;346
324;347
324;348
324;349
324;350
324;351
324;352
324;353
324;354
324;355
324;356
324;357
324;358
324;359
324;360
324;361
324;362
324;363
324;364
324;365
324;366
324;367
324;368
324;369
324;370
324;371
324;372
324;373
324;374
324;375
324;376
324;377
324;378
324;379
324;380
324;381
324;382
324;383
324;384
324;385
324;386
324;387
324;388
324;389
324;390
324;391
324;392
324;393
324;394
324;395
324;396
324;397
324;398
324;399
324;400
324;401
324;402
324;403
324;404
324;405
324;473
324;474
324;475
324;476
324;477
324;478
324;479
324;480
324;481
324;482
324;483
324;484
324;485
324;486
324;487
324;488
324;489
324;490
324;491
324;492
324;493
324;494
324;495
324;496
324;497
324;498
324;499
324;500
324;501
324;502
324;503
324;504
324;505
324;506
324;507
324;508
324;509
324;510
324;511
324;512
324;513
324;514
324;515
324;516
324;517
324;518
324;519
324;520
324;521
324;522
324;523
324;524
324;525
324;526
324;527
324;528
324;529
324;530
324;531
324;532
324;533
324;534
324;535
324;536
325;205
325;206
325;207
325;208
325;209
325;210
325;211
325;212
325;213
325;214
325;215
325;216
325;217
325;218
325;219
325;220
325;221
325;222
325;223
325;224
325;225
325;226
325;227
325;228
325;229
325;230
325;231
325;232
325;233
325;234
325;235
325;236
325;237
325;238
325;239
325;240
325;241
325;242
325;243
325;244
325;245
325;246
325;247
325;248
325;249
325;250
325;251
325;252
325;253
325;254
325;255
325;256
325;257
325;258
325;259
325;260
325;261
325;262
325;263
325;264
325;265
325;266
325;267
325;268
325;269
325;270
325;271
325;272
325;273
325;274
325;275
325;276
325;277
325;278
325;279
325;280
325;281
325;282
325;283
325;284
325;285
325;286
325;287
325;288
325;289
325;290
325;291
325;292
325;293
325;294
325;295
325;296
325;297
325;310
325;311
325;312
325;313
325;314
325;315
325;316
325;317
325;318
325;319
325;320
325;321
325;322
325;323
325;324
325;325
325;326
325;327
325;328
325;329
325;330
325;331
325;332
325;333
325;334
325;335
325;336
325;337
325;338
325;339
325;340
325;341
325;342
325;343
325;344
325;345
325;346
325;347
325;348
325;349
325;350
325;351
325;352
325;353
325;354
325;355
325;356
325;357
325;358
325;359
325;360
325;361
325;362
325;363
325;364
325;365
325;366
325;367
325;368
325;369
325;370
325;371
325;372
325;373
325;374
325;375
325;376
325;377
325;378
325;379
325;380
325;381
325;382
325;383
325;384
325;385
325;386
325;387
325;388
325;389
325;390
325;391
325;392
325;393
325;394
325;395
325;396
325;397
325;398
325;399
325;400
325;401
325;402
325;403
325;404
325;405
325;473
325;474
325;475
325;476
325;477
325;478
325;479
325;480
325;481
325;482
325;483
325;484
325;485
325;486
325;487
325;488
325;489
325;490
325;491
325;492
325;493
325;494
325;495
325;496
325;497
325;498
325;499
325;500
325;501
325;502
325;503
325;504
325;505
325;506
325;507
325;508
325;509
325;510
325;511
325;512
325;513
325;514
325;515
325;516
325;517
325;518
325;519
325;520
325;521
325;522
325;523
325;524
325;525
325;526
325;527
325;528
325;529
325;530
325;531
325;532
325;533
325;534
325;535
325;536
326;203
326;204
326;205
326;206
326;207
326;208
326;209
326;210
326;211
326;212
326;213
326;214
326;215
326;216
326;217
326;218
326;219
326;220
326;221
326;222
326;223
326;224
326;225
326;226
326;227
326;228
326;229
326;230
326;231
326;232
326;233
326;234
326;235
326;236
326;237
326;238
326;239
326;240
326;241
326;242
326;243
326;244
326;245
326;246
326;247
326;248
326;249
326;250
326;251
326;252
326;253
326;254
326;255
326;256
326;257
326;258
326;259
326;260
326;261
326;262
326;263
326;264
326;265
326;266
326;267
326;268
326;269
326;270
326;271
326;272
326;273
326;274
326;275
326;276
326;277
326;278
326;279
326;280
326;281
326;282
326;283
326;284
326;285
326;286
326;287
326;288
326;289
326;290
326;291
326;292
326;293
326;294
326;295
326;296
326;297
326;309
326;310
326;311
326;312
326;313
326;314
326;315
326;316
326;317
326;318
326;319
326;320
326;321
326;322
326;323
326;324
326;325
326;326
326;327
326;328
326;329
326;330
326;331
326;332
326;333
326;334
326;335
326;336
326;337
326;338
326;339
326;340
326;341
326;342
326;343
326;344
326;345
326;346
326;347
326;348
326;349
326;350
326;351
326;352
326;353
326;354
326;355
326;356
326;357
326;358
326;359
326;360
326;361
326;362
326;363
326;364
326;365
326;366
326;367
326;368
326;369
326;370
326;371
326;372
326;373
326;374
326;375
326;376
326;377
326;378
326;379
326;380
326;381
326;382
326;383
326;384
326;385
326;386
326;387
326;388
326;389
326;390
326;391
326;392
326;393
326;394
326;395
326;396
326;397
326;398
326;399
326;400
326;401
326;402
326;403
326;404
326;405
326;406
326;473
326;474
326;475
326;476
326;477
326;478
326;479
326;480
326;481
326;482
326;483
326;484
326;485
326;486
326;487
326;488
326;489
326;490
326;491
326;492
326;493
326;494
326;495
326;496
326;497
326;498
326;499
326;500
326;501
326;502
326;503
326;504
326;505
326;506
326;507
326;508
326;509
326;510
326;511
326;512
326;513
326;514
326;515
326;516
326;517
326;518
326;519
326;520
326;521
326;522
326;523
326;524
326;525
326;526
326;527
326;528
326;529
326;530
326;531
326;532
326;533
326;534
326;535
326;536
327;201
327;202
327;203
327;204
327;205
327;206
327;207
327;208
327;209
327;210
327;211
327;212
327;213
327;214
327;215
327;216
327;217
327;218
327;219
327;220
327;221
327;222
327;223
327;224
327;225
327;226
327;227
327;228
327;229
327;230
327;231
327;232
327;233
327;234
327;235
327;236
327;237
327;238
327;239
327;240
327;241
327;242
327;243
327;244
327;245
327;246
327;247
327;248
327;249
327;250
327;251
327;252
327;253
327;254
327;255
327;256
327;257
327;258
327;259
327;260
327;261
327;262
327;263
327;264
327;265
327;266
327;267
327;268
327;269
327;270
327;271
327;272
327;273
327;274
327;275
327;276
327;277
327;278
327;279
327;280
327;281
327;282
327;283
327;284
327;285
327;286
327;287
327;288
327;289
327;290
327;291
327;292
327;293
327;294
327;295
327;296
327;297
327;307
327;308
327;309
327;310
327;311
327;312
327;313
327;314
327;315
327;316
327;317
327;318
327;319
327;320
327;321
327;322
327;323
327;324
327;325
327;326
327;327
327;328
327;329
327;330
327;331
327;332
327;333
327;334
327;335
327;336
327;337
327;338
327;339
327;340
327;341
327;342
327;343
327;344
327;345
327;346
327;347
327;348
327;349
327;350
327;351
327;352
327;353
327;354
327;355
327;356
327;357
327;358
327;359
327;360
327;361
327;362
327;363
327;364
327;365
327;366
327;367
327;368
327;369
327;370
327;371
327;372
327;373
327;374
327;375
327;376
327;377
327;378
327;379
327;380
327;381
327;382
327;383
327;384
327;385
327;386
327;387
327;388
327;389
327;390
327;391
327;392
327;393
327;394
327;395
327;396
327;397
327;398
327;399
327;400
327;401
327;402
327;403
327;404
327;405
327;406
327;472
327;473
327;474
327;475
327;476
327;477
327;478
327;479
327;480
327;481
327;482
327;483
327;484
327;485
327;486
327;487
327;488
327;489
327;490
327;491
327;492
327;493
327;494
327;495
327;496
327;497
327;498
327;499
327;500
327;501
327;502
327;503
327;504
327;505
327;506
327;507
327;508
327;509
327;510
327;511
327;512
327;513
327;514
327;515
327;516
327;517
327;518
327;519
327;520
327;521
327;522
327;523
327;524
327;525
327;526
327;527
327;528
327;529
327;530
327;531
327;532
327;533
327;534
327;535
327;536
328;200
328;201
328;202
328;203
328;204
328;205
328;206
328;207
328;208
328;209
328;210
328;211
328;212
328;213
328;214
328;215
328;216
328;217
328;218
328;219
328;220
328;221
328;222
328;223
328;224
328;225
328;226
328;227
328;228
328;229
328;230
328;231
328;232
328;233
328;234
328;235
328;236
328;237
328;238
328;239
328;240
328;241
328;242
328;243
328;244
328;245
328;246
328;247
328;248
328;249
328;250
328;251
328;252
328;253
328;254
328;255
328;256
328;257
328;258
328;259
328;260
328;261
328;262
328;263
328;264
328;265
328;266
328;267
328;268
328;269
328;270
328;271
328;272
328;273
328;274
328;275
328;276
328;277
328;278
328;279
328;280
328;281
328;282
328;283
328;284
328;285
328;286
328;287
328;288
328;289
328;290
328;291
328;292
328;293
328;294
328;295
328;296
328;297
328;305
328;306
328;307
328;308
328;309
328;310
328;311
328;312
328;313
328;314
328;315
328;316
328;317
328;318
328;319
328;320
328;321
328;322
328;323
328;324
328;325
328;326
328;327
328;328
328;329
328;330
328;331
328;332
328;333
328;334
328;335
328;336
328;337
328;338
328;339
328;340
328;341
328;342
328;343
328;344
328;345
328;346
328;347
328;348
328;349
328;350
328;351
328;352
328;353
328;354
328;355
328;356
328;357
328;358
328;359
328;360
328;361
328;362
328;363
328;364
328;365
328;366
328;367
328;368
328;369
328;370
328;371
328;372
328;373
328;374
328;375
328;376
328;377
328;378
328;379
328;380
328;381
328;382
328;383
328;384
328;385
328;386
328;387
328;388
328;389
328;390
328;391
328;392
328;393
328;394
328;395
328;396
328;397
328;398
328;399
328;400
328;401
328;402
328;403
328;404
328;405
328;406
328;472
328;473
328;474
328;475
328;476
328;477
328;478
328;479
328;480
328;481
328;482
328;483
328;484
328;485
328;486
328;487
328;488
328;489
328;490
328;491
328;492
328;493
328;494
328;495
328;496
328;497
328;498
328;499
328;500
328;501
328;502
328;503
328;504
328;505
328;506
328;507
328;508
328;509
328;510
328;511
328;512
328;513
328;514
328;515
328;516
328;517
328;518
328;519
328;520
328;521
328;522
328;523
328;524
328;525
328;526
328;527
328;528
328;529
328;530
328;531
328;532
328;533
328;534
328;535
328;536
329;202
329;203
329;204
329;205
329;206
329;207
329;208
329;209
329;210
329;211
329;212
329;213
329;214
329;215
329;216
329;217
329;218
329;219
329;220
329;221
329;222
329;223
329;224
329;225
329;226
329;227
329;228
329;229
329;230
329;231
329;232
329;233
329;234
329;235
329;236
329;237
329;238
329;239
329;240
329;241
329;242
329;243
329;244
329;245
329;246
329;247
329;248
329;249
329;250
329;251
329;252
329;253
329;254
329;255
329;256
329;257
329;258
329;259
329;260
329;261
329;262
329;263
329;264
329;265
329;266
329;267
329;268
329;269
329;270
329;271
329;272
329;273
329;274
329;275
329;276
329;277
329;278
329;279
329;280
329;281
329;282
329;283
329;284
329;285
329;286
329;287
329;288
329;289
329;290
329;291
329;292
329;293
329;294
329;295
329;296
329;297
329;305
329;306
329;307
329;308
329;309
329;310
329;311
329;312
329;313
329;314
329;315
329;316
329;317
329;318
329;319
329;320
329;321
329;322
329;323
329;324
329;325
329;326
329;327
329;328
329;329
329;330
329;331
329;332
329;333
329;334
329;335
329;336
329;337
329;338
329;339
329;340
329;341
329;342
329;343
329;344
329;345
329;346
329;347
329;348
329;349
329;350
329;351
329;352
329;353
329;354
329;355
329;356
329;357
329;358
329;359
329;360
329;361
329;362
329;363
329;364
329;365
329;366
329;367
329;368
329;369
329;370
329;371
329;372
329;373
329;374
329;375
329;376
329;377
329;378
329;379
329;380
329;381
329;382
329;383
329;384
329;385
329;386
329;387
329;388
329;389
329;390
329;391
329;392
329;393
329;394
329;395
329;396
329;397
329;398
329;399
329;400
329;401
329;402
329;403
329;404
329;405
329;406
329;472
329;473
329;474
329;475
329;476
329;477
329;478
329;479
329;480
329;481
329;482
329;483
329;484
329;485
329;486
329;487
329;488
329;489
329;490
329;491
329;492
329;493
329;494
329;495
329;496
329;497
329;498
329;499
329;500
329;501
329;502
329;503
329;504
329;505
329;506
329;507
329;508
329;509
329;510
329;511
329;512
329;513
329;514
329;515
329;516
329;517
329;518
329;519
329;520
329;521
329;522
329;523
329;524
329;525
329;526
329;527
329;528
329;529
329;530
329;531
329;532
329;533
329;534
329;535
329;536
330;204
330;205
330;206
330;207
330;208
330;209
330;210
330;211
330;212
330;213
330;214
330;215
330;216
330;217
330;218
330;219
330;220
330;221
330;222
330;223
330;224
330;225
330;226
330;227
330;228
330;229
330;230
330;231
330;232
330;233
330;234
330;235
330;236
330;237
330;238
330;239
330;240
330;241
330;242
330;243
330;244
330;245
330;246
330;247
330;248
330;249
330;250
330;251
330;252
330;253
330;254
330;255
330;256
330;257
330;258
330;259
330;260
330;261
330;262
330;263
330;264
330;265
330;266
330;267
330;268
330;269
330;270
330;271
330;272
330;273
330;274
330;275
330;276
330;277
330;278
330;279
330;280
330;281
330;282
330;283
330;284
330;285
330;286
330;287
330;288
330;289
330;290
330;291
330;292
330;293
330;294
330;295
330;296
330;297
330;303
330;304
330;305
330;306
330;307
330;308
330;309
330;310
330;311
330;312
330;313
330;314
330;315
330;316
330;317
330;318
330;319
330;320
330;321
330;322
330;323
330;324
330;325
330;326
330;327
330;328
330;329
330;330
330;331
330;332
330;333
330;334
330;335
330;336
330;337
330;338
330;339
330;340
330;341
330;342
330;343
330;344
330;345
330;346
330;347
330;348
330;349
330;350
330;351
330;352
330;353
330;354
330;355
330;356
330;357
330;358
330;359
330;360
330;361
330;362
330;363
330;364
330;365
330;366
330;367
330;368
330;369
330;370
330;371
330;372
330;373
330;374
330;375
330;376
330;377
330;378
330;379
330;380
330;381
330;382
330;383
330;384
330;385
330;386
330;387
330;388
330;389
330;390
330;391
330;392
330;393
330;394
330;395
330;396
330;397
330;398
330;399
330;400
330;401
330;402
330;403
330;404
330;405
330;406
330;471
330;472
330;473
330;474
330;475
330;476
330;477
330;478
330;479
330;480
330;481
330;482
330;483
330;484
330;485
330;486
330;487
330;488
330;489
330;490
330;491
330;492
330;493
330;494
330;495
330;496
330;497
330;498
330;499
330;500
330;501
330;502
330;503
330;504
330;505
330;506
330;507
330;508
330;509
330;510
330;511
330;512
330;513
330;514
330;515
330;516
330;517
330;518
330;519
330;520
330;521
330;522
330;523
330;524
330;525
330;526
330;527
330;528
330;529
330;530
330;531
330;532
330;533
330;534
330;535
330;536
331;206
331;207
331;208
331;209
331;210
331;211
331;212
331;213
331;214
331;215
331;216
331;217
331;218
331;219
331;220
331;221
331;222
331;223
331;224
331;225
331;226
331;227
331;228
331;229
331;230
331;231
331;232
331;233
331;234
331;235
331;236
331;237
331;238
331;239
331;240
331;241
331;242
331;243
331;244
331;245
331;246
331;247
331;248
331;249
331;250
331;251
331;252
331;253
331;254
331;255
331;256
331;257
331;258
331;259
331;260
331;261
331;262
331;263
331;264
331;265
331;266
331;267
331;268
331;269
331;270
331;271
331;272
331;273
331;274
331;275
331;276
331;277
331;278
331;279
331;280
331;281
331;282
331;283
331;284
331;285
331;286
331;287
331;288
331;289
331;290
331;291
331;292
331;293
331;294
331;295
331;296
331;297
331;301
331;302
331;303
331;304
331;305
331;306
331;307
331;308
331;309
331;310
331;311
331;312
331;313
331;314
331;315
331;316
331;317
331;318
331;319
331;320
331;321
331;322
331;323
331;324
331;325
331;326
331;327
331;328
331;329
331;330
331;331
331;332
331;333
331;334
331;335
331;336
331;337
331;338
331;339
331;340
331;341
331;342
331;343
331;344
331;345
331;346
331;347
331;348
331;349
331;350
331;351
331;352
331;353
331;354
331;355
331;356
331;357
331;358
331;359
331;360
331;361
331;362
331;363
331;364
331;365
331;366
331;367
331;368
331;369
331;370
331;371
331;372
331;373
331;374
331;375
331;376
331;377
331;378
331;379
331;380
331;381
331;382
331;383
331;384
331;385
331;386
331;387
331;388
331;389
331;390
331;391
331;392
331;393
331;394
331;395
331;396
331;397
331;398
331;399
331;400
331;401
331;402
331;403
331;404
331;405
331;406
331;407
331;471
331;472
331;473
331;474
331;475
331;476
331;477
331;478
331;479
331;480
331;481
331;482
331;483
331;484
331;485
331;486
331;487
331;488
331;489
331;490
331;491
331;492
331;493
331;494
331;495
331;496
331;497
331;498
331;499
331;500
331;501
331;502
331;503
331;504
331;505
331;506
331;507
331;508
331;509
331;510
331;511
331;512
331;513
331;514
331;515
331;516
331;517
331;518
331;519
331;520
331;521
331;522
331;523
331;524
331;525
331;526
331;527
331;528
331;529
331;530
331;531
331;532
331;533
331;534
331;535
331;536
332;208
332;209
332;210
332;211
332;212
332;213
332;214
332;215
332;216
332;217
332;218
332;219
332;220
332;221
332;222
332;223
332;224
332;225
332;226
332;227
332;228
332;229
332;230
332;231
332;232
332;233
332;234
332;235
332;236
332;237
332;238
332;239
332;240
332;241
332;242
332;243
332;244
332;245
332;246
332;247
332;248
332;249
332;250
332;251
332;252
332;253
332;254
332;255
332;256
332;257
332;258
332;259
332;260
332;261
332;262
332;263
332;264
332;265
332;266
332;267
332;268
332;269
332;270
332;271
332;272
332;273
332;274
332;275
332;276
332;277
332;278
332;279
332;280
332;281
332;282
332;283
332;284
332;285
332;286
332;287
332;288
332;289
332;290
332;291
332;292
332;293
332;294
332;295
332;296
332;297
332;301
332;302
332;303
332;304
332;305
332;306
332;307
332;308
332;309
332;310
332;311
332;312
332;313
332;314
332;315
332;316
332;317
332;318
332;319
332;320
332;321
332;322
332;323
332;324
332;325
332;326
332;327
332;328
332;329
332;330
332;331
332;332
332;333
332;334
332;335
332;336
332;337
332;338
332;339
332;340
332;341
332;342
332;343
332;344
332;345
332;346
332;347
332;348
332;349
332;350
332;351
332;352
332;353
332;354
332;355
332;356
332;357
332;358
332;359
332;360
332;361
332;362
332;363
332;364
332;365
332;366
332;367
332;368
332;369
332;370
332;371
332;372
332;373
332;374
332;375
332;376
332;377
332;378
332;379
332;380
332;381
332;382
332;383
332;384
332;385
332;386
332;387
332;388
332;389
332;390
332;391
332;392
332;393
332;394
332;395
332;396
332;397
332;398
332;399
332;400
332;401
332;402
332;403
332;404
332;405
332;406
332;407
332;471
332;472
332;473
332;474
332;475
332;476
332;477
332;478
332;479
332;480
332;481
332;482
332;483
332;484
332;485
332;486
332;487
332;488
332;489
332;490
332;491
332;492
332;493
332;494
332;495
332;496
332;497
332;498
332;499
332;500
332;501
332;502
332;503
332;504
332;505
332;506
332;507
332;508
332;509
332;510
332;511
332;512
332;513
332;514
332;515
332;516
332;517
332;518
332;519
332;520
332;521
332;522
332;523
332;524
332;525
332;526
332;527
332;528
332;529
332;530
332;531
332;532
332;533
332;534
332;535
332;536
333;210
333;211
333;212
333;213
333;214
333;215
333;216
333;217
333;218
333;219
333;220
333;221
333;222
333;223
333;224
333;225
333;226
333;227
333;228
333;229
333;230
333;231
333;232
333;233
333;234
333;235
333;236
333;237
333;238
333;239
333;240
333;241
333;242
333;243
333;244
333;245
333;246
333;247
333;248
333;249
333;250
333;251
333;252
333;253
333;254
333;255
333;256
333;257
333;258
333;259
333;260
333;261
333;262
333;263
333;264
333;265
333;266
333;267
333;268
333;269
333;270
333;271
333;272
333;273
333;274
333;275
333;276
333;277
333;278
333;279
333;280
333;281
333;282
333;283
333;284
333;285
333;286
333;287
333;288
333;289
333;290
333;291
333;292
333;293
333;294
333;295
333;296
333;297
333;299
333;300
333;301
333;302
333;303
333;304
333;305
333;306
333;307
333;308
333;309
333;310
333;311
333;312
333;313
333;314
333;315
333;316
333;317
333;318
333;319
333;320
333;321
333;322
333;323
333;324
333;325
333;326
333;327
333;328
333;329
333;330
333;331
333;332
333;333
333;334
333;335
333;336
333;337
333;338
333;339
333;340
333;341
333;342
333;343
333;344
333;345
333;346
333;347
333;348
333;349
333;350
333;351
333;352
333;353
333;354
333;355
333;356
333;357
333;358
333;359
333;360
333;361
333;362
333;363
333;364
333;365
333;366
333;367
333;368
333;369
333;370
333;371
333;372
333;373
333;374
333;375
333;376
333;377
333;378
333;379
333;380
333;381
333;382
333;383
333;384
333;385
333;386
333;387
333;388
333;389
333;390
333;391
333;392
333;393
333;394
333;395
333;396
333;397
333;398
333;399
333;400
333;401
333;402
333;403
333;404
333;405
333;406
333;407
333;471
333;472
333;473
333;474
333;475
333;476
333;477
333;478
333;479
333;480
333;481
333;482
333;483
333;484
333;485
333;486
333;487
333;488
333;489
333;490
333;491
333;492
333;493
333;494
333;495
333;496
333;497
333;498
333;499
333;500
333;501
333;502
333;503
333;504
333;505
333;506
333;507
333;508
333;509
333;510
333;511
333;512
333;513
333;514
333;515
333;516
333;517
333;518
333;519
333;520
333;521
333;522
333;523
333;524
333;525
333;526
333;527
333;528
333;529
333;530
333;531
333;532
333;533
333;534
333;535
333;536
334;212
334;213
334;214
334;215
334;216
334;217
334;218
334;219
334;220
334;221
334;222
334;223
334;224
334;225
334;226
334;227
334;228
334;229
334;230
334;231
334;232
334;233
334;234
334;235
334;236
334;237
334;238
334;239
334;240
334;241
334;242
334;243
334;244
334;245
334;246
334;247
334;248
334;249
334;250
334;251
334;252
334;253
334;254
334;255
334;256
334;257
334;258
334;259
334;260
334;261
334;262
334;263
334;264
334;265
334;266
334;267
334;268
334;269
334;270
334;271
334;272
334;273
334;274
334;275
334;276
334;277
334;278
334;279
334;280
334;281
334;282
334;283
334;284
334;285
334;286
334;287
334;288
334;289
334;290
334;291
334;292
334;293
334;294
334;295
334;296
334;297
334;298
334;299
334;300
334;301
334;302
334;303
334;304
334;305
334;306
334;307
334;308
334;309
334;310
334;311
334;312
334;313
334;314
334;315
334;316
334;317
334;318
334;319
334;320
334;321
334;322
334;323
334;324
334;325
334;326
334;327
334;328
334;329
334;330
334;331
334;332
334;333
334;334
334;335
334;336
334;337
334;338
334;339
334;340
334;341
334;342
334;343
334;344
334;345
334;346
334;347
334;348
334;349
334;350
334;351
334;352
334;353
334;354
334;355
334;356
334;357
334;358
334;359
334;360
334;361
334;362
334;363
334;364
334;365
334;366
334;367
334;368
334;369
334;370
334;371
334;372
334;373
334;374
334;375
334;376
334;377
334;378
334;379
334;380
334;381
334;382
334;383
334;384
334;385
334;386
334;387
334;388
334;389
334;390
334;391
334;392
334;393
334;394
334;395
334;396
334;397
334;398
334;399
334;400
334;401
334;402
334;403
334;404
334;405
334;406
334;407
334;471
334;472
334;473
334;474
334;475
334;476
334;477
334;478
334;479
334;480
334;481
334;482
334;483
334;484
334;485
334;486
334;487
334;488
334;489
334;490
334;491
334;492
334;493
334;494
334;495
334;496
334;497
334;498
334;499
334;500
334;501
334;502
334;503
334;504
334;505
334;506
334;507
334;508
334;509
334;510
334;511
334;512
334;513
334;514
334;515
334;516
334;517
334;518
334;519
334;520
334;521
334;522
334;523
334;524
334;525
334;526
334;527
334;528
334;529
334;530
334;531
334;532
334;533
334;534
334;535
334;536
335;214
335;215
335;216
335;217
335;218
335;219
335;220
335;221
335;222
335;223
335;224
335;225
335;226
335;227
335;228
335;229
335;230
335;231
335;232
335;233
335;234
335;235
335;236
335;237
335;238
335;239
335;240
335;241
335;242
335;243
335;244
335;245
335;246
335;247
335;248
335;249
335;250
335;251
335;252
335;253
335;254
335;255
335;256
335;257
335;258
335;259
335;260
335;261
335;262
335;263
335;264
335;265
335;266
335;267
335;268
335;269
335;270
335;271
335;272
335;273
335;274
335;275
335;276
335;277
335;278
335;279
335;280
335;281
335;282
335;283
335;284
335;285
335;286
335;287
335;288
335;289
335;290
335;291
335;292
335;293
335;294
335;295
335;296
335;297
335;300
335;301
335;302
335;303
335;304
335;305
335;306
335;307
335;308
335;309
335;310
335;311
335;312
335;313
335;314
335;315
335;316
335;317
335;318
335;319
335;320
335;321
335;322
335;323
335;324
335;325
335;326
335;327
335;328
335;329
335;330
335;331
335;332
335;333
335;334
335;335
335;336
335;337
335;338
335;339
335;340
335;341
335;342
335;343
335;344
335;345
335;346
335;347
335;348
335;349
335;350
335;351
335;352
335;353
335;354
335;355
335;356
335;357
335;358
335;359
335;360
335;361
335;362
335;363
335;364
335;365
335;366
335;367
335;368
335;369
335;370
335;371
335;372
335;373
335;374
335;375
335;376
335;377
335;378
335;379
335;380
335;381
335;382
335;383
335;384
335;385
335;386
335;387
335;388
335;389
335;390
335;391
335;392
335;393
335;394
335;395
335;396
335;397
335;398
335;399
335;400
335;401
335;402
335;403
335;404
335;405
335;406
335;407
335;471
335;472
335;473
335;474
335;475
335;476
335;477
335;478
335;479
335;480
335;481
335;482
335;483
335;484
335;485
335;486
335;487
335;488
335;489
335;490
335;491
335;492
335;493
335;494
335;495
335;496
335;497
335;498
335;499
335;500
335;501
335;502
335;503
335;504
335;505
335;506
335;507
335;508
335;509
335;510
335;511
335;512
335;513
335;514
335;515
335;516
335;517
335;518
335;519
335;520
335;521
335;522
335;523
335;524
335;525
335;526
335;527
335;528
335;529
335;530
335;531
335;532
335;533
335;534
335;535
335;536
336;216
336;217
336;218
336;219
336;220
336;221
336;222
336;223
336;224
336;225
336;226
336;227
336;228
336;229
336;230
336;231
336;232
336;233
336;234
336;235
336;236
336;237
336;238
336;239
336;240
336;241
336;242
336;243
336;244
336;245
336;246
336;247
336;248
336;249
336;250
336;251
336;252
336;253
336;254
336;255
336;256
336;257
336;258
336;259
336;260
336;261
336;262
336;263
336;264
336;265
336;266
336;267
336;268
336;269
336;270
336;271
336;272
336;273
336;274
336;275
336;276
336;277
336;278
336;279
336;280
336;281
336;282
336;283
336;284
336;285
336;286
336;287
336;288
336;289
336;290
336;291
336;292
336;293
336;294
336;295
336;296
336;297
336;298
336;304
336;305
336;306
336;307
336;308
336;309
336;310
336;311
336;312
336;313
336;314
336;315
336;316
336;317
336;318
336;319
336;320
336;321
336;322
336;323
336;324
336;325
336;326
336;327
336;328
336;329
336;330
336;331
336;332
336;333
336;334
336;335
336;336
336;337
336;338
336;339
336;340
336;341
336;342
336;343
336;344
336;345
336;346
336;347
336;348
336;349
336;350
336;351
336;352
336;353
336;354
336;355
336;356
336;357
336;358
336;359
336;360
336;361
336;362
336;363
336;364
336;365
336;366
336;367
336;368
336;369
336;370
336;371
336;372
336;373
336;374
336;375
336;376
336;377
336;378
336;379
336;380
336;381
336;382
336;383
336;384
336;385
336;386
336;387
336;388
336;389
336;390
336;391
336;392
336;393
336;394
336;395
336;396
336;397
336;398
336;399
336;400
336;401
336;402
336;403
336;404
336;405
336;406
336;407
336;408
336;470
336;471
336;472
336;473
336;474
336;475
336;476
336;477
336;478
336;479
336;480
336;481
336;482
336;483
336;484
336;485
336;486
336;487
336;488
336;489
336;490
336;491
336;492
336;493
336;494
336;495
336;496
336;497
336;498
336;499
336;500
336;501
336;502
336;503
336;504
336;505
336;506
336;507
336;508
336;509
336;510
336;511
336;512
336;513
336;514
336;515
336;516
336;517
336;518
336;519
336;520
336;521
336;522
336;523
336;524
336;525
336;526
336;527
336;528
336;529
336;530
336;531
336;532
336;533
336;534
336;535
336;536
337;218
337;219
337;220
337;221
337;222
337;223
337;224
337;225
337;226
337;227
337;228
337;229
337;230
337;231
337;232
337;233
337;234
337;235
337;236
337;237
337;238
337;239
337;240
337;241
337;242
337;243
337;244
337;245
337;246
337;247
337;248
337;249
337;250
337;251
337;252
337;253
337;254
337;255
337;256
337;257
337;258
337;259
337;260
337;261
337;262
337;263
337;264
337;265
337;266
337;267
337;268
337;269
337;270
337;271
337;272
337;273
337;274
337;275
337;276
337;277
337;278
337;279
337;280
337;281
337;282
337;283
337;284
337;285
337;286
337;287
337;288
337;289
337;290
337;291
337;292
337;293
337;294
337;295
337;296
337;297
337;298
337;306
337;307
337;308
337;309
337;310
337;311
337;312
337;313
337;314
337;315
337;316
337;317
337;318
337;319
337;320
337;321
337;322
337;323
337;324
337;325
337;326
337;327
337;328
337;329
337;330
337;331
337;332
337;333
337;334
337;335
337;336
337;337
337;338
337;339
337;340
337;341
337;342
337;343
337;344
337;345
337;346
337;347
337;348
337;349
337;350
337;351
337;352
337;353
337;354
337;355
337;356
337;357
337;358
337;359
337;360
337;361
337;362
337;363
337;364
337;365
337;366
337;367
337;368
337;369
337;370
337;371
337;372
337;373
337;374
337;375
337;376
337;377
337;378
337;379
337;380
337;381
337;382
337;383
337;384
337;385
337;386
337;387
337;388
337;389
337;390
337;391
337;392
337;393
337;394
337;395
337;396
337;397
337;398
337;399
337;400
337;401
337;402
337;403
337;404
337;405
337;406
337;407
337;408
337;470
337;471
337;472
337;473
337;474
337;475
337;476
337;477
337;478
337;479
337;480
337;481
337;482
337;483
337;484
337;485
337;486
337;487
337;488
337;489
337;490
337;491
337;492
337;493
337;494
337;495
337;496
337;497
337;498
337;499
337;500
337;501
337;502
337;503
337;504
337;505
337;506
337;507
337;508
337;509
337;510
337;511
337;512
337;513
337;514
337;515
337;516
337;517
337;518
337;519
337;520
337;521
337;522
337;523
337;524
337;525
337;526
337;527
337;528
337;529
337;530
337;531
337;532
337;533
337;534
337;535
337;536
338;220
338;221
338;222
338;223
338;224
338;225
338;226
338;227
338;228
338;229
338;230
338;231
338;232
338;233
338;234
338;235
338;236
338;237
338;238
338;239
338;240
338;241
338;242
338;243
338;244
338;245
338;246
338;247
338;248
338;249
338;250
338;251
338;252
338;253
338;254
338;255
338;256
338;257
338;258
338;259
338;260
338;261
338;262
338;263
338;264
338;265
338;266
338;267
338;268
338;269
338;270
338;271
338;272
338;273
338;274
338;275
338;276
338;277
338;278
338;279
338;280
338;281
338;282
338;283
338;284
338;285
338;286
338;287
338;288
338;289
338;290
338;291
338;292
338;293
338;294
338;295
338;296
338;297
338;298
338;310
338;311
338;312
338;313
338;314
338;315
338;316
338;317
338;318
338;319
338;320
338;321
338;322
338;323
338;324
338;325
338;326
338;327
338;328
338;329
338;330
338;331
338;332
338;333
338;334
338;335
338;336
338;337
338;338
338;339
338;340
338;341
338;342
338;343
338;344
338;345
338;346
338;347
338;348
338;349
338;350
338;351
338;352
338;353
338;354
338;355
338;356
338;357
338;358
338;359
338;360
338;361
338;362
338;363
338;364
338;365
338;366
338;367
338;368
338;369
338;370
338;371
338;372
338;373
338;374
338;375
338;376
338;377
338;378
338;379
338;380
338;381
338;382
338;383
338;384
338;385
338;386
338;387
338;388
338;389
338;390
338;391
338;392
338;393
338;394
338;395
338;396
338;397
338;398
338;399
338;400
338;401
338;402
338;403
338;404
338;405
338;406
338;407
338;408
338;470
338;471
338;472
338;473
338;474
338;475
338;476
338;477
338;478
338;479
338;480
338;481
338;482
338;483
338;484
338;485
338;486
338;487
338;488
338;489
338;490
338;491
338;492
338;493
338;494
338;495
338;496
338;497
338;498
338;499
338;500
338;501
338;502
338;503
338;504
338;505
338;506
338;507
338;508
338;509
338;510
338;511
338;512
338;513
338;514
338;515
338;516
338;517
338;518
338;519
338;520
338;521
338;522
338;523
338;524
338;525
338;526
338;527
338;528
338;529
338;530
338;531
338;532
338;533
338;534
338;535
338;536
339;222
339;223
339;224
339;225
339;226
339;227
339;228
339;229
339;230
339;231
339;232
339;233
339;234
339;235
339;236
339;237
339;238
339;239
339;240
339;241
339;242
339;243
339;244
339;245
339;246
339;247
339;248
339;249
339;250
339;251
339;252
339;253
339;254
339;255
339;256
339;257
339;258
339;259
339;260
339;261
339;262
339;263
339;264
339;265
339;266
339;267
339;268
339;269
339;270
339;271
339;272
339;273
339;274
339;275
339;276
339;277
339;278
339;279
339;280
339;281
339;282
339;283
339;284
339;285
339;286
339;287
339;288
339;289
339;290
339;291
339;292
339;293
339;294
339;295
339;296
339;297
339;298
339;312
339;314
339;315
339;316
339;317
339;318
339;319
339;320
339;321
339;322
339;323
339;324
339;325
339;326
339;327
339;328
339;329
339;330
339;331
339;332
339;333
339;334
339;335
339;336
339;337
339;338
339;339
339;340
339;341
339;342
339;343
339;344
339;345
339;346
339;347
339;348
339;349
339;350
339;351
339;352
339;353
339;354
339;355
339;356
339;357
339;358
339;359
339;360
339;361
339;362
339;363
339;364
339;365
339;366
339;367
339;368
339;369
339;370
339;371
339;372
339;373
339;374
339;375
339;376
339;377
339;378
339;379
339;380
339;381
339;382
339;383
339;384
339;385
339;386
339;387
339;388
339;389
339;390
339;391
339;392
339;393
339;394
339;395
339;396
339;397
339;398
339;399
339;400
339;401
339;402
339;403
339;404
339;405
339;406
339;407
339;408
339;470
339;471
339;472
339;473
339;474
339;475
339;476
339;477
339;478
339;479
339;480
339;481
339;482
339;483
339;484
339;485
339;486
339;487
339;488
339;489
339;490
339;491
339;492
339;493
339;494
339;495
339;496
339;497
339;498
339;499
339;500
339;501
339;502
339;503
339;504
339;505
339;506
339;507
339;508
339;509
339;510
339;511
339;512
339;513
339;514
339;515
339;516
339;517
339;518
339;519
339;520
339;521
339;522
339;523
339;524
339;525
339;526
339;527
339;528
339;529
339;530
339;531
339;532
339;533
339;534
339;535
339;536
340;224
340;225
340;226
340;227
340;228
340;229
340;230
340;231
340;232
340;233
340;234
340;235
340;236
340;237
340;238
340;239
340;240
340;241
340;242
340;243
340;244
340;245
340;246
340;247
340;248
340;249
340;250
340;251
340;252
340;253
340;254
340;255
340;256
340;257
340;258
340;259
340;260
340;261
340;262
340;263
340;264
340;265
340;266
340;267
340;268
340;269
340;270
340;271
340;272
340;273
340;274
340;275
340;276
340;277
340;278
340;279
340;280
340;281
340;282
340;283
340;284
340;285
340;286
340;287
340;288
340;289
340;290
340;291
340;292
340;293
340;294
340;295
340;296
340;297
340;298
340;316
340;317
340;318
340;319
340;320
340;321
340;322
340;323
340;324
340;325
340;326
340;327
340;328
340;329
340;330
340;331
340;332
340;333
340;334
340;335
340;336
340;337
340;338
340;339
340;340
340;341
340;342
340;343
340;344
340;345
340;346
340;347
340;348
340;349
340;350
340;351
340;352
340;353
340;354
340;355
340;356
340;357
340;358
340;359
340;360
340;361
340;362
340;363
340;364
340;365
340;366
340;367
340;368
340;369
340;370
340;371
340;372
340;373
340;374
340;375
340;376
340;377
340;378
340;379
340;380
340;381
340;382
340;383
340;384
340;385
340;386
340;387
340;388
340;389
340;390
340;391
340;392
340;393
340;394
340;395
340;396
340;397
340;398
340;399
340;400
340;401
340;402
340;403
340;404
340;405
340;406
340;407
340;408
340;471
340;472
340;473
340;474
340;475
340;476
340;477
340;478
340;479
340;480
340;481
340;482
340;483
340;484
340;485
340;486
340;487
340;488
340;489
340;490
340;491
340;492
340;493
340;494
340;495
340;496
340;497
340;498
340;499
340;500
340;501
340;502
340;503
340;504
340;505
340;506
340;507
340;508
340;509
340;510
340;511
340;512
340;513
340;514
340;515
340;516
340;517
340;518
340;519
340;520
340;521
340;522
340;523
340;524
340;525
340;526
340;527
340;528
340;529
340;530
340;531
340;532
340;533
340;534
340;535
340;536
341;226
341;227
341;228
341;229
341;230
341;231
341;232
341;233
341;234
341;235
341;236
341;237
341;238
341;239
341;240
341;241
341;242
341;243
341;244
341;245
341;246
341;247
341;248
341;249
341;250
341;251
341;252
341;253
341;254
341;255
341;256
341;257
341;258
341;259
341;260
341;261
341;262
341;263
341;264
341;265
341;266
341;267
341;268
341;269
341;270
341;271
341;272
341;273
341;274
341;275
341;276
341;277
341;278
341;279
341;280
341;281
341;282
341;283
341;284
341;285
341;286
341;287
341;288
341;289
341;290
341;291
341;292
341;293
341;294
341;295
341;296
341;297
341;298
341;318
341;320
341;321
341;322
341;323
341;324
341;325
341;326
341;327
341;328
341;329
341;330
341;331
341;332
341;333
341;334
341;335
341;336
341;337
341;338
341;339
341;340
341;341
341;342
341;343
341;344
341;345
341;346
341;347
341;348
341;349
341;350
341;351
341;352
341;353
341;354
341;355
341;356
341;357
341;358
341;359
341;360
341;361
341;362
341;363
341;364
341;365
341;366
341;367
341;368
341;369
341;370
341;371
341;372
341;373
341;374
341;375
341;376
341;377
341;378
341;379
341;380
341;381
341;382
341;383
341;384
341;385
341;386
341;387
341;388
341;389
341;390
341;391
341;392
341;393
341;394
341;395
341;396
341;397
341;398
341;399
341;400
341;401
341;402
341;403
341;404
341;405
341;406
341;407
341;408
341;409
341;471
341;472
341;473
341;474
341;475
341;476
341;477
341;478
341;479
341;480
341;481
341;482
341;483
341;484
341;485
341;486
341;487
341;488
341;489
341;490
341;491
341;492
341;493
341;494
341;495
341;496
341;497
341;498
341;499
341;500
341;501
341;502
341;503
341;504
341;505
341;506
341;507
341;508
341;509
341;510
341;511
341;512
341;513
341;514
341;515
341;516
341;517
341;518
341;519
341;520
341;521
341;522
341;523
341;524
341;525
341;526
341;527
341;528
341;529
341;530
341;531
341;532
341;533
341;534
341;535
341;536
342;228
342;229
342;230
342;231
342;232
342;233
342;234
342;235
342;236
342;237
342;238
342;239
342;240
342;241
342;242
342;243
342;244
342;245
342;246
342;247
342;248
342;249
342;250
342;251
342;252
342;253
342;254
342;255
342;256
342;257
342;258
342;259
342;260
342;261
342;262
342;263
342;264
342;265
342;266
342;267
342;268
342;269
342;270
342;271
342;272
342;273
342;274
342;275
342;276
342;277
342;278
342;279
342;280
342;281
342;282
342;283
342;284
342;285
342;286
342;287
342;288
342;289
342;290
342;291
342;292
342;293
342;294
342;295
342;296
342;297
342;298
342;322
342;323
342;324
342;325
342;326
342;327
342;328
342;329
342;330
342;331
342;332
342;333
342;334
342;335
342;336
342;337
342;338
342;339
342;340
342;341
342;342
342;343
342;344
342;345
342;346
342;347
342;348
342;349
342;350
342;351
342;352
342;353
342;354
342;355
342;356
342;357
342;358
342;359
342;360
342;361
342;362
342;363
342;364
342;365
342;366
342;367
342;368
342;369
342;370
342;371
342;372
342;373
342;374
342;375
342;376
342;377
342;378
342;379
342;380
342;381
342;382
342;383
342;384
342;385
342;386
342;387
342;388
342;389
342;390
342;391
342;392
342;393
342;394
342;395
342;396
342;397
342;398
342;399
342;400
342;401
342;402
342;403
342;404
342;405
342;406
342;407
342;408
342;409
342;471
342;472
342;473
342;474
342;475
342;476
342;477
342;478
342;479
342;480
342;481
342;482
342;483
342;484
342;485
342;486
342;487
342;488
342;489
342;490
342;491
342;492
342;493
342;494
342;495
342;496
342;497
342;498
342;499
342;500
342;501
342;502
342;503
342;504
342;505
342;506
342;507
342;508
342;509
342;510
342;511
342;512
342;513
342;514
342;515
342;516
342;517
342;518
342;519
342;520
342;521
342;522
342;523
342;524
342;525
342;526
342;527
342;528
342;529
342;530
342;531
342;532
342;533
342;534
342;535
342;536
343;230
343;231
343;232
343;233
343;234
343;235
343;236
343;237
343;238
343;239
343;240
343;241
343;242
343;243
343;244
343;245
343;246
343;247
343;248
343;249
343;250
343;251
343;252
343;253
343;254
343;255
343;256
343;257
343;258
343;259
343;260
343;261
343;262
343;263
343;264
343;265
343;266
343;267
343;268
343;269
343;270
343;271
343;272
343;273
343;274
343;275
343;276
343;277
343;278
343;279
343;280
343;281
343;282
343;283
343;284
343;285
343;286
343;287
343;288
343;289
343;290
343;291
343;292
343;293
343;294
343;295
343;296
343;297
343;298
343;326
343;327
343;328
343;329
343;330
343;331
343;332
343;333
343;334
343;335
343;336
343;337
343;338
343;339
343;340
343;341
343;342
343;343
343;344
343;345
343;346
343;347
343;348
343;349
343;350
343;351
343;352
343;353
343;354
343;355
343;356
343;357
343;358
343;359
343;360
343;361
343;362
343;363
343;364
343;365
343;366
343;367
343;368
343;369
343;370
343;371
343;372
343;373
343;374
343;375
343;376
343;377
343;378
343;379
343;380
343;381
343;382
343;383
343;384
343;385
343;386
343;387
343;388
343;389
343;390
343;391
343;392
343;393
343;394
343;395
343;396
343;397
343;398
343;399
343;400
343;401
343;402
343;403
343;404
343;405
343;406
343;407
343;408
343;409
343;471
343;472
343;473
343;474
343;475
343;476
343;477
343;478
343;479
343;480
343;481
343;482
343;483
343;484
343;485
343;486
343;487
343;488
343;489
343;490
343;491
343;492
343;493
343;494
343;495
343;496
343;497
343;498
343;499
343;500
343;501
343;502
343;503
343;504
343;505
343;506
343;507
343;508
343;509
343;510
343;511
343;512
343;513
343;514
343;515
343;516
343;517
343;518
343;519
343;520
343;521
343;522
343;523
343;524
343;525
343;526
343;527
343;528
343;529
343;530
343;531
343;532
343;533
343;534
343;535
343;536
344;232
344;233
344;234
344;235
344;236
344;237
344;238
344;239
344;240
344;241
344;242
344;243
344;244
344;245
344;246
344;247
344;248
344;249
344;250
344;251
344;252
344;253
344;254
344;255
344;256
344;257
344;258
344;259
344;260
344;261
344;262
344;263
344;264
344;265
344;266
344;267
344;268
344;269
344;270
344;271
344;272
344;273
344;274
344;275
344;276
344;277
344;278
344;279
344;280
344;281
344;282
344;283
344;284
344;285
344;286
344;287
344;288
344;289
344;290
344;291
344;292
344;293
344;294
344;295
344;296
344;297
344;298
344;328
344;329
344;330
344;331
344;332
344;333
344;334
344;335
344;336
344;337
344;338
344;339
344;340
344;341
344;342
344;343
344;344
344;345
344;346
344;347
344;348
344;349
344;350
344;351
344;352
344;353
344;354
344;355
344;356
344;357
344;358
344;359
344;360
344;361
344;362
344;363
344;364
344;365
344;366
344;367
344;368
344;369
344;370
344;371
344;372
344;373
344;374
344;375
344;376
344;377
344;378
344;379
344;380
344;381
344;382
344;383
344;384
344;385
344;386
344;387
344;388
344;389
344;390
344;391
344;392
344;393
344;394
344;395
344;396
344;397
344;398
344;399
344;400
344;401
344;402
344;403
344;404
344;405
344;406
344;407
344;408
344;409
344;471
344;472
344;473
344;474
344;475
344;476
344;477
344;478
344;479
344;480
344;481
344;482
344;483
344;484
344;485
344;486
344;487
344;488
344;489
344;490
344;491
344;492
344;493
344;494
344;495
344;496
344;497
344;498
344;499
344;500
344;501
344;502
344;503
344;504
344;505
344;506
344;507
344;508
344;509
344;510
344;511
344;512
344;513
344;514
344;515
344;516
344;517
344;518
344;519
344;520
344;521
344;522
344;523
344;524
344;525
344;526
344;527
344;528
344;529
344;530
344;531
344;532
344;533
344;534
344;535
344;536
345;234
345;235
345;236
345;237
345;238
345;239
345;240
345;241
345;242
345;243
345;244
345;245
345;246
345;247
345;248
345;249
345;250
345;251
345;252
345;253
345;254
345;255
345;256
345;257
345;258
345;259
345;260
345;261
345;262
345;263
345;264
345;265
345;266
345;267
345;268
345;269
345;270
345;271
345;272
345;273
345;274
345;275
345;276
345;277
345;278
345;279
345;280
345;281
345;282
345;283
345;284
345;285
345;286
345;287
345;288
345;289
345;290
345;291
345;292
345;293
345;294
345;295
345;296
345;297
345;298
345;332
345;333
345;334
345;335
345;336
345;337
345;338
345;339
345;340
345;341
345;342
345;343
345;344
345;345
345;346
345;347
345;348
345;349
345;350
345;351
345;352
345;353
345;354
345;355
345;356
345;357
345;358
345;359
345;360
345;361
345;362
345;363
345;364
345;365
345;366
345;367
345;368
345;369
345;370
345;371
345;372
345;373
345;374
345;375
345;376
345;377
345;378
345;379
345;380
345;381
345;382
345;383
345;384
345;385
345;386
345;387
345;388
345;389
345;390
345;391
345;392
345;393
345;394
345;395
345;396
345;397
345;398
345;399
345;400
345;401
345;402
345;403
345;404
345;405
345;406
345;407
345;408
345;409
345;471
345;472
345;473
345;474
345;475
345;476
345;477
345;478
345;479
345;480
345;481
345;482
345;483
345;484
345;485
345;486
345;487
345;488
345;489
345;490
345;491
345;492
345;493
345;494
345;495
345;496
345;497
345;498
345;499
345;500
345;501
345;502
345;503
345;504
345;505
345;506
345;507
345;508
345;509
345;510
345;511
345;512
345;513
345;514
345;515
345;516
345;517
345;518
345;519
345;520
345;521
345;522
345;523
345;524
345;525
345;526
345;527
345;528
345;529
345;530
345;531
345;532
345;533
345;534
345;535
345;536
346;236
346;237
346;238
346;239
346;240
346;241
346;242
346;243
346;244
346;245
346;246
346;247
346;248
346;249
346;250
346;251
346;252
346;253
346;254
346;255
346;256
346;257
346;258
346;259
346;260
346;261
346;262
346;263
346;264
346;265
346;266
346;267
346;268
346;269
346;270
346;271
346;272
346;273
346;274
346;275
346;276
346;277
346;278
346;279
346;280
346;281
346;282
346;283
346;284
346;285
346;286
346;287
346;288
346;289
346;290
346;291
346;292
346;293
346;294
346;295
346;296
346;297
346;298
346;334
346;336
346;337
346;338
346;339
346;340
346;341
346;342
346;343
346;344
346;345
346;346
346;347
346;348
346;349
346;350
346;351
346;352
346;353
346;354
346;355
346;356
346;357
346;358
346;359
346;360
346;361
346;362
346;363
346;364
346;365
346;366
346;367
346;368
346;369
346;370
346;371
346;372
346;373
346;374
346;375
346;376
346;377
346;378
346;379
346;380
346;381
346;382
346;383
346;384
346;385
346;386
346;387
346;388
346;389
346;390
346;391
346;392
346;393
346;394
346;395
346;396
346;397
346;398
346;399
346;400
346;401
346;402
346;403
346;404
346;405
346;406
346;407
346;408
346;409
346;410
346;472
346;473
346;474
346;475
346;476
346;477
346;478
346;479
346;480
346;481
346;482
346;483
346;484
346;485
346;486
346;487
346;488
346;489
346;490
346;491
346;492
346;493
346;494
346;495
346;496
346;497
346;498
346;499
346;500
346;501
346;502
346;503
346;504
346;505
346;506
346;507
346;508
346;509
346;510
346;511
346;512
346;513
346;514
346;515
346;516
346;517
346;518
346;519
346;520
346;521
346;522
346;523
346;524
346;525
346;526
346;527
346;528
346;529
346;530
346;531
346;532
346;533
346;534
346;535
346;536
347;238
347;239
347;240
347;241
347;242
347;243
347;244
347;245
347;246
347;247
347;248
347;249
347;250
347;251
347;252
347;253
347;254
347;255
347;256
347;257
347;258
347;259
347;260
347;261
347;262
347;263
347;264
347;265
347;266
347;267
347;268
347;269
347;270
347;271
347;272
347;273
347;274
347;275
347;276
347;277
347;278
347;279
347;280
347;281
347;282
347;283
347;284
347;285
347;286
347;287
347;288
347;289
347;290
347;291
347;292
347;293
347;294
347;295
347;296
347;297
347;298
347;338
347;339
347;340
347;341
347;342
347;343
347;344
347;345
347;346
347;347
347;348
347;349
347;350
347;351
347;352
347;353
347;354
347;355
347;356
347;357
347;358
347;359
347;360
347;361
347;362
347;363
347;364
347;365
347;366
347;367
347;368
347;369
347;370
347;371
347;372
347;373
347;374
347;375
347;376
347;377
347;378
347;379
347;380
347;381
347;382
347;383
347;384
347;385
347;386
347;387
347;388
347;389
347;390
347;391
347;392
347;393
347;394
347;395
347;396
347;397
347;398
347;399
347;400
347;401
347;402
347;403
347;404
347;405
347;406
347;407
347;408
347;409
347;410
347;472
347;473
347;474
347;475
347;476
347;477
347;478
347;479
347;480
347;481
347;482
347;483
347;484
347;485
347;486
347;487
347;488
347;489
347;490
347;491
347;492
347;493
347;494
347;495
347;496
347;497
347;498
347;499
347;500
347;501
347;502
347;503
347;504
347;505
347;506
347;507
347;508
347;509
347;510
347;511
347;512
347;513
347;514
347;515
347;516
347;517
347;518
347;519
347;520
347;521
347;522
347;523
347;524
347;525
347;526
347;527
347;528
347;529
347;530
347;531
347;532
347;533
347;534
347;535
347;536
348;242
348;243
348;244
348;245
348;246
348;247
348;248
348;249
348;250
348;251
348;252
348;253
348;254
348;255
348;256
348;257
348;258
348;259
348;260
348;261
348;262
348;263
348;264
348;265
348;266
348;267
348;268
348;269
348;270
348;271
348;272
348;273
348;274
348;275
348;276
348;277
348;278
348;279
348;280
348;281
348;282
348;283
348;284
348;285
348;286
348;287
348;288
348;289
348;290
348;291
348;292
348;293
348;294
348;295
348;296
348;297
348;298
348;340
348;342
348;343
348;344
348;345
348;346
348;347
348;348
348;349
348;350
348;351
348;352
348;353
348;354
348;355
348;356
348;357
348;358
348;359
348;360
348;361
348;362
348;363
348;364
348;365
348;366
348;367
348;368
348;369
348;370
348;371
348;372
348;373
348;374
348;375
348;376
348;377
348;378
348;379
348;380
348;381
348;382
348;383
348;384
348;385
348;386
348;387
348;388
348;389
348;390
348;391
348;392
348;393
348;394
348;395
348;396
348;397
348;398
348;399
348;400
348;401
348;402
348;403
348;404
348;405
348;406
348;407
348;408
348;409
348;410
348;472
348;473
348;474
348;475
348;476
348;477
348;478
348;479
348;480
348;481
348;482
348;483
348;484
348;485
348;486
348;487
348;488
348;489
348;490
348;491
348;492
348;493
348;494
348;495
348;496
348;497
348;498
348;499
348;500
348;501
348;502
348;503
348;504
348;505
348;506
348;507
348;508
348;509
348;510
348;511
348;512
348;513
348;514
348;515
348;516
348;517
348;518
348;519
348;520
348;521
348;522
348;523
348;524
348;525
348;526
348;527
348;528
348;529
348;530
348;531
348;532
348;533
348;534
348;535
348;536
349;244
349;245
349;246
349;247
349;248
349;249
349;250
349;251
349;252
349;253
349;254
349;255
349;256
349;257
349;258
349;259
349;260
349;261
349;262
349;263
349;264
349;265
349;266
349;267
349;268
349;269
349;270
349;271
349;272
349;273
349;274
349;275
349;276
349;277
349;278
349;279
349;280
349;281
349;282
349;283
349;284
349;285
349;286
349;287
349;288
349;289
349;290
349;291
349;292
349;293
349;294
349;295
349;296
349;297
349;298
349;344
349;345
349;346
349;347
349;348
349;349
349;350
349;351
349;352
349;353
349;354
349;355
349;356
349;357
349;358
349;359
349;360
349;361
349;362
349;363
349;364
349;365
349;366
349;367
349;368
349;369
349;370
349;371
349;372
349;373
349;374
349;375
349;376
349;377
349;378
349;379
349;380
349;381
349;382
349;383
349;384
349;385
349;386
349;387
349;388
349;389
349;390
349;391
349;392
349;393
349;394
349;395
349;396
349;397
349;398
349;399
349;400
349;401
349;402
349;403
349;404
349;405
349;406
349;407
349;408
349;409
349;410
349;473
349;474
349;475
349;476
349;477
349;478
349;479
349;480
349;481
349;482
349;483
349;484
349;485
349;486
349;487
349;488
349;489
349;490
349;491
349;492
349;493
349;494
349;495
349;496
349;497
349;498
349;499
349;500
349;501
349;502
349;503
349;504
349;505
349;506
349;507
349;508
349;509
349;510
349;511
349;512
349;513
349;514
349;515
349;516
349;517
349;518
349;519
349;520
349;521
349;522
349;523
349;524
349;525
349;526
349;527
349;528
349;529
349;530
349;531
349;532
349;533
349;534
349;535
349;536
350;246
350;247
350;248
350;249
350;250
350;251
350;252
350;253
350;254
350;255
350;256
350;257
350;258
350;259
350;260
350;261
350;262
350;263
350;264
350;265
350;266
350;267
350;268
350;269
350;270
350;271
350;272
350;273
350;274
350;275
350;276
350;277
350;278
350;279
350;280
350;281
350;282
350;283
350;284
350;285
350;286
350;287
350;288
350;289
350;290
350;291
350;292
350;293
350;294
350;295
350;296
350;297
350;298
350;346
350;348
350;349
350;350
350;351
350;352
350;353
350;354
350;355
350;356
350;357
350;358
350;359
350;360
350;361
350;362
350;363
350;364
350;365
350;366
350;367
350;368
350;369
350;370
350;371
350;372
350;373
350;374
350;375
350;376
350;377
350;378
350;379
350;380
350;381
350;382
350;383
350;384
350;385
350;386
350;387
350;388
350;389
350;390
350;391
350;392
350;393
350;394
350;395
350;396
350;397
350;398
350;399
350;400
350;401
350;402
350;403
350;404
350;405
350;406
350;407
350;408
350;409
350;410
350;473
350;474
350;475
350;476
350;477
350;478
350;479
350;480
350;481
350;482
350;483
350;484
350;485
350;486
350;487
350;488
350;489
350;490
350;491
350;492
350;493
350;494
350;495
350;496
350;497
350;498
350;499
350;500
350;501
350;502
350;503
350;504
350;505
350;506
350;507
350;508
350;509
350;510
350;511
350;512
350;513
350;514
350;515
350;516
350;517
350;518
350;519
350;520
350;521
350;522
350;523
350;524
350;525
350;526
350;527
350;528
350;529
350;530
350;531
350;532
350;533
350;534
350;535
350;536
351;248
351;249
351;250
351;251
351;252
351;253
351;254
351;255
351;256
351;257
351;258
351;259
351;260
351;261
351;262
351;263
351;264
351;265
351;266
351;267
351;268
351;269
351;270
351;271
351;272
351;273
351;274
351;275
351;276
351;277
351;278
351;279
351;280
351;281
351;282
351;283
351;284
351;285
351;286
351;287
351;288
351;289
351;290
351;291
351;292
351;293
351;294
351;295
351;296
351;297
351;298
351;350
351;351
351;352
351;353
351;354
351;355
351;356
351;357
351;358
351;359
351;360
351;361
351;362
351;363
351;364
351;365
351;366
351;367
351;368
351;369
351;370
351;371
351;372
351;373
351;374
351;375
351;376
351;377
351;378
351;379
351;380
351;381
351;382
351;383
351;384
351;385
351;386
351;387
351;388
351;389
351;390
351;391
351;392
351;393
351;394
351;395
351;396
351;397
351;398
351;399
351;400
351;401
351;402
351;403
351;404
351;405
351;406
351;407
351;408
351;409
351;410
351;411
351;474
351;475
351;476
351;477
351;478
351;479
351;480
351;481
351;482
351;483
351;484
351;485
351;486
351;487
351;488
351;489
351;490
351;491
351;492
351;493
351;494
351;495
351;496
351;497
351;498
351;499
351;500
351;501
351;502
351;503
351;504
351;505
351;506
351;507
351;508
351;509
351;510
351;511
351;512
351;513
351;514
351;515
351;516
351;517
351;518
351;519
351;520
351;521
351;522
351;523
351;524
351;525
351;526
351;527
351;528
351;529
351;530
351;531
351;532
351;533
351;534
351;535
351;536
352;250
352;251
352;252
352;253
352;254
352;255
352;256
352;257
352;258
352;259
352;260
352;261
352;262
352;263
352;264
352;265
352;266
352;267
352;268
352;269
352;270
352;271
352;272
352;273
352;274
352;275
352;276
352;277
352;278
352;279
352;280
352;281
352;282
352;283
352;284
352;285
352;286
352;287
352;288
352;289
352;290
352;291
352;292
352;293
352;294
352;295
352;296
352;297
352;298
352;354
352;355
352;356
352;357
352;358
352;359
352;360
352;361
352;362
352;363
352;364
352;365
352;366
352;367
352;368
352;369
352;370
352;371
352;372
352;373
352;374
352;375
352;376
352;377
352;378
352;379
352;380
352;381
352;382
352;383
352;384
352;385
352;386
352;387
352;388
352;389
352;390
352;391
352;392
352;393
352;394
352;395
352;396
352;397
352;398
352;399
352;400
352;401
352;402
352;403
352;404
352;405
352;406
352;407
352;408
352;409
352;410
352;411
352;474
352;475
352;476
352;477
352;478
352;479
352;480
352;481
352;482
352;483
352;484
352;485
352;486
352;487
352;488
352;489
352;490
352;491
352;492
352;493
352;494
352;495
352;496
352;497
352;498
352;499
352;500
352;501
352;502
352;503
352;504
352;505
352;506
352;507
352;508
352;509
352;510
352;511
352;512
352;513
352;514
352;515
352;516
352;517
352;518
352;519
352;520
352;521
352;522
352;523
352;524
352;525
352;526
352;527
352;528
352;529
352;530
352;531
352;532
352;533
352;534
352;535
352;536
353;252
353;253
353;254
353;255
353;256
353;257
353;258
353;259
353;260
353;261
353;262
353;263
353;264
353;265
353;266
353;267
353;268
353;269
353;270
353;271
353;272
353;273
353;274
353;275
353;276
353;277
353;278
353;279
353;280
353;281
353;282
353;283
353;284
353;285
353;286
353;287
353;288
353;289
353;290
353;291
353;292
353;293
353;294
353;295
353;296
353;297
353;298
353;356
353;357
353;358
353;359
353;360
353;361
353;362
353;363
353;364
353;365
353;366
353;367
353;368
353;369
353;370
353;371
353;372
353;373
353;374
353;375
353;376
353;377
353;378
353;379
353;380
353;381
353;382
353;383
353;384
353;385
353;386
353;387
353;388
353;389
353;390
353;391
353;392
353;393
353;394
353;395
353;396
353;397
353;398
353;399
353;400
353;401
353;402
353;403
353;404
353;405
353;406
353;407
353;408
353;409
353;410
353;411
353;474
353;475
353;476
353;477
353;478
353;479
353;480
353;481
353;482
353;483
353;484
353;485
353;486
353;487
353;488
353;489
353;490
353;491
353;492
353;493
353;494
353;495
353;496
353;497
353;498
353;499
353;500
353;501
353;502
353;503
353;504
353;505
353;506
353;507
353;508
353;509
353;510
353;511
353;512
353;513
353;514
353;515
353;516
353;517
353;518
353;519
353;520
353;521
353;522
353;523
353;524
353;525
353;526
353;527
353;528
353;529
353;530
353;531
353;532
353;533
353;534
353;535
353;536
354;254
354;255
354;256
354;257
354;258
354;259
354;260
354;261
354;262
354;263
354;264
354;265
354;266
354;267
354;268
354;269
354;270
354;271
354;272
354;273
354;274
354;275
354;276
354;277
354;278
354;279
354;280
354;281
354;282
354;283
354;284
354;285
354;286
354;287
354;288
354;289
354;290
354;291
354;292
354;293
354;294
354;295
354;296
354;297
354;298
354;360
354;361
354;362
354;363
354;364
354;365
354;366
354;367
354;368
354;369
354;370
354;371
354;372
354;373
354;374
354;375
354;376
354;377
354;378
354;379
354;380
354;381
354;382
354;383
354;384
354;385
354;386
354;387
354;388
354;389
354;390
354;391
354;392
354;393
354;394
354;395
354;396
354;397
354;398
354;399
354;400
354;401
354;402
354;403
354;404
354;405
354;406
354;407
354;408
354;409
354;410
354;411
354;475
354;476
354;477
354;478
354;479
354;480
354;481
354;482
354;483
354;484
354;485
354;486
354;487
354;488
354;489
354;490
354;491
354;492
354;493
354;494
354;495
354;496
354;497
354;498
354;499
354;500
354;501
354;502
354;503
354;504
354;505
354;506
354;507
354;508
354;509
354;510
354;511
354;512
354;513
354;514
354;515
354;516
354;517
354;518
354;519
354;520
354;521
354;522
354;523
354;524
354;525
354;526
354;527
354;528
354;529
354;530
354;531
354;532
354;533
354;534
354;535
354;536
355;256
355;257
355;258
355;259
355;260
355;261
355;262
355;263
355;264
355;265
355;266
355;267
355;268
355;269
355;270
355;271
355;272
355;273
355;274
355;275
355;276
355;277
355;278
355;279
355;280
355;281
355;282
355;283
355;284
355;285
355;286
355;287
355;288
355;289
355;290
355;291
355;292
355;293
355;294
355;295
355;296
355;297
355;298
355;362
355;364
355;365
355;366
355;367
355;368
355;369
355;370
355;371
355;372
355;373
355;374
355;375
355;376
355;377
355;378
355;379
355;380
355;381
355;382
355;383
355;384
355;385
355;386
355;387
355;388
355;389
355;390
355;391
355;392
355;393
355;394
355;395
355;396
355;397
355;398
355;399
355;400
355;401
355;402
355;403
355;404
355;405
355;406
355;407
355;408
355;409
355;410
355;411
355;476
355;477
355;478
355;479
355;480
355;481
355;482
355;483
355;484
355;485
355;486
355;487
355;488
355;489
355;490
355;491
355;492
355;493
355;494
355;495
355;496
355;497
355;498
355;499
355;500
355;501
355;502
355;503
355;504
355;505
355;506
355;507
355;508
355;509
355;510
355;511
355;512
355;513
355;514
355;515
355;516
355;517
355;518
355;519
355;520
355;521
355;522
355;523
355;524
355;525
355;526
355;527
355;528
355;529
355;530
355;531
355;532
355;533
355;534
355;535
355;536
356;258
356;259
356;260
356;261
356;262
356;263
356;264
356;265
356;266
356;267
356;268
356;269
356;270
356;271
356;272
356;273
356;274
356;275
356;276
356;277
356;278
356;279
356;280
356;281
356;282
356;283
356;284
356;285
356;286
356;287
356;288
356;289
356;290
356;291
356;292
356;293
356;294
356;295
356;296
356;297
356;298
356;366
356;367
356;368
356;369
356;370
356;371
356;372
356;373
356;374
356;375
356;376
356;377
356;378
356;379
356;380
356;381
356;382
356;383
356;384
356;385
356;386
356;387
356;388
356;389
356;390
356;391
356;392
356;393
356;394
356;395
356;396
356;397
356;398
356;399
356;400
356;401
356;402
356;403
356;404
356;405
356;406
356;407
356;408
356;409
356;410
356;411
356;476
356;477
356;478
356;479
356;480
356;481
356;482
356;483
356;484
356;485
356;486
356;487
356;488
356;489
356;490
356;491
356;492
356;493
356;494
356;495
356;496
356;497
356;498
356;499
356;500
356;501
356;502
356;503
356;504
356;505
356;506
356;507
356;508
356;509
356;510
356;511
356;512
356;513
356;514
356;515
356;516
356;517
356;518
356;519
356;520
356;521
356;522
356;523
356;524
356;525
356;526
356;527
356;528
356;529
356;530
356;531
356;532
356;533
356;534
356;535
356;536
357;260
357;261
357;262
357;263
357;264
357;265
357;266
357;267
357;268
357;269
357;270
357;271
357;272
357;273
357;274
357;275
357;276
357;277
357;278
357;279
357;280
357;281
357;282
357;283
357;284
357;285
357;286
357;287
357;288
357;289
357;290
357;291
357;292
357;293
357;294
357;295
357;296
357;297
357;298
357;368
357;370
357;371
357;372
357;373
357;374
357;375
357;376
357;377
357;378
357;379
357;380
357;381
357;382
357;383
357;384
357;385
357;386
357;387
357;388
357;389
357;390
357;391
357;392
357;393
357;394
357;395
357;396
357;397
357;398
357;399
357;400
357;401
357;402
357;403
357;404
357;405
357;406
357;407
357;408
357;409
357;410
357;411
357;412
357;477
357;478
357;479
357;480
357;481
357;482
357;483
357;484
357;485
357;486
357;487
357;488
357;489
357;490
357;491
357;492
357;493
357;494
357;495
357;496
357;497
357;498
357;499
357;500
357;501
357;502
357;503
357;504
357;505
357;506
357;507
357;508
357;509
357;510
357;511
357;512
357;513
357;514
357;515
357;516
357;517
357;518
357;519
357;520
357;521
357;522
357;523
357;524
357;525
357;526
357;527
357;528
357;529
357;530
357;531
357;532
357;533
357;534
357;535
357;536
358;262
358;263
358;264
358;265
358;266
358;267
358;268
358;269
358;270
358;271
358;272
358;273
358;274
358;275
358;276
358;277
358;278
358;279
358;280
358;281
358;282
358;283
358;284
358;285
358;286
358;287
358;288
358;289
358;290
358;291
358;292
358;293
358;294
358;295
358;296
358;297
358;298
358;372
358;373
358;374
358;375
358;376
358;377
358;378
358;379
358;380
358;381
358;382
358;383
358;384
358;385
358;386
358;387
358;388
358;389
358;390
358;391
358;392
358;393
358;394
358;395
358;396
358;397
358;398
358;399
358;400
358;401
358;402
358;403
358;404
358;405
358;406
358;407
358;408
358;409
358;410
358;411
358;412
358;478
358;479
358;480
358;481
358;482
358;483
358;484
358;485
358;486
358;487
358;488
358;489
358;490
358;491
358;492
358;493
358;494
358;495
358;496
358;497
358;498
358;499
358;500
358;501
358;502
358;503
358;504
358;505
358;506
358;507
358;508
358;509
358;510
358;511
358;512
358;513
358;514
358;515
358;516
358;517
358;518
358;519
358;520
358;521
358;522
358;523
358;524
358;525
358;526
358;527
358;528
358;529
358;530
358;531
358;532
358;533
358;534
358;535
358;536
359;264
359;265
359;266
359;267
359;268
359;269
359;270
359;271
359;272
359;273
359;274
359;275
359;276
359;277
359;278
359;279
359;280
359;281
359;282
359;283
359;284
359;285
359;286
359;287
359;288
359;289
359;290
359;291
359;292
359;293
359;294
359;295
359;296
359;297
359;298
359;376
359;377
359;378
359;379
359;380
359;381
359;382
359;383
359;384
359;385
359;386
359;387
359;388
359;389
359;390
359;391
359;392
359;393
359;394
359;395
359;396
359;397
359;398
359;399
359;400
359;401
359;402
359;403
359;404
359;405
359;406
359;407
359;408
359;409
359;410
359;411
359;412
359;478
359;479
359;480
359;481
359;482
359;483
359;484
359;485
359;486
359;487
359;488
359;489
359;490
359;491
359;492
359;493
359;494
359;495
359;496
359;497
359;498
359;499
359;500
359;501
359;502
359;503
359;504
359;505
359;506
359;507
359;508
359;509
359;510
359;511
359;512
359;513
359;514
359;515
359;516
359;517
359;518
359;519
359;520
359;521
359;522
359;523
359;524
359;525
359;526
359;527
359;528
359;529
359;530
359;531
359;532
359;533
359;534
359;535
359;536
360;266
360;267
360;268
360;269
360;270
360;271
360;272
360;273
360;274
360;275
360;276
360;277
360;278
360;279
360;280
360;281
360;282
360;283
360;284
360;285
360;286
360;287
360;288
360;289
360;290
360;291
360;292
360;293
360;294
360;295
360;296
360;297
360;298
360;378
360;379
360;380
360;381
360;382
360;383
360;384
360;385
360;386
360;387
360;388
360;389
360;390
360;391
360;392
360;393
360;394
360;395
360;396
360;397
360;398
360;399
360;400
360;401
360;402
360;403
360;404
360;405
360;406
360;407
360;408
360;409
360;410
360;411
360;412
360;480
360;481
360;482
360;483
360;484
360;485
360;486
360;487
360;488
360;489
360;490
360;491
360;492
360;493
360;494
360;495
360;496
360;497
360;498
360;499
360;500
360;501
360;502
360;503
360;504
360;505
360;506
360;507
360;508
360;509
360;510
360;511
360;512
360;513
360;514
360;515
360;516
360;517
360;518
360;519
360;520
360;521
360;522
360;523
360;524
360;525
360;526
360;527
360;528
360;529
360;530
360;531
360;532
360;533
360;534
360;535
360;536
361;268
361;269
361;270
361;271
361;272
361;273
361;274
361;275
361;276
361;277
361;278
361;279
361;280
361;281
361;282
361;283
361;284
361;285
361;286
361;287
361;288
361;289
361;290
361;291
361;292
361;293
361;294
361;295
361;296
361;297
361;298
361;382
361;383
361;384
361;385
361;386
361;387
361;388
361;389
361;390
361;391
361;392
361;393
361;394
361;395
361;396
361;397
361;398
361;399
361;400
361;401
361;402
361;403
361;404
361;405
361;406
361;407
361;408
361;409
361;410
361;411
361;412
361;413
361;480
361;481
361;482
361;483
361;484
361;485
361;486
361;487
361;488
361;489
361;490
361;491
361;492
361;493
361;494
361;495
361;496
361;497
361;498
361;499
361;500
361;501
361;502
361;503
361;504
361;505
361;506
361;507
361;508
361;509
361;510
361;511
361;512
361;513
361;514
361;515
361;516
361;517
361;518
361;519
361;520
361;521
361;522
361;523
361;524
361;525
361;526
361;527
361;528
361;529
361;530
361;531
361;532
361;533
361;534
361;535
361;536
362;270
362;271
362;272
362;273
362;274
362;275
362;276
362;277
362;278
362;279
362;280
362;281
362;282
362;283
362;284
362;285
362;286
362;287
362;288
362;289
362;290
362;291
362;292
362;293
362;294
362;295
362;296
362;297
362;298
362;384
362;386
362;387
362;388
362;389
362;390
362;391
362;392
362;393
362;394
362;395
362;396
362;397
362;398
362;399
362;400
362;401
362;402
362;403
362;404
362;405
362;406
362;407
362;408
362;409
362;410
362;411
362;412
362;413
362;482
362;483
362;484
362;485
362;486
362;487
362;488
362;489
362;490
362;491
362;492
362;493
362;494
362;495
362;496
362;497
362;498
362;499
362;500
362;501
362;502
362;503
362;504
362;505
362;506
362;507
362;508
362;509
362;510
362;511
362;512
362;513
362;514
362;515
362;516
362;517
362;518
362;519
362;520
362;521
362;522
362;523
362;524
362;525
362;526
362;527
362;528
362;529
362;530
362;531
362;532
362;533
362;534
362;535
362;536
363;272
363;273
363;274
363;275
363;276
363;277
363;278
363;279
363;280
363;281
363;282
363;283
363;284
363;285
363;286
363;287
363;288
363;289
363;290
363;291
363;292
363;293
363;294
363;295
363;296
363;297
363;298
363;388
363;389
363;390
363;391
363;392
363;393
363;394
363;395
363;396
363;397
363;398
363;399
363;400
363;401
363;402
363;403
363;404
363;405
363;406
363;407
363;408
363;409
363;410
363;411
363;412
363;413
363;482
363;483
363;484
363;485
363;486
363;487
363;488
363;489
363;490
363;491
363;492
363;493
363;494
363;495
363;496
363;497
363;498
363;499
363;500
363;501
363;502
363;503
363;504
363;505
363;506
363;507
363;508
363;509
363;510
363;511
363;512
363;513
363;514
363;515
363;516
363;517
363;518
363;519
363;520
363;521
363;522
363;523
363;524
363;525
363;526
363;527
363;528
363;529
363;530
363;531
363;532
363;533
363;534
363;535
363;536
364;274
364;275
364;276
364;277
364;278
364;279
364;280
364;281
364;282
364;283
364;284
364;285
364;286
364;287
364;288
364;289
364;290
364;291
364;292
364;293
364;294
364;295
364;296
364;297
364;298
364;390
364;392
364;393
364;394
364;395
364;396
364;397
364;398
364;399
364;400
364;401
364;402
364;403
364;404
364;405
364;406
364;407
364;408
364;409
364;410
364;411
364;412
364;413
364;484
364;485
364;486
364;487
364;488
364;489
364;490
364;491
364;492
364;493
364;494
364;495
364;496
364;497
364;498
364;499
364;500
364;501
364;502
364;503
364;504
364;505
364;506
364;507
364;508
364;509
364;510
364;511
364;512
364;513
364;514
364;515
364;516
364;517
364;518
364;519
364;520
364;521
364;522
364;523
364;524
364;525
364;526
364;527
364;528
364;529
364;530
364;531
364;532
364;533
364;534
364;535
364;536
365;276
365;277
365;278
365;279
365;280
365;281
365;282
365;283
365;284
365;285
365;286
365;287
365;288
365;289
365;290
365;291
365;292
365;293
365;294
365;295
365;296
365;297
365;298
365;394
365;395
365;396
365;397
365;398
365;399
365;400
365;401
365;402
365;403
365;404
365;405
365;406
365;407
365;408
365;409
365;410
365;411
365;412
365;413
365;485
365;486
365;487
365;488
365;489
365;490
365;491
365;492
365;493
365;494
365;495
365;496
365;497
365;498
365;499
365;500
365;501
365;502
365;503
365;504
365;505
365;506
365;507
365;508
365;509
365;510
365;511
365;512
365;513
365;514
365;515
365;516
365;517
365;518
365;519
365;520
365;521
365;522
365;523
365;524
365;525
365;526
365;527
365;528
365;529
365;530
365;531
365;532
365;533
365;534
365;535
365;536
366;278
366;279
366;280
366;281
366;282
366;283
366;284
366;285
366;286
366;287
366;288
366;289
366;290
366;291
366;292
366;293
366;294
366;295
366;296
366;297
366;298
366;396
366;398
366;399
366;400
366;401
366;402
366;403
366;404
366;405
366;406
366;407
366;408
366;409
366;410
366;411
366;412
366;413
366;486
366;487
366;488
366;489
366;490
366;491
366;492
366;493
366;494
366;495
366;496
366;497
366;498
366;499
366;500
366;501
366;502
366;503
366;504
366;505
366;506
366;507
366;508
366;509
366;510
366;511
366;512
366;513
366;514
366;515
366;516
366;517
366;518
366;519
366;520
366;521
366;522
366;523
366;524
366;525
366;526
366;527
366;528
366;529
366;530
366;531
366;532
366;533
366;534
366;535
366;536
367;280
367;282
367;283
367;284
367;285
367;286
367;287
367;288
367;289
367;290
367;291
367;292
367;293
367;294
367;295
367;296
367;297
367;298
367;400
367;401
367;402
367;403
367;404
367;405
367;406
367;407
367;408
367;409
367;410
367;411
367;412
367;413
367;414
367;488
367;489
367;490
367;491
367;492
367;493
367;494
367;495
367;496
367;497
367;498
367;499
367;500
367;501
367;502
367;503
367;504
367;505
367;506
367;507
367;508
367;509
367;510
367;511
367;512
367;513
367;514
367;515
367;516
367;517
367;518
367;519
367;520
367;521
367;522
367;523
367;524
367;525
367;526
367;527
367;528
367;529
367;530
367;531
367;532
367;533
367;534
367;535
367;536
368;284
368;285
368;286
368;287
368;288
368;289
368;290
368;291
368;292
368;293
368;294
368;295
368;296
368;297
368;298
368;404
368;405
368;406
368;407
368;408
368;409
368;410
368;411
368;412
368;413
368;414
368;490
368;491
368;492
368;493
368;494
368;495
368;496
368;497
368;498
368;499
368;500
368;501
368;502
368;503
368;504
368;505
368;506
368;507
368;508
368;509
368;510
368;511
368;512
368;513
368;514
368;515
368;516
368;517
368;518
368;519
368;520
368;521
368;522
368;523
368;524
368;525
368;526
368;527
368;528
368;529
368;530
368;531
368;532
368;533
368;534
369;286
369;287
369;288
369;289
369;290
369;291
369;292
369;293
369;294
369;295
369;296
369;297
369;298
369;406
369;407
369;408
369;409
369;410
369;411
369;412
369;413
369;414
369;492
369;493
369;494
369;495
369;496
369;497
369;498
369;499
369;500
369;501
369;502
369;503
369;504
369;505
369;506
369;507
369;508
369;509
369;510
369;511
369;512
369;513
369;514
369;515
369;516
369;517
369;518
369;519
369;520
369;521
369;522
369;523
369;524
369;525
369;526
369;527
369;528
369;529
369;530
369;531
369;532
370;288
370;289
370;290
370;291
370;292
370;293
370;294
370;295
370;296
370;297
370;298
370;410
370;411
370;412
370;413
370;414
370;494
370;495
370;496
370;497
370;498
370;499
370;500
370;501
370;502
370;503
370;504
370;505
370;506
370;507
370;508
370;509
370;510
370;511
370;512
370;513
370;514
370;515
370;516
370;517
370;518
370;519
370;520
370;521
370;522
370;523
370;524
370;525
370;526
370;527
370;528
370;529
370;530
371;290
371;291
371;292
371;293
371;294
371;295
371;296
371;297
371;298
371;412
371;414
371;415
371;496
371;497
371;498
371;499
371;500
371;501
371;502
371;503
371;504
371;505
371;506
371;507
371;508
371;509
371;510
371;511
371;512
371;513
371;514
371;515
371;516
371;517
371;518
371;519
371;520
371;521
371;522
371;523
371;524
371;525
371;526
371;527
371;528
372;292
372;293
372;294
372;295
372;296
372;297
372;298
372;500
372;501
372;502
372;503
372;504
372;505
372;506
372;507
372;508
372;509
372;510
372;511
372;512
372;513
372;514
372;515
372;516
372;517
372;518
372;519
372;520
372;521
372;522
372;523
372;524
373;294
373;295
373;296
373;297
373;298
373;502
373;504
373;505
373;506
373;507
373;508
373;509
373;510
373;511
373;512
373;513
373;514
373;515
373;516
373;517
373;518
373;519
373;520
374;296
374;297
374;298
374;512
375;298
375;299
418;495
418;496
419;495
419;496
419;497
420;495
420;496
420;497
420;498
420;499
421;495
421;496
421;497
421;498
421;499
421;500
422;495
422;496
422;497
422;498
422;499
422;500
422;501
423;494
423;495
423;496
423;497
423;498
423;499
423;500
423;501
423;502
423;503
424;494
424;495
424;496
424;497
424;498
424;499
424;500
424;501
424;502
424;503
424;504
424;505
425;494
425;495
425;496
425;497
425;498
425;499
425;500
425;501
425;502
425;503
425;504
425;505
426;494
426;495
426;496
426;497
426;498
426;499
426;500
426;501
426;502
426;503
426;504
426;505
426;506
426;507
427;493
427;494
427;495
427;496
427;497
427;498
427;499
427;500
427;501
427;502
427;503
427;504
427;505
427;506
427;507
427;508
427;509
428;493
428;494
428;495
428;496
428;497
428;498
428;499
428;500
428;501
428;502
428;503
428;504
428;505
428;506
428;507
428;508
428;509
429;493
429;494
429;495
429;496
429;497
429;498
429;499
429;500
429;501
429;502
429;503
429;504
429;505
429;506
429;507
429;508
429;509
429;510
429;511
430;493
430;494
430;495
430;496
430;497
430;498
430;499
430;500
430;501
430;502
430;503
430;504
430;505
430;506
430;507
430;508
430;509
430;510
430;511
430;512
430;513
431;493
431;494
431;495
431;496
431;497
431;498
431;499
431;500
431;501
431;502
431;503
431;504
431;505
431;506
431;507
431;508
431;509
431;510
431;511
431;512
431;513
432;493
432;494
432;495
432;496
432;497
432;498
432;499
432;500
432;501
432;502
432;503
432;504
432;505
432;506
432;507
432;508
432;509
432;510
432;511
432;512
432;513
432;514
432;515
433;492
433;493
433;494
433;495
433;496
433;497
433;498
433;499
433;500
433;501
433;502
433;503
433;504
433;505
433;506
433;507
433;508
433;509
433;510
433;511
433;512
433;513
433;514
433;515
433;516
433;517
434;492
434;493
434;494
434;495
434;496
434;497
434;498
434;499
434;500
434;501
434;502
434;503
434;504
434;505
434;506
434;507
434;508
434;509
434;510
434;511
434;512
434;513
434;514
434;515
434;516
434;517
434;518
435;492
435;493
435;494
435;495
435;496
435;497
435;498
435;499
435;500
435;501
435;502
435;503
435;504
435;505
435;506
435;507
435;508
435;509
435;510
435;511
435;512
435;513
435;514
435;515
435;516
435;517
435;518
435;519
436;492
436;493
436;494
436;495
436;496
436;497
436;498
436;499
436;500
436;501
436;502
436;503
436;504
436;505
436;506
436;507
436;508
436;509
436;510
436;511
436;512
436;513
436;514
436;515
436;516
436;517
436;518
436;519
436;520
436;521
437;491
437;492
437;493
437;494
437;495
437;496
437;497
437;498
437;499
437;500
437;501
437;502
437;503
437;504
437;505
437;506
437;507
437;508
437;509
437;510
437;511
437;512
437;513
437;514
437;515
437;516
437;517
437;518
437;519
437;520
437;521
437;522
438;491
438;492
438;493
438;494
438;495
438;496
438;497
438;498
438;499
438;500
438;501
438;502
438;503
438;504
438;505
438;506
438;507
438;508
438;509
438;510
438;511
438;512
438;513
438;514
438;515
438;516
438;517
438;518
438;519
438;520
438;521
438;522
438;523
439;491
439;492
439;493
439;494
439;495
439;496
439;497
439;498
439;499
439;500
439;501
439;502
439;503
439;504
439;505
439;506
439;507
439;508
439;509
439;510
439;511
439;512
439;513
439;514
439;515
439;516
439;517
439;518
439;519
439;520
439;521
439;522
439;523
439;524
439;525
440;491
440;492
440;493
440;494
440;495
440;496
440;497
440;498
440;499
440;500
440;501
440;502
440;503
440;504
440;505
440;506
440;507
440;508
440;509
440;510
440;511
440;512
440;513
440;514
440;515
440;516
440;517
440;518
440;519
440;520
440;521
440;522
440;523
440;524
440;525
440;526
441;491
441;492
441;493
441;494
441;495
441;496
441;497
441;498
441;499
441;500
441;501
441;502
441;503
441;504
441;505
441;506
441;507
441;508
441;509
441;510
441;511
441;512
441;513
441;514
441;515
441;516
441;517
441;518
441;519
441;520
441;521
441;522
441;523
441;524
441;525
441;526
441;527
442;490
442;491
442;492
442;493
442;494
442;495
442;496
442;497
442;498
442;499
442;500
442;501
442;502
442;503
442;504
442;505
442;506
442;507
442;508
442;509
442;510
442;511
442;512
442;513
442;514
442;515
442;516
442;517
442;518
442;519
442;520
442;521
442;522
442;523
442;524
442;525
442;526
442;527
442;528
442;529
443;490
443;491
443;492
443;493
443;494
443;495
443;496
443;497
443;498
443;499
443;500
443;501
443;502
443;503
443;504
443;505
443;506
443;507
443;508
443;509
443;510
443;511
443;512
443;513
443;514
443;515
443;516
443;517
443;518
443;519
443;520
443;521
443;522
443;523
443;524
443;525
443;526
443;527
443;528
443;529
443;530
443;531
444;490
444;491
444;492
444;493
444;494
444;495
444;496
444;497
444;498
444;499
444;500
444;501
444;502
444;503
444;504
444;505
444;506
444;507
444;508
444;509
444;510
444;511
444;512
444;513
444;514
444;515
444;516
444;517
444;518
444;519
444;520
444;521
444;522
444;523
444;524
444;525
444;526
444;527
444;528
444;529
444;530
444;531
445;490
445;491
445;492
445;493
445;494
445;495
445;496
445;497
445;498
445;499
445;500
445;501
445;502
445;503
445;504
445;505
445;506
445;507
445;508
445;509
445;510
445;511
445;512
445;513
445;514
445;515
445;516
445;517
445;518
445;519
445;520
445;521
445;522
445;523
445;524
445;525
445;526
445;527
445;528
445;529
445;530
445;531
445;532
445;533
446;490
446;491
446;492
446;493
446;494
446;495
446;496
446;497
446;498
446;499
446;500
446;501
446;502
446;503
446;504
446;505
446;506
446;507
446;508
446;509
446;510
446;511
446;512
446;513
446;514
446;515
446;516
446;517
446;518
446;519
446;520
446;521
446;522
446;523
446;524
446;525
446;526
446;527
446;528
446;529
446;530
446;531
446;532
446;533
446;534
446;535
447;489
447;490
447;491
447;492
447;493
447;494
447;495
447;496
447;497
447;498
447;499
447;500
447;501
447;502
447;503
447;504
447;505
447;506
447;507
447;508
447;509
447;510
447;511
447;512
447;513
447;514
447;515
447;516
447;517
447;518
447;519
447;520
447;521
447;522
447;523
447;524
447;525
447;526
447;527
447;528
447;529
447;530
447;531
447;532
447;533
447;534
447;535
448;489
448;490
448;491
448;492
448;493
448;494
448;495
448;496
448;497
448;498
448;499
448;500
448;501
448;502
448;503
448;504
448;505
448;506
448;507
448;508
448;509
448;510
448;511
448;512
448;513
448;514
448;515
448;516
448;517
448;518
448;519
448;520
448;521
448;522
448;523
448;524
448;525
448;526
448;527
448;528
448;529
448;530
448;531
448;532
448;533
448;534
448;535
448;536
449;489
449;490
449;491
449;492
449;493
449;494
449;495
449;496
449;497
449;498
449;499
449;500
449;501
449;502
449;503
449;504
449;505
449;506
449;507
449;508
449;509
449;510
449;511
449;512
449;513
449;514
449;515
449;516
449;517
449;518
449;519
449;520
449;521
449;522
449;523
449;524
449;525
449;526
449;527
449;528
449;529
449;530
449;531
449;532
449;533
449;534
449;535
449;536
450;489
450;490
450;491
450;492
450;493
450;494
450;495
450;496
450;497
450;498
450;499
450;500
450;501
450;502
450;503
450;504
450;505
450;506
450;507
450;508
450;509
450;510
450;511
450;512
450;513
450;514
450;515
450;516
450;517
450;518
450;519
450;520
450;521
450;522
450;523
450;524
450;525
450;526
450;527
450;528
450;529
450;530
450;531
450;532
450;533
450;534
450;535
450;536
451;489
451;490
451;491
451;492
451;493
451;494
451;495
451;496
451;497
451;498
451;499
451;500
451;501
451;502
451;503
451;504
451;505
451;506
451;507
451;508
451;509
451;510
451;511
451;512
451;513
451;514
451;515
451;516
451;517
451;518
451;519
451;520
451;521
451;522
451;523
451;524
451;525
451;526
451;527
451;528
451;529
451;530
451;531
451;532
451;533
451;534
451;535
451;536
452;488
452;489
452;490
452;491
452;492
452;493
452;494
452;495
452;496
452;497
452;498
452;499
452;500
452;501
452;502
452;503
452;504
452;505
452;506
452;507
452;508
452;509
452;510
452;511
452;512
452;513
452;514
452;515
452;516
452;517
452;518
452;519
452;520
452;521
452;522
452;523
452;524
452;525
452;526
452;527
452;528
452;529
452;530
452;531
452;532
452;533
452;534
452;535
452;536
453;488
453;489
453;490
453;491
453;492
453;493
453;494
453;495
453;496
453;497
453;498
453;499
453;500
453;501
453;502
453;503
453;504
453;505
453;506
453;507
453;508
453;509
453;510
453;511
453;512
453;513
453;514
453;515
453;516
453;517
453;518
453;519
453;520
453;521
453;522
453;523
453;524
453;525
453;526
453;527
453;528
453;529
453;530
453;531
453;532
453;533
453;534
453;535
453;536
454;488
454;489
454;490
454;491
454;492
454;493
454;494
454;495
454;496
454;497
454;498
454;499
454;500
454;501
454;502
454;503
454;504
454;505
454;506
454;507
454;508
454;509
454;510
454;511
454;512
454;513
454;514
454;515
454;516
454;517
454;518
454;519
454;520
454;521
454;522
454;523
454;524
454;525
454;526
454;527
454;528
454;529
454;530
454;531
454;532
454;533
454;534
454;535
454;536
455;488
455;489
455;490
455;491
455;492
455;493
455;494
455;495
455;496
455;497
455;498
455;499
455;500
455;501
455;502
455;503
455;504
455;505
455;506
455;507
455;508
455;509
455;510
455;511
455;512
455;513
455;514
455;515
455;516
455;517
455;518
455;519
455;520
455;521
455;522
455;523
455;524
455;525
455;526
455;527
455;528
455;529
455;530
455;531
455;532
455;533
455;534
455;535
455;536
456;487
456;488
456;489
456;490
456;491
456;492
456;493
456;494
456;495
456;496
456;497
456;498
456;499
456;500
456;501
456;502
456;503
456;504
456;505
456;506
456;507
456;508
456;509
456;510
456;511
456;512
456;513
456;514
456;515
456;516
456;517
456;518
456;519
456;520
456;521
456;522
456;523
456;524
456;525
456;526
456;527
456;528
456;529
456;530
456;531
456;532
456;533
456;534
456;535
456;536
457;487
457;488
457;489
457;490
457;491
457;492
457;493
457;494
457;495
457;496
457;497
457;498
457;499
457;500
457;501
457;502
457;503
457;504
457;505
457;506
457;507
457;508
457;509
457;510
457;511
457;512
457;513
457;514
457;515
457;516
457;517
457;518
457;519
457;520
457;521
457;522
457;523
457;524
457;525
457;526
457;527
457;528
457;529
457;530
457;531
457;532
457;533
457;534
457;535
457;536
458;487
458;488
458;489
458;490
458;491
458;492
458;493
458;494
458;495
458;496
458;497
458;498
458;499
458;500
458;501
458;502
458;503
458;504
458;505
458;506
458;507
458;508
458;509
458;510
458;511
458;512
458;513
458;514
458;515
458;516
458;517
458;518
458;519
458;520
458;521
458;522
458;523
458;524
458;525
458;526
458;527
458;528
458;529
458;530
458;531
458;532
458;533
458;534
458;535
458;536
459;487
459;488
459;489
459;490
459;491
459;492
459;493
459;494
459;495
459;496
459;497
459;498
459;499
459;500
459;501
459;502
459;503
459;504
459;505
459;506
459;507
459;508
459;509
459;510
459;511
459;512
459;513
459;514
459;515
459;516
459;517
459;518
459;519
459;520
459;521
459;522
459;523
459;524
459;525
459;526
459;527
459;528
459;529
459;530
459;531
459;532
459;533
459;534
459;535
459;536
460;487
460;488
460;489
460;490
460;491
460;492
460;493
460;494
460;495
460;496
460;497
460;498
460;499
460;500
460;501
460;502
460;503
460;504
460;505
460;506
460;507
460;508
460;509
460;510
460;511
460;512
460;513
460;514
460;515
460;516
460;517
460;518
460;519
460;520
460;521
460;522
460;523
460;524
460;525
460;526
460;527
460;528
460;529
460;530
460;531
460;532
460;533
460;534
460;535
460;536
461;487
461;488
461;489
461;490
461;491
461;492
461;493
461;494
461;495
461;496
461;497
461;498
461;499
461;500
461;501
461;502
461;503
461;504
461;505
461;506
461;507
461;508
461;509
461;510
461;511
461;512
461;513
461;514
461;515
461;516
461;517
461;518
461;519
461;520
461;521
461;522
461;523
461;524
461;525
461;526
461;527
461;528
461;529
461;530
461;531
461;532
461;533
461;534
461;535
461;536
462;486
462;487
462;488
462;489
462;490
462;491
462;492
462;493
462;494
462;495
462;496
462;497
462;498
462;499
462;500
462;501
462;502
462;503
462;504
462;505
462;506
462;507
462;508
462;509
462;510
462;511
462;512
462;513
462;514
462;515
462;516
462;517
462;518
462;519
462;520
462;521
462;522
462;523
462;524
462;525
462;526
462;527
462;528
462;529
462;530
462;531
462;532
462;533
462;534
462;535
462;536
463;486
463;487
463;488
463;489
463;490
463;491
463;492
463;493
463;494
463;495
463;496
463;497
463;498
463;499
463;500
463;501
463;502
463;503
463;504
463;505
463;506
463;507
463;508
463;509
463;510
463;511
463;512
463;513
463;514
463;515
463;516
463;517
463;518
463;519
463;520
463;521
463;522
463;523
463;524
463;525
463;526
463;527
463;528
463;529
463;530
463;531
463;532
463;533
463;534
463;535
463;536
464;486
464;487
464;488
464;489
464;490
464;491
464;492
464;493
464;494
464;495
464;496
464;497
464;498
464;499
464;500
464;501
464;502
464;503
464;504
464;505
464;506
464;507
464;508
464;509
464;510
464;511
464;512
464;513
464;514
464;515
464;516
464;517
464;518
464;519
464;520
464;521
464;522
464;523
464;524
464;525
464;526
464;527
464;528
464;529
464;530
464;531
464;532
464;533
464;534
464;535
464;536
