465;537;362;414;305;197
0;161
0;162
0;163
0;164
0;165
0;166
0;167
0;168
0;169
0;170
0;171
0;172
0;173
0;174
0;175
0;176
0;177
0;178
0;179
0;180
0;181
0;182
0;183
0;184
0;185
0;186
0;187
0;188
0;189
0;190
0;191
0;192
0;193
0;194
0;195
0;196
0;197
0;198
0;199
0;200
0;201
0;202
0;203
0;204
0;205
0;206
0;207
0;208
0;209
0;210
0;211
0;212
0;213
0;214
0;215
0;216
0;217
0;218
0;219
0;220
0;221
0;222
0;223
0;224
0;225
0;226
0;227
0;228
0;229
0;230
0;231
0;232
0;233
0;234
0;235
0;236
0;237
0;238
0;239
0;240
0;241
0;242
0;243
0;244
0;245
0;246
0;247
0;248
0;249
0;250
0;251
0;252
0;253
0;254
0;255
0;256
0;257
0;258
0;259
0;260
0;261
0;262
0;263
0;264
0;265
0;266
0;267
0;268
0;269
0;270
0;271
0;272
0;273
0;274
0;275
0;276
0;277
0;278
0;279
0;280
0;281
0;282
0;283
0;284
0;285
0;286
0;287
0;288
0;289
0;290
0;291
0;292
0;293
0;294
0;295
0;296
0;297
0;298
0;299
0;300
0;301
0;302
0;303
0;304
0;305
0;306
0;307
0;308
0;309
0;310
0;311
0;312
0;313
0;314
0;315
0;316
0;317
0;318
0;319
0;320
0;321
0;322
0;323
0;324
0;325
0;326
0;327
0;328
0;329
0;330
0;331
0;332
0;333
0;334
0;335
0;336
0;337
0;338
0;339
0;340
0;341
0;342
0;343
0;344
0;345
0;346
0;347
0;348
0;349
0;350
0;351
0;352
0;353
0;354
0;355
0;356
0;357
0;358
0;359
0;360
0;361
0;362
0;363
0;364
0;365
0;366
0;367
0;368
0;369
0;370
0;371
0;372
0;373
0;374
0;375
0;376
0;377
0;378
0;379
0;380
0;381
0;382
0;383
0;384
0;385
0;386
0;387
0;388
0;389
0;390
0;391
0;392
0;393
0;394
0;395
0;396
0;397
0;398
0;399
0;400
0;401
0;402
0;403
0;404
0;405
0;406
0;407
0;408
0;409
0;410
0;411
0;412
0;413
0;414
0;415
0;416
0;417
0;418
0;419
0;420
0;421
0;422
0;423
0;424
0;425
0;426
0;427
0;428
0;429
0;430
0;431
0;432
0;433
0;434
0;435
0;436
0;437
0;438
0;439
0;440
0;441
0;442
0;443
0;444
1;161
1;162
1;163
1;164
1;165
1;166
1;167
1;168
1;169
1;170
1;171
1;172
1;173
1;174
1;175
1;176
1;177
1;178
1;179
1;180
1;181
1;182
1;183
1;184
1;185
1;186
1;187
1;188
1;189
1;190
1;191
1;192
1;193
1;194
1;195
1;196
1;197
1;198
1;199
1;200
1;201
1;202
1;203
1;204
1;205
1;206
1;207
1;208
1;209
1;210
1;211
1;212
1;213
1;214
1;215
1;216
1;217
1;218
1;219
1;220
1;221
1;222
1;223
1;224
1;225
1;226
1;227
1;228
1;229
1;230
1;231
1;232
1;233
1;234
1;235
1;236
1;237
1;238
1;239
1;240
1;241
1;242
1;243
1;244
1;245
1;246
1;247
1;248
1;249
1;250
1;251
1;252
1;253
1;254
1;255
1;256
1;257
1;258
1;259
1;260
1;261
1;262
1;263
1;264
1;265
1;266
1;267
1;268
1;269
1;270
1;271
1;272
1;273
1;274
1;275
1;276
1;277
1;278
1;279
1;280
1;281
1;282
1;283
1;284
1;285
1;286
1;287
1;288
1;289
1;290
1;291
1;292
1;293
1;294
1;295
1;296
1;297
1;298
1;299
1;300
1;301
1;302
1;303
1;304
1;305
1;306
1;307
1;308
1;309
1;310
1;311
1;312
1;313
1;314
1;315
1;316
1;317
1;318
1;319
1;320
1;321
1;322
1;323
1;324
1;325
1;326
1;327
1;328
1;329
1;330
1;331
1;332
1;333
1;334
1;335
1;336
1;337
1;338
1;339
1;340
1;341
1;342
1;343
1;344
1;345
1;346
1;347
1;348
1;349
1;350
1;351
1;352
1;353
1;354
1;355
1;356
1;357
1;358
1;359
1;360
1;361
1;362
1;363
1;364
1;365
1;366
1;367
1;368
1;369
1;370
1;371
1;372
1;373
1;374
1;375
1;376
1;377
1;378
1;379
1;380
1;381
1;382
1;383
1;384
1;385
1;386
1;387
1;388
1;389
1;390
1;391
1;392
1;393
1;394
1;395
1;396
1;397
1;398
1;399
1;400
1;401
1;402
1;403
1;404
1;405
1;406
1;407
1;408
1;409
1;410
1;411
1;412
1;413
1;414
1;415
1;416
1;417
1;418
1;419
1;420
1;421
1;422
1;423
1;424
1;425
1;426
1;427
1;428
1;429
1;430
1;431
1;432
1;433
1;434
1;435
1;436
1;437
1;438
1;439
1;440
1;441
1;442
1;443
1;444
2;153
2;155
2;156
2;157
2;158
2;159
2;160
2;161
2;162
2;163
2;164
2;165
2;166
2;167
2;168
2;169
2;170
2;171
2;172
2;173
2;174
2;175
2;176
2;177
2;178
2;179
2;180
2;181
2;182
2;183
2;184
2;185
2;186
2;187
2;188
2;189
2;190
2;191
2;192
2;193
2;194
2;195
2;196
2;197
2;198
2;199
2;200
2;201
2;202
2;203
2;204
2;205
2;206
2;207
2;208
2;209
2;210
2;211
2;212
2;213
2;214
2;215
2;216
2;217
2;218
2;219
2;220
2;221
2;222
2;223
2;224
2;225
2;226
2;227
2;228
2;229
2;230
2;231
2;232
2;233
2;234
2;235
2;236
2;237
2;238
2;239
2;240
2;241
2;242
2;243
2;244
2;245
2;246
2;247
2;248
2;249
2;250
2;251
2;252
2;253
2;254
2;255
2;256
2;257
2;258
2;259
2;260
2;261
2;262
2;263
2;264
2;265
2;266
2;267
2;268
2;269
2;270
2;271
2;272
2;273
2;274
2;275
2;276
2;277
2;278
2;279
2;280
2;281
2;282
2;283
2;284
2;285
2;286
2;287
2;288
2;289
2;290
2;291
2;292
2;293
2;294
2;295
2;296
2;297
2;298
2;299
2;300
2;301
2;302
2;303
2;304
2;305
2;306
2;307
2;308
2;309
2;310
2;311
2;312
2;313
2;314
2;315
2;316
2;317
2;318
2;319
2;320
2;321
2;322
2;323
2;324
2;325
2;326
2;327
2;328
2;329
2;330
2;331
2;332
2;333
2;334
2;335
2;336
2;337
2;338
2;339
2;340
2;341
2;342
2;343
2;344
2;345
2;346
2;347
2;348
2;349
2;350
2;351
2;352
2;353
2;354
2;355
2;356
2;357
2;358
2;359
2;360
2;361
2;362
2;363
2;364
2;365
2;366
2;367
2;368
2;369
2;370
2;371
2;372
2;373
2;374
2;375
2;376
2;377
2;378
2;379
2;380
2;381
2;382
2;383
2;384
2;385
2;386
2;387
2;388
2;389
2;390
2;391
2;392
2;393
2;394
2;395
2;396
2;397
2;398
2;399
2;400
2;401
2;402
2;403
2;404
2;405
2;406
2;407
2;408
2;409
2;410
2;411
2;412
2;413
2;414
2;415
2;416
2;417
2;418
2;419
2;420
2;421
2;422
2;423
2;424
2;425
2;426
2;427
2;428
2;429
2;430
2;431
2;432
2;433
2;434
2;435
2;436
2;437
2;438
2;439
2;440
2;441
2;442
2;443
2;444
2;445
3;143
3;145
3;147
3;148
3;149
3;150
3;151
3;152
3;153
3;154
3;155
3;156
3;157
3;158
3;159
3;160
3;161
3;162
3;163
3;164
3;165
3;166
3;167
3;168
3;169
3;170
3;171
3;172
3;173
3;174
3;175
3;176
3;177
3;178
3;179
3;180
3;181
3;182
3;183
3;184
3;185
3;186
3;187
3;188
3;189
3;190
3;191
3;192
3;193
3;194
3;195
3;196
3;197
3;198
3;199
3;200
3;201
3;202
3;203
3;204
3;205
3;206
3;207
3;208
3;209
3;210
3;211
3;212
3;213
3;214
3;215
3;216
3;217
3;218
3;219
3;220
3;221
3;222
3;223
3;224
3;225
3;226
3;227
3;228
3;229
3;230
3;231
3;232
3;233
3;234
3;235
3;236
3;237
3;238
3;239
3;240
3;241
3;242
3;243
3;244
3;245
3;246
3;247
3;248
3;249
3;250
3;251
3;252
3;253
3;254
3;255
3;256
3;257
3;258
3;259
3;260
3;261
3;262
3;263
3;264
3;265
3;266
3;267
3;268
3;269
3;270
3;271
3;272
3;273
3;274
3;275
3;276
3;277
3;278
3;279
3;280
3;281
3;282
3;283
3;284
3;285
3;286
3;287
3;288
3;289
3;290
3;291
3;292
3;293
3;294
3;295
3;296
3;297
3;298
3;299
3;300
3;301
3;302
3;303
3;304
3;305
3;306
3;307
3;308
3;309
3;310
3;311
3;312
3;313
3;314
3;315
3;316
3;317
3;318
3;319
3;320
3;321
3;322
3;323
3;324
3;325
3;326
3;327
3;328
3;329
3;330
3;331
3;332
3;333
3;334
3;335
3;336
3;337
3;338
3;339
3;340
3;341
3;342
3;343
3;344
3;345
3;346
3;347
3;348
3;349
3;350
3;351
3;352
3;353
3;354
3;355
3;356
3;357
3;358
3;359
3;360
3;361
3;362
3;363
3;364
3;365
3;366
3;367
3;368
3;369
3;370
3;371
3;372
3;373
3;374
3;375
3;376
3;377
3;378
3;379
3;380
3;381
3;382
3;383
3;384
3;385
3;386
3;387
3;388
3;389
3;390
3;391
3;392
3;393
3;394
3;395
3;396
3;397
3;398
3;399
3;400
3;401
3;402
3;403
3;404
3;405
3;406
3;407
3;408
3;409
3;410
3;411
3;412
3;413
3;414
3;415
3;416
3;417
3;418
3;419
3;420
3;421
3;422
3;423
3;424
3;425
3;426
3;427
3;428
3;429
3;430
3;431
3;432
3;433
3;434
3;435
3;436
3;437
3;438
3;439
3;440
3;441
3;442
3;443
3;444
3;445
4;135
4;137
4;139
4;140
4;141
4;142
4;143
4;144
4;145
4;146
4;147
4;148
4;149
4;150
4;151
4;152
4;153
4;154
4;155
4;156
4;157
4;158
4;159
4;160
4;161
4;162
4;163
4;164
4;165
4;166
4;167
4;168
4;169
4;170
4;171
4;172
4;173
4;174
4;175
4;176
4;177
4;178
4;179
4;180
4;181
4;182
4;183
4;184
4;185
4;186
4;187
4;188
4;189
4;190
4;191
4;192
4;193
4;194
4;195
4;196
4;197
4;198
4;199
4;200
4;201
4;202
4;203
4;204
4;205
4;206
4;207
4;208
4;209
4;210
4;211
4;212
4;213
4;214
4;215
4;216
4;217
4;218
4;219
4;220
4;221
4;222
4;223
4;224
4;225
4;226
4;227
4;228
4;229
4;230
4;231
4;232
4;233
4;234
4;235
4;236
4;237
4;238
4;239
4;240
4;241
4;242
4;243
4;244
4;245
4;246
4;247
4;248
4;249
4;250
4;251
4;252
4;253
4;254
4;255
4;256
4;257
4;258
4;259
4;260
4;261
4;262
4;263
4;264
4;265
4;266
4;267
4;268
4;269
4;270
4;271
4;272
4;273
4;274
4;275
4;276
4;277
4;278
4;279
4;280
4;281
4;282
4;283
4;284
4;285
4;286
4;287
4;288
4;289
4;290
4;291
4;292
4;293
4;294
4;295
4;296
4;297
4;298
4;299
4;300
4;301
4;302
4;303
4;304
4;305
4;306
4;307
4;308
4;309
4;310
4;311
4;312
4;313
4;314
4;315
4;316
4;317
4;318
4;319
4;320
4;321
4;322
4;323
4;324
4;325
4;326
4;327
4;328
4;329
4;330
4;331
4;332
4;333
4;334
4;335
4;336
4;337
4;338
4;339
4;340
4;341
4;342
4;343
4;344
4;345
4;346
4;347
4;348
4;349
4;350
4;351
4;352
4;353
4;354
4;355
4;356
4;357
4;358
4;359
4;360
4;361
4;362
4;363
4;364
4;365
4;366
4;367
4;368
4;369
4;370
4;371
4;372
4;373
4;374
4;375
4;376
4;377
4;378
4;379
4;380
4;381
4;382
4;383
4;384
4;385
4;386
4;387
4;388
4;389
4;390
4;391
4;392
4;393
4;394
4;395
4;396
4;397
4;398
4;399
4;400
4;401
4;402
4;403
4;404
4;405
4;406
4;407
4;408
4;409
4;410
4;411
4;412
4;413
4;414
4;415
4;416
4;417
4;418
4;419
4;420
4;421
4;422
4;423
4;424
4;425
4;426
4;427
4;428
4;429
4;430
4;431
4;432
4;433
4;434
4;435
4;436
4;437
4;438
4;439
4;440
4;441
4;442
4;443
4;444
4;445
5;127
5;129
5;131
5;132
5;133
5;134
5;135
5;136
5;137
5;138
5;139
5;140
5;141
5;142
5;143
5;144
5;145
5;146
5;147
5;148
5;149
5;150
5;151
5;152
5;153
5;154
5;155
5;156
5;157
5;158
5;159
5;160
5;161
5;162
5;163
5;164
5;165
5;166
5;167
5;168
5;169
5;170
5;171
5;172
5;173
5;174
5;175
5;176
5;177
5;178
5;179
5;180
5;181
5;182
5;183
5;184
5;185
5;186
5;187
5;188
5;189
5;190
5;191
5;192
5;193
5;194
5;195
5;196
5;197
5;198
5;199
5;200
5;201
5;202
5;203
5;204
5;205
5;206
5;207
5;208
5;209
5;210
5;211
5;212
5;213
5;214
5;215
5;216
5;217
5;218
5;219
5;220
5;221
5;222
5;223
5;224
5;225
5;226
5;227
5;228
5;229
5;230
5;231
5;232
5;233
5;234
5;235
5;236
5;237
5;238
5;239
5;240
5;241
5;242
5;243
5;244
5;245
5;246
5;247
5;248
5;249
5;250
5;251
5;252
5;253
5;254
5;255
5;256
5;257
5;258
5;259
5;260
5;261
5;262
5;263
5;264
5;265
5;266
5;267
5;268
5;269
5;270
5;271
5;272
5;273
5;274
5;275
5;276
5;277
5;278
5;279
5;280
5;281
5;282
5;283
5;284
5;285
5;286
5;287
5;288
5;289
5;290
5;291
5;292
5;293
5;294
5;295
5;296
5;297
5;298
5;299
5;300
5;301
5;302
5;303
5;304
5;305
5;306
5;307
5;308
5;309
5;310
5;311
5;312
5;313
5;314
5;315
5;316
5;317
5;318
5;319
5;320
5;321
5;322
5;323
5;324
5;325
5;326
5;327
5;328
5;329
5;330
5;331
5;332
5;333
5;334
5;335
5;336
5;337
5;338
5;339
5;340
5;341
5;342
5;343
5;344
5;345
5;346
5;347
5;348
5;349
5;350
5;351
5;352
5;353
5;354
5;355
5;356
5;357
5;358
5;359
5;360
5;361
5;362
5;363
5;364
5;365
5;366
5;367
5;368
5;369
5;370
5;371
5;372
5;373
5;374
5;375
5;376
5;377
5;378
5;379
5;380
5;381
5;382
5;383
5;384
5;385
5;386
5;387
5;388
5;389
5;390
5;391
5;392
5;393
5;394
5;395
5;396
5;397
5;398
5;399
5;400
5;401
5;402
5;403
5;404
5;405
5;406
5;407
5;408
5;409
5;410
5;411
5;412
5;413
5;414
5;415
5;416
5;417
5;418
5;419
5;420
5;421
5;422
5;423
5;424
5;425
5;426
5;427
5;428
5;429
5;430
5;431
5;432
5;433
5;434
5;435
5;436
5;437
5;438
5;439
5;440
5;441
5;442
5;443
5;444
5;445
6;119
6;121
6;123
6;124
6;125
6;126
6;127
6;128
6;129
6;130
6;131
6;132
6;133
6;134
6;135
6;136
6;137
6;138
6;139
6;140
6;141
6;142
6;143
6;144
6;145
6;146
6;147
6;148
6;149
6;150
6;151
6;152
6;153
6;154
6;155
6;156
6;157
6;158
6;159
6;160
6;161
6;162
6;163
6;164
6;165
6;166
6;167
6;168
6;169
6;170
6;171
6;172
6;173
6;174
6;175
6;176
6;177
6;178
6;179
6;180
6;181
6;182
6;183
6;184
6;185
6;186
6;187
6;188
6;189
6;190
6;191
6;192
6;193
6;194
6;195
6;196
6;197
6;198
6;199
6;200
6;201
6;202
6;203
6;204
6;205
6;206
6;207
6;208
6;209
6;210
6;211
6;212
6;213
6;214
6;215
6;216
6;217
6;218
6;219
6;220
6;221
6;222
6;223
6;224
6;225
6;226
6;227
6;228
6;229
6;230
6;231
6;232
6;233
6;234
6;235
6;236
6;237
6;238
6;239
6;240
6;241
6;242
6;243
6;244
6;245
6;246
6;247
6;248
6;249
6;250
6;251
6;252
6;253
6;254
6;255
6;256
6;257
6;258
6;259
6;260
6;261
6;262
6;263
6;264
6;265
6;266
6;267
6;268
6;269
6;270
6;271
6;272
6;273
6;274
6;275
6;276
6;277
6;278
6;279
6;280
6;281
6;282
6;283
6;284
6;285
6;286
6;287
6;288
6;289
6;290
6;291
6;292
6;293
6;294
6;295
6;296
6;297
6;298
6;299
6;300
6;301
6;302
6;303
6;304
6;305
6;306
6;307
6;308
6;309
6;310
6;311
6;312
6;313
6;314
6;315
6;316
6;317
6;318
6;319
6;320
6;321
6;322
6;323
6;324
6;325
6;326
6;327
6;328
6;329
6;330
6;331
6;332
6;333
6;334
6;335
6;336
6;337
6;338
6;339
6;340
6;341
6;342
6;343
6;344
6;345
6;346
6;347
6;348
6;349
6;350
6;351
6;352
6;353
6;354
6;355
6;356
6;357
6;358
6;359
6;360
6;361
6;362
6;363
6;364
6;365
6;366
6;367
6;368
6;369
6;370
6;371
6;372
6;373
6;374
6;375
6;376
6;377
6;378
6;379
6;380
6;381
6;382
6;383
6;384
6;385
6;386
6;387
6;388
6;389
6;390
6;391
6;392
6;393
6;394
6;395
6;396
6;397
6;398
6;399
6;400
6;401
6;402
6;403
6;404
6;405
6;406
6;407
6;408
6;409
6;410
6;411
6;412
6;413
6;414
6;415
6;416
6;417
6;418
6;419
6;420
6;421
6;422
6;423
6;424
6;425
6;426
6;427
6;428
6;429
6;430
6;431
6;432
6;433
6;434
6;435
6;436
6;437
6;438
6;439
6;440
6;441
6;442
6;443
6;444
6;445
7;111
7;113
7;115
7;116
7;117
7;118
7;119
7;120
7;121
7;122
7;123
7;124
7;125
7;126
7;127
7;128
7;129
7;130
7;131
7;132
7;133
7;134
7;135
7;136
7;137
7;138
7;139
7;140
7;141
7;142
7;143
7;144
7;145
7;146
7;147
7;148
7;149
7;150
7;151
7;152
7;153
7;154
7;155
7;156
7;157
7;158
7;159
7;160
7;162
7;163
7;164
7;165
7;166
7;167
7;168
7;169
7;170
7;171
7;172
7;173
7;174
7;175
7;176
7;177
7;178
7;179
7;180
7;181
7;182
7;183
7;184
7;185
7;186
7;187
7;188
7;189
7;190
7;191
7;192
7;193
7;194
7;195
7;196
7;197
7;198
7;199
7;200
7;201
7;202
7;203
7;204
7;205
7;206
7;207
7;208
7;209
7;210
7;211
7;212
7;213
7;214
7;215
7;216
7;217
7;218
7;219
7;220
7;221
7;222
7;223
7;224
7;225
7;226
7;227
7;228
7;229
7;230
7;231
7;232
7;233
7;234
7;235
7;236
7;237
7;238
7;239
7;240
7;241
7;242
7;243
7;244
7;245
7;246
7;247
7;248
7;249
7;250
7;251
7;252
7;253
7;254
7;255
7;256
7;257
7;258
7;259
7;260
7;261
7;262
7;263
7;264
7;265
7;266
7;267
7;268
7;269
7;270
7;271
7;272
7;273
7;274
7;275
7;276
7;277
7;278
7;279
7;280
7;281
7;282
7;283
7;284
7;285
7;286
7;287
7;288
7;289
7;290
7;291
7;292
7;293
7;294
7;295
7;296
7;297
7;298
7;299
7;300
7;301
7;302
7;303
7;304
7;305
7;306
7;307
7;308
7;309
7;310
7;311
7;312
7;313
7;314
7;315
7;316
7;317
7;318
7;319
7;320
7;321
7;322
7;323
7;324
7;325
7;326
7;327
7;328
7;329
7;330
7;331
7;332
7;333
7;334
7;335
7;336
7;337
7;338
7;339
7;340
7;341
7;342
7;343
7;344
7;345
7;346
7;347
7;348
7;349
7;350
7;351
7;352
7;353
7;354
7;355
7;356
7;357
7;358
7;359
7;360
7;361
7;362
7;363
7;364
7;365
7;366
7;367
7;368
7;369
7;370
7;371
7;372
7;373
7;374
7;375
7;376
7;377
7;378
7;379
7;380
7;381
7;382
7;383
7;384
7;385
7;386
7;387
7;388
7;389
7;390
7;391
7;392
7;393
7;394
7;395
7;396
7;397
7;398
7;399
7;400
7;401
7;402
7;403
7;404
7;405
7;406
7;407
7;408
7;409
7;410
7;411
7;412
7;413
7;414
7;415
7;416
7;417
7;418
7;419
7;420
7;421
7;422
7;423
7;424
7;425
7;426
7;427
7;428
7;429
7;430
7;431
7;432
7;433
7;434
7;435
7;436
7;437
7;438
7;439
7;440
7;441
7;442
7;443
7;444
7;445
8;99
8;103
8;105
8;106
8;107
8;108
8;109
8;110
8;111
8;112
8;113
8;114
8;115
8;116
8;117
8;118
8;119
8;120
8;121
8;122
8;123
8;124
8;125
8;126
8;127
8;128
8;129
8;130
8;131
8;132
8;133
8;134
8;135
8;136
8;137
8;138
8;139
8;140
8;141
8;142
8;143
8;144
8;145
8;146
8;147
8;148
8;149
8;150
8;151
8;152
8;153
8;154
8;155
8;156
8;157
8;158
8;159
8;160
8;162
8;163
8;164
8;165
8;166
8;167
8;168
8;169
8;170
8;171
8;172
8;173
8;174
8;175
8;176
8;177
8;178
8;179
8;180
8;181
8;182
8;183
8;184
8;185
8;186
8;187
8;188
8;189
8;190
8;191
8;192
8;193
8;194
8;195
8;196
8;197
8;198
8;199
8;200
8;201
8;202
8;203
8;204
8;205
8;206
8;207
8;208
8;209
8;210
8;211
8;212
8;213
8;214
8;215
8;216
8;217
8;218
8;219
8;220
8;221
8;222
8;223
8;224
8;225
8;226
8;227
8;228
8;229
8;230
8;231
8;232
8;233
8;234
8;235
8;236
8;237
8;238
8;239
8;240
8;241
8;242
8;243
8;244
8;245
8;246
8;247
8;248
8;249
8;250
8;251
8;252
8;253
8;254
8;255
8;256
8;257
8;258
8;259
8;260
8;261
8;262
8;263
8;264
8;265
8;266
8;267
8;268
8;269
8;270
8;271
8;272
8;273
8;274
8;275
8;276
8;277
8;278
8;279
8;280
8;281
8;282
8;283
8;284
8;285
8;286
8;287
8;288
8;289
8;290
8;291
8;292
8;293
8;294
8;295
8;296
8;297
8;298
8;299
8;300
8;301
8;302
8;303
8;304
8;305
8;306
8;307
8;308
8;309
8;310
8;311
8;312
8;313
8;314
8;315
8;316
8;317
8;318
8;319
8;320
8;321
8;322
8;323
8;324
8;325
8;326
8;327
8;328
8;329
8;330
8;331
8;332
8;333
8;334
8;335
8;336
8;337
8;338
8;339
8;340
8;341
8;342
8;343
8;344
8;345
8;346
8;347
8;348
8;349
8;350
8;351
8;352
8;353
8;354
8;355
8;356
8;357
8;358
8;359
8;360
8;361
8;362
8;363
8;364
8;365
8;366
8;367
8;368
8;369
8;370
8;371
8;372
8;373
8;374
8;375
8;376
8;377
8;378
8;379
8;380
8;381
8;382
8;383
8;384
8;385
8;386
8;387
8;388
8;389
8;390
8;391
8;392
8;393
8;394
8;395
8;396
8;397
8;398
8;399
8;400
8;401
8;402
8;403
8;404
8;405
8;406
8;407
8;408
8;409
8;410
8;411
8;412
8;413
8;414
8;415
8;416
8;417
8;418
8;419
8;420
8;421
8;422
8;423
8;424
8;425
8;426
8;427
8;428
8;429
8;430
8;431
8;432
8;433
8;434
8;435
8;436
8;437
8;438
8;439
8;440
8;441
8;442
8;443
8;444
8;445
8;446
9;95
9;97
9;98
9;99
9;100
9;101
9;102
9;103
9;104
9;105
9;106
9;107
9;108
9;109
9;110
9;111
9;112
9;113
9;114
9;115
9;116
9;117
9;118
9;119
9;120
9;121
9;122
9;123
9;124
9;125
9;126
9;127
9;128
9;129
9;130
9;131
9;132
9;133
9;134
9;135
9;136
9;137
9;138
9;139
9;140
9;141
9;142
9;143
9;144
9;145
9;146
9;147
9;148
9;149
9;150
9;151
9;152
9;153
9;154
9;155
9;156
9;157
9;158
9;159
9;160
9;162
9;163
9;164
9;165
9;166
9;167
9;168
9;169
9;170
9;171
9;172
9;173
9;174
9;175
9;176
9;177
9;178
9;179
9;180
9;181
9;182
9;183
9;184
9;185
9;186
9;187
9;188
9;189
9;190
9;191
9;192
9;193
9;194
9;195
9;196
9;197
9;198
9;199
9;200
9;201
9;202
9;203
9;204
9;205
9;206
9;207
9;208
9;209
9;210
9;211
9;212
9;213
9;214
9;215
9;216
9;217
9;218
9;219
9;220
9;221
9;222
9;223
9;224
9;225
9;226
9;227
9;228
9;229
9;230
9;231
9;232
9;233
9;234
9;235
9;236
9;237
9;238
9;239
9;240
9;241
9;242
9;243
9;244
9;245
9;246
9;247
9;248
9;249
9;250
9;251
9;252
9;253
9;254
9;255
9;256
9;257
9;258
9;259
9;260
9;261
9;262
9;263
9;264
9;265
9;266
9;267
9;268
9;269
9;270
9;271
9;272
9;273
9;274
9;275
9;276
9;277
9;278
9;279
9;280
9;281
9;282
9;283
9;284
9;285
9;286
9;287
9;288
9;289
9;290
9;291
9;292
9;293
9;294
9;295
9;296
9;297
9;298
9;299
9;300
9;301
9;302
9;303
9;304
9;305
9;306
9;307
9;308
9;309
9;310
9;311
9;312
9;313
9;314
9;315
9;316
9;317
9;318
9;319
9;320
9;321
9;322
9;323
9;324
9;325
9;326
9;327
9;328
9;329
9;330
9;331
9;332
9;333
9;334
9;335
9;336
9;337
9;338
9;339
9;340
9;341
9;342
9;343
9;344
9;345
9;346
9;347
9;348
9;349
9;350
9;351
9;352
9;353
9;354
9;355
9;356
9;357
9;358
9;359
9;360
9;361
9;362
9;363
9;364
9;365
9;366
9;367
9;368
9;369
9;370
9;371
9;372
9;373
9;374
9;375
9;376
9;377
9;378
9;379
9;380
9;381
9;382
9;383
9;384
9;385
9;386
9;387
9;388
9;389
9;390
9;391
9;392
9;393
9;394
9;395
9;396
9;397
9;398
9;399
9;400
9;401
9;402
9;403
9;404
9;405
9;406
9;407
9;408
9;409
9;410
9;411
9;412
9;413
9;414
9;415
9;416
9;417
9;418
9;419
9;420
9;421
9;422
9;423
9;424
9;425
9;426
9;427
9;428
9;429
9;430
9;431
9;432
9;433
9;434
9;435
9;436
9;437
9;438
9;439
9;440
9;441
9;442
9;443
9;444
9;445
9;446
10;87
10;89
10;90
10;91
10;92
10;93
10;94
10;95
10;96
10;97
10;98
10;99
10;100
10;101
10;102
10;103
10;104
10;105
10;106
10;107
10;108
10;109
10;110
10;111
10;112
10;113
10;114
10;115
10;116
10;117
10;118
10;119
10;120
10;121
10;122
10;123
10;124
10;125
10;126
10;127
10;128
10;129
10;130
10;131
10;132
10;133
10;134
10;135
10;136
10;137
10;138
10;139
10;140
10;141
10;142
10;143
10;144
10;145
10;146
10;147
10;148
10;149
10;150
10;151
10;152
10;153
10;154
10;155
10;156
10;157
10;158
10;159
10;162
10;163
10;164
10;165
10;166
10;167
10;168
10;169
10;170
10;171
10;172
10;173
10;174
10;175
10;176
10;177
10;178
10;179
10;180
10;181
10;182
10;183
10;184
10;185
10;186
10;187
10;188
10;189
10;190
10;191
10;192
10;193
10;194
10;195
10;196
10;197
10;198
10;199
10;200
10;201
10;202
10;203
10;204
10;205
10;206
10;207
10;208
10;209
10;210
10;211
10;212
10;213
10;214
10;215
10;216
10;217
10;218
10;219
10;220
10;221
10;222
10;223
10;224
10;225
10;226
10;227
10;228
10;229
10;230
10;231
10;232
10;233
10;234
10;235
10;236
10;237
10;238
10;239
10;240
10;241
10;242
10;243
10;244
10;245
10;246
10;247
10;248
10;249
10;250
10;251
10;252
10;253
10;254
10;255
10;256
10;257
10;258
10;259
10;260
10;261
10;262
10;263
10;264
10;265
10;266
10;267
10;268
10;269
10;270
10;271
10;272
10;273
10;274
10;275
10;276
10;277
10;278
10;279
10;280
10;281
10;282
10;283
10;284
10;285
10;286
10;287
10;288
10;289
10;290
10;291
10;292
10;293
10;294
10;295
10;296
10;297
10;298
10;299
10;300
10;301
10;302
10;303
10;304
10;305
10;306
10;307
10;308
10;309
10;310
10;311
10;312
10;313
10;314
10;315
10;316
10;317
10;318
10;319
10;320
10;321
10;322
10;323
10;324
10;325
10;326
10;327
10;328
10;329
10;330
10;331
10;332
10;333
10;334
10;335
10;336
10;337
10;338
10;339
10;340
10;341
10;342
10;343
10;344
10;345
10;346
10;347
10;348
10;349
10;350
10;351
10;352
10;353
10;354
10;355
10;356
10;357
10;358
10;359
10;360
10;361
10;362
10;363
10;364
10;365
10;366
10;367
10;368
10;369
10;370
10;371
10;372
10;373
10;374
10;375
10;376
10;377
10;378
10;379
10;380
10;381
10;382
10;383
10;384
10;385
10;386
10;387
10;388
10;389
10;390
10;391
10;392
10;393
10;394
10;395
10;396
10;397
10;398
10;399
10;400
10;401
10;402
10;403
10;404
10;405
10;406
10;407
10;408
10;409
10;410
10;411
10;412
10;413
10;414
10;415
10;416
10;417
10;418
10;419
10;420
10;421
10;422
10;423
10;424
10;425
10;426
10;427
10;428
10;429
10;430
10;431
10;432
10;433
10;434
10;435
10;436
10;437
10;438
10;439
10;440
10;441
10;442
10;443
10;444
10;445
10;446
11;79
11;81
11;82
11;83
11;84
11;85
11;86
11;87
11;88
11;89
11;90
11;91
11;92
11;93
11;94
11;95
11;96
11;97
11;98
11;99
11;100
11;101
11;102
11;103
11;104
11;105
11;106
11;107
11;108
11;109
11;110
11;111
11;112
11;113
11;114
11;115
11;116
11;117
11;118
11;119
11;120
11;121
11;122
11;123
11;124
11;125
11;126
11;127
11;128
11;129
11;130
11;131
11;132
11;133
11;134
11;135
11;136
11;137
11;138
11;139
11;140
11;141
11;142
11;143
11;144
11;145
11;146
11;147
11;148
11;149
11;150
11;151
11;152
11;153
11;154
11;155
11;156
11;157
11;158
11;159
11;162
11;163
11;164
11;165
11;166
11;167
11;168
11;169
11;170
11;171
11;172
11;173
11;174
11;175
11;176
11;177
11;178
11;179
11;180
11;181
11;182
11;183
11;184
11;185
11;186
11;187
11;188
11;189
11;190
11;191
11;192
11;193
11;194
11;195
11;196
11;197
11;198
11;199
11;200
11;201
11;202
11;203
11;204
11;205
11;206
11;207
11;208
11;209
11;210
11;211
11;212
11;213
11;214
11;215
11;216
11;217
11;218
11;219
11;220
11;221
11;222
11;223
11;224
11;225
11;226
11;227
11;228
11;229
11;230
11;231
11;232
11;233
11;234
11;235
11;236
11;237
11;238
11;239
11;240
11;241
11;242
11;243
11;244
11;245
11;246
11;247
11;248
11;249
11;250
11;251
11;252
11;253
11;254
11;255
11;256
11;257
11;258
11;259
11;260
11;261
11;262
11;263
11;264
11;265
11;266
11;267
11;268
11;269
11;270
11;271
11;272
11;273
11;274
11;275
11;276
11;277
11;278
11;279
11;280
11;281
11;282
11;283
11;284
11;285
11;286
11;287
11;288
11;289
11;290
11;291
11;292
11;293
11;294
11;295
11;296
11;297
11;298
11;299
11;300
11;301
11;302
11;303
11;304
11;305
11;306
11;307
11;308
11;309
11;310
11;311
11;312
11;313
11;314
11;315
11;316
11;317
11;318
11;319
11;320
11;321
11;322
11;323
11;324
11;325
11;326
11;327
11;328
11;329
11;330
11;331
11;332
11;333
11;334
11;335
11;336
11;337
11;338
11;339
11;340
11;341
11;342
11;343
11;344
11;345
11;346
11;347
11;348
11;349
11;350
11;351
11;352
11;353
11;354
11;355
11;356
11;357
11;358
11;359
11;360
11;361
11;362
11;363
11;364
11;365
11;366
11;367
11;368
11;369
11;370
11;371
11;372
11;373
11;374
11;375
11;376
11;377
11;378
11;379
11;380
11;381
11;382
11;383
11;384
11;385
11;386
11;387
11;388
11;389
11;390
11;391
11;392
11;393
11;394
11;395
11;396
11;397
11;398
11;399
11;400
11;401
11;402
11;403
11;404
11;405
11;406
11;407
11;408
11;409
11;410
11;411
11;412
11;413
11;414
11;415
11;416
11;417
11;418
11;419
11;420
11;421
11;422
11;423
11;424
11;425
11;426
11;427
11;428
11;429
11;430
11;431
11;432
11;433
11;434
11;435
11;436
11;437
11;438
11;439
11;440
11;441
11;442
11;443
11;444
11;445
11;446
12;69
12;71
12;73
12;74
12;75
12;76
12;77
12;78
12;79
12;80
12;81
12;82
12;83
12;84
12;85
12;86
12;87
12;88
12;89
12;90
12;91
12;92
12;93
12;94
12;95
12;96
12;97
12;98
12;99
12;100
12;101
12;102
12;103
12;104
12;105
12;106
12;107
12;108
12;109
12;110
12;111
12;112
12;113
12;114
12;115
12;116
12;117
12;118
12;119
12;120
12;121
12;122
12;123
12;124
12;125
12;126
12;127
12;128
12;129
12;130
12;131
12;132
12;133
12;134
12;135
12;136
12;137
12;138
12;139
12;140
12;141
12;142
12;143
12;144
12;145
12;146
12;147
12;148
12;149
12;150
12;151
12;152
12;153
12;154
12;155
12;156
12;157
12;158
12;163
12;164
12;165
12;166
12;167
12;168
12;169
12;170
12;171
12;172
12;173
12;174
12;175
12;176
12;177
12;178
12;179
12;180
12;181
12;182
12;183
12;184
12;185
12;186
12;187
12;188
12;189
12;190
12;191
12;192
12;193
12;194
12;195
12;196
12;197
12;198
12;199
12;200
12;201
12;202
12;203
12;204
12;205
12;206
12;207
12;208
12;209
12;210
12;211
12;212
12;213
12;214
12;215
12;216
12;217
12;218
12;219
12;220
12;221
12;222
12;223
12;224
12;225
12;226
12;227
12;228
12;229
12;230
12;231
12;232
12;233
12;234
12;235
12;236
12;237
12;238
12;239
12;240
12;241
12;242
12;243
12;244
12;245
12;246
12;247
12;248
12;249
12;250
12;251
12;252
12;253
12;254
12;255
12;256
12;257
12;258
12;259
12;260
12;261
12;262
12;263
12;264
12;265
12;266
12;267
12;268
12;269
12;270
12;271
12;272
12;273
12;274
12;275
12;276
12;277
12;278
12;279
12;280
12;281
12;282
12;283
12;284
12;285
12;286
12;287
12;288
12;289
12;290
12;291
12;292
12;293
12;294
12;295
12;296
12;297
12;298
12;299
12;300
12;301
12;302
12;303
12;304
12;305
12;306
12;307
12;308
12;309
12;310
12;311
12;312
12;313
12;314
12;315
12;316
12;317
12;318
12;319
12;320
12;321
12;322
12;323
12;324
12;325
12;326
12;327
12;328
12;329
12;330
12;331
12;332
12;333
12;334
12;335
12;336
12;337
12;338
12;339
12;340
12;341
12;342
12;343
12;344
12;345
12;346
12;347
12;348
12;349
12;350
12;351
12;352
12;353
12;354
12;355
12;356
12;357
12;358
12;359
12;360
12;361
12;362
12;363
12;364
12;365
12;366
12;367
12;368
12;369
12;370
12;371
12;372
12;373
12;374
12;375
12;376
12;377
12;378
12;379
12;380
12;381
12;382
12;383
12;384
12;385
12;386
12;387
12;388
12;389
12;390
12;391
12;392
12;393
12;394
12;395
12;396
12;397
12;398
12;399
12;400
12;401
12;402
12;403
12;404
12;405
12;406
12;407
12;408
12;409
12;410
12;411
12;412
12;413
12;414
12;415
12;416
12;417
12;418
12;419
12;420
12;421
12;422
12;423
12;424
12;425
12;426
12;427
12;428
12;429
12;430
12;431
12;432
12;433
12;434
12;435
12;436
12;437
12;438
12;439
12;440
12;441
12;442
12;443
12;444
12;445
13;61
13;63
13;65
13;66
13;67
13;68
13;69
13;70
13;71
13;72
13;73
13;74
13;75
13;76
13;77
13;78
13;79
13;80
13;81
13;82
13;83
13;84
13;85
13;86
13;87
13;88
13;89
13;90
13;91
13;92
13;93
13;94
13;95
13;96
13;97
13;98
13;99
13;100
13;101
13;102
13;103
13;104
13;105
13;106
13;107
13;108
13;109
13;110
13;111
13;112
13;113
13;114
13;115
13;116
13;117
13;118
13;119
13;120
13;121
13;122
13;123
13;124
13;125
13;126
13;127
13;128
13;129
13;130
13;131
13;132
13;133
13;134
13;135
13;136
13;137
13;138
13;139
13;140
13;141
13;142
13;143
13;144
13;145
13;146
13;147
13;148
13;149
13;150
13;151
13;152
13;153
13;154
13;155
13;156
13;157
13;158
13;163
13;164
13;165
13;166
13;167
13;168
13;169
13;170
13;171
13;172
13;173
13;174
13;175
13;176
13;177
13;178
13;179
13;180
13;181
13;182
13;183
13;184
13;185
13;186
13;187
13;188
13;189
13;190
13;191
13;192
13;193
13;194
13;195
13;196
13;197
13;198
13;199
13;200
13;201
13;202
13;203
13;204
13;205
13;206
13;207
13;208
13;209
13;210
13;211
13;212
13;213
13;214
13;215
13;216
13;217
13;218
13;219
13;220
13;221
13;222
13;223
13;224
13;225
13;226
13;227
13;228
13;229
13;230
13;231
13;232
13;233
13;234
13;235
13;236
13;237
13;238
13;239
13;240
13;241
13;242
13;243
13;244
13;245
13;246
13;247
13;248
13;249
13;250
13;251
13;252
13;253
13;254
13;255
13;256
13;257
13;258
13;259
13;260
13;261
13;262
13;263
13;264
13;265
13;266
13;267
13;268
13;269
13;270
13;271
13;272
13;273
13;274
13;275
13;276
13;277
13;278
13;279
13;280
13;281
13;282
13;283
13;284
13;285
13;286
13;287
13;288
13;289
13;290
13;291
13;292
13;293
13;294
13;295
13;296
13;297
13;298
13;299
13;300
13;301
13;302
13;303
13;304
13;305
13;306
13;307
13;308
13;309
13;310
13;311
13;312
13;313
13;314
13;315
13;316
13;317
13;318
13;319
13;320
13;321
13;322
13;323
13;324
13;325
13;326
13;327
13;328
13;329
13;330
13;331
13;332
13;333
13;334
13;335
13;336
13;337
13;338
13;339
13;340
13;341
13;342
13;343
13;344
13;345
13;346
13;347
13;348
13;349
13;350
13;351
13;352
13;353
13;354
13;355
13;356
13;357
13;358
13;359
13;360
13;361
13;362
13;363
13;364
13;365
13;366
13;367
13;368
13;369
13;370
13;371
13;372
13;373
13;374
13;375
13;376
13;377
13;378
13;379
13;380
13;381
13;382
13;383
13;384
13;385
13;386
13;387
13;388
13;389
13;390
13;391
13;392
13;393
13;394
13;395
13;396
13;397
13;398
13;399
13;400
13;401
13;402
13;403
13;404
13;405
13;406
13;407
13;408
13;409
13;410
13;411
13;412
13;413
13;414
13;415
13;416
13;417
13;418
13;419
13;420
13;421
13;422
13;423
13;424
13;425
13;426
13;427
13;428
13;429
13;430
13;431
13;432
13;433
13;434
13;435
13;436
13;437
13;438
13;439
13;440
13;441
13;442
13;443
13;444
13;445
14;53
14;55
14;57
14;58
14;59
14;60
14;61
14;62
14;63
14;64
14;65
14;66
14;67
14;68
14;69
14;70
14;71
14;72
14;73
14;74
14;75
14;76
14;77
14;78
14;79
14;80
14;81
14;82
14;83
14;84
14;85
14;86
14;87
14;88
14;89
14;90
14;91
14;92
14;93
14;94
14;95
14;96
14;97
14;98
14;99
14;100
14;101
14;102
14;103
14;104
14;105
14;106
14;107
14;108
14;109
14;110
14;111
14;112
14;113
14;114
14;115
14;116
14;117
14;118
14;119
14;120
14;121
14;122
14;123
14;124
14;125
14;126
14;127
14;128
14;129
14;130
14;131
14;132
14;133
14;134
14;135
14;136
14;137
14;138
14;139
14;140
14;141
14;142
14;143
14;144
14;145
14;146
14;147
14;148
14;149
14;150
14;151
14;152
14;153
14;154
14;155
14;156
14;157
14;163
14;164
14;165
14;166
14;167
14;168
14;169
14;170
14;171
14;172
14;173
14;174
14;175
14;176
14;177
14;178
14;179
14;180
14;181
14;182
14;183
14;184
14;185
14;186
14;187
14;188
14;189
14;190
14;191
14;192
14;193
14;194
14;195
14;196
14;197
14;198
14;199
14;200
14;201
14;202
14;203
14;204
14;205
14;206
14;207
14;208
14;209
14;210
14;211
14;212
14;213
14;214
14;215
14;216
14;217
14;218
14;219
14;220
14;221
14;222
14;223
14;224
14;225
14;226
14;227
14;228
14;229
14;230
14;231
14;232
14;233
14;234
14;235
14;236
14;237
14;238
14;239
14;240
14;241
14;242
14;243
14;244
14;245
14;246
14;247
14;248
14;249
14;250
14;251
14;252
14;253
14;254
14;255
14;256
14;257
14;258
14;259
14;260
14;261
14;262
14;263
14;264
14;265
14;266
14;267
14;268
14;269
14;270
14;271
14;272
14;273
14;274
14;275
14;276
14;277
14;278
14;279
14;280
14;281
14;282
14;283
14;284
14;285
14;286
14;287
14;288
14;289
14;290
14;291
14;292
14;293
14;294
14;295
14;296
14;297
14;298
14;299
14;300
14;301
14;302
14;303
14;304
14;305
14;306
14;307
14;308
14;309
14;310
14;311
14;312
14;313
14;314
14;315
14;316
14;317
14;318
14;319
14;320
14;321
14;322
14;323
14;324
14;325
14;326
14;327
14;328
14;329
14;330
14;331
14;332
14;333
14;334
14;335
14;336
14;337
14;338
14;339
14;340
14;341
14;342
14;343
14;344
14;345
14;346
14;347
14;348
14;349
14;350
14;351
14;352
14;353
14;354
14;355
14;356
14;357
14;358
14;359
14;360
14;361
14;362
14;363
14;364
14;365
14;366
14;367
14;368
14;369
14;370
14;371
14;372
14;373
14;374
14;375
14;376
14;377
14;378
14;379
14;380
14;381
14;382
14;383
14;384
14;385
14;386
14;387
14;388
14;389
14;390
14;391
14;392
14;393
14;394
14;395
14;396
14;397
14;398
14;399
14;400
14;401
14;402
14;403
14;404
14;405
14;406
14;407
14;408
14;409
14;410
14;411
14;412
14;413
14;414
14;415
14;416
14;417
14;418
14;419
14;420
14;421
14;422
14;423
14;424
14;425
14;426
14;427
14;428
14;429
14;430
14;431
14;432
14;433
14;434
14;435
14;436
14;437
14;438
14;439
14;440
14;441
14;442
14;443
14;444
14;445
15;45
15;47
15;49
15;50
15;51
15;52
15;53
15;54
15;55
15;56
15;57
15;58
15;59
15;60
15;61
15;62
15;63
15;64
15;65
15;66
15;67
15;68
15;69
15;70
15;71
15;72
15;73
15;74
15;75
15;76
15;77
15;78
15;79
15;80
15;81
15;82
15;83
15;84
15;85
15;86
15;87
15;88
15;89
15;90
15;91
15;92
15;93
15;94
15;95
15;96
15;97
15;98
15;99
15;100
15;101
15;102
15;103
15;104
15;105
15;106
15;107
15;108
15;109
15;110
15;111
15;112
15;113
15;114
15;115
15;116
15;117
15;118
15;119
15;120
15;121
15;122
15;123
15;124
15;125
15;126
15;127
15;128
15;129
15;130
15;131
15;132
15;133
15;134
15;135
15;136
15;137
15;138
15;139
15;140
15;141
15;142
15;143
15;144
15;145
15;146
15;147
15;148
15;149
15;150
15;151
15;152
15;153
15;154
15;155
15;156
15;157
15;163
15;164
15;165
15;166
15;167
15;168
15;169
15;170
15;171
15;172
15;173
15;174
15;175
15;176
15;177
15;178
15;179
15;180
15;181
15;182
15;183
15;184
15;185
15;186
15;187
15;188
15;189
15;190
15;191
15;192
15;193
15;194
15;195
15;196
15;197
15;198
15;199
15;200
15;201
15;202
15;203
15;204
15;205
15;206
15;207
15;208
15;209
15;210
15;211
15;212
15;213
15;214
15;215
15;216
15;217
15;218
15;219
15;220
15;221
15;222
15;223
15;224
15;225
15;226
15;227
15;228
15;229
15;230
15;231
15;232
15;233
15;234
15;235
15;236
15;237
15;238
15;239
15;240
15;241
15;242
15;243
15;244
15;245
15;246
15;247
15;248
15;249
15;250
15;251
15;252
15;253
15;254
15;255
15;256
15;257
15;258
15;259
15;260
15;261
15;262
15;263
15;264
15;265
15;266
15;267
15;268
15;269
15;270
15;271
15;272
15;273
15;274
15;275
15;276
15;277
15;278
15;279
15;280
15;281
15;282
15;283
15;284
15;285
15;286
15;287
15;288
15;289
15;290
15;291
15;292
15;293
15;294
15;295
15;296
15;297
15;298
15;299
15;300
15;301
15;302
15;303
15;304
15;305
15;306
15;307
15;308
15;309
15;310
15;311
15;312
15;313
15;314
15;315
15;316
15;317
15;318
15;319
15;320
15;321
15;322
15;323
15;324
15;325
15;326
15;327
15;328
15;329
15;330
15;331
15;332
15;333
15;334
15;335
15;336
15;337
15;338
15;339
15;340
15;341
15;342
15;343
15;344
15;345
15;346
15;347
15;348
15;349
15;350
15;351
15;352
15;353
15;354
15;355
15;356
15;357
15;358
15;359
15;360
15;361
15;362
15;363
15;364
15;365
15;366
15;367
15;368
15;369
15;370
15;371
15;372
15;373
15;374
15;375
15;376
15;377
15;378
15;379
15;380
15;381
15;382
15;383
15;384
15;385
15;386
15;387
15;388
15;389
15;390
15;391
15;392
15;393
15;394
15;395
15;396
15;397
15;398
15;399
15;400
15;401
15;402
15;403
15;404
15;405
15;406
15;407
15;408
15;409
15;410
15;411
15;412
15;413
15;414
15;415
15;416
15;417
15;418
15;419
15;420
15;421
15;422
15;423
15;424
15;425
15;426
15;427
15;428
15;429
15;430
15;431
15;432
15;433
15;434
15;435
15;436
15;437
15;438
15;439
15;440
15;441
15;442
15;443
15;444
15;445
16;37
16;39
16;41
16;42
16;43
16;44
16;45
16;46
16;47
16;48
16;49
16;50
16;51
16;52
16;53
16;54
16;55
16;56
16;57
16;58
16;59
16;60
16;61
16;62
16;63
16;64
16;65
16;66
16;67
16;68
16;69
16;70
16;71
16;72
16;73
16;74
16;75
16;76
16;77
16;78
16;79
16;80
16;81
16;82
16;83
16;84
16;85
16;86
16;87
16;88
16;89
16;90
16;91
16;92
16;93
16;94
16;95
16;96
16;97
16;98
16;99
16;100
16;101
16;102
16;103
16;104
16;105
16;106
16;107
16;108
16;109
16;110
16;111
16;112
16;113
16;114
16;115
16;116
16;117
16;118
16;119
16;120
16;121
16;122
16;123
16;124
16;125
16;126
16;127
16;128
16;129
16;130
16;131
16;132
16;133
16;134
16;135
16;136
16;137
16;138
16;139
16;140
16;141
16;142
16;143
16;144
16;145
16;146
16;147
16;148
16;149
16;150
16;151
16;152
16;153
16;154
16;155
16;156
16;163
16;164
16;165
16;166
16;167
16;168
16;169
16;170
16;171
16;172
16;173
16;174
16;175
16;176
16;177
16;178
16;179
16;180
16;181
16;182
16;183
16;184
16;185
16;186
16;187
16;188
16;189
16;190
16;191
16;192
16;193
16;194
16;195
16;196
16;197
16;198
16;199
16;200
16;201
16;202
16;203
16;204
16;205
16;206
16;207
16;208
16;209
16;210
16;211
16;212
16;213
16;214
16;215
16;216
16;217
16;218
16;219
16;220
16;221
16;222
16;223
16;224
16;225
16;226
16;227
16;228
16;229
16;230
16;231
16;232
16;233
16;234
16;235
16;236
16;237
16;238
16;239
16;240
16;241
16;242
16;243
16;244
16;245
16;246
16;247
16;248
16;249
16;250
16;251
16;252
16;253
16;254
16;255
16;256
16;257
16;258
16;259
16;260
16;261
16;262
16;263
16;264
16;265
16;266
16;267
16;268
16;269
16;270
16;271
16;272
16;273
16;274
16;275
16;276
16;277
16;278
16;279
16;280
16;281
16;282
16;283
16;284
16;285
16;286
16;287
16;288
16;289
16;290
16;291
16;292
16;293
16;294
16;295
16;296
16;297
16;298
16;299
16;300
16;301
16;302
16;303
16;304
16;305
16;306
16;307
16;308
16;309
16;310
16;311
16;312
16;313
16;314
16;315
16;316
16;317
16;318
16;319
16;320
16;321
16;322
16;323
16;324
16;325
16;326
16;327
16;328
16;329
16;330
16;331
16;332
16;333
16;334
16;335
16;336
16;337
16;338
16;339
16;340
16;341
16;342
16;343
16;344
16;345
16;346
16;347
16;348
16;349
16;350
16;351
16;352
16;353
16;354
16;355
16;356
16;357
16;358
16;359
16;360
16;361
16;362
16;363
16;364
16;365
16;366
16;367
16;368
16;369
16;370
16;371
16;372
16;373
16;374
16;375
16;376
16;377
16;378
16;379
16;380
16;381
16;382
16;383
16;384
16;385
16;386
16;387
16;388
16;389
16;390
16;391
16;392
16;393
16;394
16;395
16;396
16;397
16;398
16;399
16;400
16;401
16;402
16;403
16;404
16;405
16;406
16;407
16;408
16;409
16;410
16;411
16;412
16;413
16;414
16;415
16;416
16;417
16;418
16;419
16;420
16;421
16;422
16;423
16;424
16;425
16;426
16;427
16;428
16;429
16;430
16;431
16;432
16;433
16;434
16;435
16;436
16;437
16;438
16;439
16;440
16;441
16;442
16;443
16;444
16;445
17;32
17;33
17;34
17;35
17;36
17;37
17;38
17;39
17;40
17;41
17;42
17;43
17;44
17;45
17;46
17;47
17;48
17;49
17;50
17;51
17;52
17;53
17;54
17;55
17;56
17;57
17;58
17;59
17;60
17;61
17;62
17;63
17;64
17;65
17;66
17;67
17;68
17;69
17;70
17;71
17;72
17;73
17;74
17;75
17;76
17;77
17;78
17;79
17;80
17;81
17;82
17;83
17;84
17;85
17;86
17;87
17;88
17;89
17;90
17;91
17;92
17;93
17;94
17;95
17;96
17;97
17;98
17;99
17;100
17;101
17;102
17;103
17;104
17;105
17;106
17;107
17;108
17;109
17;110
17;111
17;112
17;113
17;114
17;115
17;116
17;117
17;118
17;119
17;120
17;121
17;122
17;123
17;124
17;125
17;126
17;127
17;128
17;129
17;130
17;131
17;132
17;133
17;134
17;135
17;136
17;137
17;138
17;139
17;140
17;141
17;142
17;143
17;144
17;145
17;146
17;147
17;148
17;149
17;150
17;151
17;152
17;153
17;154
17;155
17;156
17;164
17;165
17;166
17;167
17;168
17;169
17;170
17;171
17;172
17;173
17;174
17;175
17;176
17;177
17;178
17;179
17;180
17;181
17;182
17;183
17;184
17;185
17;186
17;187
17;188
17;189
17;190
17;191
17;192
17;193
17;194
17;195
17;196
17;197
17;198
17;199
17;200
17;201
17;202
17;203
17;204
17;205
17;206
17;207
17;208
17;209
17;210
17;211
17;212
17;213
17;214
17;215
17;216
17;217
17;218
17;219
17;220
17;221
17;222
17;223
17;224
17;225
17;226
17;227
17;228
17;229
17;230
17;231
17;232
17;233
17;234
17;235
17;236
17;237
17;238
17;239
17;240
17;241
17;242
17;243
17;244
17;245
17;246
17;247
17;248
17;249
17;250
17;251
17;252
17;253
17;254
17;255
17;256
17;257
17;258
17;259
17;260
17;261
17;262
17;263
17;264
17;265
17;266
17;267
17;268
17;269
17;270
17;271
17;272
17;273
17;274
17;275
17;276
17;277
17;278
17;279
17;280
17;281
17;282
17;283
17;284
17;285
17;286
17;287
17;288
17;289
17;290
17;291
17;292
17;293
17;294
17;295
17;296
17;297
17;298
17;299
17;300
17;301
17;302
17;303
17;304
17;305
17;306
17;307
17;308
17;309
17;310
17;311
17;312
17;313
17;314
17;315
17;316
17;317
17;318
17;319
17;320
17;321
17;322
17;323
17;324
17;325
17;326
17;327
17;328
17;329
17;330
17;331
17;332
17;333
17;334
17;335
17;337
17;338
17;339
17;340
17;341
17;342
17;343
17;344
17;345
17;346
17;347
17;348
17;349
17;350
17;351
17;352
17;353
17;354
17;355
17;356
17;357
17;358
17;359
17;360
17;361
17;362
17;363
17;364
17;365
17;366
17;367
17;368
17;369
17;370
17;371
17;372
17;373
17;374
17;375
17;376
17;377
17;378
17;379
17;380
17;381
17;382
17;383
17;384
17;385
17;386
17;387
17;388
17;389
17;390
17;391
17;392
17;393
17;394
17;395
17;396
17;397
17;398
17;399
17;400
17;401
17;402
17;403
17;404
17;405
17;406
17;407
17;408
17;409
17;410
17;411
17;412
17;413
17;414
17;415
17;416
17;417
17;418
17;419
17;420
17;421
17;422
17;423
17;424
17;425
17;426
17;427
17;428
17;429
17;430
17;431
17;432
17;433
17;434
17;435
17;436
17;437
17;438
17;439
17;440
17;441
17;442
17;443
17;444
17;445
18;32
18;33
18;34
18;35
18;36
18;37
18;38
18;39
18;40
18;41
18;42
18;43
18;44
18;45
18;46
18;47
18;48
18;49
18;50
18;51
18;52
18;53
18;54
18;55
18;56
18;57
18;58
18;59
18;60
18;61
18;62
18;63
18;64
18;65
18;66
18;67
18;68
18;69
18;70
18;71
18;72
18;73
18;74
18;75
18;76
18;77
18;78
18;79
18;80
18;81
18;82
18;83
18;84
18;85
18;86
18;87
18;88
18;89
18;90
18;91
18;92
18;93
18;94
18;95
18;96
18;97
18;98
18;99
18;100
18;101
18;102
18;103
18;104
18;105
18;106
18;107
18;108
18;109
18;110
18;111
18;112
18;113
18;114
18;115
18;116
18;117
18;118
18;119
18;120
18;121
18;122
18;123
18;124
18;125
18;126
18;127
18;128
18;129
18;130
18;131
18;132
18;133
18;134
18;135
18;136
18;137
18;138
18;139
18;140
18;141
18;142
18;143
18;144
18;145
18;146
18;147
18;148
18;149
18;150
18;151
18;152
18;153
18;154
18;155
18;156
18;164
18;165
18;166
18;167
18;168
18;169
18;170
18;171
18;172
18;173
18;174
18;175
18;176
18;177
18;178
18;179
18;180
18;181
18;182
18;183
18;184
18;185
18;186
18;187
18;188
18;189
18;190
18;191
18;192
18;193
18;194
18;195
18;196
18;197
18;198
18;199
18;200
18;201
18;202
18;203
18;204
18;205
18;206
18;207
18;208
18;209
18;210
18;211
18;212
18;213
18;214
18;215
18;216
18;217
18;218
18;219
18;220
18;221
18;222
18;223
18;224
18;225
18;226
18;227
18;228
18;229
18;230
18;231
18;232
18;233
18;234
18;235
18;236
18;237
18;238
18;239
18;240
18;241
18;242
18;243
18;244
18;245
18;246
18;247
18;248
18;249
18;250
18;251
18;252
18;253
18;254
18;255
18;256
18;257
18;258
18;259
18;260
18;261
18;262
18;263
18;264
18;265
18;266
18;267
18;268
18;269
18;270
18;271
18;272
18;273
18;274
18;275
18;276
18;277
18;278
18;279
18;280
18;281
18;282
18;283
18;284
18;285
18;286
18;287
18;288
18;289
18;290
18;291
18;292
18;293
18;294
18;295
18;296
18;297
18;298
18;299
18;300
18;301
18;302
18;303
18;304
18;305
18;306
18;307
18;308
18;309
18;310
18;311
18;312
18;313
18;314
18;315
18;316
18;317
18;318
18;319
18;320
18;321
18;322
18;323
18;324
18;325
18;326
18;327
18;328
18;329
18;330
18;331
18;332
18;333
18;334
18;335
18;337
18;338
18;339
18;340
18;341
18;342
18;343
18;344
18;345
18;346
18;347
18;348
18;349
18;350
18;351
18;352
18;353
18;354
18;355
18;356
18;357
18;358
18;359
18;360
18;361
18;362
18;363
18;364
18;365
18;366
18;367
18;368
18;369
18;370
18;371
18;372
18;373
18;374
18;375
18;376
18;377
18;378
18;379
18;380
18;381
18;382
18;383
18;384
18;385
18;386
18;387
18;388
18;389
18;390
18;391
18;392
18;393
18;394
18;395
18;396
18;397
18;398
18;399
18;400
18;401
18;402
18;403
18;404
18;405
18;406
18;407
18;408
18;409
18;410
18;411
18;412
18;413
18;414
18;415
18;416
18;417
18;418
18;419
18;420
18;421
18;422
18;423
18;424
18;425
18;426
18;427
18;428
18;429
18;430
18;431
18;432
18;433
18;434
18;435
18;436
18;437
18;438
18;439
18;440
18;441
18;442
18;443
18;444
19;34
19;35
19;36
19;37
19;38
19;39
19;40
19;41
19;42
19;43
19;44
19;45
19;46
19;47
19;48
19;49
19;50
19;51
19;52
19;53
19;54
19;55
19;56
19;57
19;58
19;59
19;60
19;61
19;62
19;63
19;64
19;65
19;66
19;67
19;68
19;69
19;70
19;71
19;72
19;73
19;74
19;75
19;76
19;77
19;78
19;79
19;80
19;81
19;82
19;83
19;84
19;85
19;86
19;87
19;88
19;89
19;90
19;91
19;92
19;93
19;94
19;95
19;96
19;97
19;98
19;99
19;100
19;101
19;102
19;103
19;104
19;105
19;106
19;107
19;108
19;109
19;110
19;111
19;112
19;113
19;114
19;115
19;116
19;117
19;118
19;119
19;120
19;121
19;122
19;123
19;124
19;125
19;126
19;127
19;128
19;129
19;130
19;131
19;132
19;133
19;134
19;135
19;136
19;137
19;138
19;139
19;140
19;141
19;142
19;143
19;144
19;145
19;146
19;147
19;148
19;149
19;150
19;151
19;152
19;153
19;154
19;155
19;164
19;165
19;166
19;167
19;168
19;169
19;170
19;171
19;172
19;173
19;174
19;175
19;176
19;177
19;178
19;179
19;180
19;181
19;182
19;183
19;184
19;185
19;186
19;187
19;188
19;189
19;190
19;191
19;192
19;193
19;194
19;195
19;196
19;197
19;198
19;199
19;200
19;201
19;202
19;203
19;204
19;205
19;206
19;207
19;208
19;209
19;210
19;211
19;212
19;213
19;214
19;215
19;216
19;217
19;218
19;219
19;220
19;221
19;222
19;223
19;224
19;225
19;226
19;227
19;228
19;229
19;230
19;231
19;232
19;233
19;234
19;235
19;236
19;237
19;238
19;239
19;240
19;241
19;242
19;243
19;244
19;245
19;246
19;247
19;248
19;249
19;250
19;251
19;252
19;253
19;254
19;255
19;256
19;257
19;258
19;259
19;260
19;261
19;262
19;263
19;264
19;265
19;266
19;267
19;268
19;269
19;270
19;271
19;272
19;273
19;274
19;275
19;276
19;277
19;278
19;279
19;280
19;281
19;282
19;283
19;284
19;285
19;286
19;287
19;288
19;289
19;290
19;291
19;292
19;293
19;294
19;295
19;296
19;297
19;298
19;299
19;300
19;301
19;302
19;303
19;304
19;305
19;306
19;307
19;308
19;309
19;310
19;311
19;312
19;313
19;314
19;315
19;316
19;317
19;318
19;319
19;320
19;321
19;322
19;323
19;324
19;325
19;326
19;327
19;328
19;329
19;330
19;331
19;332
19;333
19;334
19;338
19;339
19;340
19;341
19;342
19;343
19;344
19;345
19;346
19;347
19;348
19;349
19;350
19;351
19;352
19;353
19;354
19;355
19;356
19;357
19;358
19;359
19;360
19;361
19;362
19;363
19;364
19;365
19;366
19;367
19;368
19;369
19;370
19;371
19;372
19;373
19;374
19;375
19;376
19;377
19;378
19;379
19;380
19;381
19;382
19;383
19;384
19;385
19;386
19;387
19;388
19;389
19;390
19;391
19;392
19;393
19;394
19;395
19;396
19;397
19;398
19;399
19;400
19;401
19;402
19;403
19;404
19;405
19;406
19;407
19;408
19;409
19;410
19;411
19;412
19;413
19;414
19;415
19;416
19;417
19;418
19;419
19;420
19;421
19;422
19;423
19;424
19;425
19;426
19;427
19;428
19;429
19;430
19;431
19;432
19;433
19;434
19;435
19;436
19;437
19;438
19;439
19;440
19;441
19;442
19;443
19;444
19;483
19;485
19;487
19;488
19;489
20;34
20;35
20;36
20;37
20;38
20;39
20;40
20;41
20;42
20;43
20;44
20;45
20;46
20;47
20;48
20;49
20;50
20;51
20;52
20;53
20;54
20;55
20;56
20;57
20;58
20;59
20;60
20;61
20;62
20;63
20;64
20;65
20;66
20;67
20;68
20;69
20;70
20;71
20;72
20;73
20;74
20;75
20;76
20;77
20;78
20;79
20;80
20;81
20;82
20;83
20;84
20;85
20;86
20;87
20;88
20;89
20;90
20;91
20;92
20;93
20;94
20;95
20;96
20;97
20;98
20;99
20;100
20;101
20;102
20;103
20;104
20;105
20;106
20;107
20;108
20;109
20;110
20;111
20;112
20;113
20;114
20;115
20;116
20;117
20;118
20;119
20;120
20;121
20;122
20;123
20;124
20;125
20;126
20;127
20;128
20;129
20;130
20;131
20;132
20;133
20;134
20;135
20;136
20;137
20;138
20;139
20;140
20;141
20;142
20;143
20;144
20;145
20;146
20;147
20;148
20;149
20;150
20;151
20;152
20;153
20;154
20;164
20;165
20;166
20;167
20;168
20;169
20;170
20;171
20;172
20;173
20;174
20;175
20;176
20;177
20;178
20;179
20;180
20;181
20;182
20;183
20;184
20;185
20;186
20;187
20;188
20;189
20;190
20;191
20;192
20;193
20;194
20;195
20;196
20;197
20;198
20;199
20;200
20;201
20;202
20;203
20;204
20;205
20;206
20;207
20;208
20;209
20;210
20;211
20;212
20;213
20;214
20;215
20;216
20;217
20;218
20;219
20;220
20;221
20;222
20;223
20;224
20;225
20;226
20;227
20;228
20;229
20;230
20;231
20;232
20;233
20;234
20;235
20;236
20;237
20;238
20;239
20;240
20;241
20;242
20;243
20;244
20;245
20;246
20;247
20;248
20;249
20;250
20;251
20;252
20;253
20;254
20;255
20;256
20;257
20;258
20;259
20;260
20;261
20;262
20;263
20;264
20;265
20;266
20;267
20;268
20;269
20;270
20;271
20;272
20;273
20;274
20;275
20;276
20;277
20;278
20;279
20;280
20;281
20;282
20;283
20;284
20;285
20;286
20;287
20;288
20;289
20;290
20;291
20;292
20;293
20;294
20;295
20;296
20;297
20;298
20;299
20;300
20;301
20;302
20;303
20;304
20;305
20;306
20;307
20;308
20;309
20;310
20;311
20;312
20;313
20;314
20;315
20;316
20;317
20;318
20;319
20;320
20;321
20;322
20;323
20;324
20;325
20;326
20;327
20;328
20;329
20;330
20;331
20;332
20;333
20;334
20;338
20;339
20;340
20;341
20;342
20;343
20;344
20;345
20;346
20;347
20;348
20;349
20;350
20;351
20;352
20;353
20;354
20;355
20;356
20;357
20;358
20;359
20;360
20;361
20;362
20;363
20;364
20;365
20;366
20;367
20;368
20;369
20;370
20;371
20;372
20;373
20;374
20;375
20;376
20;377
20;378
20;379
20;380
20;381
20;382
20;383
20;384
20;385
20;386
20;387
20;388
20;389
20;390
20;391
20;392
20;393
20;394
20;395
20;396
20;397
20;398
20;399
20;400
20;401
20;402
20;403
20;404
20;405
20;406
20;407
20;408
20;409
20;410
20;411
20;412
20;413
20;414
20;415
20;416
20;417
20;418
20;419
20;420
20;421
20;422
20;423
20;424
20;425
20;426
20;427
20;428
20;429
20;430
20;431
20;432
20;433
20;434
20;435
20;436
20;437
20;438
20;439
20;440
20;441
20;442
20;443
20;444
20;475
20;477
20;479
20;480
20;481
20;482
20;483
20;484
20;485
20;486
20;487
20;488
20;489
21;36
21;37
21;38
21;39
21;40
21;41
21;42
21;43
21;44
21;45
21;46
21;47
21;48
21;49
21;50
21;51
21;52
21;53
21;54
21;55
21;56
21;57
21;58
21;59
21;60
21;61
21;62
21;63
21;64
21;65
21;66
21;67
21;68
21;69
21;70
21;71
21;72
21;73
21;74
21;75
21;76
21;77
21;78
21;79
21;80
21;81
21;82
21;83
21;84
21;85
21;86
21;87
21;88
21;89
21;90
21;91
21;92
21;93
21;94
21;95
21;96
21;97
21;98
21;99
21;100
21;101
21;102
21;103
21;104
21;105
21;106
21;107
21;108
21;109
21;110
21;111
21;112
21;113
21;114
21;115
21;116
21;117
21;118
21;119
21;120
21;121
21;122
21;123
21;124
21;125
21;126
21;127
21;128
21;129
21;130
21;131
21;132
21;133
21;134
21;135
21;136
21;137
21;138
21;139
21;140
21;141
21;142
21;143
21;144
21;145
21;146
21;147
21;148
21;149
21;150
21;151
21;152
21;153
21;154
21;164
21;165
21;166
21;167
21;168
21;169
21;170
21;171
21;172
21;173
21;174
21;175
21;176
21;177
21;178
21;179
21;180
21;181
21;182
21;183
21;184
21;185
21;186
21;187
21;188
21;189
21;190
21;191
21;192
21;193
21;194
21;195
21;196
21;197
21;198
21;199
21;200
21;201
21;202
21;203
21;204
21;205
21;206
21;207
21;208
21;209
21;210
21;211
21;212
21;213
21;214
21;215
21;216
21;217
21;218
21;219
21;220
21;221
21;222
21;223
21;224
21;225
21;226
21;227
21;228
21;229
21;230
21;231
21;232
21;233
21;234
21;235
21;236
21;237
21;238
21;239
21;240
21;241
21;242
21;243
21;244
21;245
21;246
21;247
21;248
21;249
21;250
21;251
21;252
21;253
21;254
21;255
21;256
21;257
21;258
21;259
21;260
21;261
21;262
21;263
21;264
21;265
21;266
21;267
21;268
21;269
21;270
21;271
21;272
21;273
21;274
21;275
21;276
21;277
21;278
21;279
21;280
21;281
21;282
21;283
21;284
21;285
21;286
21;287
21;288
21;289
21;290
21;291
21;292
21;293
21;294
21;295
21;296
21;297
21;298
21;299
21;300
21;301
21;302
21;303
21;304
21;305
21;306
21;307
21;308
21;309
21;310
21;311
21;312
21;313
21;314
21;315
21;316
21;317
21;318
21;319
21;320
21;321
21;322
21;323
21;324
21;325
21;326
21;327
21;328
21;329
21;330
21;331
21;332
21;333
21;338
21;339
21;340
21;341
21;342
21;343
21;344
21;345
21;346
21;347
21;348
21;349
21;350
21;351
21;352
21;353
21;354
21;355
21;356
21;357
21;358
21;359
21;360
21;361
21;362
21;363
21;364
21;365
21;366
21;367
21;368
21;369
21;370
21;371
21;372
21;373
21;374
21;375
21;376
21;377
21;378
21;379
21;380
21;381
21;382
21;383
21;384
21;385
21;386
21;387
21;388
21;389
21;390
21;391
21;392
21;393
21;394
21;395
21;396
21;397
21;398
21;399
21;400
21;401
21;402
21;403
21;404
21;405
21;406
21;407
21;408
21;409
21;410
21;411
21;412
21;413
21;414
21;415
21;416
21;417
21;418
21;419
21;420
21;421
21;422
21;423
21;424
21;425
21;426
21;427
21;428
21;429
21;430
21;431
21;432
21;433
21;434
21;435
21;436
21;437
21;438
21;439
21;440
21;441
21;442
21;443
21;467
21;469
21;470
21;471
21;472
21;473
21;474
21;475
21;476
21;477
21;478
21;479
21;480
21;481
21;482
21;483
21;484
21;485
21;486
21;487
21;488
21;489
21;490
22;36
22;37
22;38
22;39
22;40
22;41
22;42
22;43
22;44
22;45
22;46
22;47
22;48
22;49
22;50
22;51
22;52
22;53
22;54
22;55
22;56
22;57
22;58
22;59
22;60
22;61
22;62
22;63
22;64
22;65
22;66
22;67
22;68
22;69
22;70
22;71
22;72
22;73
22;74
22;75
22;76
22;77
22;78
22;79
22;80
22;81
22;82
22;83
22;84
22;85
22;86
22;87
22;88
22;89
22;90
22;91
22;92
22;93
22;94
22;95
22;96
22;97
22;98
22;99
22;100
22;101
22;102
22;103
22;104
22;105
22;106
22;107
22;108
22;109
22;110
22;111
22;112
22;113
22;114
22;115
22;116
22;117
22;118
22;119
22;120
22;121
22;122
22;123
22;124
22;125
22;126
22;127
22;128
22;129
22;130
22;131
22;132
22;133
22;134
22;135
22;136
22;137
22;138
22;139
22;140
22;141
22;142
22;143
22;144
22;145
22;146
22;147
22;148
22;149
22;150
22;151
22;152
22;153
22;154
22;164
22;165
22;166
22;167
22;168
22;169
22;170
22;171
22;172
22;173
22;174
22;175
22;176
22;177
22;178
22;179
22;180
22;181
22;182
22;183
22;184
22;185
22;186
22;187
22;188
22;189
22;190
22;191
22;192
22;193
22;194
22;195
22;196
22;197
22;198
22;199
22;200
22;201
22;202
22;203
22;204
22;205
22;206
22;207
22;208
22;209
22;210
22;211
22;212
22;213
22;214
22;215
22;216
22;217
22;218
22;219
22;220
22;221
22;222
22;223
22;224
22;225
22;226
22;227
22;228
22;229
22;230
22;231
22;232
22;233
22;234
22;235
22;236
22;237
22;238
22;239
22;240
22;241
22;242
22;243
22;244
22;245
22;246
22;247
22;248
22;249
22;250
22;251
22;252
22;253
22;254
22;255
22;256
22;257
22;258
22;259
22;260
22;261
22;262
22;263
22;264
22;265
22;266
22;267
22;268
22;269
22;270
22;271
22;272
22;273
22;274
22;275
22;276
22;277
22;278
22;279
22;280
22;281
22;282
22;283
22;284
22;285
22;286
22;287
22;288
22;289
22;290
22;291
22;292
22;293
22;294
22;295
22;296
22;297
22;298
22;299
22;300
22;301
22;302
22;303
22;304
22;305
22;306
22;307
22;308
22;309
22;310
22;311
22;312
22;313
22;314
22;315
22;316
22;317
22;318
22;319
22;320
22;321
22;322
22;323
22;324
22;325
22;326
22;327
22;328
22;329
22;330
22;331
22;332
22;339
22;340
22;341
22;342
22;343
22;344
22;345
22;346
22;347
22;348
22;349
22;350
22;351
22;352
22;353
22;354
22;355
22;356
22;357
22;358
22;359
22;360
22;361
22;362
22;363
22;364
22;365
22;366
22;367
22;368
22;369
22;370
22;371
22;372
22;373
22;374
22;375
22;376
22;377
22;378
22;379
22;380
22;381
22;382
22;383
22;384
22;385
22;386
22;387
22;388
22;389
22;390
22;391
22;392
22;393
22;394
22;395
22;396
22;397
22;398
22;399
22;400
22;401
22;402
22;403
22;404
22;405
22;406
22;407
22;408
22;409
22;410
22;411
22;412
22;413
22;414
22;415
22;416
22;417
22;418
22;419
22;420
22;421
22;422
22;423
22;424
22;425
22;426
22;427
22;428
22;429
22;430
22;431
22;432
22;433
22;434
22;435
22;436
22;437
22;438
22;439
22;440
22;441
22;442
22;443
22;457
22;459
22;461
22;462
22;463
22;464
22;465
22;466
22;467
22;468
22;469
22;470
22;471
22;472
22;473
22;474
22;475
22;476
22;477
22;478
22;479
22;480
22;481
22;482
22;483
22;484
22;485
22;486
22;487
22;488
22;489
22;490
23;37
23;38
23;39
23;40
23;41
23;42
23;43
23;44
23;45
23;46
23;47
23;48
23;49
23;50
23;51
23;52
23;53
23;54
23;55
23;56
23;57
23;58
23;59
23;60
23;61
23;62
23;63
23;64
23;65
23;66
23;67
23;68
23;69
23;70
23;71
23;72
23;73
23;74
23;75
23;76
23;77
23;78
23;79
23;80
23;81
23;82
23;83
23;84
23;85
23;86
23;87
23;88
23;89
23;90
23;91
23;92
23;93
23;94
23;95
23;96
23;97
23;98
23;99
23;100
23;101
23;102
23;103
23;104
23;105
23;106
23;107
23;108
23;109
23;110
23;111
23;112
23;113
23;114
23;115
23;116
23;117
23;118
23;119
23;120
23;121
23;122
23;123
23;124
23;125
23;126
23;127
23;128
23;129
23;130
23;131
23;132
23;133
23;134
23;135
23;136
23;137
23;138
23;139
23;140
23;141
23;142
23;143
23;144
23;145
23;146
23;147
23;148
23;149
23;150
23;151
23;152
23;153
23;165
23;166
23;167
23;168
23;169
23;170
23;171
23;172
23;173
23;174
23;175
23;176
23;177
23;178
23;179
23;180
23;181
23;182
23;183
23;184
23;185
23;186
23;187
23;188
23;189
23;190
23;191
23;192
23;193
23;194
23;195
23;196
23;197
23;198
23;199
23;200
23;201
23;202
23;203
23;204
23;205
23;206
23;207
23;208
23;209
23;210
23;211
23;212
23;213
23;214
23;215
23;216
23;217
23;218
23;219
23;220
23;221
23;222
23;223
23;224
23;225
23;226
23;227
23;228
23;229
23;230
23;231
23;232
23;233
23;234
23;235
23;236
23;237
23;238
23;239
23;240
23;241
23;242
23;243
23;244
23;245
23;246
23;247
23;248
23;249
23;250
23;251
23;252
23;253
23;254
23;255
23;256
23;257
23;258
23;259
23;260
23;261
23;262
23;263
23;264
23;265
23;266
23;267
23;268
23;269
23;270
23;271
23;272
23;273
23;274
23;275
23;276
23;277
23;278
23;279
23;280
23;281
23;282
23;283
23;284
23;285
23;286
23;287
23;288
23;289
23;290
23;291
23;292
23;293
23;294
23;295
23;296
23;297
23;298
23;299
23;300
23;301
23;302
23;303
23;304
23;305
23;306
23;307
23;308
23;309
23;310
23;311
23;312
23;313
23;314
23;315
23;316
23;317
23;318
23;319
23;320
23;321
23;322
23;323
23;324
23;325
23;326
23;327
23;328
23;329
23;330
23;331
23;332
23;340
23;341
23;342
23;343
23;344
23;345
23;346
23;347
23;348
23;349
23;350
23;351
23;352
23;353
23;354
23;355
23;356
23;357
23;358
23;359
23;360
23;361
23;362
23;363
23;364
23;365
23;366
23;367
23;368
23;369
23;370
23;371
23;372
23;373
23;374
23;375
23;376
23;377
23;378
23;379
23;380
23;381
23;382
23;383
23;384
23;385
23;386
23;387
23;388
23;389
23;390
23;391
23;392
23;393
23;394
23;395
23;396
23;397
23;398
23;399
23;400
23;401
23;402
23;403
23;404
23;405
23;406
23;407
23;408
23;409
23;410
23;411
23;412
23;413
23;414
23;415
23;416
23;417
23;418
23;419
23;420
23;421
23;422
23;423
23;424
23;425
23;426
23;427
23;428
23;429
23;430
23;431
23;432
23;433
23;434
23;435
23;436
23;437
23;438
23;439
23;440
23;441
23;442
23;449
23;451
23;453
23;454
23;455
23;456
23;457
23;458
23;459
23;460
23;461
23;462
23;463
23;464
23;465
23;466
23;467
23;468
23;469
23;470
23;471
23;472
23;473
23;474
23;475
23;476
23;477
23;478
23;479
23;480
23;481
23;482
23;483
23;484
23;485
23;486
23;487
23;488
23;489
23;490
24;38
24;39
24;40
24;41
24;42
24;43
24;44
24;45
24;46
24;47
24;48
24;49
24;50
24;51
24;52
24;53
24;54
24;55
24;56
24;57
24;58
24;59
24;60
24;61
24;62
24;63
24;64
24;65
24;66
24;67
24;68
24;69
24;70
24;71
24;72
24;73
24;74
24;75
24;76
24;77
24;78
24;79
24;80
24;81
24;82
24;83
24;84
24;85
24;86
24;87
24;88
24;89
24;90
24;91
24;92
24;93
24;94
24;95
24;96
24;97
24;98
24;99
24;100
24;101
24;102
24;103
24;104
24;105
24;106
24;107
24;108
24;109
24;110
24;111
24;112
24;113
24;114
24;115
24;116
24;117
24;118
24;119
24;120
24;121
24;122
24;123
24;124
24;125
24;126
24;127
24;128
24;129
24;130
24;131
24;132
24;133
24;134
24;135
24;136
24;137
24;138
24;139
24;140
24;141
24;142
24;143
24;144
24;145
24;146
24;147
24;148
24;149
24;150
24;151
24;152
24;153
24;165
24;166
24;167
24;168
24;169
24;170
24;171
24;172
24;173
24;174
24;175
24;176
24;177
24;178
24;179
24;180
24;181
24;182
24;183
24;184
24;185
24;186
24;187
24;188
24;189
24;190
24;191
24;192
24;193
24;194
24;195
24;196
24;197
24;198
24;199
24;200
24;201
24;202
24;203
24;204
24;205
24;206
24;207
24;208
24;209
24;210
24;211
24;212
24;213
24;214
24;215
24;216
24;217
24;218
24;219
24;220
24;221
24;222
24;223
24;224
24;225
24;226
24;227
24;228
24;229
24;230
24;231
24;232
24;233
24;234
24;235
24;236
24;237
24;238
24;239
24;240
24;241
24;242
24;243
24;244
24;245
24;246
24;247
24;248
24;249
24;250
24;251
24;252
24;253
24;254
24;255
24;256
24;257
24;258
24;259
24;260
24;261
24;262
24;263
24;264
24;265
24;266
24;267
24;268
24;269
24;270
24;271
24;272
24;273
24;274
24;275
24;276
24;277
24;278
24;279
24;280
24;281
24;282
24;283
24;284
24;285
24;286
24;287
24;288
24;289
24;290
24;291
24;292
24;293
24;294
24;295
24;296
24;297
24;298
24;299
24;300
24;301
24;302
24;303
24;304
24;305
24;306
24;307
24;308
24;309
24;310
24;311
24;312
24;313
24;314
24;315
24;316
24;317
24;318
24;319
24;320
24;321
24;322
24;323
24;324
24;325
24;326
24;327
24;328
24;329
24;330
24;331
24;340
24;341
24;342
24;343
24;344
24;345
24;346
24;347
24;348
24;349
24;350
24;351
24;352
24;353
24;354
24;355
24;356
24;357
24;358
24;359
24;360
24;361
24;362
24;363
24;364
24;365
24;366
24;367
24;368
24;369
24;370
24;371
24;372
24;373
24;374
24;375
24;376
24;377
24;378
24;379
24;380
24;381
24;382
24;383
24;384
24;385
24;386
24;387
24;388
24;389
24;390
24;391
24;392
24;393
24;394
24;395
24;396
24;397
24;398
24;399
24;400
24;401
24;402
24;403
24;404
24;405
24;406
24;407
24;408
24;409
24;410
24;411
24;412
24;413
24;414
24;415
24;416
24;417
24;418
24;419
24;420
24;421
24;422
24;423
24;424
24;425
24;426
24;427
24;428
24;429
24;430
24;431
24;432
24;433
24;434
24;435
24;436
24;437
24;438
24;439
24;440
24;441
24;442
24;443
24;444
24;445
24;446
24;447
24;448
24;449
24;450
24;451
24;452
24;453
24;454
24;455
24;456
24;457
24;458
24;459
24;460
24;461
24;462
24;463
24;464
24;465
24;466
24;467
24;468
24;469
24;470
24;471
24;472
24;473
24;474
24;475
24;476
24;477
24;478
24;479
24;480
24;481
24;482
24;483
24;484
24;485
24;486
24;487
24;488
24;489
24;490
25;39
25;40
25;41
25;42
25;43
25;44
25;45
25;46
25;47
25;48
25;49
25;50
25;51
25;52
25;53
25;54
25;55
25;56
25;57
25;58
25;59
25;60
25;61
25;62
25;63
25;64
25;65
25;66
25;67
25;68
25;69
25;70
25;71
25;72
25;73
25;74
25;75
25;76
25;77
25;78
25;79
25;80
25;81
25;82
25;83
25;84
25;85
25;86
25;87
25;88
25;89
25;90
25;91
25;92
25;93
25;94
25;95
25;96
25;97
25;98
25;99
25;100
25;101
25;102
25;103
25;104
25;105
25;106
25;107
25;108
25;109
25;110
25;111
25;112
25;113
25;114
25;115
25;116
25;117
25;118
25;119
25;120
25;121
25;122
25;123
25;124
25;125
25;126
25;127
25;128
25;129
25;130
25;131
25;132
25;133
25;134
25;135
25;136
25;137
25;138
25;139
25;140
25;141
25;142
25;143
25;144
25;145
25;146
25;147
25;148
25;149
25;150
25;151
25;152
25;165
25;166
25;167
25;168
25;169
25;170
25;171
25;172
25;173
25;174
25;175
25;176
25;177
25;178
25;179
25;180
25;181
25;182
25;183
25;184
25;185
25;186
25;187
25;188
25;189
25;190
25;191
25;192
25;193
25;194
25;195
25;196
25;197
25;198
25;199
25;200
25;201
25;202
25;203
25;204
25;205
25;206
25;207
25;208
25;209
25;210
25;211
25;212
25;213
25;214
25;215
25;216
25;217
25;218
25;219
25;220
25;221
25;222
25;223
25;224
25;225
25;226
25;227
25;228
25;229
25;230
25;231
25;232
25;233
25;234
25;235
25;236
25;237
25;238
25;239
25;240
25;241
25;242
25;243
25;244
25;245
25;246
25;247
25;248
25;249
25;250
25;251
25;252
25;253
25;254
25;255
25;256
25;257
25;258
25;259
25;260
25;261
25;262
25;263
25;264
25;265
25;266
25;267
25;268
25;269
25;270
25;271
25;272
25;273
25;274
25;275
25;276
25;277
25;278
25;279
25;280
25;281
25;282
25;283
25;284
25;285
25;286
25;287
25;288
25;289
25;290
25;291
25;292
25;293
25;294
25;295
25;296
25;297
25;298
25;299
25;300
25;301
25;302
25;303
25;304
25;305
25;306
25;307
25;308
25;309
25;310
25;311
25;312
25;313
25;314
25;315
25;316
25;317
25;318
25;319
25;320
25;321
25;322
25;323
25;324
25;325
25;326
25;327
25;328
25;329
25;330
25;340
25;341
25;342
25;343
25;344
25;345
25;346
25;347
25;348
25;349
25;350
25;351
25;352
25;353
25;354
25;355
25;356
25;357
25;358
25;359
25;360
25;361
25;362
25;363
25;364
25;365
25;366
25;367
25;368
25;369
25;370
25;371
25;372
25;373
25;374
25;375
25;376
25;377
25;378
25;379
25;380
25;381
25;382
25;383
25;384
25;385
25;386
25;387
25;388
25;389
25;390
25;391
25;392
25;393
25;394
25;395
25;396
25;397
25;398
25;399
25;400
25;401
25;402
25;403
25;404
25;405
25;406
25;407
25;408
25;409
25;410
25;411
25;412
25;413
25;414
25;415
25;416
25;417
25;418
25;419
25;420
25;421
25;422
25;423
25;424
25;425
25;426
25;427
25;428
25;429
25;430
25;431
25;432
25;433
25;434
25;435
25;436
25;437
25;438
25;439
25;440
25;441
25;442
25;443
25;444
25;445
25;446
25;447
25;448
25;449
25;450
25;451
25;452
25;453
25;454
25;455
25;456
25;457
25;458
25;459
25;460
25;461
25;462
25;463
25;464
25;465
25;466
25;467
25;468
25;469
25;470
25;471
25;472
25;473
25;474
25;475
25;476
25;477
25;478
25;479
25;480
25;481
25;482
25;483
25;484
25;485
25;486
25;487
25;488
25;489
25;490
26;40
26;41
26;42
26;43
26;44
26;45
26;46
26;47
26;48
26;49
26;50
26;51
26;52
26;53
26;54
26;55
26;56
26;57
26;58
26;59
26;60
26;61
26;62
26;63
26;64
26;65
26;66
26;67
26;68
26;69
26;70
26;71
26;72
26;73
26;74
26;75
26;76
26;77
26;78
26;79
26;80
26;81
26;82
26;83
26;84
26;85
26;86
26;87
26;88
26;89
26;90
26;91
26;92
26;93
26;94
26;95
26;96
26;97
26;98
26;99
26;100
26;101
26;102
26;103
26;104
26;105
26;106
26;107
26;108
26;109
26;110
26;111
26;112
26;113
26;114
26;115
26;116
26;117
26;118
26;119
26;120
26;121
26;122
26;123
26;124
26;125
26;126
26;127
26;128
26;129
26;130
26;131
26;132
26;133
26;134
26;135
26;136
26;137
26;138
26;139
26;140
26;141
26;142
26;143
26;144
26;145
26;146
26;147
26;148
26;149
26;150
26;151
26;152
26;165
26;166
26;167
26;168
26;169
26;170
26;171
26;172
26;173
26;174
26;175
26;176
26;177
26;178
26;179
26;180
26;181
26;182
26;183
26;184
26;185
26;186
26;187
26;188
26;189
26;190
26;191
26;192
26;193
26;194
26;195
26;196
26;197
26;198
26;199
26;200
26;201
26;202
26;203
26;204
26;205
26;206
26;207
26;208
26;209
26;210
26;211
26;212
26;213
26;214
26;215
26;216
26;217
26;218
26;219
26;220
26;221
26;222
26;223
26;224
26;225
26;226
26;227
26;228
26;229
26;230
26;231
26;232
26;233
26;234
26;235
26;236
26;237
26;238
26;239
26;240
26;241
26;242
26;243
26;244
26;245
26;246
26;247
26;248
26;249
26;250
26;251
26;252
26;253
26;254
26;255
26;256
26;257
26;258
26;259
26;260
26;261
26;262
26;263
26;264
26;265
26;266
26;267
26;268
26;269
26;270
26;271
26;272
26;273
26;274
26;275
26;276
26;277
26;278
26;279
26;280
26;281
26;282
26;283
26;284
26;285
26;286
26;287
26;288
26;289
26;290
26;291
26;292
26;293
26;294
26;295
26;296
26;297
26;298
26;299
26;300
26;301
26;302
26;303
26;304
26;305
26;306
26;307
26;308
26;309
26;310
26;311
26;312
26;313
26;314
26;315
26;316
26;317
26;318
26;319
26;320
26;321
26;322
26;323
26;324
26;325
26;326
26;327
26;328
26;329
26;330
26;341
26;342
26;343
26;344
26;345
26;346
26;347
26;348
26;349
26;350
26;351
26;352
26;353
26;354
26;355
26;356
26;357
26;358
26;359
26;360
26;361
26;362
26;363
26;364
26;365
26;366
26;367
26;368
26;369
26;370
26;371
26;372
26;373
26;374
26;375
26;376
26;377
26;378
26;379
26;380
26;381
26;382
26;383
26;384
26;385
26;386
26;387
26;388
26;389
26;390
26;391
26;392
26;393
26;394
26;395
26;396
26;397
26;398
26;399
26;400
26;401
26;402
26;403
26;404
26;405
26;406
26;407
26;408
26;409
26;410
26;411
26;412
26;413
26;414
26;415
26;416
26;417
26;418
26;419
26;420
26;421
26;422
26;423
26;424
26;425
26;426
26;427
26;428
26;429
26;430
26;431
26;432
26;433
26;434
26;435
26;436
26;437
26;438
26;439
26;440
26;441
26;442
26;443
26;444
26;445
26;446
26;447
26;448
26;449
26;450
26;451
26;452
26;453
26;454
26;455
26;456
26;457
26;458
26;459
26;460
26;461
26;462
26;463
26;464
26;465
26;466
26;467
26;468
26;469
26;470
26;471
26;472
26;473
26;474
26;475
26;476
26;477
26;478
26;479
26;480
26;481
26;482
26;483
26;484
26;485
26;486
26;487
26;488
26;489
26;490
27;37
27;38
27;39
27;40
27;41
27;42
27;43
27;44
27;45
27;46
27;47
27;48
27;49
27;50
27;51
27;52
27;53
27;54
27;55
27;56
27;57
27;58
27;59
27;60
27;61
27;62
27;63
27;64
27;65
27;66
27;67
27;68
27;69
27;70
27;71
27;72
27;73
27;74
27;75
27;76
27;77
27;78
27;79
27;80
27;81
27;82
27;83
27;84
27;85
27;86
27;87
27;88
27;89
27;90
27;91
27;92
27;93
27;94
27;95
27;96
27;97
27;98
27;99
27;100
27;101
27;102
27;103
27;104
27;105
27;106
27;107
27;108
27;109
27;110
27;111
27;112
27;113
27;114
27;115
27;116
27;117
27;118
27;119
27;120
27;121
27;122
27;123
27;124
27;125
27;126
27;127
27;128
27;129
27;130
27;131
27;132
27;133
27;134
27;135
27;136
27;137
27;138
27;139
27;140
27;141
27;142
27;143
27;144
27;145
27;146
27;147
27;148
27;149
27;150
27;151
27;165
27;166
27;167
27;168
27;169
27;170
27;171
27;172
27;173
27;174
27;175
27;176
27;177
27;178
27;179
27;180
27;181
27;182
27;183
27;184
27;185
27;186
27;187
27;188
27;189
27;190
27;191
27;192
27;193
27;194
27;195
27;196
27;197
27;198
27;199
27;200
27;201
27;202
27;203
27;204
27;205
27;206
27;207
27;208
27;209
27;210
27;211
27;212
27;213
27;214
27;215
27;216
27;217
27;218
27;219
27;220
27;221
27;222
27;223
27;224
27;225
27;226
27;227
27;228
27;229
27;230
27;231
27;232
27;233
27;234
27;235
27;236
27;237
27;238
27;239
27;240
27;241
27;242
27;243
27;244
27;245
27;246
27;247
27;248
27;249
27;250
27;251
27;252
27;253
27;254
27;255
27;256
27;257
27;258
27;259
27;260
27;261
27;262
27;263
27;264
27;265
27;266
27;267
27;268
27;269
27;270
27;271
27;272
27;273
27;274
27;275
27;276
27;277
27;278
27;279
27;280
27;281
27;282
27;283
27;284
27;285
27;286
27;287
27;288
27;289
27;290
27;291
27;292
27;293
27;294
27;295
27;296
27;297
27;298
27;299
27;300
27;301
27;302
27;303
27;304
27;305
27;306
27;307
27;308
27;309
27;310
27;311
27;312
27;313
27;314
27;315
27;316
27;317
27;318
27;319
27;320
27;321
27;322
27;323
27;324
27;325
27;326
27;327
27;328
27;329
27;330
27;341
27;342
27;343
27;344
27;345
27;346
27;347
27;348
27;349
27;350
27;351
27;352
27;353
27;354
27;355
27;356
27;357
27;358
27;359
27;360
27;361
27;362
27;363
27;364
27;365
27;366
27;367
27;368
27;369
27;370
27;371
27;372
27;373
27;374
27;375
27;376
27;377
27;378
27;379
27;380
27;381
27;382
27;383
27;384
27;385
27;386
27;387
27;388
27;389
27;390
27;391
27;392
27;393
27;394
27;395
27;396
27;397
27;398
27;399
27;400
27;401
27;402
27;403
27;404
27;405
27;406
27;407
27;408
27;409
27;410
27;411
27;412
27;413
27;414
27;415
27;416
27;417
27;418
27;419
27;420
27;421
27;422
27;423
27;424
27;425
27;426
27;427
27;428
27;429
27;430
27;431
27;432
27;433
27;434
27;435
27;436
27;437
27;438
27;439
27;440
27;441
27;442
27;443
27;444
27;445
27;446
27;447
27;448
27;449
27;450
27;451
27;452
27;453
27;454
27;455
27;456
27;457
27;458
27;459
27;460
27;461
27;462
27;463
27;464
27;465
27;466
27;467
27;468
27;469
27;470
27;471
27;472
27;473
27;474
27;475
27;476
27;477
27;478
27;479
27;480
27;481
27;482
27;483
27;484
27;485
27;486
27;487
27;488
27;489
27;490
27;491
28;33
28;35
28;36
28;37
28;38
28;39
28;40
28;41
28;42
28;43
28;44
28;45
28;46
28;47
28;48
28;49
28;50
28;51
28;52
28;53
28;54
28;55
28;56
28;57
28;58
28;59
28;60
28;61
28;62
28;63
28;64
28;65
28;66
28;67
28;68
28;69
28;70
28;71
28;72
28;73
28;74
28;75
28;76
28;77
28;78
28;79
28;80
28;81
28;82
28;83
28;84
28;85
28;86
28;87
28;88
28;89
28;90
28;91
28;92
28;93
28;94
28;95
28;96
28;97
28;98
28;99
28;100
28;101
28;102
28;103
28;104
28;105
28;106
28;107
28;108
28;109
28;110
28;111
28;112
28;113
28;114
28;115
28;116
28;117
28;118
28;119
28;120
28;121
28;122
28;123
28;124
28;125
28;126
28;127
28;128
28;129
28;130
28;131
28;132
28;133
28;134
28;135
28;136
28;137
28;138
28;139
28;140
28;141
28;142
28;143
28;144
28;145
28;146
28;147
28;148
28;149
28;150
28;151
28;165
28;166
28;167
28;168
28;169
28;170
28;171
28;172
28;173
28;174
28;175
28;176
28;177
28;178
28;179
28;180
28;181
28;182
28;183
28;184
28;185
28;186
28;187
28;188
28;189
28;190
28;191
28;192
28;193
28;194
28;195
28;196
28;197
28;198
28;199
28;200
28;201
28;202
28;203
28;204
28;205
28;206
28;207
28;208
28;209
28;210
28;211
28;212
28;213
28;214
28;215
28;216
28;217
28;218
28;219
28;220
28;221
28;222
28;223
28;224
28;225
28;226
28;227
28;228
28;229
28;230
28;231
28;232
28;233
28;234
28;235
28;236
28;237
28;238
28;239
28;240
28;241
28;242
28;243
28;244
28;245
28;246
28;247
28;248
28;249
28;250
28;251
28;252
28;253
28;254
28;255
28;256
28;257
28;258
28;259
28;260
28;261
28;262
28;263
28;264
28;265
28;266
28;267
28;268
28;269
28;270
28;271
28;272
28;273
28;274
28;275
28;276
28;277
28;278
28;279
28;280
28;281
28;282
28;283
28;284
28;285
28;286
28;287
28;288
28;289
28;290
28;291
28;292
28;293
28;294
28;295
28;296
28;297
28;298
28;299
28;300
28;301
28;302
28;303
28;304
28;305
28;306
28;307
28;308
28;309
28;310
28;311
28;312
28;313
28;314
28;315
28;316
28;317
28;318
28;319
28;320
28;321
28;322
28;323
28;324
28;325
28;326
28;327
28;328
28;329
28;342
28;343
28;344
28;345
28;346
28;347
28;348
28;349
28;350
28;351
28;352
28;353
28;354
28;355
28;356
28;357
28;358
28;359
28;360
28;361
28;362
28;363
28;364
28;365
28;366
28;367
28;368
28;369
28;370
28;371
28;372
28;373
28;374
28;375
28;376
28;377
28;378
28;379
28;380
28;381
28;382
28;383
28;384
28;385
28;386
28;387
28;388
28;389
28;390
28;391
28;392
28;393
28;394
28;395
28;396
28;397
28;398
28;399
28;400
28;401
28;402
28;403
28;404
28;405
28;406
28;407
28;408
28;409
28;410
28;411
28;412
28;413
28;414
28;415
28;416
28;417
28;418
28;419
28;420
28;421
28;422
28;423
28;424
28;425
28;426
28;427
28;428
28;429
28;430
28;431
28;432
28;433
28;434
28;435
28;436
28;437
28;438
28;439
28;441
28;442
28;443
28;444
28;445
28;446
28;447
28;448
28;449
28;450
28;451
28;452
28;453
28;454
28;455
28;456
28;457
28;458
28;459
28;460
28;461
28;462
28;463
28;464
28;465
28;466
28;467
28;468
28;469
28;470
28;471
28;472
28;473
28;474
28;475
28;476
28;477
28;478
28;479
28;480
28;481
28;482
28;483
28;484
28;485
28;486
28;487
28;488
28;489
28;490
28;491
29;31
29;32
29;33
29;34
29;35
29;36
29;37
29;38
29;39
29;40
29;41
29;42
29;43
29;44
29;45
29;46
29;47
29;48
29;49
29;50
29;51
29;52
29;53
29;54
29;55
29;56
29;57
29;58
29;59
29;60
29;61
29;62
29;63
29;64
29;65
29;66
29;67
29;68
29;69
29;70
29;71
29;72
29;73
29;74
29;75
29;76
29;77
29;78
29;79
29;80
29;81
29;82
29;83
29;84
29;85
29;86
29;87
29;88
29;89
29;90
29;91
29;92
29;93
29;94
29;95
29;96
29;97
29;98
29;99
29;100
29;101
29;102
29;103
29;104
29;105
29;106
29;107
29;108
29;109
29;110
29;111
29;112
29;113
29;114
29;115
29;116
29;117
29;118
29;119
29;120
29;121
29;122
29;123
29;124
29;125
29;126
29;127
29;128
29;129
29;130
29;131
29;132
29;133
29;134
29;135
29;136
29;137
29;138
29;139
29;140
29;141
29;142
29;143
29;144
29;145
29;146
29;147
29;148
29;149
29;150
29;166
29;167
29;168
29;169
29;170
29;171
29;172
29;173
29;174
29;175
29;176
29;177
29;178
29;179
29;180
29;181
29;182
29;183
29;184
29;185
29;186
29;187
29;188
29;189
29;190
29;191
29;192
29;193
29;194
29;195
29;196
29;197
29;198
29;199
29;200
29;201
29;202
29;203
29;204
29;205
29;206
29;207
29;208
29;209
29;210
29;211
29;212
29;213
29;214
29;215
29;216
29;217
29;218
29;219
29;220
29;221
29;222
29;223
29;224
29;225
29;226
29;227
29;228
29;229
29;230
29;231
29;232
29;233
29;234
29;235
29;236
29;237
29;238
29;239
29;240
29;241
29;242
29;243
29;244
29;245
29;246
29;247
29;248
29;249
29;250
29;251
29;252
29;253
29;254
29;255
29;256
29;257
29;258
29;259
29;260
29;261
29;262
29;263
29;264
29;265
29;266
29;267
29;268
29;269
29;270
29;271
29;272
29;273
29;274
29;275
29;276
29;277
29;278
29;279
29;280
29;281
29;282
29;283
29;284
29;285
29;286
29;287
29;288
29;289
29;290
29;291
29;292
29;293
29;294
29;295
29;296
29;297
29;298
29;299
29;300
29;301
29;302
29;303
29;304
29;305
29;306
29;307
29;308
29;309
29;310
29;311
29;312
29;313
29;314
29;315
29;316
29;317
29;318
29;319
29;320
29;321
29;322
29;323
29;324
29;325
29;326
29;327
29;328
29;342
29;343
29;344
29;345
29;346
29;347
29;348
29;349
29;350
29;351
29;352
29;353
29;354
29;355
29;356
29;357
29;358
29;359
29;360
29;361
29;362
29;363
29;364
29;365
29;366
29;367
29;368
29;369
29;370
29;371
29;372
29;373
29;374
29;375
29;376
29;377
29;378
29;379
29;380
29;381
29;382
29;383
29;384
29;385
29;386
29;387
29;388
29;389
29;390
29;391
29;392
29;393
29;394
29;395
29;396
29;397
29;398
29;399
29;400
29;401
29;402
29;403
29;404
29;405
29;406
29;407
29;408
29;409
29;410
29;411
29;412
29;413
29;414
29;415
29;416
29;417
29;418
29;419
29;420
29;421
29;422
29;423
29;424
29;425
29;426
29;427
29;428
29;429
29;430
29;431
29;432
29;433
29;434
29;435
29;436
29;437
29;438
29;441
29;442
29;443
29;444
29;445
29;446
29;447
29;448
29;449
29;450
29;451
29;452
29;453
29;454
29;455
29;456
29;457
29;458
29;459
29;460
29;461
29;462
29;463
29;464
29;465
29;466
29;467
29;468
29;469
29;470
29;471
29;472
29;473
29;474
29;475
29;476
29;477
29;478
29;479
29;480
29;481
29;482
29;483
29;484
29;485
29;486
29;487
29;488
29;489
29;490
29;491
30;27
30;28
30;29
30;30
30;31
30;32
30;33
30;34
30;35
30;36
30;37
30;38
30;39
30;40
30;41
30;42
30;43
30;44
30;45
30;46
30;47
30;48
30;49
30;50
30;51
30;52
30;53
30;54
30;55
30;56
30;57
30;58
30;59
30;60
30;61
30;62
30;63
30;64
30;65
30;66
30;67
30;68
30;69
30;70
30;71
30;72
30;73
30;74
30;75
30;76
30;77
30;78
30;79
30;80
30;81
30;82
30;83
30;84
30;85
30;86
30;87
30;88
30;89
30;90
30;91
30;92
30;93
30;94
30;95
30;96
30;97
30;98
30;99
30;100
30;101
30;102
30;103
30;104
30;105
30;106
30;107
30;108
30;109
30;110
30;111
30;112
30;113
30;114
30;115
30;116
30;117
30;118
30;119
30;120
30;121
30;122
30;123
30;124
30;125
30;126
30;127
30;128
30;129
30;130
30;131
30;132
30;133
30;134
30;135
30;136
30;137
30;138
30;139
30;140
30;141
30;142
30;143
30;144
30;145
30;146
30;147
30;148
30;149
30;150
30;166
30;167
30;168
30;169
30;170
30;171
30;172
30;173
30;174
30;175
30;176
30;177
30;178
30;179
30;180
30;181
30;182
30;183
30;184
30;185
30;186
30;187
30;188
30;189
30;190
30;191
30;192
30;193
30;194
30;195
30;196
30;197
30;198
30;199
30;200
30;201
30;202
30;203
30;204
30;205
30;206
30;207
30;208
30;209
30;210
30;211
30;212
30;213
30;214
30;215
30;216
30;217
30;218
30;219
30;220
30;221
30;222
30;223
30;224
30;225
30;226
30;227
30;228
30;229
30;230
30;231
30;232
30;233
30;234
30;235
30;236
30;237
30;238
30;239
30;240
30;241
30;242
30;243
30;244
30;245
30;246
30;247
30;248
30;249
30;250
30;251
30;252
30;253
30;254
30;255
30;256
30;257
30;258
30;259
30;260
30;261
30;262
30;263
30;264
30;265
30;266
30;267
30;268
30;269
30;270
30;271
30;272
30;273
30;274
30;275
30;276
30;277
30;278
30;279
30;280
30;281
30;282
30;283
30;284
30;285
30;286
30;287
30;288
30;289
30;290
30;291
30;292
30;293
30;294
30;295
30;296
30;297
30;298
30;299
30;300
30;301
30;302
30;303
30;304
30;305
30;306
30;307
30;308
30;309
30;310
30;311
30;312
30;313
30;314
30;315
30;316
30;317
30;318
30;319
30;320
30;321
30;322
30;323
30;324
30;325
30;326
30;327
30;328
30;343
30;344
30;345
30;346
30;347
30;348
30;349
30;350
30;351
30;352
30;353
30;354
30;355
30;356
30;357
30;358
30;359
30;360
30;361
30;362
30;363
30;364
30;365
30;366
30;367
30;368
30;369
30;370
30;371
30;372
30;373
30;374
30;375
30;376
30;377
30;378
30;379
30;380
30;381
30;382
30;383
30;384
30;385
30;386
30;387
30;388
30;389
30;390
30;391
30;392
30;393
30;394
30;395
30;396
30;397
30;398
30;399
30;400
30;401
30;402
30;403
30;404
30;405
30;406
30;407
30;408
30;409
30;410
30;411
30;412
30;413
30;414
30;415
30;416
30;417
30;418
30;419
30;420
30;421
30;422
30;423
30;424
30;425
30;426
30;427
30;428
30;429
30;430
30;431
30;432
30;433
30;434
30;435
30;436
30;437
30;438
30;441
30;442
30;443
30;444
30;445
30;446
30;447
30;448
30;449
30;450
30;451
30;452
30;453
30;454
30;455
30;456
30;457
30;458
30;459
30;460
30;461
30;462
30;463
30;464
30;465
30;466
30;467
30;468
30;469
30;470
30;471
30;472
30;473
30;474
30;475
30;476
30;477
30;478
30;479
30;480
30;481
30;482
30;483
30;484
30;485
30;486
30;487
30;488
30;489
30;490
30;491
31;25
31;26
31;27
31;28
31;29
31;30
31;31
31;32
31;33
31;34
31;35
31;36
31;37
31;38
31;39
31;40
31;41
31;42
31;43
31;44
31;45
31;46
31;47
31;48
31;49
31;50
31;51
31;52
31;53
31;54
31;55
31;56
31;57
31;58
31;59
31;60
31;61
31;62
31;63
31;64
31;65
31;66
31;67
31;68
31;69
31;70
31;71
31;72
31;73
31;74
31;75
31;76
31;77
31;78
31;79
31;80
31;81
31;82
31;83
31;84
31;85
31;86
31;87
31;88
31;89
31;90
31;91
31;92
31;93
31;94
31;95
31;96
31;97
31;98
31;99
31;100
31;101
31;102
31;103
31;104
31;105
31;106
31;107
31;108
31;109
31;110
31;111
31;112
31;113
31;114
31;115
31;116
31;117
31;118
31;119
31;120
31;121
31;122
31;123
31;124
31;125
31;126
31;127
31;128
31;129
31;130
31;131
31;132
31;133
31;134
31;135
31;136
31;137
31;138
31;139
31;140
31;141
31;142
31;143
31;144
31;145
31;146
31;147
31;148
31;149
31;166
31;167
31;168
31;169
31;170
31;171
31;172
31;173
31;174
31;175
31;176
31;177
31;178
31;179
31;180
31;181
31;182
31;183
31;184
31;185
31;186
31;187
31;188
31;189
31;190
31;191
31;192
31;193
31;194
31;195
31;196
31;197
31;198
31;199
31;200
31;201
31;202
31;203
31;204
31;205
31;206
31;207
31;208
31;209
31;210
31;211
31;212
31;213
31;214
31;215
31;216
31;217
31;218
31;219
31;220
31;221
31;222
31;223
31;224
31;225
31;226
31;227
31;228
31;229
31;230
31;231
31;232
31;233
31;234
31;235
31;236
31;237
31;238
31;239
31;240
31;241
31;242
31;243
31;244
31;245
31;246
31;247
31;248
31;249
31;250
31;251
31;252
31;253
31;254
31;255
31;256
31;257
31;258
31;259
31;260
31;261
31;262
31;263
31;264
31;265
31;266
31;267
31;268
31;269
31;270
31;271
31;272
31;273
31;274
31;275
31;276
31;277
31;278
31;279
31;280
31;281
31;282
31;283
31;284
31;285
31;286
31;287
31;288
31;289
31;290
31;291
31;292
31;293
31;294
31;295
31;296
31;297
31;298
31;299
31;300
31;301
31;302
31;303
31;304
31;305
31;306
31;307
31;308
31;309
31;310
31;311
31;312
31;313
31;314
31;315
31;316
31;317
31;318
31;319
31;320
31;321
31;322
31;323
31;324
31;325
31;326
31;327
31;343
31;344
31;345
31;346
31;347
31;348
31;349
31;350
31;351
31;352
31;353
31;354
31;355
31;356
31;357
31;358
31;359
31;360
31;361
31;362
31;363
31;364
31;365
31;366
31;367
31;368
31;369
31;370
31;371
31;372
31;373
31;374
31;375
31;376
31;377
31;378
31;379
31;380
31;381
31;382
31;383
31;384
31;385
31;386
31;387
31;388
31;389
31;390
31;391
31;392
31;393
31;394
31;395
31;396
31;397
31;398
31;399
31;400
31;401
31;402
31;403
31;404
31;405
31;406
31;407
31;408
31;409
31;410
31;411
31;412
31;413
31;414
31;415
31;416
31;417
31;418
31;419
31;420
31;421
31;422
31;423
31;424
31;425
31;426
31;427
31;428
31;429
31;430
31;431
31;432
31;433
31;434
31;435
31;436
31;442
31;443
31;444
31;445
31;446
31;447
31;448
31;449
31;450
31;451
31;452
31;453
31;454
31;455
31;456
31;457
31;458
31;459
31;460
31;461
31;462
31;463
31;464
31;465
31;466
31;467
31;468
31;469
31;470
31;471
31;472
31;473
31;474
31;475
31;476
31;477
31;478
31;479
31;480
31;481
31;482
31;483
31;484
31;485
31;486
31;487
31;488
31;489
31;490
31;491
32;21
32;22
32;23
32;24
32;25
32;26
32;27
32;28
32;29
32;30
32;31
32;32
32;33
32;34
32;35
32;36
32;37
32;38
32;39
32;40
32;41
32;42
32;43
32;44
32;45
32;46
32;47
32;48
32;49
32;50
32;51
32;52
32;53
32;54
32;55
32;56
32;57
32;58
32;59
32;60
32;61
32;62
32;63
32;64
32;65
32;66
32;67
32;68
32;69
32;70
32;71
32;72
32;73
32;74
32;75
32;76
32;77
32;78
32;79
32;80
32;81
32;82
32;83
32;84
32;85
32;86
32;87
32;88
32;89
32;90
32;91
32;92
32;93
32;94
32;95
32;96
32;97
32;98
32;99
32;100
32;101
32;102
32;103
32;104
32;105
32;106
32;107
32;108
32;109
32;110
32;111
32;112
32;113
32;114
32;115
32;116
32;117
32;118
32;119
32;120
32;121
32;122
32;123
32;124
32;125
32;126
32;127
32;128
32;129
32;130
32;131
32;132
32;133
32;134
32;135
32;136
32;137
32;138
32;139
32;140
32;141
32;142
32;143
32;144
32;145
32;146
32;147
32;148
32;149
32;166
32;167
32;168
32;169
32;170
32;171
32;172
32;173
32;174
32;175
32;176
32;177
32;178
32;179
32;180
32;181
32;182
32;183
32;184
32;185
32;186
32;187
32;188
32;189
32;190
32;191
32;192
32;193
32;194
32;195
32;196
32;197
32;198
32;199
32;200
32;201
32;202
32;203
32;204
32;205
32;206
32;207
32;208
32;209
32;210
32;211
32;212
32;213
32;214
32;215
32;216
32;217
32;218
32;219
32;220
32;221
32;222
32;223
32;224
32;225
32;226
32;227
32;228
32;229
32;230
32;231
32;232
32;233
32;234
32;235
32;236
32;237
32;238
32;239
32;240
32;241
32;242
32;243
32;244
32;245
32;246
32;247
32;248
32;249
32;250
32;251
32;252
32;253
32;254
32;255
32;256
32;257
32;258
32;259
32;260
32;261
32;262
32;263
32;264
32;265
32;266
32;267
32;268
32;269
32;270
32;271
32;272
32;273
32;274
32;275
32;276
32;277
32;278
32;279
32;280
32;281
32;282
32;283
32;284
32;285
32;286
32;287
32;288
32;289
32;290
32;291
32;292
32;293
32;294
32;295
32;296
32;297
32;298
32;299
32;300
32;301
32;302
32;303
32;304
32;305
32;306
32;307
32;308
32;309
32;310
32;311
32;312
32;313
32;314
32;315
32;316
32;317
32;318
32;319
32;320
32;321
32;322
32;323
32;324
32;325
32;326
32;344
32;345
32;346
32;347
32;348
32;349
32;350
32;351
32;352
32;353
32;354
32;355
32;356
32;357
32;358
32;359
32;360
32;361
32;362
32;363
32;364
32;365
32;366
32;367
32;368
32;369
32;370
32;371
32;372
32;373
32;374
32;375
32;376
32;377
32;378
32;379
32;380
32;381
32;382
32;383
32;384
32;385
32;386
32;387
32;388
32;389
32;390
32;391
32;392
32;393
32;394
32;395
32;396
32;397
32;398
32;399
32;400
32;401
32;402
32;403
32;404
32;405
32;406
32;407
32;408
32;409
32;410
32;411
32;412
32;413
32;414
32;415
32;416
32;417
32;418
32;419
32;420
32;421
32;422
32;423
32;424
32;425
32;426
32;427
32;428
32;429
32;430
32;431
32;432
32;433
32;434
32;435
32;436
32;442
32;443
32;444
32;445
32;446
32;447
32;448
32;449
32;450
32;451
32;452
32;453
32;454
32;455
32;456
32;457
32;458
32;459
32;460
32;461
32;462
32;463
32;464
32;465
32;466
32;467
32;468
32;469
32;470
32;471
32;472
32;473
32;474
32;475
32;476
32;477
32;478
32;479
32;480
32;481
32;482
32;483
32;484
32;485
32;486
32;487
32;488
32;489
32;490
32;491
33;17
33;19
33;20
33;21
33;22
33;23
33;24
33;25
33;26
33;27
33;28
33;29
33;30
33;31
33;32
33;33
33;34
33;35
33;36
33;37
33;38
33;39
33;40
33;41
33;42
33;43
33;44
33;45
33;46
33;47
33;48
33;49
33;50
33;51
33;52
33;53
33;54
33;55
33;56
33;57
33;58
33;59
33;60
33;61
33;62
33;63
33;64
33;65
33;66
33;67
33;68
33;69
33;70
33;71
33;72
33;73
33;74
33;75
33;76
33;77
33;78
33;79
33;80
33;81
33;82
33;83
33;84
33;85
33;86
33;87
33;88
33;89
33;90
33;91
33;92
33;93
33;94
33;95
33;96
33;97
33;98
33;99
33;100
33;101
33;102
33;103
33;104
33;105
33;106
33;107
33;108
33;109
33;110
33;111
33;112
33;113
33;114
33;115
33;116
33;117
33;118
33;119
33;120
33;121
33;122
33;123
33;124
33;125
33;126
33;127
33;128
33;129
33;130
33;131
33;132
33;133
33;134
33;135
33;136
33;137
33;138
33;139
33;140
33;141
33;142
33;143
33;144
33;145
33;146
33;147
33;148
33;166
33;167
33;168
33;169
33;170
33;171
33;172
33;173
33;174
33;175
33;176
33;177
33;178
33;179
33;180
33;181
33;182
33;183
33;184
33;185
33;186
33;187
33;188
33;189
33;190
33;191
33;192
33;193
33;194
33;195
33;196
33;197
33;198
33;199
33;200
33;201
33;202
33;203
33;204
33;205
33;206
33;207
33;208
33;209
33;210
33;211
33;212
33;213
33;214
33;215
33;216
33;217
33;218
33;219
33;220
33;221
33;222
33;223
33;224
33;225
33;226
33;227
33;228
33;229
33;230
33;231
33;232
33;233
33;234
33;235
33;236
33;237
33;238
33;239
33;240
33;241
33;242
33;243
33;244
33;245
33;246
33;247
33;248
33;249
33;250
33;251
33;252
33;253
33;254
33;255
33;256
33;257
33;258
33;259
33;260
33;261
33;262
33;263
33;264
33;265
33;266
33;267
33;268
33;269
33;270
33;271
33;272
33;273
33;274
33;275
33;276
33;277
33;278
33;279
33;280
33;281
33;282
33;283
33;284
33;285
33;286
33;287
33;288
33;289
33;290
33;291
33;292
33;293
33;294
33;295
33;296
33;297
33;298
33;299
33;300
33;301
33;302
33;303
33;304
33;305
33;306
33;307
33;308
33;309
33;310
33;311
33;312
33;313
33;314
33;315
33;316
33;317
33;318
33;319
33;320
33;321
33;322
33;323
33;324
33;325
33;326
33;344
33;345
33;346
33;347
33;348
33;349
33;350
33;351
33;352
33;353
33;354
33;355
33;356
33;357
33;358
33;359
33;360
33;361
33;362
33;363
33;364
33;365
33;366
33;367
33;368
33;369
33;370
33;371
33;372
33;373
33;374
33;375
33;376
33;377
33;378
33;379
33;380
33;381
33;382
33;383
33;384
33;385
33;386
33;387
33;388
33;389
33;390
33;391
33;392
33;393
33;394
33;395
33;396
33;397
33;398
33;399
33;400
33;401
33;402
33;403
33;404
33;405
33;406
33;407
33;408
33;409
33;410
33;411
33;412
33;413
33;414
33;415
33;416
33;417
33;418
33;419
33;420
33;421
33;422
33;423
33;424
33;425
33;426
33;427
33;428
33;429
33;430
33;431
33;432
33;433
33;434
33;442
33;443
33;444
33;445
33;446
33;447
33;448
33;449
33;450
33;451
33;452
33;453
33;454
33;455
33;456
33;457
33;458
33;459
33;460
33;461
33;462
33;463
33;464
33;465
33;466
33;467
33;468
33;469
33;470
33;471
33;472
33;473
33;474
33;475
33;476
33;477
33;478
33;479
33;480
33;481
33;482
33;483
33;484
33;485
33;486
33;487
33;488
33;489
33;490
33;491
34;15
34;16
34;17
34;18
34;19
34;20
34;21
34;22
34;23
34;24
34;25
34;26
34;27
34;28
34;29
34;30
34;31
34;32
34;33
34;34
34;35
34;36
34;37
34;38
34;39
34;40
34;41
34;42
34;43
34;44
34;45
34;46
34;47
34;48
34;49
34;50
34;51
34;52
34;53
34;54
34;55
34;56
34;57
34;58
34;59
34;60
34;61
34;62
34;63
34;64
34;65
34;66
34;67
34;68
34;69
34;70
34;71
34;72
34;73
34;74
34;75
34;76
34;77
34;78
34;79
34;80
34;81
34;82
34;83
34;84
34;85
34;86
34;87
34;88
34;89
34;90
34;91
34;92
34;93
34;94
34;95
34;96
34;97
34;98
34;99
34;100
34;101
34;102
34;103
34;104
34;105
34;106
34;107
34;108
34;109
34;110
34;111
34;112
34;113
34;114
34;115
34;116
34;117
34;118
34;119
34;120
34;121
34;122
34;123
34;124
34;125
34;126
34;127
34;128
34;129
34;130
34;131
34;132
34;133
34;134
34;135
34;136
34;137
34;138
34;139
34;140
34;141
34;142
34;143
34;144
34;145
34;146
34;147
34;148
34;166
34;167
34;168
34;169
34;170
34;171
34;172
34;173
34;174
34;175
34;176
34;177
34;178
34;179
34;180
34;181
34;182
34;183
34;184
34;185
34;186
34;187
34;188
34;189
34;190
34;191
34;192
34;193
34;194
34;195
34;196
34;197
34;198
34;199
34;200
34;201
34;202
34;203
34;204
34;205
34;206
34;207
34;208
34;209
34;210
34;211
34;212
34;213
34;214
34;215
34;216
34;217
34;218
34;219
34;220
34;221
34;222
34;223
34;224
34;225
34;226
34;227
34;228
34;229
34;230
34;231
34;232
34;233
34;234
34;235
34;236
34;237
34;238
34;239
34;240
34;241
34;242
34;243
34;244
34;245
34;246
34;247
34;248
34;249
34;250
34;251
34;252
34;253
34;254
34;255
34;256
34;257
34;258
34;259
34;260
34;261
34;262
34;263
34;264
34;265
34;266
34;267
34;268
34;269
34;270
34;271
34;272
34;273
34;274
34;275
34;276
34;277
34;278
34;279
34;280
34;281
34;282
34;283
34;284
34;285
34;286
34;287
34;288
34;289
34;290
34;291
34;292
34;293
34;294
34;295
34;296
34;297
34;298
34;299
34;300
34;301
34;302
34;303
34;304
34;305
34;306
34;307
34;308
34;309
34;310
34;311
34;312
34;313
34;314
34;315
34;316
34;317
34;318
34;319
34;320
34;321
34;322
34;323
34;324
34;325
34;326
34;344
34;345
34;346
34;347
34;348
34;349
34;350
34;351
34;352
34;353
34;354
34;355
34;356
34;357
34;358
34;359
34;360
34;361
34;362
34;363
34;364
34;365
34;366
34;367
34;368
34;369
34;370
34;371
34;372
34;373
34;374
34;375
34;376
34;377
34;378
34;379
34;380
34;381
34;382
34;383
34;384
34;385
34;386
34;387
34;388
34;389
34;390
34;391
34;392
34;393
34;394
34;395
34;396
34;397
34;398
34;399
34;400
34;401
34;402
34;403
34;404
34;405
34;406
34;407
34;408
34;409
34;410
34;411
34;412
34;413
34;414
34;415
34;416
34;417
34;418
34;419
34;420
34;421
34;422
34;423
34;424
34;425
34;426
34;427
34;428
34;429
34;430
34;431
34;432
34;433
34;442
34;443
34;444
34;445
34;446
34;447
34;448
34;449
34;450
34;451
34;452
34;453
34;454
34;455
34;456
34;457
34;458
34;459
34;460
34;461
34;462
34;463
34;464
34;465
34;466
34;467
34;468
34;469
34;470
34;471
34;472
34;473
34;474
34;475
34;476
34;477
34;478
34;479
34;480
34;481
34;482
34;483
34;484
34;485
34;486
34;487
34;488
34;489
34;490
34;491
34;492
35;11
35;12
35;13
35;14
35;15
35;16
35;17
35;18
35;19
35;20
35;21
35;22
35;23
35;24
35;25
35;26
35;27
35;28
35;29
35;30
35;31
35;32
35;33
35;34
35;35
35;36
35;37
35;38
35;39
35;40
35;41
35;42
35;43
35;44
35;45
35;46
35;47
35;48
35;49
35;50
35;51
35;52
35;53
35;54
35;55
35;56
35;57
35;58
35;59
35;60
35;61
35;62
35;63
35;64
35;65
35;66
35;67
35;68
35;69
35;70
35;71
35;72
35;73
35;74
35;75
35;76
35;77
35;78
35;79
35;80
35;81
35;82
35;83
35;84
35;85
35;86
35;87
35;88
35;89
35;90
35;91
35;92
35;93
35;94
35;95
35;96
35;97
35;98
35;99
35;100
35;101
35;102
35;103
35;104
35;105
35;106
35;107
35;108
35;109
35;110
35;111
35;112
35;113
35;114
35;115
35;116
35;117
35;118
35;119
35;120
35;121
35;122
35;123
35;124
35;125
35;126
35;127
35;128
35;129
35;130
35;131
35;132
35;133
35;134
35;135
35;136
35;137
35;138
35;139
35;140
35;141
35;142
35;143
35;144
35;145
35;146
35;147
35;148
35;167
35;168
35;169
35;170
35;171
35;172
35;173
35;174
35;175
35;176
35;177
35;178
35;179
35;180
35;181
35;182
35;183
35;184
35;185
35;186
35;187
35;188
35;189
35;190
35;191
35;192
35;193
35;194
35;195
35;196
35;197
35;198
35;199
35;200
35;201
35;202
35;203
35;204
35;205
35;206
35;207
35;208
35;209
35;210
35;211
35;212
35;213
35;214
35;215
35;216
35;217
35;218
35;219
35;220
35;221
35;222
35;223
35;224
35;225
35;226
35;227
35;228
35;229
35;230
35;231
35;232
35;233
35;234
35;235
35;236
35;237
35;238
35;239
35;240
35;241
35;242
35;243
35;244
35;245
35;246
35;247
35;248
35;249
35;250
35;251
35;252
35;253
35;254
35;255
35;256
35;257
35;258
35;259
35;260
35;261
35;262
35;263
35;264
35;265
35;266
35;267
35;268
35;269
35;270
35;271
35;272
35;273
35;274
35;275
35;276
35;277
35;278
35;279
35;280
35;281
35;282
35;283
35;284
35;285
35;286
35;287
35;288
35;289
35;290
35;291
35;292
35;293
35;294
35;295
35;296
35;297
35;298
35;299
35;300
35;301
35;302
35;303
35;304
35;305
35;306
35;307
35;308
35;309
35;310
35;311
35;312
35;313
35;314
35;315
35;316
35;317
35;318
35;319
35;320
35;321
35;322
35;323
35;324
35;325
35;326
35;345
35;346
35;347
35;348
35;349
35;350
35;351
35;352
35;353
35;354
35;355
35;356
35;357
35;358
35;359
35;360
35;361
35;362
35;363
35;364
35;365
35;366
35;367
35;368
35;369
35;370
35;371
35;372
35;373
35;374
35;375
35;376
35;377
35;378
35;379
35;380
35;381
35;382
35;383
35;384
35;385
35;386
35;387
35;388
35;389
35;390
35;391
35;392
35;393
35;394
35;395
35;396
35;397
35;398
35;399
35;400
35;401
35;402
35;403
35;404
35;405
35;406
35;407
35;408
35;409
35;410
35;411
35;412
35;413
35;414
35;415
35;416
35;417
35;418
35;419
35;420
35;421
35;422
35;423
35;424
35;425
35;426
35;427
35;428
35;429
35;430
35;431
35;432
35;442
35;443
35;444
35;445
35;446
35;447
35;448
35;449
35;450
35;451
35;452
35;453
35;454
35;455
35;456
35;457
35;458
35;459
35;460
35;461
35;462
35;463
35;464
35;465
35;466
35;467
35;468
35;469
35;470
35;471
35;472
35;473
35;474
35;475
35;476
35;477
35;478
35;479
35;480
35;481
35;482
35;483
35;484
35;485
35;486
35;487
35;488
35;489
35;490
35;491
35;492
36;7
36;9
36;10
36;11
36;12
36;13
36;14
36;15
36;16
36;17
36;18
36;19
36;20
36;21
36;22
36;23
36;24
36;25
36;26
36;27
36;28
36;29
36;30
36;31
36;32
36;33
36;34
36;35
36;36
36;37
36;38
36;39
36;40
36;41
36;42
36;43
36;44
36;45
36;46
36;47
36;48
36;49
36;50
36;51
36;52
36;53
36;54
36;55
36;56
36;57
36;58
36;59
36;60
36;61
36;62
36;63
36;64
36;65
36;66
36;67
36;68
36;69
36;70
36;71
36;72
36;73
36;74
36;75
36;76
36;77
36;78
36;79
36;80
36;81
36;82
36;83
36;84
36;85
36;86
36;87
36;88
36;89
36;90
36;91
36;92
36;93
36;94
36;95
36;96
36;97
36;98
36;99
36;100
36;101
36;102
36;103
36;104
36;105
36;106
36;107
36;108
36;109
36;110
36;111
36;112
36;113
36;114
36;115
36;116
36;117
36;118
36;119
36;120
36;121
36;122
36;123
36;124
36;125
36;126
36;127
36;128
36;129
36;130
36;131
36;132
36;133
36;134
36;135
36;136
36;137
36;138
36;139
36;140
36;141
36;142
36;143
36;144
36;145
36;146
36;147
36;167
36;168
36;169
36;170
36;171
36;172
36;173
36;174
36;175
36;176
36;177
36;178
36;179
36;180
36;181
36;182
36;183
36;184
36;185
36;186
36;187
36;188
36;189
36;190
36;191
36;192
36;193
36;194
36;195
36;196
36;197
36;198
36;199
36;200
36;201
36;202
36;203
36;204
36;205
36;206
36;207
36;208
36;209
36;210
36;211
36;212
36;213
36;214
36;215
36;216
36;217
36;218
36;219
36;220
36;221
36;222
36;223
36;224
36;225
36;226
36;227
36;228
36;229
36;230
36;231
36;232
36;234
36;235
36;236
36;237
36;238
36;239
36;240
36;241
36;242
36;243
36;244
36;245
36;246
36;247
36;248
36;249
36;250
36;251
36;252
36;253
36;254
36;255
36;256
36;257
36;258
36;259
36;260
36;261
36;262
36;263
36;264
36;265
36;266
36;267
36;268
36;269
36;270
36;271
36;272
36;273
36;274
36;275
36;276
36;277
36;278
36;279
36;280
36;281
36;282
36;283
36;284
36;285
36;286
36;287
36;288
36;289
36;290
36;291
36;292
36;293
36;294
36;295
36;296
36;297
36;298
36;299
36;300
36;301
36;302
36;303
36;304
36;305
36;306
36;307
36;308
36;309
36;310
36;311
36;312
36;313
36;314
36;315
36;316
36;317
36;318
36;319
36;320
36;321
36;322
36;323
36;324
36;325
36;326
36;327
36;346
36;347
36;348
36;349
36;350
36;351
36;352
36;353
36;354
36;355
36;356
36;357
36;358
36;359
36;360
36;361
36;362
36;363
36;364
36;365
36;366
36;367
36;368
36;369
36;370
36;371
36;372
36;373
36;374
36;375
36;376
36;377
36;378
36;379
36;380
36;381
36;382
36;383
36;384
36;385
36;386
36;387
36;388
36;389
36;390
36;391
36;392
36;393
36;394
36;395
36;396
36;397
36;398
36;399
36;400
36;401
36;402
36;403
36;404
36;405
36;406
36;407
36;408
36;409
36;410
36;411
36;412
36;413
36;414
36;415
36;416
36;417
36;418
36;419
36;420
36;421
36;422
36;423
36;424
36;425
36;426
36;427
36;428
36;429
36;430
36;442
36;443
36;444
36;445
36;446
36;447
36;448
36;449
36;450
36;451
36;452
36;453
36;454
36;455
36;456
36;457
36;458
36;459
36;460
36;461
36;462
36;463
36;464
36;465
36;466
36;467
36;468
36;469
36;470
36;471
36;472
36;473
36;474
36;475
36;476
36;477
36;478
36;479
36;480
36;481
36;482
36;483
36;484
36;485
36;486
36;487
36;488
36;489
36;490
36;491
36;492
37;5
37;6
37;7
37;8
37;9
37;10
37;11
37;12
37;13
37;14
37;15
37;16
37;17
37;18
37;19
37;20
37;21
37;22
37;23
37;24
37;25
37;26
37;27
37;28
37;29
37;30
37;31
37;32
37;33
37;34
37;35
37;36
37;37
37;38
37;39
37;40
37;41
37;42
37;43
37;44
37;45
37;46
37;47
37;48
37;49
37;50
37;51
37;52
37;53
37;54
37;55
37;56
37;57
37;58
37;59
37;60
37;61
37;62
37;63
37;64
37;65
37;66
37;67
37;68
37;69
37;70
37;71
37;72
37;73
37;74
37;75
37;76
37;77
37;78
37;79
37;80
37;81
37;82
37;83
37;84
37;85
37;86
37;87
37;88
37;89
37;90
37;91
37;92
37;93
37;94
37;95
37;96
37;97
37;98
37;99
37;100
37;101
37;102
37;103
37;104
37;105
37;106
37;107
37;108
37;109
37;110
37;111
37;112
37;113
37;114
37;115
37;116
37;117
37;118
37;119
37;120
37;121
37;122
37;123
37;124
37;125
37;126
37;127
37;128
37;129
37;130
37;131
37;132
37;133
37;134
37;135
37;136
37;137
37;138
37;139
37;140
37;141
37;142
37;143
37;144
37;145
37;146
37;167
37;168
37;169
37;170
37;171
37;172
37;173
37;174
37;175
37;176
37;177
37;178
37;179
37;180
37;181
37;182
37;183
37;184
37;185
37;186
37;187
37;188
37;189
37;190
37;191
37;192
37;193
37;194
37;195
37;196
37;197
37;198
37;199
37;200
37;201
37;202
37;203
37;204
37;205
37;206
37;207
37;208
37;209
37;210
37;211
37;212
37;213
37;214
37;215
37;216
37;217
37;218
37;219
37;220
37;221
37;222
37;223
37;224
37;226
37;234
37;235
37;236
37;237
37;238
37;239
37;240
37;241
37;242
37;243
37;244
37;245
37;246
37;247
37;248
37;249
37;250
37;251
37;252
37;253
37;254
37;255
37;256
37;257
37;258
37;259
37;260
37;261
37;262
37;263
37;264
37;265
37;266
37;267
37;268
37;269
37;270
37;271
37;272
37;273
37;274
37;275
37;276
37;277
37;278
37;279
37;280
37;281
37;282
37;283
37;284
37;285
37;286
37;287
37;288
37;289
37;290
37;291
37;292
37;293
37;294
37;295
37;296
37;297
37;298
37;299
37;300
37;301
37;302
37;303
37;304
37;305
37;306
37;307
37;308
37;309
37;310
37;311
37;312
37;313
37;314
37;315
37;316
37;317
37;318
37;319
37;320
37;321
37;322
37;323
37;324
37;325
37;326
37;327
37;346
37;347
37;348
37;349
37;350
37;351
37;352
37;353
37;354
37;355
37;356
37;357
37;358
37;359
37;360
37;361
37;362
37;363
37;364
37;365
37;366
37;367
37;368
37;369
37;370
37;371
37;372
37;373
37;374
37;375
37;376
37;377
37;378
37;379
37;380
37;381
37;382
37;383
37;384
37;385
37;386
37;387
37;388
37;389
37;390
37;391
37;392
37;393
37;394
37;395
37;396
37;397
37;398
37;399
37;400
37;401
37;402
37;403
37;404
37;405
37;406
37;407
37;408
37;409
37;410
37;411
37;412
37;413
37;414
37;415
37;416
37;417
37;418
37;419
37;420
37;421
37;422
37;423
37;424
37;425
37;426
37;427
37;428
37;442
37;443
37;444
37;445
37;446
37;447
37;448
37;449
37;450
37;451
37;452
37;453
37;454
37;455
37;456
37;457
37;458
37;459
37;460
37;461
37;462
37;463
37;464
37;465
37;466
37;467
37;468
37;469
37;470
37;471
37;472
37;473
37;474
37;475
37;476
37;477
37;478
37;479
37;480
37;481
37;482
37;483
37;484
37;485
37;486
37;487
37;488
37;489
37;490
37;491
37;492
38;1
38;2
38;3
38;4
38;5
38;6
38;7
38;8
38;9
38;10
38;11
38;12
38;13
38;14
38;15
38;16
38;17
38;18
38;19
38;20
38;21
38;22
38;23
38;24
38;25
38;26
38;27
38;28
38;29
38;30
38;31
38;32
38;33
38;34
38;35
38;36
38;37
38;38
38;39
38;40
38;41
38;42
38;43
38;44
38;45
38;46
38;47
38;48
38;49
38;50
38;51
38;52
38;53
38;54
38;55
38;56
38;57
38;58
38;59
38;60
38;61
38;62
38;63
38;64
38;65
38;66
38;67
38;68
38;69
38;70
38;71
38;72
38;73
38;74
38;75
38;76
38;77
38;78
38;79
38;80
38;81
38;82
38;83
38;84
38;85
38;86
38;87
38;88
38;89
38;90
38;91
38;92
38;93
38;94
38;95
38;96
38;97
38;98
38;99
38;100
38;101
38;102
38;103
38;104
38;105
38;106
38;107
38;108
38;109
38;110
38;111
38;112
38;113
38;114
38;115
38;116
38;117
38;118
38;119
38;120
38;121
38;122
38;123
38;124
38;125
38;126
38;127
38;128
38;129
38;130
38;131
38;132
38;133
38;134
38;135
38;136
38;137
38;138
38;139
38;140
38;141
38;142
38;143
38;144
38;145
38;146
38;167
38;168
38;169
38;170
38;171
38;172
38;173
38;174
38;175
38;176
38;177
38;178
38;179
38;180
38;181
38;182
38;183
38;184
38;185
38;186
38;187
38;188
38;189
38;190
38;191
38;192
38;193
38;194
38;195
38;196
38;197
38;198
38;199
38;200
38;201
38;202
38;203
38;204
38;205
38;206
38;207
38;208
38;209
38;210
38;211
38;212
38;213
38;214
38;215
38;216
38;218
38;220
38;234
38;235
38;236
38;237
38;238
38;239
38;240
38;241
38;242
38;243
38;244
38;245
38;246
38;247
38;248
38;249
38;250
38;251
38;252
38;253
38;254
38;255
38;256
38;257
38;258
38;259
38;260
38;261
38;262
38;263
38;264
38;265
38;266
38;267
38;268
38;269
38;270
38;271
38;272
38;273
38;274
38;275
38;276
38;277
38;278
38;279
38;280
38;281
38;282
38;283
38;284
38;285
38;286
38;287
38;288
38;289
38;290
38;291
38;292
38;293
38;294
38;295
38;296
38;297
38;298
38;299
38;300
38;301
38;302
38;303
38;304
38;305
38;306
38;307
38;308
38;309
38;310
38;311
38;312
38;313
38;314
38;315
38;316
38;317
38;318
38;319
38;320
38;321
38;322
38;323
38;324
38;325
38;326
38;327
38;346
38;347
38;348
38;349
38;350
38;351
38;352
38;353
38;354
38;355
38;356
38;357
38;358
38;359
38;360
38;361
38;362
38;363
38;364
38;365
38;366
38;367
38;368
38;369
38;370
38;371
38;372
38;373
38;374
38;375
38;376
38;377
38;378
38;379
38;380
38;381
38;382
38;383
38;384
38;385
38;386
38;387
38;388
38;389
38;390
38;391
38;392
38;393
38;394
38;395
38;396
38;397
38;398
38;399
38;400
38;401
38;402
38;403
38;404
38;405
38;406
38;407
38;408
38;409
38;410
38;411
38;412
38;413
38;414
38;415
38;416
38;417
38;418
38;419
38;420
38;421
38;422
38;423
38;424
38;425
38;426
38;443
38;444
38;445
38;446
38;447
38;448
38;449
38;450
38;451
38;452
38;453
38;454
38;455
38;456
38;457
38;458
38;459
38;460
38;461
38;462
38;463
38;464
38;465
38;466
38;467
38;468
38;469
38;470
38;471
38;472
38;473
38;474
38;475
38;476
38;477
38;478
38;479
38;480
38;481
38;482
38;483
38;484
38;485
38;486
38;487
38;488
38;489
38;490
38;491
38;492
39;0
39;1
39;2
39;3
39;4
39;5
39;6
39;7
39;8
39;9
39;10
39;11
39;12
39;13
39;14
39;15
39;16
39;17
39;18
39;19
39;20
39;21
39;22
39;23
39;24
39;25
39;26
39;27
39;28
39;29
39;30
39;31
39;32
39;33
39;34
39;35
39;36
39;37
39;38
39;39
39;40
39;41
39;42
39;43
39;44
39;45
39;46
39;47
39;48
39;49
39;50
39;51
39;52
39;53
39;54
39;55
39;56
39;57
39;58
39;59
39;60
39;61
39;62
39;63
39;64
39;65
39;66
39;67
39;68
39;69
39;70
39;71
39;72
39;73
39;74
39;75
39;76
39;77
39;78
39;79
39;80
39;81
39;82
39;83
39;84
39;85
39;86
39;87
39;88
39;89
39;90
39;91
39;92
39;93
39;94
39;95
39;96
39;97
39;98
39;99
39;100
39;101
39;102
39;103
39;104
39;105
39;106
39;107
39;108
39;109
39;110
39;111
39;112
39;113
39;114
39;115
39;116
39;117
39;118
39;119
39;120
39;121
39;122
39;123
39;124
39;125
39;126
39;127
39;128
39;129
39;130
39;131
39;132
39;133
39;134
39;135
39;136
39;137
39;138
39;139
39;140
39;141
39;142
39;143
39;144
39;145
39;146
39;167
39;168
39;169
39;170
39;171
39;172
39;173
39;174
39;175
39;176
39;177
39;178
39;179
39;180
39;181
39;182
39;183
39;184
39;185
39;186
39;187
39;188
39;189
39;190
39;191
39;192
39;193
39;194
39;195
39;196
39;197
39;198
39;199
39;200
39;201
39;202
39;203
39;204
39;205
39;206
39;207
39;208
39;210
39;212
39;233
39;234
39;235
39;236
39;237
39;238
39;239
39;240
39;241
39;242
39;243
39;244
39;245
39;246
39;247
39;248
39;249
39;250
39;251
39;252
39;253
39;254
39;255
39;256
39;257
39;258
39;259
39;260
39;261
39;262
39;263
39;264
39;265
39;266
39;267
39;268
39;269
39;270
39;271
39;272
39;273
39;274
39;275
39;276
39;277
39;278
39;279
39;280
39;281
39;282
39;283
39;284
39;285
39;286
39;287
39;288
39;289
39;290
39;291
39;292
39;293
39;294
39;295
39;296
39;297
39;298
39;299
39;300
39;301
39;302
39;303
39;304
39;305
39;306
39;307
39;308
39;309
39;310
39;311
39;312
39;313
39;314
39;315
39;316
39;317
39;318
39;319
39;320
39;321
39;322
39;323
39;324
39;325
39;326
39;327
39;328
39;347
39;348
39;349
39;350
39;351
39;352
39;353
39;354
39;355
39;356
39;357
39;358
39;359
39;360
39;361
39;362
39;363
39;364
39;365
39;366
39;367
39;368
39;369
39;370
39;371
39;372
39;373
39;374
39;375
39;376
39;377
39;378
39;379
39;380
39;381
39;382
39;383
39;384
39;385
39;386
39;387
39;388
39;389
39;390
39;391
39;392
39;393
39;394
39;395
39;396
39;397
39;398
39;399
39;400
39;401
39;402
39;403
39;404
39;405
39;406
39;407
39;408
39;409
39;410
39;411
39;412
39;413
39;414
39;415
39;416
39;417
39;418
39;419
39;420
39;421
39;422
39;423
39;424
39;443
39;444
39;445
39;446
39;447
39;448
39;449
39;450
39;451
39;452
39;453
39;454
39;455
39;456
39;457
39;458
39;459
39;460
39;461
39;462
39;463
39;464
39;465
39;466
39;467
39;468
39;469
39;470
39;471
39;472
39;473
39;474
39;475
39;476
39;477
39;478
39;479
39;480
39;481
39;482
39;483
39;484
39;485
39;486
39;487
39;488
39;489
39;490
39;491
39;492
40;0
40;1
40;2
40;3
40;4
40;5
40;6
40;7
40;8
40;9
40;10
40;11
40;12
40;13
40;14
40;15
40;16
40;17
40;18
40;19
40;20
40;21
40;22
40;23
40;24
40;25
40;26
40;27
40;28
40;29
40;30
40;31
40;32
40;33
40;34
40;35
40;36
40;37
40;38
40;39
40;40
40;41
40;42
40;43
40;44
40;45
40;46
40;47
40;48
40;49
40;50
40;51
40;52
40;53
40;54
40;55
40;56
40;57
40;58
40;59
40;60
40;61
40;62
40;63
40;64
40;65
40;66
40;67
40;68
40;69
40;70
40;71
40;72
40;73
40;74
40;75
40;76
40;77
40;78
40;79
40;80
40;81
40;82
40;83
40;84
40;85
40;86
40;87
40;88
40;89
40;90
40;91
40;92
40;93
40;94
40;95
40;96
40;97
40;98
40;99
40;100
40;101
40;102
40;103
40;104
40;105
40;106
40;107
40;108
40;109
40;110
40;111
40;112
40;113
40;114
40;115
40;116
40;117
40;118
40;119
40;120
40;121
40;122
40;123
40;124
40;125
40;126
40;127
40;128
40;129
40;130
40;131
40;132
40;133
40;134
40;135
40;136
40;137
40;138
40;139
40;140
40;141
40;142
40;143
40;144
40;145
40;168
40;169
40;170
40;171
40;172
40;173
40;174
40;175
40;176
40;177
40;178
40;179
40;180
40;181
40;182
40;183
40;184
40;185
40;186
40;187
40;188
40;189
40;190
40;191
40;192
40;193
40;194
40;195
40;196
40;197
40;198
40;199
40;200
40;201
40;202
40;204
40;233
40;234
40;235
40;236
40;237
40;238
40;239
40;240
40;241
40;242
40;243
40;244
40;245
40;246
40;247
40;248
40;249
40;250
40;251
40;252
40;253
40;254
40;255
40;256
40;257
40;258
40;259
40;260
40;261
40;262
40;263
40;264
40;265
40;266
40;267
40;268
40;269
40;270
40;271
40;272
40;273
40;274
40;275
40;276
40;277
40;278
40;279
40;280
40;281
40;282
40;283
40;284
40;285
40;286
40;287
40;288
40;289
40;290
40;291
40;292
40;293
40;294
40;295
40;296
40;297
40;298
40;299
40;300
40;301
40;302
40;303
40;304
40;305
40;306
40;307
40;308
40;309
40;310
40;311
40;312
40;313
40;314
40;315
40;316
40;317
40;318
40;319
40;320
40;321
40;322
40;323
40;324
40;325
40;326
40;327
40;328
40;347
40;348
40;349
40;350
40;351
40;352
40;353
40;354
40;355
40;356
40;357
40;358
40;359
40;360
40;361
40;362
40;363
40;364
40;365
40;366
40;367
40;368
40;369
40;370
40;371
40;372
40;373
40;374
40;375
40;376
40;377
40;378
40;379
40;380
40;381
40;382
40;383
40;384
40;385
40;386
40;387
40;388
40;389
40;390
40;391
40;392
40;393
40;394
40;395
40;396
40;397
40;398
40;399
40;400
40;401
40;402
40;403
40;404
40;405
40;406
40;407
40;408
40;409
40;410
40;411
40;412
40;413
40;414
40;415
40;416
40;417
40;418
40;419
40;420
40;421
40;422
40;443
40;444
40;445
40;446
40;447
40;448
40;449
40;450
40;451
40;452
40;453
40;454
40;455
40;456
40;457
40;458
40;459
40;460
40;461
40;462
40;463
40;464
40;465
40;466
40;467
40;468
40;469
40;470
40;471
40;472
40;473
40;474
40;475
40;476
40;477
40;478
40;479
40;480
40;481
40;482
40;483
40;484
40;485
40;486
40;487
40;488
40;489
40;490
40;491
40;492
41;0
41;1
41;2
41;3
41;4
41;5
41;6
41;7
41;8
41;9
41;10
41;11
41;12
41;13
41;14
41;15
41;16
41;17
41;18
41;19
41;20
41;21
41;22
41;23
41;24
41;25
41;26
41;27
41;28
41;29
41;30
41;31
41;32
41;33
41;34
41;35
41;36
41;37
41;38
41;39
41;40
41;41
41;42
41;43
41;44
41;45
41;46
41;47
41;48
41;49
41;50
41;51
41;52
41;53
41;54
41;55
41;56
41;57
41;58
41;59
41;60
41;61
41;62
41;63
41;64
41;65
41;66
41;67
41;68
41;69
41;70
41;71
41;72
41;73
41;74
41;75
41;76
41;77
41;78
41;79
41;80
41;81
41;82
41;83
41;84
41;85
41;86
41;87
41;88
41;89
41;90
41;91
41;92
41;93
41;94
41;95
41;96
41;97
41;98
41;99
41;100
41;101
41;102
41;103
41;104
41;105
41;106
41;107
41;108
41;109
41;110
41;111
41;112
41;113
41;114
41;115
41;116
41;117
41;118
41;119
41;120
41;121
41;122
41;123
41;124
41;125
41;126
41;127
41;128
41;129
41;130
41;131
41;132
41;133
41;134
41;135
41;136
41;137
41;138
41;139
41;140
41;141
41;142
41;143
41;144
41;145
41;168
41;169
41;170
41;171
41;172
41;173
41;174
41;175
41;176
41;177
41;178
41;179
41;180
41;181
41;182
41;183
41;184
41;185
41;186
41;187
41;188
41;189
41;190
41;191
41;192
41;193
41;194
41;196
41;233
41;234
41;235
41;236
41;237
41;238
41;239
41;240
41;241
41;242
41;243
41;244
41;245
41;246
41;247
41;248
41;249
41;250
41;251
41;252
41;253
41;254
41;255
41;256
41;257
41;258
41;259
41;260
41;261
41;262
41;263
41;264
41;265
41;266
41;267
41;268
41;269
41;270
41;271
41;272
41;273
41;274
41;275
41;276
41;277
41;278
41;279
41;280
41;281
41;282
41;283
41;284
41;285
41;286
41;287
41;288
41;289
41;290
41;291
41;292
41;293
41;294
41;295
41;296
41;297
41;298
41;299
41;300
41;301
41;302
41;303
41;304
41;305
41;306
41;307
41;308
41;309
41;310
41;311
41;312
41;313
41;314
41;315
41;316
41;317
41;318
41;319
41;320
41;321
41;322
41;323
41;324
41;325
41;326
41;327
41;328
41;329
41;348
41;349
41;350
41;351
41;352
41;353
41;354
41;355
41;356
41;357
41;358
41;359
41;360
41;361
41;362
41;363
41;364
41;365
41;366
41;367
41;368
41;369
41;370
41;371
41;372
41;373
41;374
41;375
41;376
41;377
41;378
41;379
41;380
41;381
41;382
41;383
41;384
41;385
41;386
41;387
41;388
41;389
41;390
41;391
41;392
41;393
41;394
41;395
41;396
41;397
41;398
41;399
41;400
41;401
41;402
41;403
41;404
41;405
41;406
41;407
41;408
41;409
41;410
41;411
41;412
41;413
41;414
41;415
41;416
41;417
41;418
41;420
41;443
41;444
41;445
41;446
41;447
41;448
41;449
41;450
41;451
41;452
41;453
41;454
41;455
41;456
41;457
41;458
41;459
41;460
41;461
41;462
41;463
41;464
41;465
41;466
41;467
41;468
41;469
41;470
41;471
41;472
41;473
41;474
41;475
41;476
41;477
41;478
41;479
41;480
41;481
41;482
41;483
41;484
41;485
41;486
41;487
41;488
41;489
41;490
41;491
41;492
41;493
42;0
42;1
42;2
42;3
42;4
42;5
42;6
42;7
42;8
42;9
42;10
42;11
42;12
42;13
42;14
42;15
42;16
42;17
42;18
42;19
42;20
42;21
42;22
42;23
42;24
42;25
42;26
42;27
42;28
42;29
42;30
42;31
42;32
42;33
42;34
42;35
42;36
42;37
42;38
42;39
42;40
42;41
42;42
42;43
42;44
42;45
42;46
42;47
42;48
42;49
42;50
42;51
42;52
42;53
42;54
42;55
42;56
42;57
42;58
42;59
42;60
42;61
42;62
42;63
42;64
42;65
42;66
42;67
42;68
42;69
42;70
42;71
42;72
42;73
42;74
42;75
42;76
42;77
42;78
42;79
42;80
42;81
42;82
42;83
42;84
42;85
42;86
42;87
42;88
42;89
42;90
42;91
42;92
42;93
42;94
42;95
42;96
42;97
42;98
42;99
42;100
42;101
42;102
42;103
42;104
42;105
42;106
42;107
42;108
42;109
42;110
42;111
42;112
42;113
42;114
42;115
42;116
42;117
42;118
42;119
42;120
42;121
42;122
42;123
42;124
42;125
42;126
42;127
42;128
42;129
42;130
42;131
42;132
42;133
42;134
42;135
42;136
42;137
42;138
42;139
42;140
42;141
42;142
42;143
42;144
42;168
42;169
42;170
42;171
42;172
42;173
42;174
42;175
42;176
42;177
42;178
42;179
42;180
42;181
42;182
42;183
42;184
42;185
42;186
42;188
42;232
42;233
42;234
42;235
42;236
42;237
42;238
42;239
42;240
42;241
42;242
42;243
42;244
42;245
42;246
42;247
42;248
42;249
42;250
42;251
42;252
42;253
42;254
42;255
42;256
42;257
42;258
42;259
42;260
42;261
42;262
42;263
42;264
42;265
42;266
42;267
42;268
42;269
42;270
42;271
42;272
42;273
42;274
42;275
42;276
42;277
42;278
42;279
42;280
42;281
42;282
42;283
42;284
42;285
42;286
42;287
42;288
42;289
42;290
42;291
42;292
42;293
42;294
42;295
42;296
42;297
42;298
42;299
42;300
42;301
42;302
42;303
42;304
42;305
42;306
42;307
42;308
42;309
42;310
42;311
42;312
42;313
42;314
42;315
42;316
42;317
42;318
42;319
42;320
42;321
42;322
42;323
42;324
42;325
42;326
42;327
42;328
42;329
42;348
42;349
42;350
42;351
42;352
42;353
42;354
42;355
42;356
42;357
42;358
42;359
42;360
42;361
42;362
42;363
42;364
42;365
42;366
42;367
42;368
42;369
42;370
42;371
42;372
42;373
42;374
42;375
42;376
42;377
42;378
42;379
42;380
42;381
42;382
42;383
42;384
42;385
42;386
42;387
42;388
42;389
42;390
42;391
42;392
42;393
42;394
42;395
42;396
42;397
42;398
42;400
42;402
42;403
42;404
42;405
42;406
42;407
42;408
42;409
42;410
42;411
42;412
42;413
42;414
42;416
42;443
42;444
42;445
42;446
42;447
42;448
42;449
42;450
42;451
42;452
42;453
42;454
42;455
42;456
42;457
42;458
42;459
42;460
42;461
42;462
42;463
42;464
42;465
42;466
42;467
42;468
42;469
42;470
42;471
42;472
42;473
42;474
42;475
42;476
42;477
42;478
42;479
42;480
42;481
42;482
42;483
42;484
42;485
42;486
42;487
42;488
42;489
42;490
42;491
42;492
42;493
43;0
43;1
43;2
43;3
43;4
43;5
43;6
43;7
43;8
43;9
43;10
43;11
43;12
43;13
43;14
43;15
43;16
43;17
43;18
43;19
43;20
43;21
43;22
43;23
43;24
43;25
43;26
43;27
43;28
43;29
43;30
43;31
43;32
43;33
43;34
43;35
43;36
43;37
43;38
43;39
43;40
43;41
43;42
43;43
43;44
43;45
43;46
43;47
43;48
43;49
43;50
43;51
43;52
43;53
43;54
43;55
43;56
43;57
43;58
43;59
43;60
43;61
43;62
43;63
43;64
43;65
43;66
43;67
43;68
43;69
43;70
43;71
43;72
43;73
43;74
43;75
43;76
43;77
43;78
43;79
43;80
43;81
43;82
43;83
43;84
43;85
43;86
43;87
43;88
43;89
43;90
43;91
43;92
43;93
43;94
43;95
43;96
43;97
43;98
43;99
43;100
43;101
43;102
43;103
43;104
43;105
43;106
43;107
43;108
43;109
43;110
43;111
43;112
43;113
43;114
43;115
43;116
43;117
43;118
43;119
43;120
43;121
43;122
43;123
43;124
43;125
43;126
43;127
43;128
43;129
43;130
43;131
43;132
43;133
43;134
43;135
43;136
43;137
43;138
43;139
43;140
43;141
43;142
43;143
43;144
43;168
43;169
43;170
43;171
43;172
43;173
43;174
43;175
43;176
43;177
43;178
43;180
43;182
43;232
43;233
43;234
43;235
43;236
43;237
43;238
43;239
43;240
43;241
43;242
43;243
43;244
43;245
43;246
43;247
43;248
43;249
43;250
43;251
43;252
43;253
43;254
43;255
43;256
43;257
43;258
43;259
43;260
43;261
43;262
43;263
43;264
43;265
43;266
43;267
43;268
43;269
43;270
43;271
43;272
43;273
43;274
43;275
43;276
43;277
43;278
43;279
43;280
43;281
43;282
43;283
43;284
43;285
43;286
43;287
43;288
43;289
43;290
43;291
43;292
43;293
43;294
43;295
43;296
43;297
43;298
43;299
43;300
43;301
43;302
43;303
43;304
43;305
43;306
43;307
43;308
43;309
43;310
43;311
43;312
43;313
43;314
43;315
43;316
43;317
43;318
43;319
43;320
43;321
43;322
43;323
43;324
43;325
43;326
43;327
43;328
43;329
43;349
43;350
43;351
43;352
43;353
43;354
43;355
43;356
43;357
43;358
43;359
43;360
43;361
43;362
43;363
43;364
43;365
43;366
43;367
43;368
43;369
43;370
43;371
43;372
43;373
43;374
43;375
43;376
43;377
43;378
43;379
43;380
43;381
43;382
43;383
43;384
43;385
43;386
43;387
43;388
43;389
43;390
43;391
43;392
43;393
43;394
43;395
43;396
43;397
43;443
43;444
43;445
43;446
43;447
43;448
43;449
43;450
43;451
43;452
43;453
43;454
43;455
43;456
43;457
43;458
43;459
43;460
43;461
43;462
43;463
43;464
43;465
43;466
43;467
43;468
43;469
43;470
43;471
43;472
43;473
43;474
43;475
43;476
43;477
43;478
43;479
43;480
43;481
43;482
43;483
43;484
43;485
43;486
43;487
43;488
43;489
43;490
43;491
43;492
43;493
44;0
44;1
44;2
44;3
44;4
44;5
44;6
44;7
44;8
44;9
44;10
44;11
44;12
44;13
44;14
44;15
44;16
44;17
44;18
44;19
44;20
44;21
44;22
44;23
44;24
44;25
44;26
44;27
44;28
44;29
44;30
44;31
44;32
44;33
44;34
44;35
44;36
44;37
44;38
44;39
44;40
44;41
44;42
44;43
44;44
44;45
44;46
44;47
44;48
44;49
44;50
44;51
44;52
44;53
44;54
44;55
44;56
44;57
44;58
44;59
44;60
44;61
44;62
44;63
44;64
44;65
44;66
44;67
44;68
44;69
44;70
44;71
44;72
44;73
44;74
44;75
44;76
44;77
44;78
44;79
44;80
44;81
44;82
44;83
44;84
44;85
44;86
44;87
44;88
44;89
44;90
44;91
44;92
44;93
44;94
44;95
44;96
44;97
44;98
44;99
44;100
44;101
44;102
44;103
44;104
44;105
44;106
44;107
44;108
44;109
44;110
44;111
44;112
44;113
44;114
44;115
44;116
44;117
44;118
44;119
44;120
44;121
44;122
44;123
44;124
44;125
44;126
44;127
44;128
44;129
44;130
44;131
44;132
44;133
44;134
44;135
44;136
44;137
44;138
44;139
44;140
44;141
44;142
44;143
44;168
44;169
44;170
44;172
44;174
44;232
44;233
44;234
44;235
44;236
44;237
44;238
44;239
44;240
44;241
44;242
44;243
44;244
44;245
44;246
44;247
44;248
44;249
44;250
44;251
44;252
44;253
44;254
44;255
44;256
44;257
44;258
44;259
44;260
44;261
44;262
44;263
44;264
44;265
44;266
44;267
44;268
44;269
44;270
44;271
44;272
44;273
44;274
44;275
44;276
44;277
44;278
44;279
44;280
44;281
44;282
44;283
44;284
44;285
44;286
44;287
44;288
44;289
44;290
44;291
44;292
44;293
44;294
44;295
44;296
44;297
44;298
44;299
44;300
44;301
44;302
44;303
44;304
44;305
44;306
44;307
44;308
44;309
44;310
44;311
44;312
44;313
44;314
44;315
44;316
44;317
44;318
44;319
44;320
44;321
44;322
44;323
44;324
44;325
44;326
44;327
44;328
44;329
44;330
44;349
44;350
44;351
44;352
44;353
44;354
44;355
44;356
44;357
44;358
44;359
44;360
44;361
44;362
44;363
44;364
44;365
44;366
44;367
44;368
44;369
44;370
44;371
44;372
44;373
44;374
44;375
44;376
44;377
44;378
44;379
44;380
44;381
44;382
44;383
44;384
44;385
44;386
44;387
44;388
44;389
44;390
44;391
44;392
44;393
44;394
44;395
44;396
44;444
44;445
44;446
44;447
44;448
44;449
44;450
44;451
44;452
44;453
44;454
44;455
44;456
44;457
44;458
44;459
44;460
44;461
44;462
44;463
44;464
44;465
44;466
44;467
44;468
44;469
44;470
44;471
44;472
44;473
44;474
44;475
44;476
44;477
44;478
44;479
44;480
44;481
44;482
44;483
44;484
44;485
44;486
44;487
44;488
44;489
44;490
44;491
44;492
44;493
45;0
45;1
45;2
45;3
45;4
45;5
45;6
45;7
45;8
45;9
45;10
45;11
45;12
45;13
45;14
45;15
45;16
45;17
45;18
45;19
45;20
45;21
45;22
45;23
45;24
45;25
45;26
45;27
45;28
45;29
45;30
45;31
45;32
45;33
45;34
45;35
45;36
45;37
45;38
45;39
45;40
45;41
45;42
45;43
45;44
45;45
45;46
45;47
45;48
45;49
45;50
45;51
45;52
45;53
45;54
45;55
45;56
45;57
45;58
45;59
45;60
45;61
45;62
45;63
45;64
45;65
45;66
45;67
45;68
45;69
45;70
45;71
45;72
45;73
45;74
45;75
45;76
45;77
45;78
45;79
45;80
45;81
45;82
45;83
45;84
45;85
45;86
45;87
45;88
45;89
45;90
45;91
45;92
45;93
45;94
45;95
45;96
45;97
45;98
45;99
45;100
45;101
45;102
45;103
45;104
45;105
45;106
45;107
45;108
45;109
45;110
45;111
45;112
45;113
45;114
45;115
45;116
45;117
45;118
45;119
45;120
45;121
45;122
45;123
45;124
45;125
45;126
45;127
45;128
45;129
45;130
45;131
45;132
45;133
45;134
45;135
45;136
45;137
45;138
45;139
45;140
45;141
45;142
45;143
45;231
45;232
45;233
45;234
45;235
45;236
45;237
45;238
45;239
45;240
45;241
45;242
45;243
45;244
45;245
45;246
45;247
45;248
45;249
45;250
45;251
45;252
45;253
45;254
45;255
45;256
45;257
45;258
45;259
45;260
45;261
45;262
45;263
45;264
45;265
45;266
45;267
45;268
45;269
45;270
45;271
45;272
45;273
45;274
45;275
45;276
45;277
45;278
45;279
45;280
45;281
45;282
45;283
45;284
45;285
45;286
45;287
45;288
45;289
45;290
45;291
45;292
45;293
45;294
45;295
45;296
45;297
45;298
45;299
45;300
45;301
45;302
45;303
45;304
45;305
45;306
45;307
45;308
45;309
45;310
45;311
45;312
45;313
45;314
45;315
45;316
45;317
45;318
45;319
45;320
45;321
45;322
45;323
45;324
45;325
45;326
45;327
45;328
45;329
45;330
45;350
45;351
45;352
45;353
45;354
45;355
45;356
45;357
45;358
45;359
45;360
45;361
45;362
45;363
45;364
45;365
45;366
45;367
45;368
45;369
45;370
45;371
45;372
45;373
45;374
45;375
45;376
45;377
45;378
45;379
45;380
45;381
45;382
45;383
45;384
45;385
45;386
45;387
45;388
45;389
45;390
45;391
45;392
45;393
45;394
45;395
45;396
45;444
45;445
45;446
45;447
45;448
45;449
45;450
45;451
45;452
45;453
45;454
45;455
45;456
45;457
45;458
45;459
45;460
45;461
45;462
45;463
45;464
45;465
45;466
45;467
45;468
45;469
45;470
45;471
45;472
45;473
45;474
45;475
45;476
45;477
45;478
45;479
45;480
45;481
45;482
45;483
45;484
45;485
45;486
45;487
45;488
45;489
45;490
45;491
45;492
45;493
46;0
46;1
46;2
46;3
46;4
46;5
46;6
46;7
46;8
46;9
46;10
46;11
46;12
46;13
46;14
46;15
46;16
46;17
46;18
46;19
46;20
46;21
46;22
46;23
46;24
46;25
46;26
46;27
46;28
46;29
46;30
46;31
46;32
46;33
46;34
46;35
46;36
46;37
46;38
46;39
46;40
46;41
46;42
46;43
46;44
46;45
46;46
46;47
46;48
46;49
46;50
46;51
46;52
46;53
46;54
46;55
46;56
46;57
46;58
46;59
46;60
46;61
46;62
46;63
46;64
46;65
46;66
46;67
46;68
46;69
46;70
46;71
46;72
46;73
46;74
46;75
46;76
46;77
46;78
46;79
46;80
46;81
46;82
46;83
46;84
46;85
46;86
46;87
46;88
46;89
46;90
46;91
46;92
46;93
46;94
46;95
46;96
46;97
46;98
46;99
46;100
46;101
46;102
46;103
46;104
46;105
46;106
46;107
46;108
46;109
46;110
46;111
46;112
46;113
46;114
46;115
46;116
46;117
46;118
46;119
46;120
46;121
46;122
46;123
46;124
46;125
46;126
46;127
46;128
46;129
46;130
46;131
46;132
46;133
46;134
46;135
46;136
46;137
46;138
46;139
46;140
46;141
46;142
46;231
46;232
46;233
46;234
46;235
46;236
46;237
46;238
46;239
46;240
46;241
46;242
46;243
46;244
46;245
46;246
46;247
46;248
46;249
46;250
46;251
46;252
46;253
46;254
46;255
46;256
46;257
46;258
46;259
46;260
46;261
46;262
46;263
46;264
46;265
46;266
46;267
46;268
46;269
46;270
46;271
46;272
46;273
46;274
46;275
46;276
46;277
46;278
46;279
46;280
46;281
46;282
46;283
46;284
46;285
46;286
46;287
46;288
46;289
46;290
46;291
46;292
46;293
46;294
46;295
46;296
46;297
46;298
46;299
46;300
46;301
46;302
46;303
46;304
46;305
46;306
46;307
46;308
46;309
46;310
46;311
46;312
46;313
46;314
46;315
46;316
46;317
46;318
46;319
46;320
46;321
46;322
46;323
46;324
46;325
46;326
46;327
46;328
46;329
46;330
46;350
46;351
46;352
46;353
46;354
46;355
46;356
46;357
46;358
46;359
46;360
46;361
46;362
46;363
46;364
46;365
46;366
46;367
46;368
46;369
46;370
46;371
46;372
46;373
46;374
46;375
46;376
46;377
46;378
46;379
46;380
46;381
46;382
46;383
46;384
46;385
46;386
46;387
46;388
46;389
46;390
46;391
46;392
46;393
46;394
46;444
46;445
46;446
46;447
46;448
46;449
46;450
46;451
46;452
46;453
46;454
46;455
46;456
46;457
46;458
46;459
46;460
46;461
46;462
46;463
46;464
46;465
46;466
46;467
46;468
46;469
46;470
46;471
46;472
46;473
46;474
46;475
46;476
46;477
46;478
46;479
46;480
46;481
46;482
46;483
46;484
46;485
46;486
46;487
46;488
46;489
46;490
46;491
46;492
46;493
47;0
47;1
47;2
47;3
47;4
47;5
47;6
47;7
47;8
47;9
47;10
47;11
47;12
47;13
47;14
47;15
47;16
47;17
47;18
47;19
47;20
47;21
47;22
47;23
47;24
47;25
47;26
47;27
47;28
47;29
47;30
47;31
47;32
47;33
47;34
47;35
47;36
47;37
47;38
47;39
47;40
47;41
47;42
47;43
47;44
47;45
47;46
47;47
47;48
47;49
47;50
47;51
47;52
47;53
47;54
47;55
47;56
47;57
47;58
47;59
47;60
47;61
47;62
47;63
47;64
47;65
47;66
47;67
47;68
47;69
47;70
47;71
47;72
47;73
47;74
47;75
47;76
47;77
47;78
47;79
47;80
47;81
47;82
47;83
47;84
47;85
47;86
47;87
47;88
47;89
47;90
47;91
47;92
47;93
47;94
47;95
47;96
47;97
47;98
47;99
47;100
47;101
47;102
47;103
47;104
47;105
47;106
47;107
47;108
47;109
47;110
47;111
47;112
47;113
47;114
47;115
47;116
47;117
47;118
47;119
47;120
47;121
47;122
47;123
47;124
47;125
47;126
47;127
47;128
47;129
47;130
47;131
47;132
47;133
47;134
47;135
47;136
47;137
47;138
47;139
47;140
47;141
47;142
47;231
47;232
47;233
47;234
47;235
47;236
47;237
47;238
47;239
47;240
47;241
47;242
47;243
47;244
47;245
47;246
47;247
47;248
47;249
47;250
47;251
47;252
47;253
47;254
47;255
47;256
47;257
47;258
47;259
47;260
47;261
47;262
47;263
47;264
47;265
47;266
47;267
47;268
47;269
47;270
47;271
47;272
47;273
47;274
47;275
47;276
47;277
47;278
47;279
47;280
47;281
47;282
47;283
47;284
47;285
47;286
47;287
47;288
47;289
47;290
47;291
47;292
47;293
47;294
47;295
47;296
47;297
47;298
47;299
47;300
47;301
47;302
47;303
47;304
47;305
47;306
47;307
47;308
47;309
47;310
47;311
47;312
47;313
47;314
47;315
47;316
47;317
47;318
47;319
47;320
47;321
47;322
47;323
47;324
47;325
47;326
47;327
47;328
47;329
47;330
47;350
47;351
47;352
47;353
47;354
47;355
47;356
47;357
47;358
47;359
47;360
47;361
47;362
47;363
47;364
47;365
47;366
47;367
47;368
47;369
47;370
47;371
47;372
47;373
47;374
47;375
47;376
47;377
47;378
47;379
47;380
47;381
47;382
47;383
47;384
47;385
47;386
47;387
47;388
47;389
47;390
47;391
47;392
47;393
47;394
47;444
47;445
47;446
47;447
47;448
47;449
47;450
47;451
47;452
47;453
47;454
47;455
47;456
47;457
47;458
47;459
47;460
47;461
47;462
47;463
47;464
47;465
47;466
47;467
47;468
47;469
47;470
47;471
47;472
47;473
47;474
47;475
47;476
47;477
47;478
47;479
47;480
47;481
47;482
47;483
47;484
47;485
47;486
47;487
47;488
47;489
47;490
47;491
47;492
47;493
48;0
48;1
48;2
48;3
48;4
48;5
48;6
48;7
48;8
48;9
48;10
48;11
48;12
48;13
48;14
48;15
48;16
48;17
48;18
48;19
48;20
48;21
48;22
48;23
48;24
48;25
48;26
48;27
48;28
48;29
48;30
48;31
48;32
48;33
48;34
48;35
48;36
48;37
48;38
48;39
48;40
48;41
48;42
48;43
48;44
48;45
48;46
48;47
48;48
48;49
48;50
48;51
48;52
48;53
48;54
48;55
48;56
48;57
48;58
48;59
48;60
48;61
48;62
48;63
48;64
48;65
48;66
48;67
48;68
48;69
48;70
48;71
48;72
48;73
48;74
48;75
48;76
48;77
48;78
48;79
48;80
48;81
48;82
48;83
48;84
48;85
48;86
48;87
48;88
48;89
48;90
48;91
48;92
48;93
48;94
48;95
48;96
48;97
48;98
48;99
48;100
48;101
48;102
48;103
48;104
48;105
48;106
48;107
48;108
48;109
48;110
48;111
48;112
48;113
48;114
48;115
48;116
48;117
48;118
48;119
48;120
48;121
48;122
48;123
48;124
48;125
48;126
48;127
48;128
48;129
48;130
48;131
48;132
48;133
48;134
48;135
48;136
48;137
48;138
48;139
48;140
48;141
48;142
48;231
48;232
48;233
48;234
48;235
48;236
48;237
48;238
48;239
48;240
48;241
48;242
48;243
48;244
48;245
48;246
48;247
48;248
48;249
48;250
48;251
48;252
48;253
48;254
48;255
48;256
48;257
48;258
48;259
48;260
48;261
48;262
48;263
48;264
48;265
48;266
48;267
48;268
48;269
48;270
48;271
48;272
48;273
48;274
48;275
48;276
48;277
48;278
48;279
48;280
48;281
48;282
48;283
48;284
48;285
48;286
48;287
48;288
48;289
48;290
48;291
48;292
48;293
48;294
48;295
48;296
48;297
48;298
48;299
48;300
48;301
48;302
48;303
48;304
48;305
48;306
48;307
48;308
48;309
48;310
48;311
48;312
48;313
48;314
48;315
48;316
48;317
48;318
48;319
48;320
48;321
48;322
48;323
48;324
48;325
48;326
48;327
48;328
48;329
48;330
48;351
48;352
48;353
48;354
48;355
48;356
48;357
48;358
48;359
48;360
48;361
48;362
48;363
48;364
48;365
48;366
48;367
48;368
48;369
48;370
48;371
48;372
48;373
48;374
48;375
48;376
48;377
48;378
48;379
48;380
48;381
48;382
48;383
48;384
48;385
48;386
48;387
48;388
48;389
48;390
48;391
48;392
48;444
48;445
48;446
48;447
48;448
48;449
48;450
48;451
48;452
48;453
48;454
48;455
48;456
48;457
48;458
48;459
48;460
48;461
48;462
48;463
48;464
48;465
48;466
48;467
48;468
48;469
48;470
48;471
48;472
48;473
48;474
48;475
48;476
48;477
48;478
48;479
48;480
48;481
48;482
48;483
48;484
48;485
48;486
48;487
48;488
48;489
48;490
48;491
48;492
48;493
48;494
49;0
49;1
49;2
49;3
49;4
49;5
49;6
49;7
49;8
49;9
49;10
49;11
49;12
49;13
49;14
49;15
49;16
49;17
49;18
49;19
49;20
49;21
49;22
49;23
49;24
49;25
49;26
49;27
49;28
49;29
49;30
49;31
49;32
49;33
49;34
49;35
49;36
49;37
49;38
49;39
49;40
49;41
49;42
49;43
49;44
49;45
49;46
49;47
49;48
49;49
49;50
49;51
49;52
49;53
49;54
49;55
49;56
49;57
49;58
49;59
49;60
49;61
49;62
49;63
49;64
49;65
49;66
49;67
49;68
49;69
49;70
49;71
49;72
49;73
49;74
49;75
49;76
49;77
49;78
49;79
49;80
49;81
49;82
49;83
49;84
49;85
49;86
49;87
49;88
49;89
49;90
49;91
49;92
49;93
49;94
49;95
49;96
49;97
49;98
49;99
49;100
49;101
49;102
49;103
49;104
49;105
49;106
49;107
49;108
49;109
49;110
49;111
49;112
49;113
49;114
49;115
49;116
49;117
49;118
49;119
49;120
49;121
49;122
49;123
49;124
49;125
49;126
49;127
49;128
49;129
49;130
49;131
49;132
49;133
49;134
49;135
49;136
49;137
49;138
49;139
49;140
49;141
49;231
49;232
49;233
49;234
49;235
49;236
49;237
49;238
49;239
49;240
49;241
49;242
49;243
49;244
49;245
49;246
49;247
49;248
49;249
49;250
49;251
49;252
49;253
49;254
49;255
49;256
49;257
49;258
49;259
49;260
49;261
49;262
49;263
49;264
49;265
49;266
49;267
49;268
49;269
49;270
49;271
49;272
49;273
49;274
49;275
49;276
49;277
49;278
49;279
49;280
49;281
49;282
49;283
49;284
49;285
49;286
49;287
49;288
49;289
49;290
49;291
49;292
49;293
49;294
49;295
49;296
49;297
49;298
49;299
49;300
49;301
49;302
49;303
49;304
49;305
49;306
49;307
49;308
49;309
49;310
49;311
49;312
49;313
49;314
49;315
49;316
49;317
49;318
49;319
49;320
49;321
49;322
49;323
49;324
49;325
49;326
49;327
49;328
49;329
49;330
49;331
49;352
49;353
49;354
49;355
49;356
49;357
49;358
49;359
49;360
49;361
49;362
49;363
49;364
49;365
49;366
49;367
49;368
49;369
49;370
49;371
49;372
49;373
49;374
49;375
49;376
49;377
49;378
49;379
49;380
49;381
49;382
49;383
49;384
49;385
49;386
49;387
49;388
49;389
49;390
49;391
49;392
49;444
49;445
49;446
49;447
49;448
49;449
49;450
49;451
49;452
49;453
49;454
49;455
49;456
49;457
49;458
49;459
49;460
49;461
49;462
49;463
49;464
49;465
49;466
49;467
49;468
49;469
49;470
49;471
49;472
49;473
49;474
49;475
49;476
49;477
49;478
49;479
49;480
49;481
49;482
49;483
49;484
49;485
49;486
49;487
49;488
49;489
49;490
49;491
49;492
49;493
49;494
50;0
50;1
50;2
50;3
50;4
50;5
50;6
50;7
50;8
50;9
50;10
50;11
50;12
50;13
50;14
50;15
50;16
50;17
50;18
50;19
50;20
50;21
50;22
50;23
50;24
50;25
50;26
50;27
50;28
50;29
50;30
50;31
50;32
50;33
50;34
50;35
50;36
50;37
50;38
50;39
50;40
50;41
50;42
50;43
50;44
50;45
50;46
50;47
50;48
50;49
50;50
50;51
50;52
50;53
50;54
50;55
50;56
50;57
50;58
50;59
50;60
50;61
50;62
50;63
50;64
50;65
50;66
50;67
50;68
50;69
50;70
50;71
50;72
50;73
50;74
50;75
50;76
50;77
50;78
50;79
50;80
50;81
50;82
50;83
50;84
50;85
50;86
50;87
50;88
50;89
50;90
50;91
50;92
50;93
50;94
50;95
50;96
50;97
50;98
50;99
50;100
50;101
50;102
50;103
50;104
50;105
50;106
50;107
50;108
50;109
50;110
50;111
50;112
50;113
50;114
50;115
50;116
50;117
50;118
50;119
50;120
50;121
50;122
50;123
50;124
50;125
50;126
50;127
50;128
50;129
50;130
50;131
50;132
50;133
50;134
50;135
50;136
50;137
50;138
50;139
50;140
50;231
50;232
50;233
50;234
50;235
50;236
50;237
50;238
50;239
50;240
50;241
50;242
50;243
50;244
50;245
50;246
50;247
50;248
50;249
50;250
50;251
50;252
50;253
50;254
50;255
50;256
50;257
50;258
50;259
50;260
50;261
50;262
50;263
50;264
50;265
50;266
50;267
50;268
50;269
50;270
50;271
50;272
50;273
50;274
50;275
50;276
50;277
50;278
50;279
50;280
50;281
50;282
50;283
50;284
50;285
50;286
50;287
50;288
50;289
50;290
50;291
50;292
50;293
50;294
50;295
50;296
50;297
50;298
50;299
50;300
50;301
50;302
50;303
50;304
50;305
50;306
50;307
50;308
50;309
50;310
50;311
50;312
50;313
50;314
50;315
50;316
50;317
50;318
50;319
50;320
50;321
50;322
50;323
50;324
50;325
50;326
50;327
50;328
50;329
50;330
50;331
50;352
50;353
50;354
50;355
50;356
50;357
50;358
50;359
50;360
50;361
50;362
50;363
50;364
50;365
50;366
50;367
50;368
50;369
50;370
50;371
50;372
50;373
50;374
50;375
50;376
50;377
50;378
50;379
50;380
50;381
50;382
50;383
50;384
50;385
50;386
50;387
50;388
50;389
50;390
50;391
50;444
50;445
50;446
50;447
50;448
50;449
50;450
50;451
50;452
50;453
50;454
50;455
50;456
50;457
50;458
50;459
50;460
50;461
50;462
50;463
50;464
50;465
50;466
50;467
50;468
50;469
50;470
50;471
50;472
50;473
50;474
50;475
50;476
50;477
50;478
50;479
50;480
50;481
50;482
50;483
50;484
50;485
50;486
50;487
50;488
50;489
50;490
50;491
50;492
50;493
50;494
51;0
51;1
51;2
51;3
51;4
51;5
51;6
51;7
51;8
51;9
51;10
51;11
51;12
51;13
51;14
51;15
51;16
51;17
51;18
51;19
51;20
51;21
51;22
51;23
51;24
51;25
51;26
51;27
51;28
51;29
51;30
51;31
51;32
51;33
51;34
51;35
51;36
51;37
51;38
51;39
51;40
51;41
51;42
51;43
51;44
51;45
51;46
51;47
51;48
51;49
51;50
51;51
51;52
51;53
51;54
51;55
51;56
51;57
51;58
51;59
51;60
51;61
51;62
51;63
51;64
51;65
51;66
51;67
51;68
51;69
51;70
51;71
51;72
51;73
51;74
51;75
51;76
51;77
51;78
51;79
51;80
51;81
51;82
51;83
51;84
51;85
51;86
51;87
51;88
51;89
51;90
51;91
51;92
51;93
51;94
51;95
51;96
51;97
51;98
51;99
51;100
51;101
51;102
51;103
51;104
51;105
51;106
51;107
51;108
51;109
51;110
51;111
51;112
51;113
51;114
51;115
51;116
51;117
51;118
51;119
51;120
51;121
51;122
51;123
51;124
51;125
51;126
51;127
51;128
51;129
51;130
51;131
51;132
51;133
51;134
51;135
51;136
51;137
51;138
51;139
51;140
51;231
51;232
51;233
51;234
51;235
51;236
51;237
51;238
51;239
51;240
51;241
51;242
51;243
51;244
51;245
51;246
51;247
51;248
51;249
51;250
51;251
51;252
51;253
51;254
51;255
51;256
51;257
51;258
51;259
51;260
51;261
51;262
51;263
51;264
51;265
51;266
51;267
51;268
51;269
51;270
51;271
51;272
51;273
51;274
51;275
51;276
51;277
51;278
51;279
51;280
51;281
51;282
51;283
51;284
51;285
51;286
51;287
51;288
51;289
51;290
51;291
51;292
51;293
51;294
51;295
51;296
51;297
51;298
51;299
51;300
51;301
51;302
51;303
51;304
51;305
51;306
51;307
51;308
51;309
51;310
51;311
51;312
51;313
51;314
51;315
51;316
51;317
51;318
51;319
51;320
51;321
51;322
51;323
51;324
51;325
51;326
51;327
51;328
51;329
51;330
51;331
51;352
51;353
51;354
51;355
51;356
51;357
51;358
51;359
51;360
51;361
51;362
51;363
51;364
51;365
51;366
51;367
51;368
51;369
51;370
51;371
51;372
51;373
51;374
51;375
51;376
51;377
51;378
51;379
51;380
51;381
51;382
51;383
51;384
51;385
51;386
51;387
51;388
51;389
51;390
51;445
51;446
51;447
51;448
51;449
51;450
51;451
51;452
51;453
51;454
51;455
51;456
51;457
51;458
51;459
51;460
51;461
51;462
51;463
51;464
51;465
51;466
51;467
51;468
51;469
51;470
51;471
51;472
51;473
51;474
51;475
51;476
51;477
51;478
51;479
51;480
51;481
51;482
51;483
51;484
51;485
51;486
51;487
51;488
51;489
51;490
51;491
51;492
51;493
51;494
52;0
52;1
52;2
52;3
52;4
52;5
52;6
52;7
52;8
52;9
52;10
52;11
52;12
52;13
52;14
52;15
52;16
52;17
52;18
52;19
52;20
52;21
52;22
52;23
52;24
52;25
52;26
52;27
52;28
52;29
52;30
52;31
52;32
52;33
52;34
52;35
52;36
52;37
52;38
52;39
52;40
52;41
52;42
52;43
52;44
52;45
52;46
52;47
52;48
52;49
52;50
52;51
52;52
52;53
52;54
52;55
52;56
52;57
52;58
52;59
52;60
52;61
52;62
52;63
52;64
52;65
52;66
52;67
52;68
52;69
52;70
52;71
52;72
52;73
52;74
52;75
52;76
52;77
52;78
52;79
52;80
52;81
52;82
52;83
52;84
52;85
52;86
52;87
52;88
52;89
52;90
52;91
52;92
52;93
52;94
52;95
52;96
52;97
52;98
52;99
52;100
52;101
52;102
52;103
52;104
52;105
52;106
52;107
52;108
52;109
52;110
52;111
52;112
52;113
52;114
52;115
52;116
52;117
52;118
52;119
52;120
52;121
52;122
52;123
52;124
52;125
52;126
52;127
52;128
52;129
52;130
52;131
52;132
52;133
52;134
52;135
52;136
52;137
52;138
52;139
52;140
52;231
52;232
52;233
52;234
52;235
52;236
52;237
52;238
52;239
52;240
52;241
52;242
52;243
52;244
52;245
52;246
52;247
52;248
52;249
52;250
52;251
52;252
52;253
52;254
52;255
52;256
52;257
52;258
52;259
52;260
52;261
52;262
52;263
52;264
52;265
52;266
52;267
52;268
52;269
52;270
52;271
52;272
52;273
52;274
52;275
52;276
52;277
52;278
52;279
52;280
52;281
52;282
52;283
52;284
52;285
52;286
52;287
52;288
52;289
52;290
52;291
52;292
52;293
52;294
52;295
52;296
52;297
52;298
52;299
52;300
52;301
52;302
52;303
52;304
52;305
52;306
52;307
52;308
52;309
52;310
52;311
52;312
52;313
52;314
52;315
52;316
52;317
52;318
52;319
52;320
52;321
52;322
52;323
52;324
52;325
52;326
52;327
52;328
52;329
52;330
52;331
52;353
52;354
52;355
52;356
52;357
52;358
52;359
52;360
52;361
52;362
52;363
52;364
52;365
52;366
52;367
52;368
52;369
52;370
52;371
52;372
52;373
52;374
52;375
52;376
52;377
52;378
52;379
52;380
52;381
52;382
52;383
52;384
52;385
52;386
52;387
52;388
52;389
52;445
52;446
52;447
52;448
52;449
52;450
52;451
52;452
52;453
52;454
52;455
52;456
52;457
52;458
52;459
52;460
52;461
52;462
52;463
52;464
52;465
52;466
52;467
52;468
52;469
52;470
52;471
52;472
52;473
52;474
52;475
52;476
52;477
52;478
52;479
52;480
52;481
52;482
52;483
52;484
52;485
52;486
52;487
52;488
52;489
52;490
52;491
52;492
52;493
52;494
53;0
53;1
53;2
53;3
53;4
53;5
53;6
53;7
53;8
53;9
53;10
53;11
53;12
53;13
53;14
53;15
53;16
53;17
53;18
53;19
53;20
53;21
53;22
53;23
53;24
53;25
53;26
53;27
53;28
53;29
53;30
53;31
53;32
53;33
53;34
53;35
53;36
53;37
53;38
53;39
53;40
53;41
53;42
53;43
53;44
53;45
53;46
53;47
53;48
53;49
53;50
53;51
53;52
53;53
53;54
53;55
53;56
53;57
53;58
53;59
53;60
53;61
53;62
53;63
53;64
53;65
53;66
53;67
53;68
53;69
53;70
53;71
53;72
53;73
53;74
53;75
53;76
53;77
53;78
53;79
53;80
53;81
53;82
53;83
53;84
53;85
53;86
53;87
53;88
53;89
53;90
53;91
53;92
53;93
53;94
53;95
53;96
53;97
53;98
53;99
53;100
53;101
53;102
53;103
53;104
53;105
53;106
53;107
53;108
53;109
53;110
53;111
53;112
53;113
53;114
53;115
53;116
53;117
53;118
53;119
53;120
53;121
53;122
53;123
53;124
53;125
53;126
53;127
53;128
53;129
53;130
53;131
53;132
53;133
53;134
53;135
53;136
53;137
53;138
53;139
53;231
53;232
53;233
53;234
53;235
53;236
53;237
53;238
53;239
53;240
53;241
53;242
53;243
53;244
53;245
53;246
53;247
53;248
53;249
53;250
53;251
53;252
53;253
53;254
53;255
53;256
53;257
53;258
53;259
53;260
53;261
53;262
53;263
53;264
53;265
53;266
53;267
53;268
53;269
53;270
53;271
53;272
53;273
53;274
53;275
53;276
53;277
53;278
53;279
53;280
53;281
53;282
53;283
53;284
53;285
53;286
53;287
53;288
53;289
53;290
53;291
53;292
53;293
53;294
53;295
53;296
53;297
53;298
53;299
53;300
53;301
53;302
53;303
53;304
53;305
53;306
53;307
53;308
53;309
53;310
53;311
53;312
53;313
53;314
53;315
53;316
53;317
53;318
53;319
53;320
53;321
53;322
53;323
53;324
53;325
53;326
53;327
53;328
53;329
53;330
53;331
53;353
53;354
53;355
53;356
53;357
53;358
53;359
53;360
53;361
53;362
53;363
53;364
53;365
53;366
53;367
53;368
53;369
53;370
53;371
53;372
53;373
53;374
53;375
53;376
53;377
53;378
53;379
53;380
53;381
53;382
53;383
53;384
53;385
53;386
53;387
53;388
53;445
53;446
53;447
53;448
53;449
53;450
53;451
53;452
53;453
53;454
53;455
53;456
53;457
53;458
53;459
53;460
53;461
53;462
53;463
53;464
53;465
53;466
53;467
53;468
53;469
53;470
53;471
53;472
53;473
53;474
53;475
53;476
53;477
53;478
53;479
53;480
53;481
53;482
53;483
53;484
53;485
53;486
53;487
53;488
53;489
53;490
53;491
53;492
53;493
53;494
54;0
54;1
54;2
54;3
54;4
54;5
54;6
54;7
54;8
54;9
54;10
54;11
54;12
54;13
54;14
54;15
54;16
54;17
54;18
54;19
54;20
54;21
54;22
54;23
54;24
54;25
54;26
54;27
54;28
54;29
54;30
54;31
54;32
54;33
54;34
54;35
54;36
54;37
54;38
54;39
54;40
54;41
54;42
54;43
54;44
54;45
54;46
54;47
54;48
54;49
54;50
54;51
54;52
54;53
54;54
54;55
54;56
54;57
54;58
54;59
54;60
54;61
54;62
54;63
54;64
54;65
54;66
54;67
54;68
54;69
54;70
54;71
54;72
54;73
54;74
54;75
54;76
54;77
54;78
54;79
54;80
54;81
54;82
54;83
54;84
54;85
54;86
54;87
54;88
54;89
54;90
54;91
54;92
54;93
54;94
54;95
54;96
54;97
54;98
54;99
54;100
54;101
54;102
54;103
54;104
54;105
54;106
54;107
54;108
54;109
54;110
54;111
54;112
54;113
54;114
54;115
54;116
54;117
54;118
54;119
54;120
54;121
54;122
54;123
54;124
54;125
54;126
54;127
54;128
54;129
54;130
54;131
54;132
54;133
54;134
54;135
54;136
54;137
54;138
54;139
54;231
54;232
54;233
54;234
54;235
54;236
54;237
54;238
54;239
54;240
54;241
54;242
54;243
54;244
54;245
54;246
54;247
54;248
54;249
54;250
54;251
54;252
54;253
54;254
54;255
54;256
54;257
54;258
54;259
54;260
54;261
54;262
54;263
54;264
54;265
54;266
54;267
54;268
54;269
54;270
54;271
54;272
54;273
54;274
54;275
54;276
54;277
54;278
54;279
54;280
54;281
54;282
54;283
54;284
54;285
54;286
54;287
54;288
54;289
54;290
54;291
54;292
54;293
54;294
54;295
54;296
54;297
54;298
54;299
54;300
54;301
54;302
54;303
54;304
54;305
54;306
54;307
54;308
54;309
54;310
54;311
54;312
54;313
54;314
54;315
54;316
54;317
54;318
54;319
54;320
54;321
54;322
54;323
54;324
54;325
54;326
54;327
54;328
54;329
54;330
54;331
54;354
54;355
54;356
54;357
54;358
54;359
54;360
54;361
54;362
54;363
54;364
54;365
54;366
54;367
54;368
54;369
54;370
54;371
54;372
54;373
54;374
54;375
54;376
54;377
54;378
54;379
54;380
54;381
54;382
54;383
54;384
54;385
54;386
54;387
54;445
54;446
54;447
54;448
54;449
54;450
54;451
54;452
54;453
54;454
54;455
54;456
54;457
54;458
54;459
54;460
54;461
54;462
54;463
54;464
54;465
54;466
54;467
54;468
54;469
54;470
54;471
54;472
54;473
54;474
54;475
54;476
54;477
54;478
54;479
54;480
54;481
54;482
54;483
54;484
54;485
54;486
54;487
54;488
54;489
54;490
54;491
54;492
54;493
54;494
54;495
55;0
55;1
55;2
55;3
55;4
55;5
55;6
55;7
55;8
55;9
55;10
55;11
55;12
55;13
55;14
55;15
55;16
55;17
55;18
55;19
55;20
55;21
55;22
55;23
55;24
55;25
55;26
55;27
55;28
55;29
55;30
55;31
55;32
55;33
55;34
55;35
55;36
55;37
55;38
55;39
55;40
55;41
55;42
55;43
55;44
55;45
55;46
55;47
55;48
55;49
55;50
55;51
55;52
55;53
55;54
55;55
55;56
55;57
55;58
55;59
55;60
55;61
55;62
55;63
55;64
55;65
55;66
55;67
55;68
55;69
55;70
55;71
55;72
55;73
55;74
55;75
55;76
55;77
55;78
55;79
55;80
55;81
55;82
55;83
55;84
55;85
55;86
55;87
55;88
55;89
55;90
55;91
55;92
55;93
55;94
55;95
55;96
55;97
55;98
55;99
55;100
55;101
55;102
55;103
55;104
55;105
55;106
55;107
55;108
55;109
55;110
55;111
55;112
55;113
55;114
55;115
55;116
55;117
55;118
55;119
55;120
55;121
55;122
55;123
55;124
55;125
55;126
55;127
55;128
55;129
55;130
55;131
55;132
55;133
55;134
55;135
55;136
55;137
55;138
55;139
55;140
55;141
55;231
55;232
55;233
55;234
55;235
55;236
55;237
55;238
55;239
55;240
55;241
55;242
55;243
55;244
55;245
55;246
55;247
55;248
55;249
55;250
55;251
55;252
55;253
55;254
55;255
55;256
55;257
55;258
55;259
55;260
55;261
55;262
55;263
55;264
55;265
55;266
55;267
55;268
55;269
55;270
55;271
55;272
55;273
55;274
55;275
55;276
55;277
55;278
55;279
55;280
55;281
55;282
55;283
55;284
55;285
55;286
55;287
55;288
55;289
55;290
55;291
55;292
55;293
55;294
55;295
55;296
55;297
55;298
55;299
55;300
55;301
55;302
55;303
55;304
55;305
55;306
55;307
55;308
55;309
55;310
55;311
55;312
55;313
55;314
55;315
55;316
55;317
55;318
55;319
55;320
55;321
55;322
55;323
55;324
55;325
55;326
55;327
55;328
55;329
55;330
55;331
55;354
55;355
55;356
55;357
55;358
55;359
55;360
55;361
55;362
55;363
55;364
55;365
55;366
55;367
55;368
55;369
55;370
55;371
55;372
55;373
55;374
55;375
55;376
55;377
55;378
55;379
55;380
55;381
55;382
55;383
55;384
55;385
55;386
55;445
55;446
55;447
55;448
55;449
55;450
55;451
55;452
55;453
55;454
55;455
55;456
55;457
55;458
55;459
55;460
55;461
55;462
55;463
55;464
55;465
55;466
55;467
55;468
55;469
55;470
55;471
55;472
55;473
55;474
55;475
55;476
55;477
55;478
55;479
55;480
55;481
55;482
55;483
55;484
55;485
55;486
55;487
55;488
55;489
55;490
55;491
55;492
55;493
55;494
55;495
56;0
56;1
56;2
56;3
56;4
56;5
56;6
56;7
56;8
56;9
56;10
56;11
56;12
56;13
56;14
56;15
56;16
56;17
56;18
56;19
56;20
56;21
56;22
56;23
56;24
56;25
56;26
56;27
56;28
56;29
56;30
56;31
56;32
56;33
56;34
56;35
56;36
56;37
56;38
56;39
56;40
56;41
56;42
56;43
56;44
56;45
56;46
56;47
56;48
56;49
56;50
56;51
56;52
56;53
56;54
56;55
56;56
56;57
56;58
56;59
56;60
56;61
56;62
56;63
56;64
56;65
56;66
56;67
56;68
56;69
56;70
56;71
56;72
56;73
56;74
56;75
56;76
56;77
56;78
56;79
56;80
56;81
56;82
56;83
56;84
56;85
56;86
56;87
56;88
56;89
56;90
56;91
56;92
56;93
56;94
56;95
56;96
56;97
56;98
56;99
56;100
56;101
56;102
56;103
56;104
56;105
56;106
56;107
56;108
56;109
56;110
56;111
56;112
56;113
56;114
56;115
56;116
56;117
56;118
56;119
56;120
56;121
56;122
56;123
56;124
56;125
56;126
56;127
56;128
56;129
56;130
56;131
56;132
56;133
56;134
56;135
56;136
56;137
56;138
56;139
56;140
56;141
56;142
56;143
56;231
56;232
56;233
56;234
56;235
56;236
56;237
56;238
56;239
56;240
56;241
56;242
56;243
56;244
56;245
56;246
56;247
56;248
56;249
56;250
56;251
56;252
56;253
56;254
56;255
56;256
56;257
56;258
56;259
56;260
56;261
56;262
56;263
56;264
56;265
56;266
56;267
56;268
56;269
56;270
56;271
56;272
56;273
56;274
56;275
56;276
56;277
56;278
56;279
56;280
56;281
56;282
56;283
56;284
56;285
56;286
56;287
56;288
56;289
56;290
56;291
56;292
56;293
56;294
56;295
56;296
56;297
56;298
56;299
56;300
56;301
56;302
56;303
56;304
56;305
56;306
56;307
56;308
56;309
56;310
56;311
56;312
56;313
56;314
56;315
56;316
56;317
56;318
56;319
56;320
56;321
56;322
56;323
56;324
56;325
56;326
56;327
56;328
56;329
56;330
56;331
56;355
56;356
56;357
56;358
56;359
56;360
56;361
56;362
56;363
56;364
56;365
56;366
56;367
56;368
56;369
56;370
56;371
56;372
56;373
56;374
56;375
56;376
56;377
56;378
56;379
56;380
56;381
56;382
56;383
56;384
56;385
56;386
56;445
56;446
56;447
56;448
56;449
56;450
56;451
56;452
56;453
56;454
56;455
56;456
56;457
56;458
56;459
56;460
56;461
56;462
56;463
56;464
56;465
56;466
56;467
56;468
56;469
56;470
56;471
56;472
56;473
56;474
56;475
56;476
56;477
56;478
56;479
56;480
56;481
56;482
56;483
56;484
56;485
56;486
56;487
56;488
56;489
56;490
56;491
56;492
56;493
56;494
56;495
57;0
57;1
57;2
57;3
57;4
57;5
57;6
57;7
57;8
57;9
57;10
57;11
57;12
57;13
57;14
57;15
57;16
57;17
57;18
57;19
57;20
57;21
57;22
57;23
57;24
57;25
57;26
57;27
57;28
57;29
57;30
57;31
57;32
57;33
57;34
57;35
57;36
57;37
57;38
57;39
57;40
57;41
57;42
57;43
57;44
57;45
57;46
57;47
57;48
57;49
57;50
57;51
57;52
57;53
57;54
57;55
57;56
57;57
57;58
57;59
57;60
57;61
57;62
57;63
57;64
57;65
57;66
57;67
57;68
57;69
57;70
57;71
57;72
57;73
57;74
57;75
57;76
57;77
57;78
57;79
57;80
57;81
57;82
57;83
57;84
57;85
57;86
57;87
57;88
57;89
57;90
57;91
57;92
57;93
57;94
57;95
57;96
57;97
57;98
57;99
57;100
57;101
57;102
57;103
57;104
57;105
57;106
57;107
57;108
57;109
57;110
57;111
57;112
57;113
57;114
57;115
57;116
57;117
57;118
57;119
57;120
57;121
57;122
57;123
57;124
57;125
57;126
57;127
57;128
57;129
57;130
57;131
57;132
57;133
57;134
57;135
57;136
57;137
57;138
57;139
57;140
57;141
57;142
57;143
57;144
57;145
57;146
57;147
57;231
57;232
57;233
57;234
57;235
57;236
57;237
57;238
57;239
57;240
57;241
57;242
57;243
57;244
57;245
57;246
57;247
57;248
57;249
57;250
57;251
57;252
57;253
57;254
57;255
57;256
57;257
57;258
57;259
57;260
57;261
57;262
57;263
57;264
57;265
57;266
57;267
57;268
57;269
57;270
57;271
57;272
57;273
57;274
57;275
57;276
57;277
57;278
57;279
57;280
57;281
57;282
57;283
57;284
57;285
57;286
57;287
57;288
57;289
57;290
57;291
57;292
57;293
57;294
57;295
57;296
57;297
57;298
57;299
57;300
57;301
57;302
57;303
57;304
57;305
57;306
57;307
57;308
57;309
57;310
57;311
57;312
57;313
57;314
57;315
57;316
57;317
57;318
57;319
57;320
57;321
57;322
57;323
57;324
57;325
57;326
57;327
57;328
57;329
57;330
57;331
57;355
57;356
57;357
57;358
57;359
57;360
57;361
57;362
57;363
57;364
57;365
57;366
57;367
57;368
57;369
57;370
57;371
57;372
57;373
57;374
57;375
57;376
57;377
57;378
57;379
57;380
57;381
57;382
57;383
57;384
57;446
57;447
57;448
57;449
57;450
57;451
57;452
57;453
57;454
57;455
57;456
57;457
57;458
57;459
57;460
57;461
57;462
57;463
57;464
57;465
57;466
57;467
57;468
57;469
57;470
57;471
57;472
57;473
57;474
57;475
57;476
57;477
57;478
57;479
57;480
57;481
57;482
57;483
57;484
57;485
57;486
57;487
57;488
57;489
57;490
57;491
57;492
57;493
57;494
57;495
58;0
58;1
58;2
58;3
58;4
58;5
58;6
58;7
58;8
58;9
58;10
58;11
58;12
58;13
58;14
58;15
58;16
58;17
58;18
58;19
58;20
58;21
58;22
58;23
58;24
58;25
58;26
58;27
58;28
58;29
58;30
58;31
58;32
58;33
58;34
58;35
58;36
58;37
58;38
58;39
58;40
58;41
58;42
58;43
58;44
58;45
58;46
58;47
58;48
58;49
58;50
58;51
58;52
58;53
58;54
58;55
58;56
58;57
58;58
58;59
58;60
58;61
58;62
58;63
58;64
58;65
58;66
58;67
58;68
58;69
58;70
58;71
58;72
58;73
58;74
58;75
58;76
58;77
58;78
58;79
58;80
58;81
58;82
58;83
58;84
58;85
58;86
58;87
58;88
58;89
58;90
58;91
58;92
58;93
58;94
58;95
58;96
58;97
58;98
58;99
58;100
58;101
58;102
58;103
58;104
58;105
58;106
58;107
58;108
58;109
58;110
58;111
58;112
58;113
58;114
58;115
58;116
58;117
58;118
58;119
58;120
58;121
58;122
58;123
58;124
58;125
58;126
58;127
58;128
58;129
58;130
58;131
58;132
58;133
58;134
58;135
58;136
58;137
58;138
58;139
58;140
58;141
58;142
58;143
58;144
58;145
58;146
58;147
58;148
58;149
58;151
58;231
58;232
58;233
58;234
58;235
58;236
58;237
58;238
58;239
58;240
58;241
58;242
58;243
58;244
58;245
58;246
58;247
58;248
58;249
58;250
58;251
58;252
58;253
58;254
58;255
58;256
58;257
58;258
58;259
58;260
58;261
58;262
58;263
58;264
58;265
58;266
58;267
58;268
58;269
58;270
58;271
58;272
58;273
58;274
58;275
58;276
58;277
58;278
58;279
58;280
58;281
58;282
58;283
58;284
58;285
58;286
58;287
58;288
58;289
58;290
58;291
58;292
58;293
58;294
58;295
58;296
58;297
58;298
58;299
58;300
58;301
58;302
58;303
58;304
58;305
58;306
58;307
58;308
58;309
58;310
58;311
58;312
58;313
58;314
58;315
58;316
58;317
58;318
58;319
58;320
58;321
58;322
58;323
58;324
58;325
58;326
58;327
58;328
58;329
58;330
58;331
58;356
58;357
58;358
58;359
58;360
58;361
58;362
58;363
58;364
58;365
58;366
58;367
58;368
58;369
58;370
58;371
58;372
58;373
58;374
58;375
58;376
58;377
58;378
58;379
58;380
58;381
58;382
58;383
58;384
58;446
58;447
58;448
58;449
58;450
58;451
58;452
58;453
58;454
58;455
58;456
58;457
58;458
58;459
58;460
58;461
58;462
58;463
58;464
58;465
58;466
58;467
58;468
58;469
58;470
58;471
58;472
58;473
58;474
58;475
58;476
58;477
58;478
58;479
58;480
58;481
58;482
58;483
58;484
58;485
58;486
58;487
58;488
58;489
58;490
58;491
58;492
58;493
58;494
58;495
59;0
59;1
59;2
59;3
59;4
59;5
59;6
59;7
59;8
59;9
59;10
59;11
59;12
59;13
59;14
59;15
59;16
59;17
59;18
59;19
59;20
59;21
59;22
59;23
59;24
59;25
59;26
59;27
59;28
59;29
59;30
59;31
59;32
59;33
59;34
59;35
59;36
59;37
59;38
59;39
59;40
59;41
59;42
59;43
59;44
59;45
59;46
59;47
59;48
59;49
59;50
59;51
59;52
59;53
59;54
59;55
59;56
59;57
59;58
59;59
59;60
59;61
59;62
59;63
59;64
59;65
59;66
59;67
59;68
59;69
59;70
59;71
59;72
59;73
59;74
59;75
59;76
59;77
59;78
59;79
59;80
59;81
59;82
59;83
59;84
59;85
59;86
59;87
59;88
59;89
59;90
59;91
59;92
59;93
59;94
59;95
59;96
59;97
59;98
59;99
59;100
59;101
59;102
59;103
59;104
59;105
59;106
59;107
59;108
59;109
59;110
59;111
59;112
59;113
59;114
59;115
59;116
59;117
59;118
59;119
59;120
59;121
59;122
59;123
59;124
59;125
59;126
59;127
59;128
59;129
59;130
59;131
59;132
59;133
59;134
59;135
59;136
59;137
59;138
59;139
59;140
59;141
59;142
59;143
59;144
59;145
59;146
59;147
59;148
59;149
59;150
59;151
59;152
59;153
59;231
59;232
59;233
59;234
59;235
59;236
59;237
59;238
59;239
59;240
59;241
59;242
59;243
59;244
59;245
59;246
59;247
59;248
59;249
59;250
59;251
59;252
59;253
59;254
59;255
59;256
59;257
59;258
59;259
59;260
59;261
59;262
59;263
59;264
59;265
59;266
59;267
59;268
59;269
59;270
59;271
59;272
59;273
59;274
59;275
59;276
59;277
59;278
59;279
59;280
59;281
59;282
59;283
59;284
59;285
59;286
59;287
59;288
59;289
59;290
59;291
59;292
59;293
59;294
59;295
59;296
59;297
59;298
59;299
59;300
59;301
59;302
59;303
59;304
59;305
59;306
59;307
59;308
59;309
59;310
59;311
59;312
59;313
59;314
59;315
59;316
59;317
59;318
59;319
59;320
59;321
59;322
59;323
59;324
59;325
59;326
59;327
59;328
59;329
59;330
59;356
59;357
59;358
59;359
59;360
59;361
59;362
59;363
59;364
59;365
59;366
59;367
59;368
59;369
59;370
59;371
59;372
59;373
59;374
59;375
59;376
59;377
59;378
59;379
59;380
59;381
59;382
59;446
59;447
59;448
59;449
59;450
59;451
59;452
59;453
59;454
59;455
59;456
59;457
59;458
59;459
59;460
59;461
59;462
59;463
59;464
59;465
59;466
59;467
59;468
59;469
59;470
59;471
59;472
59;473
59;474
59;475
59;476
59;477
59;478
59;479
59;480
59;481
59;482
59;483
59;484
59;485
59;486
59;487
59;488
59;489
59;490
59;491
59;492
59;493
59;494
59;495
60;0
60;1
60;2
60;3
60;4
60;5
60;6
60;7
60;8
60;9
60;10
60;11
60;12
60;13
60;14
60;15
60;16
60;17
60;18
60;19
60;20
60;21
60;22
60;23
60;24
60;25
60;26
60;27
60;28
60;29
60;30
60;31
60;32
60;33
60;34
60;35
60;36
60;37
60;38
60;39
60;40
60;41
60;42
60;43
60;44
60;45
60;46
60;47
60;48
60;49
60;50
60;51
60;52
60;53
60;54
60;55
60;56
60;57
60;58
60;59
60;60
60;61
60;62
60;63
60;64
60;65
60;66
60;67
60;68
60;69
60;70
60;71
60;72
60;73
60;74
60;75
60;76
60;77
60;78
60;79
60;80
60;81
60;82
60;83
60;84
60;85
60;86
60;87
60;88
60;89
60;90
60;91
60;92
60;93
60;94
60;95
60;96
60;97
60;98
60;99
60;100
60;101
60;102
60;103
60;104
60;105
60;106
60;107
60;108
60;109
60;110
60;111
60;112
60;113
60;114
60;115
60;116
60;117
60;118
60;119
60;120
60;121
60;122
60;123
60;124
60;125
60;126
60;127
60;128
60;129
60;130
60;131
60;132
60;133
60;134
60;135
60;136
60;137
60;138
60;139
60;140
60;141
60;142
60;143
60;144
60;145
60;146
60;147
60;148
60;149
60;150
60;151
60;152
60;153
60;154
60;155
60;157
60;231
60;232
60;233
60;234
60;235
60;236
60;237
60;238
60;239
60;240
60;241
60;242
60;243
60;244
60;245
60;246
60;247
60;248
60;249
60;250
60;251
60;252
60;253
60;254
60;255
60;256
60;257
60;258
60;259
60;260
60;261
60;262
60;263
60;264
60;265
60;266
60;267
60;268
60;269
60;270
60;271
60;272
60;273
60;274
60;275
60;276
60;277
60;278
60;279
60;280
60;281
60;282
60;283
60;284
60;285
60;286
60;287
60;288
60;289
60;290
60;291
60;292
60;293
60;294
60;295
60;296
60;297
60;298
60;299
60;300
60;301
60;302
60;303
60;304
60;305
60;306
60;307
60;308
60;309
60;310
60;311
60;312
60;313
60;314
60;315
60;316
60;317
60;318
60;319
60;320
60;321
60;322
60;323
60;324
60;325
60;326
60;327
60;328
60;329
60;330
60;356
60;357
60;358
60;359
60;360
60;361
60;362
60;363
60;364
60;365
60;366
60;367
60;368
60;369
60;370
60;371
60;372
60;373
60;374
60;375
60;376
60;377
60;378
60;379
60;380
60;381
60;382
60;446
60;447
60;448
60;449
60;450
60;451
60;452
60;453
60;454
60;455
60;456
60;457
60;458
60;459
60;460
60;461
60;462
60;463
60;464
60;465
60;466
60;467
60;468
60;469
60;470
60;471
60;472
60;473
60;474
60;475
60;476
60;477
60;478
60;479
60;480
60;481
60;482
60;483
60;484
60;485
60;486
60;487
60;488
60;489
60;490
60;491
60;492
60;493
60;494
60;495
61;0
61;1
61;2
61;3
61;4
61;5
61;6
61;7
61;8
61;9
61;10
61;11
61;12
61;13
61;14
61;15
61;16
61;17
61;18
61;19
61;20
61;21
61;22
61;23
61;24
61;25
61;26
61;27
61;28
61;29
61;30
61;31
61;32
61;33
61;34
61;35
61;36
61;37
61;38
61;39
61;40
61;41
61;42
61;43
61;44
61;45
61;46
61;47
61;48
61;49
61;50
61;51
61;52
61;53
61;54
61;55
61;56
61;57
61;58
61;59
61;60
61;61
61;62
61;63
61;64
61;65
61;66
61;67
61;68
61;69
61;70
61;71
61;72
61;73
61;74
61;75
61;76
61;77
61;78
61;79
61;80
61;81
61;82
61;83
61;84
61;85
61;86
61;87
61;88
61;89
61;90
61;91
61;92
61;93
61;94
61;95
61;96
61;97
61;98
61;99
61;100
61;101
61;102
61;103
61;104
61;105
61;106
61;107
61;108
61;109
61;110
61;111
61;112
61;113
61;114
61;115
61;116
61;117
61;118
61;119
61;120
61;121
61;122
61;123
61;124
61;125
61;126
61;127
61;128
61;129
61;130
61;131
61;132
61;133
61;134
61;135
61;136
61;137
61;138
61;139
61;140
61;141
61;142
61;143
61;144
61;145
61;146
61;147
61;148
61;149
61;150
61;151
61;152
61;153
61;154
61;155
61;156
61;157
61;158
61;159
61;231
61;232
61;233
61;234
61;235
61;236
61;237
61;238
61;239
61;240
61;241
61;242
61;243
61;244
61;245
61;246
61;247
61;248
61;249
61;250
61;251
61;252
61;253
61;254
61;255
61;256
61;257
61;258
61;259
61;260
61;261
61;262
61;263
61;264
61;265
61;266
61;267
61;268
61;269
61;270
61;271
61;272
61;273
61;274
61;275
61;276
61;277
61;278
61;279
61;280
61;281
61;282
61;283
61;284
61;285
61;286
61;287
61;288
61;289
61;290
61;291
61;292
61;293
61;294
61;295
61;296
61;297
61;298
61;299
61;300
61;301
61;302
61;303
61;304
61;305
61;306
61;307
61;308
61;309
61;310
61;311
61;312
61;313
61;314
61;315
61;316
61;317
61;318
61;319
61;320
61;321
61;322
61;323
61;324
61;325
61;326
61;327
61;328
61;329
61;330
61;357
61;358
61;359
61;360
61;361
61;362
61;363
61;364
61;365
61;366
61;367
61;368
61;369
61;370
61;371
61;372
61;373
61;374
61;375
61;376
61;377
61;378
61;379
61;380
61;381
61;446
61;447
61;448
61;449
61;450
61;451
61;452
61;453
61;454
61;455
61;456
61;457
61;458
61;459
61;460
61;461
61;462
61;463
61;464
61;465
61;466
61;467
61;468
61;469
61;470
61;471
61;472
61;473
61;474
61;475
61;476
61;477
61;478
61;479
61;480
61;481
61;482
61;483
61;484
61;485
61;486
61;487
61;488
61;489
61;490
61;491
61;492
61;493
61;494
61;495
61;496
62;0
62;1
62;2
62;3
62;4
62;5
62;6
62;7
62;8
62;9
62;10
62;11
62;12
62;13
62;14
62;15
62;16
62;17
62;18
62;19
62;20
62;21
62;22
62;23
62;24
62;25
62;26
62;27
62;28
62;29
62;30
62;31
62;32
62;33
62;34
62;35
62;36
62;37
62;38
62;39
62;40
62;41
62;42
62;43
62;44
62;45
62;46
62;47
62;48
62;49
62;50
62;51
62;52
62;53
62;54
62;55
62;56
62;57
62;58
62;59
62;60
62;61
62;62
62;63
62;64
62;65
62;66
62;67
62;68
62;69
62;70
62;71
62;72
62;73
62;74
62;75
62;76
62;77
62;78
62;79
62;80
62;81
62;82
62;83
62;84
62;85
62;86
62;87
62;88
62;89
62;90
62;91
62;92
62;93
62;94
62;95
62;96
62;97
62;98
62;99
62;100
62;101
62;102
62;103
62;104
62;105
62;106
62;107
62;108
62;109
62;110
62;111
62;112
62;113
62;114
62;115
62;116
62;117
62;118
62;119
62;120
62;121
62;122
62;123
62;124
62;125
62;126
62;127
62;128
62;129
62;130
62;131
62;132
62;133
62;134
62;135
62;136
62;137
62;138
62;139
62;140
62;141
62;142
62;143
62;144
62;145
62;146
62;147
62;148
62;149
62;150
62;151
62;152
62;153
62;154
62;155
62;156
62;157
62;158
62;159
62;160
62;161
62;163
62;232
62;233
62;234
62;235
62;236
62;237
62;238
62;239
62;240
62;241
62;242
62;243
62;244
62;245
62;246
62;247
62;248
62;249
62;250
62;251
62;252
62;253
62;254
62;255
62;256
62;257
62;258
62;259
62;260
62;261
62;262
62;263
62;264
62;265
62;266
62;267
62;268
62;269
62;270
62;271
62;272
62;273
62;274
62;275
62;276
62;277
62;278
62;279
62;280
62;281
62;282
62;283
62;284
62;285
62;286
62;287
62;288
62;289
62;290
62;291
62;292
62;293
62;294
62;295
62;296
62;297
62;298
62;299
62;300
62;301
62;302
62;303
62;304
62;305
62;306
62;307
62;308
62;309
62;310
62;311
62;312
62;313
62;314
62;315
62;316
62;317
62;318
62;319
62;320
62;321
62;322
62;323
62;324
62;325
62;326
62;327
62;328
62;329
62;330
62;357
62;358
62;359
62;360
62;361
62;362
62;363
62;364
62;365
62;366
62;367
62;368
62;369
62;370
62;371
62;372
62;373
62;374
62;375
62;376
62;377
62;378
62;379
62;380
62;446
62;447
62;448
62;449
62;450
62;451
62;452
62;453
62;454
62;455
62;456
62;457
62;458
62;459
62;460
62;461
62;462
62;463
62;464
62;465
62;466
62;467
62;468
62;469
62;470
62;471
62;472
62;473
62;474
62;475
62;476
62;477
62;478
62;479
62;480
62;481
62;482
62;483
62;484
62;485
62;486
62;487
62;488
62;489
62;490
62;492
63;0
63;1
63;2
63;3
63;4
63;5
63;6
63;7
63;8
63;9
63;10
63;11
63;12
63;13
63;14
63;15
63;16
63;17
63;18
63;19
63;20
63;21
63;22
63;23
63;24
63;25
63;26
63;27
63;28
63;29
63;30
63;31
63;32
63;33
63;34
63;35
63;36
63;37
63;38
63;39
63;40
63;41
63;42
63;43
63;44
63;45
63;46
63;47
63;48
63;49
63;50
63;51
63;52
63;53
63;54
63;55
63;56
63;57
63;58
63;59
63;60
63;61
63;62
63;63
63;64
63;65
63;66
63;67
63;68
63;69
63;70
63;71
63;72
63;73
63;74
63;75
63;76
63;77
63;78
63;79
63;80
63;81
63;82
63;83
63;84
63;85
63;86
63;87
63;88
63;89
63;90
63;91
63;92
63;93
63;94
63;95
63;96
63;97
63;98
63;99
63;100
63;101
63;102
63;103
63;104
63;105
63;106
63;107
63;108
63;109
63;110
63;111
63;112
63;113
63;114
63;115
63;116
63;117
63;118
63;119
63;120
63;121
63;122
63;123
63;124
63;125
63;126
63;127
63;128
63;129
63;130
63;131
63;132
63;133
63;134
63;135
63;136
63;137
63;138
63;139
63;140
63;141
63;142
63;143
63;144
63;145
63;146
63;147
63;148
63;149
63;150
63;151
63;152
63;153
63;154
63;155
63;156
63;157
63;158
63;159
63;160
63;161
63;162
63;163
63;164
63;165
63;232
63;233
63;234
63;235
63;236
63;237
63;238
63;239
63;240
63;241
63;242
63;243
63;244
63;245
63;246
63;247
63;248
63;249
63;250
63;251
63;252
63;253
63;254
63;255
63;256
63;257
63;258
63;259
63;260
63;261
63;262
63;263
63;264
63;265
63;266
63;267
63;268
63;269
63;270
63;271
63;272
63;273
63;274
63;275
63;276
63;277
63;278
63;279
63;280
63;281
63;282
63;283
63;284
63;285
63;286
63;287
63;288
63;289
63;290
63;291
63;292
63;293
63;294
63;295
63;296
63;297
63;298
63;299
63;300
63;301
63;302
63;303
63;304
63;305
63;306
63;307
63;308
63;309
63;310
63;311
63;312
63;313
63;314
63;315
63;316
63;317
63;318
63;319
63;320
63;321
63;322
63;323
63;324
63;325
63;326
63;327
63;328
63;329
63;330
63;358
63;359
63;360
63;361
63;362
63;363
63;364
63;365
63;366
63;367
63;368
63;369
63;370
63;371
63;372
63;373
63;374
63;375
63;376
63;377
63;378
63;379
63;446
63;447
63;448
63;449
63;450
63;451
63;452
63;453
63;454
63;455
63;456
63;457
63;458
63;459
63;460
63;461
63;462
63;463
63;464
63;465
63;466
63;467
63;468
63;469
63;470
63;471
63;472
63;473
63;474
63;475
63;476
63;477
63;478
63;479
63;480
63;482
63;484
64;0
64;1
64;2
64;3
64;4
64;5
64;6
64;7
64;8
64;9
64;10
64;11
64;12
64;13
64;14
64;15
64;16
64;17
64;18
64;19
64;20
64;21
64;22
64;23
64;24
64;25
64;26
64;27
64;28
64;29
64;30
64;31
64;32
64;33
64;34
64;35
64;36
64;37
64;38
64;39
64;40
64;41
64;42
64;43
64;44
64;45
64;46
64;47
64;48
64;49
64;50
64;51
64;52
64;53
64;54
64;55
64;56
64;57
64;58
64;59
64;60
64;61
64;62
64;63
64;64
64;65
64;66
64;67
64;68
64;69
64;70
64;71
64;72
64;73
64;74
64;75
64;76
64;77
64;78
64;79
64;80
64;81
64;82
64;83
64;84
64;85
64;86
64;87
64;88
64;89
64;90
64;91
64;92
64;93
64;94
64;95
64;96
64;97
64;98
64;99
64;100
64;101
64;102
64;103
64;104
64;105
64;106
64;107
64;108
64;109
64;110
64;111
64;112
64;113
64;114
64;115
64;116
64;117
64;118
64;119
64;120
64;121
64;122
64;123
64;124
64;125
64;126
64;127
64;128
64;129
64;130
64;131
64;132
64;133
64;134
64;135
64;136
64;137
64;138
64;139
64;140
64;141
64;142
64;143
64;144
64;145
64;146
64;147
64;148
64;149
64;150
64;151
64;152
64;153
64;154
64;155
64;156
64;157
64;158
64;159
64;160
64;161
64;162
64;163
64;164
64;165
64;166
64;167
64;169
64;232
64;233
64;234
64;235
64;236
64;237
64;238
64;239
64;240
64;241
64;242
64;243
64;244
64;245
64;246
64;247
64;248
64;249
64;250
64;251
64;252
64;253
64;254
64;255
64;256
64;257
64;258
64;259
64;260
64;261
64;262
64;263
64;264
64;265
64;266
64;267
64;268
64;269
64;270
64;271
64;272
64;273
64;274
64;275
64;276
64;277
64;278
64;279
64;280
64;281
64;282
64;283
64;284
64;285
64;286
64;287
64;288
64;289
64;290
64;291
64;292
64;293
64;294
64;295
64;296
64;297
64;298
64;299
64;300
64;301
64;302
64;303
64;304
64;305
64;306
64;307
64;308
64;309
64;310
64;311
64;312
64;313
64;314
64;315
64;316
64;317
64;318
64;319
64;320
64;321
64;322
64;323
64;324
64;325
64;326
64;327
64;328
64;329
64;358
64;359
64;360
64;361
64;362
64;363
64;364
64;365
64;366
64;367
64;368
64;369
64;370
64;371
64;372
64;373
64;374
64;375
64;376
64;377
64;378
64;447
64;448
64;449
64;450
64;451
64;452
64;453
64;454
64;455
64;456
64;457
64;458
64;459
64;460
64;461
64;462
64;463
64;464
64;465
64;466
64;467
64;468
64;469
64;470
64;471
64;472
64;474
64;476
65;0
65;1
65;2
65;3
65;4
65;5
65;6
65;7
65;8
65;9
65;10
65;11
65;12
65;13
65;14
65;15
65;16
65;17
65;18
65;19
65;20
65;21
65;22
65;23
65;24
65;25
65;26
65;27
65;28
65;29
65;30
65;31
65;32
65;33
65;34
65;35
65;36
65;37
65;38
65;39
65;40
65;41
65;42
65;43
65;44
65;45
65;46
65;47
65;48
65;49
65;50
65;51
65;52
65;53
65;54
65;55
65;56
65;57
65;58
65;59
65;60
65;61
65;62
65;63
65;64
65;65
65;66
65;67
65;68
65;69
65;70
65;71
65;72
65;73
65;74
65;75
65;76
65;77
65;78
65;79
65;80
65;81
65;82
65;83
65;84
65;85
65;86
65;87
65;88
65;89
65;90
65;91
65;92
65;93
65;94
65;95
65;96
65;97
65;98
65;99
65;100
65;101
65;102
65;103
65;104
65;105
65;106
65;107
65;108
65;109
65;110
65;111
65;112
65;113
65;114
65;115
65;116
65;117
65;118
65;119
65;120
65;121
65;122
65;123
65;124
65;125
65;126
65;127
65;128
65;129
65;130
65;131
65;132
65;133
65;134
65;135
65;136
65;137
65;138
65;139
65;140
65;141
65;142
65;143
65;144
65;145
65;146
65;147
65;148
65;149
65;150
65;151
65;152
65;153
65;154
65;155
65;156
65;157
65;158
65;159
65;160
65;161
65;162
65;163
65;164
65;165
65;166
65;167
65;168
65;169
65;170
65;171
65;232
65;233
65;234
65;235
65;236
65;237
65;238
65;239
65;240
65;241
65;242
65;243
65;244
65;245
65;246
65;247
65;248
65;249
65;250
65;251
65;252
65;253
65;254
65;255
65;256
65;257
65;258
65;259
65;260
65;261
65;262
65;263
65;264
65;265
65;266
65;267
65;268
65;269
65;270
65;271
65;272
65;273
65;274
65;275
65;276
65;277
65;278
65;279
65;280
65;281
65;282
65;283
65;284
65;285
65;286
65;287
65;288
65;289
65;290
65;291
65;292
65;293
65;294
65;295
65;296
65;297
65;298
65;299
65;300
65;301
65;302
65;303
65;304
65;305
65;306
65;307
65;308
65;309
65;310
65;311
65;312
65;313
65;314
65;315
65;316
65;317
65;318
65;319
65;320
65;321
65;322
65;323
65;324
65;325
65;326
65;327
65;328
65;329
65;359
65;360
65;361
65;362
65;363
65;364
65;365
65;366
65;367
65;368
65;369
65;370
65;371
65;372
65;373
65;374
65;375
65;376
65;377
65;447
65;448
65;449
65;450
65;451
65;452
65;453
65;454
65;455
65;456
65;457
65;458
65;459
65;460
65;461
65;462
65;464
65;466
66;2
66;3
66;4
66;5
66;6
66;7
66;8
66;9
66;10
66;11
66;12
66;13
66;14
66;15
66;16
66;17
66;18
66;19
66;20
66;21
66;22
66;23
66;24
66;25
66;26
66;27
66;28
66;29
66;30
66;31
66;32
66;33
66;34
66;35
66;36
66;37
66;38
66;39
66;40
66;41
66;42
66;43
66;44
66;45
66;46
66;47
66;48
66;49
66;50
66;51
66;52
66;53
66;54
66;55
66;56
66;57
66;58
66;59
66;60
66;61
66;62
66;63
66;64
66;65
66;66
66;67
66;68
66;69
66;70
66;71
66;72
66;73
66;74
66;75
66;76
66;77
66;78
66;79
66;80
66;81
66;82
66;83
66;84
66;85
66;86
66;87
66;88
66;89
66;90
66;91
66;92
66;93
66;94
66;95
66;96
66;97
66;98
66;99
66;100
66;101
66;102
66;103
66;104
66;105
66;106
66;107
66;108
66;109
66;110
66;111
66;112
66;113
66;114
66;115
66;116
66;117
66;118
66;119
66;120
66;121
66;122
66;123
66;124
66;125
66;126
66;127
66;128
66;129
66;130
66;131
66;132
66;133
66;134
66;135
66;136
66;137
66;138
66;139
66;140
66;141
66;142
66;143
66;144
66;145
66;146
66;147
66;148
66;149
66;150
66;151
66;152
66;153
66;154
66;155
66;156
66;157
66;158
66;159
66;160
66;161
66;162
66;163
66;164
66;165
66;166
66;167
66;168
66;169
66;170
66;171
66;172
66;173
66;175
66;233
66;234
66;235
66;236
66;237
66;238
66;239
66;240
66;241
66;242
66;243
66;244
66;245
66;246
66;247
66;248
66;249
66;250
66;251
66;252
66;253
66;254
66;255
66;256
66;257
66;258
66;259
66;260
66;261
66;262
66;263
66;264
66;265
66;266
66;267
66;268
66;269
66;270
66;271
66;272
66;273
66;274
66;275
66;276
66;277
66;278
66;279
66;280
66;281
66;282
66;283
66;284
66;285
66;286
66;287
66;288
66;289
66;290
66;291
66;292
66;293
66;294
66;295
66;296
66;297
66;298
66;299
66;300
66;301
66;302
66;303
66;304
66;305
66;306
66;307
66;308
66;309
66;310
66;311
66;312
66;313
66;314
66;315
66;316
66;317
66;318
66;319
66;320
66;321
66;322
66;323
66;324
66;325
66;326
66;327
66;328
66;329
66;359
66;360
66;361
66;362
66;363
66;364
66;365
66;366
66;367
66;368
66;369
66;370
66;371
66;372
66;373
66;374
66;375
66;376
66;447
66;448
66;449
66;450
66;451
66;452
66;453
66;454
66;456
66;458
67;2
67;3
67;4
67;5
67;6
67;7
67;8
67;9
67;10
67;11
67;12
67;13
67;14
67;15
67;16
67;17
67;18
67;19
67;20
67;21
67;22
67;23
67;24
67;25
67;26
67;27
67;28
67;29
67;30
67;31
67;32
67;33
67;34
67;35
67;36
67;37
67;38
67;39
67;40
67;41
67;42
67;43
67;44
67;45
67;46
67;47
67;48
67;49
67;50
67;51
67;52
67;53
67;54
67;55
67;56
67;57
67;58
67;59
67;60
67;61
67;62
67;63
67;64
67;65
67;66
67;67
67;68
67;69
67;70
67;71
67;72
67;73
67;74
67;75
67;76
67;77
67;78
67;79
67;80
67;81
67;82
67;83
67;84
67;85
67;86
67;87
67;88
67;89
67;90
67;91
67;92
67;93
67;94
67;95
67;96
67;97
67;98
67;99
67;100
67;101
67;102
67;103
67;104
67;105
67;106
67;107
67;108
67;109
67;110
67;111
67;112
67;113
67;114
67;115
67;116
67;117
67;118
67;119
67;120
67;121
67;122
67;123
67;124
67;125
67;126
67;127
67;128
67;129
67;130
67;131
67;132
67;133
67;134
67;135
67;136
67;137
67;138
67;139
67;140
67;141
67;142
67;143
67;144
67;145
67;146
67;147
67;148
67;149
67;150
67;151
67;152
67;153
67;154
67;155
67;156
67;157
67;158
67;159
67;160
67;161
67;162
67;163
67;164
67;165
67;166
67;167
67;168
67;169
67;170
67;171
67;172
67;173
67;174
67;175
67;176
67;177
67;233
67;234
67;235
67;236
67;237
67;238
67;239
67;240
67;241
67;242
67;243
67;244
67;245
67;246
67;247
67;248
67;249
67;250
67;251
67;252
67;253
67;254
67;255
67;256
67;257
67;258
67;259
67;260
67;261
67;262
67;263
67;264
67;265
67;266
67;267
67;268
67;269
67;270
67;271
67;272
67;273
67;274
67;275
67;276
67;277
67;278
67;279
67;280
67;281
67;282
67;283
67;284
67;285
67;286
67;287
67;288
67;289
67;290
67;291
67;292
67;293
67;294
67;295
67;296
67;297
67;298
67;299
67;300
67;301
67;302
67;303
67;304
67;305
67;306
67;307
67;308
67;309
67;310
67;311
67;312
67;313
67;314
67;315
67;316
67;317
67;318
67;319
67;320
67;321
67;322
67;323
67;324
67;325
67;326
67;327
67;328
67;360
67;361
67;362
67;363
67;364
67;365
67;366
67;367
67;368
67;369
67;370
67;371
67;372
67;373
67;374
67;375
67;376
67;448
68;4
68;5
68;6
68;7
68;8
68;9
68;10
68;11
68;12
68;13
68;14
68;15
68;16
68;17
68;18
68;19
68;20
68;21
68;22
68;23
68;24
68;25
68;26
68;27
68;28
68;29
68;30
68;31
68;32
68;33
68;34
68;35
68;36
68;37
68;38
68;39
68;40
68;41
68;42
68;43
68;44
68;45
68;46
68;47
68;48
68;49
68;50
68;51
68;52
68;53
68;54
68;55
68;56
68;57
68;58
68;59
68;60
68;61
68;62
68;63
68;64
68;65
68;66
68;67
68;68
68;69
68;70
68;71
68;72
68;73
68;74
68;75
68;76
68;77
68;78
68;79
68;80
68;81
68;82
68;83
68;84
68;85
68;86
68;87
68;88
68;89
68;90
68;91
68;92
68;93
68;94
68;95
68;96
68;97
68;98
68;99
68;100
68;101
68;102
68;103
68;104
68;105
68;106
68;107
68;108
68;109
68;110
68;111
68;112
68;113
68;114
68;115
68;116
68;117
68;118
68;119
68;120
68;121
68;122
68;123
68;124
68;125
68;126
68;127
68;128
68;129
68;130
68;131
68;132
68;133
68;134
68;135
68;136
68;137
68;138
68;139
68;140
68;141
68;142
68;143
68;144
68;145
68;146
68;147
68;148
68;149
68;150
68;151
68;152
68;153
68;154
68;155
68;156
68;157
68;158
68;159
68;160
68;161
68;162
68;163
68;164
68;165
68;166
68;167
68;168
68;169
68;170
68;171
68;172
68;173
68;174
68;175
68;176
68;177
68;178
68;179
68;181
68;234
68;235
68;236
68;237
68;238
68;239
68;240
68;241
68;242
68;243
68;244
68;245
68;246
68;247
68;248
68;249
68;250
68;251
68;252
68;253
68;254
68;255
68;256
68;257
68;258
68;259
68;260
68;261
68;262
68;263
68;264
68;265
68;266
68;267
68;268
68;269
68;270
68;271
68;272
68;273
68;274
68;275
68;276
68;277
68;278
68;279
68;280
68;281
68;282
68;283
68;284
68;285
68;286
68;287
68;288
68;289
68;290
68;291
68;292
68;293
68;294
68;295
68;296
68;297
68;298
68;299
68;300
68;301
68;302
68;303
68;304
68;305
68;306
68;307
68;308
68;309
68;310
68;311
68;312
68;313
68;314
68;315
68;316
68;317
68;318
68;319
68;320
68;321
68;322
68;323
68;324
68;325
68;326
68;327
68;328
68;360
68;361
68;362
68;363
68;364
68;365
68;366
68;367
68;368
68;369
68;370
68;371
68;372
68;373
68;374
69;6
69;7
69;8
69;9
69;10
69;11
69;12
69;13
69;14
69;15
69;16
69;17
69;18
69;19
69;20
69;21
69;22
69;23
69;24
69;25
69;26
69;27
69;28
69;29
69;30
69;31
69;32
69;33
69;34
69;35
69;36
69;37
69;38
69;39
69;40
69;41
69;42
69;43
69;44
69;45
69;46
69;47
69;48
69;49
69;50
69;51
69;52
69;53
69;54
69;55
69;56
69;57
69;58
69;59
69;60
69;61
69;62
69;63
69;64
69;65
69;66
69;67
69;68
69;69
69;70
69;71
69;72
69;73
69;74
69;75
69;76
69;77
69;78
69;79
69;80
69;81
69;82
69;83
69;84
69;85
69;86
69;87
69;88
69;89
69;90
69;91
69;92
69;93
69;94
69;95
69;96
69;97
69;98
69;99
69;100
69;101
69;102
69;103
69;104
69;105
69;106
69;107
69;108
69;109
69;110
69;111
69;112
69;113
69;114
69;115
69;116
69;117
69;118
69;119
69;120
69;121
69;122
69;123
69;124
69;125
69;126
69;127
69;128
69;129
69;130
69;131
69;132
69;133
69;134
69;135
69;136
69;137
69;138
69;139
69;140
69;141
69;142
69;143
69;144
69;145
69;146
69;147
69;148
69;149
69;150
69;151
69;152
69;153
69;154
69;155
69;156
69;157
69;158
69;159
69;160
69;161
69;162
69;163
69;164
69;165
69;166
69;167
69;168
69;169
69;170
69;171
69;172
69;173
69;174
69;175
69;176
69;177
69;178
69;179
69;180
69;181
69;182
69;183
69;234
69;235
69;236
69;237
69;238
69;239
69;240
69;241
69;242
69;243
69;244
69;245
69;246
69;247
69;248
69;249
69;250
69;251
69;252
69;253
69;254
69;255
69;256
69;257
69;258
69;259
69;260
69;261
69;262
69;263
69;264
69;265
69;266
69;267
69;268
69;269
69;270
69;271
69;272
69;273
69;274
69;275
69;276
69;277
69;278
69;279
69;280
69;281
69;282
69;283
69;284
69;285
69;286
69;287
69;288
69;289
69;290
69;291
69;292
69;293
69;294
69;295
69;296
69;297
69;298
69;299
69;300
69;301
69;302
69;303
69;304
69;305
69;306
69;307
69;308
69;309
69;310
69;311
69;312
69;313
69;314
69;315
69;316
69;317
69;318
69;319
69;320
69;321
69;322
69;323
69;324
69;325
69;326
69;327
69;328
69;360
69;361
69;362
69;363
69;364
69;365
69;366
69;367
69;368
69;369
69;370
69;371
69;372
69;373
69;374
70;6
70;7
70;8
70;9
70;10
70;11
70;12
70;13
70;14
70;15
70;16
70;17
70;18
70;19
70;20
70;21
70;22
70;23
70;24
70;25
70;26
70;27
70;28
70;29
70;30
70;31
70;32
70;33
70;34
70;35
70;36
70;37
70;38
70;39
70;40
70;41
70;42
70;43
70;44
70;45
70;46
70;47
70;48
70;49
70;50
70;51
70;52
70;53
70;54
70;55
70;56
70;57
70;58
70;59
70;60
70;61
70;62
70;63
70;64
70;65
70;66
70;67
70;68
70;69
70;70
70;71
70;72
70;73
70;74
70;75
70;76
70;77
70;78
70;79
70;80
70;81
70;82
70;83
70;84
70;85
70;86
70;87
70;88
70;89
70;90
70;91
70;92
70;93
70;94
70;95
70;96
70;97
70;98
70;99
70;100
70;101
70;102
70;103
70;104
70;105
70;106
70;107
70;108
70;109
70;110
70;111
70;112
70;113
70;114
70;115
70;116
70;117
70;118
70;119
70;120
70;121
70;122
70;123
70;124
70;125
70;126
70;127
70;128
70;129
70;130
70;131
70;132
70;133
70;134
70;135
70;136
70;137
70;138
70;139
70;140
70;141
70;142
70;143
70;144
70;145
70;146
70;147
70;148
70;149
70;150
70;151
70;152
70;153
70;154
70;155
70;156
70;157
70;158
70;159
70;160
70;161
70;162
70;163
70;164
70;165
70;166
70;167
70;168
70;169
70;170
70;171
70;172
70;173
70;174
70;175
70;176
70;177
70;178
70;179
70;180
70;181
70;182
70;183
70;184
70;185
70;187
70;234
70;235
70;236
70;237
70;238
70;239
70;240
70;241
70;242
70;243
70;244
70;245
70;246
70;247
70;248
70;249
70;250
70;251
70;252
70;253
70;254
70;255
70;256
70;257
70;258
70;259
70;260
70;261
70;262
70;263
70;264
70;265
70;266
70;267
70;268
70;269
70;270
70;271
70;272
70;273
70;274
70;275
70;276
70;277
70;278
70;279
70;280
70;281
70;282
70;283
70;284
70;285
70;286
70;287
70;288
70;289
70;290
70;291
70;292
70;293
70;294
70;295
70;296
70;297
70;298
70;299
70;300
70;301
70;302
70;303
70;304
70;305
70;306
70;307
70;308
70;309
70;310
70;311
70;312
70;313
70;314
70;315
70;316
70;317
70;318
70;319
70;320
70;321
70;322
70;323
70;324
70;325
70;326
70;327
70;361
70;362
70;363
70;364
70;365
70;366
70;367
70;368
70;369
70;370
70;371
70;372
71;8
71;9
71;10
71;11
71;12
71;13
71;14
71;15
71;16
71;17
71;18
71;19
71;20
71;21
71;22
71;23
71;24
71;25
71;26
71;27
71;28
71;29
71;30
71;31
71;32
71;33
71;34
71;35
71;36
71;37
71;38
71;39
71;40
71;41
71;42
71;43
71;44
71;45
71;46
71;47
71;48
71;49
71;50
71;51
71;52
71;53
71;54
71;55
71;56
71;57
71;58
71;59
71;60
71;61
71;62
71;63
71;64
71;65
71;66
71;67
71;68
71;69
71;70
71;71
71;72
71;73
71;74
71;75
71;76
71;77
71;78
71;79
71;80
71;81
71;82
71;83
71;84
71;85
71;86
71;87
71;88
71;89
71;90
71;91
71;92
71;93
71;94
71;95
71;96
71;97
71;98
71;99
71;100
71;101
71;102
71;103
71;104
71;105
71;106
71;107
71;108
71;109
71;110
71;111
71;112
71;113
71;114
71;115
71;116
71;117
71;118
71;119
71;120
71;121
71;122
71;123
71;124
71;125
71;126
71;127
71;128
71;129
71;130
71;131
71;132
71;133
71;134
71;135
71;136
71;137
71;138
71;139
71;140
71;141
71;142
71;143
71;144
71;145
71;146
71;147
71;148
71;149
71;150
71;151
71;152
71;153
71;154
71;155
71;156
71;157
71;158
71;159
71;160
71;161
71;162
71;163
71;164
71;165
71;166
71;167
71;168
71;169
71;170
71;171
71;172
71;173
71;174
71;175
71;176
71;177
71;178
71;179
71;180
71;181
71;182
71;183
71;184
71;185
71;186
71;187
71;188
71;189
71;235
71;236
71;237
71;238
71;239
71;240
71;241
71;242
71;243
71;244
71;245
71;246
71;247
71;248
71;249
71;250
71;251
71;252
71;253
71;254
71;255
71;256
71;257
71;258
71;259
71;260
71;261
71;262
71;263
71;264
71;265
71;266
71;267
71;268
71;269
71;270
71;271
71;272
71;273
71;274
71;275
71;276
71;277
71;278
71;279
71;280
71;281
71;282
71;283
71;284
71;285
71;286
71;287
71;288
71;289
71;290
71;291
71;292
71;293
71;294
71;295
71;296
71;297
71;298
71;299
71;300
71;301
71;302
71;303
71;304
71;305
71;306
71;307
71;308
71;309
71;310
71;311
71;312
71;313
71;314
71;315
71;316
71;317
71;318
71;319
71;320
71;321
71;322
71;323
71;324
71;325
71;326
71;362
71;363
71;364
71;365
71;366
71;367
71;368
71;369
71;370
71;371
71;372
72;10
72;11
72;12
72;13
72;14
72;15
72;16
72;17
72;18
72;19
72;20
72;21
72;22
72;23
72;24
72;25
72;26
72;27
72;28
72;29
72;30
72;31
72;32
72;33
72;34
72;35
72;36
72;37
72;38
72;39
72;40
72;41
72;42
72;43
72;44
72;45
72;46
72;47
72;48
72;49
72;50
72;51
72;52
72;53
72;54
72;55
72;56
72;57
72;58
72;59
72;60
72;61
72;62
72;63
72;64
72;65
72;66
72;67
72;68
72;69
72;70
72;71
72;72
72;73
72;74
72;75
72;76
72;77
72;78
72;79
72;80
72;81
72;82
72;83
72;84
72;85
72;86
72;87
72;88
72;89
72;90
72;91
72;92
72;93
72;94
72;95
72;96
72;97
72;98
72;99
72;100
72;101
72;102
72;103
72;104
72;105
72;106
72;107
72;108
72;109
72;110
72;111
72;112
72;113
72;114
72;115
72;116
72;117
72;118
72;119
72;120
72;121
72;122
72;123
72;124
72;125
72;126
72;127
72;128
72;129
72;130
72;131
72;132
72;133
72;134
72;135
72;136
72;137
72;138
72;139
72;140
72;141
72;142
72;143
72;144
72;145
72;146
72;147
72;148
72;149
72;150
72;151
72;152
72;153
72;154
72;155
72;156
72;157
72;158
72;159
72;160
72;161
72;162
72;163
72;164
72;165
72;166
72;167
72;168
72;169
72;170
72;171
72;172
72;173
72;174
72;175
72;176
72;177
72;178
72;179
72;180
72;181
72;182
72;183
72;184
72;185
72;186
72;187
72;188
72;235
72;236
72;237
72;238
72;239
72;240
72;241
72;242
72;243
72;244
72;245
72;246
72;247
72;248
72;249
72;250
72;251
72;252
72;253
72;254
72;255
72;256
72;257
72;258
72;259
72;260
72;261
72;262
72;263
72;264
72;265
72;266
72;267
72;268
72;269
72;270
72;271
72;272
72;273
72;274
72;275
72;276
72;277
72;278
72;279
72;280
72;281
72;282
72;283
72;284
72;285
72;286
72;287
72;288
72;289
72;290
72;291
72;292
72;293
72;294
72;295
72;296
72;297
72;298
72;299
72;300
72;301
72;302
72;303
72;304
72;305
72;306
72;307
72;308
72;309
72;310
72;311
72;312
72;313
72;314
72;315
72;316
72;317
72;318
72;319
72;320
72;321
72;322
72;323
72;324
72;325
72;326
72;362
72;363
72;364
72;365
72;366
72;367
72;368
72;369
72;370
72;371
73;10
73;11
73;12
73;13
73;14
73;15
73;16
73;17
73;18
73;19
73;20
73;21
73;22
73;23
73;24
73;25
73;26
73;27
73;28
73;29
73;30
73;31
73;32
73;33
73;34
73;35
73;36
73;37
73;38
73;39
73;40
73;41
73;42
73;43
73;44
73;45
73;46
73;47
73;48
73;49
73;50
73;51
73;52
73;53
73;54
73;55
73;56
73;57
73;58
73;59
73;60
73;61
73;62
73;63
73;64
73;65
73;66
73;67
73;68
73;69
73;70
73;71
73;72
73;73
73;74
73;75
73;76
73;77
73;78
73;79
73;80
73;81
73;82
73;83
73;84
73;85
73;86
73;87
73;88
73;89
73;90
73;91
73;92
73;93
73;94
73;95
73;96
73;97
73;98
73;99
73;100
73;101
73;102
73;103
73;104
73;105
73;106
73;107
73;108
73;109
73;110
73;111
73;112
73;113
73;114
73;115
73;116
73;117
73;118
73;119
73;120
73;121
73;122
73;123
73;124
73;125
73;126
73;127
73;128
73;129
73;130
73;131
73;132
73;133
73;134
73;135
73;136
73;137
73;138
73;139
73;140
73;141
73;142
73;143
73;144
73;145
73;146
73;147
73;148
73;149
73;150
73;151
73;152
73;153
73;154
73;155
73;156
73;157
73;158
73;159
73;160
73;161
73;162
73;163
73;164
73;165
73;166
73;167
73;168
73;169
73;170
73;171
73;172
73;173
73;174
73;175
73;176
73;177
73;178
73;179
73;180
73;181
73;182
73;183
73;184
73;185
73;186
73;236
73;237
73;238
73;239
73;240
73;241
73;242
73;243
73;244
73;245
73;246
73;247
73;248
73;249
73;250
73;251
73;252
73;253
73;254
73;255
73;256
73;257
73;258
73;259
73;260
73;261
73;262
73;263
73;264
73;265
73;266
73;267
73;268
73;269
73;270
73;271
73;272
73;273
73;274
73;275
73;276
73;277
73;278
73;279
73;280
73;281
73;282
73;283
73;284
73;285
73;286
73;287
73;288
73;289
73;290
73;291
73;292
73;293
73;294
73;295
73;296
73;297
73;298
73;299
73;300
73;301
73;302
73;303
73;304
73;305
73;306
73;307
73;308
73;309
73;310
73;311
73;312
73;313
73;314
73;315
73;316
73;317
73;318
73;319
73;320
73;321
73;322
73;323
73;324
73;325
73;326
73;362
73;363
73;364
73;365
73;366
73;367
73;368
73;369
73;370
74;12
74;13
74;14
74;15
74;16
74;17
74;18
74;19
74;20
74;21
74;22
74;23
74;24
74;25
74;26
74;27
74;28
74;29
74;30
74;31
74;32
74;33
74;34
74;35
74;36
74;37
74;38
74;39
74;40
74;41
74;42
74;43
74;44
74;45
74;46
74;47
74;48
74;49
74;50
74;51
74;52
74;53
74;54
74;55
74;56
74;57
74;58
74;59
74;60
74;61
74;62
74;63
74;64
74;65
74;66
74;67
74;68
74;69
74;70
74;71
74;72
74;73
74;74
74;75
74;76
74;77
74;78
74;79
74;80
74;81
74;82
74;83
74;84
74;85
74;86
74;87
74;88
74;89
74;90
74;91
74;92
74;93
74;94
74;95
74;96
74;97
74;98
74;99
74;100
74;101
74;102
74;103
74;104
74;105
74;106
74;107
74;108
74;109
74;110
74;111
74;112
74;113
74;114
74;115
74;116
74;117
74;118
74;119
74;120
74;121
74;122
74;123
74;124
74;125
74;126
74;127
74;128
74;129
74;130
74;131
74;132
74;133
74;134
74;135
74;136
74;137
74;138
74;139
74;140
74;141
74;142
74;143
74;144
74;145
74;146
74;147
74;148
74;149
74;150
74;151
74;152
74;153
74;154
74;155
74;156
74;157
74;158
74;159
74;160
74;161
74;162
74;163
74;164
74;165
74;166
74;167
74;168
74;169
74;170
74;171
74;172
74;173
74;174
74;175
74;176
74;177
74;178
74;179
74;180
74;181
74;182
74;183
74;184
74;185
74;186
74;236
74;237
74;238
74;239
74;240
74;241
74;242
74;243
74;244
74;245
74;246
74;247
74;248
74;249
74;250
74;251
74;252
74;253
74;254
74;255
74;256
74;257
74;258
74;259
74;260
74;261
74;262
74;263
74;264
74;265
74;266
74;267
74;268
74;269
74;270
74;271
74;272
74;273
74;274
74;275
74;276
74;277
74;278
74;279
74;280
74;281
74;282
74;283
74;284
74;285
74;286
74;287
74;288
74;289
74;290
74;291
74;292
74;293
74;294
74;295
74;296
74;297
74;298
74;299
74;300
74;301
74;302
74;303
74;304
74;305
74;306
74;307
74;308
74;309
74;310
74;311
74;312
74;313
74;314
74;315
74;316
74;317
74;318
74;319
74;320
74;321
74;322
74;323
74;324
74;325
74;363
74;364
74;365
74;366
74;367
74;368
74;369
75;14
75;15
75;16
75;17
75;18
75;19
75;20
75;21
75;22
75;23
75;24
75;25
75;26
75;27
75;28
75;29
75;30
75;31
75;32
75;33
75;34
75;35
75;36
75;37
75;38
75;39
75;40
75;41
75;42
75;43
75;44
75;45
75;46
75;47
75;48
75;49
75;50
75;51
75;52
75;53
75;54
75;55
75;56
75;57
75;58
75;59
75;60
75;61
75;62
75;63
75;64
75;65
75;66
75;67
75;68
75;69
75;70
75;71
75;72
75;73
75;74
75;75
75;76
75;77
75;78
75;79
75;80
75;81
75;82
75;83
75;84
75;85
75;86
75;87
75;88
75;89
75;90
75;91
75;92
75;93
75;94
75;95
75;96
75;97
75;98
75;99
75;100
75;101
75;102
75;103
75;104
75;105
75;106
75;107
75;108
75;109
75;110
75;111
75;112
75;113
75;114
75;115
75;116
75;117
75;118
75;119
75;120
75;121
75;122
75;123
75;124
75;125
75;126
75;127
75;128
75;129
75;130
75;131
75;132
75;133
75;134
75;135
75;136
75;137
75;138
75;139
75;140
75;141
75;142
75;143
75;144
75;145
75;146
75;147
75;148
75;149
75;150
75;151
75;152
75;153
75;154
75;155
75;156
75;157
75;158
75;159
75;160
75;161
75;162
75;163
75;164
75;165
75;166
75;167
75;168
75;169
75;170
75;171
75;172
75;173
75;174
75;175
75;176
75;177
75;178
75;179
75;180
75;181
75;182
75;183
75;184
75;237
75;238
75;239
75;240
75;241
75;242
75;243
75;244
75;245
75;246
75;247
75;248
75;249
75;250
75;251
75;252
75;253
75;254
75;255
75;256
75;257
75;258
75;259
75;260
75;261
75;262
75;263
75;264
75;265
75;266
75;267
75;268
75;269
75;270
75;271
75;272
75;273
75;274
75;275
75;276
75;277
75;278
75;279
75;280
75;281
75;282
75;283
75;284
75;285
75;286
75;287
75;288
75;289
75;290
75;291
75;292
75;293
75;294
75;295
75;296
75;297
75;298
75;299
75;300
75;301
75;302
75;303
75;304
75;305
75;306
75;307
75;308
75;309
75;310
75;311
75;312
75;313
75;314
75;315
75;316
75;317
75;318
75;319
75;320
75;321
75;322
75;323
75;324
75;363
75;364
75;365
75;366
75;367
75;368
76;14
76;15
76;16
76;17
76;18
76;19
76;20
76;21
76;22
76;23
76;24
76;25
76;26
76;27
76;28
76;29
76;30
76;31
76;32
76;33
76;34
76;35
76;36
76;37
76;38
76;39
76;40
76;41
76;42
76;43
76;44
76;45
76;46
76;47
76;48
76;49
76;50
76;51
76;52
76;53
76;54
76;55
76;56
76;57
76;58
76;59
76;60
76;61
76;62
76;63
76;64
76;65
76;66
76;67
76;68
76;69
76;70
76;71
76;72
76;73
76;74
76;75
76;76
76;77
76;78
76;79
76;80
76;81
76;82
76;83
76;84
76;85
76;86
76;87
76;88
76;89
76;90
76;91
76;92
76;93
76;94
76;95
76;96
76;97
76;98
76;99
76;100
76;101
76;102
76;103
76;104
76;105
76;106
76;107
76;108
76;109
76;110
76;111
76;112
76;113
76;114
76;115
76;116
76;117
76;118
76;119
76;120
76;121
76;122
76;123
76;124
76;125
76;126
76;127
76;128
76;129
76;130
76;131
76;132
76;133
76;134
76;135
76;136
76;137
76;138
76;139
76;140
76;141
76;142
76;143
76;144
76;145
76;146
76;147
76;148
76;149
76;150
76;151
76;152
76;153
76;154
76;155
76;156
76;157
76;158
76;159
76;160
76;161
76;162
76;163
76;164
76;165
76;166
76;167
76;168
76;169
76;170
76;171
76;172
76;173
76;174
76;175
76;176
76;177
76;178
76;179
76;180
76;181
76;182
76;238
76;239
76;240
76;241
76;242
76;243
76;244
76;245
76;246
76;247
76;248
76;249
76;250
76;251
76;252
76;253
76;254
76;255
76;256
76;257
76;258
76;259
76;260
76;261
76;262
76;263
76;264
76;265
76;266
76;267
76;268
76;269
76;270
76;271
76;272
76;273
76;274
76;275
76;276
76;277
76;278
76;279
76;280
76;281
76;282
76;283
76;284
76;285
76;286
76;287
76;288
76;289
76;290
76;291
76;292
76;293
76;294
76;295
76;296
76;297
76;298
76;299
76;300
76;301
76;302
76;303
76;304
76;305
76;306
76;307
76;308
76;309
76;310
76;311
76;312
76;313
76;314
76;315
76;316
76;317
76;318
76;319
76;320
76;321
76;322
76;323
76;324
76;364
76;365
76;366
76;367
77;16
77;17
77;18
77;19
77;20
77;21
77;22
77;23
77;24
77;25
77;26
77;27
77;28
77;29
77;30
77;31
77;32
77;33
77;34
77;35
77;36
77;37
77;38
77;39
77;40
77;41
77;42
77;43
77;44
77;45
77;46
77;47
77;48
77;49
77;50
77;51
77;52
77;53
77;54
77;55
77;56
77;57
77;58
77;59
77;60
77;61
77;62
77;63
77;64
77;65
77;66
77;67
77;68
77;69
77;70
77;71
77;72
77;73
77;74
77;75
77;76
77;77
77;78
77;79
77;80
77;81
77;82
77;83
77;84
77;86
77;87
77;88
77;89
77;90
77;91
77;92
77;93
77;94
77;95
77;96
77;97
77;98
77;99
77;100
77;101
77;102
77;103
77;104
77;105
77;106
77;107
77;108
77;109
77;110
77;111
77;112
77;113
77;114
77;115
77;116
77;117
77;118
77;119
77;120
77;121
77;122
77;123
77;124
77;125
77;126
77;127
77;128
77;129
77;130
77;131
77;132
77;133
77;134
77;135
77;136
77;137
77;138
77;139
77;140
77;141
77;142
77;143
77;144
77;145
77;146
77;147
77;148
77;149
77;150
77;151
77;152
77;153
77;154
77;155
77;156
77;157
77;158
77;159
77;160
77;161
77;162
77;163
77;164
77;165
77;166
77;167
77;168
77;169
77;170
77;171
77;172
77;173
77;174
77;175
77;176
77;177
77;178
77;179
77;180
77;181
77;238
77;239
77;240
77;241
77;242
77;243
77;244
77;245
77;246
77;247
77;248
77;249
77;250
77;251
77;252
77;253
77;254
77;255
77;256
77;257
77;258
77;259
77;260
77;261
77;262
77;263
77;264
77;265
77;266
77;267
77;268
77;269
77;270
77;271
77;272
77;273
77;274
77;275
77;276
77;277
77;278
77;279
77;280
77;281
77;282
77;283
77;284
77;285
77;286
77;287
77;288
77;289
77;290
77;291
77;292
77;293
77;294
77;295
77;296
77;297
77;298
77;299
77;300
77;301
77;302
77;303
77;304
77;305
77;306
77;307
77;308
77;309
77;310
77;311
77;312
77;313
77;314
77;315
77;316
77;317
77;318
77;319
77;320
77;321
77;322
77;323
77;364
77;365
77;366
78;18
78;19
78;20
78;21
78;22
78;23
78;24
78;25
78;26
78;27
78;28
78;29
78;30
78;31
78;32
78;33
78;34
78;35
78;36
78;37
78;38
78;39
78;40
78;41
78;42
78;43
78;44
78;45
78;46
78;47
78;48
78;49
78;50
78;51
78;52
78;53
78;54
78;55
78;56
78;57
78;58
78;59
78;60
78;61
78;62
78;63
78;64
78;65
78;66
78;67
78;68
78;69
78;70
78;71
78;72
78;73
78;74
78;75
78;76
78;77
78;78
78;79
78;80
78;81
78;82
78;83
78;84
78;87
78;88
78;89
78;90
78;91
78;92
78;93
78;94
78;95
78;96
78;97
78;98
78;99
78;100
78;101
78;102
78;103
78;104
78;105
78;106
78;107
78;108
78;109
78;110
78;111
78;112
78;113
78;114
78;115
78;116
78;117
78;118
78;119
78;120
78;121
78;122
78;123
78;124
78;125
78;126
78;127
78;128
78;129
78;130
78;131
78;132
78;133
78;134
78;135
78;136
78;137
78;138
78;139
78;140
78;141
78;142
78;143
78;144
78;145
78;146
78;147
78;148
78;149
78;150
78;151
78;152
78;153
78;154
78;155
78;156
78;157
78;158
78;159
78;160
78;161
78;162
78;163
78;164
78;165
78;166
78;167
78;168
78;169
78;170
78;171
78;172
78;173
78;174
78;175
78;176
78;177
78;178
78;179
78;180
78;239
78;240
78;241
78;242
78;243
78;244
78;245
78;246
78;247
78;248
78;249
78;250
78;251
78;252
78;253
78;254
78;255
78;256
78;257
78;258
78;259
78;260
78;261
78;262
78;263
78;264
78;265
78;266
78;267
78;268
78;269
78;270
78;271
78;272
78;273
78;274
78;275
78;276
78;277
78;278
78;279
78;280
78;281
78;282
78;283
78;284
78;285
78;286
78;287
78;288
78;289
78;290
78;291
78;292
78;293
78;294
78;295
78;296
78;297
78;298
78;299
78;300
78;301
78;302
78;303
78;304
78;305
78;306
78;307
78;308
78;309
78;310
78;311
78;312
78;313
78;314
78;315
78;316
78;317
78;318
78;319
78;320
78;321
78;322
78;365
78;366
79;18
79;19
79;20
79;21
79;22
79;23
79;24
79;25
79;26
79;27
79;28
79;29
79;30
79;31
79;32
79;33
79;34
79;35
79;36
79;37
79;38
79;39
79;40
79;41
79;42
79;43
79;44
79;45
79;46
79;47
79;48
79;49
79;50
79;51
79;52
79;53
79;54
79;55
79;56
79;57
79;58
79;59
79;60
79;61
79;62
79;63
79;64
79;65
79;66
79;67
79;68
79;69
79;70
79;71
79;72
79;73
79;74
79;75
79;76
79;77
79;78
79;79
79;80
79;81
79;82
79;83
79;84
79;88
79;89
79;90
79;91
79;92
79;93
79;94
79;95
79;96
79;97
79;98
79;99
79;100
79;101
79;102
79;103
79;104
79;105
79;106
79;107
79;108
79;109
79;110
79;111
79;112
79;113
79;114
79;115
79;116
79;117
79;118
79;119
79;120
79;121
79;122
79;123
79;124
79;125
79;126
79;127
79;128
79;129
79;130
79;131
79;132
79;133
79;134
79;135
79;136
79;137
79;138
79;139
79;140
79;141
79;142
79;143
79;144
79;145
79;146
79;147
79;148
79;149
79;150
79;151
79;152
79;153
79;154
79;155
79;156
79;157
79;158
79;159
79;160
79;161
79;162
79;163
79;164
79;165
79;166
79;167
79;168
79;169
79;170
79;171
79;172
79;173
79;174
79;175
79;176
79;177
79;178
79;240
79;241
79;242
79;243
79;244
79;245
79;246
79;247
79;248
79;249
79;250
79;251
79;252
79;253
79;254
79;255
79;256
79;257
79;258
79;259
79;260
79;261
79;262
79;263
79;264
79;265
79;266
79;267
79;268
79;269
79;270
79;271
79;272
79;273
79;274
79;275
79;276
79;277
79;278
79;279
79;280
79;281
79;282
79;283
79;284
79;285
79;286
79;287
79;288
79;289
79;290
79;291
79;292
79;293
79;294
79;295
79;296
79;297
79;298
79;299
79;300
79;301
79;302
79;303
79;304
79;305
79;306
79;307
79;308
79;309
79;310
79;311
79;312
79;313
79;314
79;315
79;316
79;317
79;318
79;319
79;320
79;321
79;322
80;20
80;21
80;22
80;23
80;24
80;25
80;26
80;27
80;28
80;29
80;30
80;31
80;32
80;33
80;34
80;35
80;36
80;37
80;38
80;39
80;40
80;41
80;42
80;43
80;44
80;45
80;46
80;47
80;48
80;49
80;50
80;51
80;52
80;53
80;54
80;55
80;56
80;57
80;58
80;59
80;60
80;61
80;62
80;63
80;64
80;65
80;66
80;67
80;68
80;69
80;70
80;71
80;72
80;73
80;74
80;75
80;76
80;77
80;78
80;79
80;80
80;81
80;82
80;83
80;84
80;88
80;89
80;90
80;91
80;92
80;93
80;94
80;95
80;96
80;97
80;98
80;99
80;100
80;101
80;102
80;103
80;104
80;105
80;106
80;107
80;108
80;109
80;110
80;111
80;112
80;113
80;114
80;115
80;116
80;117
80;118
80;119
80;120
80;121
80;122
80;123
80;124
80;125
80;126
80;127
80;128
80;129
80;130
80;131
80;132
80;133
80;134
80;135
80;136
80;137
80;138
80;139
80;140
80;141
80;142
80;143
80;144
80;145
80;146
80;147
80;148
80;149
80;150
80;151
80;152
80;153
80;154
80;155
80;156
80;157
80;158
80;159
80;160
80;161
80;162
80;163
80;164
80;165
80;166
80;167
80;168
80;169
80;170
80;171
80;172
80;173
80;174
80;175
80;176
80;241
80;242
80;243
80;244
80;245
80;246
80;247
80;248
80;249
80;250
80;251
80;252
80;253
80;254
80;255
80;256
80;257
80;258
80;259
80;260
80;261
80;262
80;263
80;264
80;265
80;266
80;267
80;268
80;269
80;270
80;271
80;272
80;273
80;274
80;275
80;276
80;277
80;278
80;279
80;280
80;281
80;282
80;283
80;284
80;285
80;286
80;287
80;288
80;289
80;290
80;291
80;292
80;293
80;294
80;295
80;296
80;297
80;298
80;299
80;300
80;301
80;302
80;303
80;304
80;305
80;306
80;307
80;308
80;309
80;310
80;311
80;312
80;313
80;314
80;315
80;316
80;317
80;318
80;319
80;320
81;22
81;23
81;24
81;25
81;26
81;27
81;28
81;29
81;30
81;31
81;32
81;33
81;34
81;35
81;36
81;37
81;38
81;39
81;40
81;41
81;42
81;43
81;44
81;45
81;46
81;47
81;48
81;49
81;50
81;51
81;52
81;53
81;54
81;55
81;56
81;57
81;58
81;59
81;60
81;61
81;62
81;63
81;64
81;65
81;66
81;67
81;68
81;69
81;70
81;71
81;72
81;73
81;74
81;75
81;76
81;77
81;78
81;79
81;80
81;81
81;82
81;83
81;90
81;91
81;92
81;93
81;94
81;95
81;96
81;97
81;98
81;99
81;100
81;101
81;102
81;103
81;104
81;105
81;106
81;107
81;108
81;109
81;110
81;111
81;112
81;113
81;114
81;115
81;116
81;117
81;118
81;119
81;120
81;121
81;122
81;123
81;124
81;125
81;126
81;127
81;128
81;129
81;130
81;131
81;132
81;133
81;134
81;135
81;136
81;137
81;138
81;139
81;140
81;141
81;142
81;143
81;144
81;145
81;146
81;147
81;148
81;149
81;150
81;151
81;152
81;153
81;154
81;155
81;156
81;157
81;158
81;159
81;160
81;161
81;162
81;163
81;164
81;165
81;166
81;167
81;168
81;169
81;170
81;171
81;172
81;173
81;174
81;175
81;176
81;242
81;243
81;244
81;245
81;246
81;247
81;248
81;249
81;250
81;251
81;252
81;253
81;254
81;255
81;256
81;257
81;258
81;259
81;260
81;261
81;262
81;263
81;264
81;265
81;266
81;267
81;268
81;269
81;270
81;271
81;272
81;273
81;274
81;275
81;276
81;277
81;278
81;279
81;280
81;281
81;282
81;283
81;284
81;285
81;286
81;287
81;288
81;289
81;290
81;291
81;292
81;293
81;294
81;295
81;296
81;297
81;298
81;299
81;300
81;301
81;302
81;303
81;304
81;305
81;306
81;307
81;308
81;309
81;310
81;311
81;312
81;313
81;314
81;315
81;316
81;317
81;318
81;319
81;320
82;23
82;24
82;25
82;26
82;27
82;28
82;29
82;30
82;31
82;32
82;33
82;34
82;35
82;36
82;37
82;38
82;39
82;40
82;41
82;42
82;43
82;44
82;45
82;46
82;47
82;48
82;49
82;50
82;51
82;52
82;53
82;54
82;55
82;56
82;57
82;58
82;59
82;60
82;61
82;62
82;63
82;64
82;65
82;66
82;67
82;68
82;69
82;70
82;71
82;72
82;73
82;74
82;75
82;76
82;77
82;78
82;79
82;80
82;81
82;82
82;83
82;90
82;91
82;92
82;93
82;94
82;95
82;96
82;97
82;98
82;99
82;100
82;101
82;102
82;103
82;104
82;105
82;106
82;107
82;108
82;109
82;110
82;111
82;112
82;113
82;114
82;115
82;116
82;117
82;118
82;119
82;120
82;121
82;122
82;123
82;124
82;125
82;126
82;127
82;128
82;129
82;130
82;131
82;132
82;133
82;134
82;135
82;136
82;137
82;138
82;139
82;140
82;141
82;142
82;143
82;144
82;145
82;146
82;147
82;148
82;149
82;150
82;151
82;152
82;153
82;154
82;155
82;156
82;157
82;158
82;159
82;160
82;161
82;162
82;163
82;164
82;165
82;166
82;167
82;168
82;169
82;170
82;171
82;172
82;173
82;174
82;243
82;244
82;245
82;246
82;247
82;248
82;249
82;250
82;251
82;252
82;253
82;254
82;255
82;256
82;257
82;258
82;259
82;260
82;261
82;262
82;263
82;264
82;265
82;266
82;267
82;268
82;269
82;270
82;271
82;272
82;273
82;274
82;275
82;276
82;277
82;278
82;279
82;280
82;281
82;282
82;283
82;284
82;285
82;286
82;287
82;288
82;289
82;290
82;291
82;292
82;293
82;294
82;295
82;296
82;297
82;298
82;299
82;300
82;301
82;302
82;303
82;304
82;305
82;306
82;307
82;308
82;309
82;310
82;311
82;312
82;313
82;314
82;315
82;316
82;317
82;318
83;24
83;25
83;26
83;27
83;28
83;29
83;30
83;31
83;32
83;33
83;34
83;35
83;36
83;37
83;38
83;39
83;40
83;41
83;42
83;43
83;44
83;45
83;46
83;47
83;48
83;49
83;50
83;51
83;52
83;53
83;54
83;55
83;56
83;57
83;58
83;59
83;60
83;61
83;62
83;63
83;64
83;65
83;66
83;67
83;68
83;69
83;70
83;71
83;72
83;73
83;74
83;75
83;76
83;77
83;78
83;79
83;80
83;81
83;82
83;83
83;91
83;92
83;93
83;94
83;95
83;96
83;97
83;98
83;99
83;100
83;101
83;102
83;103
83;104
83;105
83;106
83;107
83;108
83;109
83;110
83;111
83;112
83;113
83;114
83;115
83;116
83;117
83;118
83;119
83;120
83;121
83;122
83;123
83;124
83;125
83;126
83;127
83;128
83;129
83;130
83;131
83;132
83;133
83;134
83;135
83;136
83;137
83;138
83;139
83;140
83;141
83;142
83;143
83;144
83;145
83;146
83;147
83;148
83;149
83;150
83;151
83;152
83;153
83;154
83;155
83;156
83;157
83;158
83;159
83;160
83;161
83;162
83;163
83;164
83;165
83;166
83;167
83;168
83;169
83;170
83;171
83;172
83;244
83;245
83;246
83;247
83;248
83;249
83;250
83;251
83;252
83;253
83;254
83;255
83;256
83;257
83;258
83;259
83;260
83;261
83;262
83;263
83;264
83;265
83;266
83;267
83;268
83;269
83;270
83;271
83;272
83;273
83;274
83;275
83;276
83;277
83;278
83;279
83;280
83;281
83;282
83;283
83;284
83;285
83;286
83;287
83;288
83;289
83;290
83;291
83;292
83;293
83;294
83;295
83;296
83;297
83;298
83;299
83;300
83;301
83;302
83;303
83;304
83;305
83;306
83;307
83;308
83;309
83;310
83;311
83;312
83;313
83;314
83;315
83;316
83;317
83;318
84;26
84;27
84;28
84;29
84;30
84;31
84;32
84;33
84;34
84;35
84;36
84;37
84;38
84;39
84;40
84;41
84;42
84;43
84;44
84;45
84;46
84;47
84;48
84;49
84;50
84;51
84;52
84;53
84;54
84;55
84;56
84;57
84;58
84;59
84;60
84;61
84;62
84;63
84;64
84;65
84;66
84;67
84;68
84;69
84;70
84;71
84;72
84;73
84;74
84;75
84;76
84;77
84;78
84;79
84;80
84;81
84;82
84;83
84;92
84;93
84;94
84;95
84;96
84;97
84;98
84;99
84;100
84;101
84;102
84;103
84;104
84;105
84;106
84;107
84;108
84;109
84;110
84;111
84;112
84;113
84;114
84;115
84;116
84;117
84;118
84;119
84;120
84;121
84;122
84;123
84;124
84;125
84;126
84;127
84;128
84;129
84;130
84;131
84;132
84;133
84;134
84;135
84;136
84;137
84;138
84;139
84;140
84;141
84;142
84;143
84;144
84;145
84;146
84;147
84;148
84;149
84;150
84;151
84;152
84;153
84;154
84;155
84;156
84;157
84;158
84;159
84;160
84;161
84;162
84;163
84;164
84;165
84;166
84;167
84;168
84;169
84;170
84;171
84;243
84;244
84;245
84;246
84;247
84;248
84;249
84;250
84;251
84;252
84;253
84;254
84;255
84;256
84;257
84;258
84;259
84;260
84;261
84;262
84;263
84;264
84;265
84;266
84;267
84;268
84;269
84;270
84;271
84;272
84;273
84;274
84;275
84;276
84;277
84;278
84;279
84;280
84;281
84;282
84;283
84;284
84;285
84;286
84;287
84;288
84;289
84;290
84;291
84;292
84;293
84;294
84;295
84;296
84;297
84;298
84;299
84;300
84;301
84;302
84;303
84;304
84;305
84;306
84;307
84;308
84;309
84;310
84;311
84;312
84;313
84;314
84;315
84;316
85;27
85;28
85;29
85;30
85;31
85;32
85;33
85;34
85;35
85;36
85;37
85;38
85;39
85;40
85;41
85;42
85;43
85;44
85;45
85;46
85;47
85;48
85;49
85;50
85;51
85;52
85;53
85;54
85;55
85;56
85;57
85;58
85;59
85;60
85;61
85;62
85;63
85;64
85;65
85;66
85;67
85;68
85;69
85;70
85;71
85;72
85;73
85;74
85;75
85;76
85;77
85;78
85;79
85;80
85;81
85;82
85;93
85;94
85;95
85;96
85;97
85;98
85;99
85;100
85;101
85;102
85;103
85;104
85;105
85;106
85;107
85;108
85;109
85;110
85;111
85;112
85;113
85;114
85;115
85;116
85;117
85;118
85;119
85;120
85;121
85;122
85;123
85;124
85;125
85;126
85;127
85;128
85;129
85;130
85;131
85;132
85;133
85;134
85;135
85;136
85;137
85;138
85;139
85;140
85;141
85;142
85;143
85;144
85;145
85;146
85;147
85;148
85;149
85;150
85;151
85;152
85;153
85;154
85;155
85;156
85;157
85;158
85;159
85;160
85;161
85;162
85;163
85;164
85;165
85;166
85;167
85;168
85;169
85;170
85;241
85;242
85;243
85;244
85;245
85;246
85;247
85;248
85;249
85;250
85;251
85;252
85;253
85;254
85;255
85;256
85;257
85;258
85;259
85;260
85;261
85;262
85;263
85;264
85;265
85;266
85;267
85;268
85;269
85;270
85;271
85;272
85;273
85;274
85;275
85;276
85;277
85;278
85;279
85;280
85;281
85;282
85;283
85;284
85;285
85;286
85;287
85;288
85;289
85;290
85;291
85;292
85;293
85;294
85;295
85;296
85;297
85;298
85;299
85;300
85;301
85;302
85;303
85;304
85;305
85;306
85;307
85;308
85;309
85;310
85;311
85;312
85;313
85;314
85;315
85;316
86;28
86;29
86;30
86;31
86;32
86;33
86;34
86;35
86;36
86;37
86;38
86;39
86;40
86;41
86;42
86;43
86;44
86;45
86;46
86;47
86;48
86;49
86;50
86;51
86;52
86;53
86;54
86;55
86;56
86;57
86;58
86;59
86;60
86;61
86;62
86;63
86;64
86;65
86;66
86;67
86;68
86;69
86;70
86;71
86;72
86;73
86;74
86;75
86;76
86;77
86;78
86;79
86;80
86;81
86;82
86;94
86;95
86;96
86;97
86;98
86;99
86;100
86;101
86;102
86;103
86;104
86;105
86;106
86;107
86;108
86;109
86;110
86;111
86;112
86;113
86;114
86;115
86;116
86;117
86;118
86;119
86;120
86;121
86;122
86;123
86;124
86;125
86;126
86;127
86;128
86;129
86;130
86;131
86;132
86;133
86;134
86;135
86;136
86;137
86;138
86;139
86;140
86;141
86;142
86;143
86;144
86;145
86;146
86;147
86;148
86;149
86;150
86;151
86;152
86;153
86;154
86;155
86;156
86;157
86;158
86;159
86;160
86;161
86;162
86;163
86;164
86;165
86;166
86;167
86;168
86;239
86;240
86;241
86;242
86;243
86;244
86;245
86;246
86;247
86;248
86;249
86;250
86;251
86;252
86;253
86;254
86;255
86;256
86;257
86;258
86;259
86;260
86;261
86;262
86;263
86;264
86;265
86;266
86;267
86;268
86;269
86;270
86;271
86;272
86;273
86;274
86;275
86;276
86;277
86;278
86;279
86;280
86;281
86;282
86;283
86;284
86;285
86;286
86;287
86;288
86;289
86;290
86;291
86;292
86;293
86;294
86;295
86;296
86;297
86;298
86;299
86;300
86;301
86;302
86;303
86;304
86;305
86;306
86;307
86;308
86;309
86;310
86;311
86;312
86;313
86;314
87;30
87;31
87;32
87;33
87;34
87;35
87;36
87;37
87;38
87;39
87;40
87;41
87;42
87;43
87;44
87;45
87;46
87;47
87;48
87;49
87;50
87;51
87;52
87;53
87;54
87;55
87;56
87;57
87;58
87;59
87;60
87;61
87;62
87;63
87;64
87;65
87;66
87;67
87;68
87;69
87;70
87;71
87;72
87;73
87;74
87;75
87;76
87;77
87;78
87;79
87;80
87;81
87;82
87;95
87;96
87;97
87;98
87;99
87;100
87;101
87;102
87;103
87;104
87;105
87;106
87;107
87;108
87;109
87;110
87;111
87;112
87;113
87;114
87;115
87;116
87;117
87;118
87;119
87;120
87;121
87;122
87;123
87;124
87;125
87;126
87;127
87;128
87;129
87;130
87;131
87;132
87;133
87;134
87;135
87;136
87;137
87;138
87;139
87;140
87;141
87;142
87;143
87;144
87;145
87;146
87;147
87;148
87;149
87;150
87;151
87;152
87;153
87;154
87;155
87;156
87;157
87;158
87;159
87;160
87;161
87;162
87;163
87;164
87;165
87;166
87;237
87;238
87;239
87;240
87;241
87;242
87;243
87;244
87;245
87;246
87;247
87;248
87;249
87;250
87;251
87;252
87;253
87;254
87;255
87;256
87;257
87;258
87;259
87;260
87;261
87;262
87;263
87;264
87;265
87;266
87;267
87;268
87;269
87;270
87;271
87;272
87;273
87;274
87;275
87;276
87;277
87;278
87;279
87;280
87;281
87;282
87;283
87;284
87;285
87;286
87;287
87;288
87;289
87;290
87;291
87;292
87;293
87;294
87;295
87;296
87;297
87;298
87;299
87;300
87;301
87;302
87;303
87;304
87;305
87;306
87;307
87;308
87;309
87;310
87;311
87;312
88;31
88;32
88;33
88;34
88;35
88;36
88;37
88;38
88;39
88;40
88;41
88;42
88;43
88;44
88;45
88;46
88;47
88;48
88;49
88;50
88;51
88;52
88;53
88;54
88;55
88;56
88;57
88;58
88;59
88;60
88;61
88;62
88;63
88;64
88;65
88;66
88;67
88;68
88;69
88;70
88;71
88;72
88;73
88;74
88;75
88;76
88;77
88;78
88;79
88;80
88;81
88;82
88;96
88;97
88;98
88;99
88;100
88;101
88;102
88;103
88;104
88;105
88;106
88;107
88;108
88;109
88;110
88;111
88;112
88;113
88;114
88;115
88;116
88;117
88;118
88;119
88;120
88;121
88;122
88;123
88;124
88;125
88;126
88;127
88;128
88;129
88;130
88;131
88;132
88;133
88;134
88;135
88;136
88;137
88;138
88;139
88;140
88;141
88;142
88;143
88;144
88;145
88;146
88;147
88;148
88;149
88;150
88;151
88;152
88;153
88;154
88;155
88;156
88;157
88;158
88;159
88;160
88;161
88;162
88;163
88;164
88;165
88;166
88;235
88;236
88;237
88;238
88;239
88;240
88;241
88;242
88;243
88;244
88;245
88;246
88;247
88;248
88;249
88;250
88;251
88;252
88;253
88;254
88;255
88;256
88;257
88;258
88;259
88;260
88;261
88;262
88;263
88;264
88;265
88;266
88;267
88;268
88;269
88;270
88;271
88;272
88;273
88;274
88;275
88;276
88;277
88;278
88;279
88;280
88;281
88;282
88;283
88;284
88;285
88;286
88;287
88;288
88;289
88;290
88;291
88;292
88;293
88;294
88;295
88;296
88;297
88;298
88;299
88;300
88;301
88;302
88;303
88;304
88;305
88;306
88;307
88;308
88;309
88;310
88;311
88;312
89;32
89;33
89;34
89;35
89;36
89;37
89;38
89;39
89;40
89;41
89;42
89;43
89;44
89;45
89;46
89;47
89;48
89;49
89;50
89;51
89;52
89;53
89;54
89;55
89;56
89;57
89;58
89;59
89;60
89;61
89;62
89;63
89;64
89;65
89;66
89;67
89;68
89;69
89;70
89;71
89;72
89;73
89;74
89;75
89;76
89;77
89;78
89;79
89;80
89;81
89;82
89;96
89;97
89;98
89;99
89;100
89;101
89;102
89;103
89;104
89;105
89;106
89;107
89;108
89;109
89;110
89;111
89;112
89;113
89;114
89;115
89;116
89;117
89;118
89;119
89;120
89;121
89;122
89;123
89;124
89;125
89;126
89;127
89;128
89;129
89;130
89;131
89;132
89;133
89;134
89;135
89;136
89;137
89;138
89;139
89;140
89;141
89;142
89;143
89;144
89;145
89;146
89;147
89;148
89;149
89;150
89;151
89;152
89;153
89;154
89;155
89;156
89;157
89;158
89;159
89;160
89;161
89;162
89;163
89;164
89;235
89;236
89;237
89;238
89;239
89;240
89;241
89;242
89;243
89;244
89;245
89;246
89;247
89;248
89;249
89;250
89;251
89;252
89;253
89;254
89;255
89;256
89;257
89;258
89;259
89;260
89;261
89;262
89;263
89;264
89;265
89;266
89;267
89;268
89;269
89;270
89;271
89;272
89;273
89;274
89;275
89;276
89;277
89;278
89;279
89;280
89;281
89;282
89;283
89;284
89;285
89;286
89;287
89;288
89;289
89;290
89;291
89;292
89;293
89;294
89;295
89;296
89;297
89;298
89;299
89;300
89;301
89;302
89;303
89;304
89;305
89;306
89;307
89;308
89;309
89;310
90;34
90;35
90;36
90;37
90;38
90;39
90;40
90;41
90;42
90;43
90;44
90;45
90;46
90;47
90;48
90;49
90;50
90;51
90;52
90;53
90;54
90;55
90;56
90;57
90;58
90;59
90;60
90;61
90;62
90;63
90;64
90;65
90;66
90;67
90;68
90;69
90;70
90;71
90;72
90;73
90;74
90;75
90;76
90;77
90;78
90;79
90;80
90;81
90;98
90;99
90;100
90;101
90;102
90;103
90;104
90;105
90;106
90;107
90;108
90;109
90;110
90;111
90;112
90;113
90;114
90;115
90;116
90;117
90;118
90;119
90;120
90;121
90;122
90;123
90;124
90;125
90;126
90;127
90;128
90;129
90;130
90;131
90;132
90;133
90;134
90;135
90;136
90;137
90;138
90;139
90;140
90;141
90;142
90;143
90;144
90;145
90;146
90;147
90;148
90;149
90;150
90;151
90;152
90;153
90;154
90;155
90;156
90;157
90;158
90;159
90;160
90;161
90;162
90;233
90;234
90;235
90;236
90;237
90;238
90;239
90;240
90;241
90;242
90;243
90;244
90;245
90;246
90;247
90;248
90;249
90;250
90;251
90;252
90;253
90;254
90;255
90;256
90;257
90;258
90;259
90;260
90;261
90;262
90;263
90;264
90;265
90;266
90;267
90;268
90;269
90;270
90;271
90;272
90;273
90;274
90;275
90;276
90;277
90;278
90;279
90;280
90;281
90;282
90;283
90;284
90;285
90;286
90;287
90;288
90;289
90;290
90;291
90;292
90;293
90;294
90;295
90;296
90;297
90;298
90;299
90;300
90;301
90;302
90;303
90;304
90;305
90;306
90;307
90;308
91;35
91;36
91;37
91;38
91;39
91;40
91;41
91;42
91;43
91;44
91;45
91;46
91;47
91;48
91;49
91;50
91;51
91;52
91;53
91;54
91;55
91;56
91;57
91;58
91;59
91;60
91;61
91;62
91;63
91;64
91;65
91;66
91;67
91;68
91;69
91;70
91;71
91;72
91;73
91;74
91;75
91;76
91;77
91;78
91;79
91;80
91;81
91;98
91;99
91;100
91;101
91;102
91;103
91;104
91;105
91;106
91;107
91;108
91;109
91;110
91;111
91;112
91;113
91;114
91;115
91;116
91;117
91;118
91;119
91;120
91;121
91;122
91;123
91;124
91;125
91;126
91;127
91;128
91;129
91;130
91;131
91;132
91;133
91;134
91;135
91;136
91;137
91;138
91;139
91;140
91;141
91;142
91;143
91;144
91;145
91;146
91;147
91;148
91;149
91;150
91;151
91;152
91;153
91;154
91;155
91;156
91;157
91;158
91;159
91;160
91;161
91;162
91;232
91;233
91;234
91;235
91;236
91;237
91;238
91;239
91;240
91;241
91;242
91;243
91;244
91;245
91;246
91;247
91;248
91;249
91;250
91;251
91;252
91;253
91;254
91;255
91;256
91;257
91;258
91;259
91;260
91;261
91;262
91;263
91;264
91;265
91;266
91;267
91;268
91;269
91;270
91;271
91;272
91;273
91;274
91;275
91;276
91;277
91;278
91;279
91;280
91;281
91;282
91;283
91;284
91;285
91;286
91;287
91;288
91;289
91;290
91;291
91;292
91;293
91;294
91;295
91;296
91;297
91;298
91;299
91;300
91;301
91;302
91;303
91;304
91;305
91;306
92;36
92;37
92;38
92;39
92;40
92;41
92;42
92;43
92;44
92;45
92;46
92;47
92;48
92;49
92;50
92;51
92;52
92;53
92;54
92;55
92;56
92;57
92;58
92;59
92;60
92;61
92;62
92;63
92;64
92;65
92;66
92;67
92;68
92;69
92;70
92;71
92;72
92;73
92;74
92;75
92;76
92;77
92;78
92;79
92;80
92;81
92;100
92;101
92;102
92;103
92;104
92;105
92;106
92;107
92;108
92;109
92;110
92;111
92;112
92;113
92;114
92;115
92;116
92;117
92;118
92;119
92;120
92;121
92;122
92;123
92;124
92;125
92;126
92;127
92;128
92;129
92;130
92;131
92;132
92;133
92;134
92;135
92;136
92;137
92;138
92;139
92;140
92;141
92;142
92;143
92;144
92;145
92;146
92;147
92;148
92;149
92;150
92;151
92;152
92;153
92;154
92;155
92;156
92;157
92;158
92;159
92;160
92;231
92;232
92;233
92;234
92;235
92;236
92;237
92;238
92;239
92;240
92;241
92;242
92;243
92;244
92;245
92;246
92;247
92;248
92;249
92;250
92;251
92;252
92;253
92;254
92;255
92;256
92;257
92;258
92;259
92;260
92;261
92;262
92;263
92;264
92;265
92;266
92;267
92;268
92;269
92;270
92;271
92;272
92;273
92;274
92;275
92;276
92;277
92;278
92;279
92;280
92;281
92;282
92;283
92;284
92;285
92;286
92;287
92;288
92;289
92;290
92;291
92;292
92;293
92;294
92;295
92;296
92;297
92;298
92;299
92;300
92;301
92;302
92;303
92;304
93;38
93;39
93;40
93;41
93;42
93;43
93;44
93;45
93;46
93;47
93;48
93;49
93;50
93;51
93;52
93;53
93;54
93;55
93;56
93;57
93;58
93;59
93;60
93;61
93;62
93;63
93;64
93;65
93;66
93;67
93;68
93;69
93;70
93;71
93;72
93;73
93;74
93;75
93;76
93;77
93;78
93;79
93;80
93;81
93;100
93;101
93;102
93;103
93;104
93;105
93;106
93;107
93;108
93;109
93;110
93;111
93;112
93;113
93;114
93;115
93;116
93;117
93;118
93;119
93;120
93;121
93;122
93;123
93;124
93;125
93;126
93;127
93;128
93;129
93;130
93;131
93;132
93;133
93;134
93;135
93;136
93;137
93;138
93;139
93;140
93;141
93;142
93;143
93;144
93;145
93;146
93;147
93;148
93;149
93;150
93;151
93;152
93;153
93;154
93;155
93;156
93;157
93;158
93;231
93;232
93;233
93;234
93;235
93;236
93;237
93;238
93;239
93;240
93;241
93;242
93;243
93;244
93;245
93;246
93;247
93;248
93;249
93;250
93;251
93;252
93;253
93;254
93;255
93;256
93;257
93;258
93;259
93;260
93;261
93;262
93;263
93;264
93;265
93;266
93;267
93;268
93;269
93;270
93;271
93;272
93;273
93;274
93;275
93;276
93;277
93;278
93;279
93;280
93;281
93;282
93;283
93;284
93;285
93;286
93;287
93;288
93;289
93;290
93;291
93;292
93;293
93;294
93;295
93;296
93;297
93;298
93;299
93;300
93;301
93;302
94;39
94;40
94;41
94;42
94;43
94;44
94;45
94;46
94;47
94;48
94;49
94;50
94;51
94;52
94;53
94;54
94;55
94;56
94;57
94;58
94;59
94;60
94;61
94;62
94;63
94;64
94;65
94;66
94;67
94;68
94;69
94;70
94;71
94;72
94;73
94;74
94;75
94;76
94;77
94;78
94;79
94;80
94;101
94;102
94;103
94;104
94;105
94;106
94;107
94;108
94;109
94;110
94;111
94;112
94;113
94;114
94;115
94;116
94;117
94;118
94;119
94;120
94;121
94;122
94;123
94;124
94;125
94;126
94;127
94;128
94;129
94;130
94;131
94;132
94;133
94;134
94;135
94;136
94;137
94;138
94;139
94;140
94;141
94;142
94;143
94;144
94;145
94;146
94;147
94;148
94;149
94;150
94;151
94;152
94;153
94;154
94;155
94;156
94;157
94;229
94;230
94;231
94;232
94;233
94;234
94;235
94;236
94;237
94;238
94;239
94;240
94;241
94;242
94;243
94;244
94;245
94;246
94;247
94;248
94;249
94;250
94;251
94;252
94;253
94;254
94;255
94;256
94;257
94;258
94;259
94;260
94;261
94;262
94;263
94;264
94;265
94;266
94;267
94;268
94;269
94;270
94;271
94;272
94;273
94;274
94;275
94;276
94;277
94;278
94;279
94;280
94;281
94;282
94;283
94;284
94;285
94;286
94;287
94;288
94;289
94;290
94;291
94;292
94;293
94;294
94;295
94;296
94;297
94;298
94;299
94;300
95;40
95;41
95;42
95;43
95;44
95;45
95;46
95;47
95;48
95;49
95;50
95;51
95;52
95;53
95;54
95;55
95;56
95;57
95;58
95;59
95;60
95;61
95;62
95;63
95;64
95;65
95;66
95;67
95;68
95;69
95;70
95;71
95;72
95;73
95;74
95;75
95;76
95;77
95;78
95;79
95;80
95;102
95;103
95;104
95;105
95;106
95;107
95;108
95;109
95;110
95;111
95;112
95;113
95;114
95;115
95;116
95;117
95;118
95;119
95;120
95;121
95;122
95;123
95;124
95;125
95;126
95;127
95;128
95;129
95;130
95;131
95;132
95;133
95;134
95;135
95;136
95;137
95;138
95;139
95;140
95;141
95;142
95;143
95;144
95;145
95;146
95;147
95;148
95;149
95;150
95;151
95;152
95;153
95;154
95;155
95;156
95;229
95;230
95;231
95;232
95;233
95;234
95;235
95;236
95;237
95;238
95;239
95;240
95;241
95;242
95;243
95;244
95;245
95;246
95;247
95;248
95;249
95;250
95;251
95;252
95;253
95;254
95;255
95;256
95;257
95;258
95;259
95;260
95;261
95;262
95;263
95;264
95;265
95;266
95;267
95;268
95;269
95;270
95;271
95;272
95;273
95;274
95;275
95;276
95;277
95;278
95;279
95;280
95;281
95;282
95;283
95;284
95;285
95;286
95;287
95;288
95;289
95;290
95;291
95;292
95;293
95;294
95;295
95;296
96;42
96;43
96;44
96;45
96;46
96;47
96;48
96;49
96;50
96;51
96;52
96;53
96;54
96;55
96;56
96;57
96;58
96;59
96;60
96;61
96;62
96;63
96;64
96;65
96;66
96;67
96;68
96;69
96;70
96;71
96;72
96;73
96;74
96;75
96;76
96;77
96;78
96;79
96;80
96;103
96;104
96;105
96;106
96;107
96;108
96;109
96;110
96;111
96;112
96;113
96;114
96;115
96;116
96;117
96;118
96;119
96;120
96;121
96;122
96;123
96;124
96;125
96;126
96;127
96;128
96;129
96;130
96;131
96;132
96;133
96;134
96;135
96;136
96;137
96;138
96;139
96;140
96;141
96;142
96;143
96;144
96;145
96;146
96;147
96;148
96;149
96;150
96;151
96;152
96;153
96;154
96;228
96;229
96;230
96;231
96;232
96;233
96;234
96;235
96;236
96;237
96;238
96;239
96;240
96;241
96;242
96;243
96;244
96;245
96;246
96;247
96;248
96;249
96;250
96;251
96;252
96;253
96;254
96;255
96;256
96;257
96;258
96;259
96;260
96;261
96;262
96;263
96;264
96;265
96;266
96;267
96;268
96;269
96;270
96;271
96;272
96;273
96;274
96;275
96;276
96;277
96;278
96;279
96;280
96;281
96;282
96;283
96;284
96;285
96;286
96;287
96;288
96;289
96;290
96;291
96;292
96;294
97;44
97;45
97;46
97;47
97;48
97;49
97;50
97;51
97;52
97;53
97;54
97;55
97;56
97;57
97;58
97;59
97;60
97;61
97;62
97;63
97;64
97;65
97;66
97;67
97;68
97;69
97;70
97;71
97;72
97;73
97;74
97;75
97;76
97;77
97;78
97;79
97;80
97;104
97;105
97;106
97;107
97;108
97;109
97;110
97;111
97;112
97;113
97;114
97;115
97;116
97;117
97;118
97;119
97;120
97;121
97;122
97;123
97;124
97;125
97;126
97;127
97;128
97;129
97;130
97;131
97;132
97;133
97;134
97;135
97;136
97;137
97;138
97;139
97;140
97;141
97;142
97;143
97;144
97;145
97;146
97;147
97;148
97;149
97;150
97;151
97;152
97;228
97;229
97;230
97;231
97;232
97;233
97;234
97;235
97;236
97;237
97;238
97;239
97;240
97;241
97;242
97;243
97;244
97;245
97;246
97;247
97;248
97;249
97;250
97;251
97;252
97;253
97;254
97;255
97;256
97;257
97;258
97;259
97;260
97;261
97;262
97;263
97;264
97;265
97;266
97;267
97;268
97;269
97;270
97;271
97;272
97;273
97;274
97;275
97;276
97;277
97;278
97;279
97;280
97;281
97;282
97;283
97;284
97;286
97;288
98;44
98;45
98;46
98;47
98;48
98;49
98;50
98;51
98;52
98;53
98;54
98;55
98;56
98;57
98;58
98;59
98;60
98;61
98;62
98;63
98;64
98;65
98;66
98;67
98;68
98;69
98;70
98;71
98;72
98;73
98;74
98;75
98;76
98;77
98;78
98;79
98;80
98;105
98;106
98;107
98;108
98;109
98;110
98;111
98;112
98;113
98;114
98;115
98;116
98;117
98;118
98;119
98;120
98;121
98;122
98;123
98;124
98;125
98;126
98;127
98;128
98;129
98;130
98;131
98;132
98;133
98;134
98;135
98;136
98;137
98;138
98;139
98;140
98;141
98;142
98;143
98;144
98;145
98;146
98;147
98;148
98;149
98;150
98;151
98;152
98;227
98;228
98;229
98;230
98;231
98;232
98;233
98;234
98;235
98;236
98;237
98;238
98;239
98;240
98;241
98;242
98;243
98;244
98;245
98;246
98;247
98;248
98;249
98;250
98;251
98;252
98;253
98;254
98;255
98;256
98;257
98;258
98;259
98;260
98;261
98;262
98;263
98;264
98;265
98;266
98;267
98;268
98;269
98;270
98;271
98;272
98;273
98;274
98;275
98;276
98;277
98;278
98;279
98;280
98;281
99;46
99;47
99;48
99;49
99;50
99;51
99;52
99;53
99;54
99;55
99;56
99;57
99;58
99;59
99;60
99;61
99;62
99;63
99;64
99;65
99;66
99;67
99;68
99;69
99;70
99;71
99;72
99;73
99;74
99;75
99;76
99;77
99;78
99;79
99;106
99;107
99;108
99;109
99;110
99;111
99;112
99;113
99;114
99;115
99;116
99;117
99;118
99;119
99;120
99;121
99;122
99;123
99;124
99;125
99;126
99;127
99;128
99;129
99;130
99;131
99;132
99;133
99;134
99;135
99;136
99;137
99;138
99;139
99;140
99;141
99;142
99;143
99;144
99;145
99;146
99;147
99;148
99;149
99;150
99;227
99;228
99;229
99;230
99;231
99;232
99;233
99;234
99;235
99;236
99;237
99;238
99;239
99;240
99;241
99;242
99;243
99;244
99;245
99;246
99;247
99;248
99;249
99;250
99;251
99;252
99;253
99;254
99;255
99;256
99;257
99;258
99;259
99;260
99;261
99;262
99;263
99;264
99;265
99;266
99;267
99;268
99;269
99;270
99;271
99;272
99;273
99;274
99;275
99;276
99;277
99;278
99;279
99;280
99;281
99;282
99;343
99;345
99;347
99;349
99;351
99;353
99;355
99;357
99;359
99;361
99;362
99;363
99;364
99;365
99;366
99;367
99;368
99;369
99;370
99;371
99;372
99;373
99;374
99;375
99;376
99;377
99;378
100;48
100;49
100;50
100;51
100;52
100;53
100;54
100;55
100;56
100;57
100;58
100;59
100;60
100;61
100;62
100;63
100;64
100;65
100;66
100;67
100;68
100;69
100;70
100;71
100;72
100;73
100;74
100;75
100;76
100;77
100;78
100;79
100;105
100;106
100;107
100;108
100;109
100;110
100;111
100;112
100;113
100;114
100;115
100;116
100;117
100;118
100;119
100;120
100;121
100;122
100;123
100;124
100;125
100;126
100;127
100;128
100;129
100;130
100;131
100;132
100;133
100;134
100;135
100;136
100;137
100;138
100;139
100;140
100;141
100;142
100;143
100;144
100;145
100;146
100;147
100;148
100;226
100;227
100;228
100;229
100;230
100;231
100;232
100;233
100;234
100;235
100;236
100;237
100;238
100;239
100;240
100;241
100;242
100;243
100;244
100;245
100;246
100;247
100;248
100;249
100;250
100;251
100;252
100;253
100;254
100;255
100;256
100;257
100;258
100;259
100;260
100;261
100;262
100;263
100;264
100;265
100;266
100;267
100;268
100;269
100;270
100;271
100;272
100;273
100;274
100;275
100;276
100;277
100;278
100;279
100;280
100;281
100;282
100;305
100;307
100;309
100;311
100;313
100;315
100;317
100;319
100;321
100;323
100;324
100;325
100;326
100;327
100;328
100;329
100;330
100;331
100;332
100;333
100;334
100;335
100;336
100;337
100;338
100;339
100;340
100;341
100;342
100;343
100;344
100;345
100;346
100;347
100;348
100;349
100;350
100;351
100;352
100;353
100;354
100;355
100;356
100;357
100;358
100;359
100;360
100;361
100;362
100;363
100;364
100;365
100;366
100;367
100;368
100;369
100;370
100;371
100;372
100;373
100;374
100;375
100;376
100;377
100;378
101;48
101;49
101;50
101;51
101;52
101;53
101;54
101;55
101;56
101;57
101;58
101;59
101;60
101;61
101;62
101;63
101;64
101;65
101;66
101;67
101;68
101;69
101;70
101;71
101;72
101;73
101;74
101;75
101;76
101;77
101;78
101;79
101;103
101;104
101;105
101;106
101;107
101;108
101;109
101;110
101;111
101;112
101;113
101;114
101;115
101;116
101;117
101;118
101;119
101;120
101;121
101;122
101;123
101;124
101;125
101;126
101;127
101;128
101;129
101;130
101;131
101;132
101;133
101;134
101;135
101;136
101;137
101;138
101;139
101;140
101;141
101;142
101;143
101;144
101;145
101;146
101;147
101;226
101;227
101;228
101;229
101;230
101;231
101;232
101;233
101;234
101;235
101;236
101;237
101;238
101;239
101;240
101;241
101;242
101;243
101;244
101;245
101;246
101;247
101;248
101;249
101;250
101;251
101;252
101;253
101;254
101;255
101;256
101;257
101;258
101;259
101;260
101;261
101;262
101;263
101;264
101;265
101;266
101;267
101;268
101;269
101;270
101;271
101;272
101;273
101;274
101;275
101;276
101;277
101;278
101;279
101;280
101;281
101;282
101;283
101;287
101;288
101;289
101;290
101;291
101;292
101;293
101;294
101;295
101;296
101;297
101;298
101;299
101;300
101;301
101;302
101;303
101;304
101;305
101;306
101;307
101;308
101;309
101;310
101;311
101;312
101;313
101;314
101;315
101;316
101;317
101;318
101;319
101;320
101;321
101;322
101;323
101;324
101;325
101;326
101;327
101;328
101;329
101;330
101;331
101;332
101;333
101;334
101;335
101;336
101;337
101;338
101;339
101;340
101;341
101;342
101;343
101;344
101;345
101;346
101;347
101;348
101;349
101;350
101;351
101;352
101;353
101;354
101;355
101;356
101;357
101;358
101;359
101;360
101;361
101;362
101;363
101;364
101;365
101;366
101;367
101;368
101;369
101;370
101;371
101;372
101;373
101;374
101;375
101;376
101;377
101;378
102;50
102;51
102;52
102;53
102;54
102;55
102;56
102;57
102;58
102;59
102;60
102;61
102;62
102;63
102;64
102;65
102;66
102;67
102;68
102;69
102;70
102;71
102;72
102;73
102;74
102;75
102;76
102;77
102;78
102;79
102;101
102;102
102;103
102;104
102;105
102;106
102;107
102;108
102;109
102;110
102;111
102;112
102;113
102;114
102;115
102;116
102;117
102;118
102;119
102;120
102;121
102;122
102;123
102;124
102;125
102;126
102;127
102;128
102;129
102;130
102;131
102;132
102;133
102;134
102;135
102;136
102;137
102;138
102;139
102;140
102;141
102;142
102;143
102;144
102;145
102;146
102;226
102;227
102;228
102;229
102;230
102;231
102;232
102;233
102;234
102;235
102;236
102;237
102;238
102;239
102;240
102;241
102;242
102;243
102;244
102;245
102;246
102;247
102;248
102;249
102;250
102;251
102;252
102;253
102;254
102;255
102;256
102;257
102;258
102;259
102;260
102;261
102;262
102;263
102;264
102;265
102;266
102;267
102;268
102;269
102;270
102;271
102;272
102;273
102;274
102;275
102;276
102;277
102;278
102;279
102;280
102;281
102;282
102;283
102;287
102;288
102;289
102;290
102;291
102;292
102;293
102;294
102;295
102;296
102;297
102;298
102;299
102;300
102;301
102;302
102;303
102;304
102;305
102;306
102;307
102;308
102;309
102;310
102;311
102;312
102;313
102;314
102;315
102;316
102;317
102;318
102;319
102;320
102;321
102;322
102;323
102;324
102;325
102;326
102;327
102;328
102;329
102;330
102;331
102;332
102;333
102;334
102;335
102;336
102;337
102;338
102;339
102;340
102;341
102;342
102;343
102;344
102;345
102;346
102;347
102;348
102;349
102;350
102;351
102;352
102;353
102;354
102;355
102;356
102;357
102;358
102;359
102;360
102;361
102;362
102;363
102;364
102;365
102;366
102;367
102;368
102;369
102;370
102;371
102;372
102;373
102;374
102;375
102;376
102;377
102;378
103;52
103;53
103;54
103;55
103;56
103;57
103;58
103;59
103;60
103;61
103;62
103;63
103;64
103;65
103;66
103;67
103;68
103;69
103;70
103;71
103;72
103;73
103;74
103;75
103;76
103;77
103;78
103;79
103;99
103;100
103;101
103;102
103;103
103;104
103;105
103;106
103;107
103;108
103;109
103;110
103;111
103;112
103;113
103;114
103;115
103;116
103;117
103;118
103;119
103;120
103;121
103;122
103;123
103;124
103;125
103;126
103;127
103;128
103;129
103;130
103;131
103;132
103;133
103;134
103;135
103;136
103;137
103;138
103;139
103;140
103;141
103;142
103;143
103;144
103;225
103;226
103;227
103;228
103;229
103;230
103;231
103;232
103;233
103;234
103;235
103;236
103;237
103;238
103;239
103;240
103;241
103;242
103;243
103;244
103;245
103;246
103;247
103;248
103;249
103;250
103;251
103;252
103;253
103;254
103;255
103;256
103;257
103;258
103;259
103;260
103;261
103;262
103;263
103;264
103;265
103;266
103;267
103;268
103;269
103;270
103;271
103;272
103;273
103;274
103;275
103;276
103;277
103;278
103;279
103;280
103;281
103;282
103;283
103;287
103;288
103;289
103;290
103;291
103;292
103;293
103;294
103;295
103;296
103;297
103;298
103;299
103;300
103;301
103;302
103;303
103;304
103;305
103;306
103;307
103;308
103;309
103;310
103;311
103;312
103;313
103;314
103;315
103;316
103;317
103;318
103;319
103;320
103;321
103;322
103;323
103;324
103;325
103;326
103;327
103;328
103;329
103;330
103;331
103;332
103;333
103;334
103;335
103;336
103;337
103;338
103;339
103;340
103;341
103;342
103;343
103;344
103;345
103;346
103;347
103;348
103;349
103;350
103;351
103;352
103;353
103;354
103;355
103;356
103;357
103;358
103;359
103;360
103;361
103;362
103;363
103;364
103;365
103;366
103;367
103;368
103;369
103;370
103;371
103;372
103;373
103;374
103;375
103;376
103;377
103;378
104;52
104;53
104;54
104;55
104;56
104;57
104;58
104;59
104;60
104;61
104;62
104;63
104;64
104;65
104;66
104;67
104;68
104;69
104;70
104;71
104;72
104;73
104;74
104;75
104;76
104;77
104;78
104;97
104;98
104;99
104;100
104;101
104;102
104;103
104;104
104;105
104;106
104;107
104;108
104;109
104;110
104;111
104;112
104;113
104;114
104;115
104;116
104;117
104;118
104;119
104;120
104;121
104;122
104;123
104;124
104;125
104;126
104;127
104;128
104;129
104;130
104;131
104;132
104;133
104;134
104;135
104;136
104;137
104;138
104;139
104;140
104;141
104;142
104;225
104;226
104;227
104;228
104;229
104;230
104;231
104;232
104;233
104;234
104;235
104;236
104;237
104;238
104;239
104;240
104;241
104;242
104;243
104;244
104;245
104;246
104;247
104;248
104;249
104;250
104;251
104;252
104;253
104;254
104;255
104;256
104;257
104;258
104;259
104;260
104;261
104;262
104;263
104;264
104;265
104;266
104;267
104;268
104;269
104;270
104;271
104;272
104;273
104;274
104;275
104;276
104;277
104;278
104;279
104;280
104;281
104;282
104;283
104;287
104;288
104;289
104;290
104;291
104;292
104;293
104;294
104;295
104;296
104;297
104;298
104;299
104;300
104;301
104;302
104;303
104;304
104;305
104;306
104;307
104;308
104;309
104;310
104;311
104;312
104;313
104;314
104;315
104;316
104;317
104;318
104;319
104;320
104;321
104;322
104;323
104;324
104;325
104;326
104;327
104;328
104;329
104;330
104;331
104;332
104;333
104;334
104;335
104;336
104;337
104;338
104;339
104;340
104;341
104;342
104;343
104;344
104;345
104;346
104;347
104;348
104;349
104;350
104;351
104;352
104;353
104;354
104;355
104;356
104;357
104;358
104;359
104;360
104;361
104;362
104;363
104;364
104;365
104;366
104;367
104;368
104;369
104;370
104;371
104;372
104;373
104;374
104;375
104;376
104;377
104;378
105;54
105;55
105;56
105;57
105;58
105;59
105;60
105;61
105;62
105;63
105;64
105;65
105;66
105;67
105;68
105;69
105;70
105;71
105;72
105;73
105;74
105;75
105;76
105;77
105;78
105;95
105;96
105;97
105;98
105;99
105;100
105;101
105;102
105;103
105;104
105;105
105;106
105;107
105;108
105;109
105;110
105;111
105;112
105;113
105;114
105;115
105;116
105;117
105;118
105;119
105;120
105;121
105;122
105;123
105;124
105;125
105;126
105;127
105;128
105;129
105;130
105;131
105;132
105;133
105;134
105;135
105;136
105;137
105;138
105;139
105;140
105;141
105;142
105;225
105;226
105;227
105;228
105;229
105;230
105;231
105;232
105;233
105;234
105;235
105;236
105;237
105;238
105;239
105;240
105;241
105;242
105;243
105;244
105;245
105;246
105;247
105;248
105;249
105;250
105;251
105;252
105;253
105;254
105;255
105;256
105;257
105;258
105;259
105;260
105;261
105;262
105;263
105;264
105;265
105;266
105;267
105;268
105;269
105;270
105;271
105;272
105;273
105;274
105;275
105;276
105;277
105;278
105;279
105;280
105;281
105;282
105;283
105;284
105;287
105;288
105;289
105;290
105;291
105;292
105;293
105;294
105;295
105;296
105;297
105;298
105;299
105;300
105;301
105;302
105;303
105;304
105;305
105;306
105;307
105;308
105;309
105;310
105;311
105;312
105;313
105;314
105;315
105;316
105;317
105;318
105;319
105;320
105;321
105;322
105;323
105;324
105;325
105;326
105;327
105;328
105;329
105;330
105;331
105;332
105;333
105;334
105;335
105;336
105;337
105;338
105;339
105;340
105;341
105;342
105;343
105;344
105;345
105;346
105;347
105;348
105;349
105;350
105;351
105;352
105;353
105;354
105;355
105;356
105;357
105;358
105;359
105;360
105;361
105;362
105;363
105;364
105;365
105;366
105;367
105;368
105;369
105;370
105;371
105;372
105;373
105;374
105;375
105;376
105;377
105;378
106;56
106;57
106;58
106;59
106;60
106;61
106;62
106;63
106;64
106;65
106;66
106;67
106;68
106;69
106;70
106;71
106;72
106;73
106;74
106;75
106;76
106;77
106;78
106;93
106;94
106;95
106;96
106;97
106;98
106;99
106;100
106;101
106;102
106;103
106;104
106;105
106;106
106;107
106;108
106;109
106;110
106;111
106;112
106;113
106;114
106;115
106;116
106;117
106;118
106;119
106;120
106;121
106;122
106;123
106;124
106;125
106;126
106;127
106;128
106;129
106;130
106;131
106;132
106;133
106;134
106;135
106;136
106;137
106;138
106;139
106;140
106;225
106;226
106;227
106;228
106;229
106;230
106;231
106;232
106;233
106;234
106;235
106;236
106;237
106;238
106;239
106;240
106;241
106;242
106;243
106;244
106;245
106;246
106;247
106;248
106;249
106;250
106;251
106;252
106;253
106;254
106;255
106;256
106;257
106;258
106;259
106;260
106;261
106;262
106;263
106;264
106;265
106;266
106;267
106;268
106;269
106;270
106;271
106;272
106;273
106;274
106;275
106;276
106;277
106;278
106;279
106;280
106;281
106;282
106;283
106;284
106;287
106;288
106;289
106;290
106;291
106;292
106;293
106;294
106;295
106;296
106;297
106;298
106;299
106;300
106;301
106;302
106;303
106;304
106;305
106;306
106;307
106;308
106;309
106;310
106;311
106;312
106;313
106;314
106;315
106;316
106;317
106;318
106;319
106;320
106;321
106;322
106;323
106;324
106;325
106;326
106;327
106;328
106;329
106;330
106;331
106;332
106;333
106;334
106;335
106;336
106;337
106;338
106;339
106;340
106;341
106;342
106;343
106;344
106;345
106;346
106;347
106;348
106;349
106;350
106;351
106;352
106;353
106;354
106;355
106;356
106;357
106;358
106;359
106;360
106;361
106;362
106;363
106;364
106;365
106;366
106;367
106;368
106;369
106;370
106;371
106;372
106;373
106;374
106;375
106;376
106;377
106;378
107;56
107;57
107;58
107;59
107;60
107;61
107;62
107;63
107;64
107;65
107;66
107;67
107;68
107;69
107;70
107;71
107;72
107;73
107;74
107;75
107;76
107;77
107;78
107;91
107;92
107;93
107;94
107;95
107;96
107;97
107;98
107;99
107;100
107;101
107;102
107;103
107;104
107;105
107;106
107;107
107;108
107;109
107;110
107;111
107;112
107;113
107;114
107;115
107;116
107;117
107;118
107;119
107;120
107;121
107;122
107;123
107;124
107;125
107;126
107;127
107;128
107;129
107;130
107;131
107;132
107;133
107;134
107;135
107;136
107;137
107;138
107;139
107;140
107;225
107;226
107;227
107;228
107;229
107;230
107;231
107;232
107;233
107;234
107;235
107;236
107;237
107;238
107;239
107;240
107;241
107;242
107;243
107;244
107;245
107;246
107;247
107;248
107;249
107;250
107;251
107;252
107;253
107;254
107;255
107;256
107;257
107;258
107;259
107;260
107;261
107;262
107;263
107;264
107;265
107;266
107;267
107;268
107;269
107;270
107;271
107;272
107;273
107;274
107;275
107;276
107;277
107;278
107;279
107;280
107;281
107;282
107;283
107;284
107;287
107;288
107;289
107;290
107;291
107;292
107;293
107;294
107;295
107;296
107;297
107;298
107;299
107;300
107;301
107;302
107;303
107;304
107;305
107;306
107;307
107;308
107;309
107;310
107;311
107;312
107;313
107;314
107;315
107;316
107;317
107;318
107;319
107;320
107;321
107;322
107;323
107;324
107;325
107;326
107;327
107;328
107;329
107;330
107;331
107;332
107;333
107;334
107;335
107;336
107;337
107;338
107;339
107;340
107;341
107;342
107;343
107;344
107;345
107;346
107;347
107;348
107;349
107;350
107;351
107;352
107;353
107;354
107;355
107;356
107;357
107;358
107;359
107;360
107;361
107;362
107;363
107;364
107;365
107;366
107;367
107;368
107;369
107;370
107;371
107;372
107;373
107;374
107;375
107;376
107;377
107;378
108;58
108;59
108;60
108;61
108;62
108;63
108;64
108;65
108;66
108;67
108;68
108;69
108;70
108;71
108;72
108;73
108;74
108;75
108;76
108;77
108;78
108;89
108;90
108;91
108;92
108;93
108;94
108;95
108;96
108;97
108;98
108;99
108;100
108;101
108;102
108;103
108;104
108;105
108;106
108;107
108;108
108;109
108;110
108;111
108;112
108;113
108;114
108;115
108;116
108;117
108;118
108;119
108;120
108;121
108;122
108;123
108;124
108;125
108;126
108;127
108;128
108;129
108;130
108;131
108;132
108;133
108;134
108;135
108;136
108;137
108;138
108;139
108;140
108;225
108;226
108;227
108;228
108;229
108;230
108;231
108;232
108;233
108;234
108;235
108;236
108;237
108;238
108;239
108;240
108;241
108;242
108;243
108;244
108;245
108;246
108;247
108;248
108;249
108;250
108;251
108;252
108;253
108;254
108;255
108;256
108;257
108;258
108;259
108;260
108;261
108;262
108;263
108;264
108;265
108;266
108;267
108;268
108;269
108;270
108;271
108;272
108;273
108;274
108;275
108;276
108;277
108;278
108;279
108;280
108;281
108;282
108;283
108;284
108;287
108;288
108;289
108;290
108;291
108;292
108;293
108;294
108;295
108;296
108;297
108;298
108;299
108;300
108;301
108;302
108;303
108;304
108;305
108;306
108;307
108;308
108;309
108;310
108;311
108;312
108;313
108;314
108;315
108;316
108;317
108;318
108;319
108;320
108;321
108;322
108;323
108;324
108;325
108;326
108;327
108;328
108;329
108;330
108;331
108;332
108;333
108;334
108;335
108;336
108;337
108;338
108;339
108;340
108;341
108;342
108;343
108;344
108;345
108;346
108;347
108;348
108;349
108;350
108;351
108;352
108;353
108;354
108;355
108;356
108;357
108;358
108;359
108;360
108;361
108;362
108;363
108;364
108;365
108;366
108;367
108;368
108;369
108;370
108;371
108;372
108;373
108;374
108;375
108;376
108;377
108;378
109;60
109;61
109;62
109;63
109;64
109;65
109;66
109;67
109;68
109;69
109;70
109;71
109;72
109;73
109;74
109;75
109;76
109;77
109;87
109;88
109;89
109;90
109;91
109;92
109;93
109;94
109;95
109;96
109;97
109;98
109;99
109;100
109;101
109;102
109;103
109;104
109;105
109;106
109;107
109;108
109;109
109;110
109;111
109;112
109;113
109;114
109;115
109;116
109;117
109;118
109;119
109;120
109;121
109;122
109;123
109;124
109;125
109;126
109;127
109;128
109;129
109;130
109;131
109;132
109;133
109;134
109;135
109;136
109;137
109;138
109;139
109;140
109;225
109;226
109;227
109;228
109;229
109;230
109;231
109;232
109;233
109;234
109;235
109;236
109;237
109;238
109;239
109;240
109;241
109;242
109;243
109;244
109;245
109;246
109;247
109;248
109;249
109;250
109;251
109;252
109;253
109;254
109;255
109;256
109;257
109;258
109;259
109;260
109;261
109;262
109;263
109;264
109;265
109;266
109;267
109;268
109;269
109;270
109;271
109;272
109;273
109;274
109;275
109;276
109;277
109;278
109;279
109;280
109;281
109;282
109;283
109;284
109;287
109;288
109;289
109;290
109;291
109;292
109;293
109;294
109;295
109;296
109;297
109;298
109;299
109;300
109;301
109;302
109;303
109;304
109;305
109;306
109;307
109;308
109;309
109;310
109;311
109;312
109;313
109;314
109;315
109;316
109;317
109;318
109;319
109;320
109;321
109;322
109;323
109;324
109;325
109;326
109;327
109;328
109;329
109;330
109;331
109;332
109;333
109;334
109;335
109;336
109;337
109;338
109;339
109;340
109;341
109;342
109;343
109;344
109;345
109;346
109;347
109;348
109;349
109;350
109;351
109;352
109;353
109;354
109;355
109;356
109;357
109;358
109;359
109;360
109;361
109;362
109;363
109;364
109;365
109;366
109;367
109;368
109;369
109;370
109;371
109;372
109;373
109;374
109;375
109;376
109;377
109;378
110;61
110;62
110;63
110;64
110;65
110;66
110;67
110;68
110;69
110;70
110;71
110;72
110;73
110;74
110;75
110;76
110;77
110;85
110;86
110;87
110;88
110;89
110;90
110;91
110;92
110;93
110;94
110;95
110;96
110;97
110;98
110;99
110;100
110;101
110;102
110;103
110;104
110;105
110;106
110;107
110;108
110;109
110;110
110;111
110;112
110;113
110;114
110;115
110;116
110;117
110;118
110;119
110;120
110;121
110;122
110;123
110;124
110;125
110;126
110;127
110;128
110;129
110;130
110;131
110;132
110;133
110;134
110;135
110;136
110;137
110;138
110;139
110;140
110;225
110;226
110;227
110;228
110;229
110;230
110;231
110;232
110;233
110;234
110;235
110;236
110;237
110;238
110;239
110;240
110;241
110;242
110;243
110;244
110;245
110;246
110;247
110;248
110;249
110;250
110;251
110;252
110;253
110;254
110;255
110;256
110;257
110;258
110;259
110;260
110;261
110;262
110;263
110;264
110;265
110;266
110;267
110;268
110;269
110;270
110;271
110;272
110;273
110;274
110;275
110;276
110;277
110;278
110;279
110;280
110;281
110;282
110;283
110;284
110;287
110;288
110;289
110;290
110;291
110;292
110;293
110;294
110;295
110;296
110;297
110;298
110;299
110;300
110;301
110;302
110;303
110;304
110;305
110;306
110;307
110;308
110;309
110;310
110;311
110;312
110;313
110;314
110;315
110;316
110;317
110;318
110;319
110;320
110;321
110;322
110;323
110;324
110;325
110;326
110;327
110;328
110;329
110;330
110;331
110;332
110;333
110;334
110;335
110;336
110;337
110;338
110;339
110;340
110;341
110;342
110;343
110;344
110;345
110;346
110;347
110;348
110;349
110;350
110;351
110;352
110;353
110;354
110;355
110;356
110;357
110;358
110;359
110;360
110;361
110;362
110;363
110;364
110;365
110;366
110;367
110;368
110;369
110;370
110;371
110;372
110;373
110;374
110;375
110;376
110;377
110;378
111;62
111;63
111;64
111;65
111;66
111;67
111;68
111;69
111;70
111;71
111;72
111;73
111;74
111;75
111;76
111;77
111;83
111;84
111;85
111;86
111;87
111;88
111;89
111;90
111;91
111;92
111;93
111;94
111;95
111;96
111;97
111;98
111;99
111;100
111;101
111;102
111;103
111;104
111;105
111;106
111;107
111;108
111;109
111;110
111;111
111;112
111;113
111;114
111;115
111;116
111;117
111;118
111;119
111;120
111;121
111;122
111;123
111;124
111;125
111;126
111;127
111;128
111;129
111;130
111;131
111;132
111;133
111;134
111;135
111;136
111;137
111;138
111;139
111;140
111;225
111;226
111;227
111;228
111;229
111;230
111;231
111;232
111;233
111;234
111;235
111;236
111;237
111;238
111;239
111;240
111;241
111;242
111;243
111;244
111;245
111;246
111;247
111;248
111;249
111;250
111;251
111;252
111;253
111;254
111;255
111;256
111;257
111;258
111;259
111;260
111;261
111;262
111;263
111;264
111;265
111;266
111;267
111;268
111;269
111;270
111;271
111;272
111;273
111;274
111;275
111;276
111;277
111;278
111;279
111;280
111;281
111;282
111;283
111;284
111;287
111;288
111;289
111;290
111;291
111;292
111;293
111;294
111;295
111;296
111;297
111;298
111;299
111;300
111;301
111;302
111;303
111;304
111;305
111;306
111;307
111;308
111;309
111;310
111;311
111;312
111;313
111;314
111;315
111;316
111;317
111;318
111;319
111;320
111;321
111;322
111;323
111;324
111;325
111;326
111;327
111;328
111;329
111;330
111;331
111;332
111;333
111;334
111;335
111;336
111;337
111;338
111;339
111;340
111;341
111;342
111;343
111;344
111;345
111;346
111;347
111;348
111;349
111;350
111;351
111;352
111;353
111;354
111;355
111;356
111;357
111;358
111;359
111;360
111;361
111;362
111;363
111;364
111;365
111;366
111;367
111;368
111;369
111;370
111;371
111;372
111;373
111;374
111;375
111;376
111;377
111;378
112;64
112;65
112;66
112;67
112;68
112;69
112;70
112;71
112;72
112;73
112;74
112;75
112;76
112;77
112;81
112;82
112;83
112;84
112;85
112;86
112;87
112;88
112;89
112;90
112;91
112;92
112;93
112;94
112;95
112;96
112;97
112;98
112;99
112;100
112;101
112;102
112;103
112;104
112;105
112;106
112;107
112;108
112;109
112;110
112;111
112;112
112;113
112;114
112;115
112;116
112;117
112;118
112;119
112;120
112;121
112;122
112;123
112;124
112;125
112;126
112;127
112;128
112;129
112;130
112;131
112;132
112;133
112;134
112;135
112;136
112;137
112;138
112;139
112;140
112;225
112;226
112;227
112;228
112;229
112;230
112;231
112;232
112;233
112;234
112;235
112;236
112;237
112;238
112;239
112;240
112;241
112;242
112;243
112;244
112;245
112;246
112;247
112;248
112;249
112;250
112;251
112;252
112;253
112;254
112;255
112;256
112;257
112;258
112;259
112;260
112;261
112;262
112;263
112;264
112;265
112;266
112;267
112;268
112;269
112;270
112;271
112;272
112;273
112;274
112;275
112;276
112;277
112;278
112;279
112;280
112;281
112;282
112;283
112;284
112;287
112;288
112;289
112;290
112;291
112;292
112;293
112;294
112;295
112;296
112;297
112;298
112;299
112;300
112;301
112;302
112;303
112;304
112;305
112;306
112;307
112;308
112;309
112;310
112;311
112;312
112;313
112;314
112;315
112;316
112;317
112;318
112;319
112;320
112;321
112;322
112;323
112;324
112;325
112;326
112;327
112;328
112;329
112;330
112;331
112;332
112;333
112;334
112;335
112;336
112;337
112;338
112;339
112;340
112;341
112;342
112;343
112;344
112;345
112;346
112;347
112;348
112;349
112;350
112;351
112;352
112;353
112;354
112;355
112;356
112;357
112;358
112;359
112;360
112;361
112;362
112;363
112;364
112;365
112;366
112;367
112;368
112;369
112;370
112;371
112;372
112;373
112;374
112;375
112;376
112;377
112;378
113;65
113;66
113;67
113;68
113;69
113;70
113;71
113;72
113;73
113;74
113;75
113;76
113;79
113;80
113;81
113;82
113;83
113;84
113;85
113;86
113;87
113;88
113;89
113;90
113;91
113;92
113;93
113;94
113;95
113;96
113;97
113;98
113;99
113;100
113;101
113;102
113;103
113;104
113;105
113;106
113;107
113;108
113;109
113;110
113;111
113;112
113;113
113;114
113;115
113;116
113;117
113;118
113;119
113;120
113;121
113;122
113;123
113;124
113;125
113;126
113;127
113;128
113;129
113;130
113;131
113;132
113;133
113;134
113;135
113;136
113;137
113;138
113;139
113;140
113;225
113;226
113;227
113;228
113;229
113;230
113;231
113;232
113;233
113;234
113;235
113;236
113;237
113;238
113;239
113;240
113;241
113;242
113;243
113;244
113;245
113;246
113;247
113;248
113;249
113;250
113;251
113;252
113;253
113;254
113;255
113;256
113;257
113;258
113;259
113;260
113;261
113;262
113;263
113;264
113;265
113;266
113;267
113;268
113;269
113;270
113;271
113;272
113;273
113;274
113;275
113;276
113;277
113;278
113;279
113;280
113;281
113;282
113;283
113;287
113;288
113;289
113;290
113;291
113;292
113;293
113;294
113;295
113;296
113;297
113;298
113;299
113;300
113;301
113;302
113;303
113;304
113;305
113;306
113;307
113;308
113;309
113;310
113;311
113;312
113;313
113;314
113;315
113;316
113;317
113;318
113;319
113;320
113;321
113;322
113;323
113;324
113;325
113;326
113;327
113;328
113;329
113;330
113;331
113;332
113;333
113;334
113;335
113;336
113;337
113;338
113;339
113;340
113;341
113;342
113;343
113;344
113;345
113;346
113;347
113;348
113;349
113;350
113;351
113;352
113;353
113;354
113;355
113;356
113;357
113;358
113;359
113;360
113;361
113;362
113;363
113;364
113;365
113;366
113;367
113;368
113;369
113;370
113;371
113;372
113;373
113;374
113;375
113;376
113;377
113;378
114;66
114;67
114;68
114;69
114;70
114;71
114;72
114;73
114;74
114;75
114;76
114;77
114;78
114;79
114;80
114;81
114;82
114;83
114;84
114;85
114;86
114;87
114;88
114;89
114;90
114;91
114;92
114;93
114;94
114;95
114;96
114;97
114;98
114;99
114;100
114;101
114;102
114;103
114;104
114;105
114;106
114;107
114;108
114;109
114;110
114;111
114;112
114;113
114;114
114;115
114;116
114;117
114;118
114;119
114;120
114;121
114;122
114;123
114;124
114;125
114;126
114;127
114;128
114;129
114;130
114;131
114;132
114;133
114;134
114;135
114;136
114;137
114;138
114;139
114;140
114;226
114;227
114;228
114;229
114;230
114;231
114;232
114;233
114;234
114;235
114;236
114;237
114;238
114;239
114;240
114;241
114;242
114;243
114;244
114;245
114;246
114;247
114;248
114;249
114;250
114;251
114;252
114;253
114;254
114;255
114;256
114;257
114;258
114;259
114;260
114;261
114;262
114;263
114;264
114;265
114;266
114;267
114;268
114;269
114;270
114;271
114;272
114;273
114;274
114;275
114;276
114;277
114;278
114;279
114;280
114;281
114;282
114;283
114;287
114;288
114;289
114;290
114;291
114;292
114;293
114;294
114;295
114;296
114;297
114;298
114;299
114;300
114;301
114;302
114;303
114;304
114;305
114;306
114;307
114;308
114;309
114;310
114;311
114;312
114;313
114;314
114;315
114;316
114;317
114;318
114;319
114;320
114;321
114;322
114;323
114;324
114;325
114;326
114;327
114;328
114;329
114;330
114;331
114;332
114;333
114;334
114;335
114;336
114;337
114;338
114;339
114;340
114;341
114;342
114;343
114;344
114;345
114;346
114;347
114;348
114;349
114;350
114;351
114;352
114;353
114;354
114;355
114;356
114;357
114;358
114;359
114;360
114;361
114;362
114;363
114;364
114;365
114;366
114;367
114;368
114;369
114;370
114;371
114;372
114;373
114;374
114;375
114;376
114;377
114;378
115;68
115;69
115;70
115;71
115;72
115;73
115;74
115;75
115;76
115;77
115;78
115;79
115;80
115;81
115;82
115;83
115;84
115;85
115;86
115;87
115;88
115;89
115;90
115;91
115;92
115;93
115;94
115;95
115;96
115;97
115;98
115;99
115;100
115;101
115;102
115;103
115;104
115;105
115;106
115;107
115;108
115;109
115;110
115;111
115;112
115;113
115;114
115;115
115;116
115;117
115;118
115;119
115;120
115;121
115;122
115;123
115;124
115;125
115;126
115;127
115;128
115;129
115;130
115;131
115;132
115;133
115;134
115;135
115;136
115;137
115;138
115;139
115;140
115;226
115;227
115;228
115;229
115;230
115;231
115;232
115;233
115;234
115;235
115;236
115;237
115;238
115;239
115;240
115;241
115;242
115;243
115;244
115;245
115;246
115;247
115;248
115;249
115;250
115;251
115;252
115;253
115;254
115;255
115;256
115;257
115;258
115;259
115;260
115;261
115;262
115;263
115;264
115;265
115;266
115;267
115;268
115;269
115;270
115;271
115;272
115;273
115;274
115;275
115;276
115;277
115;278
115;279
115;280
115;281
115;282
115;283
115;287
115;288
115;289
115;290
115;291
115;292
115;293
115;294
115;295
115;296
115;297
115;298
115;299
115;300
115;301
115;302
115;303
115;304
115;305
115;306
115;307
115;308
115;309
115;310
115;311
115;312
115;313
115;314
115;315
115;316
115;317
115;318
115;319
115;320
115;321
115;322
115;323
115;324
115;325
115;326
115;327
115;328
115;329
115;330
115;331
115;332
115;333
115;334
115;335
115;336
115;337
115;338
115;339
115;340
115;341
115;342
115;343
115;344
115;345
115;346
115;347
115;348
115;349
115;350
115;351
115;352
115;353
115;354
115;355
115;356
115;357
115;358
115;359
115;360
115;361
115;362
115;363
115;364
115;365
115;366
115;367
115;368
115;369
115;370
115;371
115;372
115;373
115;374
115;375
115;376
115;377
115;378
116;69
116;70
116;71
116;72
116;73
116;74
116;75
116;76
116;77
116;78
116;79
116;80
116;81
116;82
116;83
116;84
116;85
116;86
116;87
116;88
116;89
116;90
116;91
116;92
116;93
116;94
116;95
116;96
116;97
116;98
116;99
116;100
116;101
116;102
116;103
116;104
116;105
116;106
116;107
116;108
116;109
116;110
116;111
116;112
116;113
116;114
116;115
116;116
116;117
116;118
116;119
116;120
116;121
116;122
116;123
116;124
116;125
116;126
116;127
116;128
116;129
116;130
116;131
116;132
116;133
116;134
116;135
116;136
116;137
116;138
116;139
116;140
116;226
116;227
116;228
116;229
116;230
116;231
116;232
116;233
116;234
116;235
116;236
116;237
116;238
116;239
116;240
116;241
116;242
116;243
116;244
116;245
116;246
116;247
116;248
116;249
116;250
116;251
116;252
116;253
116;254
116;255
116;256
116;257
116;258
116;259
116;260
116;261
116;262
116;263
116;264
116;265
116;266
116;267
116;268
116;269
116;270
116;271
116;272
116;273
116;274
116;275
116;276
116;277
116;278
116;279
116;280
116;281
116;282
116;287
116;288
116;289
116;290
116;291
116;292
116;293
116;294
116;295
116;296
116;297
116;298
116;299
116;300
116;301
116;302
116;303
116;304
116;305
116;306
116;307
116;308
116;309
116;310
116;311
116;312
116;313
116;314
116;315
116;316
116;317
116;318
116;319
116;320
116;321
116;322
116;323
116;324
116;325
116;326
116;327
116;328
116;329
116;330
116;331
116;332
116;333
116;334
116;335
116;336
116;337
116;338
116;339
116;340
116;341
116;342
116;343
116;344
116;345
116;346
116;347
116;348
116;349
116;350
116;351
116;352
116;353
116;354
116;355
116;356
116;357
116;358
116;359
116;360
116;361
116;362
116;363
116;364
116;365
116;366
116;367
116;368
116;369
116;370
116;371
116;372
116;373
116;374
116;375
116;376
116;377
116;378
117;70
117;71
117;72
117;73
117;74
117;75
117;76
117;77
117;78
117;79
117;80
117;81
117;82
117;83
117;84
117;85
117;86
117;87
117;88
117;89
117;90
117;91
117;92
117;93
117;94
117;95
117;96
117;97
117;98
117;99
117;100
117;101
117;102
117;103
117;104
117;105
117;106
117;107
117;108
117;109
117;110
117;111
117;112
117;113
117;114
117;115
117;116
117;117
117;118
117;119
117;120
117;121
117;122
117;123
117;124
117;125
117;126
117;127
117;128
117;129
117;130
117;131
117;132
117;133
117;134
117;135
117;136
117;137
117;138
117;139
117;140
117;226
117;227
117;228
117;229
117;230
117;231
117;232
117;233
117;234
117;235
117;236
117;237
117;238
117;239
117;240
117;241
117;242
117;243
117;244
117;245
117;246
117;247
117;248
117;249
117;250
117;251
117;252
117;253
117;254
117;255
117;256
117;257
117;258
117;259
117;260
117;261
117;262
117;263
117;264
117;265
117;266
117;267
117;268
117;269
117;270
117;271
117;272
117;273
117;274
117;275
117;276
117;277
117;278
117;279
117;280
117;281
117;282
117;287
117;288
117;289
117;290
117;291
117;292
117;293
117;294
117;295
117;296
117;297
117;298
117;299
117;300
117;301
117;302
117;303
117;304
117;305
117;306
117;307
117;308
117;309
117;310
117;311
117;312
117;313
117;314
117;315
117;316
117;317
117;318
117;319
117;320
117;321
117;322
117;323
117;324
117;325
117;326
117;327
117;328
117;329
117;330
117;331
117;332
117;333
117;334
117;335
117;336
117;337
117;338
117;339
117;340
117;341
117;342
117;343
117;344
117;345
117;346
117;347
117;348
117;349
117;350
117;351
117;352
117;353
117;354
117;355
117;356
117;357
117;358
117;359
117;360
117;361
117;362
117;363
117;364
117;365
117;366
117;367
117;368
117;369
117;370
117;371
117;372
117;373
117;374
117;375
117;376
117;377
117;378
117;379
118;69
118;70
118;71
118;72
118;73
118;74
118;75
118;76
118;77
118;78
118;79
118;80
118;81
118;82
118;83
118;84
118;85
118;86
118;87
118;88
118;89
118;90
118;91
118;92
118;93
118;94
118;95
118;96
118;97
118;98
118;99
118;100
118;101
118;102
118;103
118;104
118;105
118;106
118;107
118;108
118;109
118;110
118;111
118;112
118;113
118;114
118;115
118;116
118;117
118;118
118;119
118;120
118;121
118;122
118;123
118;124
118;125
118;126
118;127
118;128
118;129
118;130
118;131
118;132
118;133
118;134
118;135
118;136
118;137
118;138
118;139
118;140
118;227
118;228
118;229
118;230
118;231
118;232
118;233
118;234
118;235
118;236
118;237
118;238
118;239
118;240
118;241
118;242
118;243
118;244
118;245
118;246
118;247
118;248
118;249
118;250
118;251
118;252
118;253
118;254
118;255
118;256
118;257
118;258
118;259
118;260
118;261
118;262
118;263
118;264
118;265
118;266
118;267
118;268
118;269
118;270
118;271
118;272
118;273
118;274
118;275
118;276
118;277
118;278
118;279
118;280
118;281
118;282
118;287
118;288
118;289
118;290
118;291
118;292
118;293
118;294
118;295
118;296
118;297
118;298
118;299
118;300
118;301
118;302
118;303
118;304
118;305
118;306
118;307
118;308
118;309
118;310
118;311
118;312
118;313
118;314
118;315
118;316
118;317
118;318
118;319
118;320
118;321
118;322
118;323
118;324
118;325
118;326
118;327
118;328
118;329
118;330
118;331
118;332
118;333
118;334
118;335
118;336
118;337
118;338
118;339
118;340
118;341
118;342
118;343
118;344
118;345
118;346
118;347
118;348
118;349
118;350
118;351
118;352
118;353
118;354
118;355
118;356
118;357
118;358
118;359
118;360
118;361
118;362
118;363
118;364
118;365
118;366
118;367
118;368
118;369
118;370
118;371
118;372
118;373
118;374
118;375
118;376
118;377
118;378
118;379
119;67
119;68
119;69
119;70
119;71
119;72
119;73
119;74
119;75
119;76
119;77
119;78
119;79
119;80
119;81
119;82
119;83
119;84
119;85
119;86
119;87
119;88
119;89
119;90
119;91
119;92
119;93
119;94
119;95
119;96
119;97
119;98
119;99
119;100
119;101
119;102
119;103
119;104
119;105
119;106
119;107
119;108
119;109
119;110
119;111
119;112
119;113
119;114
119;115
119;116
119;117
119;118
119;119
119;120
119;121
119;122
119;123
119;124
119;125
119;126
119;127
119;128
119;129
119;130
119;131
119;132
119;133
119;134
119;135
119;136
119;137
119;138
119;139
119;140
119;228
119;229
119;230
119;231
119;232
119;233
119;234
119;235
119;236
119;237
119;238
119;239
119;240
119;241
119;242
119;243
119;244
119;245
119;246
119;247
119;248
119;249
119;250
119;251
119;252
119;253
119;254
119;255
119;256
119;257
119;258
119;259
119;260
119;261
119;262
119;263
119;264
119;265
119;266
119;267
119;268
119;269
119;270
119;271
119;272
119;273
119;274
119;275
119;276
119;277
119;278
119;279
119;280
119;281
119;287
119;288
119;289
119;290
119;291
119;292
119;293
119;294
119;295
119;296
119;297
119;298
119;299
119;300
119;301
119;302
119;303
119;304
119;305
119;306
119;307
119;308
119;309
119;310
119;311
119;312
119;313
119;314
119;315
119;316
119;317
119;318
119;319
119;320
119;321
119;322
119;323
119;324
119;325
119;326
119;327
119;328
119;329
119;330
119;331
119;332
119;333
119;334
119;335
119;336
119;337
119;338
119;339
119;340
119;341
119;342
119;343
119;344
119;345
119;346
119;347
119;348
119;349
119;350
119;351
119;352
119;353
119;354
119;355
119;356
119;357
119;358
119;359
119;360
119;361
119;362
119;363
119;364
119;365
119;366
119;367
119;368
119;369
119;370
119;371
119;372
119;373
119;374
119;375
119;376
119;377
119;378
119;379
120;65
120;66
120;67
120;68
120;69
120;70
120;71
120;72
120;73
120;74
120;75
120;76
120;77
120;78
120;79
120;80
120;81
120;82
120;83
120;84
120;85
120;86
120;87
120;88
120;89
120;90
120;91
120;92
120;93
120;94
120;95
120;96
120;97
120;98
120;99
120;100
120;101
120;102
120;103
120;104
120;105
120;106
120;107
120;108
120;109
120;110
120;111
120;112
120;113
120;114
120;115
120;116
120;117
120;118
120;119
120;120
120;121
120;122
120;123
120;124
120;125
120;126
120;127
120;128
120;129
120;130
120;131
120;132
120;133
120;134
120;135
120;136
120;137
120;138
120;139
120;140
120;228
120;229
120;230
120;231
120;232
120;233
120;234
120;235
120;236
120;237
120;238
120;239
120;240
120;241
120;242
120;243
120;244
120;245
120;246
120;247
120;248
120;249
120;250
120;251
120;252
120;253
120;254
120;255
120;256
120;257
120;258
120;259
120;260
120;261
120;262
120;263
120;264
120;265
120;266
120;267
120;268
120;269
120;270
120;271
120;272
120;273
120;274
120;275
120;276
120;277
120;278
120;279
120;280
120;287
120;288
120;289
120;290
120;291
120;292
120;293
120;294
120;295
120;296
120;297
120;298
120;299
120;300
120;301
120;302
120;303
120;304
120;305
120;306
120;307
120;308
120;309
120;310
120;311
120;312
120;313
120;314
120;315
120;316
120;317
120;318
120;319
120;320
120;321
120;322
120;323
120;324
120;325
120;326
120;327
120;328
120;329
120;330
120;331
120;332
120;333
120;334
120;335
120;336
120;337
120;338
120;339
120;340
120;341
120;342
120;343
120;344
120;345
120;346
120;347
120;348
120;349
120;350
120;351
120;352
120;353
120;354
120;355
120;356
120;357
120;358
120;359
120;360
120;361
120;362
120;363
120;364
120;365
120;366
120;367
120;368
120;369
120;370
120;371
120;372
120;373
120;374
120;375
120;376
120;377
120;378
120;379
121;63
121;64
121;65
121;66
121;67
121;68
121;69
121;70
121;71
121;72
121;73
121;74
121;75
121;76
121;77
121;78
121;79
121;80
121;81
121;82
121;83
121;84
121;85
121;86
121;87
121;88
121;89
121;90
121;91
121;92
121;93
121;94
121;95
121;96
121;97
121;98
121;99
121;100
121;101
121;102
121;103
121;104
121;105
121;106
121;107
121;108
121;109
121;110
121;111
121;112
121;113
121;114
121;115
121;116
121;117
121;118
121;119
121;120
121;121
121;122
121;123
121;124
121;125
121;126
121;127
121;128
121;129
121;130
121;131
121;132
121;133
121;134
121;135
121;136
121;137
121;138
121;139
121;140
121;229
121;230
121;231
121;232
121;233
121;234
121;235
121;236
121;237
121;238
121;239
121;240
121;241
121;242
121;243
121;244
121;245
121;246
121;247
121;248
121;249
121;250
121;251
121;252
121;253
121;254
121;255
121;256
121;257
121;258
121;259
121;260
121;261
121;262
121;263
121;264
121;265
121;266
121;267
121;268
121;269
121;270
121;271
121;272
121;273
121;274
121;275
121;276
121;277
121;278
121;279
121;280
121;288
121;289
121;290
121;291
121;292
121;293
121;294
121;295
121;296
121;297
121;298
121;299
121;300
121;301
121;302
121;303
121;304
121;305
121;306
121;307
121;308
121;309
121;310
121;311
121;312
121;313
121;314
121;315
121;316
121;317
121;318
121;319
121;320
121;321
121;322
121;323
121;324
121;325
121;326
121;327
121;328
121;329
121;330
121;331
121;332
121;333
121;334
121;335
121;336
121;337
121;338
121;339
121;340
121;341
121;342
121;343
121;344
121;345
121;346
121;347
121;348
121;349
121;350
121;351
121;352
121;353
121;354
121;355
121;356
121;357
121;358
121;359
121;360
121;361
121;362
121;363
121;364
121;365
121;366
121;367
121;368
121;369
121;370
121;371
121;372
121;373
121;374
121;375
121;376
121;377
121;378
121;379
122;61
122;62
122;63
122;64
122;65
122;66
122;67
122;68
122;69
122;70
122;71
122;72
122;73
122;74
122;75
122;76
122;77
122;78
122;79
122;80
122;81
122;82
122;83
122;84
122;85
122;86
122;87
122;88
122;89
122;90
122;91
122;92
122;93
122;94
122;95
122;96
122;97
122;98
122;99
122;100
122;101
122;102
122;103
122;104
122;105
122;106
122;107
122;108
122;109
122;110
122;111
122;112
122;113
122;114
122;115
122;116
122;117
122;118
122;119
122;120
122;121
122;122
122;123
122;124
122;125
122;126
122;127
122;128
122;129
122;130
122;131
122;132
122;133
122;134
122;135
122;136
122;137
122;138
122;139
122;140
122;230
122;231
122;232
122;233
122;234
122;235
122;236
122;237
122;238
122;239
122;240
122;241
122;242
122;243
122;244
122;245
122;246
122;247
122;248
122;249
122;250
122;251
122;252
122;253
122;254
122;255
122;256
122;257
122;258
122;259
122;260
122;261
122;262
122;263
122;264
122;265
122;266
122;267
122;268
122;269
122;270
122;271
122;272
122;273
122;274
122;275
122;276
122;277
122;278
122;279
122;288
122;289
122;290
122;291
122;292
122;293
122;294
122;295
122;296
122;297
122;298
122;299
122;300
122;301
122;302
122;303
122;304
122;305
122;306
122;307
122;308
122;309
122;310
122;311
122;312
122;313
122;314
122;315
122;316
122;317
122;318
122;319
122;320
122;321
122;322
122;323
122;324
122;325
122;326
122;327
122;328
122;329
122;330
122;331
122;332
122;333
122;334
122;335
122;336
122;337
122;338
122;339
122;340
122;341
122;342
122;343
122;344
122;345
122;346
122;347
122;348
122;349
122;350
122;351
122;352
122;353
122;354
122;355
122;356
122;357
122;358
122;359
122;360
122;361
122;362
122;363
122;364
122;365
122;366
122;367
122;368
122;369
122;370
122;371
122;372
122;373
122;374
122;375
122;376
122;377
122;378
122;379
123;59
123;60
123;61
123;62
123;63
123;64
123;65
123;66
123;67
123;68
123;69
123;70
123;71
123;72
123;73
123;74
123;75
123;76
123;77
123;78
123;79
123;80
123;81
123;82
123;83
123;84
123;85
123;86
123;87
123;88
123;89
123;90
123;91
123;92
123;93
123;94
123;95
123;96
123;97
123;98
123;99
123;100
123;101
123;102
123;103
123;104
123;105
123;106
123;107
123;108
123;109
123;110
123;111
123;112
123;113
123;114
123;115
123;116
123;117
123;118
123;119
123;120
123;121
123;122
123;123
123;124
123;125
123;126
123;127
123;128
123;129
123;130
123;131
123;132
123;133
123;134
123;135
123;136
123;137
123;138
123;139
123;140
123;230
123;231
123;232
123;233
123;234
123;235
123;236
123;237
123;238
123;239
123;240
123;241
123;242
123;243
123;244
123;245
123;246
123;247
123;248
123;249
123;250
123;251
123;252
123;253
123;254
123;255
123;256
123;257
123;258
123;259
123;260
123;261
123;262
123;263
123;264
123;265
123;266
123;267
123;268
123;269
123;270
123;271
123;272
123;273
123;274
123;275
123;276
123;277
123;278
123;288
123;289
123;290
123;291
123;292
123;293
123;294
123;295
123;296
123;297
123;298
123;299
123;300
123;301
123;302
123;303
123;304
123;305
123;306
123;307
123;308
123;309
123;310
123;311
123;312
123;313
123;314
123;315
123;316
123;317
123;318
123;319
123;320
123;321
123;322
123;323
123;324
123;325
123;326
123;327
123;328
123;329
123;330
123;331
123;332
123;333
123;334
123;335
123;336
123;337
123;338
123;339
123;340
123;341
123;342
123;343
123;344
123;345
123;346
123;347
123;348
123;349
123;350
123;351
123;352
123;353
123;354
123;355
123;356
123;357
123;358
123;359
123;360
123;361
123;362
123;363
123;364
123;365
123;366
123;367
123;368
123;369
123;370
123;371
123;372
123;373
123;374
123;375
123;376
123;377
123;378
123;379
124;58
124;59
124;60
124;61
124;62
124;63
124;64
124;65
124;66
124;67
124;68
124;69
124;70
124;71
124;72
124;73
124;74
124;75
124;76
124;77
124;78
124;79
124;80
124;81
124;82
124;83
124;84
124;85
124;86
124;87
124;88
124;89
124;90
124;91
124;92
124;93
124;94
124;95
124;96
124;97
124;98
124;99
124;100
124;101
124;102
124;103
124;104
124;105
124;106
124;107
124;108
124;109
124;110
124;111
124;112
124;113
124;114
124;115
124;116
124;117
124;118
124;119
124;120
124;121
124;122
124;123
124;124
124;125
124;126
124;127
124;128
124;129
124;130
124;131
124;132
124;133
124;134
124;135
124;136
124;137
124;138
124;139
124;140
124;231
124;232
124;233
124;234
124;235
124;236
124;237
124;238
124;239
124;240
124;241
124;242
124;243
124;244
124;245
124;246
124;247
124;248
124;249
124;250
124;251
124;252
124;253
124;254
124;255
124;256
124;257
124;258
124;259
124;260
124;261
124;262
124;263
124;264
124;265
124;266
124;267
124;268
124;269
124;270
124;271
124;272
124;273
124;274
124;275
124;276
124;277
124;278
124;288
124;289
124;290
124;291
124;292
124;293
124;294
124;295
124;296
124;297
124;298
124;299
124;300
124;301
124;302
124;303
124;304
124;305
124;306
124;307
124;308
124;309
124;310
124;311
124;312
124;313
124;314
124;315
124;316
124;317
124;318
124;319
124;320
124;321
124;322
124;323
124;324
124;325
124;326
124;327
124;328
124;329
124;330
124;331
124;332
124;333
124;334
124;335
124;336
124;337
124;338
124;339
124;340
124;341
124;342
124;343
124;344
124;345
124;346
124;347
124;348
124;349
124;350
124;351
124;352
124;353
124;354
124;355
124;356
124;357
124;358
124;359
124;360
124;361
124;362
124;363
124;364
124;365
124;366
124;367
124;368
124;369
124;370
124;371
124;372
124;373
124;374
124;375
124;376
124;377
124;378
124;379
125;60
125;61
125;62
125;63
125;64
125;65
125;66
125;67
125;68
125;69
125;70
125;71
125;72
125;73
125;74
125;75
125;76
125;77
125;78
125;79
125;80
125;81
125;82
125;83
125;84
125;85
125;86
125;87
125;88
125;89
125;90
125;91
125;92
125;93
125;94
125;95
125;96
125;97
125;98
125;99
125;100
125;101
125;102
125;103
125;104
125;105
125;106
125;107
125;108
125;109
125;110
125;111
125;112
125;113
125;114
125;115
125;116
125;117
125;118
125;119
125;120
125;121
125;122
125;123
125;124
125;125
125;126
125;127
125;128
125;129
125;130
125;131
125;132
125;133
125;134
125;135
125;136
125;137
125;138
125;139
125;140
125;232
125;233
125;234
125;235
125;236
125;237
125;238
125;239
125;240
125;241
125;242
125;243
125;244
125;245
125;246
125;247
125;248
125;249
125;250
125;251
125;252
125;253
125;254
125;255
125;256
125;257
125;258
125;259
125;260
125;261
125;262
125;263
125;264
125;265
125;266
125;267
125;268
125;269
125;270
125;271
125;272
125;273
125;274
125;275
125;276
125;288
125;289
125;290
125;291
125;292
125;293
125;294
125;295
125;296
125;297
125;298
125;299
125;300
125;301
125;302
125;303
125;304
125;305
125;306
125;307
125;308
125;309
125;310
125;311
125;312
125;313
125;314
125;315
125;316
125;317
125;318
125;319
125;320
125;321
125;322
125;323
125;324
125;325
125;326
125;327
125;328
125;329
125;330
125;331
125;332
125;333
125;334
125;335
125;336
125;337
125;338
125;339
125;340
125;341
125;342
125;343
125;344
125;345
125;346
125;347
125;348
125;349
125;350
125;351
125;352
125;353
125;354
125;355
125;356
125;357
125;358
125;359
125;360
125;361
125;362
125;363
125;364
125;365
125;366
125;367
125;368
125;369
125;370
125;371
125;372
125;373
125;374
125;375
125;376
125;377
125;378
125;379
126;62
126;63
126;64
126;65
126;66
126;67
126;68
126;69
126;70
126;71
126;72
126;73
126;74
126;75
126;76
126;77
126;78
126;79
126;80
126;81
126;82
126;83
126;84
126;85
126;86
126;87
126;88
126;89
126;90
126;91
126;92
126;93
126;94
126;95
126;96
126;97
126;98
126;99
126;100
126;101
126;102
126;103
126;104
126;105
126;106
126;107
126;108
126;109
126;110
126;111
126;112
126;113
126;114
126;115
126;116
126;117
126;118
126;119
126;120
126;121
126;122
126;123
126;124
126;125
126;126
126;127
126;128
126;129
126;130
126;131
126;132
126;133
126;134
126;135
126;136
126;137
126;138
126;139
126;140
126;233
126;234
126;235
126;236
126;237
126;238
126;239
126;240
126;241
126;242
126;243
126;244
126;245
126;246
126;247
126;248
126;249
126;250
126;251
126;252
126;253
126;254
126;255
126;256
126;257
126;258
126;259
126;260
126;261
126;262
126;263
126;264
126;265
126;266
126;267
126;268
126;269
126;270
126;271
126;272
126;273
126;274
126;275
126;276
126;288
126;289
126;290
126;291
126;292
126;293
126;294
126;295
126;296
126;297
126;298
126;299
126;300
126;301
126;302
126;303
126;304
126;305
126;306
126;307
126;308
126;309
126;310
126;311
126;312
126;313
126;314
126;315
126;316
126;317
126;318
126;319
126;320
126;321
126;322
126;323
126;324
126;325
126;326
126;327
126;328
126;329
126;330
126;331
126;332
126;333
126;334
126;335
126;336
126;337
126;338
126;339
126;340
126;341
126;342
126;343
126;344
126;345
126;346
126;347
126;348
126;349
126;350
126;351
126;352
126;353
126;354
126;355
126;356
126;357
126;358
126;359
126;360
126;361
126;362
126;363
126;364
126;365
126;366
126;367
126;368
126;369
126;370
126;371
126;372
126;373
126;374
126;375
126;376
126;377
126;378
126;379
127;64
127;65
127;66
127;67
127;68
127;69
127;70
127;71
127;72
127;73
127;74
127;75
127;76
127;77
127;78
127;79
127;80
127;81
127;82
127;83
127;84
127;85
127;86
127;87
127;88
127;89
127;90
127;91
127;92
127;93
127;94
127;95
127;96
127;97
127;98
127;99
127;100
127;101
127;102
127;103
127;104
127;105
127;106
127;107
127;108
127;109
127;110
127;111
127;112
127;113
127;114
127;115
127;116
127;117
127;118
127;119
127;120
127;121
127;122
127;123
127;124
127;125
127;126
127;127
127;128
127;129
127;130
127;131
127;132
127;133
127;134
127;135
127;136
127;137
127;138
127;139
127;140
127;234
127;235
127;236
127;237
127;238
127;239
127;240
127;241
127;242
127;243
127;244
127;245
127;246
127;247
127;248
127;249
127;250
127;251
127;252
127;253
127;254
127;255
127;256
127;257
127;258
127;259
127;260
127;261
127;262
127;263
127;264
127;265
127;266
127;267
127;268
127;269
127;270
127;271
127;272
127;273
127;274
127;288
127;289
127;290
127;291
127;292
127;293
127;294
127;295
127;296
127;297
127;298
127;299
127;300
127;301
127;302
127;303
127;304
127;305
127;306
127;307
127;308
127;309
127;310
127;311
127;312
127;313
127;314
127;315
127;316
127;317
127;318
127;319
127;320
127;321
127;322
127;323
127;324
127;325
127;326
127;327
127;328
127;329
127;330
127;331
127;332
127;333
127;334
127;335
127;336
127;337
127;338
127;339
127;340
127;341
127;342
127;343
127;344
127;345
127;346
127;347
127;348
127;349
127;350
127;351
127;352
127;353
127;354
127;355
127;356
127;357
127;358
127;359
127;360
127;361
127;362
127;363
127;364
127;365
127;366
127;367
127;368
127;369
127;370
127;371
127;372
127;373
127;374
127;375
127;376
127;377
127;378
127;379
128;66
128;67
128;68
128;69
128;70
128;71
128;72
128;73
128;74
128;75
128;76
128;77
128;78
128;79
128;80
128;81
128;82
128;83
128;84
128;85
128;86
128;87
128;88
128;89
128;90
128;91
128;92
128;93
128;94
128;95
128;96
128;97
128;98
128;99
128;100
128;101
128;102
128;103
128;104
128;105
128;106
128;107
128;108
128;109
128;110
128;111
128;112
128;113
128;114
128;115
128;116
128;117
128;118
128;119
128;120
128;121
128;122
128;123
128;124
128;125
128;126
128;127
128;128
128;129
128;130
128;131
128;132
128;133
128;134
128;135
128;136
128;137
128;138
128;139
128;140
128;236
128;237
128;238
128;239
128;240
128;241
128;242
128;243
128;244
128;245
128;246
128;247
128;248
128;249
128;250
128;251
128;252
128;253
128;254
128;255
128;256
128;257
128;258
128;259
128;260
128;261
128;262
128;263
128;264
128;265
128;266
128;267
128;268
128;269
128;270
128;271
128;272
128;273
128;288
128;289
128;290
128;291
128;292
128;293
128;294
128;295
128;296
128;297
128;298
128;299
128;300
128;301
128;302
128;303
128;304
128;305
128;306
128;307
128;308
128;309
128;310
128;311
128;312
128;313
128;314
128;315
128;316
128;317
128;318
128;319
128;320
128;321
128;322
128;323
128;324
128;325
128;326
128;327
128;328
128;329
128;330
128;331
128;332
128;333
128;334
128;335
128;336
128;337
128;338
128;339
128;340
128;341
128;342
128;343
128;344
128;345
128;346
128;347
128;348
128;349
128;350
128;351
128;352
128;353
128;354
128;355
128;356
128;357
128;358
128;359
128;360
128;361
128;362
128;363
128;364
128;365
128;366
128;367
128;368
128;369
128;370
128;371
128;372
128;373
128;374
128;375
128;376
128;377
128;378
128;379
129;68
129;69
129;70
129;71
129;72
129;73
129;74
129;75
129;76
129;77
129;78
129;79
129;80
129;81
129;82
129;83
129;84
129;85
129;86
129;87
129;88
129;89
129;90
129;91
129;92
129;93
129;94
129;95
129;96
129;97
129;98
129;99
129;100
129;101
129;102
129;103
129;104
129;105
129;106
129;107
129;108
129;109
129;110
129;111
129;112
129;113
129;114
129;115
129;116
129;117
129;118
129;119
129;120
129;121
129;122
129;123
129;124
129;125
129;126
129;127
129;128
129;129
129;130
129;131
129;132
129;133
129;134
129;135
129;136
129;137
129;138
129;139
129;140
129;237
129;238
129;239
129;240
129;241
129;242
129;243
129;244
129;245
129;246
129;247
129;248
129;249
129;250
129;251
129;252
129;253
129;254
129;255
129;256
129;257
129;258
129;259
129;260
129;261
129;262
129;263
129;264
129;265
129;266
129;267
129;268
129;269
129;270
129;271
129;272
129;288
129;289
129;290
129;291
129;292
129;293
129;294
129;295
129;296
129;297
129;298
129;299
129;300
129;301
129;302
129;303
129;304
129;305
129;306
129;307
129;308
129;309
129;310
129;311
129;312
129;313
129;314
129;315
129;316
129;317
129;318
129;319
129;320
129;321
129;322
129;323
129;324
129;325
129;326
129;327
129;328
129;329
129;330
129;331
129;332
129;333
129;334
129;335
129;336
129;337
129;338
129;339
129;340
129;341
129;342
129;343
129;344
129;345
129;346
129;347
129;348
129;349
129;350
129;351
129;352
129;353
129;354
129;355
129;356
129;357
129;358
129;359
129;360
129;361
129;362
129;363
129;364
129;365
129;366
129;367
129;368
129;369
129;370
129;371
129;372
129;373
129;374
129;375
129;376
129;377
129;378
129;379
130;70
130;71
130;72
130;73
130;74
130;75
130;76
130;77
130;78
130;79
130;80
130;81
130;82
130;83
130;84
130;85
130;86
130;87
130;88
130;89
130;90
130;91
130;92
130;93
130;94
130;95
130;96
130;97
130;98
130;99
130;100
130;101
130;102
130;103
130;104
130;105
130;106
130;107
130;108
130;109
130;110
130;111
130;112
130;113
130;114
130;115
130;116
130;117
130;118
130;119
130;120
130;121
130;122
130;123
130;124
130;125
130;126
130;127
130;128
130;129
130;130
130;131
130;132
130;133
130;134
130;135
130;136
130;137
130;138
130;139
130;140
130;238
130;239
130;240
130;241
130;242
130;243
130;244
130;245
130;246
130;247
130;248
130;249
130;250
130;251
130;252
130;253
130;254
130;255
130;256
130;257
130;258
130;259
130;260
130;261
130;262
130;263
130;264
130;265
130;266
130;267
130;268
130;269
130;270
130;288
130;289
130;290
130;291
130;292
130;293
130;294
130;295
130;296
130;297
130;298
130;299
130;300
130;301
130;302
130;303
130;304
130;305
130;306
130;307
130;308
130;309
130;310
130;311
130;312
130;313
130;314
130;315
130;316
130;317
130;318
130;319
130;320
130;321
130;322
130;323
130;324
130;325
130;326
130;327
130;328
130;329
130;330
130;331
130;332
130;333
130;334
130;335
130;336
130;337
130;338
130;339
130;340
130;341
130;342
130;343
130;344
130;345
130;346
130;347
130;348
130;349
130;350
130;351
130;352
130;353
130;354
130;355
130;356
130;357
130;358
130;359
130;360
130;361
130;362
130;363
130;364
130;365
130;366
130;367
130;368
130;369
130;370
130;371
130;372
130;373
130;374
130;375
130;376
130;377
130;378
130;379
131;72
131;73
131;74
131;75
131;76
131;77
131;78
131;79
131;80
131;81
131;82
131;83
131;84
131;85
131;86
131;87
131;88
131;89
131;90
131;91
131;92
131;93
131;94
131;95
131;96
131;97
131;98
131;99
131;100
131;101
131;102
131;103
131;104
131;105
131;106
131;107
131;108
131;109
131;110
131;111
131;112
131;113
131;114
131;115
131;116
131;117
131;118
131;119
131;120
131;121
131;122
131;123
131;124
131;125
131;126
131;127
131;128
131;129
131;130
131;131
131;132
131;133
131;134
131;135
131;136
131;137
131;138
131;139
131;140
131;240
131;241
131;242
131;243
131;244
131;245
131;246
131;247
131;248
131;249
131;250
131;251
131;252
131;253
131;254
131;255
131;256
131;257
131;258
131;259
131;260
131;261
131;262
131;263
131;264
131;265
131;266
131;267
131;268
131;288
131;289
131;290
131;291
131;292
131;293
131;294
131;295
131;296
131;297
131;298
131;299
131;300
131;301
131;302
131;303
131;304
131;305
131;306
131;307
131;308
131;309
131;310
131;311
131;312
131;313
131;314
131;315
131;316
131;317
131;318
131;319
131;320
131;321
131;322
131;323
131;324
131;325
131;326
131;327
131;328
131;329
131;330
131;331
131;332
131;333
131;334
131;335
131;336
131;337
131;338
131;339
131;340
131;341
131;342
131;343
131;344
131;345
131;346
131;347
131;348
131;349
131;350
131;351
131;352
131;353
131;354
131;355
131;356
131;357
131;358
131;359
131;360
131;361
131;362
131;363
131;364
131;365
131;366
131;367
131;368
131;369
131;370
131;371
131;372
131;373
131;374
131;375
131;376
131;377
131;378
131;379
132;74
132;75
132;76
132;77
132;78
132;79
132;80
132;81
132;82
132;83
132;84
132;85
132;86
132;87
132;88
132;89
132;90
132;91
132;92
132;93
132;94
132;95
132;96
132;97
132;98
132;99
132;100
132;101
132;102
132;103
132;104
132;105
132;106
132;107
132;108
132;109
132;110
132;111
132;112
132;113
132;114
132;115
132;116
132;117
132;118
132;119
132;120
132;121
132;122
132;123
132;124
132;125
132;126
132;127
132;128
132;129
132;130
132;131
132;132
132;133
132;134
132;135
132;136
132;137
132;138
132;139
132;140
132;242
132;244
132;245
132;246
132;247
132;248
132;249
132;250
132;251
132;252
132;253
132;254
132;255
132;256
132;257
132;258
132;259
132;260
132;261
132;262
132;263
132;264
132;265
132;266
132;288
132;289
132;290
132;291
132;292
132;293
132;294
132;295
132;296
132;297
132;298
132;299
132;300
132;301
132;302
132;303
132;304
132;305
132;306
132;307
132;308
132;309
132;310
132;311
132;312
132;313
132;314
132;315
132;316
132;317
132;318
132;319
132;320
132;321
132;322
132;323
132;324
132;325
132;326
132;327
132;328
132;329
132;330
132;331
132;332
132;333
132;334
132;335
132;336
132;337
132;338
132;339
132;340
132;341
132;342
132;343
132;344
132;345
132;346
132;347
132;348
132;349
132;350
132;351
132;352
132;353
132;354
132;355
132;356
132;357
132;358
132;359
132;360
132;361
132;362
132;363
132;364
132;365
132;366
132;367
132;368
132;369
132;370
132;371
132;372
132;373
132;374
132;375
132;376
132;377
132;378
132;379
133;76
133;77
133;78
133;79
133;80
133;81
133;82
133;83
133;84
133;85
133;86
133;87
133;88
133;89
133;90
133;91
133;92
133;93
133;94
133;95
133;96
133;97
133;98
133;99
133;100
133;101
133;102
133;103
133;104
133;105
133;106
133;107
133;108
133;109
133;110
133;111
133;112
133;113
133;114
133;115
133;116
133;117
133;118
133;119
133;120
133;121
133;122
133;123
133;124
133;125
133;126
133;127
133;128
133;129
133;130
133;131
133;132
133;133
133;134
133;135
133;136
133;137
133;138
133;139
133;140
133;246
133;247
133;248
133;249
133;250
133;251
133;252
133;253
133;254
133;255
133;256
133;257
133;258
133;259
133;260
133;261
133;262
133;288
133;289
133;290
133;291
133;292
133;293
133;294
133;295
133;296
133;297
133;298
133;299
133;300
133;301
133;302
133;303
133;304
133;305
133;306
133;307
133;308
133;309
133;310
133;311
133;312
133;313
133;314
133;315
133;316
133;317
133;318
133;319
133;320
133;321
133;322
133;323
133;324
133;325
133;326
133;327
133;328
133;329
133;330
133;331
133;332
133;333
133;334
133;335
133;336
133;337
133;338
133;339
133;340
133;341
133;342
133;343
133;344
133;345
133;346
133;347
133;348
133;349
133;350
133;351
133;352
133;353
133;354
133;355
133;356
133;357
133;358
133;359
133;360
133;361
133;362
133;363
133;364
133;365
133;366
133;367
133;368
133;369
133;370
133;371
133;372
133;373
133;374
133;375
133;376
133;377
133;378
133;379
134;78
134;79
134;80
134;81
134;82
134;83
134;84
134;85
134;86
134;87
134;88
134;89
134;90
134;91
134;92
134;93
134;94
134;95
134;96
134;97
134;98
134;99
134;100
134;101
134;102
134;103
134;104
134;105
134;106
134;107
134;108
134;109
134;110
134;111
134;112
134;113
134;114
134;115
134;116
134;117
134;118
134;119
134;120
134;121
134;122
134;123
134;124
134;125
134;126
134;127
134;128
134;129
134;130
134;131
134;132
134;133
134;134
134;135
134;136
134;137
134;138
134;139
134;140
134;250
134;252
134;254
134;256
134;258
134;288
134;289
134;290
134;291
134;292
134;293
134;294
134;295
134;296
134;297
134;298
134;299
134;300
134;301
134;302
134;303
134;304
134;305
134;306
134;307
134;308
134;309
134;310
134;311
134;312
134;313
134;314
134;315
134;316
134;317
134;318
134;319
134;320
134;321
134;322
134;323
134;324
134;325
134;326
134;327
134;328
134;329
134;330
134;331
134;332
134;333
134;334
134;335
134;336
134;337
134;338
134;339
134;340
134;341
134;342
134;343
134;344
134;345
134;346
134;347
134;348
134;349
134;350
134;351
134;352
134;353
134;354
134;355
134;356
134;357
134;358
134;359
134;360
134;361
134;362
134;363
134;364
134;365
134;366
134;367
134;368
134;369
134;370
134;371
134;372
134;373
134;374
134;375
134;376
134;377
134;378
134;379
135;80
135;81
135;82
135;83
135;84
135;85
135;86
135;87
135;88
135;89
135;90
135;91
135;92
135;93
135;94
135;95
135;96
135;97
135;98
135;99
135;100
135;101
135;102
135;103
135;104
135;105
135;106
135;107
135;108
135;109
135;110
135;111
135;112
135;113
135;114
135;115
135;116
135;117
135;118
135;119
135;120
135;121
135;122
135;123
135;124
135;125
135;126
135;127
135;128
135;129
135;130
135;131
135;132
135;133
135;134
135;135
135;136
135;137
135;138
135;139
135;140
135;288
135;289
135;290
135;291
135;292
135;293
135;294
135;295
135;296
135;297
135;298
135;299
135;300
135;301
135;302
135;303
135;304
135;305
135;306
135;307
135;308
135;309
135;310
135;311
135;312
135;313
135;314
135;315
135;316
135;317
135;318
135;319
135;320
135;321
135;322
135;323
135;324
135;325
135;326
135;327
135;328
135;329
135;330
135;331
135;332
135;333
135;334
135;335
135;336
135;337
135;338
135;339
135;340
135;341
135;342
135;343
135;344
135;345
135;346
135;347
135;348
135;349
135;350
135;351
135;352
135;353
135;354
135;355
135;356
135;357
135;358
135;359
135;360
135;361
135;362
135;363
135;364
135;365
135;366
135;367
135;368
135;369
135;370
135;371
135;372
135;373
135;374
135;375
135;376
135;377
135;378
135;379
136;82
136;83
136;84
136;85
136;86
136;87
136;88
136;89
136;90
136;91
136;92
136;93
136;94
136;95
136;96
136;97
136;98
136;99
136;100
136;101
136;102
136;103
136;104
136;105
136;106
136;107
136;108
136;109
136;110
136;111
136;112
136;113
136;114
136;115
136;116
136;117
136;118
136;119
136;120
136;121
136;122
136;123
136;124
136;125
136;126
136;127
136;128
136;129
136;130
136;131
136;132
136;133
136;134
136;135
136;136
136;137
136;138
136;139
136;140
136;288
136;289
136;290
136;291
136;292
136;293
136;294
136;295
136;296
136;297
136;298
136;299
136;300
136;301
136;302
136;303
136;304
136;305
136;306
136;307
136;308
136;309
136;310
136;311
136;312
136;313
136;314
136;315
136;316
136;317
136;318
136;319
136;320
136;321
136;322
136;323
136;324
136;325
136;326
136;327
136;328
136;329
136;330
136;331
136;332
136;333
136;334
136;335
136;336
136;337
136;338
136;339
136;340
136;341
136;342
136;343
136;344
136;345
136;346
136;347
136;348
136;349
136;350
136;351
136;352
136;353
136;354
136;355
136;356
136;357
136;358
136;359
136;360
136;361
136;362
136;363
136;364
136;365
136;366
136;367
136;368
136;369
136;370
136;371
136;372
136;373
136;374
136;375
136;376
136;377
136;378
136;379
137;84
137;85
137;86
137;87
137;88
137;89
137;90
137;91
137;92
137;93
137;94
137;95
137;96
137;97
137;98
137;99
137;100
137;101
137;102
137;103
137;104
137;105
137;106
137;107
137;108
137;109
137;110
137;111
137;112
137;113
137;114
137;115
137;116
137;117
137;118
137;119
137;120
137;121
137;122
137;123
137;124
137;125
137;126
137;127
137;128
137;129
137;130
137;131
137;132
137;133
137;134
137;135
137;136
137;137
137;138
137;139
137;140
137;288
137;289
137;290
137;291
137;292
137;293
137;294
137;295
137;296
137;297
137;298
137;299
137;300
137;301
137;302
137;303
137;304
137;305
137;306
137;307
137;308
137;309
137;310
137;311
137;312
137;313
137;314
137;315
137;316
137;317
137;318
137;319
137;320
137;321
137;322
137;323
137;324
137;325
137;326
137;327
137;328
137;329
137;330
137;331
137;332
137;333
137;334
137;335
137;336
137;337
137;338
137;339
137;340
137;341
137;342
137;343
137;344
137;345
137;346
137;347
137;348
137;349
137;350
137;351
137;352
137;353
137;354
137;355
137;356
137;357
137;358
137;359
137;360
137;361
137;362
137;363
137;364
137;365
137;366
137;367
137;368
137;369
137;370
137;371
137;372
137;373
137;374
137;375
137;376
137;377
137;378
137;379
138;86
138;87
138;88
138;89
138;90
138;91
138;92
138;93
138;94
138;95
138;96
138;97
138;98
138;99
138;100
138;101
138;102
138;103
138;104
138;105
138;106
138;107
138;108
138;109
138;110
138;111
138;112
138;113
138;114
138;115
138;116
138;117
138;118
138;119
138;120
138;121
138;122
138;123
138;124
138;125
138;126
138;127
138;128
138;129
138;130
138;131
138;132
138;133
138;134
138;135
138;136
138;137
138;138
138;139
138;140
138;288
138;289
138;290
138;291
138;292
138;293
138;294
138;295
138;296
138;297
138;298
138;299
138;300
138;301
138;302
138;303
138;304
138;305
138;306
138;307
138;308
138;309
138;310
138;311
138;312
138;313
138;314
138;315
138;316
138;317
138;318
138;319
138;320
138;321
138;322
138;323
138;324
138;325
138;326
138;327
138;328
138;329
138;330
138;331
138;332
138;333
138;334
138;335
138;336
138;337
138;338
138;339
138;340
138;341
138;342
138;343
138;344
138;345
138;346
138;347
138;348
138;349
138;350
138;351
138;352
138;353
138;354
138;355
138;356
138;357
138;358
138;359
138;360
138;361
138;362
138;363
138;364
138;365
138;366
138;367
138;368
138;369
138;370
138;371
138;372
138;373
138;374
138;375
138;376
138;377
138;378
138;379
139;88
139;89
139;90
139;91
139;92
139;93
139;94
139;95
139;96
139;97
139;98
139;99
139;100
139;101
139;102
139;103
139;104
139;105
139;106
139;107
139;108
139;109
139;110
139;111
139;112
139;113
139;114
139;115
139;116
139;117
139;118
139;119
139;120
139;121
139;122
139;123
139;124
139;125
139;126
139;127
139;128
139;129
139;130
139;131
139;132
139;133
139;134
139;135
139;136
139;137
139;138
139;139
139;140
139;288
139;289
139;290
139;291
139;292
139;293
139;294
139;295
139;296
139;297
139;298
139;299
139;300
139;301
139;302
139;303
139;304
139;305
139;306
139;307
139;308
139;309
139;310
139;311
139;312
139;313
139;314
139;315
139;316
139;317
139;318
139;319
139;320
139;321
139;322
139;323
139;324
139;325
139;326
139;327
139;328
139;329
139;330
139;331
139;332
139;333
139;334
139;335
139;336
139;337
139;338
139;339
139;340
139;341
139;342
139;343
139;344
139;345
139;346
139;347
139;348
139;349
139;350
139;351
139;352
139;353
139;354
139;355
139;356
139;357
139;358
139;359
139;360
139;361
139;362
139;363
139;364
139;365
139;366
139;367
139;368
139;369
139;370
139;371
139;372
139;373
139;374
139;375
139;376
139;377
139;378
139;379
140;90
140;91
140;92
140;93
140;94
140;95
140;96
140;97
140;98
140;99
140;100
140;101
140;102
140;103
140;104
140;105
140;106
140;107
140;108
140;109
140;110
140;111
140;112
140;113
140;114
140;115
140;116
140;117
140;118
140;119
140;120
140;121
140;122
140;123
140;124
140;125
140;126
140;127
140;128
140;129
140;130
140;131
140;132
140;133
140;134
140;135
140;136
140;137
140;138
140;139
140;140
140;288
140;289
140;290
140;291
140;292
140;293
140;294
140;295
140;296
140;297
140;298
140;299
140;300
140;301
140;302
140;303
140;304
140;305
140;306
140;307
140;308
140;309
140;310
140;311
140;312
140;313
140;314
140;315
140;316
140;317
140;318
140;319
140;320
140;321
140;322
140;323
140;324
140;325
140;326
140;327
140;328
140;329
140;330
140;331
140;332
140;333
140;334
140;335
140;336
140;337
140;338
140;339
140;340
140;341
140;342
140;343
140;344
140;345
140;346
140;347
140;348
140;349
140;350
140;351
140;352
140;353
140;354
140;355
140;356
140;357
140;358
140;359
140;360
140;361
140;362
140;363
140;364
140;365
140;366
140;367
140;368
140;369
140;370
140;371
140;372
140;373
140;374
140;375
140;376
140;377
140;378
140;379
141;92
141;93
141;94
141;95
141;96
141;97
141;98
141;99
141;100
141;101
141;102
141;103
141;104
141;105
141;106
141;107
141;108
141;109
141;110
141;111
141;112
141;113
141;114
141;115
141;116
141;117
141;118
141;119
141;120
141;121
141;122
141;123
141;124
141;125
141;126
141;127
141;128
141;129
141;130
141;131
141;132
141;133
141;134
141;135
141;136
141;137
141;138
141;139
141;140
141;288
141;289
141;290
141;291
141;292
141;293
141;294
141;295
141;296
141;297
141;298
141;299
141;300
141;301
141;302
141;303
141;304
141;305
141;306
141;307
141;308
141;309
141;310
141;311
141;312
141;313
141;314
141;315
141;316
141;317
141;318
141;319
141;320
141;321
141;322
141;323
141;324
141;325
141;326
141;327
141;328
141;329
141;330
141;331
141;332
141;333
141;334
141;335
141;336
141;337
141;338
141;339
141;340
141;341
141;342
141;343
141;344
141;345
141;346
141;347
141;348
141;349
141;350
141;351
141;352
141;353
141;354
141;355
141;356
141;357
141;358
141;359
141;360
141;361
141;362
141;363
141;364
141;365
141;366
141;367
141;368
141;369
141;370
141;371
141;372
141;373
141;374
141;375
141;376
141;377
141;378
141;379
142;94
142;95
142;96
142;97
142;98
142;99
142;100
142;101
142;102
142;103
142;104
142;105
142;106
142;107
142;108
142;109
142;110
142;111
142;112
142;113
142;114
142;115
142;116
142;117
142;118
142;119
142;120
142;121
142;122
142;123
142;124
142;125
142;126
142;127
142;128
142;129
142;130
142;131
142;132
142;133
142;134
142;135
142;136
142;137
142;138
142;139
142;140
142;249
142;288
142;289
142;290
142;291
142;292
142;293
142;294
142;295
142;296
142;297
142;298
142;299
142;300
142;301
142;302
142;303
142;304
142;305
142;306
142;307
142;308
142;309
142;310
142;311
142;312
142;313
142;314
142;315
142;316
142;317
142;318
142;319
142;320
142;321
142;322
142;323
142;324
142;325
142;326
142;327
142;328
142;329
142;330
142;331
142;332
142;333
142;334
142;335
142;336
142;337
142;338
142;339
142;340
142;341
142;342
142;343
142;344
142;345
142;346
142;347
142;348
142;349
142;350
142;351
142;352
142;353
142;354
142;355
142;356
142;357
142;358
142;359
142;360
142;361
142;362
142;363
142;364
142;365
142;366
142;367
142;368
142;369
142;370
142;371
142;372
142;373
142;374
142;375
142;376
142;377
142;378
142;379
143;96
143;97
143;98
143;99
143;100
143;101
143;102
143;103
143;104
143;105
143;106
143;107
143;108
143;109
143;110
143;111
143;112
143;113
143;114
143;115
143;116
143;117
143;118
143;119
143;120
143;121
143;122
143;123
143;124
143;125
143;126
143;127
143;128
143;129
143;130
143;131
143;132
143;133
143;134
143;135
143;136
143;137
143;138
143;139
143;140
143;249
143;288
143;289
143;290
143;291
143;292
143;293
143;294
143;295
143;296
143;297
143;298
143;299
143;300
143;301
143;302
143;303
143;304
143;305
143;306
143;307
143;308
143;309
143;310
143;311
143;312
143;313
143;314
143;315
143;316
143;317
143;318
143;319
143;320
143;321
143;322
143;323
143;324
143;325
143;326
143;327
143;328
143;329
143;330
143;331
143;332
143;333
143;334
143;335
143;336
143;337
143;338
143;339
143;340
143;341
143;342
143;343
143;344
143;345
143;346
143;347
143;348
143;349
143;350
143;351
143;352
143;353
143;354
143;355
143;356
143;357
143;358
143;359
143;360
143;361
143;362
143;363
143;364
143;365
143;366
143;367
143;368
143;369
143;370
143;371
143;372
143;373
143;374
143;375
143;376
143;377
143;378
143;379
144;98
144;99
144;100
144;101
144;102
144;103
144;104
144;105
144;106
144;107
144;108
144;109
144;110
144;111
144;112
144;113
144;114
144;115
144;116
144;117
144;118
144;119
144;120
144;121
144;122
144;123
144;124
144;125
144;126
144;127
144;128
144;129
144;130
144;131
144;132
144;133
144;134
144;135
144;136
144;137
144;138
144;139
144;140
144;248
144;249
144;288
144;289
144;290
144;291
144;292
144;293
144;294
144;295
144;296
144;297
144;298
144;299
144;300
144;301
144;302
144;303
144;304
144;305
144;306
144;307
144;308
144;309
144;310
144;311
144;312
144;313
144;314
144;315
144;316
144;317
144;318
144;319
144;320
144;321
144;322
144;323
144;324
144;325
144;326
144;327
144;328
144;329
144;330
144;331
144;332
144;333
144;334
144;335
144;336
144;337
144;338
144;339
144;340
144;341
144;342
144;343
144;344
144;345
144;346
144;347
144;348
144;349
144;350
144;351
144;352
144;353
144;354
144;355
144;356
144;357
144;358
144;359
144;360
144;361
144;362
144;363
144;364
144;365
144;366
144;367
144;368
144;369
144;370
144;371
144;372
144;373
144;374
144;375
144;376
144;377
144;378
144;379
145;100
145;101
145;102
145;103
145;104
145;105
145;106
145;107
145;108
145;109
145;110
145;111
145;112
145;113
145;114
145;115
145;116
145;117
145;118
145;119
145;120
145;121
145;122
145;123
145;124
145;125
145;126
145;127
145;128
145;129
145;130
145;131
145;132
145;133
145;134
145;135
145;136
145;137
145;138
145;139
145;140
145;247
145;248
145;249
145;250
145;288
145;289
145;290
145;291
145;292
145;293
145;294
145;295
145;296
145;297
145;298
145;299
145;300
145;301
145;302
145;303
145;304
145;305
145;306
145;307
145;308
145;309
145;310
145;311
145;312
145;313
145;314
145;315
145;316
145;317
145;318
145;319
145;320
145;321
145;322
145;323
145;324
145;325
145;326
145;327
145;328
145;329
145;330
145;331
145;332
145;333
145;334
145;335
145;336
145;337
145;338
145;339
145;340
145;341
145;342
145;343
145;344
145;345
145;346
145;347
145;348
145;349
145;350
145;351
145;352
145;353
145;354
145;355
145;356
145;357
145;358
145;359
145;360
145;361
145;362
145;363
145;364
145;365
145;366
145;367
145;368
145;369
145;370
145;371
145;372
145;373
145;374
145;375
145;376
145;377
145;378
145;379
146;102
146;103
146;104
146;105
146;106
146;107
146;108
146;109
146;110
146;111
146;112
146;113
146;114
146;115
146;116
146;117
146;118
146;119
146;120
146;121
146;122
146;123
146;124
146;125
146;126
146;127
146;128
146;129
146;130
146;131
146;132
146;133
146;134
146;135
146;136
146;137
146;138
146;139
146;140
146;246
146;247
146;248
146;249
146;250
146;288
146;289
146;290
146;291
146;292
146;293
146;294
146;295
146;296
146;297
146;298
146;299
146;300
146;301
146;302
146;303
146;304
146;305
146;306
146;307
146;308
146;309
146;310
146;311
146;312
146;313
146;314
146;315
146;316
146;317
146;318
146;319
146;320
146;321
146;322
146;323
146;324
146;325
146;326
146;327
146;328
146;329
146;330
146;331
146;332
146;333
146;334
146;335
146;336
146;337
146;338
146;339
146;340
146;341
146;342
146;343
146;344
146;345
146;346
146;347
146;348
146;349
146;350
146;351
146;352
146;353
146;354
146;355
146;356
146;357
146;358
146;359
146;360
146;361
146;362
146;363
146;364
146;365
146;366
146;367
146;368
146;369
146;370
146;371
146;372
146;373
146;374
146;375
146;376
146;377
146;378
146;379
146;380
147;104
147;105
147;106
147;107
147;108
147;109
147;110
147;111
147;112
147;113
147;114
147;115
147;116
147;117
147;118
147;119
147;120
147;121
147;122
147;123
147;124
147;125
147;126
147;127
147;128
147;129
147;130
147;131
147;132
147;133
147;134
147;135
147;136
147;137
147;138
147;139
147;140
147;245
147;246
147;247
147;248
147;249
147;250
147;251
147;288
147;289
147;290
147;291
147;292
147;293
147;294
147;295
147;296
147;297
147;298
147;299
147;300
147;301
147;302
147;303
147;304
147;305
147;306
147;307
147;308
147;309
147;310
147;311
147;312
147;313
147;314
147;315
147;316
147;317
147;318
147;319
147;320
147;321
147;322
147;323
147;324
147;325
147;326
147;327
147;328
147;329
147;330
147;331
147;332
147;333
147;334
147;335
147;336
147;337
147;338
147;339
147;340
147;341
147;342
147;343
147;344
147;345
147;346
147;347
147;348
147;349
147;350
147;351
147;352
147;353
147;354
147;355
147;356
147;357
147;358
147;359
147;360
147;361
147;362
147;363
147;364
147;365
147;366
147;367
147;368
147;369
147;370
147;371
147;372
147;373
147;374
147;375
147;376
147;377
147;378
147;379
147;380
148;106
148;107
148;108
148;109
148;110
148;111
148;112
148;113
148;114
148;115
148;116
148;117
148;118
148;119
148;120
148;121
148;122
148;123
148;124
148;125
148;126
148;127
148;128
148;129
148;130
148;131
148;132
148;133
148;134
148;135
148;136
148;137
148;138
148;139
148;140
148;244
148;245
148;246
148;247
148;248
148;249
148;250
148;251
148;288
148;289
148;290
148;291
148;292
148;293
148;294
148;295
148;296
148;297
148;298
148;299
148;300
148;301
148;302
148;303
148;304
148;305
148;306
148;307
148;308
148;309
148;310
148;311
148;312
148;313
148;314
148;315
148;316
148;317
148;318
148;319
148;320
148;321
148;322
148;323
148;324
148;325
148;326
148;327
148;328
148;329
148;330
148;331
148;332
148;333
148;334
148;335
148;336
148;337
148;338
148;339
148;340
148;341
148;342
148;343
148;344
148;345
148;346
148;347
148;348
148;349
148;350
148;351
148;352
148;353
148;354
148;355
148;356
148;357
148;358
148;359
148;360
148;361
148;362
148;363
148;364
148;365
148;366
148;367
148;368
148;369
148;370
148;371
148;372
148;373
148;374
148;375
148;376
148;377
148;378
148;379
148;380
149;108
149;109
149;110
149;111
149;112
149;113
149;114
149;115
149;116
149;117
149;118
149;119
149;120
149;121
149;122
149;123
149;124
149;125
149;126
149;127
149;128
149;129
149;130
149;131
149;132
149;133
149;134
149;135
149;136
149;137
149;138
149;139
149;140
149;243
149;244
149;245
149;246
149;247
149;248
149;249
149;250
149;251
149;288
149;289
149;290
149;291
149;292
149;293
149;294
149;295
149;296
149;297
149;298
149;299
149;300
149;301
149;302
149;303
149;304
149;305
149;306
149;307
149;308
149;309
149;310
149;311
149;312
149;313
149;314
149;315
149;316
149;317
149;318
149;319
149;320
149;321
149;322
149;323
149;324
149;325
149;326
149;327
149;328
149;329
149;330
149;331
149;332
149;333
149;334
149;335
149;336
149;337
149;338
149;339
149;340
149;341
149;342
149;343
149;344
149;345
149;346
149;347
149;348
149;349
149;350
149;351
149;352
149;353
149;354
149;355
149;356
149;357
149;358
149;359
149;360
149;361
149;362
149;363
149;364
149;365
149;366
149;367
149;368
149;369
149;370
149;371
149;372
149;373
149;374
149;375
149;376
149;377
149;378
149;379
149;380
149;403
150;110
150;111
150;112
150;113
150;114
150;115
150;116
150;117
150;118
150;119
150;120
150;121
150;122
150;123
150;124
150;125
150;126
150;127
150;128
150;129
150;130
150;131
150;132
150;133
150;134
150;135
150;136
150;137
150;138
150;139
150;140
150;242
150;243
150;244
150;245
150;246
150;247
150;248
150;249
150;250
150;251
150;252
150;289
150;290
150;291
150;292
150;293
150;294
150;295
150;296
150;297
150;298
150;299
150;300
150;301
150;302
150;303
150;304
150;305
150;306
150;307
150;308
150;309
150;310
150;311
150;312
150;313
150;314
150;315
150;316
150;317
150;318
150;319
150;320
150;321
150;322
150;323
150;324
150;325
150;326
150;327
150;328
150;329
150;330
150;331
150;332
150;333
150;334
150;335
150;336
150;337
150;338
150;339
150;340
150;341
150;342
150;343
150;344
150;345
150;346
150;347
150;348
150;349
150;350
150;351
150;352
150;353
150;354
150;355
150;356
150;357
150;358
150;359
150;360
150;361
150;362
150;363
150;364
150;365
150;366
150;367
150;368
150;369
150;370
150;371
150;372
150;373
150;374
150;375
150;376
150;377
150;378
150;379
150;380
150;393
150;395
150;397
150;398
150;399
150;400
150;401
150;402
150;403
151;114
151;115
151;116
151;117
151;118
151;119
151;120
151;121
151;122
151;123
151;124
151;125
151;126
151;127
151;128
151;129
151;130
151;131
151;132
151;133
151;134
151;135
151;136
151;137
151;138
151;139
151;140
151;141
151;241
151;242
151;243
151;244
151;245
151;246
151;247
151;248
151;249
151;250
151;251
151;252
151;289
151;290
151;291
151;292
151;293
151;294
151;295
151;296
151;297
151;298
151;299
151;300
151;301
151;302
151;303
151;304
151;305
151;306
151;307
151;308
151;309
151;310
151;311
151;312
151;313
151;314
151;315
151;316
151;317
151;318
151;319
151;320
151;321
151;322
151;323
151;324
151;325
151;326
151;327
151;328
151;329
151;330
151;331
151;332
151;333
151;334
151;335
151;336
151;337
151;338
151;339
151;340
151;341
151;342
151;343
151;344
151;345
151;346
151;347
151;348
151;349
151;350
151;351
151;352
151;353
151;354
151;355
151;356
151;357
151;358
151;359
151;360
151;361
151;362
151;363
151;364
151;365
151;366
151;367
151;368
151;369
151;370
151;371
151;372
151;373
151;374
151;375
151;376
151;377
151;378
151;379
151;380
151;383
151;385
151;387
151;388
151;389
151;390
151;391
151;392
151;393
151;394
151;395
151;396
151;397
151;398
151;399
151;400
151;401
151;402
152;116
152;117
152;118
152;119
152;120
152;121
152;122
152;123
152;124
152;125
152;126
152;127
152;128
152;129
152;130
152;131
152;132
152;133
152;134
152;135
152;136
152;137
152;138
152;139
152;140
152;141
152;240
152;241
152;242
152;243
152;244
152;245
152;246
152;247
152;248
152;249
152;250
152;251
152;252
152;253
152;289
152;290
152;291
152;292
152;293
152;294
152;295
152;296
152;297
152;298
152;299
152;300
152;301
152;302
152;303
152;304
152;305
152;306
152;307
152;308
152;309
152;310
152;311
152;312
152;313
152;314
152;315
152;316
152;317
152;318
152;319
152;320
152;321
152;322
152;323
152;324
152;325
152;326
152;327
152;328
152;329
152;330
152;331
152;332
152;333
152;334
152;335
152;336
152;337
152;338
152;339
152;340
152;341
152;342
152;343
152;344
152;345
152;346
152;347
152;348
152;349
152;350
152;351
152;352
152;353
152;354
152;355
152;356
152;357
152;358
152;359
152;360
152;361
152;362
152;363
152;364
152;365
152;366
152;367
152;368
152;369
152;370
152;371
152;372
152;373
152;374
152;375
152;376
152;377
152;378
152;379
152;380
152;381
152;382
152;383
152;384
152;385
152;386
152;387
152;388
152;389
152;390
152;391
152;392
152;393
152;394
152;395
152;396
152;397
152;398
152;399
152;400
152;401
152;402
153;118
153;119
153;120
153;121
153;122
153;123
153;124
153;125
153;126
153;127
153;128
153;129
153;130
153;131
153;132
153;133
153;134
153;135
153;136
153;137
153;138
153;139
153;140
153;141
153;239
153;240
153;241
153;242
153;243
153;244
153;245
153;246
153;247
153;248
153;249
153;250
153;251
153;252
153;253
153;289
153;290
153;291
153;292
153;293
153;294
153;295
153;296
153;297
153;298
153;299
153;300
153;301
153;302
153;303
153;304
153;305
153;306
153;307
153;308
153;309
153;310
153;311
153;312
153;313
153;314
153;315
153;316
153;317
153;318
153;319
153;320
153;321
153;322
153;323
153;324
153;325
153;326
153;327
153;328
153;329
153;330
153;331
153;332
153;333
153;334
153;335
153;336
153;337
153;338
153;339
153;340
153;341
153;342
153;343
153;344
153;345
153;346
153;347
153;348
153;349
153;350
153;351
153;352
153;353
153;354
153;355
153;356
153;357
153;358
153;359
153;360
153;361
153;362
153;363
153;364
153;365
153;366
153;367
153;368
153;369
153;370
153;371
153;372
153;373
153;374
153;375
153;376
153;377
153;378
153;379
153;380
153;381
153;382
153;383
153;384
153;385
153;386
153;387
153;388
153;389
153;390
153;391
153;392
153;393
153;394
153;395
153;396
153;397
153;398
153;399
153;400
153;401
154;120
154;121
154;122
154;123
154;124
154;125
154;126
154;127
154;128
154;129
154;130
154;131
154;132
154;133
154;134
154;135
154;136
154;137
154;138
154;139
154;140
154;141
154;238
154;239
154;240
154;241
154;242
154;243
154;244
154;245
154;246
154;247
154;248
154;249
154;250
154;251
154;252
154;253
154;289
154;290
154;291
154;292
154;293
154;294
154;295
154;296
154;297
154;298
154;299
154;300
154;301
154;302
154;303
154;304
154;305
154;306
154;307
154;308
154;309
154;310
154;311
154;312
154;313
154;314
154;315
154;316
154;317
154;318
154;319
154;320
154;321
154;322
154;323
154;324
154;325
154;326
154;327
154;328
154;329
154;330
154;331
154;332
154;333
154;334
154;335
154;336
154;337
154;338
154;339
154;340
154;341
154;342
154;343
154;344
154;345
154;346
154;347
154;348
154;349
154;350
154;351
154;352
154;353
154;354
154;355
154;356
154;357
154;358
154;359
154;360
154;361
154;362
154;363
154;364
154;365
154;366
154;367
154;368
154;369
154;370
154;371
154;372
154;373
154;374
154;375
154;376
154;377
154;378
154;379
154;380
154;381
154;382
154;383
154;384
154;385
154;386
154;387
154;388
154;389
154;390
154;391
154;392
154;393
154;394
154;395
154;396
154;397
154;398
154;399
154;400
154;401
155;122
155;123
155;124
155;125
155;126
155;127
155;128
155;129
155;130
155;131
155;132
155;133
155;134
155;135
155;136
155;137
155;138
155;139
155;140
155;141
155;237
155;238
155;239
155;240
155;241
155;242
155;243
155;244
155;245
155;246
155;247
155;248
155;249
155;250
155;251
155;252
155;253
155;254
155;289
155;290
155;291
155;292
155;293
155;294
155;295
155;296
155;297
155;298
155;299
155;300
155;301
155;302
155;303
155;304
155;305
155;306
155;307
155;308
155;309
155;310
155;311
155;312
155;313
155;314
155;315
155;316
155;317
155;318
155;319
155;320
155;321
155;322
155;323
155;324
155;325
155;326
155;327
155;328
155;329
155;330
155;331
155;332
155;333
155;334
155;335
155;336
155;337
155;338
155;339
155;340
155;341
155;342
155;343
155;344
155;345
155;346
155;347
155;348
155;349
155;350
155;351
155;352
155;353
155;354
155;355
155;356
155;357
155;358
155;359
155;360
155;361
155;362
155;363
155;364
155;365
155;366
155;367
155;368
155;369
155;370
155;371
155;372
155;373
155;374
155;375
155;376
155;377
155;378
155;379
155;380
155;381
155;382
155;383
155;384
155;385
155;386
155;387
155;388
155;389
155;390
155;391
155;392
155;393
155;394
155;395
155;396
155;397
155;398
155;399
155;400
156;124
156;125
156;126
156;127
156;128
156;129
156;130
156;131
156;132
156;133
156;134
156;135
156;136
156;137
156;138
156;139
156;140
156;141
156;236
156;237
156;238
156;239
156;240
156;241
156;242
156;243
156;244
156;245
156;246
156;247
156;248
156;249
156;250
156;251
156;252
156;253
156;254
156;289
156;290
156;291
156;292
156;293
156;294
156;295
156;296
156;297
156;298
156;299
156;300
156;301
156;302
156;303
156;304
156;305
156;306
156;307
156;308
156;309
156;310
156;311
156;312
156;313
156;314
156;315
156;316
156;317
156;318
156;319
156;320
156;321
156;322
156;323
156;324
156;325
156;326
156;327
156;328
156;329
156;330
156;331
156;332
156;333
156;334
156;335
156;336
156;337
156;338
156;339
156;340
156;341
156;342
156;343
156;344
156;345
156;346
156;347
156;348
156;349
156;350
156;351
156;352
156;353
156;354
156;355
156;356
156;357
156;358
156;359
156;360
156;361
156;362
156;363
156;364
156;365
156;366
156;367
156;368
156;369
156;370
156;371
156;372
156;373
156;374
156;375
156;376
156;377
156;378
156;379
156;380
156;381
156;382
156;383
156;384
156;385
156;386
156;387
156;388
156;389
156;390
156;391
156;392
156;393
156;394
156;395
156;396
156;397
156;398
156;399
156;400
157;126
157;127
157;128
157;129
157;130
157;131
157;132
157;133
157;134
157;135
157;136
157;137
157;138
157;139
157;140
157;141
157;235
157;236
157;237
157;238
157;239
157;240
157;241
157;242
157;243
157;244
157;245
157;246
157;247
157;248
157;249
157;250
157;251
157;252
157;253
157;254
157;255
157;289
157;290
157;291
157;292
157;293
157;294
157;295
157;296
157;297
157;298
157;299
157;300
157;301
157;302
157;303
157;304
157;305
157;306
157;307
157;308
157;309
157;310
157;311
157;312
157;313
157;314
157;315
157;316
157;317
157;318
157;319
157;320
157;321
157;322
157;323
157;324
157;325
157;326
157;327
157;328
157;329
157;330
157;331
157;332
157;333
157;334
157;335
157;336
157;337
157;338
157;339
157;340
157;341
157;342
157;343
157;344
157;345
157;346
157;347
157;348
157;349
157;350
157;351
157;352
157;353
157;354
157;355
157;356
157;357
157;358
157;359
157;360
157;361
157;362
157;363
157;364
157;365
157;366
157;367
157;368
157;369
157;370
157;371
157;372
157;373
157;374
157;375
157;376
157;377
157;378
157;379
157;380
157;381
157;382
157;383
157;384
157;385
157;386
157;387
157;388
157;389
157;390
157;391
157;392
157;393
157;394
157;395
157;396
157;397
157;398
157;399
157;427
157;429
157;431
157;433
158;128
158;129
158;130
158;131
158;132
158;133
158;134
158;135
158;136
158;137
158;138
158;139
158;140
158;141
158;234
158;235
158;236
158;237
158;238
158;239
158;240
158;241
158;242
158;243
158;244
158;245
158;246
158;247
158;248
158;249
158;250
158;251
158;252
158;253
158;254
158;255
158;289
158;290
158;291
158;292
158;293
158;294
158;295
158;296
158;297
158;298
158;299
158;300
158;301
158;302
158;303
158;304
158;305
158;306
158;307
158;308
158;309
158;310
158;311
158;312
158;313
158;314
158;315
158;316
158;317
158;318
158;319
158;320
158;321
158;322
158;323
158;324
158;325
158;326
158;327
158;328
158;329
158;330
158;331
158;332
158;333
158;334
158;335
158;336
158;337
158;338
158;339
158;340
158;341
158;342
158;343
158;344
158;345
158;346
158;347
158;348
158;349
158;350
158;351
158;352
158;353
158;354
158;355
158;356
158;357
158;358
158;359
158;360
158;361
158;362
158;363
158;364
158;365
158;366
158;367
158;368
158;369
158;370
158;371
158;372
158;373
158;374
158;375
158;376
158;377
158;378
158;379
158;380
158;381
158;382
158;383
158;384
158;385
158;386
158;387
158;388
158;389
158;390
158;391
158;392
158;393
158;394
158;395
158;396
158;397
158;398
158;399
158;423
158;425
158;426
158;427
158;428
158;429
158;430
158;431
158;432
158;433
158;434
158;435
158;437
159;130
159;131
159;132
159;133
159;134
159;135
159;136
159;137
159;138
159;139
159;140
159;141
159;233
159;234
159;235
159;236
159;237
159;238
159;239
159;240
159;241
159;242
159;243
159;244
159;245
159;246
159;247
159;248
159;249
159;250
159;251
159;252
159;253
159;254
159;255
159;289
159;290
159;291
159;292
159;293
159;294
159;295
159;296
159;297
159;298
159;299
159;300
159;301
159;302
159;303
159;304
159;305
159;306
159;307
159;308
159;309
159;310
159;311
159;312
159;313
159;314
159;315
159;316
159;317
159;318
159;319
159;320
159;321
159;322
159;323
159;324
159;325
159;326
159;327
159;328
159;329
159;330
159;331
159;332
159;333
159;334
159;335
159;336
159;337
159;338
159;339
159;340
159;341
159;342
159;343
159;344
159;345
159;346
159;347
159;348
159;349
159;350
159;351
159;352
159;353
159;354
159;355
159;356
159;357
159;358
159;359
159;360
159;361
159;362
159;363
159;364
159;365
159;366
159;367
159;368
159;369
159;370
159;371
159;372
159;373
159;374
159;375
159;376
159;377
159;378
159;379
159;380
159;381
159;382
159;383
159;384
159;385
159;386
159;387
159;388
159;389
159;390
159;391
159;392
159;393
159;394
159;395
159;396
159;397
159;398
159;421
159;422
159;423
159;424
159;425
159;426
159;427
159;428
159;429
159;430
159;431
159;432
159;433
159;434
159;435
159;436
159;437
159;438
159;439
160;132
160;133
160;134
160;135
160;136
160;137
160;138
160;139
160;140
160;141
160;232
160;233
160;234
160;235
160;236
160;237
160;238
160;239
160;240
160;241
160;242
160;243
160;244
160;245
160;246
160;247
160;248
160;249
160;250
160;251
160;252
160;253
160;254
160;255
160;256
160;289
160;290
160;291
160;292
160;293
160;294
160;295
160;296
160;297
160;298
160;299
160;300
160;301
160;302
160;303
160;304
160;305
160;306
160;307
160;308
160;309
160;310
160;311
160;312
160;313
160;314
160;315
160;316
160;317
160;318
160;319
160;320
160;321
160;322
160;323
160;324
160;325
160;326
160;327
160;328
160;329
160;330
160;331
160;332
160;333
160;334
160;335
160;336
160;337
160;338
160;339
160;340
160;341
160;342
160;343
160;344
160;345
160;346
160;347
160;348
160;349
160;350
160;351
160;352
160;353
160;354
160;355
160;356
160;357
160;358
160;359
160;360
160;361
160;362
160;363
160;364
160;365
160;366
160;367
160;368
160;369
160;370
160;371
160;372
160;373
160;374
160;375
160;376
160;377
160;378
160;379
160;380
160;381
160;382
160;383
160;384
160;385
160;386
160;387
160;388
160;389
160;390
160;391
160;392
160;393
160;394
160;395
160;396
160;397
160;398
160;419
160;420
160;421
160;422
160;423
160;424
160;425
160;426
160;427
160;428
160;429
160;430
160;431
160;432
160;433
160;434
160;435
160;436
160;437
160;438
160;439
160;440
160;441
161;134
161;135
161;136
161;137
161;138
161;139
161;140
161;141
161;231
161;232
161;233
161;234
161;235
161;236
161;237
161;238
161;239
161;240
161;241
161;242
161;243
161;244
161;245
161;246
161;247
161;248
161;249
161;250
161;251
161;252
161;253
161;254
161;255
161;256
161;289
161;290
161;291
161;292
161;293
161;294
161;295
161;296
161;297
161;298
161;299
161;300
161;301
161;302
161;303
161;304
161;305
161;306
161;307
161;308
161;309
161;310
161;311
161;312
161;313
161;314
161;315
161;316
161;317
161;318
161;319
161;320
161;321
161;322
161;323
161;324
161;325
161;326
161;327
161;328
161;329
161;330
161;331
161;332
161;333
161;334
161;335
161;336
161;337
161;338
161;339
161;340
161;341
161;342
161;343
161;344
161;345
161;346
161;347
161;348
161;349
161;350
161;351
161;352
161;353
161;354
161;355
161;356
161;357
161;358
161;359
161;360
161;361
161;362
161;363
161;364
161;365
161;366
161;367
161;368
161;369
161;370
161;371
161;372
161;373
161;374
161;375
161;376
161;377
161;378
161;379
161;380
161;381
161;382
161;383
161;384
161;385
161;386
161;387
161;388
161;389
161;390
161;391
161;392
161;393
161;394
161;395
161;396
161;397
161;398
161;418
161;419
161;420
161;421
161;422
161;423
161;424
161;425
161;426
161;427
161;428
161;429
161;430
161;431
161;432
161;433
161;434
161;435
161;436
161;437
161;438
161;439
161;440
161;441
162;136
162;137
162;138
162;139
162;140
162;141
162;231
162;232
162;233
162;234
162;235
162;236
162;237
162;238
162;239
162;240
162;241
162;242
162;243
162;244
162;245
162;246
162;247
162;248
162;249
162;250
162;251
162;252
162;253
162;254
162;255
162;256
162;257
162;289
162;290
162;291
162;292
162;293
162;294
162;295
162;296
162;297
162;298
162;299
162;300
162;301
162;302
162;303
162;304
162;305
162;306
162;307
162;308
162;309
162;310
162;311
162;312
162;313
162;314
162;315
162;316
162;317
162;318
162;319
162;320
162;321
162;322
162;323
162;324
162;325
162;326
162;327
162;328
162;329
162;330
162;331
162;332
162;333
162;334
162;335
162;336
162;337
162;338
162;339
162;340
162;341
162;342
162;343
162;344
162;345
162;346
162;347
162;348
162;349
162;350
162;351
162;352
162;353
162;354
162;355
162;356
162;357
162;358
162;359
162;360
162;361
162;362
162;363
162;364
162;365
162;366
162;367
162;368
162;369
162;370
162;371
162;372
162;373
162;374
162;375
162;376
162;377
162;378
162;379
162;380
162;381
162;382
162;383
162;384
162;385
162;386
162;387
162;388
162;389
162;390
162;391
162;392
162;393
162;394
162;395
162;396
162;397
162;417
162;418
162;419
162;420
162;421
162;422
162;423
162;424
162;425
162;426
162;427
162;428
162;429
162;430
162;431
162;432
162;433
162;434
162;435
162;436
162;437
162;438
162;439
162;440
162;441
162;442
162;443
163;138
163;139
163;140
163;141
163;229
163;230
163;231
163;232
163;233
163;234
163;235
163;236
163;237
163;238
163;239
163;240
163;241
163;242
163;243
163;244
163;245
163;246
163;247
163;248
163;249
163;250
163;251
163;252
163;253
163;254
163;255
163;256
163;257
163;289
163;290
163;291
163;292
163;293
163;294
163;295
163;296
163;297
163;298
163;299
163;300
163;301
163;302
163;303
163;304
163;305
163;306
163;307
163;308
163;309
163;310
163;311
163;312
163;313
163;314
163;315
163;316
163;317
163;318
163;319
163;320
163;321
163;322
163;323
163;324
163;325
163;326
163;327
163;328
163;329
163;330
163;331
163;332
163;333
163;334
163;335
163;336
163;337
163;338
163;339
163;340
163;341
163;342
163;343
163;344
163;345
163;346
163;347
163;348
163;349
163;350
163;351
163;352
163;353
163;354
163;355
163;356
163;357
163;358
163;359
163;360
163;361
163;362
163;363
163;364
163;365
163;366
163;367
163;368
163;369
163;370
163;371
163;372
163;373
163;374
163;375
163;376
163;377
163;378
163;379
163;380
163;381
163;382
163;383
163;384
163;385
163;386
163;387
163;388
163;389
163;390
163;391
163;392
163;393
163;394
163;395
163;396
163;416
163;417
163;418
163;419
163;420
163;421
163;422
163;423
163;424
163;425
163;426
163;427
163;428
163;429
163;430
163;431
163;432
163;433
163;434
163;435
163;436
163;437
163;438
163;439
163;440
163;441
163;442
163;443
163;444
164;140
164;141
164;229
164;230
164;231
164;232
164;233
164;234
164;235
164;236
164;237
164;238
164;239
164;240
164;241
164;242
164;243
164;244
164;245
164;246
164;247
164;248
164;249
164;250
164;251
164;252
164;253
164;254
164;255
164;256
164;257
164;258
164;289
164;290
164;291
164;292
164;293
164;294
164;295
164;296
164;297
164;298
164;299
164;300
164;301
164;302
164;303
164;304
164;305
164;306
164;307
164;308
164;309
164;310
164;311
164;312
164;313
164;314
164;315
164;316
164;317
164;318
164;319
164;320
164;321
164;322
164;323
164;324
164;325
164;326
164;327
164;328
164;329
164;330
164;331
164;332
164;333
164;334
164;335
164;336
164;337
164;338
164;339
164;340
164;341
164;342
164;343
164;344
164;345
164;346
164;347
164;348
164;349
164;350
164;351
164;352
164;353
164;354
164;355
164;356
164;357
164;358
164;359
164;360
164;361
164;362
164;363
164;364
164;365
164;366
164;367
164;368
164;369
164;370
164;371
164;372
164;373
164;374
164;375
164;376
164;377
164;378
164;379
164;380
164;381
164;382
164;383
164;384
164;385
164;386
164;387
164;388
164;389
164;390
164;391
164;392
164;393
164;394
164;395
164;396
164;415
164;416
164;417
164;418
164;419
164;420
164;421
164;422
164;423
164;424
164;425
164;426
164;427
164;428
164;429
164;430
164;431
164;432
164;433
164;434
164;435
164;436
164;437
164;438
164;439
164;440
164;441
164;442
164;443
164;444
164;445
165;227
165;228
165;229
165;230
165;231
165;232
165;233
165;234
165;235
165;236
165;237
165;238
165;239
165;240
165;241
165;242
165;243
165;244
165;245
165;246
165;247
165;248
165;249
165;250
165;251
165;252
165;253
165;254
165;255
165;256
165;257
165;258
165;289
165;290
165;291
165;292
165;293
165;294
165;295
165;296
165;297
165;298
165;299
165;300
165;301
165;302
165;303
165;304
165;305
165;306
165;307
165;308
165;309
165;310
165;311
165;312
165;313
165;314
165;315
165;316
165;317
165;318
165;319
165;320
165;321
165;322
165;323
165;324
165;325
165;326
165;327
165;328
165;329
165;330
165;331
165;332
165;333
165;334
165;335
165;336
165;337
165;338
165;339
165;340
165;341
165;342
165;343
165;344
165;345
165;346
165;347
165;348
165;349
165;350
165;351
165;352
165;353
165;354
165;355
165;356
165;357
165;358
165;359
165;360
165;361
165;362
165;363
165;364
165;365
165;366
165;367
165;368
165;369
165;370
165;371
165;372
165;373
165;374
165;375
165;376
165;377
165;378
165;379
165;380
165;381
165;382
165;383
165;384
165;385
165;386
165;387
165;388
165;389
165;390
165;391
165;392
165;393
165;394
165;395
165;396
165;414
165;415
165;416
165;417
165;418
165;419
165;420
165;421
165;422
165;423
165;424
165;425
165;426
165;427
165;428
165;429
165;430
165;431
165;432
165;433
165;434
165;435
165;436
165;437
165;438
165;439
165;440
165;441
165;442
165;443
165;444
165;445
166;227
166;228
166;229
166;230
166;231
166;232
166;233
166;234
166;235
166;236
166;237
166;238
166;239
166;240
166;241
166;242
166;243
166;244
166;245
166;246
166;247
166;248
166;249
166;250
166;251
166;252
166;253
166;254
166;255
166;256
166;257
166;258
166;259
166;289
166;290
166;291
166;292
166;293
166;294
166;295
166;296
166;297
166;298
166;299
166;300
166;301
166;302
166;303
166;304
166;305
166;306
166;307
166;308
166;309
166;310
166;311
166;312
166;313
166;314
166;315
166;316
166;317
166;318
166;319
166;320
166;321
166;322
166;323
166;324
166;325
166;326
166;327
166;328
166;329
166;330
166;331
166;332
166;333
166;334
166;335
166;336
166;337
166;338
166;339
166;340
166;341
166;342
166;343
166;344
166;345
166;346
166;347
166;348
166;349
166;350
166;351
166;352
166;353
166;354
166;355
166;356
166;357
166;358
166;359
166;360
166;361
166;362
166;363
166;364
166;365
166;366
166;367
166;368
166;369
166;370
166;371
166;372
166;373
166;374
166;375
166;376
166;377
166;378
166;379
166;380
166;381
166;382
166;383
166;384
166;385
166;386
166;387
166;388
166;389
166;390
166;391
166;392
166;393
166;394
166;395
166;413
166;414
166;415
166;416
166;417
166;418
166;419
166;420
166;421
166;422
166;423
166;424
166;425
166;426
166;427
166;428
166;429
166;430
166;431
166;432
166;433
166;434
166;435
166;436
166;437
166;438
166;439
166;440
166;441
166;442
166;443
166;444
166;445
166;446
167;225
167;226
167;227
167;228
167;229
167;230
167;231
167;232
167;233
167;234
167;235
167;236
167;237
167;238
167;239
167;240
167;241
167;242
167;243
167;244
167;245
167;246
167;247
167;248
167;249
167;250
167;251
167;252
167;253
167;254
167;255
167;256
167;257
167;258
167;259
167;260
167;261
167;289
167;290
167;291
167;292
167;293
167;294
167;295
167;296
167;297
167;298
167;299
167;300
167;301
167;302
167;303
167;304
167;305
167;306
167;307
167;308
167;309
167;310
167;311
167;312
167;313
167;314
167;315
167;316
167;317
167;318
167;319
167;320
167;321
167;322
167;323
167;324
167;325
167;326
167;327
167;328
167;329
167;330
167;331
167;332
167;333
167;334
167;335
167;336
167;337
167;338
167;339
167;340
167;341
167;342
167;343
167;344
167;345
167;346
167;347
167;348
167;349
167;350
167;351
167;352
167;353
167;354
167;355
167;356
167;357
167;358
167;359
167;360
167;361
167;362
167;363
167;364
167;365
167;366
167;367
167;368
167;369
167;370
167;371
167;372
167;373
167;374
167;375
167;376
167;377
167;378
167;379
167;380
167;381
167;382
167;383
167;384
167;385
167;386
167;387
167;388
167;389
167;390
167;391
167;392
167;393
167;394
167;413
167;414
167;415
167;416
167;417
167;418
167;419
167;420
167;421
167;422
167;423
167;424
167;425
167;426
167;427
167;428
167;429
167;430
167;431
167;432
167;433
167;434
167;435
167;436
167;437
167;438
167;439
167;440
167;441
167;442
167;443
167;444
167;445
167;446
167;447
168;225
168;226
168;227
168;228
168;229
168;230
168;231
168;232
168;233
168;234
168;235
168;236
168;237
168;238
168;239
168;240
168;241
168;242
168;243
168;244
168;245
168;246
168;247
168;248
168;249
168;250
168;251
168;252
168;253
168;254
168;255
168;256
168;257
168;258
168;259
168;260
168;261
168;262
168;289
168;290
168;291
168;292
168;293
168;294
168;295
168;296
168;297
168;298
168;299
168;300
168;301
168;302
168;303
168;304
168;305
168;306
168;307
168;308
168;309
168;310
168;311
168;312
168;313
168;314
168;315
168;316
168;317
168;318
168;319
168;320
168;321
168;322
168;323
168;324
168;325
168;326
168;327
168;328
168;329
168;330
168;331
168;332
168;333
168;334
168;335
168;336
168;337
168;338
168;339
168;340
168;341
168;342
168;343
168;344
168;345
168;346
168;347
168;348
168;349
168;350
168;351
168;352
168;353
168;354
168;355
168;356
168;357
168;358
168;359
168;360
168;361
168;362
168;363
168;364
168;365
168;366
168;367
168;368
168;369
168;370
168;371
168;372
168;373
168;374
168;375
168;376
168;377
168;378
168;379
168;380
168;381
168;382
168;383
168;384
168;385
168;386
168;387
168;388
168;389
168;390
168;391
168;392
168;393
168;394
168;413
168;414
168;415
168;416
168;417
168;418
168;419
168;420
168;421
168;422
168;423
168;424
168;425
168;426
168;427
168;428
168;429
168;430
168;431
168;432
168;433
168;434
168;435
168;436
168;437
168;438
168;439
168;440
168;441
168;442
168;443
168;444
168;445
168;446
168;447
169;223
169;224
169;225
169;226
169;227
169;228
169;229
169;230
169;231
169;232
169;233
169;234
169;235
169;236
169;237
169;238
169;239
169;240
169;241
169;242
169;243
169;244
169;245
169;246
169;247
169;248
169;249
169;250
169;251
169;252
169;253
169;254
169;255
169;256
169;257
169;258
169;259
169;260
169;261
169;262
169;263
169;289
169;290
169;291
169;292
169;293
169;294
169;295
169;296
169;297
169;298
169;299
169;300
169;301
169;302
169;303
169;304
169;305
169;306
169;307
169;308
169;309
169;310
169;311
169;312
169;313
169;314
169;315
169;316
169;317
169;318
169;319
169;320
169;321
169;322
169;323
169;324
169;325
169;326
169;327
169;328
169;329
169;330
169;331
169;332
169;333
169;334
169;335
169;336
169;337
169;338
169;339
169;340
169;341
169;342
169;343
169;344
169;345
169;346
169;347
169;348
169;349
169;350
169;351
169;352
169;353
169;354
169;355
169;356
169;357
169;358
169;359
169;360
169;361
169;362
169;363
169;364
169;365
169;366
169;367
169;368
169;369
169;370
169;371
169;372
169;373
169;374
169;375
169;376
169;377
169;378
169;379
169;380
169;381
169;382
169;383
169;384
169;385
169;386
169;387
169;388
169;389
169;390
169;391
169;392
169;393
169;394
169;412
169;413
169;414
169;415
169;416
169;417
169;418
169;419
169;420
169;421
169;422
169;423
169;424
169;425
169;426
169;427
169;428
169;429
169;430
169;431
169;432
169;433
169;434
169;435
169;436
169;437
169;438
169;439
169;440
169;441
169;442
169;443
169;444
169;445
169;446
169;447
170;223
170;224
170;225
170;226
170;227
170;228
170;229
170;230
170;231
170;232
170;233
170;234
170;235
170;236
170;237
170;238
170;239
170;240
170;241
170;242
170;243
170;244
170;245
170;246
170;247
170;248
170;249
170;250
170;251
170;252
170;253
170;254
170;255
170;256
170;257
170;258
170;259
170;260
170;261
170;262
170;263
170;264
170;289
170;290
170;291
170;292
170;293
170;294
170;295
170;296
170;297
170;298
170;299
170;300
170;301
170;302
170;303
170;304
170;305
170;306
170;307
170;308
170;309
170;310
170;311
170;312
170;313
170;314
170;315
170;316
170;317
170;318
170;319
170;320
170;321
170;322
170;323
170;324
170;325
170;326
170;327
170;328
170;329
170;330
170;331
170;332
170;333
170;334
170;335
170;336
170;337
170;338
170;339
170;340
170;341
170;342
170;343
170;344
170;345
170;346
170;347
170;348
170;349
170;350
170;351
170;352
170;353
170;354
170;355
170;356
170;357
170;358
170;359
170;360
170;361
170;362
170;363
170;364
170;365
170;366
170;367
170;368
170;369
170;370
170;371
170;372
170;373
170;374
170;375
170;376
170;377
170;378
170;379
170;380
170;381
170;382
170;383
170;384
170;385
170;386
170;387
170;388
170;389
170;390
170;391
170;392
170;393
170;412
170;413
170;414
170;415
170;416
170;417
170;418
170;419
170;420
170;421
170;422
170;423
170;424
170;425
170;426
170;427
170;428
170;429
170;430
170;431
170;432
170;433
170;434
170;435
170;436
170;437
170;438
170;439
170;440
170;441
170;442
170;443
170;444
170;445
170;446
170;447
170;448
171;150
171;151
171;221
171;222
171;223
171;224
171;225
171;226
171;227
171;228
171;229
171;230
171;231
171;232
171;233
171;234
171;235
171;236
171;237
171;238
171;239
171;240
171;241
171;242
171;243
171;244
171;245
171;246
171;247
171;248
171;249
171;250
171;251
171;252
171;253
171;254
171;255
171;256
171;257
171;258
171;259
171;260
171;261
171;262
171;263
171;264
171;265
171;289
171;290
171;291
171;292
171;293
171;294
171;295
171;296
171;297
171;298
171;299
171;300
171;301
171;302
171;303
171;304
171;305
171;306
171;307
171;308
171;309
171;310
171;311
171;312
171;313
171;314
171;315
171;316
171;317
171;318
171;319
171;320
171;321
171;322
171;323
171;324
171;325
171;326
171;327
171;328
171;329
171;330
171;331
171;332
171;333
171;334
171;335
171;336
171;337
171;338
171;339
171;340
171;341
171;342
171;343
171;344
171;345
171;346
171;347
171;348
171;349
171;350
171;351
171;352
171;353
171;354
171;355
171;356
171;357
171;358
171;359
171;360
171;361
171;362
171;363
171;364
171;365
171;366
171;367
171;368
171;369
171;370
171;371
171;372
171;373
171;374
171;375
171;376
171;377
171;378
171;379
171;380
171;381
171;382
171;383
171;384
171;385
171;386
171;387
171;388
171;389
171;390
171;391
171;392
171;412
171;413
171;414
171;415
171;416
171;417
171;418
171;419
171;420
171;421
171;422
171;423
171;424
171;425
171;426
171;427
171;428
171;429
171;430
171;431
171;432
171;433
171;434
171;435
171;436
171;437
171;438
171;439
171;440
171;441
171;442
171;443
171;444
171;445
171;446
171;447
171;448
172;149
172;150
172;151
172;221
172;222
172;223
172;224
172;225
172;226
172;227
172;228
172;229
172;230
172;231
172;232
172;233
172;234
172;235
172;236
172;237
172;238
172;239
172;240
172;241
172;242
172;243
172;244
172;245
172;246
172;247
172;248
172;249
172;250
172;251
172;252
172;253
172;254
172;255
172;256
172;257
172;258
172;259
172;260
172;261
172;262
172;263
172;264
172;265
172;289
172;290
172;291
172;292
172;293
172;294
172;295
172;296
172;297
172;298
172;299
172;300
172;301
172;302
172;303
172;304
172;305
172;306
172;307
172;308
172;309
172;310
172;311
172;312
172;313
172;314
172;315
172;316
172;317
172;318
172;319
172;320
172;321
172;322
172;323
172;324
172;325
172;326
172;327
172;328
172;329
172;330
172;331
172;332
172;333
172;334
172;335
172;336
172;337
172;338
172;339
172;340
172;341
172;342
172;343
172;344
172;345
172;346
172;347
172;348
172;349
172;350
172;351
172;352
172;353
172;354
172;355
172;356
172;357
172;358
172;359
172;360
172;361
172;362
172;363
172;364
172;365
172;366
172;367
172;368
172;369
172;370
172;371
172;372
172;373
172;374
172;375
172;376
172;377
172;378
172;379
172;380
172;381
172;382
172;383
172;384
172;385
172;386
172;387
172;388
172;389
172;390
172;391
172;392
172;395
172;397
172;399
172;401
172;403
172;405
172;412
172;413
172;414
172;415
172;416
172;417
172;418
172;419
172;420
172;421
172;422
172;423
172;424
172;425
172;426
172;427
172;428
172;429
172;430
172;431
172;432
172;433
172;434
172;435
172;436
172;437
172;438
172;439
172;440
172;441
172;442
172;443
172;444
172;445
172;446
172;447
172;448
173;148
173;149
173;150
173;151
173;219
173;220
173;221
173;222
173;223
173;224
173;225
173;226
173;227
173;228
173;229
173;230
173;231
173;232
173;233
173;234
173;235
173;236
173;237
173;238
173;239
173;240
173;241
173;242
173;243
173;244
173;245
173;246
173;247
173;248
173;249
173;250
173;251
173;252
173;253
173;254
173;255
173;256
173;257
173;258
173;259
173;260
173;261
173;262
173;263
173;264
173;265
173;266
173;289
173;290
173;291
173;292
173;293
173;294
173;295
173;296
173;297
173;298
173;299
173;300
173;301
173;302
173;303
173;304
173;305
173;306
173;307
173;308
173;309
173;310
173;311
173;312
173;313
173;314
173;315
173;316
173;317
173;318
173;319
173;320
173;321
173;322
173;323
173;324
173;325
173;326
173;327
173;328
173;329
173;330
173;331
173;332
173;333
173;334
173;335
173;336
173;337
173;338
173;339
173;340
173;341
173;342
173;343
173;344
173;345
173;346
173;347
173;348
173;349
173;350
173;351
173;352
173;353
173;354
173;355
173;356
173;357
173;358
173;359
173;360
173;361
173;362
173;363
173;364
173;365
173;366
173;367
173;368
173;369
173;370
173;371
173;372
173;373
173;374
173;375
173;376
173;377
173;378
173;379
173;380
173;381
173;382
173;383
173;384
173;385
173;386
173;387
173;388
173;389
173;390
173;391
173;392
173;393
173;394
173;395
173;396
173;397
173;398
173;399
173;400
173;401
173;402
173;403
173;404
173;405
173;406
173;407
173;408
173;409
173;412
173;413
173;414
173;415
173;416
173;417
173;418
173;419
173;420
173;421
173;422
173;423
173;424
173;425
173;426
173;427
173;428
173;429
173;430
173;431
173;432
173;433
173;434
173;435
173;436
173;437
173;438
173;439
173;440
173;441
173;442
173;443
173;444
173;445
173;446
173;447
173;448
174;147
174;148
174;149
174;150
174;151
174;152
174;219
174;220
174;221
174;222
174;223
174;224
174;225
174;226
174;227
174;228
174;229
174;230
174;231
174;232
174;233
174;234
174;235
174;236
174;237
174;238
174;239
174;240
174;241
174;242
174;243
174;244
174;245
174;246
174;247
174;248
174;249
174;250
174;251
174;252
174;253
174;254
174;255
174;256
174;257
174;258
174;259
174;260
174;261
174;262
174;263
174;264
174;265
174;266
174;289
174;290
174;291
174;292
174;293
174;294
174;295
174;296
174;297
174;298
174;299
174;300
174;301
174;302
174;303
174;304
174;305
174;306
174;307
174;308
174;309
174;310
174;311
174;312
174;313
174;314
174;315
174;316
174;317
174;318
174;319
174;320
174;321
174;322
174;323
174;324
174;325
174;326
174;327
174;328
174;329
174;330
174;331
174;332
174;333
174;334
174;335
174;336
174;337
174;338
174;339
174;340
174;341
174;342
174;343
174;344
174;345
174;346
174;347
174;348
174;349
174;350
174;351
174;352
174;353
174;354
174;355
174;356
174;357
174;358
174;359
174;360
174;361
174;362
174;363
174;364
174;365
174;366
174;367
174;368
174;369
174;370
174;371
174;372
174;373
174;374
174;375
174;376
174;377
174;378
174;379
174;380
174;381
174;382
174;383
174;384
174;385
174;386
174;387
174;388
174;389
174;390
174;391
174;392
174;393
174;394
174;395
174;396
174;397
174;398
174;399
174;400
174;401
174;402
174;403
174;404
174;405
174;406
174;407
174;408
174;409
174;410
174;411
174;412
174;413
174;414
174;415
174;416
174;417
174;418
174;419
174;420
174;421
174;422
174;423
174;424
174;425
174;426
174;427
174;428
174;429
174;430
174;431
174;432
174;433
174;434
174;435
174;436
174;437
174;438
174;439
174;440
174;441
174;442
174;443
174;444
174;445
174;446
174;447
174;448
175;147
175;148
175;149
175;150
175;151
175;152
175;217
175;218
175;219
175;220
175;221
175;222
175;223
175;224
175;225
175;226
175;227
175;228
175;229
175;230
175;231
175;232
175;233
175;234
175;235
175;236
175;237
175;238
175;239
175;240
175;241
175;242
175;243
175;244
175;245
175;246
175;247
175;248
175;249
175;250
175;251
175;252
175;253
175;254
175;255
175;256
175;257
175;258
175;259
175;260
175;261
175;262
175;263
175;264
175;265
175;266
175;267
175;289
175;290
175;291
175;292
175;293
175;294
175;295
175;296
175;297
175;298
175;299
175;300
175;301
175;302
175;303
175;304
175;305
175;306
175;307
175;308
175;309
175;310
175;311
175;312
175;313
175;314
175;315
175;316
175;317
175;318
175;319
175;320
175;321
175;322
175;323
175;324
175;325
175;326
175;327
175;328
175;329
175;330
175;331
175;332
175;333
175;334
175;335
175;336
175;337
175;338
175;339
175;340
175;341
175;342
175;343
175;344
175;345
175;346
175;347
175;348
175;349
175;350
175;351
175;352
175;353
175;354
175;355
175;356
175;357
175;358
175;359
175;360
175;361
175;362
175;363
175;364
175;365
175;366
175;367
175;368
175;369
175;370
175;371
175;372
175;373
175;374
175;375
175;376
175;377
175;378
175;379
175;380
175;381
175;382
175;383
175;384
175;385
175;386
175;387
175;388
175;389
175;390
175;391
175;392
175;393
175;394
175;395
175;396
175;397
175;398
175;399
175;400
175;401
175;402
175;403
175;404
175;405
175;406
175;407
175;408
175;409
175;410
175;411
175;412
175;413
175;414
175;415
175;416
175;417
175;418
175;419
175;420
175;421
175;422
175;423
175;424
175;425
175;426
175;427
175;428
175;429
175;430
175;431
175;432
175;433
175;434
175;435
175;436
175;437
175;438
175;439
175;440
175;441
175;442
175;443
175;444
175;445
175;446
175;447
175;448
176;145
176;146
176;147
176;148
176;149
176;150
176;151
176;152
176;153
176;217
176;218
176;219
176;220
176;221
176;222
176;223
176;224
176;225
176;226
176;227
176;228
176;229
176;230
176;231
176;232
176;233
176;234
176;235
176;236
176;237
176;238
176;239
176;240
176;241
176;242
176;243
176;244
176;245
176;246
176;247
176;248
176;249
176;250
176;251
176;252
176;253
176;254
176;255
176;256
176;257
176;258
176;259
176;260
176;261
176;262
176;263
176;264
176;265
176;266
176;267
176;289
176;290
176;291
176;292
176;293
176;294
176;295
176;296
176;297
176;298
176;299
176;300
176;301
176;302
176;303
176;304
176;305
176;306
176;307
176;308
176;309
176;310
176;311
176;312
176;313
176;314
176;315
176;316
176;317
176;318
176;319
176;320
176;321
176;322
176;323
176;324
176;325
176;326
176;327
176;328
176;329
176;330
176;331
176;332
176;333
176;334
176;335
176;336
176;337
176;338
176;339
176;340
176;341
176;342
176;343
176;344
176;345
176;346
176;347
176;348
176;349
176;350
176;351
176;352
176;353
176;354
176;355
176;356
176;357
176;358
176;359
176;360
176;361
176;362
176;363
176;364
176;365
176;366
176;367
176;368
176;369
176;370
176;371
176;372
176;373
176;374
176;375
176;376
176;377
176;378
176;379
176;380
176;381
176;382
176;383
176;384
176;385
176;386
176;387
176;388
176;389
176;390
176;391
176;392
176;393
176;394
176;395
176;396
176;397
176;398
176;399
176;400
176;401
176;402
176;403
176;404
176;405
176;406
176;407
176;408
176;409
176;410
176;411
176;412
176;413
176;414
176;415
176;416
176;417
176;418
176;419
176;420
176;421
176;422
176;423
176;424
176;425
176;426
176;427
176;428
176;429
176;430
176;431
176;432
176;433
176;434
176;435
176;436
176;437
176;438
176;439
176;440
176;441
176;442
176;443
176;444
176;445
176;446
176;447
176;448
177;145
177;146
177;147
177;148
177;149
177;150
177;151
177;152
177;153
177;215
177;216
177;217
177;218
177;219
177;220
177;221
177;222
177;223
177;224
177;225
177;226
177;227
177;228
177;229
177;230
177;231
177;232
177;233
177;234
177;235
177;236
177;237
177;238
177;239
177;240
177;241
177;242
177;243
177;244
177;245
177;246
177;247
177;248
177;249
177;250
177;251
177;252
177;253
177;254
177;255
177;256
177;257
177;258
177;259
177;260
177;261
177;262
177;263
177;264
177;265
177;266
177;267
177;289
177;290
177;291
177;292
177;293
177;294
177;295
177;296
177;297
177;298
177;299
177;300
177;301
177;302
177;303
177;304
177;305
177;306
177;307
177;308
177;309
177;310
177;311
177;312
177;313
177;314
177;315
177;316
177;317
177;318
177;319
177;320
177;321
177;322
177;323
177;324
177;325
177;326
177;327
177;328
177;329
177;330
177;331
177;332
177;333
177;334
177;335
177;336
177;337
177;338
177;339
177;340
177;341
177;342
177;343
177;344
177;345
177;346
177;347
177;348
177;349
177;350
177;351
177;352
177;353
177;354
177;355
177;356
177;357
177;358
177;359
177;360
177;361
177;362
177;363
177;364
177;365
177;366
177;367
177;368
177;369
177;370
177;371
177;372
177;373
177;374
177;375
177;376
177;377
177;378
177;379
177;380
177;381
177;382
177;383
177;384
177;385
177;386
177;387
177;388
177;389
177;390
177;391
177;392
177;393
177;394
177;395
177;396
177;397
177;398
177;399
177;400
177;401
177;402
177;403
177;404
177;405
177;406
177;407
177;408
177;409
177;410
177;411
177;412
177;413
177;414
177;415
177;416
177;417
177;418
177;419
177;420
177;421
177;422
177;423
177;424
177;425
177;426
177;427
177;428
177;429
177;430
177;431
177;432
177;433
177;434
177;435
177;436
177;437
177;438
177;439
177;440
177;441
177;442
177;443
177;444
177;445
177;446
177;447
178;143
178;144
178;145
178;146
178;147
178;148
178;149
178;150
178;151
178;152
178;153
178;215
178;216
178;217
178;218
178;219
178;220
178;221
178;222
178;223
178;224
178;225
178;226
178;227
178;228
178;229
178;230
178;231
178;232
178;233
178;234
178;235
178;236
178;237
178;238
178;239
178;240
178;241
178;242
178;243
178;244
178;245
178;246
178;247
178;248
178;249
178;250
178;251
178;252
178;253
178;254
178;255
178;256
178;257
178;258
178;259
178;260
178;261
178;262
178;263
178;264
178;265
178;266
178;267
178;285
178;286
178;287
178;289
178;290
178;291
178;292
178;293
178;294
178;295
178;296
178;297
178;298
178;299
178;300
178;301
178;302
178;303
178;304
178;305
178;306
178;307
178;308
178;309
178;310
178;311
178;312
178;313
178;314
178;315
178;316
178;317
178;318
178;319
178;320
178;321
178;322
178;323
178;324
178;325
178;326
178;327
178;328
178;329
178;330
178;331
178;332
178;333
178;334
178;335
178;336
178;337
178;338
178;339
178;340
178;341
178;342
178;343
178;344
178;345
178;346
178;347
178;348
178;349
178;350
178;351
178;352
178;353
178;354
178;355
178;356
178;357
178;358
178;359
178;360
178;361
178;362
178;363
178;364
178;365
178;366
178;367
178;368
178;369
178;370
178;371
178;372
178;373
178;374
178;375
178;376
178;377
178;378
178;379
178;380
178;381
178;382
178;383
178;384
178;385
178;386
178;387
178;388
178;389
178;390
178;391
178;392
178;393
178;394
178;395
178;396
178;397
178;398
178;399
178;400
178;401
178;402
178;403
178;404
178;405
178;406
178;407
178;408
178;409
178;410
178;411
178;412
178;413
178;414
178;415
178;416
178;417
178;418
178;419
178;420
178;421
178;422
178;423
178;424
178;425
178;426
178;427
178;428
178;429
178;430
178;431
178;432
178;433
178;434
178;435
178;436
178;437
178;438
178;439
178;440
178;441
178;442
178;443
178;444
178;445
178;446
178;447
179;143
179;144
179;145
179;146
179;147
179;148
179;149
179;150
179;151
179;152
179;153
179;154
179;214
179;215
179;216
179;217
179;218
179;219
179;220
179;221
179;222
179;223
179;224
179;225
179;226
179;227
179;228
179;229
179;230
179;231
179;232
179;233
179;234
179;235
179;236
179;237
179;238
179;239
179;240
179;241
179;242
179;243
179;244
179;245
179;246
179;247
179;248
179;249
179;250
179;251
179;252
179;253
179;254
179;255
179;256
179;257
179;258
179;259
179;260
179;261
179;262
179;263
179;264
179;265
179;266
179;267
179;283
179;284
179;285
179;286
179;287
179;290
179;291
179;292
179;293
179;294
179;295
179;296
179;297
179;298
179;299
179;300
179;301
179;302
179;303
179;304
179;305
179;306
179;307
179;308
179;309
179;310
179;311
179;312
179;313
179;314
179;315
179;316
179;317
179;318
179;319
179;320
179;321
179;322
179;323
179;324
179;325
179;326
179;327
179;328
179;329
179;330
179;331
179;332
179;333
179;334
179;336
179;338
179;340
179;342
179;344
179;346
179;348
179;350
179;352
179;354
179;355
179;356
179;357
179;358
179;359
179;360
179;361
179;362
179;363
179;364
179;365
179;366
179;367
179;368
179;369
179;370
179;371
179;372
179;373
179;374
179;375
179;376
179;377
179;378
179;379
179;380
179;381
179;382
179;383
179;384
179;385
179;386
179;387
179;388
179;389
179;390
179;391
179;392
179;393
179;394
179;395
179;396
179;397
179;398
179;399
179;400
179;401
179;402
179;403
179;404
179;405
179;406
179;407
179;408
179;409
179;410
179;411
179;412
179;413
179;414
179;415
179;416
179;417
179;418
179;419
179;420
179;421
179;422
179;423
179;424
179;425
179;426
179;427
179;428
179;429
179;430
179;431
179;432
179;433
179;434
179;435
179;436
179;437
179;438
179;439
179;440
179;441
179;442
179;443
179;444
179;445
179;446
179;447
180;141
180;142
180;143
180;144
180;145
180;146
180;147
180;148
180;149
180;150
180;151
180;152
180;153
180;154
180;155
180;213
180;214
180;215
180;216
180;217
180;218
180;219
180;220
180;221
180;222
180;223
180;224
180;225
180;226
180;227
180;228
180;229
180;230
180;231
180;232
180;233
180;234
180;235
180;236
180;237
180;238
180;239
180;240
180;241
180;242
180;243
180;244
180;245
180;246
180;247
180;248
180;249
180;250
180;251
180;252
180;253
180;254
180;255
180;256
180;257
180;258
180;259
180;260
180;261
180;262
180;263
180;264
180;265
180;266
180;267
180;281
180;282
180;283
180;284
180;285
180;286
180;287
180;288
180;290
180;291
180;292
180;293
180;294
180;295
180;296
180;298
180;300
180;302
180;304
180;306
180;308
180;310
180;312
180;314
180;356
180;357
180;358
180;359
180;360
180;361
180;362
180;363
180;364
180;365
180;366
180;367
180;368
180;369
180;370
180;371
180;372
180;373
180;374
180;375
180;376
180;377
180;378
180;379
180;380
180;381
180;382
180;383
180;384
180;385
180;386
180;387
180;388
180;389
180;390
180;391
180;392
180;393
180;394
180;395
180;396
180;397
180;398
180;399
180;400
180;401
180;402
180;403
180;404
180;405
180;406
180;407
180;408
180;409
180;410
180;411
180;412
180;413
180;414
180;415
180;416
180;417
180;418
180;419
180;420
180;421
180;422
180;423
180;424
180;425
180;426
180;427
180;428
180;429
180;430
180;431
180;432
180;433
180;434
180;435
180;436
180;437
180;438
180;439
180;440
180;441
180;442
180;443
180;444
180;445
180;446
181;141
181;142
181;143
181;144
181;145
181;146
181;147
181;148
181;149
181;150
181;151
181;152
181;153
181;154
181;155
181;212
181;213
181;214
181;215
181;216
181;217
181;218
181;219
181;220
181;221
181;222
181;223
181;224
181;225
181;226
181;227
181;228
181;229
181;230
181;231
181;232
181;233
181;234
181;235
181;236
181;237
181;238
181;239
181;240
181;241
181;242
181;243
181;244
181;245
181;246
181;247
181;248
181;249
181;250
181;251
181;252
181;253
181;254
181;255
181;256
181;257
181;258
181;259
181;260
181;261
181;262
181;263
181;264
181;265
181;266
181;267
181;279
181;280
181;281
181;282
181;283
181;284
181;285
181;286
181;287
181;288
181;289
181;356
181;357
181;358
181;359
181;360
181;361
181;362
181;363
181;364
181;365
181;366
181;367
181;368
181;369
181;370
181;371
181;372
181;373
181;374
181;375
181;376
181;377
181;378
181;379
181;380
181;381
181;382
181;383
181;384
181;385
181;386
181;387
181;388
181;389
181;390
181;391
181;392
181;393
181;394
181;395
181;396
181;397
181;398
181;399
181;400
181;401
181;402
181;403
181;404
181;405
181;406
181;407
181;408
181;409
181;410
181;411
181;412
181;413
181;414
181;415
181;416
181;417
181;418
181;419
181;420
181;421
181;422
181;423
181;424
181;425
181;426
181;427
181;428
181;429
181;430
181;431
181;432
181;433
181;434
181;435
181;436
181;437
181;438
181;439
181;440
181;441
181;442
181;443
181;444
181;445
181;446
182;140
182;141
182;142
182;143
182;144
182;145
182;146
182;147
182;148
182;149
182;150
182;151
182;152
182;153
182;154
182;155
182;211
182;212
182;213
182;214
182;215
182;216
182;217
182;218
182;219
182;220
182;221
182;222
182;223
182;224
182;225
182;226
182;227
182;228
182;229
182;230
182;231
182;232
182;233
182;234
182;235
182;236
182;237
182;238
182;239
182;240
182;241
182;242
182;243
182;244
182;245
182;246
182;247
182;248
182;249
182;250
182;251
182;252
182;253
182;254
182;255
182;256
182;257
182;258
182;259
182;260
182;261
182;262
182;263
182;264
182;265
182;266
182;267
182;277
182;278
182;279
182;280
182;281
182;282
182;283
182;284
182;285
182;286
182;287
182;288
182;289
182;357
182;358
182;359
182;360
182;361
182;362
182;363
182;364
182;365
182;366
182;367
182;368
182;369
182;370
182;371
182;372
182;373
182;374
182;375
182;376
182;377
182;378
182;379
182;380
182;381
182;382
182;383
182;384
182;385
182;386
182;387
182;388
182;389
182;390
182;391
182;392
182;393
182;394
182;395
182;396
182;397
182;398
182;399
182;400
182;401
182;402
182;403
182;404
182;405
182;406
182;407
182;408
182;409
182;410
182;411
182;412
182;413
182;414
182;415
182;416
182;417
182;418
182;419
182;420
182;421
182;422
182;423
182;424
182;425
182;426
182;427
182;428
182;429
182;430
182;431
182;432
182;433
182;434
182;435
182;436
182;437
182;438
182;439
182;440
182;441
182;442
182;443
182;444
182;445
183;139
183;140
183;141
183;142
183;143
183;144
183;145
183;146
183;147
183;148
183;149
183;150
183;151
183;152
183;153
183;154
183;155
183;156
183;210
183;211
183;212
183;213
183;214
183;215
183;216
183;217
183;218
183;219
183;220
183;221
183;222
183;223
183;224
183;225
183;226
183;227
183;228
183;229
183;230
183;231
183;232
183;233
183;234
183;235
183;236
183;237
183;238
183;239
183;240
183;241
183;242
183;243
183;244
183;245
183;246
183;247
183;248
183;249
183;250
183;251
183;252
183;253
183;254
183;255
183;256
183;257
183;258
183;259
183;260
183;261
183;262
183;263
183;264
183;265
183;266
183;275
183;276
183;277
183;278
183;279
183;280
183;281
183;282
183;283
183;284
183;285
183;286
183;287
183;288
183;289
183;290
183;358
183;359
183;360
183;361
183;362
183;363
183;364
183;365
183;366
183;367
183;368
183;369
183;370
183;371
183;372
183;373
183;374
183;375
183;376
183;377
183;378
183;379
183;380
183;381
183;382
183;383
183;384
183;385
183;386
183;387
183;388
183;389
183;390
183;391
183;392
183;393
183;394
183;395
183;396
183;397
183;398
183;399
183;400
183;401
183;402
183;403
183;404
183;405
183;406
183;407
183;408
183;409
183;410
183;411
183;412
183;413
183;414
183;415
183;416
183;417
183;418
183;419
183;420
183;421
183;422
183;423
183;424
183;425
183;426
183;427
183;428
183;429
183;430
183;431
183;432
183;433
183;434
183;435
183;436
183;437
183;438
183;439
183;440
183;441
183;442
183;443
183;444
184;138
184;139
184;140
184;141
184;142
184;143
184;144
184;145
184;146
184;147
184;148
184;149
184;150
184;151
184;152
184;153
184;154
184;155
184;156
184;209
184;210
184;211
184;212
184;213
184;214
184;215
184;216
184;217
184;218
184;219
184;220
184;221
184;222
184;223
184;224
184;225
184;226
184;227
184;228
184;229
184;230
184;231
184;232
184;233
184;234
184;235
184;236
184;237
184;238
184;239
184;240
184;241
184;242
184;243
184;244
184;245
184;246
184;247
184;248
184;249
184;250
184;251
184;252
184;253
184;254
184;255
184;256
184;257
184;258
184;259
184;260
184;261
184;262
184;263
184;264
184;265
184;266
184;273
184;274
184;275
184;276
184;277
184;278
184;279
184;280
184;281
184;282
184;283
184;284
184;285
184;286
184;287
184;288
184;289
184;290
184;291
184;359
184;360
184;361
184;362
184;363
184;364
184;365
184;366
184;367
184;368
184;369
184;370
184;371
184;372
184;373
184;374
184;375
184;376
184;377
184;378
184;379
184;380
184;381
184;382
184;383
184;384
184;385
184;386
184;387
184;388
184;389
184;390
184;391
184;392
184;393
184;394
184;395
184;396
184;397
184;398
184;399
184;400
184;401
184;402
184;403
184;404
184;405
184;406
184;407
184;408
184;409
184;410
184;411
184;412
184;413
184;414
184;415
184;416
184;417
184;418
184;419
184;420
184;421
184;422
184;423
184;424
184;425
184;426
184;427
184;428
184;429
184;430
184;431
184;432
184;433
184;434
184;435
184;436
184;437
184;438
184;439
184;440
184;441
184;442
184;443
185;137
185;138
185;139
185;140
185;141
185;142
185;143
185;144
185;145
185;146
185;147
185;148
185;149
185;150
185;151
185;152
185;153
185;154
185;155
185;156
185;157
185;208
185;209
185;210
185;211
185;212
185;213
185;214
185;215
185;216
185;217
185;218
185;219
185;220
185;221
185;222
185;223
185;224
185;225
185;226
185;227
185;228
185;229
185;230
185;231
185;232
185;233
185;234
185;235
185;236
185;237
185;238
185;239
185;240
185;241
185;242
185;243
185;244
185;245
185;246
185;247
185;248
185;249
185;250
185;251
185;252
185;253
185;254
185;255
185;256
185;257
185;258
185;259
185;260
185;261
185;262
185;263
185;264
185;265
185;266
185;267
185;271
185;272
185;273
185;274
185;275
185;276
185;277
185;278
185;279
185;280
185;281
185;282
185;283
185;284
185;285
185;286
185;287
185;288
185;289
185;290
185;291
185;360
185;361
185;362
185;363
185;364
185;365
185;366
185;367
185;368
185;369
185;370
185;371
185;372
185;373
185;374
185;375
185;376
185;377
185;378
185;379
185;380
185;381
185;382
185;383
185;384
185;385
185;386
185;387
185;388
185;389
185;390
185;391
185;392
185;393
185;394
185;395
185;396
185;397
185;398
185;399
185;400
185;401
185;402
185;403
185;404
185;405
185;406
185;407
185;408
185;409
185;410
185;411
185;412
185;413
185;414
185;415
185;416
185;417
185;418
185;419
185;420
185;421
185;422
185;423
185;424
185;425
185;426
185;427
185;428
185;429
185;430
185;431
185;432
185;433
185;434
185;435
185;436
185;437
185;438
185;439
185;440
185;441
185;442
186;136
186;137
186;138
186;139
186;140
186;141
186;142
186;143
186;144
186;145
186;146
186;147
186;148
186;149
186;150
186;151
186;152
186;153
186;154
186;155
186;156
186;157
186;207
186;208
186;209
186;210
186;211
186;212
186;213
186;214
186;215
186;216
186;217
186;218
186;219
186;220
186;221
186;222
186;223
186;224
186;225
186;226
186;227
186;228
186;229
186;230
186;231
186;232
186;233
186;234
186;235
186;236
186;237
186;238
186;239
186;240
186;241
186;242
186;243
186;244
186;245
186;246
186;247
186;248
186;249
186;250
186;251
186;252
186;253
186;254
186;255
186;256
186;257
186;258
186;259
186;260
186;261
186;262
186;263
186;264
186;265
186;266
186;267
186;269
186;270
186;271
186;272
186;273
186;274
186;275
186;276
186;277
186;278
186;279
186;280
186;281
186;282
186;283
186;284
186;285
186;286
186;287
186;288
186;289
186;290
186;291
186;292
186;360
186;361
186;362
186;363
186;364
186;365
186;366
186;367
186;368
186;369
186;370
186;371
186;372
186;373
186;374
186;375
186;376
186;377
186;378
186;379
186;380
186;381
186;382
186;383
186;384
186;385
186;386
186;387
186;388
186;389
186;390
186;391
186;392
186;393
186;394
186;395
186;396
186;397
186;398
186;399
186;400
186;401
186;402
186;403
186;404
186;405
186;406
186;407
186;408
186;409
186;410
186;411
186;412
186;413
186;414
186;415
186;416
186;417
186;418
186;419
186;420
186;421
186;422
186;423
186;424
186;425
186;426
186;427
186;428
186;429
186;430
186;431
186;432
186;433
186;434
186;435
186;436
186;437
186;438
186;439
186;440
187;135
187;136
187;137
187;138
187;139
187;140
187;141
187;142
187;143
187;144
187;145
187;146
187;147
187;148
187;149
187;150
187;151
187;152
187;153
187;154
187;155
187;156
187;157
187;206
187;207
187;208
187;209
187;210
187;211
187;212
187;213
187;214
187;215
187;216
187;217
187;218
187;219
187;220
187;221
187;222
187;223
187;224
187;225
187;226
187;227
187;228
187;229
187;230
187;231
187;232
187;233
187;234
187;235
187;236
187;237
187;238
187;239
187;240
187;241
187;242
187;243
187;244
187;245
187;246
187;247
187;248
187;249
187;250
187;251
187;252
187;253
187;254
187;255
187;256
187;257
187;258
187;259
187;260
187;261
187;262
187;263
187;264
187;265
187;266
187;267
187;268
187;269
187;270
187;271
187;272
187;273
187;274
187;275
187;276
187;277
187;278
187;279
187;280
187;281
187;282
187;283
187;284
187;285
187;286
187;287
187;288
187;289
187;290
187;291
187;292
187;293
187;362
187;363
187;364
187;365
187;366
187;367
187;368
187;369
187;370
187;371
187;372
187;373
187;374
187;375
187;376
187;377
187;378
187;379
187;380
187;381
187;382
187;383
187;384
187;385
187;386
187;387
187;388
187;389
187;390
187;391
187;392
187;393
187;394
187;395
187;396
187;397
187;398
187;399
187;400
187;401
187;402
187;403
187;404
187;405
187;406
187;407
187;408
187;409
187;410
187;411
187;412
187;413
187;414
187;415
187;416
187;417
187;418
187;419
187;420
187;421
187;422
187;423
187;424
187;425
187;426
187;427
187;428
187;429
187;430
187;431
187;432
187;433
187;434
187;435
187;436
187;437
187;438
188;134
188;135
188;136
188;137
188;138
188;139
188;140
188;141
188;142
188;143
188;144
188;145
188;146
188;147
188;148
188;149
188;150
188;151
188;152
188;153
188;154
188;155
188;156
188;157
188;158
188;205
188;206
188;207
188;208
188;209
188;210
188;211
188;212
188;213
188;214
188;215
188;216
188;217
188;218
188;219
188;220
188;221
188;222
188;223
188;224
188;225
188;226
188;227
188;228
188;229
188;230
188;231
188;232
188;233
188;234
188;235
188;236
188;237
188;238
188;239
188;240
188;241
188;242
188;243
188;244
188;245
188;246
188;247
188;248
188;249
188;250
188;251
188;252
188;253
188;254
188;255
188;256
188;257
188;258
188;259
188;260
188;261
188;262
188;263
188;264
188;265
188;266
188;267
188;268
188;269
188;270
188;271
188;272
188;273
188;274
188;275
188;276
188;277
188;278
188;279
188;280
188;281
188;282
188;283
188;284
188;285
188;286
188;287
188;288
188;289
188;290
188;291
188;292
188;293
188;362
188;363
188;364
188;365
188;366
188;367
188;368
188;369
188;370
188;371
188;372
188;373
188;374
188;375
188;376
188;377
188;378
188;379
188;380
188;381
188;382
188;383
188;384
188;385
188;386
188;387
188;388
188;389
188;390
188;391
188;392
188;393
188;394
188;395
188;396
188;397
188;398
188;399
188;400
188;401
188;402
188;403
188;404
188;405
188;406
188;407
188;408
188;409
188;410
188;411
188;412
188;413
188;414
188;415
188;416
188;417
188;418
188;419
188;420
188;421
188;422
188;423
188;424
188;425
188;426
188;427
188;428
188;429
188;430
188;431
188;432
188;433
188;434
188;435
188;436
189;133
189;134
189;135
189;136
189;137
189;138
189;139
189;140
189;141
189;142
189;143
189;144
189;145
189;146
189;147
189;148
189;149
189;150
189;151
189;152
189;153
189;154
189;155
189;156
189;157
189;158
189;159
189;204
189;205
189;206
189;207
189;208
189;209
189;210
189;211
189;212
189;213
189;214
189;215
189;216
189;217
189;218
189;219
189;220
189;221
189;222
189;223
189;224
189;225
189;226
189;227
189;228
189;229
189;230
189;231
189;232
189;233
189;234
189;235
189;236
189;237
189;238
189;239
189;240
189;241
189;242
189;243
189;244
189;245
189;246
189;247
189;248
189;249
189;250
189;251
189;252
189;253
189;254
189;255
189;256
189;257
189;258
189;259
189;260
189;261
189;262
189;263
189;264
189;265
189;266
189;267
189;268
189;269
189;270
189;271
189;272
189;273
189;274
189;275
189;276
189;277
189;278
189;279
189;280
189;281
189;282
189;283
189;284
189;285
189;286
189;287
189;288
189;289
189;290
189;291
189;292
189;293
189;294
189;363
189;364
189;365
189;366
189;367
189;368
189;369
189;370
189;371
189;372
189;373
189;374
189;375
189;376
189;377
189;378
189;379
189;380
189;381
189;382
189;383
189;384
189;385
189;386
189;387
189;388
189;389
189;390
189;391
189;392
189;393
189;394
189;395
189;396
189;397
189;398
189;399
189;400
189;401
189;402
189;403
189;404
189;405
189;406
189;407
189;408
189;409
189;410
189;411
189;412
189;413
189;414
189;415
189;416
189;417
189;418
189;419
189;420
189;421
189;422
189;423
189;424
189;425
189;426
189;427
189;428
189;429
189;430
189;431
189;432
189;434
190;133
190;134
190;135
190;136
190;137
190;138
190;139
190;140
190;141
190;142
190;143
190;144
190;145
190;146
190;147
190;148
190;149
190;150
190;151
190;152
190;153
190;154
190;155
190;156
190;157
190;158
190;159
190;203
190;204
190;205
190;206
190;207
190;208
190;209
190;210
190;211
190;212
190;213
190;214
190;215
190;216
190;217
190;218
190;219
190;220
190;221
190;222
190;223
190;224
190;225
190;226
190;227
190;228
190;229
190;230
190;231
190;232
190;233
190;234
190;235
190;236
190;237
190;238
190;239
190;240
190;241
190;242
190;243
190;244
190;245
190;246
190;247
190;248
190;249
190;250
190;251
190;252
190;253
190;254
190;255
190;256
190;257
190;258
190;259
190;260
190;261
190;262
190;263
190;264
190;265
190;266
190;267
190;268
190;269
190;270
190;271
190;272
190;273
190;274
190;275
190;276
190;277
190;278
190;279
190;280
190;281
190;282
190;283
190;284
190;285
190;286
190;287
190;288
190;289
190;290
190;291
190;292
190;293
190;294
190;295
190;364
190;365
190;366
190;367
190;368
190;369
190;370
190;371
190;372
190;373
190;374
190;375
190;376
190;377
190;378
190;379
190;380
190;381
190;382
190;383
190;384
190;385
190;386
190;387
190;388
190;389
190;390
190;391
190;392
190;393
190;394
190;395
190;396
190;397
190;398
190;399
190;400
190;401
190;402
190;403
190;404
190;405
190;406
190;407
190;408
190;409
190;410
190;411
190;412
190;413
190;414
190;415
190;416
190;417
190;418
190;419
190;420
190;421
190;422
190;423
190;424
190;425
190;426
190;427
190;428
190;429
190;430
190;431
191;131
191;132
191;133
191;134
191;135
191;136
191;137
191;138
191;139
191;140
191;141
191;142
191;143
191;144
191;145
191;146
191;147
191;148
191;149
191;150
191;151
191;152
191;153
191;154
191;155
191;156
191;157
191;158
191;159
191;202
191;203
191;204
191;205
191;206
191;207
191;208
191;209
191;210
191;211
191;212
191;213
191;214
191;215
191;216
191;217
191;218
191;219
191;220
191;221
191;222
191;223
191;224
191;225
191;226
191;227
191;228
191;229
191;230
191;231
191;232
191;233
191;234
191;235
191;236
191;237
191;238
191;239
191;240
191;241
191;242
191;243
191;244
191;245
191;246
191;247
191;248
191;249
191;250
191;251
191;252
191;253
191;254
191;255
191;256
191;257
191;258
191;259
191;260
191;261
191;262
191;263
191;264
191;265
191;266
191;267
191;268
191;269
191;270
191;271
191;272
191;273
191;274
191;275
191;276
191;277
191;278
191;279
191;280
191;281
191;282
191;283
191;284
191;285
191;286
191;287
191;288
191;289
191;290
191;291
191;292
191;293
191;294
191;295
191;365
191;366
191;367
191;368
191;369
191;370
191;371
191;372
191;373
191;374
191;375
191;376
191;377
191;378
191;379
191;380
191;381
191;382
191;383
191;384
191;385
191;386
191;387
191;388
191;389
191;390
191;391
191;392
191;393
191;394
191;395
191;396
191;397
191;398
191;399
191;400
191;401
191;402
191;403
191;404
191;405
191;406
191;407
191;408
191;409
191;410
191;411
191;412
191;413
191;414
191;415
191;416
191;417
191;418
191;419
191;420
191;421
191;422
191;423
191;424
191;425
191;426
191;427
191;428
191;429
191;430
191;431
191;432
192;131
192;132
192;133
192;134
192;135
192;136
192;137
192;138
192;139
192;140
192;141
192;142
192;143
192;144
192;145
192;146
192;147
192;148
192;149
192;150
192;151
192;152
192;153
192;154
192;155
192;156
192;157
192;158
192;159
192;160
192;201
192;202
192;203
192;204
192;205
192;206
192;207
192;208
192;209
192;210
192;211
192;212
192;213
192;214
192;215
192;216
192;217
192;218
192;219
192;220
192;221
192;222
192;223
192;224
192;225
192;226
192;227
192;228
192;229
192;230
192;231
192;232
192;233
192;234
192;235
192;236
192;237
192;238
192;239
192;240
192;241
192;242
192;243
192;244
192;245
192;246
192;247
192;248
192;249
192;250
192;251
192;252
192;253
192;254
192;255
192;256
192;257
192;258
192;259
192;260
192;261
192;262
192;263
192;264
192;265
192;266
192;267
192;268
192;269
192;270
192;271
192;272
192;273
192;274
192;275
192;276
192;277
192;278
192;279
192;280
192;281
192;282
192;283
192;284
192;285
192;286
192;287
192;288
192;289
192;290
192;291
192;292
192;293
192;294
192;295
192;296
192;366
192;367
192;368
192;369
192;370
192;371
192;372
192;373
192;374
192;375
192;376
192;377
192;378
192;379
192;380
192;381
192;382
192;383
192;384
192;385
192;386
192;387
192;388
192;389
192;390
192;391
192;392
192;393
192;394
192;395
192;396
192;397
192;398
192;399
192;400
192;401
192;402
192;403
192;404
192;405
192;406
192;407
192;408
192;409
192;410
192;411
192;412
192;413
192;414
192;415
192;416
192;417
192;418
192;419
192;420
192;421
192;422
192;423
192;424
192;425
192;426
192;427
192;428
192;429
192;430
192;431
192;432
193;129
193;130
193;131
193;132
193;133
193;134
193;135
193;136
193;137
193;138
193;139
193;140
193;141
193;142
193;143
193;144
193;145
193;146
193;147
193;148
193;149
193;150
193;151
193;152
193;153
193;154
193;155
193;156
193;157
193;158
193;159
193;160
193;200
193;201
193;202
193;203
193;204
193;205
193;206
193;207
193;208
193;209
193;210
193;211
193;212
193;213
193;214
193;215
193;216
193;217
193;218
193;219
193;220
193;221
193;222
193;223
193;224
193;225
193;226
193;227
193;228
193;229
193;230
193;231
193;232
193;233
193;234
193;235
193;236
193;237
193;238
193;239
193;240
193;241
193;242
193;243
193;244
193;245
193;246
193;247
193;248
193;249
193;250
193;251
193;252
193;253
193;254
193;255
193;256
193;257
193;258
193;259
193;260
193;261
193;262
193;263
193;264
193;265
193;266
193;267
193;268
193;269
193;270
193;271
193;272
193;273
193;274
193;275
193;276
193;277
193;278
193;279
193;280
193;281
193;282
193;283
193;284
193;285
193;286
193;287
193;288
193;289
193;290
193;291
193;292
193;293
193;294
193;295
193;296
193;297
193;366
193;367
193;368
193;369
193;370
193;371
193;372
193;373
193;374
193;375
193;376
193;377
193;378
193;379
193;380
193;381
193;382
193;383
193;384
193;385
193;386
193;387
193;388
193;389
193;390
193;391
193;392
193;393
193;394
193;395
193;396
193;397
193;398
193;399
193;400
193;401
193;402
193;403
193;404
193;405
193;406
193;407
193;408
193;409
193;410
193;411
193;412
193;413
193;414
193;415
193;416
193;417
193;418
193;419
193;420
193;421
193;422
193;423
193;424
193;425
193;426
193;427
193;428
193;429
193;430
193;431
193;432
193;433
194;129
194;130
194;131
194;132
194;133
194;134
194;135
194;136
194;137
194;138
194;139
194;140
194;141
194;142
194;143
194;144
194;145
194;146
194;147
194;148
194;149
194;150
194;151
194;152
194;153
194;154
194;155
194;156
194;157
194;158
194;159
194;160
194;161
194;199
194;200
194;201
194;202
194;203
194;204
194;205
194;206
194;207
194;208
194;209
194;210
194;211
194;212
194;213
194;214
194;215
194;216
194;217
194;218
194;219
194;220
194;221
194;222
194;223
194;224
194;225
194;226
194;227
194;228
194;229
194;230
194;231
194;232
194;233
194;234
194;235
194;236
194;237
194;238
194;239
194;240
194;241
194;242
194;243
194;244
194;245
194;246
194;247
194;248
194;249
194;250
194;251
194;252
194;253
194;254
194;255
194;256
194;257
194;258
194;259
194;260
194;261
194;262
194;263
194;264
194;265
194;266
194;267
194;268
194;269
194;270
194;271
194;272
194;273
194;274
194;275
194;276
194;277
194;278
194;279
194;280
194;281
194;282
194;283
194;284
194;285
194;286
194;287
194;288
194;289
194;290
194;291
194;292
194;293
194;294
194;295
194;296
194;297
194;368
194;369
194;370
194;371
194;372
194;373
194;374
194;375
194;376
194;377
194;378
194;379
194;380
194;381
194;382
194;383
194;384
194;385
194;386
194;387
194;388
194;389
194;390
194;391
194;392
194;393
194;394
194;395
194;396
194;397
194;398
194;399
194;400
194;401
194;402
194;403
194;404
194;405
194;406
194;407
194;408
194;409
194;410
194;411
194;412
194;413
194;414
194;415
194;416
194;417
194;418
194;419
194;420
194;421
194;422
194;423
194;424
194;425
194;426
194;427
194;428
194;429
194;430
194;431
194;432
194;433
195;127
195;128
195;129
195;130
195;131
195;132
195;133
195;134
195;135
195;136
195;137
195;138
195;139
195;140
195;141
195;142
195;143
195;144
195;145
195;146
195;147
195;148
195;149
195;150
195;151
195;152
195;153
195;154
195;155
195;156
195;157
195;158
195;159
195;160
195;161
195;198
195;199
195;200
195;201
195;202
195;203
195;204
195;205
195;206
195;207
195;208
195;209
195;210
195;211
195;212
195;213
195;214
195;215
195;216
195;217
195;218
195;219
195;220
195;221
195;222
195;223
195;224
195;225
195;226
195;227
195;228
195;229
195;230
195;231
195;232
195;233
195;234
195;235
195;236
195;237
195;238
195;239
195;240
195;241
195;242
195;243
195;244
195;245
195;246
195;247
195;248
195;249
195;250
195;251
195;252
195;253
195;254
195;255
195;256
195;257
195;258
195;259
195;260
195;261
195;262
195;263
195;264
195;265
195;266
195;267
195;268
195;269
195;270
195;271
195;272
195;273
195;274
195;275
195;276
195;277
195;278
195;279
195;280
195;281
195;282
195;283
195;284
195;285
195;286
195;287
195;288
195;289
195;290
195;291
195;292
195;293
195;294
195;295
195;296
195;297
195;298
195;367
195;368
195;369
195;370
195;371
195;372
195;373
195;374
195;375
195;376
195;377
195;378
195;379
195;380
195;381
195;382
195;383
195;384
195;385
195;386
195;387
195;388
195;389
195;390
195;391
195;392
195;393
195;394
195;395
195;396
195;397
195;398
195;399
195;400
195;401
195;402
195;403
195;404
195;405
195;406
195;407
195;408
195;409
195;410
195;411
195;412
195;413
195;414
195;415
195;416
195;417
195;418
195;419
195;420
195;421
195;422
195;423
195;424
195;425
195;426
195;427
195;428
195;429
195;430
195;431
195;432
195;433
196;127
196;128
196;129
196;130
196;131
196;132
196;133
196;134
196;135
196;136
196;137
196;138
196;139
196;140
196;141
196;142
196;143
196;144
196;145
196;146
196;147
196;148
196;149
196;150
196;151
196;152
196;153
196;154
196;155
196;156
196;157
196;158
196;159
196;160
196;161
196;197
196;198
196;199
196;200
196;201
196;202
196;203
196;204
196;205
196;206
196;207
196;208
196;209
196;210
196;211
196;212
196;213
196;214
196;215
196;216
196;217
196;218
196;219
196;220
196;221
196;222
196;223
196;224
196;225
196;226
196;227
196;228
196;229
196;230
196;231
196;232
196;233
196;234
196;235
196;236
196;237
196;238
196;239
196;240
196;241
196;242
196;243
196;244
196;245
196;246
196;247
196;248
196;249
196;250
196;251
196;252
196;253
196;254
196;255
196;256
196;257
196;258
196;259
196;260
196;261
196;262
196;263
196;264
196;265
196;266
196;267
196;268
196;269
196;270
196;271
196;272
196;273
196;274
196;275
196;276
196;277
196;278
196;279
196;280
196;281
196;282
196;283
196;284
196;285
196;286
196;287
196;288
196;289
196;290
196;291
196;292
196;293
196;294
196;295
196;296
196;297
196;298
196;299
196;367
196;368
196;369
196;370
196;371
196;372
196;373
196;374
196;375
196;376
196;377
196;378
196;379
196;380
196;381
196;382
196;383
196;384
196;385
196;386
196;387
196;388
196;389
196;390
196;391
196;392
196;393
196;394
196;395
196;396
196;397
196;398
196;399
196;400
196;401
196;402
196;403
196;404
196;405
196;406
196;407
196;408
196;409
196;410
196;411
196;412
196;413
196;414
196;415
196;416
196;417
196;418
196;419
196;420
196;421
196;422
196;423
196;424
196;425
196;426
196;427
196;428
196;429
196;430
196;431
196;432
196;433
196;434
197;126
197;127
197;128
197;129
197;130
197;131
197;132
197;133
197;134
197;135
197;136
197;137
197;138
197;139
197;140
197;141
197;142
197;143
197;144
197;145
197;146
197;147
197;148
197;149
197;150
197;151
197;152
197;153
197;154
197;155
197;156
197;157
197;158
197;159
197;160
197;161
197;162
197;197
197;198
197;199
197;200
197;201
197;202
197;203
197;204
197;205
197;206
197;207
197;208
197;209
197;210
197;211
197;212
197;213
197;214
197;215
197;216
197;217
197;218
197;219
197;220
197;221
197;222
197;223
197;224
197;225
197;226
197;227
197;228
197;229
197;230
197;231
197;232
197;233
197;234
197;235
197;236
197;237
197;238
197;239
197;240
197;241
197;242
197;243
197;244
197;245
197;246
197;247
197;248
197;249
197;250
197;251
197;252
197;253
197;254
197;255
197;256
197;257
197;258
197;259
197;260
197;261
197;262
197;263
197;264
197;265
197;266
197;267
197;268
197;269
197;270
197;271
197;272
197;273
197;274
197;275
197;276
197;277
197;278
197;279
197;280
197;281
197;282
197;283
197;284
197;285
197;286
197;287
197;288
197;289
197;290
197;291
197;292
197;293
197;294
197;295
197;296
197;297
197;298
197;299
197;300
197;367
197;368
197;369
197;370
197;371
197;372
197;373
197;374
197;375
197;376
197;377
197;378
197;379
197;380
197;381
197;382
197;383
197;384
197;385
197;386
197;387
197;388
197;389
197;390
197;391
197;392
197;393
197;394
197;395
197;396
197;397
197;398
197;399
197;400
197;401
197;402
197;403
197;404
197;405
197;406
197;407
197;408
197;409
197;410
197;411
197;412
197;413
197;414
197;415
197;416
197;417
197;418
197;419
197;420
197;421
197;422
197;423
197;424
197;425
197;426
197;427
197;428
197;429
197;430
197;431
197;432
197;433
197;434
198;125
198;126
198;127
198;128
198;129
198;130
198;131
198;132
198;133
198;134
198;135
198;136
198;137
198;138
198;139
198;140
198;141
198;142
198;143
198;144
198;145
198;146
198;147
198;148
198;149
198;150
198;151
198;152
198;153
198;154
198;155
198;156
198;157
198;158
198;159
198;160
198;161
198;162
198;163
198;195
198;196
198;197
198;198
198;199
198;200
198;201
198;202
198;203
198;204
198;205
198;206
198;207
198;208
198;209
198;210
198;211
198;212
198;213
198;214
198;215
198;216
198;217
198;218
198;219
198;220
198;221
198;222
198;223
198;224
198;225
198;226
198;227
198;228
198;229
198;230
198;231
198;232
198;233
198;234
198;235
198;236
198;237
198;238
198;239
198;240
198;241
198;242
198;243
198;244
198;245
198;246
198;247
198;248
198;249
198;250
198;251
198;252
198;253
198;254
198;255
198;256
198;257
198;258
198;259
198;260
198;261
198;262
198;263
198;264
198;265
198;266
198;267
198;268
198;269
198;270
198;271
198;272
198;273
198;274
198;275
198;276
198;277
198;278
198;279
198;280
198;281
198;282
198;283
198;284
198;285
198;286
198;287
198;288
198;289
198;290
198;291
198;292
198;293
198;294
198;295
198;296
198;297
198;298
198;299
198;300
198;301
198;367
198;368
198;369
198;370
198;371
198;372
198;373
198;374
198;375
198;376
198;377
198;378
198;379
198;380
198;381
198;382
198;383
198;384
198;385
198;386
198;387
198;388
198;389
198;390
198;391
198;392
198;393
198;394
198;395
198;396
198;397
198;398
198;399
198;400
198;401
198;402
198;403
198;404
198;405
198;406
198;407
198;408
198;409
198;410
198;411
198;412
198;413
198;414
198;415
198;416
198;417
198;418
198;419
198;420
198;421
198;422
198;423
198;424
198;425
198;426
198;427
198;428
198;429
198;430
198;431
198;432
198;433
198;434
199;124
199;125
199;126
199;127
199;128
199;129
199;130
199;131
199;132
199;133
199;134
199;135
199;136
199;137
199;138
199;139
199;140
199;141
199;142
199;143
199;144
199;145
199;146
199;147
199;148
199;149
199;150
199;151
199;152
199;153
199;154
199;155
199;156
199;157
199;158
199;159
199;160
199;161
199;162
199;163
199;195
199;196
199;197
199;198
199;199
199;200
199;201
199;202
199;203
199;204
199;205
199;206
199;207
199;208
199;209
199;210
199;211
199;212
199;213
199;214
199;215
199;216
199;217
199;218
199;219
199;220
199;221
199;222
199;223
199;224
199;225
199;226
199;227
199;228
199;229
199;230
199;231
199;232
199;233
199;234
199;235
199;236
199;237
199;238
199;239
199;240
199;241
199;242
199;243
199;244
199;245
199;246
199;247
199;248
199;249
199;250
199;251
199;252
199;253
199;254
199;255
199;256
199;257
199;258
199;259
199;260
199;261
199;262
199;263
199;264
199;265
199;266
199;267
199;268
199;269
199;270
199;271
199;272
199;273
199;274
199;275
199;276
199;277
199;278
199;279
199;280
199;281
199;282
199;283
199;284
199;285
199;286
199;287
199;288
199;289
199;290
199;291
199;292
199;293
199;294
199;295
199;296
199;297
199;298
199;299
199;300
199;301
199;367
199;368
199;369
199;370
199;371
199;372
199;373
199;374
199;375
199;376
199;377
199;378
199;379
199;380
199;381
199;382
199;383
199;384
199;385
199;386
199;387
199;388
199;389
199;390
199;391
199;392
199;393
199;394
199;395
199;396
199;397
199;398
199;399
199;400
199;401
199;402
199;403
199;404
199;405
199;406
199;407
199;408
199;409
199;410
199;411
199;412
199;413
199;414
199;415
199;416
199;417
199;418
199;419
199;420
199;421
199;422
199;423
199;424
199;425
199;426
199;427
199;428
199;429
199;430
199;431
199;432
199;433
199;434
200;123
200;124
200;125
200;126
200;127
200;128
200;129
200;130
200;131
200;132
200;133
200;134
200;135
200;136
200;137
200;138
200;139
200;140
200;141
200;142
200;143
200;144
200;145
200;146
200;147
200;148
200;149
200;150
200;151
200;152
200;153
200;154
200;155
200;156
200;157
200;158
200;159
200;160
200;161
200;162
200;163
200;193
200;194
200;195
200;196
200;197
200;198
200;199
200;200
200;201
200;202
200;203
200;204
200;205
200;206
200;207
200;208
200;209
200;210
200;211
200;212
200;213
200;214
200;215
200;216
200;217
200;218
200;219
200;220
200;221
200;222
200;223
200;224
200;225
200;226
200;227
200;228
200;229
200;230
200;231
200;232
200;233
200;234
200;235
200;236
200;237
200;238
200;239
200;240
200;241
200;242
200;243
200;244
200;245
200;246
200;247
200;248
200;249
200;250
200;251
200;252
200;253
200;254
200;255
200;256
200;257
200;258
200;259
200;260
200;261
200;262
200;263
200;264
200;265
200;266
200;267
200;268
200;269
200;270
200;271
200;272
200;273
200;274
200;275
200;276
200;277
200;278
200;279
200;280
200;281
200;282
200;283
200;284
200;285
200;286
200;287
200;288
200;289
200;290
200;291
200;292
200;293
200;294
200;295
200;296
200;297
200;298
200;299
200;300
200;301
200;302
200;367
200;368
200;369
200;370
200;371
200;372
200;373
200;374
200;375
200;376
200;377
200;378
200;379
200;380
200;381
200;382
200;383
200;384
200;385
200;386
200;387
200;388
200;389
200;390
200;391
200;392
200;393
200;394
200;395
200;396
200;397
200;398
200;399
200;400
200;401
200;402
200;403
200;404
200;405
200;406
200;407
200;408
200;409
200;410
200;411
200;412
200;413
200;414
200;415
200;416
200;417
200;418
200;419
200;420
200;421
200;422
200;423
200;424
200;425
200;426
200;427
200;428
200;429
200;430
200;431
200;432
200;433
200;434
201;122
201;123
201;124
201;125
201;126
201;127
201;128
201;129
201;130
201;131
201;132
201;133
201;134
201;135
201;136
201;137
201;138
201;139
201;140
201;141
201;142
201;143
201;144
201;145
201;146
201;147
201;148
201;149
201;150
201;151
201;152
201;153
201;154
201;155
201;156
201;157
201;158
201;159
201;160
201;161
201;162
201;163
201;164
201;193
201;194
201;195
201;196
201;197
201;198
201;199
201;200
201;201
201;202
201;203
201;204
201;205
201;206
201;207
201;208
201;209
201;210
201;211
201;212
201;213
201;214
201;215
201;216
201;217
201;218
201;219
201;220
201;221
201;222
201;223
201;224
201;225
201;226
201;227
201;228
201;229
201;230
201;231
201;232
201;233
201;234
201;235
201;236
201;237
201;238
201;239
201;240
201;241
201;242
201;243
201;244
201;245
201;246
201;247
201;248
201;249
201;250
201;251
201;252
201;253
201;254
201;255
201;256
201;257
201;258
201;259
201;260
201;261
201;262
201;263
201;264
201;265
201;266
201;267
201;268
201;269
201;270
201;271
201;272
201;273
201;274
201;275
201;276
201;277
201;278
201;279
201;280
201;281
201;282
201;283
201;284
201;285
201;286
201;287
201;288
201;289
201;290
201;291
201;292
201;293
201;294
201;295
201;296
201;297
201;298
201;299
201;300
201;301
201;302
201;303
201;367
201;368
201;369
201;370
201;371
201;372
201;373
201;374
201;375
201;376
201;377
201;378
201;379
201;380
201;381
201;382
201;383
201;384
201;385
201;386
201;387
201;388
201;389
201;390
201;391
201;392
201;393
201;394
201;395
201;396
201;397
201;398
201;399
201;400
201;401
201;402
201;403
201;404
201;405
201;406
201;407
201;408
201;409
201;410
201;411
201;412
201;413
201;414
201;415
201;416
201;417
201;418
201;419
201;420
201;421
201;422
201;423
201;424
201;425
201;426
201;427
201;428
201;429
201;430
201;431
201;432
201;433
201;434
202;122
202;124
202;125
202;126
202;127
202;128
202;129
202;130
202;131
202;132
202;133
202;134
202;135
202;136
202;137
202;138
202;139
202;140
202;141
202;142
202;143
202;144
202;145
202;146
202;147
202;148
202;149
202;150
202;151
202;152
202;153
202;154
202;155
202;156
202;157
202;158
202;159
202;160
202;161
202;162
202;163
202;164
202;191
202;192
202;193
202;194
202;195
202;196
202;197
202;198
202;199
202;200
202;201
202;202
202;203
202;204
202;205
202;206
202;207
202;208
202;209
202;210
202;211
202;212
202;213
202;214
202;215
202;216
202;217
202;218
202;219
202;220
202;221
202;222
202;223
202;224
202;225
202;226
202;227
202;228
202;229
202;230
202;231
202;232
202;233
202;234
202;235
202;236
202;237
202;238
202;239
202;240
202;241
202;242
202;243
202;244
202;245
202;246
202;247
202;248
202;249
202;250
202;251
202;252
202;253
202;254
202;255
202;256
202;257
202;258
202;259
202;260
202;261
202;262
202;263
202;264
202;265
202;266
202;267
202;268
202;269
202;270
202;271
202;272
202;273
202;274
202;275
202;276
202;277
202;278
202;279
202;280
202;281
202;282
202;283
202;284
202;285
202;286
202;287
202;288
202;289
202;290
202;291
202;292
202;293
202;294
202;295
202;296
202;297
202;298
202;299
202;300
202;301
202;302
202;303
202;367
202;368
202;369
202;370
202;371
202;372
202;373
202;374
202;375
202;376
202;377
202;378
202;379
202;380
202;381
202;382
202;383
202;384
202;385
202;386
202;387
202;388
202;389
202;390
202;391
202;392
202;393
202;394
202;395
202;396
202;397
202;398
202;399
202;400
202;401
202;402
202;403
202;404
202;405
202;406
202;407
202;408
202;409
202;410
202;411
202;412
202;413
202;414
202;415
202;416
202;417
202;418
202;419
202;420
202;421
202;422
202;423
202;424
202;425
202;426
202;427
202;428
202;429
202;430
202;431
202;432
202;433
202;434
203;128
203;130
203;132
203;133
203;134
203;135
203;136
203;137
203;138
203;139
203;140
203;141
203;142
203;143
203;144
203;145
203;146
203;147
203;148
203;149
203;150
203;151
203;152
203;153
203;154
203;155
203;156
203;157
203;158
203;159
203;160
203;161
203;162
203;163
203;164
203;165
203;191
203;192
203;193
203;194
203;195
203;196
203;197
203;198
203;199
203;200
203;201
203;202
203;203
203;204
203;205
203;206
203;207
203;208
203;209
203;210
203;211
203;212
203;213
203;214
203;215
203;216
203;217
203;218
203;219
203;220
203;221
203;222
203;223
203;224
203;225
203;226
203;227
203;228
203;229
203;230
203;231
203;232
203;233
203;234
203;235
203;236
203;237
203;238
203;239
203;240
203;241
203;242
203;243
203;244
203;245
203;246
203;247
203;248
203;249
203;250
203;251
203;252
203;253
203;254
203;255
203;256
203;257
203;258
203;259
203;260
203;261
203;262
203;263
203;264
203;265
203;266
203;267
203;268
203;269
203;270
203;271
203;272
203;273
203;274
203;275
203;276
203;277
203;278
203;279
203;280
203;281
203;282
203;283
203;284
203;285
203;286
203;287
203;288
203;289
203;290
203;291
203;292
203;293
203;294
203;295
203;296
203;297
203;298
203;299
203;300
203;301
203;302
203;303
203;304
203;367
203;368
203;369
203;370
203;371
203;372
203;373
203;374
203;375
203;376
203;377
203;378
203;379
203;380
203;381
203;382
203;383
203;384
203;385
203;386
203;387
203;388
203;389
203;390
203;391
203;392
203;393
203;394
203;395
203;396
203;397
203;398
203;399
203;400
203;401
203;402
203;403
203;404
203;405
203;406
203;407
203;408
203;409
203;410
203;411
203;412
203;413
203;414
203;415
203;416
203;417
203;418
203;419
203;420
203;421
203;422
203;423
203;424
203;425
203;426
203;427
203;428
203;429
203;430
203;431
203;432
203;433
203;434
204;136
204;138
204;139
204;140
204;141
204;142
204;143
204;144
204;145
204;146
204;147
204;148
204;149
204;150
204;151
204;152
204;153
204;154
204;155
204;156
204;157
204;158
204;159
204;160
204;161
204;162
204;163
204;164
204;165
204;189
204;190
204;191
204;192
204;193
204;194
204;195
204;196
204;197
204;198
204;199
204;200
204;201
204;202
204;203
204;204
204;205
204;206
204;207
204;208
204;209
204;210
204;211
204;212
204;213
204;214
204;215
204;216
204;217
204;218
204;219
204;220
204;221
204;222
204;223
204;224
204;225
204;226
204;227
204;228
204;229
204;230
204;231
204;232
204;233
204;234
204;235
204;236
204;237
204;238
204;239
204;240
204;241
204;242
204;243
204;244
204;245
204;246
204;247
204;248
204;249
204;250
204;251
204;252
204;253
204;254
204;255
204;256
204;257
204;258
204;259
204;260
204;261
204;262
204;263
204;264
204;265
204;266
204;267
204;268
204;269
204;270
204;271
204;272
204;273
204;274
204;275
204;276
204;277
204;278
204;279
204;280
204;281
204;282
204;283
204;284
204;285
204;286
204;287
204;288
204;289
204;290
204;291
204;292
204;293
204;294
204;295
204;296
204;297
204;298
204;299
204;300
204;301
204;302
204;303
204;304
204;305
204;367
204;368
204;369
204;370
204;371
204;372
204;373
204;374
204;375
204;376
204;377
204;378
204;379
204;380
204;381
204;382
204;383
204;384
204;385
204;386
204;387
204;388
204;389
204;390
204;391
204;392
204;393
204;394
204;395
204;396
204;397
204;398
204;399
204;400
204;401
204;402
204;403
204;404
204;405
204;406
204;407
204;408
204;409
204;410
204;411
204;412
204;413
204;414
204;415
204;416
204;417
204;418
204;419
204;420
204;421
204;422
204;423
204;424
204;425
204;426
204;427
204;428
204;429
204;430
204;431
204;432
204;433
204;434
205;144
205;146
205;147
205;148
205;149
205;150
205;151
205;152
205;153
205;154
205;155
205;156
205;157
205;158
205;159
205;160
205;161
205;162
205;163
205;164
205;165
205;189
205;190
205;191
205;192
205;193
205;194
205;195
205;196
205;197
205;198
205;199
205;200
205;201
205;202
205;203
205;204
205;205
205;206
205;207
205;208
205;209
205;210
205;211
205;212
205;213
205;214
205;215
205;216
205;217
205;218
205;219
205;220
205;221
205;222
205;223
205;224
205;225
205;226
205;227
205;228
205;229
205;230
205;231
205;232
205;233
205;234
205;235
205;236
205;237
205;238
205;239
205;240
205;241
205;242
205;243
205;244
205;245
205;246
205;247
205;248
205;249
205;250
205;251
205;252
205;253
205;254
205;255
205;256
205;257
205;258
205;259
205;260
205;261
205;262
205;263
205;264
205;265
205;266
205;267
205;268
205;269
205;270
205;271
205;272
205;273
205;274
205;275
205;276
205;277
205;278
205;279
205;280
205;281
205;282
205;283
205;284
205;285
205;286
205;287
205;288
205;289
205;290
205;291
205;292
205;293
205;294
205;295
205;296
205;297
205;298
205;299
205;300
205;301
205;302
205;303
205;304
205;305
205;367
205;368
205;369
205;370
205;371
205;372
205;373
205;374
205;375
205;376
205;377
205;378
205;379
205;380
205;381
205;382
205;383
205;384
205;385
205;386
205;387
205;388
205;389
205;390
205;391
205;392
205;393
205;394
205;395
205;396
205;397
205;398
205;399
205;400
205;401
205;402
205;403
205;404
205;405
205;406
205;407
205;408
205;409
205;410
205;411
205;412
205;413
205;414
205;415
205;416
205;417
205;418
205;419
205;420
205;421
205;422
205;423
205;424
205;425
205;426
205;427
205;428
205;429
205;430
205;431
205;432
205;433
205;434
206;47
206;150
206;152
206;154
206;155
206;156
206;157
206;158
206;159
206;160
206;161
206;162
206;163
206;164
206;165
206;166
206;187
206;188
206;189
206;190
206;191
206;192
206;193
206;194
206;195
206;196
206;197
206;198
206;199
206;200
206;201
206;202
206;203
206;204
206;205
206;206
206;207
206;208
206;209
206;210
206;211
206;212
206;213
206;214
206;215
206;216
206;217
206;218
206;219
206;220
206;221
206;222
206;223
206;224
206;225
206;226
206;227
206;228
206;229
206;230
206;231
206;232
206;233
206;234
206;235
206;236
206;237
206;238
206;239
206;240
206;241
206;242
206;243
206;244
206;245
206;246
206;247
206;248
206;249
206;250
206;251
206;252
206;253
206;254
206;255
206;256
206;257
206;258
206;259
206;260
206;261
206;262
206;263
206;264
206;265
206;266
206;267
206;268
206;269
206;270
206;271
206;272
206;273
206;274
206;275
206;276
206;277
206;278
206;279
206;280
206;281
206;282
206;283
206;284
206;285
206;286
206;287
206;288
206;289
206;290
206;291
206;292
206;293
206;294
206;295
206;296
206;297
206;298
206;299
206;300
206;301
206;302
206;303
206;304
206;305
206;306
206;367
206;368
206;369
206;370
206;371
206;372
206;373
206;374
206;375
206;376
206;377
206;378
206;379
206;380
206;381
206;382
206;383
206;384
206;385
206;386
206;387
206;388
206;389
206;390
206;391
206;392
206;393
206;394
206;395
206;396
206;397
206;398
206;399
206;400
206;401
206;402
206;403
206;404
206;405
206;406
206;407
206;408
206;409
206;410
206;411
206;412
206;413
206;414
206;415
206;416
206;417
206;418
206;419
206;420
206;421
206;422
206;423
206;424
206;425
206;426
206;427
206;428
206;429
206;430
206;431
206;432
206;433
206;434
207;47
207;48
207;49
207;50
207;51
207;158
207;160
207;161
207;162
207;163
207;164
207;165
207;166
207;167
207;187
207;188
207;189
207;190
207;191
207;192
207;193
207;194
207;195
207;196
207;197
207;198
207;199
207;200
207;201
207;202
207;203
207;204
207;205
207;206
207;207
207;208
207;209
207;210
207;211
207;212
207;213
207;214
207;215
207;216
207;217
207;218
207;219
207;220
207;221
207;222
207;223
207;224
207;225
207;226
207;227
207;228
207;229
207;230
207;231
207;232
207;233
207;234
207;235
207;236
207;237
207;238
207;239
207;240
207;241
207;242
207;243
207;244
207;245
207;246
207;247
207;248
207;249
207;250
207;251
207;252
207;253
207;254
207;255
207;256
207;257
207;258
207;259
207;260
207;261
207;262
207;263
207;264
207;265
207;266
207;267
207;268
207;269
207;270
207;271
207;272
207;273
207;274
207;275
207;276
207;277
207;278
207;279
207;280
207;281
207;282
207;283
207;284
207;285
207;286
207;287
207;288
207;289
207;290
207;291
207;292
207;293
207;294
207;295
207;296
207;297
207;298
207;299
207;300
207;301
207;302
207;303
207;304
207;305
207;306
207;307
207;367
207;368
207;369
207;370
207;371
207;372
207;373
207;374
207;375
207;376
207;377
207;378
207;379
207;380
207;381
207;382
207;383
207;384
207;385
207;386
207;387
207;388
207;389
207;390
207;391
207;392
207;393
207;394
207;395
207;396
207;397
207;398
207;399
207;400
207;401
207;402
207;403
207;404
207;405
207;406
207;407
207;408
207;409
207;410
207;411
207;412
207;413
207;414
207;415
207;416
207;417
207;418
207;419
207;420
207;421
207;422
207;423
207;424
207;425
207;426
207;427
207;428
207;429
207;430
207;431
207;432
207;433
207;434
208;46
208;47
208;48
208;49
208;50
208;51
208;52
208;53
208;55
208;166
208;185
208;186
208;187
208;188
208;189
208;190
208;191
208;192
208;193
208;194
208;195
208;196
208;197
208;198
208;199
208;200
208;201
208;202
208;203
208;204
208;205
208;206
208;207
208;208
208;209
208;210
208;211
208;212
208;213
208;214
208;215
208;216
208;217
208;218
208;219
208;220
208;221
208;222
208;223
208;224
208;225
208;226
208;227
208;228
208;229
208;230
208;231
208;232
208;233
208;234
208;235
208;236
208;237
208;238
208;239
208;240
208;241
208;242
208;243
208;244
208;245
208;246
208;247
208;248
208;249
208;250
208;251
208;252
208;253
208;254
208;255
208;256
208;257
208;258
208;259
208;260
208;261
208;262
208;263
208;264
208;265
208;266
208;267
208;268
208;269
208;270
208;271
208;272
208;273
208;274
208;275
208;276
208;277
208;278
208;279
208;280
208;281
208;282
208;283
208;284
208;285
208;286
208;287
208;288
208;289
208;290
208;291
208;292
208;293
208;294
208;295
208;296
208;297
208;298
208;299
208;300
208;301
208;302
208;303
208;304
208;305
208;306
208;307
208;367
208;368
208;369
208;370
208;371
208;372
208;373
208;374
208;375
208;376
208;377
208;378
208;379
208;380
208;381
208;382
208;383
208;384
208;385
208;386
208;387
208;388
208;389
208;390
208;391
208;392
208;393
208;394
208;395
208;396
208;397
208;398
208;399
208;400
208;401
208;402
208;403
208;404
208;405
208;406
208;407
208;408
208;409
208;410
208;411
208;412
208;413
208;414
208;415
208;416
208;417
208;418
208;419
208;420
208;421
208;422
208;423
208;424
208;425
208;426
208;427
208;428
208;429
208;430
208;431
208;432
208;433
209;46
209;47
209;48
209;49
209;50
209;51
209;52
209;53
209;54
209;55
209;56
209;57
209;185
209;186
209;187
209;188
209;189
209;190
209;191
209;192
209;193
209;194
209;195
209;196
209;197
209;198
209;199
209;200
209;201
209;202
209;203
209;204
209;205
209;206
209;207
209;208
209;209
209;210
209;211
209;212
209;213
209;214
209;215
209;216
209;217
209;218
209;219
209;220
209;221
209;222
209;223
209;224
209;225
209;226
209;227
209;228
209;229
209;230
209;231
209;232
209;233
209;234
209;235
209;236
209;237
209;238
209;239
209;240
209;241
209;242
209;243
209;244
209;245
209;246
209;247
209;248
209;249
209;250
209;251
209;252
209;253
209;254
209;255
209;256
209;257
209;258
209;259
209;260
209;261
209;262
209;263
209;264
209;265
209;266
209;267
209;268
209;269
209;270
209;271
209;272
209;273
209;274
209;275
209;276
209;277
209;278
209;279
209;280
209;281
209;282
209;283
209;284
209;285
209;286
209;287
209;288
209;289
209;290
209;291
209;292
209;293
209;294
209;295
209;296
209;297
209;298
209;299
209;300
209;301
209;302
209;303
209;304
209;305
209;306
209;307
209;308
209;368
209;369
209;370
209;371
209;372
209;373
209;374
209;375
209;376
209;377
209;378
209;379
209;380
209;381
209;382
209;383
209;384
209;385
209;386
209;387
209;388
209;389
209;390
209;391
209;392
209;393
209;394
209;395
209;396
209;397
209;398
209;399
209;400
209;401
209;402
209;403
209;404
209;405
209;406
209;407
209;408
209;409
209;410
209;411
209;412
209;413
209;414
209;415
209;416
209;417
209;418
209;419
209;420
209;421
209;422
209;423
209;424
209;425
209;426
209;427
209;428
209;429
209;430
209;431
209;432
209;433
210;45
210;46
210;47
210;48
210;49
210;50
210;51
210;52
210;53
210;54
210;55
210;56
210;57
210;58
210;59
210;60
210;61
210;183
210;184
210;185
210;186
210;187
210;188
210;189
210;190
210;191
210;192
210;193
210;194
210;195
210;196
210;197
210;198
210;199
210;200
210;201
210;202
210;203
210;204
210;205
210;206
210;207
210;208
210;209
210;210
210;211
210;212
210;213
210;214
210;215
210;216
210;217
210;218
210;219
210;220
210;221
210;222
210;223
210;224
210;225
210;226
210;227
210;228
210;229
210;230
210;231
210;232
210;233
210;234
210;235
210;236
210;237
210;238
210;239
210;240
210;241
210;242
210;243
210;244
210;245
210;246
210;247
210;248
210;249
210;250
210;251
210;252
210;253
210;254
210;255
210;256
210;257
210;258
210;259
210;260
210;261
210;262
210;263
210;264
210;265
210;266
210;267
210;268
210;269
210;270
210;271
210;272
210;273
210;274
210;275
210;276
210;277
210;278
210;279
210;280
210;281
210;282
210;283
210;284
210;285
210;286
210;287
210;288
210;289
210;290
210;291
210;292
210;293
210;294
210;295
210;296
210;297
210;298
210;299
210;300
210;301
210;302
210;303
210;304
210;305
210;306
210;307
210;308
210;309
210;368
210;369
210;370
210;371
210;372
210;373
210;374
210;375
210;376
210;377
210;378
210;379
210;380
210;381
210;382
210;383
210;384
210;385
210;386
210;387
210;388
210;389
210;390
210;391
210;392
210;393
210;394
210;395
210;396
210;397
210;398
210;399
210;400
210;401
210;402
210;403
210;404
210;405
210;406
210;407
210;408
210;409
210;410
210;411
210;412
210;413
210;414
210;415
210;416
210;417
210;418
210;419
210;420
210;421
210;422
210;423
210;424
210;425
210;426
210;427
210;428
210;429
210;430
210;431
210;432
210;433
211;45
211;46
211;47
211;48
211;49
211;50
211;51
211;52
211;53
211;54
211;55
211;56
211;57
211;58
211;59
211;60
211;61
211;62
211;63
211;183
211;184
211;185
211;186
211;187
211;188
211;189
211;190
211;191
211;192
211;193
211;194
211;195
211;196
211;197
211;198
211;199
211;200
211;201
211;202
211;203
211;204
211;205
211;206
211;207
211;208
211;209
211;210
211;211
211;212
211;213
211;214
211;215
211;216
211;217
211;218
211;219
211;220
211;221
211;222
211;223
211;224
211;225
211;226
211;227
211;228
211;229
211;230
211;231
211;232
211;233
211;234
211;235
211;236
211;237
211;238
211;239
211;240
211;241
211;242
211;243
211;244
211;245
211;246
211;247
211;248
211;249
211;250
211;251
211;252
211;253
211;254
211;255
211;256
211;257
211;258
211;259
211;260
211;261
211;262
211;263
211;264
211;265
211;266
211;267
211;268
211;269
211;270
211;271
211;272
211;273
211;274
211;275
211;276
211;277
211;278
211;279
211;280
211;281
211;282
211;283
211;284
211;285
211;286
211;287
211;288
211;289
211;290
211;291
211;292
211;293
211;294
211;295
211;296
211;297
211;298
211;299
211;300
211;301
211;302
211;303
211;304
211;305
211;306
211;307
211;308
211;309
211;368
211;369
211;370
211;371
211;372
211;373
211;374
211;375
211;376
211;377
211;378
211;379
211;380
211;381
211;382
211;383
211;384
211;385
211;386
211;387
211;388
211;389
211;390
211;391
211;392
211;393
211;394
211;395
211;396
211;397
211;398
211;399
211;400
211;401
211;402
211;403
211;404
211;405
211;406
211;407
211;408
211;409
211;410
211;411
211;412
211;413
211;414
211;415
211;416
211;417
211;418
211;419
211;420
211;421
211;422
211;423
211;424
211;425
211;426
211;427
211;428
211;429
211;430
211;431
211;432
212;45
212;46
212;47
212;48
212;49
212;50
212;51
212;52
212;53
212;54
212;55
212;56
212;57
212;58
212;59
212;60
212;61
212;62
212;63
212;64
212;65
212;66
212;67
212;181
212;182
212;183
212;184
212;185
212;186
212;187
212;188
212;189
212;190
212;191
212;192
212;193
212;194
212;195
212;196
212;197
212;198
212;199
212;200
212;201
212;202
212;203
212;204
212;205
212;206
212;207
212;208
212;209
212;210
212;211
212;212
212;213
212;214
212;215
212;216
212;217
212;218
212;219
212;220
212;221
212;222
212;223
212;224
212;225
212;226
212;227
212;228
212;229
212;230
212;231
212;232
212;233
212;234
212;235
212;236
212;237
212;238
212;239
212;240
212;241
212;242
212;243
212;244
212;245
212;246
212;247
212;248
212;249
212;250
212;251
212;252
212;253
212;254
212;255
212;256
212;257
212;258
212;259
212;260
212;261
212;262
212;263
212;264
212;265
212;266
212;267
212;268
212;269
212;270
212;271
212;272
212;273
212;274
212;275
212;276
212;277
212;278
212;279
212;280
212;281
212;282
212;283
212;284
212;285
212;286
212;287
212;288
212;289
212;290
212;291
212;292
212;293
212;294
212;295
212;296
212;297
212;298
212;299
212;300
212;301
212;302
212;303
212;304
212;305
212;306
212;307
212;308
212;309
212;310
212;369
212;370
212;371
212;372
212;373
212;374
212;375
212;376
212;377
212;378
212;379
212;380
212;381
212;382
212;383
212;384
212;385
212;386
212;387
212;388
212;389
212;390
212;391
212;392
212;393
212;394
212;395
212;396
212;397
212;398
212;399
212;400
212;401
212;402
212;403
212;404
212;405
212;406
212;407
212;408
212;409
212;410
212;411
212;412
212;413
212;414
212;415
212;416
212;417
212;418
212;419
212;420
212;421
212;422
212;423
212;424
212;425
212;426
212;427
212;428
212;429
212;430
212;431
212;432
213;44
213;45
213;46
213;47
213;48
213;49
213;50
213;51
213;52
213;53
213;54
213;55
213;56
213;57
213;58
213;59
213;60
213;61
213;62
213;63
213;64
213;65
213;66
213;67
213;68
213;69
213;71
213;181
213;182
213;183
213;184
213;185
213;186
213;187
213;188
213;189
213;190
213;191
213;192
213;193
213;194
213;195
213;196
213;197
213;198
213;199
213;200
213;201
213;202
213;203
213;204
213;205
213;206
213;207
213;208
213;209
213;210
213;211
213;212
213;213
213;214
213;215
213;216
213;217
213;218
213;219
213;220
213;221
213;222
213;223
213;224
213;225
213;226
213;227
213;228
213;229
213;230
213;231
213;232
213;233
213;234
213;235
213;236
213;237
213;238
213;239
213;240
213;241
213;242
213;243
213;244
213;245
213;246
213;247
213;248
213;249
213;250
213;251
213;252
213;253
213;254
213;255
213;256
213;257
213;258
213;259
213;260
213;261
213;262
213;263
213;264
213;265
213;266
213;267
213;268
213;269
213;270
213;271
213;272
213;273
213;274
213;275
213;276
213;277
213;278
213;279
213;280
213;281
213;282
213;283
213;284
213;285
213;286
213;287
213;288
213;289
213;290
213;291
213;292
213;293
213;294
213;295
213;296
213;297
213;298
213;299
213;300
213;301
213;302
213;303
213;304
213;305
213;306
213;307
213;308
213;309
213;310
213;311
213;369
213;370
213;371
213;372
213;373
213;374
213;375
213;376
213;377
213;378
213;379
213;380
213;381
213;382
213;383
213;384
213;385
213;386
213;387
213;388
213;389
213;390
213;391
213;392
213;393
213;394
213;395
213;396
213;397
213;398
213;399
213;400
213;401
213;402
213;403
213;404
213;405
213;406
213;407
213;408
213;409
213;410
213;411
213;412
213;413
213;414
213;415
213;416
213;417
213;418
213;419
213;420
213;421
213;422
213;423
213;424
213;425
213;426
213;427
213;428
213;429
213;430
213;431
213;432
214;44
214;45
214;46
214;47
214;48
214;49
214;50
214;51
214;52
214;53
214;54
214;55
214;56
214;57
214;58
214;59
214;60
214;61
214;62
214;63
214;64
214;65
214;66
214;67
214;68
214;69
214;70
214;71
214;72
214;73
214;179
214;180
214;181
214;182
214;183
214;184
214;185
214;186
214;187
214;188
214;189
214;190
214;191
214;192
214;193
214;194
214;195
214;196
214;197
214;198
214;199
214;200
214;201
214;202
214;203
214;204
214;205
214;206
214;207
214;208
214;209
214;210
214;211
214;212
214;213
214;214
214;215
214;216
214;217
214;218
214;219
214;220
214;221
214;222
214;223
214;224
214;225
214;226
214;227
214;228
214;229
214;230
214;231
214;232
214;233
214;234
214;235
214;236
214;237
214;238
214;239
214;240
214;241
214;242
214;243
214;244
214;245
214;246
214;247
214;248
214;249
214;250
214;251
214;252
214;253
214;254
214;255
214;256
214;257
214;258
214;259
214;260
214;261
214;262
214;263
214;264
214;265
214;266
214;267
214;268
214;269
214;270
214;271
214;272
214;273
214;274
214;275
214;276
214;277
214;278
214;279
214;280
214;281
214;282
214;283
214;284
214;285
214;286
214;287
214;288
214;289
214;290
214;291
214;292
214;293
214;294
214;295
214;296
214;297
214;298
214;299
214;300
214;301
214;302
214;303
214;304
214;305
214;306
214;307
214;308
214;309
214;310
214;311
214;370
214;371
214;372
214;373
214;374
214;375
214;376
214;377
214;378
214;379
214;380
214;381
214;382
214;383
214;384
214;385
214;386
214;387
214;388
214;389
214;390
214;391
214;392
214;393
214;394
214;395
214;396
214;397
214;398
214;399
214;400
214;401
214;402
214;403
214;404
214;405
214;406
214;407
214;408
214;409
214;410
214;411
214;412
214;413
214;414
214;415
214;416
214;417
214;418
214;419
214;420
214;421
214;422
214;423
214;424
214;425
214;426
214;427
214;428
214;429
214;430
214;431
215;43
215;44
215;45
215;46
215;47
215;48
215;49
215;50
215;51
215;52
215;53
215;54
215;55
215;56
215;57
215;58
215;59
215;60
215;61
215;62
215;63
215;64
215;65
215;66
215;67
215;68
215;69
215;70
215;71
215;72
215;73
215;74
215;75
215;76
215;77
215;179
215;180
215;181
215;182
215;183
215;184
215;185
215;186
215;187
215;188
215;189
215;190
215;191
215;192
215;193
215;194
215;195
215;196
215;197
215;198
215;199
215;200
215;201
215;202
215;203
215;204
215;205
215;206
215;207
215;208
215;209
215;210
215;211
215;212
215;213
215;214
215;215
215;216
215;217
215;218
215;219
215;220
215;221
215;222
215;223
215;224
215;225
215;226
215;227
215;228
215;229
215;230
215;231
215;232
215;233
215;234
215;235
215;236
215;237
215;238
215;239
215;240
215;241
215;242
215;243
215;244
215;245
215;246
215;247
215;248
215;249
215;250
215;251
215;252
215;253
215;254
215;255
215;256
215;257
215;258
215;259
215;260
215;261
215;262
215;263
215;264
215;265
215;266
215;267
215;268
215;269
215;270
215;271
215;272
215;273
215;274
215;275
215;276
215;277
215;278
215;279
215;280
215;281
215;282
215;283
215;284
215;285
215;286
215;287
215;288
215;289
215;290
215;291
215;292
215;293
215;294
215;295
215;296
215;297
215;298
215;299
215;300
215;301
215;302
215;303
215;304
215;305
215;306
215;307
215;308
215;309
215;310
215;311
215;312
215;370
215;371
215;372
215;373
215;374
215;375
215;376
215;377
215;378
215;379
215;380
215;381
215;382
215;383
215;384
215;385
215;386
215;387
215;388
215;389
215;390
215;391
215;392
215;393
215;394
215;395
215;396
215;397
215;398
215;399
215;400
215;401
215;402
215;403
215;404
215;405
215;406
215;407
215;408
215;409
215;410
215;411
215;412
215;413
215;414
215;415
215;416
215;417
215;418
215;419
215;420
215;421
215;422
215;423
215;424
215;425
215;426
215;427
215;428
215;429
215;430
216;43
216;44
216;45
216;46
216;47
216;48
216;49
216;50
216;51
216;52
216;53
216;54
216;55
216;56
216;57
216;58
216;59
216;60
216;61
216;62
216;63
216;64
216;65
216;66
216;67
216;68
216;69
216;70
216;71
216;72
216;73
216;74
216;75
216;76
216;77
216;78
216;79
216;81
216;178
216;179
216;180
216;181
216;182
216;183
216;184
216;185
216;186
216;187
216;188
216;189
216;190
216;191
216;192
216;193
216;194
216;195
216;196
216;197
216;198
216;199
216;200
216;201
216;202
216;203
216;204
216;205
216;206
216;207
216;208
216;209
216;210
216;211
216;212
216;213
216;214
216;215
216;216
216;217
216;218
216;219
216;220
216;221
216;222
216;223
216;224
216;225
216;226
216;227
216;228
216;229
216;230
216;231
216;232
216;233
216;234
216;235
216;236
216;237
216;238
216;239
216;240
216;241
216;242
216;243
216;244
216;245
216;246
216;247
216;248
216;249
216;250
216;251
216;252
216;253
216;254
216;255
216;256
216;257
216;258
216;259
216;260
216;261
216;262
216;263
216;264
216;265
216;266
216;267
216;268
216;269
216;270
216;271
216;272
216;273
216;274
216;275
216;276
216;277
216;278
216;279
216;280
216;281
216;282
216;283
216;284
216;285
216;286
216;287
216;288
216;289
216;290
216;291
216;292
216;293
216;294
216;295
216;296
216;297
216;298
216;299
216;300
216;301
216;302
216;303
216;304
216;305
216;306
216;307
216;308
216;309
216;310
216;311
216;312
216;313
216;371
216;372
216;373
216;374
216;375
216;376
216;377
216;378
216;379
216;380
216;381
216;382
216;383
216;384
216;385
216;386
216;387
216;388
216;389
216;390
216;391
216;392
216;393
216;394
216;395
216;396
216;397
216;398
216;399
216;400
216;401
216;402
216;403
216;404
216;405
216;406
216;407
216;408
216;409
216;410
216;411
216;412
216;413
216;414
216;415
216;416
216;417
216;418
216;419
216;420
216;421
216;422
216;423
216;424
216;425
216;426
216;427
216;428
216;429
216;430
217;43
217;44
217;45
217;46
217;47
217;48
217;49
217;50
217;51
217;52
217;53
217;54
217;55
217;56
217;57
217;58
217;59
217;60
217;61
217;62
217;63
217;64
217;65
217;66
217;67
217;68
217;69
217;70
217;71
217;72
217;73
217;74
217;75
217;76
217;77
217;78
217;79
217;80
217;81
217;82
217;83
217;177
217;178
217;179
217;180
217;181
217;182
217;183
217;184
217;185
217;186
217;187
217;188
217;189
217;190
217;191
217;192
217;193
217;194
217;195
217;196
217;197
217;198
217;199
217;200
217;201
217;202
217;203
217;204
217;205
217;206
217;207
217;208
217;209
217;210
217;211
217;212
217;213
217;214
217;215
217;216
217;217
217;218
217;219
217;220
217;221
217;222
217;223
217;224
217;225
217;226
217;227
217;228
217;229
217;230
217;231
217;232
217;233
217;234
217;235
217;236
217;237
217;238
217;239
217;240
217;241
217;242
217;243
217;244
217;245
217;246
217;247
217;248
217;249
217;250
217;251
217;252
217;253
217;254
217;255
217;256
217;257
217;258
217;259
217;260
217;261
217;262
217;263
217;264
217;265
217;266
217;267
217;268
217;269
217;270
217;271
217;272
217;273
217;274
217;275
217;276
217;277
217;278
217;279
217;280
217;281
217;282
217;283
217;284
217;285
217;286
217;287
217;288
217;289
217;290
217;291
217;292
217;293
217;294
217;295
217;296
217;297
217;298
217;299
217;300
217;301
217;302
217;303
217;304
217;305
217;306
217;307
217;308
217;309
217;310
217;311
217;312
217;313
217;372
217;373
217;374
217;375
217;376
217;377
217;378
217;379
217;380
217;381
217;382
217;383
217;384
217;385
217;386
217;387
217;388
217;389
217;390
217;391
217;392
217;393
217;394
217;395
217;396
217;397
217;398
217;399
217;400
217;401
217;402
217;403
217;404
217;405
217;406
217;407
217;408
217;409
217;410
217;411
217;412
217;413
217;414
217;415
217;416
217;417
217;418
217;419
217;420
217;421
217;422
217;423
217;424
217;425
217;426
217;427
217;428
217;429
218;42
218;43
218;44
218;45
218;46
218;47
218;48
218;49
218;50
218;51
218;52
218;53
218;54
218;55
218;56
218;57
218;58
218;59
218;60
218;61
218;62
218;63
218;64
218;65
218;66
218;67
218;68
218;69
218;70
218;71
218;72
218;73
218;74
218;75
218;76
218;77
218;78
218;79
218;80
218;81
218;82
218;83
218;84
218;85
218;87
218;176
218;177
218;178
218;179
218;180
218;181
218;182
218;183
218;184
218;185
218;186
218;187
218;188
218;189
218;190
218;191
218;192
218;193
218;194
218;195
218;196
218;197
218;198
218;199
218;200
218;201
218;202
218;203
218;204
218;205
218;206
218;207
218;208
218;209
218;210
218;211
218;212
218;213
218;214
218;215
218;216
218;217
218;218
218;219
218;220
218;221
218;222
218;223
218;224
218;225
218;226
218;227
218;228
218;229
218;230
218;231
218;232
218;233
218;234
218;235
218;236
218;237
218;238
218;239
218;240
218;241
218;242
218;243
218;244
218;245
218;246
218;247
218;248
218;249
218;250
218;251
218;252
218;253
218;254
218;255
218;256
218;257
218;258
218;259
218;260
218;261
218;262
218;263
218;264
218;265
218;266
218;267
218;268
218;269
218;270
218;271
218;272
218;273
218;274
218;275
218;276
218;277
218;278
218;279
218;280
218;281
218;282
218;283
218;284
218;285
218;286
218;287
218;288
218;289
218;290
218;291
218;292
218;293
218;294
218;295
218;296
218;297
218;298
218;299
218;300
218;301
218;302
218;303
218;304
218;305
218;306
218;307
218;308
218;309
218;310
218;311
218;312
218;313
218;314
218;372
218;373
218;374
218;375
218;376
218;377
218;378
218;379
218;380
218;381
218;382
218;383
218;384
218;385
218;386
218;387
218;388
218;389
218;390
218;391
218;392
218;393
218;394
218;395
218;396
218;397
218;398
218;399
218;400
218;401
218;402
218;403
218;404
218;405
218;406
218;407
218;408
218;409
218;410
218;411
218;412
218;413
218;414
218;415
218;416
218;417
218;418
218;419
218;420
218;421
218;422
218;423
218;424
218;425
218;426
218;427
218;428
219;42
219;43
219;44
219;45
219;46
219;47
219;48
219;49
219;50
219;51
219;52
219;53
219;54
219;55
219;56
219;57
219;58
219;59
219;60
219;61
219;62
219;63
219;64
219;65
219;66
219;67
219;68
219;69
219;70
219;71
219;72
219;73
219;74
219;75
219;76
219;77
219;78
219;79
219;80
219;81
219;82
219;83
219;84
219;85
219;86
219;87
219;175
219;176
219;177
219;178
219;179
219;180
219;181
219;182
219;183
219;184
219;185
219;186
219;187
219;188
219;189
219;190
219;191
219;192
219;193
219;194
219;195
219;196
219;197
219;198
219;199
219;200
219;201
219;202
219;203
219;204
219;205
219;206
219;207
219;208
219;209
219;210
219;211
219;212
219;213
219;214
219;215
219;216
219;217
219;218
219;219
219;220
219;221
219;222
219;223
219;224
219;225
219;226
219;227
219;228
219;229
219;230
219;231
219;232
219;233
219;234
219;235
219;236
219;237
219;238
219;239
219;240
219;241
219;242
219;243
219;244
219;245
219;246
219;247
219;248
219;249
219;250
219;251
219;252
219;253
219;254
219;255
219;256
219;257
219;258
219;259
219;260
219;261
219;262
219;263
219;264
219;265
219;266
219;267
219;268
219;269
219;270
219;271
219;272
219;273
219;274
219;275
219;276
219;277
219;278
219;279
219;280
219;281
219;282
219;283
219;284
219;285
219;286
219;287
219;288
219;289
219;290
219;291
219;292
219;293
219;294
219;295
219;296
219;297
219;298
219;299
219;300
219;301
219;302
219;303
219;304
219;305
219;306
219;307
219;308
219;309
219;310
219;311
219;312
219;313
219;314
219;315
219;373
219;374
219;375
219;376
219;377
219;378
219;379
219;380
219;381
219;382
219;383
219;384
219;385
219;386
219;387
219;388
219;389
219;390
219;391
219;392
219;393
219;394
219;395
219;396
219;397
219;398
219;399
219;400
219;401
219;402
219;403
219;404
219;405
219;406
219;407
219;408
219;409
219;410
219;411
219;412
219;413
219;414
219;415
219;416
219;417
219;418
219;419
219;420
219;421
219;422
219;423
219;424
219;425
219;426
219;427
219;428
220;41
220;42
220;43
220;44
220;45
220;46
220;47
220;48
220;49
220;50
220;51
220;52
220;53
220;54
220;55
220;56
220;57
220;58
220;59
220;60
220;61
220;62
220;63
220;64
220;65
220;66
220;67
220;68
220;69
220;70
220;71
220;72
220;73
220;74
220;75
220;76
220;77
220;78
220;79
220;80
220;81
220;82
220;83
220;84
220;85
220;86
220;174
220;175
220;176
220;177
220;178
220;179
220;180
220;181
220;182
220;183
220;184
220;185
220;186
220;187
220;188
220;189
220;190
220;191
220;192
220;193
220;194
220;195
220;196
220;197
220;198
220;199
220;200
220;201
220;202
220;203
220;204
220;205
220;206
220;207
220;208
220;209
220;210
220;211
220;212
220;213
220;214
220;215
220;216
220;217
220;218
220;219
220;220
220;221
220;222
220;223
220;224
220;225
220;226
220;227
220;228
220;229
220;230
220;231
220;232
220;233
220;234
220;235
220;236
220;237
220;238
220;239
220;240
220;241
220;242
220;243
220;244
220;245
220;246
220;247
220;248
220;249
220;250
220;251
220;252
220;253
220;254
220;255
220;256
220;257
220;258
220;259
220;260
220;261
220;262
220;263
220;264
220;265
220;266
220;267
220;268
220;269
220;270
220;271
220;272
220;273
220;274
220;275
220;276
220;277
220;278
220;279
220;280
220;281
220;282
220;283
220;284
220;285
220;286
220;287
220;288
220;289
220;290
220;291
220;292
220;293
220;294
220;295
220;296
220;297
220;298
220;299
220;300
220;301
220;302
220;303
220;304
220;305
220;306
220;307
220;308
220;309
220;310
220;311
220;312
220;313
220;314
220;315
220;374
220;375
220;376
220;377
220;378
220;379
220;380
220;381
220;382
220;383
220;384
220;385
220;386
220;387
220;388
220;389
220;390
220;391
220;392
220;393
220;394
220;395
220;396
220;397
220;398
220;399
220;400
220;401
220;402
220;403
220;404
220;405
220;406
220;407
220;408
220;409
220;410
220;411
220;412
220;413
220;414
220;415
220;416
220;417
220;418
220;419
220;420
220;421
220;422
220;423
220;424
220;425
220;426
220;427
221;41
221;42
221;43
221;44
221;45
221;46
221;47
221;48
221;49
221;50
221;51
221;52
221;53
221;54
221;55
221;56
221;57
221;58
221;59
221;60
221;61
221;62
221;63
221;64
221;65
221;66
221;67
221;68
221;69
221;70
221;71
221;72
221;73
221;74
221;75
221;76
221;77
221;78
221;79
221;80
221;81
221;82
221;83
221;84
221;85
221;86
221;173
221;174
221;175
221;176
221;177
221;178
221;179
221;180
221;181
221;182
221;183
221;184
221;185
221;186
221;187
221;188
221;189
221;190
221;191
221;192
221;193
221;194
221;195
221;196
221;197
221;198
221;199
221;200
221;201
221;202
221;203
221;204
221;205
221;206
221;207
221;208
221;209
221;210
221;211
221;212
221;213
221;214
221;215
221;216
221;217
221;218
221;219
221;220
221;221
221;222
221;223
221;224
221;225
221;226
221;227
221;228
221;229
221;230
221;231
221;232
221;233
221;234
221;235
221;236
221;237
221;238
221;239
221;240
221;241
221;242
221;243
221;244
221;245
221;246
221;247
221;248
221;249
221;250
221;251
221;252
221;253
221;254
221;255
221;256
221;257
221;258
221;259
221;260
221;261
221;262
221;263
221;264
221;265
221;266
221;267
221;268
221;269
221;270
221;271
221;272
221;273
221;274
221;275
221;276
221;277
221;278
221;279
221;280
221;281
221;282
221;283
221;284
221;285
221;286
221;287
221;288
221;289
221;290
221;291
221;292
221;293
221;294
221;295
221;296
221;297
221;298
221;299
221;300
221;301
221;302
221;303
221;304
221;305
221;306
221;307
221;308
221;309
221;310
221;311
221;312
221;313
221;314
221;315
221;316
221;375
221;376
221;377
221;378
221;379
221;380
221;381
221;382
221;383
221;384
221;385
221;386
221;387
221;388
221;389
221;390
221;391
221;392
221;393
221;394
221;395
221;396
221;397
221;398
221;399
221;400
221;401
221;402
221;403
221;404
221;405
221;406
221;407
221;408
221;409
221;410
221;411
221;412
221;413
221;414
221;415
221;416
221;417
221;418
221;419
221;420
221;421
221;422
221;423
221;424
221;425
221;426
222;41
222;42
222;43
222;44
222;45
222;46
222;47
222;48
222;49
222;50
222;51
222;52
222;53
222;54
222;55
222;56
222;57
222;58
222;59
222;60
222;61
222;62
222;63
222;64
222;65
222;66
222;67
222;68
222;69
222;70
222;71
222;72
222;73
222;74
222;75
222;76
222;77
222;78
222;79
222;80
222;81
222;82
222;83
222;84
222;85
222;86
222;172
222;173
222;174
222;175
222;176
222;177
222;178
222;179
222;180
222;181
222;182
222;183
222;184
222;185
222;186
222;187
222;188
222;189
222;190
222;191
222;192
222;193
222;194
222;195
222;196
222;197
222;198
222;199
222;200
222;201
222;202
222;203
222;204
222;205
222;206
222;207
222;208
222;209
222;210
222;211
222;212
222;213
222;214
222;215
222;216
222;217
222;218
222;219
222;220
222;221
222;222
222;223
222;224
222;225
222;226
222;227
222;228
222;229
222;230
222;231
222;232
222;233
222;234
222;235
222;236
222;237
222;238
222;239
222;240
222;241
222;242
222;243
222;244
222;245
222;246
222;247
222;248
222;249
222;250
222;251
222;252
222;253
222;254
222;255
222;256
222;257
222;258
222;259
222;260
222;261
222;262
222;263
222;264
222;265
222;266
222;267
222;268
222;269
222;270
222;271
222;272
222;273
222;274
222;275
222;276
222;277
222;278
222;279
222;280
222;281
222;282
222;283
222;284
222;285
222;286
222;287
222;288
222;289
222;290
222;291
222;292
222;293
222;294
222;295
222;296
222;297
222;298
222;299
222;300
222;301
222;302
222;303
222;304
222;305
222;306
222;307
222;308
222;309
222;310
222;311
222;312
222;313
222;314
222;315
222;316
222;317
222;376
222;377
222;378
222;379
222;380
222;381
222;382
222;383
222;384
222;385
222;386
222;387
222;388
222;389
222;390
222;391
222;392
222;393
222;394
222;395
222;396
222;397
222;398
222;399
222;400
222;401
222;402
222;403
222;404
222;405
222;406
222;407
222;408
222;409
222;410
222;411
222;412
222;413
222;414
222;415
222;416
222;417
222;418
222;419
222;420
222;421
222;422
222;423
222;424
223;40
223;41
223;42
223;43
223;44
223;45
223;46
223;47
223;48
223;49
223;50
223;51
223;52
223;53
223;54
223;55
223;56
223;57
223;58
223;59
223;60
223;61
223;62
223;63
223;64
223;65
223;66
223;67
223;68
223;69
223;70
223;71
223;72
223;73
223;74
223;75
223;76
223;77
223;78
223;79
223;80
223;81
223;82
223;83
223;84
223;85
223;171
223;172
223;173
223;174
223;175
223;176
223;177
223;178
223;179
223;180
223;181
223;182
223;183
223;184
223;185
223;186
223;187
223;188
223;189
223;190
223;191
223;192
223;193
223;194
223;195
223;196
223;197
223;198
223;199
223;200
223;201
223;202
223;203
223;204
223;205
223;206
223;207
223;208
223;209
223;210
223;211
223;212
223;213
223;214
223;215
223;216
223;217
223;218
223;219
223;220
223;221
223;222
223;223
223;224
223;225
223;226
223;227
223;228
223;229
223;230
223;231
223;232
223;233
223;234
223;235
223;236
223;237
223;238
223;239
223;240
223;241
223;242
223;243
223;244
223;245
223;246
223;247
223;248
223;249
223;250
223;251
223;252
223;253
223;254
223;255
223;256
223;257
223;258
223;259
223;260
223;261
223;262
223;263
223;264
223;265
223;266
223;267
223;268
223;269
223;270
223;271
223;272
223;273
223;274
223;275
223;276
223;277
223;278
223;279
223;280
223;281
223;282
223;283
223;284
223;285
223;286
223;287
223;288
223;289
223;290
223;291
223;292
223;293
223;294
223;295
223;296
223;297
223;298
223;299
223;300
223;301
223;302
223;303
223;304
223;305
223;306
223;307
223;308
223;309
223;310
223;311
223;312
223;313
223;314
223;315
223;316
223;317
223;378
223;379
223;380
223;381
223;382
223;383
223;384
223;385
223;386
223;387
223;388
223;389
223;390
223;391
223;392
223;393
223;394
223;395
223;396
223;397
223;398
223;399
223;400
223;401
223;402
223;403
223;404
223;405
223;406
223;407
223;408
223;409
223;410
223;411
223;412
223;413
223;414
223;415
223;416
223;417
223;418
223;419
223;420
223;421
223;422
223;423
223;424
224;40
224;41
224;42
224;43
224;44
224;45
224;46
224;47
224;48
224;49
224;50
224;51
224;52
224;53
224;54
224;55
224;56
224;57
224;58
224;59
224;60
224;61
224;62
224;63
224;64
224;65
224;66
224;67
224;68
224;69
224;70
224;71
224;72
224;73
224;74
224;75
224;76
224;77
224;78
224;79
224;80
224;81
224;82
224;83
224;84
224;85
224;170
224;171
224;172
224;173
224;174
224;175
224;176
224;177
224;178
224;179
224;180
224;181
224;182
224;183
224;184
224;185
224;186
224;187
224;188
224;189
224;190
224;191
224;192
224;193
224;194
224;195
224;196
224;197
224;198
224;199
224;200
224;201
224;202
224;203
224;204
224;205
224;206
224;207
224;208
224;209
224;210
224;211
224;212
224;213
224;214
224;215
224;216
224;217
224;218
224;219
224;220
224;221
224;222
224;223
224;224
224;225
224;226
224;227
224;228
224;229
224;230
224;231
224;232
224;233
224;234
224;235
224;236
224;237
224;238
224;239
224;240
224;241
224;242
224;243
224;244
224;245
224;246
224;247
224;248
224;249
224;250
224;251
224;252
224;253
224;254
224;255
224;256
224;257
224;258
224;259
224;260
224;261
224;262
224;263
224;264
224;265
224;266
224;267
224;268
224;269
224;270
224;271
224;272
224;273
224;274
224;275
224;276
224;277
224;278
224;279
224;280
224;281
224;282
224;283
224;284
224;285
224;286
224;287
224;288
224;289
224;290
224;291
224;292
224;293
224;294
224;295
224;296
224;297
224;298
224;299
224;300
224;301
224;302
224;303
224;304
224;305
224;306
224;307
224;308
224;309
224;310
224;311
224;312
224;313
224;314
224;315
224;316
224;317
224;318
224;378
224;379
224;380
224;381
224;382
224;383
224;384
224;385
224;386
224;387
224;388
224;389
224;390
224;391
224;392
224;393
224;394
224;395
224;396
224;397
224;398
224;399
224;400
224;401
224;402
224;403
224;404
224;405
224;406
224;407
224;408
224;409
224;410
224;411
224;412
224;413
224;414
224;415
224;416
224;417
224;418
224;419
224;420
224;421
224;422
225;39
225;40
225;41
225;42
225;43
225;44
225;45
225;46
225;47
225;48
225;49
225;50
225;51
225;52
225;53
225;54
225;55
225;56
225;57
225;58
225;59
225;60
225;61
225;62
225;63
225;64
225;65
225;66
225;67
225;68
225;69
225;70
225;71
225;72
225;73
225;74
225;75
225;76
225;77
225;78
225;79
225;80
225;81
225;82
225;83
225;84
225;169
225;170
225;171
225;172
225;173
225;174
225;175
225;176
225;177
225;178
225;179
225;180
225;181
225;182
225;183
225;184
225;185
225;186
225;187
225;188
225;189
225;190
225;191
225;192
225;193
225;194
225;195
225;196
225;197
225;198
225;199
225;200
225;201
225;202
225;203
225;204
225;205
225;206
225;207
225;208
225;209
225;210
225;211
225;212
225;213
225;214
225;215
225;216
225;217
225;218
225;219
225;220
225;221
225;222
225;223
225;224
225;225
225;226
225;227
225;228
225;229
225;230
225;231
225;232
225;233
225;234
225;235
225;236
225;237
225;238
225;239
225;240
225;241
225;242
225;243
225;244
225;245
225;246
225;247
225;248
225;249
225;250
225;251
225;252
225;253
225;254
225;255
225;256
225;257
225;258
225;259
225;260
225;261
225;262
225;263
225;264
225;265
225;266
225;267
225;268
225;269
225;270
225;271
225;272
225;273
225;274
225;275
225;276
225;277
225;278
225;279
225;280
225;281
225;282
225;283
225;284
225;285
225;286
225;287
225;288
225;289
225;290
225;291
225;292
225;293
225;294
225;295
225;296
225;297
225;298
225;299
225;300
225;301
225;302
225;303
225;304
225;305
225;306
225;307
225;308
225;309
225;310
225;311
225;312
225;313
225;314
225;315
225;316
225;317
225;318
225;319
225;380
225;381
225;382
225;383
225;384
225;385
225;386
225;387
225;388
225;389
225;390
225;391
225;392
225;393
225;394
225;395
225;396
225;397
225;398
225;399
225;400
225;401
225;402
225;403
225;404
225;405
225;406
225;407
225;408
225;409
225;410
225;411
225;412
225;413
225;414
225;415
225;416
225;417
225;418
225;419
225;420
225;421
226;39
226;40
226;41
226;42
226;43
226;44
226;45
226;46
226;47
226;48
226;49
226;50
226;51
226;52
226;53
226;54
226;55
226;56
226;57
226;58
226;59
226;60
226;61
226;62
226;63
226;64
226;65
226;66
226;67
226;68
226;69
226;70
226;71
226;72
226;73
226;74
226;75
226;76
226;77
226;78
226;79
226;80
226;81
226;82
226;83
226;84
226;168
226;169
226;170
226;171
226;172
226;173
226;174
226;175
226;176
226;177
226;178
226;179
226;180
226;181
226;182
226;183
226;184
226;185
226;186
226;187
226;188
226;189
226;190
226;191
226;192
226;193
226;194
226;195
226;196
226;197
226;198
226;199
226;200
226;201
226;202
226;203
226;204
226;205
226;206
226;207
226;208
226;209
226;210
226;211
226;212
226;213
226;214
226;215
226;216
226;217
226;218
226;219
226;220
226;221
226;222
226;223
226;224
226;225
226;226
226;227
226;228
226;229
226;230
226;231
226;232
226;233
226;234
226;235
226;236
226;237
226;238
226;239
226;240
226;241
226;242
226;243
226;244
226;245
226;246
226;247
226;248
226;249
226;250
226;251
226;252
226;253
226;254
226;255
226;256
226;257
226;258
226;259
226;260
226;261
226;262
226;263
226;264
226;265
226;266
226;267
226;268
226;269
226;270
226;271
226;272
226;273
226;274
226;275
226;276
226;277
226;278
226;279
226;280
226;281
226;282
226;283
226;284
226;285
226;286
226;287
226;288
226;289
226;290
226;291
226;292
226;293
226;294
226;295
226;296
226;297
226;298
226;299
226;300
226;301
226;302
226;303
226;304
226;305
226;306
226;307
226;308
226;309
226;310
226;311
226;312
226;313
226;314
226;315
226;316
226;317
226;318
226;319
226;382
226;383
226;384
226;385
226;386
226;387
226;388
226;389
226;390
226;391
226;392
226;393
226;394
226;395
226;396
226;397
226;398
226;399
226;400
226;401
226;402
226;403
226;404
226;405
226;406
226;407
226;408
226;409
226;410
226;411
226;412
226;413
226;414
226;415
226;416
226;417
226;418
226;419
226;420
227;38
227;39
227;40
227;41
227;42
227;43
227;44
227;45
227;46
227;47
227;48
227;49
227;50
227;51
227;52
227;53
227;54
227;55
227;56
227;57
227;58
227;59
227;60
227;61
227;62
227;63
227;64
227;65
227;66
227;67
227;68
227;69
227;70
227;71
227;72
227;73
227;74
227;75
227;76
227;77
227;78
227;79
227;80
227;81
227;82
227;83
227;84
227;167
227;168
227;169
227;170
227;171
227;172
227;173
227;174
227;175
227;176
227;177
227;178
227;179
227;180
227;181
227;182
227;183
227;184
227;185
227;186
227;187
227;188
227;189
227;190
227;191
227;192
227;193
227;194
227;195
227;196
227;197
227;198
227;199
227;200
227;201
227;202
227;203
227;204
227;205
227;206
227;207
227;208
227;209
227;210
227;211
227;212
227;213
227;214
227;215
227;216
227;217
227;218
227;219
227;220
227;221
227;222
227;223
227;224
227;225
227;226
227;227
227;228
227;229
227;230
227;231
227;232
227;233
227;234
227;235
227;236
227;237
227;238
227;239
227;240
227;241
227;242
227;243
227;244
227;245
227;246
227;247
227;248
227;249
227;250
227;251
227;252
227;253
227;254
227;255
227;256
227;257
227;258
227;259
227;260
227;261
227;262
227;263
227;264
227;265
227;266
227;267
227;268
227;269
227;270
227;271
227;272
227;273
227;274
227;275
227;276
227;277
227;278
227;279
227;280
227;281
227;282
227;283
227;284
227;285
227;286
227;287
227;288
227;289
227;290
227;291
227;292
227;293
227;294
227;295
227;296
227;297
227;298
227;299
227;300
227;301
227;302
227;303
227;304
227;305
227;306
227;307
227;308
227;309
227;310
227;311
227;312
227;313
227;314
227;315
227;316
227;317
227;318
227;319
227;320
227;321
227;384
227;385
227;386
227;387
227;388
227;389
227;390
227;391
227;392
227;393
227;394
227;395
227;396
227;397
227;398
227;399
227;400
227;401
227;402
227;403
227;404
227;405
227;406
227;407
227;408
227;409
227;410
227;411
227;412
227;413
227;414
227;415
227;416
227;417
227;418
228;38
228;39
228;40
228;41
228;42
228;43
228;44
228;45
228;46
228;47
228;48
228;49
228;50
228;51
228;52
228;53
228;54
228;55
228;56
228;57
228;58
228;59
228;60
228;61
228;62
228;63
228;64
228;65
228;66
228;67
228;68
228;69
228;70
228;71
228;72
228;73
228;74
228;75
228;76
228;77
228;78
228;79
228;80
228;81
228;82
228;83
228;166
228;167
228;168
228;169
228;170
228;171
228;172
228;173
228;174
228;175
228;176
228;177
228;178
228;179
228;180
228;181
228;182
228;183
228;184
228;185
228;186
228;187
228;188
228;189
228;190
228;191
228;192
228;193
228;194
228;195
228;196
228;197
228;198
228;199
228;200
228;201
228;202
228;203
228;204
228;205
228;206
228;207
228;208
228;209
228;210
228;211
228;212
228;213
228;214
228;215
228;216
228;217
228;218
228;219
228;220
228;221
228;222
228;223
228;224
228;225
228;226
228;227
228;228
228;229
228;230
228;231
228;232
228;233
228;234
228;235
228;236
228;237
228;238
228;239
228;240
228;241
228;242
228;243
228;244
228;245
228;246
228;247
228;248
228;249
228;250
228;251
228;252
228;253
228;254
228;255
228;256
228;257
228;258
228;259
228;260
228;261
228;262
228;263
228;264
228;265
228;266
228;267
228;268
228;269
228;270
228;271
228;272
228;273
228;274
228;275
228;276
228;277
228;278
228;279
228;280
228;281
228;282
228;283
228;284
228;285
228;286
228;287
228;288
228;289
228;290
228;291
228;292
228;293
228;294
228;295
228;296
228;297
228;298
228;299
228;300
228;301
228;302
228;303
228;304
228;305
228;306
228;307
228;308
228;309
228;310
228;311
228;312
228;313
228;314
228;315
228;316
228;317
228;318
228;319
228;320
228;321
228;386
228;387
228;388
228;389
228;390
228;391
228;392
228;393
228;394
228;395
228;396
228;397
228;398
228;399
228;400
228;401
228;402
228;403
228;404
228;405
228;406
228;407
228;408
228;409
228;410
228;411
228;412
228;413
228;414
228;415
228;416
229;37
229;38
229;39
229;40
229;41
229;42
229;43
229;44
229;45
229;46
229;47
229;48
229;49
229;50
229;51
229;52
229;53
229;54
229;55
229;56
229;57
229;58
229;59
229;60
229;61
229;62
229;63
229;64
229;65
229;66
229;67
229;68
229;69
229;70
229;71
229;72
229;73
229;74
229;75
229;76
229;77
229;78
229;79
229;80
229;81
229;82
229;83
229;165
229;166
229;167
229;168
229;169
229;170
229;171
229;172
229;173
229;174
229;175
229;176
229;177
229;178
229;179
229;180
229;181
229;182
229;183
229;184
229;185
229;186
229;187
229;188
229;189
229;190
229;191
229;192
229;193
229;194
229;195
229;196
229;197
229;198
229;199
229;200
229;201
229;202
229;203
229;204
229;205
229;206
229;207
229;208
229;209
229;210
229;211
229;212
229;213
229;214
229;215
229;216
229;217
229;218
229;219
229;220
229;221
229;222
229;223
229;224
229;225
229;226
229;227
229;228
229;229
229;230
229;231
229;232
229;233
229;234
229;235
229;236
229;237
229;238
229;239
229;240
229;241
229;242
229;243
229;244
229;245
229;246
229;247
229;248
229;249
229;250
229;251
229;252
229;253
229;254
229;255
229;256
229;257
229;258
229;259
229;260
229;261
229;262
229;263
229;264
229;265
229;266
229;267
229;268
229;269
229;270
229;271
229;272
229;273
229;274
229;275
229;276
229;277
229;278
229;279
229;280
229;281
229;282
229;283
229;284
229;285
229;286
229;287
229;288
229;289
229;290
229;291
229;292
229;293
229;294
229;295
229;296
229;297
229;298
229;299
229;300
229;301
229;302
229;303
229;304
229;305
229;306
229;307
229;308
229;309
229;310
229;311
229;312
229;313
229;314
229;315
229;316
229;317
229;318
229;319
229;320
229;321
229;322
229;388
229;389
229;390
229;391
229;392
229;393
229;394
229;395
229;396
229;397
229;398
229;399
229;400
229;401
229;402
229;403
229;404
229;405
229;406
229;407
229;408
229;409
229;410
229;411
229;412
229;414
230;37
230;38
230;39
230;40
230;41
230;42
230;43
230;44
230;45
230;46
230;47
230;48
230;49
230;50
230;51
230;52
230;53
230;54
230;55
230;56
230;57
230;58
230;59
230;60
230;61
230;62
230;63
230;64
230;65
230;66
230;67
230;68
230;69
230;70
230;71
230;72
230;73
230;74
230;75
230;76
230;77
230;78
230;79
230;80
230;81
230;82
230;164
230;165
230;166
230;167
230;168
230;169
230;170
230;171
230;172
230;173
230;174
230;175
230;176
230;177
230;178
230;179
230;180
230;181
230;182
230;183
230;184
230;185
230;186
230;187
230;188
230;189
230;190
230;191
230;192
230;193
230;194
230;195
230;196
230;197
230;198
230;199
230;200
230;201
230;202
230;203
230;204
230;205
230;206
230;207
230;208
230;209
230;210
230;211
230;212
230;213
230;214
230;215
230;216
230;217
230;218
230;219
230;220
230;221
230;222
230;223
230;224
230;225
230;226
230;227
230;228
230;229
230;230
230;231
230;232
230;233
230;234
230;235
230;236
230;237
230;238
230;239
230;240
230;241
230;242
230;243
230;244
230;245
230;246
230;247
230;248
230;249
230;250
230;251
230;252
230;253
230;254
230;255
230;256
230;257
230;258
230;259
230;260
230;261
230;262
230;263
230;264
230;265
230;266
230;267
230;268
230;269
230;270
230;271
230;272
230;273
230;274
230;275
230;276
230;277
230;278
230;279
230;280
230;281
230;282
230;283
230;284
230;285
230;286
230;287
230;288
230;289
230;290
230;291
230;292
230;293
230;294
230;295
230;296
230;297
230;298
230;299
230;300
230;301
230;302
230;303
230;304
230;305
230;306
230;307
230;308
230;309
230;310
230;311
230;312
230;313
230;314
230;315
230;316
230;317
230;318
230;319
230;320
230;321
230;322
230;323
230;390
230;392
230;393
230;394
230;395
230;396
230;397
230;398
230;399
230;400
230;401
230;402
230;403
230;404
230;405
230;406
230;407
230;408
230;409
230;410
231;37
231;38
231;39
231;40
231;41
231;42
231;43
231;44
231;45
231;46
231;47
231;48
231;49
231;50
231;51
231;52
231;53
231;54
231;55
231;56
231;57
231;58
231;59
231;60
231;61
231;62
231;63
231;64
231;65
231;66
231;67
231;68
231;69
231;70
231;71
231;72
231;73
231;74
231;75
231;76
231;77
231;78
231;79
231;80
231;81
231;82
231;168
231;170
231;171
231;172
231;173
231;174
231;175
231;176
231;177
231;178
231;179
231;180
231;181
231;182
231;183
231;184
231;185
231;186
231;187
231;188
231;189
231;190
231;191
231;192
231;193
231;194
231;195
231;196
231;197
231;198
231;199
231;200
231;201
231;202
231;203
231;204
231;205
231;206
231;207
231;208
231;209
231;210
231;211
231;212
231;213
231;214
231;215
231;216
231;217
231;218
231;219
231;220
231;221
231;222
231;223
231;224
231;225
231;226
231;227
231;228
231;229
231;230
231;231
231;232
231;233
231;234
231;235
231;236
231;237
231;238
231;239
231;240
231;241
231;242
231;243
231;244
231;245
231;246
231;247
231;248
231;249
231;250
231;251
231;252
231;253
231;254
231;255
231;256
231;257
231;258
231;259
231;260
231;261
231;262
231;263
231;264
231;265
231;266
231;267
231;268
231;269
231;270
231;271
231;272
231;273
231;274
231;275
231;276
231;277
231;278
231;279
231;280
231;281
231;282
231;283
231;284
231;285
231;286
231;287
231;288
231;289
231;290
231;291
231;292
231;293
231;294
231;295
231;296
231;297
231;298
231;299
231;300
231;301
231;302
231;303
231;304
231;305
231;306
231;307
231;308
231;309
231;310
231;311
231;312
231;313
231;314
231;315
231;316
231;317
231;318
231;319
231;320
231;321
231;322
231;323
231;396
231;398
231;400
231;402
231;404
231;406
232;36
232;37
232;38
232;39
232;40
232;41
232;42
232;43
232;44
232;45
232;46
232;47
232;48
232;49
232;50
232;51
232;52
232;53
232;54
232;55
232;56
232;57
232;58
232;59
232;60
232;61
232;62
232;63
232;64
232;65
232;66
232;67
232;68
232;69
232;70
232;71
232;72
232;73
232;74
232;75
232;76
232;77
232;78
232;79
232;80
232;81
232;82
232;174
232;176
232;177
232;178
232;179
232;180
232;181
232;182
232;183
232;184
232;185
232;186
232;187
232;188
232;189
232;190
232;191
232;192
232;193
232;194
232;195
232;196
232;197
232;198
232;199
232;200
232;201
232;202
232;203
232;204
232;205
232;206
232;207
232;208
232;209
232;210
232;211
232;212
232;213
232;214
232;215
232;216
232;217
232;218
232;219
232;220
232;221
232;222
232;223
232;224
232;225
232;226
232;227
232;228
232;229
232;230
232;231
232;232
232;233
232;234
232;235
232;236
232;237
232;238
232;239
232;240
232;241
232;242
232;243
232;244
232;245
232;246
232;247
232;248
232;249
232;250
232;251
232;252
232;253
232;254
232;255
232;256
232;257
232;258
232;259
232;260
232;261
232;262
232;263
232;264
232;265
232;266
232;267
232;268
232;269
232;270
232;271
232;272
232;273
232;274
232;275
232;276
232;277
232;278
232;279
232;280
232;281
232;282
232;283
232;284
232;285
232;286
232;287
232;288
232;289
232;290
232;291
232;292
232;293
232;294
232;295
232;296
232;297
232;298
232;299
232;300
232;301
232;302
232;303
232;304
232;305
232;306
232;307
232;308
232;309
232;310
232;311
232;312
232;313
232;314
232;315
232;316
232;317
232;318
232;319
232;320
232;321
232;322
232;323
232;324
233;36
233;37
233;38
233;39
233;40
233;41
233;42
233;43
233;44
233;45
233;46
233;47
233;48
233;49
233;50
233;51
233;52
233;53
233;54
233;55
233;56
233;57
233;58
233;59
233;60
233;61
233;62
233;63
233;64
233;65
233;66
233;67
233;68
233;69
233;70
233;71
233;72
233;73
233;74
233;75
233;76
233;77
233;78
233;79
233;80
233;81
233;182
233;184
233;185
233;186
233;187
233;188
233;189
233;190
233;191
233;192
233;193
233;194
233;195
233;196
233;197
233;198
233;199
233;200
233;201
233;202
233;203
233;204
233;205
233;206
233;207
233;208
233;209
233;210
233;211
233;212
233;213
233;214
233;215
233;216
233;217
233;218
233;219
233;220
233;221
233;222
233;223
233;224
233;225
233;226
233;227
233;228
233;229
233;230
233;231
233;232
233;233
233;234
233;235
233;236
233;237
233;238
233;239
233;240
233;241
233;242
233;243
233;244
233;245
233;246
233;247
233;248
233;249
233;250
233;251
233;252
233;253
233;254
233;255
233;256
233;257
233;258
233;259
233;260
233;261
233;262
233;263
233;264
233;265
233;266
233;267
233;268
233;269
233;270
233;271
233;272
233;273
233;274
233;275
233;276
233;277
233;278
233;279
233;280
233;281
233;282
233;283
233;284
233;285
233;286
233;287
233;288
233;289
233;290
233;291
233;292
233;293
233;294
233;295
233;296
233;297
233;298
233;299
233;300
233;301
233;302
233;303
233;304
233;305
233;306
233;307
233;308
233;309
233;310
233;311
233;312
233;313
233;314
233;315
233;316
233;317
233;318
233;319
233;320
233;321
233;322
233;323
233;324
234;35
234;36
234;37
234;38
234;39
234;40
234;41
234;42
234;43
234;44
234;45
234;46
234;47
234;48
234;49
234;50
234;51
234;52
234;53
234;54
234;55
234;56
234;57
234;58
234;59
234;60
234;61
234;62
234;63
234;64
234;65
234;66
234;67
234;68
234;69
234;70
234;71
234;72
234;73
234;74
234;75
234;76
234;77
234;78
234;79
234;80
234;81
234;188
234;190
234;191
234;192
234;193
234;194
234;195
234;196
234;197
234;198
234;199
234;200
234;201
234;202
234;203
234;204
234;205
234;206
234;207
234;208
234;209
234;210
234;211
234;212
234;213
234;214
234;215
234;216
234;217
234;218
234;219
234;220
234;221
234;222
234;223
234;224
234;225
234;226
234;227
234;228
234;229
234;230
234;231
234;232
234;233
234;234
234;235
234;236
234;237
234;238
234;239
234;240
234;241
234;242
234;243
234;244
234;245
234;246
234;247
234;248
234;249
234;250
234;251
234;252
234;253
234;254
234;255
234;256
234;257
234;258
234;259
234;260
234;261
234;262
234;263
234;264
234;265
234;266
234;267
234;268
234;269
234;270
234;271
234;272
234;273
234;274
234;275
234;276
234;277
234;278
234;279
234;280
234;281
234;282
234;283
234;284
234;285
234;286
234;287
234;288
234;289
234;290
234;291
234;292
234;293
234;294
234;295
234;296
234;297
234;298
234;299
234;300
234;301
234;302
234;303
234;304
234;305
234;306
234;307
234;308
234;309
234;310
234;311
234;312
234;313
234;314
234;315
234;316
234;317
234;318
234;319
234;320
234;321
234;322
235;35
235;36
235;37
235;38
235;39
235;40
235;41
235;42
235;43
235;44
235;45
235;46
235;47
235;48
235;49
235;50
235;51
235;52
235;53
235;54
235;55
235;56
235;57
235;58
235;59
235;60
235;61
235;62
235;63
235;64
235;65
235;66
235;67
235;68
235;69
235;70
235;71
235;72
235;73
235;74
235;75
235;76
235;77
235;78
235;79
235;80
235;99
235;100
235;101
235;194
235;196
235;197
235;198
235;199
235;200
235;201
235;202
235;203
235;204
235;205
235;206
235;207
235;208
235;209
235;210
235;211
235;212
235;213
235;214
235;215
235;216
235;217
235;218
235;219
235;220
235;221
235;222
235;223
235;224
235;225
235;226
235;227
235;228
235;229
235;230
235;231
235;232
235;233
235;234
235;235
235;236
235;237
235;238
235;239
235;240
235;241
235;242
235;243
235;244
235;245
235;246
235;247
235;248
235;249
235;250
235;251
235;252
235;253
235;254
235;255
235;256
235;257
235;258
235;259
235;260
235;261
235;262
235;263
235;264
235;265
235;266
235;267
235;268
235;269
235;270
235;271
235;272
235;273
235;274
235;275
235;276
235;277
235;278
235;279
235;280
235;281
235;282
235;283
235;284
235;285
235;286
235;287
235;288
235;289
235;290
235;291
235;292
235;293
235;294
235;295
235;296
235;297
235;298
235;299
235;300
235;301
235;302
235;303
235;304
235;305
235;306
235;307
235;308
235;309
235;310
235;311
235;312
235;313
235;314
235;315
235;316
235;317
235;318
235;319
235;320
236;35
236;36
236;37
236;38
236;39
236;40
236;41
236;42
236;43
236;44
236;45
236;46
236;47
236;48
236;49
236;50
236;51
236;52
236;53
236;54
236;55
236;56
236;57
236;58
236;59
236;60
236;61
236;62
236;63
236;64
236;65
236;66
236;67
236;68
236;69
236;70
236;71
236;72
236;73
236;74
236;75
236;76
236;77
236;78
236;79
236;80
236;97
236;98
236;99
236;100
236;101
236;200
236;202
236;203
236;204
236;205
236;206
236;207
236;208
236;209
236;210
236;211
236;212
236;213
236;214
236;215
236;216
236;217
236;218
236;219
236;220
236;221
236;222
236;223
236;224
236;225
236;226
236;227
236;228
236;229
236;230
236;231
236;232
236;233
236;234
236;235
236;236
236;237
236;238
236;239
236;240
236;241
236;242
236;243
236;244
236;245
236;246
236;247
236;248
236;249
236;250
236;251
236;252
236;253
236;254
236;255
236;256
236;257
236;258
236;259
236;260
236;261
236;262
236;263
236;264
236;265
236;266
236;267
236;268
236;269
236;270
236;271
236;272
236;273
236;274
236;275
236;276
236;277
236;278
236;279
236;280
236;281
236;282
236;283
236;284
236;285
236;286
236;287
236;288
236;289
236;290
236;291
236;292
236;293
236;294
236;295
236;296
236;297
236;298
236;299
236;300
236;301
236;302
236;303
236;304
236;305
236;306
236;307
236;308
236;309
236;310
236;311
236;312
236;313
236;314
236;315
236;316
236;317
236;318
237;34
237;35
237;36
237;37
237;38
237;39
237;40
237;41
237;42
237;43
237;44
237;45
237;46
237;47
237;48
237;49
237;50
237;51
237;52
237;53
237;54
237;55
237;56
237;57
237;58
237;59
237;60
237;61
237;62
237;63
237;64
237;65
237;66
237;67
237;68
237;69
237;70
237;71
237;72
237;73
237;74
237;75
237;76
237;77
237;78
237;79
237;80
237;95
237;96
237;97
237;98
237;99
237;100
237;101
237;102
237;206
237;208
237;210
237;211
237;212
237;213
237;214
237;215
237;216
237;217
237;218
237;219
237;220
237;221
237;222
237;223
237;224
237;225
237;226
237;227
237;228
237;229
237;230
237;231
237;232
237;233
237;234
237;235
237;236
237;237
237;238
237;239
237;240
237;241
237;242
237;243
237;244
237;245
237;246
237;247
237;248
237;249
237;250
237;251
237;252
237;253
237;254
237;255
237;256
237;257
237;258
237;259
237;260
237;261
237;262
237;263
237;264
237;265
237;266
237;267
237;268
237;269
237;270
237;271
237;272
237;273
237;274
237;275
237;276
237;277
237;278
237;279
237;280
237;281
237;282
237;283
237;284
237;285
237;286
237;287
237;288
237;289
237;290
237;291
237;292
237;293
237;294
237;295
237;296
237;297
237;298
237;299
237;300
237;301
237;302
237;303
237;304
237;305
237;306
237;307
237;308
237;309
237;310
237;311
237;312
237;313
237;314
237;315
237;316
238;34
238;35
238;36
238;37
238;38
238;39
238;40
238;41
238;42
238;43
238;44
238;45
238;46
238;47
238;48
238;49
238;50
238;51
238;52
238;53
238;54
238;55
238;56
238;57
238;58
238;59
238;60
238;61
238;62
238;63
238;64
238;65
238;66
238;67
238;68
238;69
238;70
238;71
238;72
238;73
238;74
238;75
238;76
238;77
238;78
238;79
238;93
238;94
238;95
238;96
238;97
238;98
238;99
238;100
238;101
238;102
238;103
238;214
238;216
238;217
238;218
238;219
238;220
238;221
238;222
238;223
238;224
238;225
238;226
238;227
238;228
238;229
238;230
238;231
238;232
238;233
238;234
238;235
238;236
238;237
238;238
238;239
238;240
238;241
238;242
238;243
238;244
238;245
238;246
238;247
238;248
238;249
238;250
238;251
238;252
238;253
238;254
238;255
238;256
238;257
238;258
238;259
238;260
238;261
238;262
238;263
238;264
238;265
238;266
238;267
238;268
238;269
238;270
238;271
238;272
238;273
238;274
238;275
238;276
238;277
238;278
238;279
238;280
238;281
238;282
238;283
238;284
238;285
238;286
238;287
238;288
238;289
238;290
238;291
238;292
238;293
238;294
238;295
238;296
238;297
238;298
238;299
238;300
238;301
238;302
238;303
238;304
238;305
238;306
238;307
238;308
238;309
238;310
238;311
238;312
238;313
238;314
238;315
239;33
239;34
239;35
239;36
239;37
239;38
239;39
239;40
239;41
239;42
239;43
239;44
239;45
239;46
239;47
239;48
239;49
239;50
239;51
239;52
239;53
239;54
239;55
239;56
239;57
239;58
239;59
239;60
239;61
239;62
239;63
239;64
239;65
239;66
239;67
239;68
239;69
239;70
239;71
239;72
239;73
239;74
239;75
239;76
239;77
239;78
239;79
239;91
239;92
239;93
239;94
239;95
239;96
239;97
239;98
239;99
239;100
239;101
239;102
239;103
239;220
239;222
239;223
239;224
239;225
239;226
239;227
239;228
239;229
239;230
239;231
239;232
239;233
239;234
239;235
239;236
239;237
239;238
239;239
239;240
239;241
239;242
239;243
239;244
239;245
239;246
239;247
239;248
239;249
239;250
239;251
239;252
239;253
239;254
239;255
239;256
239;257
239;258
239;259
239;260
239;261
239;262
239;263
239;264
239;265
239;266
239;267
239;268
239;269
239;270
239;271
239;272
239;273
239;274
239;275
239;276
239;277
239;278
239;279
239;280
239;281
239;282
239;283
239;284
239;285
239;286
239;287
239;288
239;289
239;290
239;291
239;292
239;293
239;294
239;295
239;296
239;297
239;298
239;299
239;300
239;301
239;302
239;303
239;304
239;305
239;306
239;307
239;308
239;309
239;310
239;311
239;312
239;313
239;314
240;33
240;34
240;35
240;36
240;37
240;38
240;39
240;40
240;41
240;42
240;43
240;44
240;45
240;46
240;47
240;48
240;49
240;50
240;51
240;52
240;53
240;54
240;55
240;56
240;57
240;58
240;59
240;60
240;61
240;62
240;63
240;64
240;65
240;66
240;67
240;68
240;69
240;70
240;71
240;72
240;73
240;74
240;75
240;76
240;77
240;78
240;89
240;90
240;91
240;92
240;93
240;94
240;95
240;96
240;97
240;98
240;99
240;100
240;101
240;102
240;103
240;104
240;105
240;226
240;228
240;229
240;230
240;231
240;232
240;233
240;234
240;235
240;236
240;237
240;238
240;239
240;240
240;241
240;242
240;243
240;244
240;245
240;246
240;247
240;248
240;249
240;250
240;251
240;252
240;253
240;254
240;255
240;256
240;257
240;258
240;259
240;260
240;261
240;262
240;263
240;264
240;265
240;266
240;267
240;268
240;269
240;270
240;271
240;272
240;273
240;274
240;275
240;276
240;277
240;278
240;279
240;280
240;281
240;282
240;283
240;284
240;285
240;286
240;287
240;288
240;289
240;290
240;291
240;292
240;293
240;294
240;295
240;296
240;297
240;298
240;299
240;300
240;301
240;302
240;303
240;304
240;305
240;306
240;307
240;308
240;309
240;310
240;311
240;312
241;33
241;34
241;35
241;36
241;37
241;38
241;39
241;40
241;41
241;42
241;43
241;44
241;45
241;46
241;47
241;48
241;49
241;50
241;51
241;52
241;53
241;54
241;55
241;56
241;57
241;58
241;59
241;60
241;61
241;62
241;63
241;64
241;65
241;66
241;67
241;68
241;69
241;70
241;71
241;72
241;73
241;74
241;75
241;76
241;77
241;78
241;87
241;88
241;89
241;90
241;91
241;92
241;93
241;94
241;95
241;96
241;97
241;98
241;99
241;100
241;101
241;102
241;103
241;104
241;105
241;232
241;234
241;236
241;237
241;238
241;239
241;240
241;241
241;242
241;243
241;244
241;245
241;246
241;247
241;248
241;249
241;250
241;251
241;252
241;253
241;254
241;255
241;256
241;257
241;258
241;259
241;260
241;261
241;262
241;263
241;264
241;265
241;266
241;267
241;268
241;269
241;270
241;271
241;272
241;273
241;274
241;275
241;276
241;277
241;278
241;279
241;280
241;281
241;282
241;283
241;284
241;285
241;286
241;287
241;288
241;289
241;290
241;291
241;292
241;293
241;294
241;295
241;296
241;297
241;298
241;299
241;300
241;301
241;302
241;303
241;304
241;305
241;306
241;307
241;308
241;309
241;310
242;34
242;36
242;37
242;38
242;39
242;40
242;41
242;42
242;43
242;44
242;45
242;46
242;47
242;48
242;49
242;50
242;51
242;52
242;53
242;54
242;55
242;56
242;57
242;58
242;59
242;60
242;61
242;62
242;63
242;64
242;65
242;66
242;67
242;68
242;69
242;70
242;71
242;72
242;73
242;74
242;75
242;76
242;77
242;78
242;87
242;88
242;89
242;90
242;91
242;92
242;93
242;94
242;95
242;96
242;97
242;98
242;99
242;100
242;101
242;102
242;103
242;104
242;105
242;106
242;240
242;242
242;243
242;244
242;245
242;246
242;247
242;248
242;249
242;250
242;251
242;252
242;253
242;254
242;255
242;256
242;257
242;258
242;259
242;260
242;261
242;262
242;263
242;264
242;265
242;266
242;267
242;268
242;269
242;270
242;271
242;272
242;273
242;274
242;275
242;276
242;277
242;278
242;279
242;280
242;281
242;282
242;283
242;284
242;285
242;286
242;287
242;288
242;289
242;290
242;291
242;292
242;293
242;294
242;295
242;296
242;297
242;298
242;299
242;300
242;301
242;302
242;303
242;304
242;305
242;306
242;307
242;308
243;38
243;39
243;40
243;41
243;42
243;43
243;44
243;45
243;46
243;47
243;48
243;49
243;50
243;51
243;52
243;53
243;54
243;55
243;56
243;57
243;58
243;59
243;60
243;61
243;62
243;63
243;64
243;65
243;66
243;67
243;68
243;69
243;70
243;71
243;72
243;73
243;74
243;75
243;76
243;77
243;85
243;86
243;87
243;88
243;89
243;90
243;91
243;92
243;93
243;94
243;95
243;96
243;97
243;98
243;99
243;100
243;101
243;102
243;103
243;104
243;105
243;106
243;107
243;244
243;245
243;246
243;247
243;248
243;249
243;250
243;251
243;252
243;253
243;254
243;255
243;256
243;257
243;258
243;259
243;260
243;261
243;262
243;263
243;264
243;265
243;266
243;267
243;268
243;269
243;270
243;271
243;272
243;273
243;274
243;275
243;276
243;277
243;278
243;279
243;280
243;281
243;282
243;283
243;284
243;285
243;286
243;287
243;288
243;289
243;290
243;291
243;292
243;293
243;294
243;295
243;296
243;297
243;298
243;299
243;300
243;301
243;302
243;303
243;304
243;305
243;306
244;42
244;43
244;44
244;45
244;46
244;47
244;48
244;49
244;50
244;51
244;52
244;53
244;54
244;55
244;56
244;57
244;58
244;59
244;60
244;61
244;62
244;63
244;64
244;65
244;66
244;67
244;68
244;69
244;70
244;71
244;72
244;73
244;74
244;75
244;76
244;77
244;83
244;84
244;85
244;86
244;87
244;88
244;89
244;90
244;91
244;92
244;93
244;94
244;95
244;96
244;97
244;98
244;99
244;100
244;101
244;102
244;103
244;104
244;105
244;106
244;107
244;245
244;246
244;247
244;248
244;249
244;250
244;251
244;252
244;253
244;254
244;255
244;256
244;257
244;258
244;259
244;260
244;261
244;262
244;263
244;264
244;265
244;266
244;267
244;268
244;269
244;270
244;271
244;272
244;273
244;274
244;275
244;276
244;277
244;278
244;279
244;280
244;281
244;282
244;283
244;284
244;285
244;286
244;287
244;288
244;289
244;290
244;291
244;292
244;293
244;294
244;295
244;296
244;297
244;298
244;299
244;300
244;301
244;302
244;303
244;304
245;44
245;46
245;47
245;48
245;49
245;50
245;51
245;52
245;53
245;54
245;55
245;56
245;57
245;58
245;59
245;60
245;61
245;62
245;63
245;64
245;65
245;66
245;67
245;68
245;69
245;70
245;71
245;72
245;73
245;74
245;75
245;76
245;81
245;82
245;83
245;84
245;85
245;86
245;87
245;88
245;89
245;90
245;91
245;92
245;93
245;94
245;95
245;96
245;97
245;98
245;99
245;100
245;101
245;102
245;103
245;104
245;105
245;106
245;107
245;108
245;246
245;247
245;248
245;249
245;250
245;251
245;252
245;253
245;254
245;255
245;256
245;257
245;258
245;259
245;260
245;261
245;262
245;263
245;264
245;265
245;266
245;267
245;268
245;269
245;270
245;271
245;272
245;273
245;274
245;275
245;276
245;277
245;278
245;279
245;280
245;281
245;282
245;283
245;284
245;285
245;286
245;287
245;288
245;289
245;290
245;291
245;292
245;293
245;294
245;295
245;296
245;297
245;298
245;299
245;300
245;301
245;302
246;48
246;49
246;50
246;51
246;52
246;53
246;54
246;55
246;56
246;57
246;58
246;59
246;60
246;61
246;62
246;63
246;64
246;65
246;66
246;67
246;68
246;69
246;70
246;71
246;72
246;73
246;74
246;75
246;76
246;79
246;80
246;81
246;82
246;83
246;84
246;85
246;86
246;87
246;88
246;89
246;90
246;91
246;92
246;93
246;94
246;95
246;96
246;97
246;98
246;99
246;100
246;101
246;102
246;103
246;104
246;105
246;106
246;107
246;108
246;109
246;246
246;247
246;248
246;249
246;250
246;251
246;252
246;253
246;254
246;255
246;256
246;257
246;258
246;259
246;260
246;261
246;262
246;263
246;264
246;265
246;266
246;267
246;268
246;269
246;270
246;271
246;272
246;273
246;274
246;275
246;276
246;277
246;278
246;279
246;280
246;281
246;282
246;283
246;284
246;285
246;286
246;287
246;288
246;289
246;290
246;291
246;292
246;293
246;294
246;295
246;296
246;297
246;298
246;299
246;300
247;52
247;53
247;54
247;55
247;56
247;57
247;58
247;59
247;60
247;61
247;62
247;63
247;64
247;65
247;66
247;67
247;68
247;69
247;70
247;71
247;72
247;73
247;74
247;75
247;76
247;77
247;78
247;79
247;80
247;81
247;82
247;83
247;84
247;85
247;86
247;87
247;88
247;89
247;90
247;91
247;92
247;93
247;94
247;95
247;96
247;97
247;98
247;99
247;100
247;101
247;102
247;103
247;104
247;105
247;106
247;107
247;108
247;109
247;110
247;247
247;248
247;249
247;250
247;251
247;252
247;253
247;254
247;255
247;256
247;257
247;258
247;259
247;260
247;261
247;262
247;263
247;264
247;265
247;266
247;267
247;268
247;269
247;270
247;271
247;272
247;273
247;274
247;275
247;276
247;277
247;278
247;279
247;280
247;281
247;282
247;283
247;284
247;285
247;286
247;287
247;288
247;289
247;290
247;291
247;292
247;293
247;294
247;295
247;296
247;297
247;298
248;54
248;55
248;56
248;57
248;58
248;59
248;60
248;61
248;62
248;63
248;64
248;65
248;66
248;67
248;68
248;69
248;70
248;71
248;72
248;73
248;74
248;75
248;76
248;77
248;78
248;79
248;80
248;81
248;82
248;83
248;84
248;85
248;86
248;87
248;88
248;89
248;90
248;91
248;92
248;93
248;94
248;95
248;96
248;97
248;98
248;99
248;100
248;101
248;102
248;103
248;104
248;105
248;106
248;107
248;108
248;109
248;110
248;111
248;248
248;249
248;250
248;251
248;252
248;253
248;254
248;255
248;256
248;257
248;258
248;259
248;260
248;261
248;262
248;263
248;264
248;265
248;266
248;267
248;268
248;269
248;270
248;271
248;272
248;273
248;274
248;275
248;276
248;277
248;278
248;279
248;280
248;281
248;282
248;283
248;284
248;285
248;286
248;287
248;288
248;289
248;290
248;291
248;292
248;293
248;294
248;295
248;296
249;58
249;59
249;60
249;61
249;62
249;63
249;64
249;65
249;66
249;67
249;68
249;69
249;70
249;71
249;72
249;73
249;74
249;75
249;76
249;77
249;78
249;79
249;80
249;81
249;82
249;83
249;84
249;85
249;86
249;87
249;88
249;89
249;90
249;91
249;92
249;93
249;94
249;95
249;96
249;97
249;98
249;99
249;100
249;101
249;102
249;103
249;104
249;105
249;106
249;107
249;108
249;109
249;110
249;111
249;248
249;249
249;250
249;251
249;252
249;253
249;254
249;255
249;256
249;257
249;258
249;259
249;260
249;261
249;262
249;263
249;264
249;265
249;266
249;267
249;268
249;269
249;270
249;271
249;272
249;273
249;274
249;275
249;276
249;277
249;278
249;279
249;280
249;281
249;282
249;283
249;284
249;285
249;286
249;287
249;288
249;289
249;290
249;291
249;292
249;293
249;294
250;60
250;62
250;63
250;64
250;65
250;66
250;67
250;68
250;69
250;70
250;71
250;72
250;73
250;74
250;75
250;76
250;77
250;78
250;79
250;80
250;81
250;82
250;83
250;84
250;85
250;86
250;87
250;88
250;89
250;90
250;91
250;92
250;93
250;94
250;95
250;96
250;97
250;98
250;99
250;100
250;101
250;102
250;103
250;104
250;105
250;106
250;107
250;108
250;109
250;110
250;111
250;112
250;249
250;250
250;251
250;252
250;253
250;254
250;255
250;256
250;257
250;258
250;259
250;260
250;261
250;262
250;263
250;264
250;265
250;266
250;267
250;268
250;269
250;270
250;271
250;272
250;273
250;274
250;275
250;276
250;277
250;278
250;279
250;280
250;281
250;282
250;283
250;284
250;285
250;286
250;287
250;288
250;289
250;290
250;291
250;292
251;64
251;65
251;66
251;67
251;68
251;69
251;70
251;71
251;72
251;73
251;74
251;75
251;76
251;77
251;78
251;79
251;80
251;81
251;82
251;83
251;84
251;85
251;86
251;87
251;88
251;89
251;90
251;91
251;92
251;93
251;94
251;95
251;96
251;97
251;98
251;99
251;100
251;101
251;102
251;103
251;104
251;105
251;106
251;107
251;108
251;109
251;110
251;111
251;112
251;113
251;250
251;251
251;252
251;253
251;254
251;255
251;256
251;257
251;258
251;259
251;260
251;261
251;262
251;263
251;264
251;265
251;266
251;267
251;268
251;269
251;270
251;271
251;272
251;273
251;274
251;275
251;276
251;277
251;278
251;279
251;280
251;281
251;282
251;283
251;284
251;285
251;286
251;287
251;288
251;289
251;290
252;68
252;69
252;70
252;71
252;72
252;73
252;74
252;75
252;76
252;77
252;78
252;79
252;80
252;81
252;82
252;83
252;84
252;85
252;86
252;87
252;88
252;89
252;90
252;91
252;92
252;93
252;94
252;95
252;96
252;97
252;98
252;99
252;100
252;101
252;102
252;103
252;104
252;105
252;106
252;107
252;108
252;109
252;110
252;111
252;112
252;113
252;250
252;251
252;252
252;253
252;254
252;255
252;256
252;257
252;258
252;259
252;260
252;261
252;262
252;263
252;264
252;265
252;266
252;267
252;268
252;269
252;270
252;271
252;272
252;273
252;274
252;275
252;276
252;277
252;278
252;279
252;280
252;281
252;282
252;283
252;284
252;285
252;286
252;287
252;288
253;67
253;68
253;69
253;70
253;71
253;72
253;73
253;74
253;75
253;76
253;77
253;78
253;79
253;80
253;81
253;82
253;83
253;84
253;85
253;86
253;87
253;88
253;89
253;90
253;91
253;92
253;93
253;94
253;95
253;96
253;97
253;98
253;99
253;100
253;101
253;102
253;103
253;104
253;105
253;106
253;107
253;108
253;109
253;110
253;111
253;112
253;113
253;114
253;115
253;252
253;253
253;254
253;255
253;256
253;257
253;258
253;259
253;260
253;261
253;262
253;263
253;264
253;265
253;266
253;267
253;268
253;269
253;270
253;271
253;272
253;273
253;274
253;275
253;276
253;277
253;278
253;279
253;280
253;281
253;282
253;283
253;284
253;285
253;286
254;65
254;66
254;67
254;68
254;69
254;70
254;71
254;72
254;73
254;74
254;75
254;76
254;77
254;78
254;79
254;80
254;81
254;82
254;83
254;84
254;85
254;86
254;87
254;88
254;89
254;90
254;91
254;92
254;93
254;94
254;95
254;96
254;97
254;98
254;99
254;100
254;101
254;102
254;103
254;104
254;105
254;106
254;107
254;108
254;109
254;110
254;111
254;112
254;113
254;114
254;115
254;252
254;253
254;254
254;255
254;256
254;257
254;258
254;259
254;260
254;261
254;262
254;263
254;264
254;265
254;266
254;267
254;268
254;269
254;270
254;271
254;272
254;273
254;274
254;275
254;276
254;277
254;278
254;279
254;280
254;281
254;282
254;283
254;284
255;63
255;64
255;65
255;66
255;67
255;68
255;69
255;70
255;71
255;72
255;73
255;74
255;75
255;76
255;77
255;78
255;79
255;80
255;81
255;82
255;83
255;84
255;85
255;86
255;87
255;88
255;89
255;90
255;91
255;92
255;93
255;94
255;95
255;96
255;97
255;98
255;99
255;100
255;101
255;102
255;103
255;104
255;105
255;106
255;107
255;108
255;109
255;110
255;111
255;112
255;113
255;114
255;115
255;116
255;253
255;254
255;255
255;256
255;257
255;258
255;259
255;260
255;261
255;262
255;263
255;264
255;265
255;266
255;267
255;268
255;269
255;270
255;271
255;272
255;273
255;274
255;275
255;276
255;277
255;278
255;279
255;280
255;281
255;282
256;63
256;64
256;65
256;66
256;67
256;68
256;69
256;70
256;71
256;72
256;73
256;74
256;75
256;76
256;77
256;78
256;79
256;80
256;81
256;82
256;83
256;84
256;85
256;86
256;87
256;88
256;89
256;90
256;91
256;92
256;93
256;94
256;95
256;96
256;97
256;98
256;99
256;100
256;101
256;102
256;103
256;104
256;105
256;106
256;107
256;108
256;109
256;110
256;111
256;112
256;113
256;114
256;115
256;116
256;117
256;254
256;255
256;256
256;257
256;258
256;259
256;260
256;261
256;262
256;263
256;264
256;265
256;266
256;267
256;268
256;269
256;270
256;271
256;272
256;273
256;274
256;275
256;276
256;277
256;278
256;279
256;280
257;62
257;63
257;64
257;65
257;66
257;67
257;68
257;69
257;70
257;71
257;72
257;73
257;74
257;75
257;76
257;77
257;78
257;79
257;80
257;81
257;82
257;83
257;84
257;85
257;86
257;87
257;88
257;89
257;90
257;91
257;92
257;93
257;94
257;95
257;96
257;97
257;98
257;99
257;100
257;101
257;102
257;103
257;104
257;105
257;106
257;107
257;108
257;109
257;110
257;111
257;112
257;113
257;114
257;115
257;116
257;117
257;254
257;255
257;256
257;257
257;258
257;259
257;260
257;261
257;262
257;263
257;264
257;265
257;266
257;267
257;268
257;269
257;270
257;271
257;272
257;273
257;274
257;275
257;276
257;277
257;278
258;64
258;65
258;66
258;67
258;68
258;69
258;70
258;71
258;72
258;73
258;74
258;75
258;76
258;77
258;78
258;79
258;80
258;81
258;82
258;83
258;84
258;85
258;86
258;87
258;88
258;89
258;90
258;91
258;92
258;93
258;94
258;95
258;96
258;97
258;98
258;99
258;100
258;101
258;102
258;103
258;104
258;105
258;106
258;107
258;108
258;109
258;110
258;111
258;112
258;113
258;114
258;115
258;116
258;117
258;118
258;255
258;256
258;257
258;258
258;259
258;260
258;261
258;262
258;263
258;264
258;265
258;266
258;267
258;268
258;269
258;270
258;271
258;272
258;273
258;274
258;275
258;276
259;64
259;65
259;66
259;67
259;68
259;69
259;70
259;71
259;72
259;73
259;74
259;75
259;76
259;77
259;78
259;79
259;80
259;81
259;82
259;83
259;84
259;85
259;86
259;87
259;88
259;89
259;90
259;91
259;92
259;93
259;94
259;95
259;96
259;97
259;98
259;99
259;100
259;101
259;102
259;103
259;104
259;105
259;106
259;107
259;108
259;109
259;110
259;111
259;112
259;113
259;114
259;115
259;116
259;117
259;118
259;119
259;256
259;257
259;258
259;259
259;260
259;261
259;262
259;263
259;264
259;265
259;266
259;267
259;268
259;269
259;270
259;271
259;272
259;273
259;274
260;65
260;66
260;67
260;68
260;69
260;70
260;71
260;72
260;73
260;74
260;75
260;76
260;77
260;78
260;79
260;80
260;81
260;82
260;83
260;84
260;85
260;86
260;87
260;88
260;89
260;90
260;91
260;92
260;93
260;94
260;95
260;96
260;97
260;98
260;99
260;100
260;101
260;102
260;103
260;104
260;105
260;106
260;107
260;108
260;109
260;110
260;111
260;112
260;113
260;114
260;115
260;116
260;117
260;118
260;119
260;120
260;256
260;257
260;258
260;259
260;260
260;261
260;262
260;263
260;264
260;265
260;266
260;267
260;268
260;269
260;270
260;271
260;272
261;66
261;67
261;68
261;69
261;70
261;71
261;72
261;73
261;74
261;75
261;76
261;77
261;78
261;79
261;80
261;81
261;82
261;83
261;84
261;85
261;86
261;87
261;88
261;89
261;90
261;91
261;92
261;93
261;94
261;95
261;96
261;97
261;98
261;99
261;100
261;101
261;102
261;103
261;104
261;105
261;106
261;107
261;108
261;109
261;110
261;111
261;112
261;113
261;114
261;115
261;116
261;117
261;118
261;119
261;120
261;121
261;257
261;258
261;259
261;260
261;261
261;262
261;263
261;264
261;265
261;266
261;267
261;268
261;269
261;270
262;66
262;67
262;68
262;69
262;70
262;71
262;72
262;73
262;74
262;75
262;76
262;77
262;78
262;79
262;80
262;81
262;82
262;83
262;84
262;85
262;86
262;87
262;88
262;89
262;90
262;91
262;92
262;93
262;94
262;95
262;96
262;97
262;98
262;99
262;100
262;101
262;102
262;103
262;104
262;105
262;106
262;107
262;108
262;109
262;110
262;111
262;112
262;113
262;114
262;115
262;116
262;117
262;118
262;119
262;120
262;121
262;258
262;259
262;260
262;261
262;262
262;263
262;264
262;265
262;266
262;267
262;268
263;67
263;68
263;69
263;70
263;71
263;72
263;73
263;74
263;75
263;76
263;77
263;78
263;79
263;80
263;81
263;82
263;83
263;84
263;85
263;86
263;87
263;88
263;89
263;90
263;91
263;92
263;93
263;94
263;95
263;96
263;97
263;98
263;99
263;100
263;101
263;102
263;103
263;104
263;105
263;106
263;107
263;108
263;109
263;110
263;111
263;112
263;113
263;114
263;115
263;116
263;117
263;118
263;119
263;120
263;121
263;122
263;258
263;259
263;260
263;261
263;262
263;263
263;264
263;265
263;266
264;68
264;69
264;70
264;71
264;72
264;73
264;74
264;75
264;76
264;77
264;78
264;79
264;80
264;81
264;82
264;83
264;84
264;85
264;86
264;87
264;88
264;89
264;90
264;91
264;92
264;93
264;94
264;95
264;96
264;97
264;98
264;99
264;100
264;101
264;102
264;103
264;104
264;105
264;106
264;107
264;108
264;109
264;110
264;111
264;112
264;113
264;114
264;115
264;116
264;117
264;118
264;119
264;120
264;121
264;122
264;123
264;259
264;260
264;261
264;262
264;263
264;264
265;69
265;70
265;71
265;72
265;73
265;74
265;75
265;76
265;77
265;78
265;79
265;80
265;81
265;82
265;83
265;84
265;85
265;86
265;87
265;88
265;89
265;90
265;91
265;92
265;93
265;94
265;95
265;96
265;97
265;98
265;99
265;100
265;101
265;102
265;103
265;104
265;105
265;106
265;107
265;108
265;109
265;110
265;111
265;112
265;113
265;114
265;115
265;116
265;117
265;118
265;119
265;120
265;121
265;122
265;123
265;124
265;260
265;261
265;262
266;70
266;71
266;72
266;73
266;74
266;75
266;76
266;77
266;78
266;79
266;80
266;81
266;82
266;83
266;84
266;85
266;86
266;87
266;88
266;89
266;90
266;91
266;92
266;93
266;94
266;95
266;96
266;97
266;98
266;99
266;100
266;101
266;102
266;103
266;104
266;105
266;106
266;107
266;108
266;109
266;110
266;111
266;112
266;113
266;114
266;115
266;116
266;117
266;118
266;119
266;120
266;121
266;122
266;123
266;124
266;125
266;260
267;70
267;71
267;72
267;73
267;74
267;75
267;76
267;77
267;78
267;79
267;80
267;81
267;82
267;83
267;84
267;85
267;86
267;87
267;88
267;89
267;90
267;91
267;92
267;93
267;94
267;95
267;96
267;97
267;98
267;99
267;100
267;101
267;102
267;103
267;104
267;105
267;106
267;107
267;108
267;109
267;110
267;111
267;112
267;113
267;114
267;115
267;116
267;117
267;118
267;119
267;120
267;121
267;122
267;123
267;124
267;125
268;71
268;72
268;73
268;74
268;75
268;76
268;77
268;78
268;79
268;80
268;81
268;82
268;83
268;84
268;85
268;86
268;87
268;88
268;89
268;90
268;91
268;92
268;93
268;94
268;95
268;96
268;97
268;98
268;99
268;100
268;101
268;102
268;103
268;104
268;105
268;106
268;107
268;108
268;109
268;110
268;111
268;112
268;113
268;114
268;115
268;116
268;117
268;118
268;119
268;120
268;121
268;122
268;123
268;124
269;72
269;73
269;74
269;75
269;76
269;77
269;78
269;79
269;80
269;81
269;82
269;83
269;84
269;85
269;86
269;87
269;88
269;89
269;90
269;91
269;92
269;93
269;94
269;95
269;96
269;97
269;98
269;99
269;100
269;101
269;102
269;103
269;104
269;105
269;106
269;107
269;108
269;109
269;110
269;111
269;112
269;113
269;114
269;115
269;116
269;117
269;118
269;119
269;120
269;121
269;122
270;73
270;74
270;75
270;76
270;77
270;78
270;79
270;80
270;81
270;82
270;83
270;84
270;85
270;86
270;87
270;88
270;89
270;90
270;91
270;92
270;93
270;94
270;95
270;96
270;97
270;98
270;99
270;100
270;101
270;102
270;103
270;104
270;105
270;106
270;107
270;108
270;109
270;110
270;111
270;112
270;113
270;114
270;115
270;116
270;117
270;118
270;119
270;120
271;74
271;75
271;76
271;77
271;78
271;79
271;80
271;81
271;82
271;83
271;84
271;85
271;86
271;87
271;88
271;89
271;90
271;91
271;92
271;93
271;94
271;95
271;96
271;97
271;98
271;99
271;100
271;101
271;102
271;103
271;104
271;105
271;106
271;107
271;108
271;109
271;110
271;111
271;112
271;113
271;114
271;115
271;116
271;117
271;118
272;74
272;75
272;76
272;77
272;78
272;79
272;80
272;81
272;82
272;83
272;84
272;85
272;86
272;87
272;88
272;89
272;90
272;91
272;92
272;93
272;94
272;95
272;96
272;97
272;98
272;99
272;100
272;101
272;102
272;103
272;104
272;105
272;106
272;107
272;108
272;109
272;110
272;111
272;112
272;113
272;114
272;115
272;116
273;75
273;76
273;77
273;78
273;79
273;80
273;81
273;82
273;83
273;84
273;85
273;86
273;87
273;88
273;89
273;90
273;91
273;92
273;93
273;94
273;95
273;96
273;97
273;98
273;99
273;100
273;101
273;102
273;103
273;104
273;105
273;106
273;107
273;108
273;109
273;110
273;111
273;112
273;113
273;114
273;115
273;116
273;389
273;391
273;393
273;395
273;396
273;397
273;399
273;401
273;403
274;76
274;77
274;78
274;79
274;80
274;81
274;82
274;83
274;84
274;85
274;86
274;87
274;88
274;89
274;90
274;91
274;92
274;93
274;94
274;95
274;96
274;97
274;98
274;99
274;100
274;101
274;102
274;103
274;104
274;105
274;106
274;107
274;108
274;109
274;110
274;111
274;112
274;113
274;114
274;385
274;386
274;387
274;388
274;389
274;390
274;391
274;392
274;393
274;394
274;395
274;396
274;397
274;398
274;399
274;400
274;401
274;402
274;403
274;404
274;405
274;406
274;407
274;409
275;76
275;77
275;78
275;79
275;80
275;81
275;82
275;83
275;84
275;85
275;86
275;87
275;88
275;89
275;90
275;91
275;92
275;93
275;94
275;95
275;96
275;97
275;98
275;99
275;100
275;101
275;102
275;103
275;104
275;105
275;106
275;107
275;108
275;109
275;110
275;111
275;112
275;381
275;382
275;383
275;384
275;385
275;386
275;387
275;388
275;389
275;390
275;391
275;392
275;393
275;394
275;395
275;396
275;397
275;398
275;399
275;400
275;401
275;402
275;403
275;404
275;405
275;406
275;407
275;408
275;409
275;410
275;411
275;412
275;413
276;78
276;79
276;80
276;81
276;82
276;83
276;84
276;85
276;86
276;87
276;88
276;89
276;90
276;91
276;92
276;93
276;94
276;95
276;96
276;97
276;98
276;99
276;100
276;101
276;102
276;103
276;104
276;105
276;106
276;107
276;108
276;109
276;110
276;377
276;379
276;380
276;381
276;382
276;383
276;384
276;385
276;386
276;387
276;388
276;389
276;390
276;391
276;392
276;393
276;394
276;395
276;396
276;397
276;398
276;399
276;400
276;401
276;402
276;403
276;404
276;405
276;406
276;407
276;408
276;409
276;410
276;411
276;412
276;413
276;414
276;415
277;78
277;79
277;80
277;81
277;82
277;83
277;84
277;85
277;86
277;87
277;88
277;89
277;90
277;91
277;92
277;93
277;94
277;95
277;96
277;97
277;98
277;99
277;100
277;101
277;102
277;103
277;104
277;105
277;106
277;107
277;108
277;375
277;376
277;377
277;378
277;379
277;380
277;381
277;382
277;383
277;384
277;385
277;386
277;387
277;388
277;389
277;390
277;391
277;392
277;393
277;394
277;395
277;396
277;397
277;398
277;399
277;400
277;401
277;402
277;403
277;404
277;405
277;406
277;407
277;408
277;409
277;410
277;411
277;412
277;413
277;414
277;415
277;416
277;417
277;418
277;419
278;79
278;80
278;81
278;82
278;83
278;84
278;85
278;86
278;87
278;88
278;89
278;90
278;91
278;92
278;93
278;94
278;95
278;96
278;97
278;98
278;99
278;100
278;101
278;102
278;103
278;104
278;105
278;106
278;373
278;374
278;375
278;376
278;377
278;378
278;379
278;380
278;381
278;382
278;383
278;384
278;385
278;386
278;387
278;388
278;389
278;390
278;391
278;392
278;393
278;394
278;395
278;396
278;397
278;398
278;399
278;400
278;401
278;402
278;403
278;404
278;405
278;406
278;407
278;408
278;409
278;410
278;411
278;412
278;413
278;414
278;415
278;416
278;417
278;418
278;419
278;420
278;421
279;80
279;81
279;82
279;83
279;84
279;85
279;86
279;87
279;88
279;89
279;90
279;91
279;92
279;93
279;94
279;95
279;96
279;97
279;98
279;99
279;100
279;101
279;102
279;103
279;104
279;371
279;372
279;373
279;374
279;375
279;376
279;377
279;378
279;379
279;380
279;381
279;382
279;383
279;384
279;385
279;386
279;387
279;388
279;389
279;390
279;391
279;392
279;393
279;394
279;395
279;396
279;397
279;398
279;399
279;400
279;401
279;402
279;403
279;404
279;405
279;406
279;407
279;408
279;409
279;410
279;411
279;412
279;413
279;414
279;415
279;416
279;417
279;418
279;419
279;420
279;421
279;422
279;423
280;80
280;81
280;82
280;83
280;84
280;85
280;86
280;87
280;88
280;89
280;90
280;91
280;92
280;93
280;94
280;95
280;96
280;97
280;98
280;99
280;100
280;101
280;102
280;103
280;369
280;370
280;371
280;372
280;373
280;374
280;375
280;376
280;377
280;378
280;379
280;380
280;381
280;382
280;383
280;384
280;385
280;386
280;387
280;388
280;389
280;390
280;391
280;392
280;393
280;394
280;395
280;396
280;397
280;398
280;399
280;400
280;401
280;402
280;403
280;404
280;405
280;406
280;407
280;408
280;409
280;410
280;411
280;412
280;413
280;414
280;415
280;416
280;417
280;418
280;419
280;420
280;421
280;422
280;423
280;424
280;425
281;81
281;82
281;83
281;84
281;85
281;86
281;87
281;88
281;89
281;90
281;91
281;92
281;93
281;94
281;95
281;96
281;97
281;98
281;99
281;100
281;101
281;102
281;367
281;368
281;369
281;370
281;371
281;372
281;373
281;374
281;375
281;376
281;377
281;378
281;379
281;380
281;381
281;382
281;383
281;384
281;385
281;386
281;387
281;388
281;389
281;390
281;391
281;392
281;393
281;394
281;395
281;396
281;397
281;398
281;399
281;400
281;401
281;402
281;403
281;404
281;405
281;406
281;407
281;408
281;409
281;410
281;411
281;412
281;413
281;414
281;415
281;416
281;417
281;418
281;419
281;420
281;421
281;422
281;423
281;424
281;425
281;426
281;427
282;82
282;83
282;84
282;85
282;86
282;87
282;88
282;89
282;90
282;91
282;92
282;93
282;94
282;95
282;96
282;97
282;98
282;99
282;100
282;365
282;366
282;367
282;368
282;369
282;370
282;371
282;372
282;373
282;374
282;375
282;376
282;377
282;378
282;379
282;380
282;381
282;382
282;383
282;384
282;385
282;386
282;387
282;388
282;389
282;390
282;391
282;392
282;393
282;394
282;395
282;396
282;397
282;398
282;399
282;400
282;401
282;402
282;403
282;404
282;405
282;406
282;407
282;408
282;409
282;410
282;411
282;412
282;413
282;414
282;415
282;416
282;417
282;418
282;419
282;420
282;421
282;422
282;423
282;424
282;425
282;426
282;427
282;428
282;523
282;525
282;527
283;83
283;84
283;85
283;86
283;87
283;88
283;89
283;90
283;91
283;92
283;93
283;94
283;95
283;96
283;97
283;98
283;365
283;366
283;367
283;368
283;369
283;370
283;371
283;372
283;373
283;374
283;375
283;376
283;377
283;378
283;379
283;380
283;381
283;382
283;383
283;384
283;385
283;386
283;387
283;388
283;389
283;390
283;391
283;392
283;393
283;394
283;395
283;396
283;397
283;398
283;399
283;400
283;401
283;402
283;403
283;404
283;405
283;406
283;407
283;408
283;409
283;410
283;411
283;412
283;413
283;414
283;415
283;416
283;417
283;418
283;419
283;420
283;421
283;422
283;423
283;424
283;425
283;426
283;427
283;428
283;429
283;519
283;521
283;522
283;523
283;524
283;525
283;526
283;527
283;528
283;529
283;530
283;531
284;84
284;85
284;86
284;87
284;88
284;89
284;90
284;91
284;92
284;93
284;94
284;95
284;96
284;363
284;364
284;365
284;366
284;367
284;368
284;369
284;370
284;371
284;372
284;373
284;374
284;375
284;376
284;377
284;378
284;379
284;380
284;381
284;382
284;383
284;384
284;385
284;386
284;387
284;388
284;389
284;390
284;391
284;392
284;393
284;394
284;395
284;396
284;397
284;398
284;399
284;400
284;401
284;402
284;403
284;404
284;405
284;406
284;407
284;408
284;409
284;410
284;411
284;412
284;413
284;414
284;415
284;416
284;417
284;418
284;419
284;420
284;421
284;422
284;423
284;424
284;425
284;426
284;427
284;428
284;429
284;430
284;431
284;517
284;518
284;519
284;520
284;521
284;522
284;523
284;524
284;525
284;526
284;527
284;528
284;529
284;530
284;531
284;532
284;533
285;84
285;85
285;86
285;87
285;88
285;89
285;90
285;91
285;92
285;93
285;94
285;361
285;362
285;363
285;364
285;365
285;366
285;367
285;368
285;369
285;370
285;371
285;372
285;373
285;374
285;375
285;376
285;377
285;378
285;379
285;380
285;381
285;382
285;383
285;384
285;385
285;386
285;387
285;388
285;389
285;390
285;391
285;392
285;393
285;394
285;395
285;396
285;397
285;398
285;399
285;400
285;401
285;402
285;403
285;404
285;405
285;406
285;407
285;408
285;409
285;410
285;411
285;412
285;413
285;414
285;415
285;416
285;417
285;418
285;419
285;420
285;421
285;422
285;423
285;424
285;425
285;426
285;427
285;428
285;429
285;430
285;431
285;432
285;516
285;517
285;518
285;519
285;520
285;521
285;522
285;523
285;524
285;525
285;526
285;527
285;528
285;529
285;530
285;531
285;532
285;533
285;534
285;535
286;85
286;86
286;87
286;88
286;89
286;90
286;91
286;92
286;361
286;362
286;363
286;364
286;365
286;366
286;367
286;368
286;369
286;370
286;371
286;372
286;373
286;374
286;375
286;376
286;377
286;378
286;379
286;380
286;381
286;382
286;383
286;384
286;385
286;386
286;387
286;388
286;389
286;390
286;391
286;392
286;393
286;394
286;395
286;396
286;397
286;398
286;399
286;400
286;401
286;402
286;403
286;404
286;405
286;406
286;407
286;408
286;409
286;410
286;411
286;412
286;413
286;414
286;415
286;416
286;417
286;418
286;419
286;420
286;421
286;422
286;423
286;424
286;425
286;426
286;427
286;428
286;429
286;430
286;431
286;432
286;433
286;515
286;516
286;517
286;518
286;519
286;520
286;521
286;522
286;523
286;524
286;525
286;526
286;527
286;528
286;529
286;530
286;531
286;532
286;533
286;534
286;535
286;536
287;86
287;87
287;88
287;89
287;90
287;91
287;359
287;360
287;361
287;362
287;363
287;364
287;365
287;366
287;367
287;368
287;369
287;370
287;371
287;372
287;373
287;374
287;375
287;376
287;377
287;378
287;379
287;380
287;381
287;382
287;383
287;384
287;385
287;386
287;387
287;388
287;389
287;390
287;391
287;392
287;393
287;394
287;395
287;396
287;397
287;398
287;399
287;400
287;401
287;402
287;403
287;404
287;405
287;406
287;407
287;408
287;409
287;410
287;411
287;412
287;413
287;414
287;415
287;416
287;417
287;418
287;419
287;420
287;421
287;422
287;423
287;424
287;425
287;426
287;427
287;428
287;429
287;430
287;431
287;432
287;433
287;434
287;435
287;513
287;514
287;515
287;516
287;517
287;518
287;519
287;520
287;521
287;522
287;523
287;524
287;525
287;526
287;527
287;528
287;529
287;530
287;531
287;532
287;533
287;534
287;535
287;536
288;87
288;88
288;89
288;90
288;358
288;359
288;360
288;361
288;362
288;363
288;364
288;365
288;366
288;367
288;368
288;369
288;370
288;371
288;372
288;373
288;374
288;375
288;376
288;377
288;378
288;379
288;380
288;381
288;382
288;383
288;384
288;385
288;386
288;387
288;388
288;389
288;390
288;391
288;392
288;393
288;394
288;395
288;396
288;397
288;398
288;399
288;400
288;401
288;402
288;403
288;404
288;405
288;406
288;407
288;408
288;409
288;410
288;411
288;412
288;413
288;414
288;415
288;416
288;417
288;418
288;419
288;420
288;421
288;422
288;423
288;424
288;425
288;426
288;427
288;428
288;429
288;430
288;431
288;432
288;433
288;434
288;435
288;436
288;437
288;438
288;439
288;513
288;514
288;515
288;516
288;517
288;518
288;519
288;520
288;521
288;522
288;523
288;524
288;525
288;526
288;527
288;528
288;529
288;530
288;531
288;532
288;533
288;534
288;535
288;536
289;88
289;357
289;358
289;359
289;360
289;361
289;362
289;363
289;364
289;365
289;366
289;367
289;368
289;369
289;370
289;371
289;372
289;373
289;374
289;375
289;376
289;377
289;378
289;379
289;380
289;381
289;382
289;383
289;384
289;385
289;386
289;387
289;388
289;389
289;390
289;391
289;392
289;393
289;394
289;395
289;396
289;397
289;398
289;399
289;400
289;401
289;402
289;403
289;404
289;405
289;406
289;407
289;408
289;409
289;410
289;411
289;412
289;413
289;414
289;415
289;416
289;417
289;418
289;419
289;420
289;421
289;422
289;423
289;424
289;425
289;426
289;427
289;428
289;429
289;430
289;431
289;432
289;433
289;434
289;435
289;436
289;437
289;438
289;439
289;440
289;441
289;443
289;512
289;513
289;514
289;515
289;516
289;517
289;518
289;519
289;520
289;521
289;522
289;523
289;524
289;525
289;526
289;527
289;528
289;529
289;530
289;531
289;532
289;533
289;534
289;535
289;536
290;357
290;358
290;359
290;360
290;361
290;362
290;363
290;364
290;365
290;366
290;367
290;368
290;369
290;370
290;371
290;372
290;373
290;374
290;375
290;376
290;377
290;378
290;379
290;380
290;381
290;382
290;383
290;384
290;385
290;386
290;387
290;388
290;389
290;390
290;391
290;392
290;393
290;394
290;395
290;396
290;397
290;398
290;399
290;400
290;401
290;402
290;403
290;404
290;405
290;406
290;407
290;408
290;409
290;410
290;411
290;412
290;413
290;414
290;415
290;416
290;417
290;418
290;419
290;420
290;421
290;422
290;423
290;424
290;425
290;426
290;427
290;428
290;429
290;430
290;431
290;432
290;433
290;434
290;435
290;436
290;437
290;438
290;439
290;440
290;441
290;442
290;443
290;444
290;445
290;511
290;512
290;513
290;514
290;515
290;516
290;517
290;518
290;519
290;520
290;521
290;522
290;523
290;524
290;525
290;526
290;527
290;528
290;529
290;530
290;531
290;532
290;533
290;534
290;535
290;536
291;355
291;356
291;357
291;358
291;359
291;360
291;361
291;362
291;363
291;364
291;365
291;366
291;367
291;368
291;369
291;370
291;371
291;372
291;373
291;374
291;375
291;376
291;377
291;378
291;379
291;380
291;381
291;382
291;383
291;384
291;385
291;386
291;387
291;388
291;389
291;390
291;391
291;392
291;393
291;394
291;395
291;396
291;397
291;398
291;399
291;400
291;401
291;402
291;403
291;404
291;405
291;406
291;407
291;408
291;409
291;410
291;411
291;412
291;413
291;414
291;415
291;416
291;417
291;418
291;419
291;420
291;421
291;422
291;423
291;424
291;425
291;426
291;427
291;428
291;429
291;430
291;431
291;432
291;433
291;434
291;435
291;436
291;437
291;438
291;439
291;440
291;441
291;442
291;443
291;444
291;445
291;446
291;447
291;511
291;512
291;513
291;514
291;515
291;516
291;517
291;518
291;519
291;520
291;521
291;522
291;523
291;524
291;525
291;526
291;527
291;528
291;529
291;530
291;531
291;532
291;533
291;534
291;535
291;536
292;355
292;356
292;357
292;358
292;359
292;360
292;361
292;362
292;363
292;364
292;365
292;366
292;367
292;368
292;369
292;370
292;371
292;372
292;373
292;374
292;375
292;376
292;377
292;378
292;379
292;380
292;381
292;382
292;383
292;384
292;385
292;386
292;387
292;388
292;389
292;390
292;391
292;392
292;393
292;394
292;395
292;396
292;397
292;398
292;399
292;400
292;401
292;402
292;403
292;404
292;405
292;406
292;407
292;408
292;409
292;410
292;411
292;412
292;413
292;414
292;415
292;416
292;417
292;418
292;419
292;420
292;421
292;422
292;423
292;424
292;425
292;426
292;427
292;428
292;429
292;430
292;431
292;432
292;433
292;434
292;435
292;436
292;437
292;438
292;439
292;440
292;441
292;442
292;443
292;444
292;445
292;446
292;447
292;448
292;449
292;510
292;511
292;512
292;513
292;514
292;515
292;516
292;517
292;518
292;519
292;520
292;521
292;522
292;523
292;524
292;525
292;526
292;527
292;528
292;529
292;530
292;531
292;532
292;533
292;534
292;535
292;536
293;354
293;355
293;356
293;357
293;358
293;359
293;360
293;361
293;362
293;363
293;364
293;365
293;366
293;367
293;368
293;369
293;370
293;371
293;372
293;373
293;374
293;375
293;376
293;377
293;378
293;379
293;380
293;381
293;382
293;383
293;384
293;385
293;386
293;387
293;388
293;389
293;390
293;391
293;392
293;393
293;394
293;395
293;396
293;397
293;398
293;399
293;400
293;401
293;402
293;403
293;404
293;405
293;406
293;407
293;408
293;409
293;410
293;411
293;412
293;413
293;414
293;415
293;416
293;417
293;418
293;419
293;420
293;421
293;422
293;423
293;424
293;425
293;426
293;427
293;428
293;429
293;430
293;431
293;432
293;433
293;434
293;435
293;436
293;437
293;438
293;439
293;440
293;441
293;442
293;443
293;444
293;445
293;446
293;447
293;448
293;449
293;450
293;451
293;510
293;511
293;512
293;513
293;514
293;515
293;516
293;517
293;518
293;519
293;520
293;521
293;522
293;523
293;524
293;525
293;526
293;527
293;528
293;529
293;530
293;531
293;532
293;533
293;534
293;535
293;536
294;113
294;115
294;353
294;354
294;355
294;356
294;357
294;358
294;359
294;360
294;361
294;362
294;363
294;364
294;365
294;366
294;367
294;368
294;369
294;370
294;371
294;372
294;373
294;374
294;375
294;376
294;377
294;378
294;379
294;380
294;381
294;382
294;383
294;384
294;385
294;386
294;387
294;388
294;389
294;390
294;391
294;392
294;393
294;394
294;395
294;396
294;397
294;398
294;399
294;400
294;401
294;402
294;403
294;404
294;405
294;406
294;407
294;408
294;409
294;410
294;411
294;412
294;413
294;414
294;415
294;416
294;417
294;418
294;419
294;420
294;421
294;422
294;423
294;424
294;425
294;426
294;427
294;428
294;429
294;430
294;431
294;432
294;433
294;434
294;435
294;436
294;437
294;438
294;439
294;440
294;441
294;442
294;443
294;444
294;445
294;446
294;447
294;448
294;449
294;450
294;451
294;510
294;511
294;512
294;513
294;514
294;515
294;516
294;517
294;518
294;519
294;520
294;521
294;522
294;523
294;524
294;525
294;526
294;527
294;528
294;529
294;530
294;531
294;532
294;533
294;534
294;535
294;536
295;107
295;109
295;110
295;111
295;112
295;113
295;114
295;115
295;116
295;117
295;118
295;119
295;121
295;353
295;354
295;355
295;356
295;357
295;358
295;359
295;360
295;361
295;362
295;363
295;364
295;365
295;366
295;367
295;368
295;369
295;370
295;371
295;372
295;373
295;374
295;375
295;376
295;377
295;378
295;379
295;380
295;381
295;382
295;383
295;384
295;385
295;386
295;387
295;388
295;389
295;390
295;391
295;392
295;393
295;394
295;395
295;396
295;397
295;398
295;399
295;400
295;401
295;402
295;403
295;404
295;405
295;406
295;407
295;408
295;409
295;410
295;411
295;412
295;413
295;414
295;415
295;416
295;417
295;418
295;419
295;420
295;421
295;422
295;423
295;424
295;425
295;426
295;427
295;428
295;429
295;430
295;431
295;432
295;433
295;434
295;435
295;436
295;437
295;438
295;439
295;440
295;441
295;442
295;443
295;444
295;445
295;446
295;447
295;448
295;449
295;450
295;451
295;452
295;453
295;509
295;510
295;511
295;512
295;513
295;514
295;515
295;516
295;517
295;518
295;519
295;520
295;521
295;522
295;523
295;524
295;525
295;526
295;527
295;528
295;529
295;530
295;531
295;532
295;533
295;534
295;535
295;536
296;105
296;106
296;107
296;108
296;109
296;110
296;111
296;112
296;113
296;114
296;115
296;116
296;117
296;118
296;119
296;120
296;121
296;122
296;123
296;352
296;353
296;354
296;355
296;356
296;357
296;358
296;359
296;360
296;361
296;362
296;363
296;364
296;365
296;366
296;367
296;368
296;369
296;370
296;371
296;372
296;373
296;374
296;375
296;376
296;377
296;378
296;379
296;380
296;381
296;382
296;383
296;384
296;385
296;386
296;387
296;388
296;389
296;390
296;391
296;392
296;393
296;394
296;395
296;396
296;397
296;398
296;399
296;400
296;401
296;402
296;403
296;404
296;405
296;406
296;407
296;408
296;409
296;410
296;411
296;412
296;413
296;414
296;415
296;416
296;417
296;418
296;419
296;420
296;421
296;422
296;423
296;424
296;425
296;426
296;427
296;428
296;429
296;430
296;431
296;432
296;433
296;434
296;435
296;436
296;437
296;438
296;439
296;440
296;441
296;442
296;443
296;444
296;445
296;446
296;447
296;448
296;449
296;450
296;451
296;452
296;453
296;454
296;455
296;509
296;510
296;511
296;512
296;513
296;514
296;515
296;516
296;517
296;518
296;519
296;520
296;521
296;522
296;523
296;524
296;525
296;526
296;527
296;528
296;529
296;530
296;531
296;532
296;533
296;534
296;535
296;536
297;103
297;104
297;105
297;106
297;107
297;108
297;109
297;110
297;111
297;112
297;113
297;114
297;115
297;116
297;117
297;118
297;119
297;120
297;121
297;122
297;123
297;124
297;125
297;351
297;352
297;353
297;354
297;355
297;356
297;357
297;358
297;359
297;360
297;361
297;362
297;363
297;364
297;365
297;366
297;367
297;368
297;369
297;370
297;371
297;372
297;373
297;374
297;375
297;376
297;377
297;378
297;379
297;380
297;381
297;382
297;383
297;384
297;385
297;386
297;387
297;388
297;389
297;390
297;391
297;392
297;393
297;394
297;395
297;396
297;397
297;398
297;399
297;400
297;401
297;402
297;403
297;404
297;405
297;406
297;407
297;408
297;409
297;410
297;411
297;412
297;413
297;414
297;415
297;416
297;417
297;418
297;419
297;420
297;421
297;422
297;423
297;424
297;425
297;426
297;427
297;428
297;429
297;430
297;431
297;432
297;433
297;434
297;435
297;436
297;437
297;438
297;439
297;440
297;441
297;442
297;443
297;444
297;445
297;446
297;447
297;448
297;449
297;450
297;451
297;452
297;453
297;454
297;455
297;456
297;509
297;510
297;511
297;512
297;513
297;514
297;515
297;516
297;517
297;518
297;519
297;520
297;521
297;522
297;523
297;524
297;525
297;526
297;527
297;528
297;529
297;530
297;531
297;532
297;533
297;534
297;535
297;536
298;101
298;102
298;103
298;104
298;105
298;106
298;107
298;108
298;109
298;110
298;111
298;112
298;113
298;114
298;115
298;116
298;117
298;118
298;119
298;120
298;121
298;122
298;123
298;124
298;125
298;126
298;127
298;348
298;349
298;351
298;352
298;353
298;354
298;355
298;356
298;357
298;358
298;359
298;360
298;361
298;362
298;363
298;364
298;365
298;366
298;367
298;368
298;369
298;370
298;371
298;372
298;373
298;374
298;375
298;376
298;377
298;378
298;379
298;380
298;381
298;382
298;383
298;384
298;385
298;386
298;387
298;388
298;389
298;390
298;391
298;392
298;393
298;394
298;395
298;396
298;397
298;398
298;399
298;400
298;401
298;402
298;403
298;404
298;405
298;406
298;407
298;408
298;409
298;410
298;411
298;412
298;413
298;414
298;415
298;416
298;417
298;418
298;419
298;420
298;421
298;422
298;423
298;424
298;425
298;426
298;427
298;428
298;429
298;430
298;431
298;432
298;433
298;434
298;435
298;436
298;437
298;438
298;439
298;440
298;441
298;442
298;443
298;444
298;445
298;446
298;447
298;448
298;449
298;450
298;451
298;452
298;453
298;454
298;455
298;456
298;457
298;510
298;511
298;512
298;513
298;514
298;515
298;516
298;517
298;518
298;519
298;520
298;521
298;522
298;523
298;524
298;525
298;526
298;527
298;528
298;529
298;530
298;531
298;532
298;533
298;534
298;535
298;536
299;99
299;100
299;101
299;102
299;103
299;104
299;105
299;106
299;107
299;108
299;109
299;110
299;111
299;112
299;113
299;114
299;115
299;116
299;117
299;118
299;119
299;120
299;121
299;122
299;123
299;124
299;125
299;126
299;127
299;128
299;129
299;348
299;349
299;350
299;351
299;352
299;353
299;354
299;355
299;356
299;357
299;358
299;359
299;360
299;361
299;362
299;363
299;364
299;365
299;366
299;367
299;368
299;369
299;370
299;371
299;372
299;373
299;374
299;375
299;376
299;377
299;378
299;379
299;380
299;381
299;382
299;383
299;384
299;385
299;386
299;387
299;388
299;389
299;390
299;391
299;392
299;393
299;394
299;395
299;396
299;397
299;398
299;399
299;400
299;401
299;402
299;403
299;404
299;405
299;406
299;407
299;408
299;409
299;410
299;411
299;412
299;413
299;414
299;415
299;416
299;417
299;418
299;419
299;420
299;421
299;422
299;423
299;424
299;425
299;426
299;427
299;428
299;429
299;430
299;431
299;432
299;433
299;434
299;435
299;436
299;437
299;438
299;439
299;440
299;441
299;442
299;443
299;444
299;445
299;446
299;447
299;448
299;449
299;450
299;451
299;452
299;453
299;454
299;455
299;456
299;457
299;458
299;510
299;511
299;512
299;513
299;514
299;515
299;516
299;517
299;518
299;519
299;520
299;521
299;522
299;523
299;524
299;525
299;526
299;527
299;528
299;529
299;530
299;531
299;532
299;533
299;534
299;535
299;536
300;97
300;98
300;99
300;100
300;101
300;102
300;103
300;104
300;105
300;106
300;107
300;108
300;109
300;110
300;111
300;112
300;113
300;114
300;115
300;116
300;117
300;118
300;119
300;120
300;121
300;122
300;123
300;124
300;125
300;126
300;127
300;128
300;129
300;130
300;131
300;348
300;349
300;350
300;351
300;352
300;353
300;354
300;355
300;356
300;357
300;358
300;359
300;360
300;361
300;362
300;363
300;364
300;365
300;366
300;367
300;368
300;369
300;370
300;371
300;372
300;373
300;374
300;375
300;376
300;377
300;378
300;379
300;380
300;381
300;382
300;383
300;384
300;385
300;386
300;387
300;388
300;389
300;390
300;391
300;392
300;393
300;394
300;395
300;396
300;397
300;398
300;399
300;400
300;401
300;402
300;403
300;404
300;405
300;406
300;407
300;408
300;409
300;410
300;411
300;412
300;413
300;414
300;415
300;416
300;417
300;418
300;419
300;420
300;421
300;422
300;423
300;424
300;425
300;426
300;427
300;428
300;429
300;430
300;431
300;432
300;433
300;434
300;435
300;436
300;437
300;438
300;439
300;440
300;441
300;442
300;443
300;444
300;445
300;446
300;447
300;448
300;449
300;450
300;451
300;452
300;453
300;454
300;455
300;456
300;457
300;458
300;459
300;510
300;511
300;512
300;513
300;514
300;515
300;516
300;517
300;518
300;519
300;520
300;521
300;522
300;523
300;524
300;525
300;526
300;527
300;528
300;529
300;530
300;531
300;532
300;533
300;534
300;535
300;536
301;97
301;98
301;99
301;100
301;101
301;102
301;103
301;104
301;105
301;106
301;107
301;108
301;109
301;110
301;111
301;112
301;113
301;114
301;115
301;116
301;117
301;118
301;119
301;120
301;121
301;122
301;123
301;124
301;125
301;126
301;127
301;128
301;129
301;130
301;131
301;348
301;349
301;350
301;351
301;352
301;353
301;354
301;355
301;356
301;357
301;358
301;359
301;360
301;361
301;362
301;363
301;364
301;365
301;366
301;367
301;368
301;369
301;370
301;371
301;372
301;373
301;374
301;375
301;376
301;377
301;378
301;379
301;380
301;381
301;382
301;383
301;384
301;385
301;386
301;387
301;388
301;389
301;390
301;391
301;392
301;393
301;394
301;395
301;396
301;397
301;398
301;399
301;400
301;401
301;402
301;403
301;404
301;405
301;406
301;407
301;408
301;409
301;410
301;411
301;412
301;413
301;414
301;415
301;416
301;417
301;418
301;419
301;420
301;421
301;422
301;423
301;424
301;425
301;426
301;427
301;428
301;429
301;430
301;431
301;432
301;433
301;434
301;435
301;436
301;437
301;438
301;439
301;440
301;441
301;442
301;443
301;444
301;445
301;446
301;447
301;448
301;449
301;450
301;451
301;452
301;453
301;454
301;455
301;456
301;457
301;458
301;459
301;460
301;510
301;511
301;512
301;513
301;514
301;515
301;516
301;517
301;518
301;519
301;520
301;521
301;522
301;523
301;524
301;525
301;526
301;527
301;528
301;529
301;530
301;531
301;532
301;533
301;534
301;535
301;536
302;95
302;96
302;97
302;98
302;99
302;100
302;101
302;102
302;103
302;104
302;105
302;106
302;107
302;108
302;109
302;110
302;111
302;112
302;113
302;114
302;115
302;116
302;117
302;118
302;119
302;120
302;121
302;122
302;123
302;124
302;125
302;126
302;127
302;128
302;129
302;130
302;131
302;132
302;133
302;347
302;348
302;349
302;350
302;351
302;352
302;353
302;354
302;355
302;356
302;357
302;358
302;359
302;360
302;361
302;362
302;363
302;364
302;365
302;366
302;367
302;368
302;369
302;370
302;371
302;372
302;373
302;374
302;375
302;376
302;377
302;378
302;379
302;380
302;381
302;382
302;383
302;384
302;385
302;386
302;387
302;388
302;389
302;390
302;391
302;392
302;393
302;394
302;395
302;396
302;397
302;398
302;399
302;400
302;401
302;402
302;403
302;404
302;405
302;406
302;407
302;408
302;409
302;410
302;411
302;412
302;413
302;414
302;415
302;416
302;417
302;418
302;419
302;420
302;421
302;422
302;423
302;424
302;425
302;426
302;427
302;428
302;429
302;430
302;431
302;432
302;433
302;434
302;435
302;436
302;437
302;438
302;439
302;440
302;441
302;442
302;443
302;444
302;445
302;446
302;447
302;448
302;449
302;450
302;451
302;452
302;453
302;454
302;455
302;456
302;457
302;458
302;459
302;460
302;461
302;511
302;512
302;513
302;514
302;515
302;516
302;517
302;518
302;519
302;520
302;521
302;522
302;523
302;524
302;525
302;526
302;527
302;528
302;529
302;530
302;531
302;532
302;533
302;534
302;535
302;536
303;95
303;96
303;97
303;98
303;99
303;100
303;101
303;102
303;103
303;104
303;105
303;106
303;107
303;108
303;109
303;110
303;111
303;112
303;113
303;114
303;115
303;116
303;117
303;118
303;119
303;120
303;121
303;122
303;123
303;124
303;125
303;126
303;127
303;128
303;129
303;130
303;131
303;132
303;133
303;347
303;348
303;349
303;350
303;351
303;352
303;353
303;354
303;355
303;356
303;357
303;358
303;359
303;360
303;361
303;362
303;363
303;364
303;365
303;366
303;367
303;368
303;369
303;370
303;371
303;372
303;373
303;374
303;375
303;376
303;377
303;378
303;379
303;380
303;381
303;382
303;383
303;384
303;385
303;386
303;387
303;388
303;389
303;390
303;391
303;392
303;393
303;394
303;395
303;396
303;397
303;398
303;399
303;400
303;401
303;402
303;403
303;404
303;405
303;406
303;407
303;408
303;409
303;410
303;411
303;412
303;413
303;414
303;415
303;416
303;417
303;418
303;419
303;420
303;421
303;422
303;423
303;424
303;425
303;426
303;427
303;428
303;429
303;430
303;431
303;432
303;433
303;434
303;435
303;436
303;437
303;438
303;439
303;440
303;441
303;442
303;443
303;444
303;445
303;446
303;447
303;448
303;449
303;450
303;451
303;452
303;453
303;454
303;455
303;456
303;457
303;458
303;459
303;460
303;461
303;511
303;512
303;513
303;514
303;515
303;516
303;517
303;518
303;519
303;520
303;521
303;522
303;523
303;524
303;525
303;526
303;527
303;528
303;529
303;530
303;531
303;532
303;533
303;534
303;535
303;536
304;93
304;94
304;95
304;96
304;97
304;98
304;99
304;100
304;101
304;102
304;103
304;104
304;105
304;106
304;107
304;108
304;109
304;110
304;111
304;112
304;113
304;114
304;115
304;116
304;117
304;118
304;119
304;120
304;121
304;122
304;123
304;124
304;125
304;126
304;127
304;128
304;129
304;130
304;131
304;132
304;133
304;134
304;347
304;348
304;349
304;350
304;351
304;352
304;353
304;354
304;355
304;356
304;357
304;358
304;359
304;360
304;361
304;362
304;363
304;364
304;365
304;366
304;367
304;368
304;369
304;370
304;371
304;372
304;373
304;374
304;375
304;376
304;377
304;378
304;379
304;380
304;381
304;382
304;383
304;384
304;385
304;386
304;387
304;388
304;389
304;390
304;391
304;392
304;393
304;394
304;395
304;396
304;397
304;398
304;399
304;400
304;401
304;402
304;403
304;404
304;405
304;406
304;407
304;408
304;409
304;410
304;411
304;412
304;413
304;414
304;415
304;416
304;417
304;418
304;419
304;420
304;421
304;422
304;423
304;424
304;425
304;426
304;427
304;428
304;429
304;430
304;431
304;432
304;433
304;434
304;435
304;436
304;437
304;438
304;439
304;440
304;441
304;442
304;443
304;444
304;445
304;446
304;447
304;448
304;449
304;450
304;451
304;452
304;453
304;454
304;455
304;456
304;457
304;458
304;459
304;460
304;461
304;462
304;512
304;513
304;514
304;515
304;516
304;517
304;518
304;519
304;520
304;521
304;522
304;523
304;524
304;525
304;526
304;527
304;528
304;529
304;530
304;531
304;532
304;533
304;534
304;535
304;536
305;93
305;94
305;95
305;96
305;97
305;98
305;99
305;100
305;101
305;102
305;103
305;104
305;105
305;106
305;107
305;108
305;109
305;110
305;111
305;112
305;113
305;114
305;115
305;116
305;117
305;118
305;119
305;120
305;121
305;122
305;123
305;124
305;125
305;126
305;127
305;128
305;129
305;130
305;131
305;132
305;133
305;134
305;135
305;347
305;348
305;349
305;350
305;351
305;352
305;353
305;354
305;355
305;356
305;357
305;358
305;359
305;360
305;361
305;362
305;363
305;364
305;365
305;366
305;367
305;368
305;369
305;370
305;371
305;372
305;373
305;374
305;375
305;376
305;377
305;378
305;379
305;380
305;381
305;382
305;383
305;384
305;385
305;386
305;387
305;388
305;389
305;390
305;391
305;392
305;393
305;394
305;395
305;396
305;397
305;398
305;399
305;400
305;401
305;402
305;403
305;404
305;405
305;406
305;407
305;408
305;409
305;410
305;411
305;412
305;413
305;414
305;415
305;416
305;417
305;418
305;419
305;420
305;421
305;422
305;423
305;424
305;425
305;426
305;427
305;428
305;429
305;430
305;431
305;432
305;433
305;434
305;435
305;436
305;437
305;438
305;439
305;440
305;441
305;442
305;443
305;444
305;445
305;446
305;447
305;448
305;449
305;450
305;451
305;452
305;453
305;454
305;455
305;456
305;457
305;458
305;459
305;460
305;461
305;462
305;463
305;512
305;513
305;514
305;515
305;516
305;517
305;518
305;519
305;520
305;521
305;522
305;523
305;524
305;525
305;526
305;527
305;528
305;529
305;530
305;531
305;532
305;533
305;534
305;535
305;536
306;92
306;93
306;94
306;95
306;96
306;97
306;98
306;99
306;100
306;101
306;102
306;103
306;104
306;105
306;106
306;107
306;108
306;109
306;110
306;111
306;112
306;113
306;114
306;115
306;116
306;117
306;118
306;119
306;120
306;121
306;122
306;123
306;124
306;125
306;126
306;127
306;128
306;129
306;130
306;131
306;132
306;133
306;134
306;135
306;346
306;347
306;348
306;349
306;350
306;351
306;352
306;353
306;354
306;355
306;356
306;357
306;358
306;359
306;360
306;361
306;362
306;363
306;364
306;365
306;366
306;367
306;368
306;369
306;370
306;371
306;372
306;373
306;374
306;375
306;376
306;377
306;378
306;379
306;380
306;381
306;382
306;383
306;384
306;385
306;386
306;387
306;388
306;389
306;390
306;391
306;392
306;393
306;394
306;395
306;396
306;397
306;398
306;399
306;400
306;401
306;402
306;403
306;404
306;405
306;406
306;407
306;408
306;409
306;410
306;411
306;412
306;413
306;414
306;415
306;416
306;417
306;418
306;419
306;420
306;421
306;422
306;423
306;424
306;425
306;426
306;427
306;428
306;429
306;430
306;431
306;432
306;433
306;434
306;435
306;436
306;437
306;438
306;439
306;440
306;441
306;442
306;443
306;444
306;445
306;446
306;447
306;448
306;449
306;450
306;451
306;452
306;453
306;454
306;455
306;456
306;457
306;458
306;459
306;460
306;461
306;462
306;463
306;514
306;515
306;516
306;517
306;518
306;519
306;520
306;521
306;522
306;523
306;524
306;525
306;526
306;527
306;528
306;529
306;530
306;531
306;532
306;533
306;534
306;535
306;536
307;92
307;93
307;94
307;95
307;96
307;97
307;98
307;99
307;100
307;101
307;102
307;103
307;104
307;105
307;106
307;107
307;108
307;109
307;110
307;111
307;112
307;113
307;114
307;115
307;116
307;117
307;118
307;119
307;120
307;121
307;122
307;123
307;124
307;125
307;126
307;127
307;128
307;129
307;130
307;131
307;132
307;133
307;134
307;135
307;136
307;346
307;347
307;348
307;349
307;350
307;351
307;352
307;353
307;354
307;355
307;356
307;357
307;358
307;359
307;360
307;361
307;362
307;363
307;364
307;365
307;366
307;367
307;368
307;369
307;370
307;371
307;372
307;373
307;374
307;375
307;376
307;377
307;378
307;379
307;380
307;381
307;382
307;383
307;384
307;385
307;386
307;387
307;388
307;389
307;390
307;391
307;392
307;393
307;394
307;395
307;396
307;397
307;398
307;399
307;400
307;401
307;402
307;403
307;404
307;405
307;406
307;407
307;408
307;409
307;410
307;411
307;412
307;413
307;414
307;415
307;416
307;417
307;418
307;419
307;420
307;421
307;422
307;423
307;424
307;425
307;426
307;427
307;428
307;429
307;430
307;431
307;432
307;433
307;434
307;435
307;436
307;437
307;438
307;439
307;440
307;441
307;442
307;443
307;444
307;445
307;446
307;447
307;448
307;449
307;450
307;451
307;452
307;453
307;454
307;455
307;456
307;457
307;458
307;459
307;460
307;461
307;462
307;463
307;464
307;514
307;515
307;516
307;517
307;518
307;519
307;520
307;521
307;522
307;523
307;524
307;525
307;526
307;527
307;528
307;529
307;530
307;531
307;532
307;533
307;534
307;535
307;536
308;91
308;92
308;93
308;94
308;95
308;96
308;97
308;98
308;99
308;100
308;101
308;102
308;103
308;104
308;105
308;106
308;107
308;108
308;109
308;110
308;111
308;112
308;113
308;114
308;115
308;116
308;117
308;118
308;119
308;120
308;121
308;122
308;123
308;124
308;125
308;126
308;127
308;128
308;129
308;130
308;131
308;132
308;133
308;134
308;135
308;136
308;137
308;346
308;347
308;348
308;349
308;350
308;351
308;352
308;353
308;354
308;355
308;356
308;357
308;358
308;359
308;360
308;361
308;362
308;363
308;364
308;365
308;366
308;367
308;368
308;369
308;370
308;371
308;372
308;373
308;374
308;375
308;376
308;377
308;378
308;379
308;380
308;381
308;382
308;383
308;384
308;385
308;386
308;387
308;388
308;389
308;390
308;391
308;392
308;393
308;394
308;395
308;396
308;397
308;398
308;399
308;400
308;401
308;402
308;403
308;404
308;405
308;406
308;407
308;408
308;409
308;410
308;411
308;412
308;413
308;414
308;415
308;416
308;417
308;418
308;419
308;420
308;421
308;422
308;423
308;424
308;425
308;426
308;427
308;428
308;429
308;430
308;431
308;432
308;433
308;434
308;435
308;436
308;437
308;438
308;439
308;440
308;441
308;442
308;443
308;444
308;445
308;446
308;447
308;448
308;449
308;450
308;451
308;452
308;453
308;454
308;455
308;456
308;457
308;458
308;459
308;460
308;461
308;462
308;463
308;464
308;465
308;516
308;517
308;518
308;519
308;520
308;521
308;522
308;523
308;524
308;525
308;526
308;527
308;528
308;529
308;530
308;531
308;532
308;533
308;534
308;535
308;536
309;91
309;92
309;93
309;94
309;95
309;96
309;97
309;98
309;99
309;100
309;101
309;102
309;103
309;104
309;105
309;106
309;107
309;108
309;109
309;110
309;111
309;112
309;113
309;114
309;115
309;116
309;117
309;118
309;119
309;120
309;121
309;122
309;123
309;124
309;125
309;126
309;127
309;128
309;129
309;130
309;131
309;132
309;133
309;134
309;135
309;136
309;137
309;345
309;346
309;347
309;348
309;349
309;350
309;351
309;352
309;353
309;354
309;355
309;356
309;357
309;358
309;359
309;360
309;361
309;362
309;363
309;364
309;365
309;366
309;367
309;368
309;369
309;370
309;371
309;372
309;373
309;374
309;375
309;376
309;377
309;378
309;379
309;380
309;381
309;382
309;383
309;384
309;385
309;386
309;387
309;388
309;389
309;390
309;391
309;392
309;393
309;394
309;395
309;396
309;397
309;398
309;399
309;400
309;401
309;402
309;403
309;404
309;405
309;406
309;407
309;408
309;409
309;410
309;411
309;412
309;413
309;414
309;415
309;416
309;417
309;418
309;419
309;420
309;421
309;422
309;423
309;424
309;425
309;426
309;427
309;428
309;429
309;430
309;431
309;432
309;433
309;434
309;435
309;436
309;437
309;438
309;439
309;440
309;441
309;442
309;443
309;444
309;445
309;446
309;447
309;448
309;449
309;450
309;451
309;452
309;453
309;454
309;455
309;456
309;457
309;458
309;459
309;460
309;461
309;462
309;463
309;464
309;465
309;517
309;518
309;519
309;520
309;521
309;522
309;523
309;524
309;525
309;526
309;527
309;528
309;529
309;530
309;531
309;532
309;533
309;534
309;535
309;536
310;91
310;92
310;93
310;94
310;95
310;96
310;97
310;98
310;99
310;100
310;101
310;102
310;103
310;104
310;105
310;106
310;107
310;108
310;109
310;110
310;111
310;112
310;113
310;114
310;115
310;116
310;117
310;118
310;119
310;120
310;121
310;122
310;123
310;124
310;125
310;126
310;127
310;128
310;129
310;130
310;131
310;132
310;133
310;134
310;135
310;136
310;137
310;345
310;346
310;347
310;348
310;349
310;350
310;351
310;352
310;353
310;354
310;355
310;356
310;357
310;358
310;359
310;360
310;361
310;362
310;363
310;364
310;365
310;366
310;367
310;368
310;369
310;370
310;371
310;372
310;373
310;374
310;375
310;376
310;377
310;378
310;379
310;380
310;381
310;382
310;383
310;384
310;385
310;386
310;387
310;388
310;389
310;390
310;391
310;392
310;393
310;394
310;395
310;396
310;397
310;398
310;399
310;400
310;401
310;402
310;403
310;404
310;405
310;406
310;407
310;408
310;409
310;410
310;411
310;412
310;413
310;414
310;415
310;416
310;417
310;418
310;419
310;420
310;421
310;422
310;423
310;424
310;425
310;426
310;427
310;428
310;429
310;430
310;431
310;432
310;433
310;434
310;435
310;436
310;437
310;438
310;439
310;440
310;441
310;442
310;443
310;444
310;445
310;446
310;447
310;448
310;449
310;450
310;451
310;452
310;453
310;454
310;455
310;456
310;457
310;458
310;459
310;460
310;461
310;462
310;463
310;464
310;465
310;466
310;515
310;516
310;517
310;518
310;519
310;520
310;521
310;522
310;523
310;524
310;525
310;526
310;527
310;528
310;529
310;530
310;531
310;532
310;533
310;534
310;535
310;536
311;90
311;91
311;92
311;93
311;94
311;95
311;96
311;97
311;98
311;99
311;100
311;101
311;102
311;103
311;104
311;105
311;106
311;107
311;108
311;109
311;110
311;111
311;112
311;113
311;114
311;115
311;116
311;117
311;118
311;119
311;120
311;121
311;122
311;123
311;124
311;125
311;126
311;127
311;128
311;129
311;130
311;131
311;132
311;133
311;134
311;135
311;136
311;137
311;138
311;345
311;346
311;347
311;348
311;349
311;350
311;351
311;352
311;353
311;354
311;355
311;356
311;357
311;358
311;359
311;360
311;361
311;362
311;363
311;364
311;365
311;366
311;367
311;368
311;369
311;370
311;371
311;372
311;373
311;374
311;375
311;376
311;377
311;378
311;379
311;380
311;381
311;382
311;383
311;384
311;385
311;386
311;387
311;388
311;389
311;390
311;391
311;392
311;393
311;394
311;395
311;396
311;397
311;398
311;399
311;400
311;401
311;402
311;403
311;404
311;405
311;406
311;407
311;408
311;409
311;410
311;411
311;412
311;413
311;414
311;415
311;416
311;417
311;418
311;419
311;420
311;421
311;422
311;423
311;424
311;425
311;426
311;427
311;428
311;429
311;430
311;431
311;432
311;433
311;434
311;435
311;436
311;437
311;438
311;439
311;440
311;441
311;442
311;443
311;444
311;445
311;446
311;447
311;448
311;449
311;450
311;451
311;452
311;453
311;454
311;455
311;456
311;457
311;458
311;459
311;460
311;461
311;462
311;463
311;464
311;465
311;466
311;513
311;514
311;515
311;516
311;517
311;518
311;519
311;520
311;521
311;522
311;523
311;524
311;525
311;526
311;527
311;528
311;529
311;530
311;531
311;532
311;533
311;534
311;535
311;536
312;90
312;91
312;92
312;93
312;94
312;95
312;96
312;97
312;98
312;99
312;100
312;101
312;102
312;103
312;104
312;105
312;106
312;107
312;108
312;109
312;110
312;111
312;112
312;113
312;114
312;115
312;116
312;117
312;118
312;119
312;120
312;121
312;122
312;123
312;124
312;125
312;126
312;127
312;128
312;129
312;130
312;131
312;132
312;133
312;134
312;135
312;136
312;137
312;138
312;161
312;162
312;163
312;164
312;165
312;345
312;346
312;347
312;348
312;349
312;350
312;351
312;352
312;353
312;354
312;355
312;356
312;357
312;358
312;359
312;360
312;361
312;362
312;363
312;364
312;365
312;366
312;367
312;368
312;369
312;370
312;371
312;372
312;373
312;374
312;375
312;376
312;377
312;378
312;379
312;380
312;381
312;382
312;383
312;384
312;385
312;386
312;387
312;388
312;389
312;390
312;391
312;392
312;393
312;394
312;395
312;396
312;397
312;398
312;399
312;400
312;401
312;402
312;403
312;404
312;405
312;406
312;407
312;408
312;409
312;410
312;411
312;412
312;413
312;414
312;415
312;416
312;417
312;418
312;419
312;420
312;421
312;422
312;423
312;424
312;425
312;426
312;427
312;428
312;429
312;430
312;431
312;432
312;433
312;434
312;435
312;436
312;437
312;438
312;439
312;440
312;441
312;442
312;443
312;444
312;445
312;446
312;447
312;448
312;449
312;450
312;451
312;452
312;453
312;454
312;455
312;456
312;457
312;458
312;459
312;460
312;461
312;462
312;463
312;464
312;465
312;466
312;467
312;509
312;510
312;511
312;512
312;513
312;514
312;515
312;516
312;517
312;518
312;519
312;520
312;521
312;522
312;523
312;524
312;525
312;526
312;527
312;528
312;529
312;530
312;531
312;532
312;533
312;534
312;535
312;536
313;90
313;91
313;92
313;93
313;94
313;95
313;96
313;97
313;98
313;99
313;100
313;101
313;102
313;103
313;104
313;105
313;106
313;107
313;108
313;109
313;110
313;111
313;112
313;113
313;114
313;115
313;116
313;117
313;118
313;119
313;120
313;121
313;122
313;123
313;124
313;125
313;126
313;127
313;128
313;129
313;130
313;131
313;132
313;133
313;134
313;135
313;136
313;137
313;138
313;161
313;162
313;163
313;164
313;165
313;166
313;167
313;345
313;346
313;347
313;348
313;349
313;350
313;351
313;352
313;353
313;354
313;355
313;356
313;357
313;358
313;359
313;360
313;361
313;362
313;363
313;364
313;365
313;366
313;367
313;368
313;369
313;370
313;371
313;372
313;373
313;374
313;375
313;376
313;377
313;378
313;379
313;380
313;381
313;382
313;383
313;384
313;385
313;386
313;387
313;388
313;389
313;390
313;391
313;392
313;393
313;394
313;395
313;396
313;397
313;398
313;399
313;400
313;401
313;402
313;403
313;404
313;405
313;406
313;407
313;408
313;409
313;410
313;411
313;412
313;413
313;414
313;415
313;416
313;417
313;418
313;419
313;420
313;421
313;422
313;423
313;424
313;425
313;426
313;427
313;428
313;429
313;430
313;431
313;432
313;433
313;434
313;435
313;436
313;437
313;438
313;439
313;440
313;441
313;442
313;443
313;444
313;445
313;446
313;447
313;448
313;449
313;450
313;451
313;452
313;453
313;454
313;455
313;456
313;457
313;458
313;459
313;460
313;461
313;462
313;463
313;464
313;465
313;466
313;467
313;507
313;508
313;509
313;510
313;511
313;512
313;513
313;514
313;515
313;516
313;517
313;518
313;519
313;520
313;521
313;522
313;523
313;524
313;525
313;526
313;527
313;528
313;529
313;530
313;531
313;532
313;533
313;534
313;535
313;536
314;90
314;91
314;92
314;93
314;94
314;95
314;96
314;97
314;98
314;99
314;100
314;101
314;102
314;103
314;104
314;105
314;106
314;107
314;108
314;109
314;110
314;111
314;112
314;113
314;114
314;115
314;116
314;117
314;118
314;119
314;120
314;121
314;122
314;123
314;124
314;125
314;126
314;127
314;128
314;129
314;130
314;131
314;132
314;133
314;134
314;135
314;136
314;137
314;138
314;161
314;162
314;163
314;164
314;165
314;166
314;167
314;168
314;169
314;170
314;171
314;344
314;345
314;346
314;347
314;348
314;349
314;350
314;351
314;352
314;353
314;354
314;355
314;356
314;357
314;358
314;359
314;360
314;361
314;362
314;363
314;364
314;365
314;366
314;367
314;368
314;369
314;370
314;371
314;372
314;373
314;374
314;375
314;376
314;377
314;378
314;379
314;380
314;381
314;382
314;383
314;384
314;385
314;386
314;387
314;388
314;389
314;390
314;391
314;392
314;393
314;394
314;395
314;396
314;397
314;398
314;399
314;400
314;401
314;402
314;403
314;404
314;405
314;406
314;407
314;408
314;409
314;410
314;411
314;412
314;413
314;414
314;415
314;416
314;417
314;418
314;419
314;420
314;421
314;422
314;423
314;424
314;425
314;426
314;427
314;428
314;429
314;430
314;431
314;432
314;433
314;434
314;435
314;436
314;437
314;438
314;439
314;440
314;441
314;442
314;443
314;444
314;445
314;446
314;447
314;448
314;449
314;450
314;451
314;452
314;453
314;454
314;455
314;456
314;457
314;458
314;459
314;460
314;461
314;462
314;463
314;464
314;465
314;466
314;467
314;505
314;506
314;507
314;508
314;509
314;510
314;511
314;512
314;513
314;514
314;515
314;516
314;517
314;518
314;519
314;520
314;521
314;522
314;523
314;524
314;525
314;526
314;527
314;528
314;529
314;530
314;531
314;532
314;533
314;534
314;535
314;536
315;90
315;91
315;92
315;93
315;94
315;95
315;96
315;97
315;98
315;99
315;100
315;101
315;102
315;103
315;104
315;105
315;106
315;107
315;108
315;109
315;110
315;111
315;112
315;113
315;114
315;115
315;116
315;117
315;118
315;119
315;120
315;121
315;122
315;123
315;124
315;125
315;126
315;127
315;128
315;129
315;130
315;131
315;132
315;133
315;134
315;135
315;136
315;137
315;138
315;160
315;161
315;162
315;163
315;164
315;165
315;166
315;167
315;168
315;169
315;170
315;171
315;172
315;173
315;344
315;345
315;346
315;347
315;348
315;349
315;350
315;351
315;352
315;353
315;354
315;355
315;356
315;357
315;358
315;359
315;360
315;361
315;362
315;363
315;364
315;365
315;366
315;367
315;368
315;369
315;370
315;371
315;372
315;373
315;374
315;375
315;376
315;377
315;378
315;379
315;380
315;381
315;382
315;383
315;384
315;385
315;386
315;387
315;388
315;389
315;390
315;391
315;392
315;393
315;394
315;395
315;396
315;397
315;398
315;399
315;400
315;401
315;402
315;403
315;404
315;405
315;406
315;407
315;408
315;409
315;410
315;411
315;412
315;413
315;414
315;415
315;416
315;417
315;418
315;419
315;420
315;421
315;422
315;423
315;424
315;425
315;426
315;427
315;428
315;429
315;430
315;431
315;432
315;433
315;434
315;435
315;436
315;437
315;438
315;439
315;440
315;441
315;442
315;443
315;444
315;445
315;446
315;447
315;448
315;449
315;450
315;451
315;452
315;453
315;454
315;455
315;456
315;457
315;458
315;459
315;460
315;461
315;462
315;463
315;464
315;465
315;466
315;467
315;468
315;503
315;504
315;505
315;506
315;507
315;508
315;509
315;510
315;511
315;512
315;513
315;514
315;515
315;516
315;517
315;518
315;519
315;520
315;521
315;522
315;523
315;524
315;525
315;526
315;527
315;528
315;529
315;530
315;531
315;532
315;533
315;534
315;535
315;536
316;90
316;91
316;92
316;93
316;94
316;95
316;96
316;97
316;98
316;99
316;100
316;101
316;102
316;103
316;104
316;105
316;106
316;107
316;108
316;109
316;110
316;111
316;112
316;113
316;114
316;115
316;116
316;117
316;118
316;119
316;120
316;121
316;122
316;123
316;124
316;125
316;126
316;127
316;128
316;129
316;130
316;131
316;132
316;133
316;134
316;135
316;136
316;137
316;138
316;159
316;160
316;161
316;162
316;163
316;164
316;165
316;166
316;167
316;168
316;169
316;170
316;171
316;172
316;173
316;174
316;175
316;176
316;177
316;344
316;345
316;346
316;347
316;348
316;349
316;350
316;351
316;352
316;353
316;354
316;355
316;356
316;357
316;358
316;359
316;360
316;361
316;362
316;363
316;364
316;365
316;366
316;367
316;368
316;369
316;370
316;371
316;372
316;373
316;374
316;375
316;376
316;377
316;378
316;379
316;380
316;381
316;382
316;383
316;384
316;385
316;386
316;387
316;388
316;389
316;390
316;391
316;392
316;393
316;394
316;395
316;396
316;397
316;398
316;399
316;400
316;401
316;402
316;403
316;404
316;405
316;406
316;407
316;408
316;409
316;410
316;411
316;412
316;413
316;414
316;415
316;416
316;417
316;418
316;419
316;420
316;421
316;422
316;423
316;424
316;425
316;426
316;427
316;428
316;429
316;430
316;431
316;432
316;433
316;434
316;435
316;436
316;437
316;438
316;439
316;440
316;441
316;442
316;443
316;444
316;445
316;446
316;447
316;448
316;449
316;450
316;451
316;452
316;453
316;454
316;455
316;456
316;457
316;458
316;459
316;460
316;461
316;462
316;463
316;464
316;465
316;466
316;467
316;468
316;499
316;500
316;501
316;502
316;503
316;504
316;505
316;506
316;507
316;508
316;509
316;510
316;511
316;512
316;513
316;514
316;515
316;516
316;517
316;518
316;519
316;520
316;521
316;522
316;523
316;524
316;525
316;526
316;527
316;528
316;529
316;530
316;531
316;532
316;533
316;534
316;535
316;536
317;90
317;91
317;92
317;93
317;94
317;95
317;96
317;97
317;98
317;99
317;100
317;101
317;102
317;103
317;104
317;105
317;106
317;107
317;108
317;109
317;110
317;111
317;112
317;113
317;114
317;115
317;116
317;117
317;118
317;119
317;120
317;121
317;122
317;123
317;124
317;125
317;126
317;127
317;128
317;129
317;130
317;131
317;132
317;133
317;134
317;135
317;136
317;137
317;138
317;159
317;160
317;161
317;162
317;163
317;164
317;165
317;166
317;167
317;168
317;169
317;170
317;171
317;172
317;173
317;174
317;175
317;176
317;177
317;178
317;179
317;343
317;344
317;345
317;346
317;347
317;348
317;349
317;350
317;351
317;352
317;353
317;354
317;355
317;356
317;357
317;358
317;359
317;360
317;361
317;362
317;363
317;364
317;365
317;366
317;367
317;368
317;369
317;370
317;371
317;372
317;373
317;374
317;375
317;376
317;377
317;378
317;379
317;380
317;381
317;382
317;383
317;384
317;385
317;386
317;387
317;388
317;389
317;390
317;391
317;392
317;393
317;394
317;395
317;396
317;397
317;398
317;399
317;400
317;401
317;402
317;403
317;404
317;405
317;406
317;407
317;408
317;409
317;410
317;411
317;412
317;413
317;414
317;415
317;416
317;417
317;418
317;419
317;420
317;421
317;422
317;423
317;424
317;425
317;426
317;427
317;428
317;429
317;430
317;431
317;432
317;433
317;434
317;435
317;436
317;437
317;438
317;439
317;440
317;441
317;442
317;443
317;444
317;445
317;446
317;447
317;448
317;449
317;450
317;451
317;452
317;453
317;454
317;455
317;456
317;457
317;458
317;459
317;460
317;461
317;462
317;463
317;464
317;465
317;466
317;467
317;468
317;497
317;498
317;499
317;500
317;501
317;502
317;503
317;504
317;505
317;506
317;507
317;508
317;509
317;510
317;511
317;512
317;513
317;514
317;515
317;516
317;517
317;518
317;519
317;520
317;521
317;522
317;523
317;524
317;525
317;526
317;527
317;528
317;529
317;530
317;531
317;532
317;533
317;534
317;535
317;536
318;90
318;91
318;92
318;93
318;94
318;95
318;96
318;97
318;98
318;99
318;100
318;101
318;102
318;103
318;104
318;105
318;106
318;107
318;108
318;109
318;110
318;111
318;112
318;113
318;114
318;115
318;116
318;117
318;118
318;119
318;120
318;121
318;122
318;123
318;124
318;125
318;126
318;127
318;128
318;129
318;130
318;131
318;132
318;133
318;134
318;135
318;136
318;137
318;138
318;159
318;160
318;161
318;162
318;163
318;164
318;165
318;166
318;167
318;168
318;169
318;170
318;171
318;172
318;173
318;174
318;175
318;176
318;177
318;178
318;179
318;180
318;181
318;183
318;343
318;344
318;345
318;346
318;347
318;348
318;349
318;350
318;351
318;352
318;353
318;354
318;355
318;356
318;357
318;358
318;359
318;360
318;361
318;362
318;363
318;364
318;365
318;366
318;367
318;368
318;369
318;370
318;371
318;372
318;373
318;374
318;375
318;376
318;377
318;378
318;379
318;380
318;381
318;382
318;383
318;384
318;385
318;386
318;387
318;388
318;389
318;390
318;391
318;392
318;393
318;394
318;395
318;396
318;397
318;398
318;399
318;400
318;401
318;402
318;403
318;404
318;405
318;406
318;407
318;408
318;409
318;410
318;411
318;412
318;413
318;414
318;415
318;416
318;417
318;418
318;419
318;420
318;421
318;422
318;423
318;424
318;425
318;426
318;427
318;428
318;429
318;430
318;431
318;432
318;433
318;434
318;435
318;436
318;437
318;438
318;439
318;440
318;441
318;442
318;443
318;444
318;445
318;446
318;447
318;448
318;449
318;450
318;451
318;452
318;453
318;454
318;455
318;456
318;457
318;458
318;459
318;460
318;461
318;462
318;463
318;464
318;465
318;466
318;467
318;468
318;469
318;471
318;495
318;496
318;497
318;498
318;499
318;500
318;501
318;502
318;503
318;504
318;505
318;506
318;507
318;508
318;509
318;510
318;511
318;512
318;513
318;514
318;515
318;516
318;517
318;518
318;519
318;520
318;521
318;522
318;523
318;524
318;525
318;526
318;527
318;528
318;529
318;530
318;531
318;532
318;533
318;534
318;535
318;536
319;90
319;91
319;92
319;93
319;94
319;95
319;96
319;97
319;98
319;99
319;100
319;101
319;102
319;103
319;104
319;105
319;106
319;107
319;108
319;109
319;110
319;111
319;112
319;113
319;114
319;115
319;116
319;117
319;118
319;119
319;120
319;121
319;122
319;123
319;124
319;125
319;126
319;127
319;128
319;129
319;130
319;131
319;132
319;133
319;134
319;135
319;136
319;137
319;138
319;158
319;159
319;160
319;161
319;162
319;163
319;164
319;165
319;166
319;167
319;168
319;169
319;170
319;171
319;172
319;173
319;174
319;175
319;176
319;177
319;178
319;179
319;180
319;181
319;182
319;183
319;184
319;185
319;343
319;344
319;345
319;346
319;347
319;348
319;349
319;350
319;351
319;352
319;353
319;354
319;355
319;356
319;357
319;358
319;359
319;360
319;361
319;362
319;363
319;364
319;365
319;366
319;367
319;368
319;369
319;370
319;371
319;372
319;373
319;374
319;375
319;376
319;377
319;378
319;379
319;380
319;381
319;382
319;383
319;384
319;385
319;386
319;387
319;388
319;389
319;390
319;391
319;392
319;393
319;394
319;395
319;396
319;397
319;398
319;399
319;400
319;401
319;402
319;403
319;404
319;405
319;406
319;407
319;408
319;409
319;410
319;411
319;412
319;413
319;414
319;415
319;416
319;417
319;418
319;419
319;420
319;421
319;422
319;423
319;424
319;425
319;426
319;427
319;428
319;429
319;430
319;431
319;432
319;433
319;434
319;435
319;436
319;437
319;438
319;439
319;440
319;441
319;442
319;443
319;444
319;445
319;446
319;447
319;448
319;449
319;450
319;451
319;452
319;453
319;454
319;455
319;456
319;457
319;458
319;459
319;460
319;461
319;462
319;463
319;464
319;465
319;466
319;467
319;468
319;469
319;470
319;471
319;472
319;473
319;475
319;493
319;494
319;495
319;496
319;497
319;498
319;499
319;500
319;501
319;502
319;503
319;504
319;505
319;506
319;507
319;508
319;509
319;510
319;511
319;512
319;513
319;514
319;515
319;516
319;517
319;518
319;519
319;520
319;521
319;522
319;523
319;524
319;525
319;526
319;527
319;528
319;529
319;530
319;531
319;532
319;533
319;534
319;535
319;536
320;90
320;91
320;92
320;93
320;94
320;95
320;96
320;97
320;98
320;99
320;100
320;101
320;102
320;103
320;104
320;105
320;106
320;107
320;108
320;109
320;110
320;111
320;112
320;113
320;114
320;115
320;116
320;117
320;118
320;119
320;120
320;121
320;122
320;123
320;124
320;125
320;126
320;127
320;128
320;129
320;130
320;131
320;132
320;133
320;134
320;135
320;136
320;137
320;138
320;157
320;158
320;159
320;160
320;161
320;162
320;163
320;164
320;165
320;166
320;167
320;168
320;169
320;170
320;171
320;172
320;173
320;174
320;175
320;176
320;177
320;178
320;179
320;180
320;181
320;182
320;183
320;184
320;185
320;186
320;187
320;189
320;343
320;344
320;345
320;346
320;347
320;348
320;349
320;350
320;351
320;352
320;353
320;354
320;355
320;356
320;357
320;358
320;359
320;360
320;361
320;362
320;363
320;364
320;365
320;366
320;367
320;368
320;369
320;370
320;371
320;372
320;373
320;374
320;375
320;376
320;377
320;378
320;379
320;380
320;381
320;382
320;383
320;384
320;385
320;386
320;387
320;388
320;389
320;390
320;391
320;392
320;393
320;394
320;395
320;396
320;397
320;398
320;399
320;400
320;401
320;402
320;403
320;404
320;405
320;406
320;407
320;408
320;409
320;410
320;411
320;412
320;413
320;414
320;415
320;416
320;417
320;418
320;419
320;420
320;421
320;422
320;423
320;424
320;425
320;426
320;427
320;428
320;429
320;430
320;431
320;432
320;433
320;434
320;435
320;436
320;437
320;438
320;439
320;440
320;441
320;442
320;443
320;444
320;445
320;446
320;447
320;448
320;449
320;450
320;451
320;452
320;453
320;454
320;455
320;456
320;457
320;458
320;459
320;460
320;461
320;462
320;463
320;464
320;465
320;466
320;467
320;468
320;469
320;470
320;471
320;472
320;473
320;474
320;475
320;476
320;477
320;494
320;495
320;496
320;497
320;498
320;499
320;500
320;501
320;502
320;503
320;504
320;505
320;506
320;507
320;508
320;509
320;510
320;511
320;512
320;513
320;514
320;515
320;516
320;517
320;518
320;519
320;520
320;521
320;522
320;523
320;524
320;525
320;526
320;527
320;528
320;529
320;530
320;531
320;532
320;533
320;534
320;535
320;536
321;90
321;91
321;92
321;93
321;94
321;95
321;96
321;97
321;98
321;99
321;100
321;101
321;102
321;103
321;104
321;105
321;106
321;107
321;108
321;109
321;110
321;111
321;112
321;113
321;114
321;115
321;116
321;117
321;118
321;119
321;120
321;121
321;122
321;123
321;124
321;125
321;126
321;127
321;128
321;129
321;130
321;131
321;132
321;133
321;134
321;135
321;136
321;137
321;138
321;155
321;156
321;157
321;158
321;159
321;160
321;161
321;162
321;163
321;164
321;165
321;166
321;167
321;168
321;169
321;170
321;171
321;172
321;173
321;174
321;175
321;176
321;177
321;178
321;179
321;180
321;181
321;182
321;183
321;184
321;185
321;186
321;187
321;188
321;189
321;190
321;191
321;343
321;344
321;345
321;346
321;347
321;348
321;349
321;350
321;351
321;352
321;353
321;354
321;355
321;356
321;357
321;358
321;359
321;360
321;361
321;362
321;363
321;364
321;365
321;366
321;367
321;368
321;369
321;370
321;371
321;372
321;373
321;374
321;375
321;376
321;377
321;378
321;379
321;380
321;381
321;382
321;383
321;384
321;385
321;386
321;387
321;388
321;389
321;390
321;391
321;392
321;393
321;394
321;395
321;396
321;397
321;398
321;399
321;400
321;401
321;402
321;403
321;404
321;405
321;406
321;407
321;408
321;409
321;410
321;411
321;412
321;413
321;414
321;415
321;416
321;417
321;418
321;419
321;420
321;421
321;422
321;423
321;424
321;425
321;426
321;427
321;428
321;429
321;430
321;431
321;432
321;433
321;434
321;435
321;436
321;437
321;438
321;439
321;440
321;441
321;442
321;443
321;444
321;445
321;446
321;447
321;448
321;449
321;450
321;451
321;452
321;453
321;454
321;455
321;456
321;457
321;458
321;459
321;460
321;461
321;462
321;463
321;464
321;465
321;466
321;467
321;468
321;469
321;470
321;471
321;472
321;473
321;474
321;475
321;476
321;477
321;478
321;479
321;494
321;495
321;496
321;497
321;498
321;499
321;500
321;501
321;502
321;503
321;504
321;505
321;506
321;507
321;508
321;509
321;510
321;511
321;512
321;513
321;514
321;515
321;516
321;517
321;518
321;519
321;520
321;521
321;522
321;523
321;524
321;525
321;526
321;527
321;528
321;529
321;530
321;531
321;532
321;533
321;534
321;535
321;536
322;91
322;92
322;93
322;94
322;95
322;96
322;97
322;98
322;99
322;100
322;101
322;102
322;103
322;104
322;105
322;106
322;107
322;108
322;109
322;110
322;111
322;112
322;113
322;114
322;115
322;116
322;117
322;118
322;119
322;120
322;121
322;122
322;123
322;124
322;125
322;126
322;127
322;128
322;129
322;130
322;131
322;132
322;133
322;134
322;135
322;136
322;137
322;153
322;154
322;155
322;156
322;157
322;158
322;159
322;160
322;161
322;162
322;163
322;164
322;165
322;166
322;167
322;168
322;169
322;170
322;171
322;172
322;173
322;174
322;175
322;176
322;177
322;178
322;179
322;180
322;181
322;182
322;183
322;184
322;185
322;186
322;187
322;188
322;189
322;190
322;191
322;192
322;342
322;343
322;344
322;345
322;346
322;347
322;348
322;349
322;350
322;351
322;352
322;353
322;354
322;355
322;356
322;357
322;358
322;359
322;360
322;361
322;362
322;363
322;364
322;365
322;366
322;367
322;368
322;369
322;370
322;371
322;372
322;373
322;374
322;375
322;376
322;377
322;378
322;379
322;380
322;381
322;382
322;383
322;384
322;385
322;386
322;387
322;388
322;389
322;390
322;391
322;392
322;393
322;394
322;395
322;396
322;397
322;398
322;399
322;400
322;401
322;402
322;403
322;404
322;405
322;406
322;407
322;408
322;409
322;410
322;411
322;412
322;413
322;414
322;415
322;416
322;417
322;418
322;419
322;420
322;421
322;422
322;423
322;424
322;425
322;426
322;427
322;428
322;429
322;430
322;431
322;432
322;433
322;434
322;435
322;436
322;437
322;438
322;439
322;440
322;441
322;442
322;443
322;444
322;445
322;446
322;447
322;448
322;449
322;450
322;451
322;452
322;453
322;454
322;455
322;456
322;457
322;458
322;459
322;460
322;461
322;462
322;463
322;464
322;465
322;466
322;467
322;468
322;469
322;470
322;471
322;472
322;473
322;474
322;475
322;476
322;477
322;478
322;479
322;480
322;481
322;495
322;496
322;497
322;498
322;499
322;500
322;501
322;502
322;503
322;504
322;505
322;506
322;507
322;508
322;509
322;510
322;511
322;512
322;513
322;514
322;515
322;516
322;517
322;518
322;519
322;520
322;521
322;522
322;523
322;524
322;525
322;526
322;527
322;528
322;529
322;530
322;531
322;532
322;533
322;534
322;535
322;536
323;91
323;92
323;93
323;94
323;95
323;96
323;97
323;98
323;99
323;100
323;101
323;102
323;103
323;104
323;105
323;106
323;107
323;108
323;109
323;110
323;111
323;112
323;113
323;114
323;115
323;116
323;117
323;118
323;119
323;120
323;121
323;122
323;123
323;124
323;125
323;126
323;127
323;128
323;129
323;130
323;131
323;132
323;133
323;134
323;135
323;136
323;137
323;152
323;153
323;154
323;155
323;156
323;157
323;158
323;159
323;160
323;161
323;162
323;163
323;164
323;165
323;166
323;167
323;168
323;169
323;170
323;171
323;172
323;173
323;174
323;175
323;176
323;177
323;178
323;179
323;180
323;181
323;182
323;183
323;184
323;185
323;186
323;187
323;188
323;189
323;190
323;191
323;342
323;343
323;344
323;345
323;346
323;347
323;348
323;349
323;350
323;351
323;352
323;353
323;354
323;355
323;356
323;357
323;358
323;359
323;360
323;361
323;362
323;363
323;364
323;365
323;366
323;367
323;368
323;369
323;370
323;371
323;372
323;373
323;374
323;375
323;376
323;377
323;378
323;379
323;380
323;381
323;382
323;383
323;384
323;385
323;386
323;387
323;388
323;389
323;390
323;391
323;392
323;393
323;394
323;395
323;396
323;397
323;398
323;399
323;400
323;401
323;402
323;403
323;404
323;405
323;406
323;407
323;408
323;409
323;410
323;411
323;412
323;413
323;414
323;415
323;416
323;417
323;418
323;419
323;420
323;421
323;422
323;423
323;424
323;425
323;426
323;427
323;428
323;429
323;430
323;431
323;432
323;433
323;434
323;435
323;436
323;437
323;438
323;439
323;440
323;441
323;442
323;443
323;444
323;445
323;446
323;447
323;448
323;449
323;450
323;451
323;452
323;453
323;454
323;455
323;456
323;457
323;458
323;459
323;460
323;461
323;462
323;463
323;464
323;465
323;466
323;467
323;468
323;469
323;470
323;471
323;472
323;473
323;474
323;475
323;476
323;477
323;478
323;479
323;480
323;481
323;482
323;483
323;495
323;496
323;497
323;498
323;499
323;500
323;501
323;502
323;503
323;504
323;505
323;506
323;507
323;508
323;509
323;510
323;511
323;512
323;513
323;514
323;515
323;516
323;517
323;518
323;519
323;520
323;521
323;522
323;523
323;524
323;525
323;526
323;527
323;528
323;529
323;530
323;531
323;532
323;533
323;534
323;535
323;536
324;92
324;93
324;94
324;95
324;96
324;97
324;98
324;99
324;100
324;101
324;102
324;103
324;104
324;105
324;106
324;107
324;108
324;109
324;110
324;111
324;112
324;113
324;114
324;115
324;116
324;117
324;118
324;119
324;120
324;121
324;122
324;123
324;124
324;125
324;126
324;127
324;128
324;129
324;130
324;131
324;132
324;133
324;134
324;135
324;136
324;151
324;152
324;153
324;154
324;155
324;156
324;157
324;158
324;159
324;160
324;161
324;162
324;163
324;164
324;165
324;166
324;167
324;168
324;169
324;170
324;171
324;172
324;173
324;174
324;175
324;176
324;177
324;178
324;179
324;180
324;181
324;182
324;183
324;184
324;185
324;186
324;187
324;188
324;189
324;190
324;342
324;343
324;344
324;345
324;346
324;347
324;348
324;349
324;350
324;351
324;352
324;353
324;354
324;355
324;356
324;357
324;358
324;359
324;360
324;361
324;362
324;363
324;364
324;365
324;366
324;367
324;368
324;369
324;370
324;371
324;372
324;373
324;374
324;375
324;376
324;377
324;378
324;379
324;380
324;381
324;382
324;383
324;384
324;385
324;386
324;387
324;388
324;389
324;390
324;391
324;392
324;393
324;394
324;395
324;396
324;397
324;398
324;399
324;400
324;401
324;402
324;403
324;404
324;405
324;406
324;407
324;408
324;409
324;410
324;411
324;412
324;413
324;414
324;415
324;416
324;417
324;418
324;419
324;420
324;421
324;422
324;423
324;424
324;425
324;426
324;427
324;428
324;429
324;430
324;431
324;432
324;433
324;434
324;435
324;436
324;437
324;438
324;439
324;440
324;441
324;442
324;443
324;444
324;445
324;446
324;447
324;448
324;449
324;450
324;451
324;452
324;453
324;454
324;455
324;456
324;457
324;458
324;459
324;460
324;461
324;462
324;463
324;464
324;465
324;466
324;467
324;468
324;469
324;470
324;471
324;472
324;473
324;474
324;475
324;476
324;477
324;478
324;479
324;480
324;481
324;482
324;483
324;484
324;485
324;496
324;497
324;498
324;499
324;500
324;501
324;502
324;503
324;504
324;505
324;506
324;507
324;508
324;509
324;510
324;511
324;512
324;513
324;514
324;515
324;516
324;517
324;518
324;519
324;520
324;521
324;522
324;523
324;524
324;525
324;526
324;527
324;528
324;529
324;530
324;531
324;532
324;533
324;534
324;535
324;536
325;92
325;93
325;94
325;95
325;96
325;97
325;98
325;99
325;100
325;101
325;102
325;103
325;104
325;105
325;106
325;107
325;108
325;109
325;110
325;111
325;112
325;113
325;114
325;115
325;116
325;117
325;118
325;119
325;120
325;121
325;122
325;123
325;124
325;125
325;126
325;127
325;128
325;129
325;130
325;131
325;132
325;133
325;134
325;135
325;136
325;150
325;151
325;152
325;153
325;154
325;155
325;156
325;157
325;158
325;159
325;160
325;161
325;162
325;163
325;164
325;165
325;166
325;167
325;168
325;169
325;170
325;171
325;172
325;173
325;174
325;175
325;176
325;177
325;178
325;179
325;180
325;181
325;182
325;183
325;184
325;185
325;186
325;187
325;188
325;189
325;190
325;341
325;342
325;343
325;344
325;345
325;346
325;347
325;348
325;349
325;350
325;351
325;352
325;353
325;354
325;355
325;356
325;357
325;358
325;359
325;360
325;361
325;362
325;363
325;364
325;365
325;366
325;367
325;368
325;369
325;370
325;371
325;372
325;373
325;374
325;375
325;376
325;377
325;378
325;379
325;380
325;381
325;382
325;383
325;384
325;385
325;386
325;387
325;388
325;389
325;390
325;391
325;392
325;393
325;394
325;395
325;396
325;397
325;398
325;399
325;400
325;401
325;402
325;403
325;404
325;405
325;406
325;407
325;408
325;409
325;410
325;411
325;412
325;413
325;414
325;415
325;416
325;417
325;418
325;419
325;420
325;421
325;422
325;423
325;424
325;425
325;426
325;427
325;428
325;429
325;430
325;431
325;432
325;433
325;434
325;435
325;436
325;437
325;438
325;439
325;440
325;441
325;442
325;443
325;444
325;445
325;446
325;447
325;448
325;449
325;450
325;451
325;452
325;453
325;454
325;455
325;456
325;457
325;458
325;459
325;460
325;461
325;462
325;463
325;464
325;465
325;466
325;467
325;468
325;469
325;470
325;471
325;472
325;473
325;474
325;475
325;476
325;477
325;478
325;479
325;480
325;481
325;482
325;483
325;484
325;485
325;486
325;487
325;496
325;497
325;498
325;499
325;500
325;501
325;502
325;503
325;504
325;505
325;506
325;507
325;508
325;509
325;510
325;511
325;512
325;513
325;514
325;515
325;516
325;517
325;518
325;519
325;520
325;521
325;522
325;523
325;524
325;525
325;526
325;527
325;528
325;529
325;530
325;531
325;532
325;533
325;534
325;535
325;536
326;92
326;93
326;94
326;95
326;96
326;97
326;98
326;99
326;100
326;101
326;102
326;103
326;104
326;105
326;106
326;107
326;108
326;109
326;110
326;111
326;112
326;113
326;114
326;115
326;116
326;117
326;118
326;119
326;120
326;121
326;122
326;123
326;124
326;125
326;126
326;127
326;128
326;129
326;130
326;131
326;132
326;133
326;134
326;135
326;149
326;150
326;151
326;152
326;153
326;154
326;155
326;156
326;157
326;158
326;159
326;160
326;161
326;162
326;163
326;164
326;165
326;166
326;167
326;168
326;169
326;170
326;171
326;172
326;173
326;174
326;175
326;176
326;177
326;178
326;179
326;180
326;181
326;182
326;183
326;184
326;185
326;186
326;187
326;188
326;189
326;190
326;341
326;342
326;343
326;344
326;345
326;346
326;347
326;348
326;349
326;350
326;351
326;352
326;353
326;354
326;355
326;356
326;357
326;358
326;359
326;360
326;361
326;362
326;363
326;364
326;365
326;366
326;367
326;368
326;369
326;370
326;371
326;372
326;373
326;374
326;375
326;376
326;377
326;378
326;379
326;380
326;381
326;382
326;383
326;384
326;385
326;386
326;387
326;388
326;389
326;390
326;391
326;392
326;393
326;394
326;395
326;396
326;397
326;398
326;399
326;400
326;401
326;402
326;403
326;404
326;405
326;406
326;407
326;408
326;409
326;410
326;411
326;412
326;413
326;414
326;415
326;416
326;417
326;418
326;419
326;420
326;421
326;422
326;423
326;424
326;425
326;426
326;427
326;428
326;429
326;430
326;431
326;432
326;433
326;434
326;435
326;436
326;437
326;438
326;439
326;440
326;441
326;442
326;443
326;444
326;445
326;446
326;447
326;448
326;449
326;450
326;451
326;452
326;453
326;454
326;455
326;456
326;457
326;458
326;459
326;460
326;461
326;462
326;463
326;464
326;465
326;466
326;467
326;468
326;469
326;470
326;471
326;472
326;473
326;474
326;475
326;476
326;477
326;478
326;479
326;480
326;481
326;482
326;483
326;484
326;485
326;486
326;487
326;488
326;489
326;497
326;498
326;499
326;500
326;501
326;502
326;503
326;504
326;505
326;506
326;507
326;508
326;509
326;510
326;511
326;512
326;513
326;514
326;515
326;516
326;517
326;518
326;519
326;520
326;521
326;522
326;523
326;524
326;525
326;526
326;527
326;528
326;529
326;530
326;531
326;532
326;533
326;534
326;535
326;536
327;93
327;94
327;95
327;96
327;97
327;98
327;99
327;100
327;101
327;102
327;103
327;104
327;105
327;106
327;107
327;108
327;109
327;110
327;111
327;112
327;113
327;114
327;115
327;116
327;117
327;118
327;119
327;120
327;121
327;122
327;123
327;124
327;125
327;126
327;127
327;128
327;129
327;130
327;131
327;132
327;133
327;134
327;149
327;150
327;151
327;152
327;153
327;154
327;155
327;156
327;157
327;158
327;159
327;160
327;161
327;162
327;163
327;164
327;165
327;166
327;167
327;168
327;169
327;170
327;171
327;172
327;173
327;174
327;175
327;176
327;177
327;178
327;179
327;180
327;181
327;182
327;183
327;184
327;185
327;186
327;187
327;188
327;189
327;341
327;342
327;343
327;344
327;345
327;346
327;347
327;348
327;349
327;350
327;351
327;352
327;353
327;354
327;355
327;356
327;357
327;358
327;359
327;360
327;361
327;362
327;363
327;364
327;365
327;366
327;367
327;368
327;369
327;370
327;371
327;372
327;373
327;374
327;375
327;376
327;377
327;378
327;379
327;380
327;381
327;382
327;383
327;384
327;385
327;386
327;387
327;388
327;389
327;390
327;391
327;392
327;393
327;394
327;395
327;396
327;397
327;398
327;399
327;400
327;401
327;402
327;403
327;404
327;405
327;406
327;407
327;408
327;409
327;410
327;411
327;412
327;413
327;414
327;415
327;416
327;417
327;418
327;419
327;420
327;421
327;422
327;423
327;424
327;425
327;426
327;427
327;428
327;429
327;430
327;431
327;432
327;433
327;434
327;435
327;436
327;437
327;438
327;439
327;440
327;441
327;442
327;443
327;444
327;445
327;446
327;447
327;448
327;449
327;450
327;451
327;452
327;453
327;454
327;455
327;456
327;457
327;458
327;459
327;460
327;461
327;462
327;463
327;464
327;465
327;466
327;467
327;468
327;469
327;470
327;471
327;472
327;473
327;474
327;475
327;476
327;477
327;478
327;479
327;480
327;481
327;482
327;483
327;484
327;485
327;486
327;487
327;488
327;489
327;490
327;497
327;498
327;499
327;500
327;501
327;502
327;503
327;504
327;505
327;506
327;507
327;508
327;509
327;510
327;511
327;512
327;513
327;514
327;515
327;516
327;517
327;518
327;519
327;520
327;521
327;522
327;523
327;524
327;525
327;526
327;527
327;528
327;529
327;530
327;531
327;532
327;533
327;534
327;535
327;536
328;94
328;95
328;96
328;97
328;98
328;99
328;100
328;101
328;102
328;103
328;104
328;105
328;106
328;107
328;108
328;109
328;110
328;111
328;112
328;113
328;114
328;115
328;116
328;117
328;118
328;119
328;120
328;121
328;122
328;123
328;124
328;125
328;126
328;127
328;128
328;129
328;130
328;131
328;132
328;133
328;134
328;148
328;149
328;150
328;151
328;152
328;153
328;154
328;155
328;156
328;157
328;158
328;159
328;160
328;161
328;162
328;163
328;164
328;165
328;166
328;167
328;168
328;169
328;170
328;171
328;172
328;173
328;174
328;175
328;176
328;177
328;178
328;179
328;180
328;181
328;182
328;183
328;184
328;185
328;186
328;187
328;188
328;189
328;277
328;279
328;280
328;281
328;282
328;341
328;342
328;343
328;344
328;345
328;346
328;347
328;348
328;349
328;350
328;351
328;352
328;353
328;354
328;355
328;356
328;357
328;358
328;359
328;360
328;361
328;362
328;363
328;364
328;365
328;366
328;367
328;368
328;369
328;370
328;371
328;372
328;373
328;374
328;375
328;376
328;377
328;378
328;379
328;380
328;381
328;382
328;383
328;384
328;385
328;386
328;387
328;388
328;389
328;390
328;391
328;392
328;393
328;394
328;395
328;396
328;397
328;398
328;399
328;400
328;401
328;402
328;403
328;404
328;405
328;406
328;407
328;408
328;409
328;410
328;411
328;412
328;413
328;414
328;415
328;416
328;417
328;418
328;419
328;420
328;421
328;422
328;423
328;424
328;425
328;426
328;427
328;428
328;429
328;430
328;431
328;432
328;433
328;434
328;435
328;436
328;437
328;438
328;439
328;440
328;441
328;442
328;443
328;444
328;445
328;446
328;447
328;448
328;449
328;450
328;451
328;452
328;453
328;454
328;455
328;456
328;457
328;458
328;459
328;460
328;461
328;462
328;463
328;464
328;465
328;466
328;467
328;468
328;469
328;470
328;471
328;472
328;473
328;474
328;475
328;476
328;477
328;478
328;479
328;480
328;481
328;482
328;483
328;484
328;485
328;486
328;487
328;488
328;489
328;490
328;491
328;498
328;499
328;500
328;501
328;502
328;503
328;504
328;505
328;506
328;507
328;508
328;509
328;510
328;511
328;512
328;513
328;514
328;515
328;516
328;517
328;518
328;519
328;520
328;521
328;522
328;523
328;524
328;525
328;526
328;527
328;528
328;529
328;530
328;531
328;532
328;533
328;534
328;535
328;536
329;95
329;96
329;97
329;98
329;99
329;100
329;101
329;102
329;103
329;104
329;105
329;106
329;107
329;108
329;109
329;110
329;111
329;112
329;113
329;114
329;115
329;116
329;117
329;118
329;119
329;120
329;121
329;122
329;123
329;124
329;125
329;126
329;127
329;128
329;129
329;130
329;131
329;132
329;133
329;147
329;148
329;149
329;150
329;151
329;152
329;153
329;154
329;155
329;156
329;157
329;158
329;159
329;160
329;161
329;162
329;163
329;164
329;165
329;166
329;167
329;168
329;169
329;170
329;171
329;172
329;173
329;174
329;175
329;176
329;177
329;178
329;179
329;180
329;181
329;182
329;183
329;184
329;185
329;186
329;187
329;188
329;271
329;273
329;274
329;275
329;276
329;277
329;278
329;279
329;280
329;281
329;341
329;342
329;343
329;344
329;345
329;346
329;347
329;348
329;349
329;350
329;351
329;352
329;353
329;354
329;355
329;356
329;357
329;358
329;359
329;360
329;361
329;362
329;363
329;364
329;365
329;366
329;367
329;368
329;369
329;370
329;371
329;372
329;373
329;374
329;375
329;376
329;377
329;378
329;379
329;380
329;381
329;382
329;383
329;384
329;385
329;386
329;387
329;388
329;389
329;390
329;391
329;392
329;393
329;394
329;395
329;396
329;397
329;398
329;399
329;400
329;401
329;402
329;403
329;404
329;405
329;406
329;407
329;408
329;409
329;410
329;411
329;412
329;413
329;414
329;415
329;416
329;417
329;418
329;419
329;420
329;421
329;422
329;423
329;424
329;425
329;426
329;427
329;428
329;429
329;430
329;431
329;432
329;433
329;434
329;435
329;436
329;437
329;438
329;439
329;440
329;441
329;442
329;443
329;444
329;445
329;446
329;447
329;448
329;449
329;450
329;451
329;452
329;453
329;454
329;455
329;456
329;457
329;458
329;459
329;460
329;461
329;462
329;463
329;464
329;465
329;466
329;467
329;468
329;469
329;470
329;471
329;472
329;473
329;474
329;475
329;476
329;477
329;478
329;479
329;480
329;481
329;482
329;483
329;484
329;485
329;486
329;487
329;488
329;489
329;490
329;491
329;492
329;493
329;498
329;499
329;500
329;501
329;502
329;503
329;504
329;505
329;506
329;507
329;508
329;509
329;510
329;511
329;512
329;513
329;514
329;515
329;516
329;517
329;518
329;519
329;520
329;521
329;522
329;523
329;524
329;525
329;526
329;527
329;528
329;529
329;530
329;531
329;532
329;533
329;534
329;535
329;536
330;96
330;97
330;98
330;99
330;100
330;101
330;102
330;103
330;104
330;105
330;106
330;107
330;108
330;109
330;110
330;111
330;112
330;113
330;114
330;115
330;116
330;117
330;118
330;119
330;120
330;121
330;122
330;123
330;124
330;125
330;126
330;127
330;128
330;129
330;130
330;131
330;132
330;147
330;148
330;149
330;150
330;151
330;152
330;153
330;154
330;155
330;156
330;157
330;158
330;159
330;160
330;161
330;162
330;163
330;164
330;165
330;166
330;167
330;168
330;169
330;170
330;171
330;172
330;173
330;174
330;175
330;176
330;177
330;178
330;179
330;180
330;181
330;182
330;183
330;184
330;185
330;186
330;187
330;188
330;267
330;269
330;270
330;271
330;272
330;273
330;274
330;275
330;276
330;277
330;278
330;279
330;280
330;281
330;340
330;341
330;342
330;343
330;344
330;345
330;346
330;347
330;348
330;349
330;350
330;351
330;352
330;353
330;354
330;355
330;356
330;357
330;358
330;359
330;360
330;361
330;362
330;363
330;364
330;365
330;366
330;367
330;368
330;369
330;370
330;371
330;372
330;373
330;374
330;375
330;376
330;377
330;378
330;379
330;380
330;381
330;382
330;383
330;384
330;385
330;386
330;387
330;388
330;389
330;390
330;391
330;392
330;393
330;394
330;395
330;396
330;397
330;398
330;399
330;400
330;401
330;402
330;403
330;404
330;405
330;406
330;407
330;408
330;409
330;410
330;411
330;412
330;413
330;414
330;415
330;416
330;417
330;418
330;419
330;420
330;421
330;422
330;423
330;424
330;425
330;426
330;427
330;428
330;429
330;430
330;431
330;432
330;433
330;434
330;435
330;436
330;437
330;438
330;439
330;440
330;441
330;442
330;443
330;444
330;445
330;446
330;447
330;448
330;449
330;450
330;451
330;452
330;453
330;454
330;455
330;456
330;457
330;458
330;459
330;460
330;461
330;462
330;463
330;464
330;465
330;466
330;467
330;468
330;469
330;470
330;471
330;472
330;473
330;474
330;475
330;476
330;477
330;478
330;479
330;480
330;481
330;482
330;483
330;484
330;485
330;486
330;487
330;488
330;489
330;490
330;491
330;492
330;493
330;499
330;500
330;501
330;502
330;503
330;504
330;505
330;506
330;507
330;508
330;509
330;510
330;511
330;512
330;513
330;514
330;515
330;516
330;517
330;518
330;519
330;520
330;521
330;522
330;523
330;524
330;525
330;526
330;527
330;528
330;529
330;530
330;531
330;532
330;533
330;534
330;535
330;536
331;97
331;98
331;99
331;100
331;101
331;102
331;103
331;104
331;105
331;106
331;107
331;108
331;109
331;110
331;111
331;112
331;113
331;114
331;115
331;116
331;117
331;118
331;119
331;120
331;121
331;122
331;123
331;124
331;125
331;126
331;127
331;128
331;129
331;130
331;131
331;147
331;148
331;149
331;150
331;151
331;152
331;153
331;154
331;155
331;156
331;157
331;158
331;159
331;160
331;161
331;162
331;163
331;164
331;165
331;166
331;167
331;168
331;169
331;170
331;171
331;172
331;173
331;174
331;175
331;176
331;177
331;178
331;179
331;180
331;181
331;182
331;183
331;184
331;185
331;186
331;187
331;261
331;263
331;264
331;265
331;266
331;267
331;268
331;269
331;270
331;271
331;272
331;273
331;274
331;275
331;276
331;277
331;278
331;279
331;280
331;340
331;341
331;342
331;343
331;344
331;345
331;346
331;347
331;348
331;349
331;350
331;351
331;352
331;353
331;354
331;355
331;356
331;357
331;358
331;359
331;360
331;361
331;362
331;363
331;364
331;365
331;366
331;367
331;368
331;369
331;370
331;371
331;372
331;373
331;374
331;375
331;376
331;377
331;378
331;379
331;380
331;381
331;382
331;383
331;384
331;385
331;386
331;387
331;388
331;389
331;390
331;391
331;392
331;393
331;394
331;395
331;396
331;397
331;398
331;399
331;400
331;401
331;402
331;403
331;404
331;405
331;406
331;407
331;408
331;409
331;410
331;411
331;412
331;413
331;414
331;415
331;416
331;417
331;418
331;419
331;420
331;421
331;422
331;423
331;424
331;425
331;426
331;427
331;428
331;429
331;430
331;431
331;432
331;433
331;434
331;435
331;436
331;437
331;438
331;439
331;440
331;441
331;442
331;443
331;444
331;445
331;446
331;447
331;448
331;449
331;450
331;451
331;452
331;453
331;454
331;455
331;456
331;457
331;458
331;459
331;460
331;461
331;462
331;463
331;464
331;465
331;466
331;467
331;468
331;469
331;470
331;471
331;472
331;473
331;474
331;475
331;476
331;477
331;478
331;479
331;480
331;481
331;482
331;483
331;484
331;485
331;486
331;487
331;488
331;489
331;490
331;491
331;492
331;493
331;494
331;495
331;500
331;501
331;502
331;503
331;504
331;505
331;506
331;507
331;508
331;509
331;510
331;511
331;512
331;513
331;514
331;515
331;516
331;517
331;518
331;519
331;520
331;521
331;522
331;523
331;524
331;525
331;526
331;527
331;528
331;529
331;530
331;531
331;532
331;533
331;534
331;535
331;536
332;98
332;99
332;100
332;101
332;102
332;103
332;104
332;105
332;106
332;107
332;108
332;109
332;110
332;111
332;112
332;113
332;114
332;115
332;116
332;117
332;118
332;119
332;120
332;121
332;122
332;123
332;124
332;125
332;126
332;127
332;128
332;129
332;130
332;146
332;147
332;148
332;149
332;150
332;151
332;152
332;153
332;154
332;155
332;156
332;157
332;158
332;159
332;160
332;161
332;162
332;163
332;164
332;165
332;166
332;167
332;168
332;169
332;170
332;171
332;172
332;173
332;174
332;175
332;176
332;177
332;178
332;179
332;180
332;181
332;182
332;183
332;184
332;185
332;186
332;187
332;255
332;257
332;258
332;259
332;260
332;261
332;262
332;263
332;264
332;265
332;266
332;267
332;268
332;269
332;270
332;271
332;272
332;273
332;274
332;275
332;276
332;277
332;278
332;279
332;280
332;340
332;341
332;342
332;343
332;344
332;345
332;346
332;347
332;348
332;349
332;350
332;351
332;352
332;353
332;354
332;355
332;356
332;357
332;358
332;359
332;360
332;361
332;362
332;363
332;364
332;365
332;366
332;367
332;368
332;369
332;370
332;371
332;372
332;373
332;374
332;375
332;376
332;377
332;378
332;379
332;380
332;381
332;382
332;383
332;384
332;385
332;386
332;387
332;388
332;389
332;390
332;391
332;392
332;393
332;394
332;395
332;396
332;397
332;398
332;399
332;400
332;401
332;402
332;403
332;404
332;405
332;406
332;407
332;408
332;409
332;410
332;411
332;412
332;413
332;414
332;415
332;416
332;417
332;418
332;419
332;420
332;421
332;422
332;423
332;424
332;425
332;426
332;427
332;428
332;429
332;430
332;431
332;432
332;433
332;434
332;435
332;436
332;437
332;438
332;439
332;440
332;441
332;442
332;443
332;444
332;445
332;446
332;447
332;448
332;449
332;450
332;451
332;452
332;453
332;454
332;455
332;456
332;457
332;458
332;459
332;460
332;461
332;462
332;463
332;464
332;465
332;466
332;467
332;468
332;469
332;470
332;471
332;472
332;473
332;474
332;475
332;476
332;477
332;478
332;479
332;480
332;481
332;482
332;483
332;484
332;485
332;486
332;487
332;488
332;489
332;490
332;491
332;492
332;493
332;494
332;495
332;500
332;501
332;502
332;503
332;504
332;505
332;506
332;507
332;508
332;509
332;510
332;511
332;512
332;513
332;514
332;515
332;516
332;517
332;518
332;519
332;520
332;521
332;522
332;523
332;524
332;525
332;526
332;527
332;528
332;529
332;530
332;531
332;532
332;533
332;534
332;535
332;536
333;100
333;101
333;102
333;103
333;104
333;105
333;106
333;107
333;108
333;109
333;110
333;111
333;112
333;113
333;114
333;115
333;116
333;117
333;118
333;119
333;120
333;121
333;122
333;123
333;124
333;125
333;126
333;127
333;128
333;146
333;147
333;148
333;149
333;150
333;151
333;152
333;153
333;154
333;155
333;156
333;157
333;158
333;159
333;160
333;161
333;162
333;163
333;164
333;165
333;166
333;167
333;168
333;169
333;170
333;171
333;172
333;173
333;174
333;175
333;176
333;177
333;178
333;179
333;180
333;181
333;182
333;183
333;184
333;185
333;186
333;187
333;249
333;251
333;252
333;253
333;254
333;255
333;256
333;257
333;258
333;259
333;260
333;261
333;262
333;263
333;264
333;265
333;266
333;267
333;268
333;269
333;270
333;271
333;272
333;273
333;274
333;275
333;276
333;277
333;278
333;279
333;280
333;339
333;340
333;341
333;342
333;343
333;344
333;345
333;346
333;347
333;348
333;349
333;350
333;351
333;352
333;353
333;354
333;355
333;356
333;357
333;358
333;359
333;360
333;361
333;362
333;363
333;364
333;365
333;366
333;367
333;368
333;369
333;370
333;371
333;372
333;373
333;374
333;375
333;376
333;377
333;378
333;379
333;380
333;381
333;382
333;383
333;384
333;385
333;386
333;387
333;388
333;389
333;390
333;391
333;392
333;393
333;394
333;395
333;396
333;397
333;398
333;399
333;400
333;401
333;402
333;403
333;404
333;405
333;406
333;407
333;408
333;409
333;410
333;411
333;412
333;413
333;414
333;415
333;416
333;417
333;418
333;419
333;420
333;421
333;422
333;423
333;424
333;425
333;426
333;427
333;428
333;429
333;430
333;431
333;432
333;433
333;434
333;435
333;436
333;437
333;438
333;439
333;440
333;441
333;442
333;443
333;444
333;445
333;446
333;447
333;448
333;449
333;450
333;451
333;452
333;453
333;454
333;455
333;456
333;457
333;458
333;459
333;460
333;461
333;462
333;463
333;464
333;465
333;466
333;467
333;468
333;469
333;470
333;471
333;472
333;473
333;474
333;475
333;476
333;477
333;478
333;479
333;480
333;481
333;482
333;483
333;484
333;485
333;486
333;487
333;488
333;489
333;490
333;491
333;492
333;493
333;494
333;495
333;496
333;497
333;500
333;501
333;502
333;503
333;504
333;505
333;506
333;507
333;508
333;509
333;510
333;511
333;512
333;513
333;514
333;515
333;516
333;517
333;518
333;519
333;520
333;521
333;522
333;523
333;524
333;525
333;526
333;527
333;528
333;529
333;530
333;531
333;532
333;533
333;534
333;535
333;536
334;102
334;103
334;104
334;105
334;106
334;107
334;108
334;109
334;110
334;111
334;112
334;113
334;114
334;115
334;116
334;117
334;118
334;119
334;120
334;121
334;122
334;123
334;124
334;125
334;126
334;146
334;147
334;148
334;149
334;150
334;151
334;152
334;153
334;154
334;155
334;156
334;157
334;158
334;159
334;160
334;161
334;162
334;163
334;164
334;165
334;166
334;167
334;168
334;169
334;170
334;171
334;172
334;173
334;174
334;175
334;176
334;177
334;178
334;179
334;180
334;181
334;182
334;183
334;184
334;185
334;186
334;187
334;243
334;245
334;246
334;247
334;248
334;249
334;250
334;251
334;252
334;253
334;254
334;255
334;256
334;257
334;258
334;259
334;260
334;261
334;262
334;263
334;264
334;265
334;266
334;267
334;268
334;269
334;270
334;271
334;272
334;273
334;274
334;275
334;276
334;277
334;278
334;279
334;339
334;340
334;341
334;342
334;343
334;344
334;345
334;346
334;347
334;348
334;349
334;350
334;351
334;352
334;353
334;354
334;355
334;356
334;357
334;358
334;359
334;360
334;361
334;362
334;363
334;364
334;365
334;366
334;367
334;368
334;369
334;370
334;371
334;372
334;373
334;374
334;375
334;376
334;377
334;378
334;379
334;380
334;381
334;382
334;383
334;384
334;385
334;386
334;387
334;388
334;389
334;390
334;391
334;392
334;393
334;394
334;395
334;396
334;397
334;398
334;399
334;400
334;401
334;402
334;403
334;404
334;405
334;406
334;407
334;408
334;409
334;410
334;411
334;412
334;413
334;414
334;415
334;416
334;417
334;418
334;419
334;420
334;421
334;422
334;423
334;424
334;425
334;426
334;427
334;428
334;429
334;430
334;431
334;432
334;433
334;434
334;435
334;436
334;437
334;438
334;439
334;440
334;441
334;442
334;443
334;444
334;445
334;446
334;447
334;448
334;449
334;450
334;451
334;452
334;453
334;454
334;455
334;456
334;457
334;458
334;459
334;460
334;461
334;462
334;463
334;464
334;465
334;466
334;467
334;468
334;469
334;470
334;471
334;472
334;473
334;474
334;475
334;476
334;477
334;478
334;479
334;480
334;481
334;482
334;483
334;484
334;485
334;486
334;487
334;488
334;489
334;490
334;491
334;492
334;493
334;494
334;495
334;496
334;497
334;501
334;502
334;503
334;504
334;505
334;506
334;507
334;508
334;509
334;510
334;511
334;512
334;513
334;514
334;515
334;516
334;517
334;518
334;519
334;520
334;521
334;522
334;523
334;524
334;525
334;526
334;527
334;528
334;529
334;530
334;531
334;532
334;533
334;534
334;535
334;536
335;104
335;105
335;106
335;107
335;108
335;109
335;110
335;111
335;112
335;113
335;114
335;115
335;116
335;117
335;118
335;119
335;120
335;121
335;122
335;123
335;124
335;146
335;147
335;148
335;149
335;150
335;151
335;152
335;153
335;154
335;155
335;156
335;157
335;158
335;159
335;160
335;161
335;162
335;163
335;164
335;165
335;166
335;167
335;168
335;169
335;170
335;171
335;172
335;173
335;174
335;175
335;176
335;177
335;178
335;179
335;180
335;181
335;182
335;183
335;184
335;185
335;186
335;187
335;237
335;239
335;240
335;241
335;242
335;243
335;244
335;245
335;246
335;247
335;248
335;249
335;250
335;251
335;252
335;253
335;254
335;255
335;256
335;257
335;258
335;259
335;260
335;261
335;262
335;263
335;264
335;265
335;266
335;267
335;268
335;269
335;270
335;271
335;272
335;273
335;274
335;275
335;276
335;277
335;278
335;279
335;339
335;340
335;341
335;342
335;343
335;344
335;345
335;346
335;347
335;348
335;349
335;350
335;351
335;352
335;353
335;354
335;355
335;356
335;357
335;358
335;359
335;360
335;361
335;362
335;363
335;364
335;365
335;366
335;367
335;368
335;369
335;370
335;371
335;372
335;373
335;374
335;375
335;376
335;377
335;378
335;379
335;380
335;381
335;382
335;383
335;384
335;385
335;386
335;387
335;388
335;389
335;390
335;391
335;392
335;393
335;394
335;395
335;396
335;397
335;398
335;399
335;400
335;401
335;402
335;403
335;404
335;405
335;406
335;407
335;408
335;409
335;410
335;411
335;412
335;413
335;414
335;415
335;416
335;417
335;418
335;419
335;420
335;421
335;422
335;423
335;424
335;425
335;426
335;427
335;428
335;429
335;430
335;431
335;432
335;433
335;434
335;435
335;436
335;437
335;438
335;439
335;440
335;441
335;442
335;443
335;444
335;445
335;446
335;447
335;448
335;449
335;450
335;451
335;452
335;453
335;454
335;455
335;456
335;457
335;458
335;459
335;460
335;461
335;462
335;463
335;464
335;465
335;466
335;467
335;468
335;469
335;470
335;471
335;472
335;473
335;474
335;475
335;476
335;477
335;478
335;479
335;480
335;481
335;482
335;483
335;484
335;485
335;486
335;487
335;488
335;489
335;490
335;491
335;492
335;493
335;494
335;495
335;496
335;497
335;498
335;502
335;503
335;504
335;505
335;506
335;507
335;508
335;509
335;510
335;511
335;512
335;513
335;514
335;515
335;516
335;517
335;518
335;519
335;520
335;521
335;522
335;523
335;524
335;525
335;526
335;527
335;528
335;529
335;530
335;531
335;532
335;533
335;534
335;535
335;536
336;106
336;107
336;108
336;109
336;110
336;111
336;112
336;113
336;114
336;115
336;116
336;117
336;118
336;119
336;120
336;121
336;122
336;146
336;147
336;148
336;149
336;150
336;151
336;152
336;153
336;154
336;155
336;156
336;157
336;158
336;159
336;160
336;161
336;162
336;163
336;164
336;165
336;166
336;167
336;168
336;169
336;170
336;171
336;172
336;173
336;174
336;175
336;176
336;177
336;178
336;179
336;180
336;181
336;182
336;183
336;184
336;185
336;186
336;187
336;231
336;233
336;234
336;235
336;236
336;237
336;238
336;239
336;240
336;241
336;242
336;243
336;244
336;245
336;246
336;247
336;248
336;249
336;250
336;251
336;252
336;253
336;254
336;255
336;256
336;257
336;258
336;259
336;260
336;261
336;262
336;263
336;264
336;265
336;266
336;267
336;268
336;269
336;270
336;271
336;272
336;273
336;274
336;275
336;276
336;277
336;278
336;279
336;339
336;340
336;341
336;342
336;343
336;344
336;345
336;346
336;347
336;348
336;349
336;350
336;351
336;352
336;353
336;354
336;355
336;356
336;357
336;358
336;359
336;360
336;361
336;362
336;363
336;364
336;365
336;366
336;367
336;368
336;369
336;370
336;371
336;372
336;373
336;374
336;375
336;376
336;377
336;378
336;379
336;380
336;381
336;382
336;383
336;384
336;385
336;386
336;387
336;388
336;389
336;390
336;391
336;392
336;393
336;394
336;395
336;396
336;397
336;398
336;399
336;400
336;401
336;402
336;403
336;404
336;405
336;406
336;407
336;408
336;409
336;410
336;411
336;412
336;413
336;414
336;415
336;416
336;417
336;418
336;419
336;420
336;421
336;422
336;423
336;424
336;425
336;426
336;427
336;428
336;429
336;430
336;431
336;432
336;433
336;434
336;435
336;436
336;437
336;438
336;439
336;440
336;441
336;442
336;443
336;444
336;445
336;446
336;447
336;448
336;449
336;450
336;451
336;452
336;453
336;454
336;455
336;456
336;457
336;458
336;459
336;460
336;461
336;462
336;463
336;464
336;465
336;466
336;467
336;468
336;469
336;470
336;471
336;472
336;473
336;474
336;475
336;476
336;477
336;478
336;479
336;480
336;481
336;482
336;483
336;484
336;485
336;486
336;487
336;488
336;489
336;490
336;491
336;492
336;493
336;494
336;495
336;496
336;497
336;498
336;499
336;502
336;503
336;504
336;505
336;506
336;507
336;508
336;509
336;510
336;511
336;512
336;513
336;514
336;515
336;516
336;517
336;518
336;519
336;520
336;521
336;522
336;523
336;524
336;525
336;526
336;527
336;528
336;529
336;530
336;531
336;532
336;533
336;534
336;535
336;536
337;110
337;112
337;114
337;116
337;118
337;146
337;147
337;148
337;149
337;150
337;151
337;152
337;153
337;154
337;155
337;156
337;157
337;158
337;159
337;160
337;161
337;162
337;163
337;164
337;165
337;166
337;167
337;168
337;169
337;170
337;171
337;172
337;173
337;174
337;175
337;176
337;177
337;178
337;179
337;180
337;181
337;182
337;183
337;184
337;185
337;186
337;187
337;227
337;229
337;230
337;231
337;232
337;233
337;234
337;235
337;236
337;237
337;238
337;239
337;240
337;241
337;242
337;243
337;244
337;245
337;246
337;247
337;248
337;249
337;250
337;251
337;252
337;253
337;254
337;255
337;256
337;257
337;258
337;259
337;260
337;261
337;262
337;263
337;264
337;265
337;266
337;267
337;268
337;269
337;270
337;271
337;272
337;273
337;274
337;275
337;276
337;277
337;278
337;338
337;339
337;340
337;341
337;342
337;343
337;344
337;345
337;346
337;347
337;348
337;349
337;350
337;351
337;352
337;353
337;354
337;355
337;356
337;357
337;358
337;359
337;360
337;361
337;362
337;363
337;364
337;365
337;366
337;367
337;368
337;369
337;370
337;371
337;372
337;373
337;374
337;375
337;376
337;377
337;378
337;379
337;380
337;381
337;382
337;383
337;384
337;385
337;386
337;387
337;388
337;389
337;390
337;391
337;392
337;393
337;394
337;395
337;396
337;397
337;398
337;399
337;400
337;401
337;402
337;403
337;404
337;405
337;406
337;407
337;408
337;409
337;410
337;411
337;412
337;413
337;414
337;415
337;416
337;417
337;418
337;419
337;420
337;421
337;422
337;423
337;424
337;425
337;426
337;427
337;428
337;429
337;430
337;431
337;432
337;433
337;434
337;435
337;436
337;437
337;438
337;439
337;440
337;441
337;442
337;443
337;444
337;445
337;446
337;447
337;448
337;449
337;450
337;451
337;452
337;453
337;454
337;455
337;456
337;457
337;458
337;459
337;460
337;461
337;462
337;463
337;464
337;465
337;466
337;467
337;468
337;469
337;470
337;471
337;472
337;473
337;474
337;475
337;476
337;477
337;478
337;479
337;480
337;481
337;482
337;483
337;484
337;485
337;486
337;487
337;488
337;489
337;490
337;491
337;492
337;493
337;494
337;495
337;496
337;497
337;498
337;499
337;502
337;503
337;504
337;505
337;506
337;507
337;508
337;509
337;510
337;511
337;512
337;513
337;514
337;515
337;516
337;517
337;518
337;519
337;520
337;521
337;522
337;523
337;524
337;525
337;526
337;527
337;528
337;529
337;530
337;531
337;532
337;533
337;534
337;535
337;536
338;146
338;147
338;148
338;149
338;150
338;151
338;152
338;153
338;154
338;155
338;156
338;157
338;158
338;159
338;160
338;161
338;162
338;163
338;164
338;165
338;166
338;167
338;168
338;169
338;170
338;171
338;172
338;173
338;174
338;175
338;176
338;177
338;178
338;179
338;180
338;181
338;182
338;183
338;184
338;185
338;186
338;187
338;221
338;223
338;224
338;225
338;226
338;227
338;228
338;229
338;230
338;231
338;232
338;233
338;234
338;235
338;236
338;237
338;238
338;239
338;240
338;241
338;242
338;243
338;244
338;245
338;246
338;247
338;248
338;249
338;250
338;251
338;252
338;253
338;254
338;255
338;256
338;257
338;258
338;259
338;260
338;261
338;262
338;263
338;264
338;265
338;266
338;267
338;268
338;269
338;270
338;271
338;272
338;273
338;274
338;275
338;276
338;277
338;278
338;338
338;339
338;340
338;341
338;342
338;343
338;344
338;345
338;346
338;347
338;348
338;349
338;350
338;351
338;352
338;353
338;354
338;355
338;356
338;357
338;358
338;359
338;360
338;361
338;362
338;363
338;364
338;365
338;366
338;367
338;368
338;369
338;370
338;371
338;372
338;373
338;374
338;375
338;376
338;377
338;378
338;379
338;380
338;381
338;382
338;383
338;384
338;385
338;386
338;387
338;388
338;389
338;390
338;391
338;392
338;393
338;394
338;395
338;396
338;397
338;398
338;399
338;400
338;401
338;402
338;403
338;404
338;405
338;406
338;407
338;408
338;409
338;410
338;411
338;412
338;413
338;414
338;415
338;416
338;417
338;418
338;419
338;420
338;421
338;422
338;423
338;424
338;425
338;426
338;427
338;428
338;429
338;430
338;431
338;432
338;433
338;434
338;435
338;436
338;437
338;438
338;439
338;440
338;441
338;442
338;443
338;444
338;445
338;446
338;447
338;448
338;449
338;450
338;451
338;452
338;453
338;454
338;455
338;456
338;457
338;458
338;459
338;460
338;461
338;462
338;463
338;464
338;465
338;466
338;467
338;468
338;469
338;470
338;471
338;472
338;473
338;474
338;475
338;476
338;477
338;478
338;479
338;480
338;481
338;482
338;483
338;484
338;485
338;486
338;487
338;488
338;489
338;490
338;491
338;492
338;493
338;494
338;495
338;496
338;497
338;498
338;499
338;500
338;503
338;504
338;505
338;506
338;507
338;508
338;509
338;510
338;511
338;512
338;513
338;514
338;515
338;516
338;517
338;518
338;519
338;520
338;521
338;522
338;523
338;524
338;525
338;526
338;527
338;528
338;529
338;530
338;531
338;532
338;533
338;534
338;535
338;536
339;146
339;147
339;148
339;149
339;150
339;151
339;152
339;153
339;154
339;155
339;156
339;157
339;158
339;159
339;160
339;161
339;162
339;163
339;164
339;165
339;166
339;167
339;168
339;169
339;170
339;171
339;172
339;173
339;174
339;175
339;176
339;177
339;178
339;179
339;180
339;181
339;182
339;183
339;184
339;185
339;186
339;220
339;221
339;222
339;223
339;224
339;225
339;226
339;227
339;228
339;229
339;230
339;231
339;232
339;233
339;234
339;235
339;236
339;237
339;238
339;239
339;240
339;241
339;242
339;243
339;244
339;245
339;246
339;247
339;248
339;249
339;250
339;251
339;252
339;253
339;254
339;255
339;256
339;257
339;258
339;259
339;260
339;261
339;262
339;263
339;264
339;265
339;266
339;267
339;268
339;269
339;270
339;271
339;272
339;273
339;274
339;275
339;276
339;277
339;278
339;338
339;339
339;340
339;341
339;342
339;343
339;344
339;345
339;346
339;347
339;348
339;349
339;350
339;351
339;352
339;353
339;354
339;355
339;356
339;357
339;358
339;359
339;360
339;361
339;362
339;363
339;364
339;365
339;366
339;367
339;368
339;369
339;370
339;371
339;372
339;373
339;374
339;375
339;376
339;377
339;378
339;379
339;380
339;381
339;382
339;383
339;384
339;385
339;386
339;387
339;388
339;389
339;390
339;391
339;392
339;393
339;394
339;395
339;396
339;397
339;398
339;399
339;400
339;401
339;402
339;403
339;404
339;405
339;406
339;407
339;408
339;409
339;410
339;411
339;412
339;413
339;414
339;415
339;416
339;417
339;418
339;419
339;420
339;421
339;422
339;423
339;424
339;425
339;426
339;427
339;428
339;429
339;430
339;431
339;432
339;433
339;434
339;435
339;436
339;437
339;438
339;439
339;440
339;441
339;442
339;443
339;444
339;445
339;446
339;447
339;448
339;449
339;450
339;451
339;452
339;453
339;454
339;455
339;456
339;457
339;458
339;459
339;460
339;461
339;462
339;463
339;464
339;465
339;466
339;467
339;468
339;469
339;470
339;471
339;472
339;473
339;474
339;475
339;476
339;477
339;478
339;479
339;480
339;481
339;482
339;483
339;484
339;485
339;486
339;487
339;488
339;489
339;490
339;491
339;492
339;493
339;494
339;495
339;496
339;497
339;498
339;499
339;500
339;501
339;504
339;505
339;506
339;507
339;508
339;509
339;510
339;511
339;512
339;513
339;514
339;515
339;516
339;517
339;518
339;519
339;520
339;521
339;522
339;523
339;524
339;525
339;526
339;527
339;528
339;529
339;530
339;531
339;532
339;533
339;534
339;535
339;536
340;146
340;147
340;148
340;149
340;150
340;151
340;152
340;153
340;154
340;155
340;156
340;157
340;158
340;159
340;160
340;161
340;162
340;163
340;164
340;165
340;166
340;167
340;168
340;169
340;170
340;171
340;172
340;173
340;174
340;175
340;176
340;177
340;178
340;179
340;180
340;181
340;182
340;183
340;184
340;185
340;186
340;220
340;221
340;222
340;223
340;224
340;225
340;226
340;227
340;228
340;229
340;230
340;231
340;232
340;233
340;234
340;235
340;236
340;237
340;238
340;239
340;240
340;241
340;242
340;243
340;244
340;245
340;246
340;247
340;248
340;249
340;250
340;251
340;252
340;253
340;254
340;255
340;256
340;257
340;258
340;259
340;260
340;261
340;262
340;263
340;264
340;265
340;266
340;267
340;268
340;269
340;270
340;271
340;272
340;273
340;274
340;275
340;276
340;277
340;338
340;339
340;340
340;341
340;342
340;343
340;344
340;345
340;346
340;347
340;348
340;349
340;350
340;351
340;352
340;353
340;354
340;355
340;356
340;357
340;358
340;359
340;360
340;361
340;362
340;363
340;364
340;365
340;366
340;367
340;368
340;369
340;370
340;371
340;372
340;373
340;374
340;375
340;376
340;377
340;378
340;379
340;380
340;381
340;382
340;383
340;384
340;385
340;386
340;387
340;388
340;389
340;390
340;391
340;392
340;393
340;394
340;395
340;396
340;397
340;398
340;399
340;400
340;401
340;402
340;403
340;404
340;405
340;406
340;407
340;408
340;409
340;410
340;411
340;412
340;413
340;414
340;415
340;416
340;417
340;418
340;419
340;420
340;421
340;422
340;423
340;424
340;425
340;426
340;427
340;428
340;429
340;430
340;431
340;432
340;433
340;434
340;435
340;436
340;437
340;438
340;439
340;440
340;441
340;442
340;443
340;444
340;445
340;446
340;447
340;448
340;449
340;450
340;451
340;452
340;453
340;454
340;455
340;456
340;457
340;458
340;459
340;460
340;461
340;462
340;463
340;464
340;465
340;466
340;467
340;468
340;469
340;470
340;471
340;472
340;473
340;474
340;475
340;476
340;477
340;478
340;479
340;480
340;481
340;482
340;483
340;484
340;485
340;486
340;487
340;488
340;489
340;490
340;491
340;492
340;493
340;494
340;495
340;496
340;497
340;498
340;499
340;500
340;501
340;504
340;505
340;506
340;507
340;508
340;509
340;510
340;511
340;512
340;513
340;514
340;515
340;516
340;517
340;518
340;519
340;520
340;521
340;522
340;523
340;524
340;525
340;526
340;527
340;528
340;529
340;530
340;531
340;532
340;533
340;534
340;535
340;536
341;147
341;148
341;149
341;150
341;151
341;152
341;153
341;154
341;155
341;156
341;157
341;158
341;159
341;160
341;161
341;162
341;163
341;164
341;165
341;166
341;167
341;168
341;169
341;170
341;171
341;172
341;173
341;174
341;175
341;176
341;177
341;178
341;179
341;180
341;181
341;182
341;183
341;184
341;185
341;186
341;222
341;223
341;224
341;225
341;226
341;227
341;228
341;229
341;230
341;231
341;232
341;233
341;234
341;235
341;236
341;237
341;238
341;239
341;240
341;241
341;242
341;243
341;244
341;245
341;246
341;247
341;248
341;249
341;250
341;251
341;252
341;253
341;254
341;255
341;256
341;257
341;258
341;259
341;260
341;261
341;262
341;263
341;264
341;265
341;266
341;267
341;268
341;269
341;270
341;271
341;272
341;273
341;274
341;275
341;276
341;277
341;337
341;338
341;339
341;340
341;341
341;342
341;343
341;344
341;345
341;346
341;347
341;348
341;349
341;350
341;351
341;352
341;353
341;354
341;355
341;356
341;357
341;358
341;359
341;360
341;361
341;362
341;363
341;364
341;365
341;366
341;367
341;368
341;369
341;370
341;371
341;372
341;373
341;374
341;375
341;376
341;377
341;378
341;379
341;380
341;381
341;382
341;383
341;384
341;385
341;386
341;387
341;388
341;389
341;390
341;391
341;392
341;393
341;394
341;395
341;396
341;397
341;398
341;399
341;400
341;401
341;402
341;403
341;404
341;405
341;406
341;407
341;408
341;409
341;410
341;411
341;412
341;413
341;414
341;415
341;416
341;417
341;418
341;419
341;420
341;421
341;422
341;423
341;424
341;425
341;426
341;427
341;428
341;429
341;430
341;431
341;432
341;433
341;434
341;435
341;436
341;437
341;438
341;439
341;440
341;441
341;442
341;443
341;444
341;445
341;446
341;447
341;448
341;449
341;450
341;451
341;452
341;453
341;454
341;455
341;456
341;457
341;458
341;459
341;460
341;461
341;462
341;463
341;464
341;465
341;466
341;467
341;468
341;469
341;470
341;471
341;472
341;473
341;474
341;475
341;476
341;477
341;478
341;479
341;480
341;481
341;482
341;483
341;484
341;485
341;486
341;487
341;488
341;489
341;490
341;491
341;492
341;493
341;494
341;495
341;496
341;497
341;498
341;499
341;500
341;501
341;502
341;505
341;506
341;507
341;508
341;509
341;510
341;511
341;512
341;513
341;514
341;515
341;516
341;517
341;518
341;519
341;520
341;521
341;522
341;523
341;524
341;525
341;526
341;527
341;528
341;529
341;530
341;531
341;532
341;533
341;534
341;535
341;536
342;147
342;148
342;149
342;150
342;151
342;152
342;153
342;154
342;155
342;156
342;157
342;158
342;159
342;160
342;161
342;162
342;163
342;164
342;165
342;166
342;167
342;168
342;169
342;170
342;171
342;172
342;173
342;174
342;175
342;176
342;177
342;178
342;179
342;180
342;181
342;182
342;183
342;184
342;185
342;186
342;222
342;223
342;224
342;225
342;226
342;227
342;228
342;229
342;230
342;231
342;232
342;233
342;234
342;235
342;236
342;237
342;238
342;239
342;240
342;241
342;242
342;243
342;244
342;245
342;246
342;247
342;248
342;249
342;250
342;251
342;252
342;253
342;254
342;255
342;256
342;257
342;258
342;259
342;260
342;261
342;262
342;263
342;264
342;265
342;266
342;267
342;268
342;269
342;270
342;271
342;272
342;273
342;274
342;275
342;276
342;337
342;338
342;339
342;340
342;341
342;342
342;343
342;344
342;345
342;346
342;347
342;348
342;349
342;350
342;351
342;352
342;353
342;354
342;355
342;356
342;357
342;358
342;359
342;360
342;361
342;362
342;363
342;364
342;365
342;366
342;367
342;368
342;369
342;370
342;371
342;372
342;373
342;374
342;375
342;376
342;377
342;378
342;379
342;380
342;381
342;382
342;383
342;384
342;385
342;386
342;387
342;388
342;389
342;390
342;391
342;392
342;393
342;394
342;395
342;396
342;397
342;398
342;399
342;400
342;401
342;402
342;403
342;404
342;405
342;406
342;407
342;408
342;409
342;410
342;411
342;412
342;413
342;414
342;415
342;416
342;417
342;418
342;419
342;420
342;421
342;422
342;423
342;424
342;425
342;426
342;427
342;428
342;429
342;430
342;431
342;432
342;433
342;434
342;435
342;436
342;437
342;438
342;439
342;440
342;441
342;442
342;443
342;444
342;445
342;446
342;447
342;448
342;449
342;450
342;451
342;452
342;453
342;454
342;455
342;456
342;457
342;458
342;459
342;460
342;461
342;462
342;463
342;464
342;465
342;466
342;467
342;468
342;469
342;470
342;471
342;472
342;473
342;474
342;475
342;476
342;477
342;478
342;479
342;480
342;481
342;482
342;483
342;484
342;485
342;486
342;487
342;488
342;489
342;490
342;491
342;492
342;493
342;494
342;495
342;496
342;497
342;498
342;499
342;500
342;501
342;502
342;505
342;506
342;507
342;508
342;509
342;510
342;511
342;512
342;513
342;514
342;515
342;516
342;517
342;518
342;519
342;520
342;521
342;522
342;523
342;524
342;525
342;526
342;527
342;528
342;529
342;530
342;531
342;532
342;533
342;534
342;535
342;536
343;148
343;149
343;150
343;151
343;152
343;153
343;154
343;155
343;156
343;157
343;158
343;159
343;160
343;161
343;162
343;163
343;164
343;165
343;166
343;167
343;168
343;169
343;170
343;171
343;172
343;173
343;174
343;175
343;176
343;177
343;178
343;179
343;180
343;181
343;182
343;183
343;184
343;185
343;224
343;225
343;226
343;227
343;228
343;229
343;230
343;231
343;232
343;233
343;234
343;235
343;236
343;237
343;238
343;239
343;240
343;241
343;242
343;243
343;244
343;245
343;246
343;247
343;248
343;249
343;250
343;251
343;252
343;253
343;254
343;255
343;256
343;257
343;258
343;259
343;260
343;261
343;262
343;263
343;264
343;265
343;266
343;267
343;268
343;269
343;270
343;271
343;272
343;273
343;274
343;275
343;276
343;337
343;338
343;339
343;340
343;341
343;342
343;343
343;344
343;345
343;346
343;347
343;348
343;349
343;350
343;351
343;352
343;353
343;354
343;355
343;356
343;357
343;358
343;359
343;360
343;361
343;362
343;363
343;364
343;365
343;366
343;367
343;368
343;369
343;370
343;371
343;372
343;373
343;374
343;375
343;376
343;377
343;378
343;379
343;380
343;381
343;382
343;383
343;384
343;385
343;386
343;387
343;388
343;389
343;390
343;391
343;392
343;393
343;394
343;395
343;396
343;397
343;398
343;399
343;400
343;401
343;402
343;403
343;404
343;405
343;406
343;407
343;408
343;409
343;410
343;411
343;412
343;413
343;414
343;415
343;416
343;417
343;418
343;419
343;420
343;421
343;422
343;423
343;424
343;425
343;426
343;427
343;428
343;429
343;430
343;431
343;432
343;433
343;434
343;435
343;436
343;437
343;438
343;439
343;440
343;441
343;442
343;443
343;444
343;445
343;446
343;447
343;448
343;449
343;450
343;451
343;452
343;453
343;454
343;455
343;456
343;457
343;458
343;459
343;460
343;461
343;462
343;463
343;464
343;465
343;466
343;467
343;468
343;469
343;470
343;471
343;472
343;473
343;474
343;475
343;476
343;477
343;478
343;479
343;480
343;481
343;482
343;483
343;484
343;485
343;486
343;487
343;488
343;489
343;490
343;491
343;492
343;493
343;494
343;495
343;496
343;497
343;498
343;499
343;500
343;501
343;502
343;503
343;506
343;507
343;508
343;509
343;510
343;511
343;512
343;513
343;514
343;515
343;516
343;517
343;518
343;519
343;520
343;521
343;522
343;523
343;524
343;525
343;526
343;527
343;528
343;529
343;530
343;531
343;532
343;533
343;534
343;535
343;536
344;148
344;149
344;150
344;151
344;152
344;153
344;154
344;155
344;156
344;157
344;158
344;159
344;160
344;161
344;162
344;163
344;164
344;165
344;166
344;167
344;168
344;169
344;170
344;171
344;172
344;173
344;174
344;175
344;176
344;177
344;178
344;179
344;180
344;181
344;182
344;183
344;184
344;185
344;224
344;225
344;226
344;227
344;228
344;229
344;230
344;231
344;232
344;233
344;234
344;235
344;236
344;237
344;238
344;239
344;240
344;241
344;242
344;243
344;244
344;245
344;246
344;247
344;248
344;249
344;250
344;251
344;252
344;253
344;254
344;255
344;256
344;257
344;258
344;259
344;260
344;261
344;262
344;263
344;264
344;265
344;266
344;267
344;268
344;269
344;270
344;271
344;272
344;273
344;274
344;275
344;276
344;337
344;338
344;339
344;340
344;341
344;342
344;343
344;344
344;345
344;346
344;347
344;348
344;349
344;350
344;351
344;352
344;353
344;354
344;355
344;356
344;357
344;358
344;359
344;360
344;361
344;362
344;363
344;364
344;365
344;366
344;367
344;368
344;369
344;370
344;371
344;372
344;373
344;374
344;375
344;376
344;377
344;378
344;379
344;380
344;381
344;382
344;383
344;384
344;385
344;386
344;387
344;388
344;389
344;390
344;391
344;392
344;393
344;394
344;395
344;396
344;397
344;398
344;399
344;400
344;401
344;402
344;403
344;404
344;405
344;406
344;407
344;408
344;409
344;410
344;411
344;412
344;413
344;414
344;415
344;416
344;417
344;418
344;419
344;420
344;421
344;422
344;423
344;424
344;425
344;426
344;427
344;428
344;429
344;430
344;431
344;432
344;433
344;434
344;435
344;436
344;437
344;438
344;439
344;440
344;441
344;442
344;443
344;444
344;445
344;446
344;447
344;448
344;449
344;450
344;451
344;452
344;453
344;454
344;455
344;456
344;457
344;458
344;459
344;460
344;461
344;462
344;463
344;464
344;465
344;466
344;467
344;468
344;469
344;470
344;471
344;472
344;473
344;474
344;475
344;476
344;477
344;478
344;479
344;480
344;481
344;482
344;483
344;484
344;485
344;486
344;487
344;488
344;489
344;490
344;491
344;492
344;493
344;494
344;495
344;496
344;497
344;498
344;499
344;500
344;501
344;502
344;503
344;506
344;507
344;508
344;509
344;510
344;511
344;512
344;513
344;514
344;515
344;516
344;517
344;518
344;519
344;520
344;521
344;522
344;523
344;524
344;525
344;526
344;527
344;528
344;529
344;530
344;531
344;532
344;533
344;534
344;535
344;536
345;148
345;149
345;150
345;151
345;152
345;153
345;154
345;155
345;156
345;157
345;158
345;159
345;160
345;161
345;162
345;163
345;164
345;165
345;166
345;167
345;168
345;169
345;170
345;171
345;172
345;173
345;174
345;175
345;176
345;177
345;178
345;179
345;180
345;181
345;182
345;183
345;184
345;226
345;227
345;228
345;229
345;230
345;231
345;232
345;233
345;234
345;235
345;236
345;237
345;238
345;239
345;240
345;241
345;242
345;243
345;244
345;245
345;246
345;247
345;248
345;249
345;250
345;251
345;252
345;253
345;254
345;255
345;256
345;257
345;258
345;259
345;260
345;261
345;262
345;263
345;264
345;265
345;266
345;267
345;268
345;269
345;270
345;271
345;272
345;273
345;274
345;275
345;336
345;337
345;338
345;339
345;340
345;341
345;342
345;343
345;344
345;345
345;346
345;347
345;348
345;349
345;350
345;351
345;352
345;353
345;354
345;355
345;356
345;357
345;358
345;359
345;360
345;361
345;362
345;363
345;364
345;365
345;366
345;367
345;368
345;369
345;370
345;371
345;372
345;373
345;374
345;375
345;376
345;377
345;378
345;379
345;380
345;381
345;382
345;383
345;384
345;385
345;386
345;387
345;388
345;389
345;390
345;391
345;392
345;393
345;394
345;395
345;396
345;397
345;398
345;399
345;400
345;401
345;402
345;403
345;404
345;405
345;406
345;407
345;408
345;409
345;410
345;411
345;412
345;413
345;414
345;415
345;416
345;417
345;418
345;419
345;420
345;421
345;422
345;423
345;424
345;425
345;426
345;427
345;428
345;429
345;430
345;431
345;432
345;433
345;434
345;435
345;436
345;437
345;438
345;439
345;440
345;441
345;442
345;443
345;444
345;445
345;446
345;447
345;448
345;449
345;450
345;451
345;452
345;453
345;454
345;455
345;456
345;457
345;458
345;459
345;460
345;461
345;462
345;463
345;464
345;465
345;466
345;467
345;468
345;469
345;470
345;471
345;472
345;473
345;474
345;475
345;476
345;477
345;478
345;479
345;480
345;481
345;482
345;483
345;484
345;485
345;486
345;487
345;488
345;489
345;490
345;491
345;492
345;493
345;494
345;495
345;496
345;497
345;498
345;499
345;500
345;501
345;502
345;503
345;507
345;508
345;509
345;510
345;511
345;512
345;513
345;514
345;515
345;516
345;517
345;518
345;519
345;520
345;521
345;522
345;523
345;524
345;525
345;526
345;527
345;528
345;529
345;530
345;531
345;532
345;533
345;534
345;535
345;536
346;149
346;150
346;151
346;152
346;153
346;154
346;155
346;156
346;157
346;158
346;159
346;160
346;161
346;162
346;163
346;164
346;165
346;166
346;167
346;168
346;169
346;170
346;171
346;172
346;173
346;174
346;175
346;176
346;177
346;178
346;179
346;180
346;181
346;182
346;183
346;184
346;226
346;227
346;228
346;229
346;230
346;231
346;232
346;233
346;234
346;235
346;236
346;237
346;238
346;239
346;240
346;241
346;242
346;243
346;244
346;245
346;246
346;247
346;248
346;249
346;250
346;251
346;252
346;253
346;254
346;255
346;256
346;257
346;258
346;259
346;260
346;261
346;262
346;263
346;264
346;265
346;266
346;267
346;268
346;269
346;270
346;271
346;272
346;273
346;274
346;275
346;336
346;337
346;338
346;339
346;340
346;341
346;342
346;343
346;344
346;345
346;346
346;347
346;348
346;349
346;350
346;351
346;352
346;353
346;354
346;355
346;356
346;357
346;358
346;359
346;360
346;361
346;362
346;363
346;364
346;365
346;366
346;367
346;368
346;369
346;370
346;371
346;372
346;373
346;374
346;375
346;376
346;377
346;378
346;379
346;380
346;381
346;382
346;383
346;384
346;385
346;386
346;387
346;388
346;389
346;390
346;391
346;392
346;393
346;394
346;395
346;396
346;397
346;398
346;399
346;400
346;401
346;402
346;403
346;404
346;405
346;406
346;407
346;408
346;409
346;410
346;411
346;412
346;413
346;414
346;415
346;416
346;417
346;418
346;419
346;420
346;421
346;422
346;423
346;424
346;425
346;426
346;427
346;428
346;429
346;430
346;431
346;432
346;433
346;434
346;435
346;436
346;437
346;438
346;439
346;440
346;441
346;442
346;443
346;444
346;445
346;446
346;447
346;448
346;449
346;450
346;451
346;452
346;453
346;454
346;455
346;456
346;457
346;458
346;459
346;460
346;461
346;462
346;463
346;464
346;465
346;466
346;467
346;468
346;469
346;470
346;471
346;472
346;473
346;474
346;475
346;476
346;477
346;478
346;479
346;480
346;481
346;482
346;483
346;484
346;485
346;486
346;487
346;488
346;489
346;490
346;491
346;492
346;493
346;494
346;495
346;496
346;497
346;498
346;499
346;500
346;501
346;502
346;503
346;504
346;507
346;508
346;509
346;510
346;511
346;512
346;513
346;514
346;515
346;516
346;517
346;518
346;519
346;520
346;521
346;522
346;523
346;524
346;525
346;526
346;527
346;528
346;529
346;530
346;531
346;532
346;533
346;534
346;535
346;536
347;150
347;151
347;152
347;153
347;154
347;155
347;156
347;157
347;158
347;159
347;160
347;161
347;162
347;163
347;164
347;165
347;166
347;167
347;168
347;169
347;170
347;171
347;172
347;173
347;174
347;175
347;176
347;177
347;178
347;179
347;180
347;181
347;182
347;228
347;229
347;230
347;231
347;232
347;233
347;234
347;235
347;236
347;237
347;238
347;239
347;240
347;241
347;242
347;243
347;244
347;245
347;246
347;247
347;248
347;249
347;250
347;251
347;252
347;253
347;254
347;255
347;256
347;257
347;258
347;259
347;260
347;261
347;262
347;263
347;264
347;265
347;266
347;267
347;268
347;269
347;270
347;271
347;272
347;273
347;274
347;336
347;337
347;338
347;339
347;340
347;341
347;342
347;343
347;344
347;345
347;346
347;347
347;348
347;349
347;350
347;351
347;352
347;353
347;354
347;355
347;356
347;357
347;358
347;359
347;360
347;361
347;362
347;363
347;364
347;365
347;366
347;367
347;368
347;369
347;370
347;371
347;372
347;373
347;374
347;375
347;376
347;377
347;378
347;379
347;380
347;381
347;382
347;383
347;384
347;385
347;386
347;387
347;388
347;389
347;390
347;391
347;392
347;393
347;394
347;395
347;396
347;397
347;398
347;399
347;400
347;401
347;402
347;403
347;404
347;405
347;406
347;407
347;408
347;409
347;410
347;411
347;412
347;413
347;414
347;415
347;416
347;417
347;418
347;419
347;420
347;421
347;422
347;423
347;424
347;425
347;426
347;427
347;428
347;429
347;430
347;431
347;432
347;433
347;434
347;435
347;436
347;437
347;438
347;439
347;440
347;441
347;442
347;443
347;444
347;445
347;446
347;447
347;448
347;449
347;450
347;451
347;452
347;453
347;454
347;455
347;456
347;457
347;458
347;459
347;460
347;461
347;462
347;463
347;464
347;465
347;466
347;467
347;468
347;469
347;470
347;471
347;472
347;473
347;474
347;475
347;476
347;477
347;478
347;479
347;480
347;481
347;482
347;483
347;484
347;485
347;486
347;487
347;488
347;489
347;490
347;491
347;492
347;493
347;494
347;495
347;496
347;497
347;498
347;499
347;500
347;501
347;502
347;503
347;504
347;508
347;509
347;510
347;511
347;512
347;513
347;514
347;515
347;516
347;517
347;518
347;519
347;520
347;521
347;522
347;523
347;524
347;525
347;526
347;527
347;528
347;529
347;530
347;531
347;532
347;533
347;534
347;535
347;536
348;151
348;152
348;153
348;154
348;155
348;156
348;157
348;158
348;159
348;160
348;161
348;162
348;163
348;164
348;165
348;166
348;167
348;168
348;169
348;170
348;171
348;172
348;173
348;174
348;175
348;176
348;177
348;178
348;179
348;180
348;181
348;182
348;229
348;230
348;231
348;232
348;233
348;234
348;235
348;236
348;237
348;238
348;239
348;240
348;241
348;242
348;243
348;244
348;245
348;246
348;247
348;248
348;249
348;250
348;251
348;252
348;253
348;254
348;255
348;256
348;257
348;258
348;259
348;260
348;261
348;262
348;263
348;264
348;265
348;266
348;267
348;268
348;269
348;270
348;271
348;272
348;273
348;274
348;336
348;337
348;338
348;339
348;340
348;341
348;342
348;343
348;344
348;345
348;346
348;347
348;348
348;349
348;350
348;351
348;352
348;353
348;354
348;355
348;356
348;357
348;358
348;359
348;360
348;361
348;362
348;363
348;364
348;365
348;366
348;367
348;368
348;369
348;370
348;371
348;372
348;373
348;374
348;375
348;376
348;377
348;378
348;379
348;380
348;381
348;382
348;383
348;384
348;385
348;386
348;387
348;388
348;389
348;390
348;391
348;392
348;393
348;394
348;395
348;396
348;397
348;398
348;399
348;400
348;401
348;402
348;403
348;404
348;405
348;406
348;407
348;408
348;409
348;410
348;411
348;412
348;413
348;414
348;415
348;416
348;417
348;418
348;419
348;420
348;421
348;422
348;423
348;424
348;425
348;426
348;427
348;428
348;429
348;430
348;431
348;432
348;433
348;434
348;435
348;436
348;437
348;438
348;439
348;440
348;441
348;442
348;443
348;444
348;445
348;446
348;447
348;448
348;449
348;450
348;451
348;452
348;453
348;454
348;455
348;456
348;457
348;458
348;459
348;460
348;461
348;462
348;463
348;464
348;465
348;466
348;467
348;468
348;469
348;470
348;471
348;472
348;473
348;474
348;475
348;476
348;477
348;478
348;479
348;480
348;481
348;482
348;483
348;484
348;485
348;486
348;487
348;488
348;489
348;490
348;491
348;492
348;493
348;494
348;495
348;496
348;497
348;498
348;499
348;500
348;501
348;502
348;503
348;504
348;508
348;509
348;510
348;511
348;512
348;513
348;514
348;515
348;516
348;517
348;518
348;519
348;520
348;521
348;522
348;523
348;524
348;525
348;526
348;527
348;528
348;529
348;530
348;531
348;532
348;533
348;534
348;535
348;536
349;152
349;153
349;154
349;155
349;156
349;157
349;158
349;159
349;160
349;161
349;162
349;163
349;164
349;165
349;166
349;167
349;168
349;169
349;170
349;171
349;172
349;173
349;174
349;175
349;176
349;177
349;178
349;179
349;180
349;230
349;231
349;232
349;233
349;234
349;235
349;236
349;237
349;238
349;239
349;240
349;241
349;242
349;243
349;244
349;245
349;246
349;247
349;248
349;249
349;250
349;251
349;252
349;253
349;254
349;255
349;256
349;257
349;258
349;259
349;260
349;261
349;262
349;263
349;264
349;265
349;266
349;267
349;268
349;269
349;270
349;271
349;272
349;273
349;274
349;335
349;336
349;337
349;338
349;339
349;340
349;341
349;342
349;343
349;344
349;345
349;346
349;347
349;348
349;349
349;350
349;351
349;352
349;353
349;354
349;355
349;356
349;357
349;358
349;359
349;360
349;361
349;362
349;363
349;364
349;365
349;366
349;367
349;368
349;369
349;370
349;371
349;372
349;373
349;374
349;375
349;376
349;377
349;378
349;379
349;380
349;381
349;382
349;383
349;384
349;385
349;386
349;387
349;388
349;389
349;390
349;391
349;392
349;393
349;394
349;395
349;396
349;397
349;398
349;399
349;400
349;401
349;402
349;403
349;404
349;405
349;406
349;407
349;408
349;409
349;410
349;411
349;412
349;413
349;414
349;415
349;416
349;417
349;418
349;419
349;420
349;421
349;422
349;423
349;424
349;425
349;426
349;427
349;428
349;429
349;430
349;431
349;432
349;433
349;434
349;435
349;436
349;437
349;438
349;439
349;440
349;441
349;442
349;443
349;444
349;445
349;446
349;447
349;448
349;449
349;450
349;451
349;452
349;453
349;454
349;455
349;456
349;457
349;458
349;459
349;460
349;461
349;462
349;463
349;464
349;465
349;466
349;467
349;468
349;469
349;470
349;471
349;472
349;473
349;474
349;475
349;476
349;477
349;478
349;479
349;480
349;481
349;482
349;483
349;484
349;485
349;486
349;487
349;488
349;489
349;490
349;491
349;492
349;493
349;494
349;495
349;496
349;497
349;498
349;499
349;500
349;501
349;502
349;503
349;504
349;505
349;509
349;510
349;511
349;512
349;513
349;514
349;515
349;516
349;517
349;518
349;519
349;520
349;521
349;522
349;523
349;524
349;525
349;526
349;527
349;528
349;529
349;530
349;531
349;532
349;533
349;534
349;535
349;536
350;154
350;155
350;156
350;157
350;158
350;159
350;160
350;161
350;162
350;163
350;164
350;165
350;166
350;167
350;168
350;169
350;170
350;171
350;172
350;173
350;174
350;175
350;176
350;177
350;178
350;179
350;180
350;231
350;232
350;233
350;234
350;235
350;236
350;237
350;238
350;239
350;240
350;241
350;242
350;243
350;244
350;245
350;246
350;247
350;248
350;249
350;250
350;251
350;252
350;253
350;254
350;255
350;256
350;257
350;258
350;259
350;260
350;261
350;262
350;263
350;264
350;265
350;266
350;267
350;268
350;269
350;270
350;271
350;272
350;273
350;335
350;336
350;337
350;338
350;339
350;340
350;341
350;342
350;343
350;344
350;345
350;346
350;347
350;348
350;349
350;350
350;351
350;352
350;353
350;354
350;355
350;356
350;357
350;358
350;359
350;360
350;361
350;362
350;363
350;364
350;365
350;366
350;367
350;368
350;369
350;370
350;371
350;372
350;373
350;374
350;375
350;376
350;377
350;378
350;379
350;380
350;381
350;382
350;383
350;384
350;385
350;386
350;387
350;388
350;389
350;390
350;391
350;392
350;393
350;394
350;395
350;396
350;397
350;398
350;399
350;400
350;401
350;402
350;403
350;404
350;405
350;406
350;407
350;408
350;409
350;410
350;411
350;412
350;413
350;414
350;415
350;416
350;417
350;418
350;419
350;420
350;421
350;422
350;423
350;424
350;425
350;426
350;427
350;428
350;429
350;430
350;431
350;432
350;433
350;434
350;435
350;436
350;437
350;438
350;439
350;440
350;441
350;442
350;443
350;444
350;445
350;446
350;447
350;448
350;449
350;450
350;451
350;452
350;453
350;454
350;455
350;456
350;457
350;458
350;459
350;460
350;461
350;462
350;463
350;464
350;465
350;466
350;467
350;468
350;469
350;470
350;471
350;472
350;473
350;474
350;475
350;476
350;477
350;478
350;479
350;480
350;481
350;482
350;483
350;484
350;485
350;486
350;487
350;488
350;489
350;490
350;491
350;492
350;493
350;494
350;495
350;496
350;497
350;498
350;499
350;500
350;501
350;502
350;503
350;504
350;505
350;510
350;511
350;512
350;513
350;514
350;515
350;516
350;517
350;518
350;519
350;520
350;521
350;522
350;523
350;524
350;525
350;526
350;527
350;528
350;529
350;530
350;531
350;532
350;533
350;534
351;25
351;154
351;155
351;156
351;157
351;158
351;159
351;160
351;161
351;162
351;163
351;164
351;165
351;166
351;167
351;168
351;169
351;170
351;171
351;172
351;173
351;174
351;175
351;176
351;177
351;178
351;232
351;233
351;234
351;235
351;236
351;237
351;238
351;239
351;240
351;241
351;242
351;243
351;244
351;245
351;246
351;247
351;248
351;249
351;250
351;251
351;252
351;253
351;254
351;255
351;256
351;257
351;258
351;259
351;260
351;261
351;262
351;263
351;264
351;265
351;266
351;267
351;268
351;269
351;270
351;271
351;272
351;273
351;335
351;336
351;337
351;338
351;339
351;340
351;341
351;342
351;343
351;344
351;345
351;346
351;347
351;348
351;349
351;350
351;351
351;352
351;353
351;354
351;355
351;356
351;357
351;358
351;359
351;360
351;361
351;362
351;363
351;364
351;365
351;366
351;367
351;368
351;369
351;370
351;371
351;372
351;373
351;374
351;375
351;376
351;377
351;378
351;379
351;380
351;381
351;382
351;383
351;384
351;385
351;386
351;387
351;388
351;389
351;390
351;391
351;392
351;393
351;394
351;395
351;396
351;397
351;398
351;399
351;400
351;401
351;402
351;403
351;404
351;405
351;406
351;407
351;408
351;409
351;410
351;411
351;412
351;413
351;414
351;415
351;416
351;417
351;418
351;419
351;420
351;421
351;422
351;423
351;424
351;425
351;426
351;427
351;428
351;429
351;430
351;431
351;432
351;433
351;434
351;435
351;436
351;437
351;438
351;439
351;440
351;441
351;442
351;443
351;444
351;445
351;446
351;447
351;448
351;449
351;450
351;451
351;452
351;453
351;454
351;455
351;456
351;457
351;458
351;459
351;460
351;461
351;462
351;463
351;464
351;465
351;466
351;467
351;468
351;469
351;470
351;471
351;472
351;473
351;474
351;475
351;476
351;477
351;478
351;479
351;480
351;481
351;482
351;483
351;484
351;485
351;486
351;487
351;488
351;489
351;490
351;491
351;492
351;493
351;494
351;495
351;496
351;497
351;498
351;499
351;500
351;501
351;502
351;503
351;504
351;505
351;510
351;511
351;512
351;513
351;514
351;515
351;516
351;517
351;518
351;519
351;520
351;521
351;522
351;523
351;524
351;525
351;526
351;527
351;528
351;529
351;530
352;24
352;25
352;26
352;27
352;156
352;157
352;158
352;159
352;160
352;161
352;162
352;163
352;164
352;165
352;166
352;167
352;168
352;169
352;170
352;171
352;172
352;173
352;174
352;175
352;176
352;233
352;234
352;235
352;236
352;237
352;238
352;239
352;240
352;241
352;242
352;243
352;244
352;245
352;246
352;247
352;248
352;249
352;250
352;251
352;252
352;253
352;254
352;255
352;256
352;257
352;258
352;259
352;260
352;261
352;262
352;263
352;264
352;265
352;266
352;267
352;268
352;269
352;270
352;271
352;272
352;335
352;336
352;337
352;338
352;339
352;340
352;341
352;342
352;343
352;344
352;345
352;346
352;347
352;348
352;349
352;350
352;351
352;352
352;353
352;354
352;355
352;356
352;357
352;358
352;359
352;360
352;361
352;362
352;363
352;364
352;365
352;366
352;367
352;368
352;369
352;370
352;371
352;372
352;373
352;374
352;375
352;376
352;377
352;378
352;379
352;380
352;381
352;382
352;383
352;384
352;385
352;386
352;387
352;388
352;389
352;390
352;391
352;392
352;393
352;394
352;395
352;396
352;397
352;398
352;399
352;400
352;401
352;402
352;403
352;404
352;405
352;406
352;407
352;408
352;409
352;410
352;411
352;412
352;413
352;414
352;415
352;416
352;417
352;418
352;419
352;420
352;421
352;422
352;423
352;424
352;425
352;426
352;427
352;428
352;429
352;430
352;431
352;432
352;433
352;434
352;435
352;436
352;437
352;438
352;439
352;440
352;441
352;442
352;443
352;444
352;445
352;446
352;447
352;448
352;449
352;450
352;451
352;452
352;453
352;454
352;455
352;456
352;457
352;458
352;459
352;460
352;461
352;462
352;463
352;464
352;465
352;466
352;467
352;468
352;469
352;470
352;471
352;472
352;473
352;474
352;475
352;476
352;477
352;478
352;479
352;480
352;481
352;482
352;483
352;484
352;485
352;486
352;487
352;488
352;489
352;490
352;491
352;492
352;493
352;494
352;495
352;496
352;497
352;498
352;499
352;500
352;501
352;502
352;503
352;504
352;505
352;510
352;511
352;512
352;513
352;514
352;515
352;516
352;517
352;518
352;519
352;520
352;521
352;522
352;523
352;524
352;525
352;526
352;527
352;528
353;23
353;24
353;25
353;26
353;27
353;160
353;161
353;162
353;163
353;164
353;165
353;166
353;167
353;168
353;169
353;170
353;171
353;172
353;174
353;234
353;235
353;236
353;237
353;238
353;239
353;240
353;241
353;242
353;243
353;244
353;245
353;246
353;247
353;248
353;249
353;250
353;251
353;252
353;253
353;254
353;255
353;256
353;257
353;258
353;259
353;260
353;261
353;262
353;263
353;264
353;265
353;266
353;267
353;268
353;269
353;270
353;271
353;272
353;334
353;335
353;336
353;337
353;338
353;339
353;340
353;341
353;342
353;343
353;344
353;345
353;346
353;347
353;348
353;349
353;350
353;351
353;352
353;353
353;354
353;355
353;356
353;357
353;358
353;359
353;360
353;361
353;362
353;363
353;364
353;365
353;366
353;367
353;368
353;369
353;370
353;371
353;372
353;373
353;374
353;375
353;376
353;377
353;378
353;379
353;380
353;381
353;382
353;383
353;384
353;385
353;386
353;387
353;388
353;389
353;390
353;391
353;392
353;393
353;394
353;395
353;396
353;397
353;398
353;399
353;400
353;401
353;402
353;403
353;404
353;405
353;406
353;407
353;408
353;409
353;410
353;411
353;412
353;413
353;414
353;415
353;416
353;417
353;418
353;419
353;420
353;421
353;422
353;423
353;424
353;425
353;426
353;427
353;428
353;429
353;430
353;431
353;432
353;433
353;434
353;435
353;436
353;437
353;438
353;439
353;440
353;441
353;442
353;443
353;444
353;445
353;446
353;447
353;448
353;449
353;450
353;451
353;452
353;453
353;454
353;455
353;456
353;457
353;458
353;459
353;460
353;461
353;462
353;463
353;464
353;465
353;466
353;467
353;468
353;469
353;470
353;471
353;472
353;473
353;474
353;475
353;476
353;477
353;478
353;479
353;480
353;481
353;482
353;483
353;484
353;485
353;486
353;487
353;488
353;489
353;490
353;491
353;492
353;493
353;494
353;495
353;496
353;497
353;498
353;499
353;500
353;501
353;502
353;503
353;504
353;505
353;511
353;512
353;513
353;514
353;515
353;516
353;517
353;518
353;519
353;520
353;521
353;522
353;523
353;524
353;525
353;526
354;21
354;22
354;23
354;24
354;25
354;26
354;27
354;28
354;29
354;85
354;162
354;164
354;166
354;168
354;170
354;235
354;236
354;237
354;238
354;239
354;240
354;241
354;242
354;243
354;244
354;245
354;246
354;247
354;248
354;249
354;250
354;251
354;252
354;253
354;254
354;255
354;256
354;257
354;258
354;259
354;260
354;261
354;262
354;263
354;264
354;265
354;266
354;267
354;268
354;269
354;270
354;271
354;272
354;334
354;335
354;336
354;337
354;338
354;339
354;340
354;341
354;342
354;343
354;344
354;345
354;346
354;347
354;348
354;349
354;350
354;351
354;352
354;353
354;354
354;355
354;356
354;357
354;358
354;359
354;360
354;361
354;362
354;363
354;364
354;365
354;366
354;367
354;368
354;369
354;370
354;371
354;372
354;373
354;374
354;375
354;376
354;377
354;378
354;379
354;380
354;381
354;382
354;383
354;384
354;385
354;386
354;387
354;388
354;389
354;390
354;391
354;392
354;393
354;394
354;395
354;396
354;397
354;398
354;399
354;400
354;401
354;402
354;403
354;404
354;405
354;406
354;407
354;408
354;409
354;410
354;411
354;412
354;413
354;414
354;415
354;416
354;417
354;418
354;419
354;420
354;421
354;422
354;423
354;424
354;425
354;426
354;427
354;428
354;429
354;430
354;431
354;432
354;433
354;434
354;435
354;436
354;437
354;438
354;439
354;440
354;441
354;442
354;443
354;444
354;445
354;446
354;447
354;448
354;449
354;450
354;451
354;452
354;453
354;454
354;455
354;456
354;457
354;458
354;459
354;460
354;461
354;462
354;463
354;464
354;465
354;466
354;467
354;468
354;469
354;470
354;471
354;472
354;473
354;474
354;475
354;476
354;477
354;478
354;479
354;480
354;481
354;482
354;483
354;484
354;485
354;486
354;487
354;488
354;489
354;490
354;491
354;492
354;493
354;494
354;495
354;496
354;497
354;498
354;499
354;500
354;501
354;502
354;503
354;504
354;505
354;512
354;513
354;514
354;515
354;516
354;517
354;518
354;519
354;520
354;521
354;522
354;523
354;524
355;21
355;22
355;23
355;24
355;25
355;26
355;27
355;28
355;29
355;84
355;85
355;86
355;87
355;236
355;237
355;238
355;239
355;240
355;241
355;242
355;243
355;244
355;245
355;246
355;247
355;248
355;249
355;250
355;251
355;252
355;253
355;254
355;255
355;256
355;257
355;258
355;259
355;260
355;261
355;262
355;263
355;264
355;265
355;266
355;267
355;268
355;269
355;270
355;271
355;334
355;335
355;336
355;337
355;338
355;339
355;340
355;341
355;342
355;343
355;344
355;345
355;346
355;347
355;348
355;349
355;350
355;351
355;352
355;353
355;354
355;355
355;356
355;357
355;358
355;359
355;360
355;361
355;362
355;363
355;364
355;365
355;366
355;367
355;368
355;369
355;370
355;371
355;372
355;373
355;374
355;375
355;376
355;377
355;378
355;379
355;380
355;381
355;382
355;383
355;384
355;385
355;386
355;387
355;388
355;389
355;390
355;391
355;392
355;393
355;394
355;395
355;396
355;397
355;398
355;399
355;400
355;401
355;402
355;403
355;404
355;405
355;406
355;407
355;408
355;409
355;410
355;411
355;412
355;413
355;414
355;415
355;416
355;417
355;418
355;419
355;420
355;421
355;422
355;423
355;424
355;425
355;426
355;427
355;428
355;429
355;430
355;431
355;432
355;433
355;434
355;435
355;436
355;437
355;438
355;439
355;440
355;441
355;442
355;443
355;444
355;445
355;446
355;447
355;448
355;449
355;450
355;451
355;452
355;453
355;454
355;455
355;456
355;457
355;458
355;459
355;460
355;461
355;462
355;463
355;464
355;465
355;466
355;467
355;468
355;469
355;470
355;471
355;472
355;473
355;474
355;475
355;476
355;477
355;478
355;479
355;480
355;481
355;482
355;483
355;484
355;485
355;486
355;487
355;488
355;489
355;490
355;491
355;492
355;493
355;494
355;495
355;496
355;497
355;498
355;499
355;500
355;501
355;502
355;503
355;504
355;505
355;512
355;513
355;514
355;515
355;516
355;517
355;518
355;519
355;520
356;19
356;20
356;21
356;22
356;23
356;24
356;25
356;26
356;27
356;28
356;29
356;30
356;31
356;84
356;85
356;86
356;87
356;88
356;89
356;237
356;238
356;239
356;240
356;241
356;242
356;243
356;244
356;245
356;246
356;247
356;248
356;249
356;250
356;251
356;252
356;253
356;254
356;255
356;256
356;257
356;258
356;259
356;260
356;261
356;262
356;263
356;264
356;265
356;266
356;267
356;268
356;269
356;270
356;271
356;333
356;334
356;335
356;336
356;337
356;338
356;339
356;340
356;341
356;342
356;343
356;344
356;345
356;346
356;347
356;348
356;349
356;350
356;351
356;352
356;353
356;354
356;355
356;356
356;357
356;358
356;359
356;360
356;361
356;362
356;363
356;364
356;365
356;366
356;367
356;368
356;369
356;370
356;371
356;372
356;373
356;374
356;375
356;376
356;377
356;378
356;379
356;380
356;381
356;382
356;383
356;384
356;385
356;386
356;387
356;388
356;389
356;390
356;391
356;392
356;393
356;394
356;395
356;396
356;397
356;398
356;399
356;400
356;401
356;402
356;403
356;404
356;405
356;406
356;407
356;408
356;409
356;410
356;411
356;412
356;413
356;414
356;415
356;416
356;417
356;418
356;419
356;420
356;421
356;422
356;423
356;424
356;425
356;426
356;427
356;428
356;429
356;430
356;431
356;432
356;433
356;434
356;435
356;436
356;437
356;438
356;439
356;440
356;441
356;442
356;443
356;444
356;445
356;446
356;447
356;448
356;449
356;450
356;451
356;452
356;453
356;454
356;455
356;456
356;457
356;458
356;459
356;460
356;461
356;462
356;463
356;464
356;465
356;466
356;467
356;468
356;469
356;470
356;471
356;472
356;473
356;474
356;475
356;476
356;477
356;478
356;479
356;480
356;481
356;482
356;483
356;484
356;485
356;486
356;487
356;488
356;489
356;490
356;491
356;492
356;493
356;494
356;495
356;496
356;497
356;498
356;499
356;500
356;501
356;502
356;503
356;504
356;505
356;512
356;513
356;514
356;515
356;516
356;517
356;518
357;18
357;19
357;20
357;21
357;22
357;23
357;24
357;25
357;26
357;27
357;28
357;29
357;30
357;31
357;32
357;84
357;85
357;86
357;87
357;88
357;89
357;90
357;91
357;238
357;239
357;240
357;241
357;242
357;243
357;244
357;245
357;246
357;247
357;248
357;249
357;250
357;251
357;252
357;253
357;254
357;255
357;256
357;257
357;258
357;259
357;260
357;261
357;262
357;263
357;264
357;265
357;266
357;267
357;268
357;269
357;270
357;333
357;334
357;335
357;336
357;337
357;338
357;339
357;340
357;341
357;342
357;343
357;344
357;345
357;346
357;347
357;348
357;349
357;350
357;351
357;352
357;353
357;354
357;355
357;356
357;357
357;358
357;359
357;360
357;361
357;362
357;363
357;364
357;365
357;366
357;367
357;368
357;369
357;370
357;371
357;372
357;373
357;374
357;375
357;376
357;377
357;378
357;379
357;380
357;381
357;382
357;383
357;384
357;385
357;386
357;387
357;388
357;389
357;390
357;391
357;392
357;393
357;394
357;395
357;396
357;397
357;398
357;399
357;400
357;401
357;402
357;403
357;404
357;405
357;406
357;407
357;408
357;409
357;410
357;411
357;412
357;413
357;414
357;415
357;416
357;417
357;418
357;419
357;420
357;421
357;422
357;423
357;424
357;425
357;426
357;427
357;428
357;429
357;430
357;431
357;432
357;433
357;434
357;435
357;436
357;437
357;438
357;439
357;440
357;441
357;442
357;443
357;444
357;445
357;446
357;447
357;448
357;449
357;450
357;451
357;452
357;453
357;454
357;455
357;456
357;457
357;458
357;459
357;460
357;461
357;462
357;463
357;464
357;465
357;466
357;467
357;468
357;469
357;470
357;471
357;472
357;473
357;474
357;475
357;476
357;477
357;478
357;479
357;480
357;481
357;482
357;483
357;484
357;485
357;486
357;487
357;488
357;489
357;490
357;491
357;492
357;493
357;494
357;495
357;496
357;497
357;498
357;499
357;500
357;501
357;502
357;503
357;504
357;505
357;513
357;514
357;515
357;516
358;17
358;18
358;19
358;20
358;21
358;22
358;23
358;24
358;25
358;26
358;27
358;28
358;29
358;30
358;31
358;32
358;33
358;84
358;85
358;86
358;87
358;88
358;89
358;90
358;91
358;92
358;93
358;94
358;95
358;239
358;240
358;241
358;242
358;243
358;244
358;245
358;246
358;247
358;248
358;249
358;250
358;251
358;252
358;253
358;254
358;255
358;256
358;257
358;258
358;259
358;260
358;261
358;262
358;263
358;264
358;265
358;266
358;267
358;268
358;269
358;270
358;333
358;334
358;335
358;336
358;337
358;338
358;339
358;340
358;341
358;342
358;343
358;344
358;345
358;346
358;347
358;348
358;349
358;350
358;351
358;352
358;353
358;354
358;355
358;356
358;357
358;358
358;359
358;360
358;361
358;362
358;363
358;364
358;365
358;366
358;367
358;368
358;369
358;370
358;371
358;372
358;373
358;374
358;375
358;376
358;377
358;378
358;379
358;380
358;381
358;382
358;383
358;384
358;385
358;386
358;387
358;388
358;389
358;390
358;391
358;392
358;393
358;394
358;395
358;396
358;397
358;398
358;399
358;400
358;401
358;402
358;403
358;404
358;405
358;406
358;407
358;408
358;409
358;410
358;411
358;412
358;413
358;414
358;415
358;416
358;417
358;418
358;419
358;420
358;421
358;422
358;423
358;424
358;425
358;426
358;427
358;428
358;429
358;430
358;431
358;432
358;433
358;434
358;435
358;436
358;437
358;438
358;439
358;440
358;441
358;442
358;443
358;444
358;445
358;446
358;447
358;448
358;449
358;450
358;451
358;452
358;453
358;454
358;455
358;456
358;457
358;458
358;459
358;460
358;461
358;462
358;463
358;464
358;465
358;466
358;467
358;468
358;469
358;470
358;471
358;472
358;473
358;474
358;475
358;476
358;477
358;478
358;479
358;480
358;481
358;482
358;483
358;484
358;485
358;486
358;487
358;488
358;489
358;490
358;491
358;492
358;493
358;494
358;495
358;496
358;497
358;498
358;499
358;500
358;501
358;502
358;503
358;504
358;505
358;514
359;15
359;16
359;17
359;18
359;19
359;20
359;21
359;22
359;23
359;24
359;25
359;26
359;27
359;28
359;29
359;30
359;31
359;32
359;33
359;34
359;84
359;85
359;86
359;87
359;88
359;89
359;90
359;91
359;92
359;93
359;94
359;95
359;96
359;97
359;240
359;241
359;242
359;243
359;244
359;245
359;246
359;247
359;248
359;249
359;250
359;251
359;252
359;253
359;254
359;255
359;256
359;257
359;258
359;259
359;260
359;261
359;262
359;263
359;264
359;265
359;266
359;267
359;268
359;269
359;270
359;333
359;334
359;335
359;336
359;337
359;338
359;339
359;340
359;341
359;342
359;343
359;344
359;345
359;346
359;347
359;348
359;349
359;350
359;351
359;352
359;353
359;354
359;355
359;356
359;357
359;358
359;359
359;360
359;361
359;362
359;363
359;364
359;365
359;366
359;367
359;368
359;369
359;370
359;371
359;372
359;373
359;374
359;375
359;376
359;377
359;378
359;379
359;380
359;381
359;382
359;383
359;384
359;385
359;386
359;387
359;388
359;389
359;390
359;391
359;392
359;393
359;394
359;395
359;396
359;397
359;398
359;399
359;400
359;401
359;402
359;403
359;404
359;405
359;406
359;407
359;408
359;409
359;410
359;411
359;412
359;413
359;414
359;415
359;416
359;417
359;418
359;419
359;420
359;421
359;422
359;423
359;424
359;425
359;426
359;427
359;428
359;429
359;430
359;431
359;432
359;433
359;434
359;435
359;436
359;437
359;438
359;439
359;440
359;441
359;442
359;443
359;444
359;445
359;446
359;447
359;448
359;449
359;450
359;451
359;452
359;453
359;454
359;455
359;456
359;457
359;458
359;459
359;460
359;461
359;462
359;463
359;464
359;465
359;466
359;467
359;468
359;469
359;470
359;471
359;472
359;473
359;474
359;475
359;476
359;477
359;478
359;479
359;480
359;481
359;482
359;483
359;484
359;485
359;486
359;487
359;488
359;489
359;490
359;491
359;492
359;493
359;494
359;495
359;496
359;497
359;498
359;499
359;500
359;501
359;502
359;503
359;504
359;505
360;15
360;16
360;17
360;18
360;19
360;20
360;21
360;22
360;23
360;24
360;25
360;26
360;27
360;28
360;29
360;30
360;31
360;32
360;33
360;34
360;35
360;84
360;85
360;86
360;87
360;88
360;89
360;90
360;91
360;92
360;93
360;94
360;95
360;96
360;97
360;98
360;99
360;241
360;242
360;243
360;244
360;245
360;246
360;247
360;248
360;249
360;250
360;251
360;252
360;253
360;254
360;255
360;256
360;257
360;258
360;259
360;260
360;261
360;262
360;263
360;264
360;265
360;266
360;267
360;268
360;269
360;333
360;334
360;335
360;336
360;337
360;338
360;339
360;340
360;341
360;342
360;343
360;344
360;345
360;346
360;347
360;348
360;349
360;350
360;351
360;352
360;353
360;354
360;355
360;356
360;357
360;358
360;359
360;360
360;361
360;362
360;363
360;364
360;365
360;366
360;367
360;368
360;369
360;370
360;371
360;372
360;373
360;374
360;375
360;376
360;377
360;378
360;379
360;380
360;381
360;382
360;383
360;384
360;385
360;386
360;387
360;388
360;389
360;390
360;391
360;392
360;393
360;394
360;395
360;396
360;397
360;398
360;399
360;400
360;401
360;402
360;403
360;404
360;405
360;406
360;407
360;408
360;409
360;410
360;411
360;412
360;413
360;414
360;415
360;416
360;417
360;418
360;419
360;420
360;421
360;422
360;423
360;424
360;425
360;426
360;427
360;428
360;429
360;430
360;431
360;432
360;433
360;434
360;435
360;436
360;437
360;438
360;439
360;440
360;441
360;442
360;443
360;444
360;445
360;446
360;447
360;448
360;449
360;450
360;451
360;452
360;453
360;454
360;455
360;456
360;457
360;458
360;459
360;460
360;461
360;462
360;463
360;464
360;465
360;466
360;467
360;468
360;469
360;470
360;471
360;472
360;473
360;474
360;475
360;476
360;477
360;478
360;479
360;480
360;481
360;482
360;483
360;484
360;485
360;486
360;487
360;488
360;489
360;490
360;491
360;492
360;493
360;494
360;495
360;496
360;497
360;498
360;499
360;500
360;501
360;502
360;503
360;504
360;505
361;13
361;14
361;15
361;16
361;17
361;18
361;19
361;20
361;21
361;22
361;23
361;24
361;25
361;26
361;27
361;28
361;29
361;30
361;31
361;32
361;33
361;34
361;35
361;36
361;37
361;84
361;85
361;86
361;87
361;88
361;89
361;90
361;91
361;92
361;93
361;94
361;95
361;96
361;97
361;98
361;99
361;100
361;101
361;103
361;242
361;243
361;244
361;245
361;246
361;247
361;248
361;249
361;250
361;251
361;252
361;253
361;254
361;255
361;256
361;257
361;258
361;259
361;260
361;261
361;262
361;263
361;264
361;265
361;266
361;267
361;268
361;269
361;332
361;333
361;334
361;335
361;336
361;337
361;338
361;339
361;340
361;341
361;342
361;343
361;344
361;345
361;346
361;347
361;348
361;349
361;350
361;351
361;352
361;353
361;354
361;355
361;356
361;357
361;358
361;359
361;360
361;361
361;362
361;363
361;364
361;365
361;366
361;367
361;368
361;369
361;370
361;371
361;372
361;373
361;374
361;375
361;376
361;377
361;378
361;379
361;380
361;381
361;382
361;383
361;384
361;385
361;386
361;387
361;388
361;389
361;390
361;391
361;392
361;393
361;394
361;395
361;396
361;397
361;398
361;399
361;400
361;401
361;402
361;403
361;404
361;405
361;406
361;407
361;408
361;409
361;410
361;411
361;412
361;414
361;415
361;416
361;417
361;418
361;419
361;420
361;421
361;422
361;423
361;424
361;425
361;426
361;427
361;428
361;429
361;430
361;431
361;432
361;433
361;434
361;435
361;436
361;437
361;438
361;439
361;440
361;441
361;442
361;443
361;444
361;445
361;446
361;447
361;448
361;449
361;450
361;451
361;452
361;453
361;454
361;455
361;456
361;457
361;458
361;459
361;460
361;461
361;462
361;463
361;464
361;465
361;466
361;467
361;468
361;469
361;470
361;471
361;472
361;473
361;474
361;475
361;476
361;477
361;478
361;479
361;480
361;481
361;482
361;483
361;484
361;485
361;486
361;487
361;488
361;489
361;490
361;491
361;492
361;493
361;494
361;495
361;496
361;497
361;498
361;499
361;500
361;501
361;502
361;503
361;504
361;505
362;11
362;12
362;13
362;14
362;15
362;16
362;17
362;18
362;19
362;20
362;21
362;22
362;23
362;24
362;25
362;26
362;27
362;28
362;29
362;30
362;31
362;32
362;33
362;34
362;35
362;36
362;37
362;85
362;86
362;87
362;88
362;89
362;90
362;91
362;92
362;93
362;94
362;95
362;96
362;97
362;98
362;99
362;100
362;101
362;102
362;103
362;104
362;105
362;243
362;244
362;245
362;246
362;247
362;248
362;249
362;250
362;251
362;252
362;253
362;254
362;255
362;256
362;257
362;258
362;259
362;260
362;261
362;262
362;263
362;264
362;265
362;266
362;267
362;268
362;332
362;333
362;334
362;335
362;336
362;337
362;338
362;339
362;340
362;341
362;342
362;343
362;344
362;345
362;346
362;347
362;348
362;349
362;350
362;351
362;352
362;353
362;354
362;355
362;356
362;357
362;358
362;359
362;360
362;361
362;362
362;363
362;364
362;365
362;366
362;367
362;368
362;369
362;370
362;371
362;372
362;373
362;374
362;375
362;376
362;377
362;378
362;379
362;380
362;381
362;382
362;383
362;384
362;385
362;386
362;387
362;388
362;389
362;390
362;391
362;392
362;393
362;394
362;395
362;396
362;397
362;398
362;399
362;400
362;401
362;402
362;403
362;404
362;405
362;406
362;407
362;408
362;409
362;410
362;416
362;417
362;418
362;419
362;420
362;421
362;422
362;423
362;424
362;425
362;426
362;427
362;428
362;429
362;430
362;431
362;432
362;433
362;434
362;435
362;436
362;437
362;438
362;439
362;440
362;441
362;442
362;443
362;444
362;445
362;446
362;447
362;448
362;449
362;450
362;451
362;452
362;453
362;454
362;455
362;456
362;457
362;458
362;459
362;460
362;461
362;462
362;463
362;464
362;465
362;466
362;467
362;468
362;469
362;470
362;471
362;472
362;473
362;474
362;475
362;476
362;477
362;478
362;479
362;480
362;481
362;482
362;483
362;484
362;485
362;486
362;487
362;488
362;489
362;490
362;491
362;492
362;493
362;494
362;495
362;496
362;497
362;498
362;499
362;500
362;501
362;502
362;503
362;504
362;505
363;11
363;12
363;13
363;14
363;15
363;16
363;17
363;18
363;19
363;20
363;21
363;22
363;23
363;24
363;25
363;26
363;27
363;28
363;29
363;30
363;31
363;32
363;33
363;34
363;35
363;36
363;37
363;38
363;39
363;85
363;86
363;87
363;88
363;89
363;90
363;91
363;92
363;93
363;94
363;95
363;96
363;97
363;98
363;99
363;100
363;101
363;102
363;103
363;104
363;105
363;106
363;107
363;244
363;245
363;246
363;247
363;248
363;249
363;250
363;251
363;252
363;253
363;254
363;255
363;256
363;257
363;258
363;259
363;260
363;261
363;262
363;263
363;264
363;265
363;266
363;267
363;268
363;332
363;333
363;334
363;335
363;336
363;337
363;338
363;339
363;340
363;341
363;342
363;343
363;344
363;345
363;346
363;347
363;348
363;349
363;350
363;351
363;352
363;353
363;354
363;355
363;356
363;357
363;358
363;359
363;360
363;361
363;362
363;363
363;364
363;365
363;366
363;367
363;368
363;369
363;370
363;371
363;372
363;373
363;374
363;375
363;376
363;377
363;378
363;379
363;380
363;381
363;382
363;383
363;384
363;385
363;386
363;387
363;388
363;389
363;390
363;391
363;392
363;393
363;394
363;395
363;396
363;397
363;398
363;399
363;400
363;401
363;402
363;403
363;404
363;405
363;406
363;407
363;408
363;409
363;410
363;416
363;417
363;418
363;419
363;420
363;421
363;422
363;423
363;424
363;425
363;426
363;427
363;428
363;429
363;430
363;431
363;432
363;433
363;434
363;435
363;436
363;437
363;438
363;439
363;440
363;441
363;442
363;443
363;444
363;445
363;446
363;447
363;448
363;449
363;450
363;451
363;452
363;453
363;454
363;455
363;456
363;457
363;458
363;459
363;460
363;461
363;462
363;463
363;464
363;465
363;466
363;467
363;468
363;469
363;470
363;471
363;472
363;473
363;474
363;475
363;476
363;477
363;478
363;479
363;480
363;481
363;482
363;483
363;484
363;485
363;486
363;487
363;488
363;489
363;490
363;491
363;492
363;493
363;494
363;495
363;496
363;497
363;498
363;499
363;500
363;501
363;502
363;503
363;504
363;505
364;9
364;10
364;11
364;12
364;13
364;14
364;15
364;16
364;17
364;18
364;19
364;20
364;21
364;22
364;23
364;24
364;25
364;26
364;27
364;28
364;29
364;30
364;31
364;32
364;33
364;34
364;35
364;36
364;37
364;38
364;39
364;85
364;86
364;87
364;88
364;89
364;90
364;91
364;92
364;93
364;94
364;95
364;96
364;97
364;98
364;99
364;100
364;101
364;102
364;103
364;104
364;105
364;106
364;107
364;108
364;109
364;245
364;246
364;247
364;248
364;249
364;250
364;251
364;252
364;253
364;254
364;255
364;256
364;257
364;258
364;259
364;260
364;261
364;262
364;263
364;264
364;265
364;266
364;267
364;268
364;336
364;338
364;339
364;340
364;341
364;342
364;343
364;344
364;345
364;346
364;347
364;348
364;349
364;350
364;351
364;352
364;353
364;354
364;355
364;356
364;357
364;358
364;359
364;360
364;361
364;362
364;363
364;364
364;365
364;366
364;367
364;368
364;369
364;370
364;371
364;372
364;373
364;374
364;375
364;376
364;377
364;378
364;379
364;380
364;381
364;382
364;383
364;384
364;385
364;386
364;387
364;388
364;389
364;390
364;391
364;392
364;393
364;394
364;395
364;396
364;397
364;398
364;399
364;400
364;401
364;402
364;403
364;404
364;405
364;406
364;407
364;408
364;409
364;410
364;416
364;417
364;418
364;419
364;420
364;421
364;422
364;423
364;424
364;425
364;426
364;427
364;428
364;429
364;430
364;431
364;432
364;433
364;434
364;435
364;436
364;437
364;438
364;439
364;440
364;441
364;442
364;443
364;444
364;445
364;446
364;447
364;448
364;449
364;450
364;451
364;452
364;453
364;454
364;455
364;456
364;457
364;458
364;459
364;460
364;461
364;462
364;463
364;464
364;465
364;466
364;467
364;468
364;469
364;470
364;471
364;472
364;473
364;474
364;475
364;476
364;477
364;478
364;479
364;480
364;481
364;482
364;483
364;484
364;485
364;486
364;487
364;488
364;489
364;490
364;491
364;492
364;493
364;494
364;495
364;496
364;497
364;498
364;499
364;500
364;501
364;502
364;503
364;504
364;505
365;8
365;9
365;10
365;11
365;12
365;13
365;14
365;15
365;16
365;17
365;18
365;19
365;20
365;21
365;22
365;23
365;24
365;25
365;26
365;27
365;28
365;29
365;30
365;31
365;32
365;33
365;34
365;35
365;36
365;37
365;38
365;39
365;40
365;41
365;85
365;86
365;87
365;88
365;89
365;90
365;91
365;92
365;93
365;94
365;95
365;96
365;97
365;98
365;99
365;100
365;101
365;102
365;103
365;104
365;105
365;106
365;107
365;108
365;109
365;110
365;111
365;113
365;246
365;247
365;248
365;249
365;250
365;251
365;252
365;253
365;254
365;255
365;256
365;257
365;258
365;259
365;260
365;261
365;262
365;263
365;264
365;265
365;266
365;267
365;342
365;343
365;344
365;345
365;346
365;347
365;348
365;349
365;350
365;351
365;352
365;353
365;354
365;355
365;356
365;357
365;358
365;359
365;360
365;361
365;362
365;363
365;364
365;365
365;366
365;367
365;368
365;369
365;370
365;371
365;372
365;373
365;374
365;375
365;376
365;377
365;378
365;379
365;380
365;381
365;382
365;383
365;384
365;385
365;386
365;387
365;388
365;389
365;390
365;391
365;392
365;393
365;394
365;395
365;396
365;397
365;398
365;399
365;400
365;401
365;402
365;403
365;404
365;405
365;406
365;407
365;408
365;409
365;410
365;417
365;418
365;419
365;420
365;421
365;422
365;423
365;424
365;425
365;426
365;427
365;428
365;429
365;430
365;431
365;432
365;433
365;434
365;435
365;436
365;437
365;438
365;439
365;440
365;441
365;442
365;443
365;444
365;445
365;446
365;447
365;448
365;449
365;450
365;451
365;452
365;453
365;454
365;455
365;456
365;457
365;458
365;459
365;460
365;461
365;462
365;463
365;464
365;465
365;466
365;467
365;468
365;469
365;470
365;471
365;472
365;473
365;474
365;475
365;476
365;477
365;478
365;479
365;480
365;481
365;482
365;483
365;484
365;485
365;486
365;487
365;488
365;489
365;490
365;491
365;492
365;493
365;494
365;495
365;496
365;497
365;498
365;499
365;500
365;501
365;502
365;503
365;504
366;7
366;8
366;9
366;10
366;11
366;12
366;13
366;14
366;15
366;16
366;17
366;18
366;19
366;20
366;21
366;22
366;23
366;24
366;25
366;26
366;27
366;28
366;29
366;30
366;31
366;32
366;33
366;34
366;35
366;36
366;37
366;38
366;39
366;40
366;41
366;42
366;85
366;86
366;87
366;88
366;89
366;90
366;91
366;92
366;93
366;94
366;95
366;96
366;97
366;98
366;99
366;100
366;101
366;102
366;103
366;104
366;105
366;106
366;107
366;108
366;109
366;110
366;111
366;112
366;113
366;114
366;115
366;247
366;248
366;249
366;250
366;251
366;252
366;253
366;254
366;255
366;256
366;257
366;258
366;259
366;260
366;261
366;262
366;263
366;264
366;265
366;266
366;267
366;346
366;348
366;349
366;350
366;351
366;352
366;353
366;354
366;355
366;356
366;357
366;358
366;359
366;360
366;361
366;362
366;363
366;364
366;365
366;366
366;367
366;368
366;369
366;370
366;371
366;372
366;373
366;374
366;375
366;376
366;377
366;378
366;379
366;380
366;381
366;382
366;383
366;384
366;385
366;386
366;387
366;388
366;389
366;390
366;391
366;392
366;393
366;394
366;395
366;396
366;397
366;398
366;399
366;400
366;401
366;402
366;403
366;404
366;405
366;406
366;407
366;408
366;409
366;417
366;418
366;419
366;420
366;421
366;422
366;423
366;424
366;425
366;426
366;427
366;428
366;429
366;430
366;431
366;432
366;433
366;434
366;435
366;436
366;437
366;438
366;439
366;440
366;441
366;442
366;443
366;444
366;445
366;446
366;447
366;448
366;449
366;450
366;451
366;452
366;453
366;454
366;455
366;456
366;457
366;458
366;459
366;460
366;461
366;462
366;463
366;464
366;465
366;466
366;467
366;468
366;469
366;470
366;471
366;472
366;473
366;474
366;475
366;476
366;477
366;478
366;479
366;480
366;481
366;482
366;483
366;484
366;485
366;486
366;487
366;488
366;489
366;490
366;491
366;492
366;493
366;494
366;495
366;496
366;497
366;498
366;499
366;500
366;501
366;502
366;503
366;504
367;5
367;6
367;7
367;8
367;9
367;10
367;11
367;12
367;13
367;14
367;15
367;16
367;17
367;18
367;19
367;20
367;21
367;22
367;23
367;24
367;25
367;26
367;27
367;28
367;29
367;30
367;31
367;32
367;33
367;34
367;35
367;36
367;37
367;38
367;39
367;40
367;41
367;42
367;43
367;85
367;86
367;87
367;88
367;89
367;90
367;91
367;92
367;93
367;94
367;95
367;96
367;97
367;98
367;99
367;100
367;101
367;102
367;103
367;104
367;105
367;106
367;107
367;108
367;109
367;110
367;111
367;112
367;113
367;114
367;115
367;116
367;117
367;248
367;249
367;250
367;251
367;252
367;253
367;254
367;255
367;256
367;257
367;258
367;259
367;260
367;261
367;262
367;263
367;264
367;265
367;266
367;267
367;349
367;350
367;351
367;352
367;353
367;354
367;355
367;356
367;357
367;358
367;359
367;360
367;361
367;362
367;363
367;364
367;365
367;366
367;367
367;368
367;369
367;370
367;371
367;372
367;373
367;374
367;375
367;376
367;377
367;378
367;379
367;380
367;381
367;382
367;383
367;384
367;385
367;386
367;387
367;388
367;389
367;390
367;391
367;392
367;393
367;394
367;395
367;396
367;397
367;398
367;399
367;400
367;401
367;402
367;403
367;404
367;405
367;406
367;407
367;408
367;409
367;417
367;418
367;419
367;420
367;421
367;422
367;423
367;424
367;425
367;426
367;427
367;428
367;429
367;430
367;431
367;432
367;433
367;434
367;435
367;436
367;437
367;438
367;439
367;440
367;441
367;442
367;443
367;444
367;445
367;446
367;447
367;448
367;449
367;450
367;451
367;452
367;453
367;454
367;455
367;456
367;457
367;458
367;459
367;460
367;461
367;462
367;463
367;464
367;465
367;466
367;467
367;468
367;469
367;470
367;471
367;472
367;473
367;474
367;475
367;476
367;477
367;478
367;479
367;480
367;481
367;482
367;483
367;484
367;485
367;486
367;487
367;488
367;489
367;490
367;491
367;492
367;493
367;494
367;495
367;496
367;497
367;498
367;499
367;500
367;501
367;502
367;503
367;504
368;5
368;6
368;7
368;8
368;9
368;10
368;11
368;12
368;13
368;14
368;15
368;16
368;17
368;18
368;19
368;20
368;21
368;22
368;23
368;24
368;25
368;26
368;27
368;28
368;29
368;30
368;31
368;32
368;33
368;34
368;35
368;36
368;37
368;38
368;39
368;40
368;41
368;42
368;43
368;44
368;85
368;86
368;87
368;88
368;89
368;90
368;91
368;92
368;93
368;94
368;95
368;96
368;97
368;98
368;99
368;100
368;101
368;102
368;103
368;104
368;105
368;106
368;107
368;108
368;109
368;110
368;111
368;112
368;113
368;114
368;115
368;116
368;117
368;118
368;119
368;249
368;250
368;251
368;252
368;253
368;254
368;255
368;256
368;257
368;258
368;259
368;260
368;261
368;262
368;263
368;264
368;265
368;266
368;348
368;349
368;350
368;351
368;352
368;353
368;354
368;355
368;356
368;357
368;358
368;359
368;360
368;361
368;362
368;363
368;364
368;365
368;366
368;367
368;368
368;369
368;370
368;371
368;372
368;373
368;374
368;375
368;376
368;377
368;378
368;379
368;380
368;381
368;382
368;383
368;384
368;385
368;386
368;387
368;388
368;389
368;390
368;391
368;392
368;393
368;394
368;395
368;396
368;397
368;398
368;399
368;400
368;401
368;402
368;403
368;404
368;405
368;406
368;407
368;408
368;409
368;418
368;419
368;420
368;421
368;422
368;423
368;424
368;425
368;426
368;427
368;428
368;429
368;430
368;431
368;432
368;433
368;434
368;435
368;436
368;437
368;438
368;439
368;440
368;441
368;442
368;443
368;444
368;445
368;446
368;447
368;448
368;449
368;450
368;451
368;452
368;453
368;454
368;455
368;456
368;457
368;458
368;459
368;460
368;461
368;462
368;463
368;464
368;465
368;466
368;467
368;468
368;469
368;470
368;471
368;472
368;473
368;474
368;475
368;476
368;477
368;478
368;479
368;480
368;481
368;482
368;483
368;484
368;485
368;486
368;487
368;488
368;489
368;490
368;491
368;492
368;493
368;494
368;495
368;496
368;497
368;498
368;499
368;500
368;501
368;502
368;503
368;504
369;3
369;4
369;5
369;6
369;7
369;8
369;9
369;10
369;11
369;12
369;13
369;14
369;15
369;16
369;17
369;18
369;19
369;20
369;21
369;22
369;23
369;24
369;25
369;26
369;27
369;28
369;29
369;30
369;31
369;32
369;33
369;34
369;35
369;36
369;37
369;38
369;39
369;40
369;41
369;42
369;43
369;44
369;45
369;85
369;86
369;87
369;88
369;89
369;90
369;91
369;92
369;93
369;94
369;95
369;96
369;97
369;98
369;99
369;100
369;101
369;102
369;103
369;104
369;105
369;106
369;107
369;108
369;109
369;110
369;111
369;112
369;113
369;114
369;115
369;116
369;117
369;118
369;119
369;120
369;121
369;122
369;123
369;250
369;251
369;252
369;253
369;254
369;255
369;256
369;257
369;258
369;259
369;260
369;261
369;262
369;263
369;264
369;265
369;266
369;347
369;348
369;349
369;350
369;351
369;352
369;353
369;354
369;355
369;356
369;357
369;358
369;359
369;360
369;361
369;362
369;363
369;364
369;365
369;366
369;367
369;368
369;369
369;370
369;371
369;372
369;373
369;374
369;375
369;376
369;377
369;378
369;379
369;380
369;381
369;382
369;383
369;384
369;385
369;386
369;387
369;388
369;389
369;390
369;391
369;392
369;393
369;394
369;395
369;396
369;397
369;398
369;399
369;400
369;401
369;402
369;403
369;404
369;405
369;406
369;407
369;408
369;418
369;419
369;420
369;421
369;422
369;423
369;424
369;425
369;426
369;427
369;428
369;429
369;430
369;431
369;432
369;433
369;434
369;435
369;436
369;437
369;438
369;439
369;440
369;441
369;442
369;443
369;444
369;445
369;446
369;447
369;448
369;449
369;450
369;451
369;452
369;453
369;454
369;455
369;456
369;457
369;458
369;459
369;460
369;461
369;462
369;463
369;464
369;465
369;466
369;467
369;468
369;469
369;470
369;471
369;472
369;473
369;474
369;475
369;476
369;477
369;478
369;479
369;480
369;481
369;482
369;483
369;484
369;485
369;486
369;487
369;488
369;489
369;490
369;491
369;492
369;493
369;494
369;495
369;496
369;497
369;498
369;499
369;500
369;501
369;502
369;503
370;1
370;2
370;3
370;4
370;5
370;6
370;7
370;8
370;9
370;10
370;11
370;12
370;13
370;14
370;15
370;16
370;17
370;18
370;19
370;20
370;21
370;22
370;23
370;24
370;25
370;26
370;27
370;28
370;29
370;30
370;31
370;32
370;33
370;34
370;35
370;36
370;37
370;38
370;39
370;40
370;41
370;42
370;43
370;44
370;45
370;46
370;47
370;85
370;86
370;87
370;88
370;89
370;90
370;91
370;92
370;93
370;94
370;95
370;96
370;97
370;98
370;99
370;100
370;101
370;102
370;103
370;104
370;105
370;106
370;107
370;108
370;109
370;110
370;111
370;112
370;113
370;114
370;115
370;116
370;117
370;118
370;119
370;120
370;121
370;122
370;123
370;124
370;125
370;251
370;252
370;253
370;254
370;255
370;256
370;257
370;258
370;259
370;260
370;261
370;262
370;263
370;264
370;265
370;266
370;345
370;346
370;347
370;348
370;349
370;350
370;351
370;352
370;353
370;354
370;355
370;356
370;357
370;358
370;359
370;360
370;361
370;362
370;363
370;364
370;365
370;366
370;367
370;368
370;369
370;370
370;371
370;372
370;373
370;374
370;375
370;376
370;377
370;378
370;379
370;380
370;381
370;382
370;383
370;384
370;385
370;386
370;387
370;388
370;389
370;390
370;391
370;392
370;393
370;394
370;395
370;396
370;397
370;398
370;399
370;400
370;401
370;402
370;403
370;404
370;405
370;406
370;407
370;408
370;418
370;419
370;420
370;421
370;422
370;423
370;424
370;425
370;426
370;427
370;428
370;429
370;430
370;431
370;432
370;433
370;434
370;435
370;436
370;437
370;438
370;439
370;440
370;441
370;442
370;443
370;444
370;445
370;446
370;447
370;448
370;449
370;450
370;451
370;452
370;453
370;454
370;455
370;456
370;457
370;458
370;459
370;460
370;461
370;462
370;463
370;464
370;465
370;466
370;467
370;468
370;469
370;470
370;471
370;472
370;473
370;474
370;475
370;476
370;477
370;478
370;479
370;480
370;481
370;482
370;483
370;484
370;485
370;486
370;487
370;488
370;489
370;490
370;491
370;492
370;493
370;494
370;495
370;496
370;497
370;498
370;499
370;500
370;501
370;502
370;503
371;1
371;2
371;3
371;4
371;5
371;6
371;7
371;8
371;9
371;10
371;11
371;12
371;13
371;14
371;15
371;16
371;17
371;18
371;19
371;20
371;21
371;22
371;23
371;24
371;25
371;26
371;27
371;28
371;29
371;30
371;31
371;32
371;33
371;34
371;35
371;36
371;37
371;38
371;39
371;40
371;41
371;42
371;43
371;44
371;45
371;46
371;47
371;86
371;87
371;88
371;89
371;90
371;91
371;92
371;93
371;94
371;95
371;96
371;97
371;98
371;99
371;100
371;101
371;102
371;103
371;104
371;105
371;106
371;107
371;108
371;109
371;110
371;111
371;112
371;113
371;114
371;115
371;116
371;117
371;118
371;119
371;120
371;121
371;122
371;123
371;124
371;125
371;126
371;127
371;252
371;253
371;254
371;255
371;256
371;257
371;258
371;259
371;260
371;261
371;262
371;263
371;264
371;265
371;346
371;347
371;348
371;349
371;350
371;351
371;352
371;353
371;354
371;355
371;356
371;357
371;358
371;359
371;360
371;361
371;362
371;363
371;364
371;365
371;366
371;367
371;368
371;369
371;370
371;371
371;372
371;373
371;374
371;375
371;376
371;377
371;378
371;379
371;380
371;381
371;382
371;383
371;384
371;385
371;386
371;387
371;388
371;389
371;390
371;391
371;392
371;393
371;394
371;395
371;396
371;397
371;398
371;399
371;400
371;401
371;402
371;403
371;404
371;405
371;406
371;407
371;408
371;419
371;420
371;421
371;422
371;423
371;424
371;425
371;426
371;427
371;428
371;429
371;430
371;431
371;432
371;433
371;434
371;435
371;436
371;437
371;438
371;439
371;440
371;441
371;442
371;443
371;444
371;445
371;446
371;447
371;448
371;449
371;450
371;451
371;452
371;453
371;454
371;455
371;456
371;457
371;458
371;459
371;460
371;461
371;462
371;463
371;464
371;465
371;466
371;467
371;468
371;469
371;470
371;471
371;472
371;473
371;474
371;475
371;476
371;477
371;478
371;479
371;480
371;481
371;482
371;483
371;484
371;485
371;486
371;487
371;488
371;489
371;490
371;491
371;492
371;493
371;494
371;495
371;496
371;497
371;498
371;499
371;500
371;501
371;502
372;0
372;1
372;2
372;3
372;4
372;5
372;6
372;7
372;8
372;9
372;10
372;11
372;12
372;13
372;14
372;15
372;16
372;17
372;18
372;19
372;20
372;21
372;22
372;23
372;24
372;25
372;26
372;27
372;28
372;29
372;30
372;31
372;32
372;33
372;34
372;35
372;36
372;37
372;38
372;39
372;40
372;41
372;42
372;43
372;44
372;45
372;46
372;47
372;48
372;49
372;86
372;87
372;88
372;89
372;90
372;91
372;92
372;93
372;94
372;95
372;96
372;97
372;98
372;99
372;100
372;101
372;102
372;103
372;104
372;105
372;106
372;107
372;108
372;109
372;110
372;111
372;112
372;113
372;114
372;115
372;116
372;117
372;118
372;119
372;120
372;121
372;122
372;123
372;124
372;125
372;126
372;127
372;128
372;129
372;254
372;255
372;256
372;257
372;258
372;259
372;260
372;261
372;262
372;263
372;264
372;265
372;347
372;348
372;349
372;350
372;351
372;352
372;353
372;354
372;355
372;356
372;357
372;358
372;359
372;360
372;361
372;362
372;363
372;364
372;365
372;366
372;367
372;368
372;369
372;370
372;371
372;372
372;373
372;374
372;375
372;376
372;377
372;378
372;379
372;380
372;381
372;382
372;383
372;384
372;385
372;386
372;387
372;388
372;389
372;390
372;391
372;392
372;393
372;394
372;395
372;396
372;397
372;398
372;399
372;400
372;401
372;402
372;403
372;404
372;405
372;406
372;407
372;408
372;419
372;420
372;421
372;422
372;423
372;424
372;425
372;426
372;427
372;428
372;429
372;430
372;431
372;432
372;433
372;434
372;435
372;436
372;437
372;438
372;439
372;440
372;441
372;442
372;443
372;444
372;445
372;446
372;447
372;448
372;449
372;450
372;451
372;452
372;453
372;454
372;455
372;456
372;457
372;458
372;459
372;460
372;461
372;462
372;463
372;464
372;465
372;466
372;467
372;468
372;469
372;470
372;471
372;472
372;473
372;474
372;475
372;476
372;477
372;478
372;479
372;480
372;481
372;482
372;483
372;484
372;485
372;486
372;487
372;488
372;489
372;490
372;491
372;492
372;493
372;494
372;495
372;496
372;497
372;498
372;499
372;500
372;501
372;502
373;0
373;1
373;2
373;3
373;4
373;5
373;6
373;7
373;8
373;9
373;10
373;11
373;12
373;13
373;14
373;15
373;16
373;17
373;18
373;19
373;20
373;21
373;22
373;23
373;24
373;25
373;26
373;27
373;28
373;29
373;30
373;31
373;32
373;33
373;34
373;35
373;36
373;37
373;38
373;39
373;40
373;41
373;42
373;43
373;44
373;45
373;46
373;47
373;48
373;49
373;86
373;87
373;88
373;89
373;90
373;91
373;92
373;93
373;94
373;95
373;96
373;97
373;98
373;99
373;100
373;101
373;102
373;103
373;104
373;105
373;106
373;107
373;108
373;109
373;110
373;111
373;112
373;113
373;114
373;115
373;116
373;117
373;118
373;119
373;120
373;121
373;122
373;123
373;124
373;125
373;126
373;127
373;128
373;129
373;130
373;131
373;132
373;133
373;254
373;255
373;256
373;257
373;258
373;259
373;260
373;261
373;262
373;263
373;264
373;348
373;349
373;350
373;351
373;352
373;353
373;354
373;355
373;356
373;357
373;358
373;359
373;360
373;361
373;362
373;363
373;364
373;365
373;366
373;367
373;368
373;369
373;370
373;371
373;372
373;373
373;374
373;375
373;376
373;377
373;378
373;379
373;380
373;381
373;382
373;383
373;384
373;385
373;386
373;387
373;388
373;389
373;390
373;391
373;392
373;393
373;394
373;395
373;396
373;397
373;398
373;399
373;400
373;401
373;402
373;403
373;404
373;405
373;406
373;407
373;408
373;420
373;421
373;422
373;423
373;424
373;425
373;426
373;427
373;428
373;429
373;430
373;431
373;432
373;433
373;434
373;435
373;436
373;437
373;438
373;439
373;440
373;441
373;442
373;443
373;444
373;445
373;446
373;447
373;448
373;449
373;450
373;451
373;452
373;453
373;454
373;455
373;456
373;457
373;458
373;459
373;460
373;461
373;462
373;463
373;464
373;465
373;466
373;467
373;468
373;469
373;470
373;471
373;472
373;473
373;474
373;475
373;476
373;477
373;478
373;479
373;480
373;481
373;482
373;483
373;484
373;485
373;486
373;487
373;488
373;489
373;490
373;491
373;492
373;493
373;494
373;495
373;496
373;497
373;498
373;499
373;500
373;501
374;0
374;1
374;2
374;3
374;4
374;5
374;6
374;7
374;8
374;9
374;10
374;11
374;12
374;13
374;14
374;15
374;16
374;17
374;18
374;19
374;20
374;21
374;22
374;23
374;24
374;25
374;26
374;27
374;28
374;29
374;30
374;31
374;32
374;33
374;34
374;35
374;36
374;37
374;38
374;39
374;40
374;41
374;42
374;43
374;44
374;45
374;46
374;47
374;48
374;49
374;50
374;51
374;86
374;87
374;88
374;89
374;90
374;91
374;92
374;93
374;94
374;95
374;96
374;97
374;98
374;99
374;100
374;101
374;102
374;103
374;104
374;105
374;106
374;107
374;108
374;109
374;110
374;111
374;112
374;113
374;114
374;115
374;116
374;117
374;118
374;119
374;120
374;121
374;122
374;123
374;124
374;125
374;126
374;127
374;128
374;129
374;130
374;131
374;132
374;133
374;134
374;135
374;256
374;257
374;258
374;259
374;260
374;261
374;262
374;263
374;264
374;349
374;350
374;351
374;352
374;353
374;354
374;355
374;356
374;357
374;358
374;359
374;360
374;361
374;362
374;363
374;364
374;365
374;366
374;367
374;368
374;369
374;370
374;371
374;372
374;373
374;374
374;375
374;376
374;377
374;378
374;379
374;380
374;381
374;382
374;383
374;384
374;385
374;386
374;387
374;388
374;389
374;390
374;391
374;392
374;393
374;394
374;395
374;396
374;397
374;398
374;399
374;400
374;401
374;402
374;403
374;404
374;405
374;406
374;407
374;420
374;421
374;422
374;423
374;424
374;425
374;426
374;427
374;428
374;429
374;430
374;431
374;432
374;433
374;434
374;435
374;436
374;437
374;438
374;439
374;440
374;441
374;442
374;443
374;444
374;445
374;446
374;447
374;448
374;449
374;450
374;451
374;452
374;453
374;454
374;455
374;456
374;457
374;458
374;459
374;460
374;461
374;462
374;463
374;464
374;465
374;466
374;467
374;468
374;469
374;470
374;471
374;472
374;473
374;474
374;475
374;476
374;477
374;478
374;479
374;480
374;481
374;482
374;483
374;484
374;485
374;486
374;487
374;488
374;489
374;490
374;491
374;492
374;493
374;494
374;495
374;496
374;497
374;498
374;499
374;500
374;501
375;0
375;1
375;2
375;3
375;4
375;5
375;6
375;7
375;8
375;9
375;10
375;11
375;12
375;13
375;14
375;15
375;16
375;17
375;18
375;19
375;20
375;21
375;22
375;23
375;24
375;25
375;26
375;27
375;28
375;29
375;30
375;31
375;32
375;33
375;34
375;35
375;36
375;37
375;38
375;39
375;40
375;41
375;42
375;43
375;44
375;45
375;46
375;47
375;48
375;49
375;50
375;51
375;52
375;86
375;87
375;88
375;89
375;90
375;91
375;92
375;93
375;94
375;95
375;96
375;97
375;98
375;99
375;100
375;101
375;102
375;103
375;104
375;105
375;106
375;107
375;108
375;109
375;110
375;111
375;112
375;113
375;114
375;115
375;116
375;117
375;118
375;119
375;120
375;121
375;122
375;123
375;124
375;125
375;126
375;127
375;128
375;129
375;130
375;131
375;132
375;133
375;134
375;135
375;136
375;137
375;256
375;257
375;258
375;259
375;260
375;261
375;262
375;263
375;264
375;350
375;351
375;352
375;353
375;354
375;355
375;356
375;357
375;358
375;359
375;360
375;361
375;362
375;363
375;364
375;365
375;366
375;367
375;368
375;369
375;370
375;371
375;372
375;373
375;374
375;375
375;376
375;377
375;378
375;379
375;380
375;381
375;382
375;383
375;384
375;385
375;386
375;387
375;388
375;389
375;390
375;391
375;394
375;396
375;397
375;398
375;399
375;400
375;401
375;402
375;403
375;404
375;405
375;406
375;407
375;421
375;422
375;423
375;424
375;425
375;426
375;427
375;428
375;429
375;430
375;431
375;432
375;433
375;434
375;435
375;436
375;437
375;438
375;439
375;440
375;441
375;442
375;443
375;444
375;445
375;446
375;447
375;448
375;449
375;450
375;451
375;452
375;453
375;454
375;455
375;456
375;457
375;458
375;459
375;460
375;461
375;462
375;463
375;464
375;465
375;466
375;467
375;468
375;469
375;470
375;471
375;472
375;473
375;474
375;475
375;476
375;477
375;478
375;479
375;480
375;481
375;482
375;483
375;484
375;485
375;486
375;487
375;488
375;489
375;490
375;491
375;492
375;493
375;494
375;495
375;496
375;497
375;498
375;499
375;500
376;0
376;1
376;2
376;3
376;4
376;5
376;6
376;7
376;8
376;9
376;10
376;11
376;12
376;13
376;14
376;15
376;16
376;17
376;18
376;19
376;20
376;21
376;22
376;23
376;24
376;25
376;26
376;27
376;28
376;29
376;30
376;31
376;32
376;33
376;34
376;35
376;36
376;37
376;38
376;39
376;40
376;41
376;42
376;43
376;44
376;45
376;46
376;47
376;48
376;49
376;50
376;51
376;52
376;53
376;86
376;87
376;88
376;89
376;90
376;91
376;92
376;93
376;94
376;95
376;96
376;97
376;98
376;99
376;100
376;101
376;102
376;103
376;104
376;105
376;106
376;107
376;108
376;109
376;110
376;111
376;112
376;113
376;114
376;115
376;116
376;117
376;118
376;119
376;120
376;121
376;122
376;123
376;124
376;125
376;126
376;127
376;128
376;129
376;130
376;131
376;132
376;133
376;134
376;135
376;136
376;137
376;138
376;139
376;141
376;258
376;259
376;260
376;261
376;262
376;263
376;352
376;353
376;354
376;355
376;356
376;357
376;358
376;359
376;360
376;361
376;362
376;363
376;364
376;365
376;366
376;367
376;368
376;369
376;370
376;371
376;372
376;373
376;374
376;375
376;376
376;377
376;378
376;379
376;380
376;381
376;382
376;383
376;384
376;385
376;386
376;387
376;388
376;389
376;390
376;398
376;400
376;401
376;402
376;403
376;404
376;405
376;406
376;407
376;422
376;423
376;424
376;425
376;426
376;427
376;428
376;429
376;430
376;431
376;432
376;433
376;434
376;435
376;436
376;437
376;438
376;439
376;440
376;441
376;442
376;443
376;444
376;445
376;446
376;447
376;448
376;449
376;450
376;451
376;452
376;453
376;454
376;455
376;456
376;457
376;458
376;459
376;460
376;461
376;462
376;463
376;464
376;465
376;466
376;467
376;468
376;469
376;470
376;471
376;472
376;473
376;474
376;475
376;476
376;477
376;478
376;479
376;480
376;481
376;482
376;483
376;484
376;485
376;486
376;487
376;488
376;489
376;490
376;491
376;492
376;493
376;494
376;495
376;496
376;497
376;498
376;499
376;500
377;0
377;1
377;2
377;3
377;4
377;5
377;6
377;7
377;8
377;9
377;10
377;11
377;12
377;13
377;14
377;15
377;16
377;17
377;18
377;19
377;20
377;21
377;22
377;23
377;24
377;25
377;26
377;27
377;28
377;29
377;30
377;31
377;32
377;33
377;34
377;35
377;36
377;37
377;38
377;39
377;40
377;41
377;42
377;43
377;44
377;45
377;46
377;47
377;48
377;49
377;50
377;51
377;52
377;86
377;87
377;88
377;89
377;90
377;91
377;92
377;93
377;94
377;95
377;96
377;97
377;98
377;99
377;100
377;101
377;102
377;103
377;104
377;105
377;106
377;107
377;108
377;109
377;110
377;111
377;112
377;113
377;114
377;115
377;116
377;117
377;118
377;119
377;120
377;121
377;122
377;123
377;124
377;125
377;126
377;127
377;128
377;129
377;130
377;131
377;132
377;133
377;134
377;135
377;136
377;137
377;138
377;139
377;140
377;141
377;142
377;143
377;258
377;259
377;260
377;261
377;262
377;263
377;352
377;353
377;354
377;355
377;356
377;357
377;358
377;359
377;360
377;361
377;362
377;363
377;364
377;365
377;366
377;367
377;368
377;369
377;370
377;371
377;372
377;373
377;374
377;375
377;376
377;377
377;378
377;379
377;380
377;381
377;382
377;383
377;384
377;385
377;386
377;387
377;388
377;404
377;406
377;422
377;423
377;424
377;425
377;426
377;427
377;428
377;429
377;430
377;431
377;432
377;433
377;434
377;435
377;436
377;437
377;438
377;439
377;440
377;441
377;442
377;443
377;444
377;445
377;446
377;447
377;448
377;449
377;450
377;451
377;452
377;453
377;454
377;455
377;456
377;457
377;458
377;459
377;460
377;461
377;462
377;463
377;464
377;465
377;466
377;467
377;468
377;469
377;470
377;471
377;472
377;473
377;474
377;475
377;476
377;477
377;478
377;479
377;480
377;481
377;482
377;483
377;484
377;485
377;486
377;487
377;488
377;489
377;490
377;491
377;492
377;493
377;494
377;495
377;496
377;497
377;498
377;499
378;0
378;1
378;2
378;3
378;4
378;5
378;6
378;7
378;8
378;9
378;10
378;11
378;12
378;13
378;14
378;15
378;16
378;17
378;18
378;19
378;20
378;21
378;22
378;23
378;24
378;25
378;26
378;27
378;28
378;29
378;30
378;31
378;32
378;33
378;34
378;35
378;36
378;37
378;38
378;39
378;40
378;41
378;42
378;43
378;44
378;45
378;46
378;47
378;48
378;49
378;50
378;51
378;86
378;87
378;88
378;89
378;90
378;91
378;92
378;93
378;94
378;95
378;96
378;97
378;98
378;99
378;100
378;101
378;102
378;103
378;104
378;105
378;106
378;107
378;108
378;109
378;110
378;111
378;112
378;113
378;114
378;115
378;116
378;117
378;118
378;119
378;120
378;121
378;122
378;123
378;124
378;125
378;126
378;127
378;128
378;129
378;130
378;131
378;132
378;133
378;134
378;135
378;136
378;137
378;138
378;139
378;140
378;141
378;142
378;143
378;144
378;145
378;260
378;261
378;262
378;354
378;355
378;356
378;357
378;358
378;359
378;360
378;361
378;362
378;363
378;364
378;365
378;366
378;367
378;368
378;369
378;370
378;371
378;372
378;373
378;374
378;375
378;376
378;377
378;378
378;379
378;380
378;381
378;382
378;383
378;384
378;385
378;386
378;387
378;388
378;423
378;424
378;425
378;426
378;427
378;428
378;429
378;430
378;431
378;432
378;433
378;434
378;435
378;436
378;437
378;438
378;439
378;440
378;441
378;442
378;443
378;444
378;445
378;446
378;447
378;448
378;449
378;450
378;451
378;452
378;453
378;454
378;455
378;456
378;457
378;458
378;459
378;460
378;461
378;462
378;463
378;464
378;465
378;466
378;467
378;468
378;469
378;470
378;471
378;472
378;473
378;474
378;475
378;476
378;477
378;478
378;479
378;480
378;481
378;482
378;483
378;484
378;485
378;486
378;487
378;488
378;489
378;490
378;491
378;492
378;493
378;494
378;495
378;496
378;497
378;498
379;0
379;1
379;2
379;3
379;4
379;5
379;6
379;7
379;8
379;9
379;10
379;11
379;12
379;13
379;14
379;15
379;16
379;17
379;18
379;19
379;20
379;21
379;22
379;23
379;24
379;25
379;26
379;27
379;28
379;29
379;30
379;31
379;32
379;33
379;34
379;35
379;36
379;37
379;38
379;39
379;40
379;41
379;42
379;43
379;44
379;45
379;46
379;47
379;48
379;49
379;50
379;86
379;87
379;88
379;89
379;90
379;91
379;92
379;93
379;94
379;95
379;96
379;97
379;98
379;99
379;100
379;101
379;102
379;103
379;104
379;105
379;106
379;107
379;108
379;109
379;110
379;111
379;112
379;113
379;114
379;115
379;116
379;117
379;118
379;119
379;120
379;121
379;122
379;123
379;124
379;125
379;126
379;127
379;128
379;129
379;130
379;131
379;132
379;133
379;134
379;135
379;136
379;137
379;138
379;139
379;140
379;141
379;142
379;143
379;144
379;145
379;146
379;147
379;260
379;261
379;262
379;354
379;355
379;356
379;357
379;358
379;359
379;360
379;361
379;362
379;363
379;364
379;365
379;366
379;367
379;368
379;369
379;370
379;371
379;372
379;373
379;374
379;375
379;376
379;377
379;378
379;379
379;380
379;381
379;382
379;383
379;384
379;385
379;386
379;424
379;425
379;426
379;427
379;428
379;429
379;430
379;431
379;432
379;433
379;434
379;435
379;436
379;437
379;438
379;439
379;440
379;441
379;442
379;443
379;444
379;445
379;446
379;447
379;448
379;449
379;450
379;451
379;452
379;453
379;454
379;455
379;456
379;457
379;458
379;459
379;460
379;461
379;462
379;463
379;464
379;465
379;466
379;467
379;468
379;469
379;470
379;471
379;472
379;473
379;474
379;475
379;476
379;477
379;478
379;479
379;480
379;481
379;482
379;483
379;484
379;485
379;486
379;487
379;488
379;489
379;490
379;491
379;492
379;493
379;494
379;495
379;496
379;497
380;0
380;1
380;2
380;3
380;4
380;5
380;6
380;7
380;8
380;9
380;10
380;11
380;12
380;13
380;14
380;15
380;16
380;17
380;18
380;19
380;20
380;21
380;22
380;23
380;24
380;25
380;26
380;27
380;28
380;29
380;30
380;31
380;32
380;33
380;34
380;35
380;36
380;37
380;38
380;39
380;40
380;41
380;42
380;43
380;44
380;45
380;46
380;47
380;48
380;87
380;88
380;89
380;90
380;91
380;92
380;93
380;94
380;95
380;96
380;97
380;98
380;99
380;100
380;101
380;102
380;103
380;104
380;105
380;106
380;107
380;108
380;109
380;110
380;111
380;112
380;113
380;114
380;115
380;116
380;117
380;118
380;119
380;120
380;121
380;122
380;123
380;124
380;125
380;126
380;127
380;128
380;129
380;130
380;131
380;132
380;133
380;134
380;135
380;136
380;137
380;138
380;139
380;140
380;141
380;142
380;143
380;144
380;145
380;146
380;147
380;148
380;149
380;150
380;151
380;262
380;356
380;357
380;358
380;359
380;360
380;361
380;362
380;363
380;364
380;365
380;366
380;367
380;368
380;369
380;370
380;371
380;372
380;373
380;374
380;375
380;376
380;377
380;378
380;379
380;380
380;381
380;382
380;383
380;384
380;424
380;425
380;426
380;427
380;428
380;429
380;430
380;431
380;432
380;433
380;434
380;435
380;436
380;437
380;438
380;439
380;440
380;441
380;442
380;443
380;444
380;445
380;446
380;447
380;448
380;449
380;450
380;451
380;452
380;453
380;454
380;455
380;456
380;457
380;458
380;459
380;460
380;461
380;462
380;463
380;464
380;465
380;466
380;467
380;468
380;469
380;470
380;471
380;472
380;473
380;474
380;475
380;476
380;477
380;478
380;479
380;480
380;481
380;482
380;483
380;484
380;485
380;486
380;487
380;488
380;489
380;490
380;491
380;492
380;493
380;494
380;495
380;496
381;0
381;1
381;2
381;3
381;4
381;5
381;6
381;7
381;8
381;9
381;10
381;11
381;12
381;13
381;14
381;15
381;16
381;17
381;18
381;19
381;20
381;21
381;22
381;23
381;24
381;25
381;26
381;27
381;28
381;29
381;30
381;31
381;32
381;33
381;34
381;35
381;36
381;37
381;38
381;39
381;40
381;41
381;42
381;43
381;44
381;45
381;46
381;47
381;48
381;87
381;88
381;89
381;90
381;91
381;92
381;93
381;94
381;95
381;96
381;97
381;98
381;99
381;100
381;101
381;102
381;103
381;104
381;105
381;106
381;107
381;108
381;109
381;110
381;111
381;112
381;113
381;114
381;115
381;116
381;117
381;118
381;119
381;120
381;121
381;122
381;123
381;124
381;125
381;126
381;127
381;128
381;129
381;130
381;131
381;132
381;133
381;134
381;135
381;136
381;137
381;138
381;139
381;140
381;141
381;142
381;143
381;144
381;145
381;146
381;147
381;148
381;149
381;150
381;151
381;152
381;153
381;356
381;357
381;358
381;359
381;360
381;361
381;362
381;363
381;364
381;365
381;366
381;367
381;368
381;369
381;370
381;371
381;372
381;373
381;374
381;375
381;376
381;377
381;378
381;379
381;380
381;381
381;382
381;383
381;384
381;426
381;427
381;428
381;429
381;430
381;431
381;432
381;433
381;434
381;435
381;436
381;437
381;438
381;439
381;440
381;441
381;442
381;443
381;444
381;445
381;446
381;447
381;448
381;449
381;450
381;451
381;452
381;453
381;454
381;455
381;456
381;457
381;458
381;459
381;460
381;461
381;462
381;463
381;464
381;465
381;466
381;467
381;468
381;469
381;470
381;471
381;472
381;473
381;474
381;475
381;476
381;477
381;478
381;479
381;480
381;481
381;482
381;483
381;484
381;485
381;486
381;487
381;488
381;489
381;490
381;491
381;492
381;493
381;494
381;495
381;496
382;0
382;1
382;2
382;3
382;4
382;5
382;6
382;7
382;8
382;9
382;10
382;11
382;12
382;13
382;14
382;15
382;16
382;17
382;18
382;19
382;20
382;21
382;22
382;23
382;24
382;25
382;26
382;27
382;28
382;29
382;30
382;31
382;32
382;33
382;34
382;35
382;36
382;37
382;38
382;39
382;40
382;41
382;42
382;43
382;44
382;45
382;46
382;87
382;88
382;89
382;90
382;91
382;92
382;93
382;94
382;95
382;96
382;97
382;98
382;99
382;100
382;101
382;102
382;103
382;104
382;105
382;106
382;107
382;108
382;109
382;110
382;111
382;112
382;113
382;114
382;115
382;116
382;117
382;118
382;119
382;120
382;121
382;122
382;123
382;124
382;125
382;126
382;127
382;128
382;129
382;130
382;131
382;132
382;133
382;134
382;135
382;136
382;137
382;138
382;139
382;140
382;141
382;142
382;143
382;144
382;145
382;146
382;147
382;148
382;149
382;150
382;151
382;152
382;153
382;154
382;155
382;358
382;359
382;360
382;361
382;362
382;363
382;364
382;365
382;366
382;367
382;368
382;369
382;370
382;371
382;372
382;373
382;374
382;375
382;376
382;377
382;378
382;379
382;380
382;381
382;382
382;426
382;427
382;428
382;429
382;430
382;431
382;432
382;433
382;434
382;435
382;436
382;437
382;438
382;439
382;440
382;441
382;442
382;443
382;444
382;445
382;446
382;447
382;448
382;449
382;450
382;451
382;452
382;453
382;454
382;455
382;456
382;457
382;458
382;459
382;460
382;461
382;462
382;463
382;464
382;465
382;466
382;467
382;468
382;469
382;470
382;471
382;472
382;473
382;474
382;475
382;476
382;477
382;478
382;479
382;480
382;481
382;482
382;483
382;484
382;485
382;486
382;487
382;488
382;489
382;490
382;491
382;492
382;493
382;494
383;0
383;1
383;2
383;3
383;4
383;5
383;6
383;7
383;8
383;9
383;10
383;11
383;12
383;13
383;14
383;15
383;16
383;17
383;18
383;19
383;20
383;21
383;22
383;23
383;24
383;25
383;26
383;27
383;28
383;29
383;30
383;31
383;32
383;33
383;34
383;35
383;36
383;37
383;38
383;39
383;40
383;41
383;42
383;43
383;44
383;45
383;87
383;88
383;89
383;90
383;91
383;92
383;93
383;94
383;95
383;96
383;97
383;98
383;99
383;100
383;101
383;102
383;103
383;104
383;105
383;106
383;107
383;108
383;109
383;110
383;111
383;112
383;113
383;114
383;115
383;116
383;117
383;118
383;119
383;120
383;121
383;122
383;123
383;124
383;125
383;126
383;127
383;128
383;129
383;130
383;131
383;132
383;133
383;134
383;135
383;136
383;137
383;138
383;139
383;140
383;141
383;142
383;143
383;144
383;145
383;146
383;147
383;148
383;149
383;150
383;151
383;152
383;153
383;154
383;358
383;359
383;360
383;361
383;362
383;363
383;364
383;365
383;366
383;367
383;368
383;369
383;370
383;371
383;372
383;373
383;374
383;375
383;376
383;377
383;378
383;379
383;380
383;381
383;428
383;429
383;430
383;431
383;432
383;433
383;434
383;435
383;436
383;437
383;438
383;439
383;440
383;441
383;442
383;443
383;444
383;445
383;446
383;447
383;448
383;449
383;450
383;451
383;452
383;453
383;454
383;455
383;456
383;457
383;458
383;459
383;460
383;461
383;462
383;463
383;464
383;465
383;466
383;467
383;468
383;469
383;470
383;471
383;472
383;473
383;474
383;475
383;476
383;477
383;478
383;479
383;480
383;481
383;482
383;483
383;484
383;485
383;486
383;487
383;488
383;489
383;490
383;491
383;492
383;493
383;494
384;0
384;1
384;2
384;3
384;4
384;5
384;6
384;7
384;8
384;9
384;10
384;11
384;12
384;13
384;14
384;15
384;16
384;17
384;18
384;19
384;20
384;21
384;22
384;23
384;24
384;25
384;26
384;27
384;28
384;29
384;30
384;31
384;32
384;33
384;34
384;35
384;36
384;37
384;38
384;39
384;40
384;41
384;42
384;43
384;44
384;87
384;88
384;89
384;90
384;91
384;92
384;93
384;94
384;95
384;96
384;97
384;98
384;99
384;100
384;101
384;102
384;103
384;104
384;105
384;106
384;107
384;108
384;109
384;110
384;111
384;112
384;113
384;114
384;115
384;116
384;117
384;118
384;119
384;120
384;121
384;122
384;123
384;124
384;125
384;126
384;127
384;128
384;129
384;130
384;131
384;132
384;133
384;134
384;135
384;136
384;137
384;138
384;139
384;140
384;141
384;142
384;143
384;144
384;145
384;146
384;147
384;148
384;149
384;150
384;151
384;152
384;360
384;361
384;362
384;363
384;364
384;365
384;366
384;367
384;368
384;369
384;370
384;371
384;372
384;373
384;374
384;375
384;376
384;377
384;378
384;379
384;380
384;428
384;429
384;430
384;431
384;432
384;433
384;434
384;435
384;436
384;437
384;438
384;439
384;440
384;441
384;442
384;443
384;444
384;445
384;446
384;447
384;448
384;449
384;450
384;451
384;452
384;453
384;454
384;455
384;456
384;457
384;458
384;459
384;460
384;461
384;462
384;463
384;464
384;465
384;466
384;467
384;468
384;469
384;470
384;471
384;472
384;473
384;474
384;475
384;476
384;477
384;478
384;479
384;480
384;481
384;482
384;483
384;484
384;485
384;486
384;487
384;488
384;489
384;490
384;491
384;492
385;0
385;1
385;2
385;3
385;4
385;5
385;6
385;7
385;8
385;9
385;10
385;11
385;12
385;13
385;14
385;15
385;16
385;17
385;18
385;19
385;20
385;21
385;22
385;23
385;24
385;25
385;26
385;27
385;28
385;29
385;30
385;31
385;32
385;33
385;34
385;35
385;36
385;37
385;38
385;39
385;40
385;41
385;42
385;43
385;87
385;88
385;89
385;90
385;91
385;92
385;93
385;94
385;95
385;96
385;97
385;98
385;99
385;100
385;101
385;102
385;103
385;104
385;105
385;106
385;107
385;108
385;109
385;110
385;111
385;112
385;113
385;114
385;115
385;116
385;117
385;118
385;119
385;120
385;121
385;122
385;123
385;124
385;125
385;126
385;127
385;128
385;129
385;130
385;131
385;132
385;133
385;134
385;135
385;136
385;137
385;138
385;139
385;140
385;141
385;142
385;143
385;144
385;145
385;146
385;147
385;148
385;149
385;150
385;151
385;152
385;360
385;361
385;362
385;363
385;364
385;365
385;366
385;367
385;368
385;369
385;370
385;371
385;372
385;373
385;374
385;375
385;376
385;377
385;378
385;430
385;431
385;432
385;433
385;434
385;435
385;436
385;437
385;438
385;439
385;440
385;441
385;442
385;443
385;444
385;445
385;446
385;447
385;448
385;449
385;450
385;451
385;452
385;453
385;454
385;455
385;456
385;457
385;458
385;459
385;460
385;461
385;462
385;463
385;464
385;465
385;466
385;467
385;468
385;469
385;470
385;471
385;472
385;473
385;474
385;475
385;476
385;477
385;478
385;479
385;480
385;481
385;482
385;483
385;484
385;485
385;486
385;487
385;488
385;489
385;490
385;491
385;492
386;0
386;1
386;2
386;3
386;4
386;5
386;6
386;7
386;8
386;9
386;10
386;11
386;12
386;13
386;14
386;15
386;16
386;17
386;18
386;19
386;20
386;21
386;22
386;23
386;24
386;25
386;26
386;27
386;28
386;29
386;30
386;31
386;32
386;33
386;34
386;35
386;36
386;37
386;38
386;39
386;40
386;41
386;42
386;43
386;87
386;88
386;89
386;90
386;91
386;92
386;93
386;94
386;95
386;96
386;97
386;98
386;99
386;100
386;101
386;102
386;103
386;104
386;105
386;106
386;107
386;108
386;109
386;110
386;111
386;112
386;113
386;114
386;115
386;116
386;117
386;118
386;119
386;120
386;121
386;122
386;123
386;124
386;125
386;126
386;127
386;128
386;129
386;130
386;131
386;132
386;133
386;134
386;135
386;136
386;137
386;138
386;139
386;140
386;141
386;142
386;143
386;144
386;145
386;146
386;147
386;148
386;149
386;150
386;362
386;363
386;364
386;365
386;366
386;367
386;368
386;369
386;370
386;371
386;372
386;373
386;374
386;375
386;376
386;377
386;431
386;432
386;433
386;434
386;435
386;436
386;437
386;438
386;439
386;440
386;441
386;442
386;443
386;444
386;445
386;446
386;447
386;448
386;449
386;450
386;451
386;452
386;453
386;454
386;455
386;456
386;457
386;458
386;459
386;460
386;461
386;462
386;463
386;464
386;465
386;466
386;467
386;468
386;469
386;470
386;471
386;472
386;473
386;474
386;475
386;476
386;477
386;478
386;479
386;480
386;481
386;482
386;483
386;484
386;485
386;486
386;487
386;488
386;489
386;490
387;0
387;1
387;2
387;3
387;4
387;5
387;6
387;7
387;8
387;9
387;10
387;11
387;12
387;13
387;14
387;15
387;16
387;17
387;18
387;19
387;20
387;21
387;22
387;23
387;24
387;25
387;26
387;27
387;28
387;29
387;30
387;31
387;32
387;33
387;34
387;35
387;36
387;37
387;38
387;39
387;40
387;41
387;42
387;43
387;44
387;87
387;88
387;89
387;90
387;91
387;92
387;93
387;94
387;95
387;96
387;97
387;98
387;99
387;100
387;101
387;102
387;103
387;104
387;105
387;106
387;107
387;108
387;109
387;110
387;111
387;112
387;113
387;114
387;115
387;116
387;117
387;118
387;119
387;120
387;121
387;122
387;123
387;124
387;125
387;126
387;127
387;128
387;129
387;130
387;131
387;132
387;133
387;134
387;135
387;136
387;137
387;138
387;139
387;140
387;141
387;142
387;143
387;144
387;145
387;146
387;147
387;148
387;363
387;364
387;365
387;366
387;367
387;368
387;369
387;370
387;371
387;372
387;373
387;374
387;375
387;376
387;432
387;433
387;434
387;435
387;436
387;437
387;438
387;439
387;440
387;441
387;442
387;443
387;444
387;445
387;446
387;447
387;448
387;449
387;450
387;451
387;452
387;453
387;454
387;455
387;456
387;457
387;458
387;459
387;460
387;461
387;462
387;463
387;464
387;465
387;466
387;467
387;468
387;469
387;470
387;471
387;472
387;473
387;474
387;475
387;476
387;477
387;478
387;479
387;480
387;481
387;482
387;483
387;484
387;485
387;486
387;487
387;488
388;0
388;1
388;2
388;3
388;4
388;5
388;6
388;7
388;8
388;9
388;10
388;11
388;12
388;13
388;14
388;15
388;16
388;17
388;18
388;19
388;20
388;21
388;22
388;23
388;24
388;25
388;26
388;27
388;28
388;29
388;30
388;31
388;32
388;33
388;34
388;35
388;36
388;37
388;38
388;39
388;40
388;41
388;42
388;43
388;44
388;87
388;88
388;89
388;90
388;91
388;92
388;93
388;94
388;95
388;96
388;97
388;98
388;99
388;100
388;101
388;102
388;103
388;104
388;105
388;106
388;107
388;108
388;109
388;110
388;111
388;112
388;113
388;114
388;115
388;116
388;117
388;118
388;119
388;120
388;121
388;122
388;123
388;124
388;125
388;126
388;127
388;128
388;129
388;130
388;131
388;132
388;133
388;134
388;135
388;136
388;137
388;138
388;139
388;140
388;141
388;142
388;143
388;144
388;145
388;146
388;364
388;365
388;366
388;367
388;368
388;369
388;370
388;371
388;372
388;373
388;374
388;434
388;435
388;436
388;437
388;438
388;439
388;440
388;441
388;442
388;443
388;444
388;445
388;446
388;447
388;448
388;449
388;450
388;451
388;452
388;453
388;454
388;455
388;456
388;457
388;458
388;459
388;460
388;461
388;462
388;463
388;464
388;465
388;466
388;467
388;468
388;469
388;470
388;471
388;472
388;473
388;474
388;475
388;476
388;477
388;478
388;479
388;480
388;481
388;482
388;483
388;484
388;485
388;486
388;487
388;488
389;0
389;1
389;2
389;3
389;4
389;5
389;6
389;7
389;8
389;9
389;10
389;11
389;12
389;13
389;14
389;15
389;16
389;17
389;18
389;19
389;20
389;21
389;22
389;23
389;24
389;25
389;26
389;27
389;28
389;29
389;30
389;31
389;32
389;33
389;34
389;35
389;36
389;37
389;38
389;39
389;40
389;41
389;42
389;43
389;44
389;45
389;88
389;89
389;90
389;91
389;92
389;93
389;94
389;95
389;96
389;97
389;98
389;99
389;100
389;101
389;102
389;103
389;104
389;105
389;106
389;107
389;108
389;109
389;110
389;111
389;112
389;113
389;114
389;115
389;116
389;117
389;118
389;119
389;120
389;121
389;122
389;123
389;124
389;125
389;126
389;127
389;128
389;129
389;130
389;131
389;132
389;133
389;134
389;135
389;136
389;137
389;138
389;139
389;140
389;141
389;142
389;143
389;144
389;365
389;366
389;367
389;368
389;369
389;370
389;371
389;372
389;373
389;374
389;436
389;437
389;438
389;439
389;440
389;441
389;442
389;443
389;444
389;445
389;446
389;447
389;448
389;449
389;450
389;451
389;452
389;453
389;454
389;455
389;456
389;457
389;458
389;459
389;460
389;461
389;462
389;463
389;464
389;465
389;466
389;467
389;468
389;469
389;470
389;471
389;472
389;473
389;474
389;475
389;476
389;477
389;478
389;479
389;480
389;481
389;482
389;483
389;484
389;485
389;486
390;0
390;1
390;2
390;3
390;4
390;5
390;6
390;7
390;8
390;9
390;10
390;11
390;12
390;13
390;14
390;15
390;16
390;17
390;18
390;19
390;20
390;21
390;22
390;23
390;24
390;25
390;26
390;27
390;28
390;29
390;30
390;31
390;32
390;33
390;34
390;35
390;36
390;37
390;38
390;39
390;40
390;41
390;42
390;43
390;44
390;45
390;88
390;89
390;90
390;91
390;92
390;93
390;94
390;95
390;96
390;97
390;98
390;99
390;100
390;101
390;102
390;103
390;104
390;105
390;106
390;107
390;108
390;109
390;110
390;111
390;112
390;113
390;114
390;115
390;116
390;117
390;118
390;119
390;120
390;121
390;122
390;123
390;124
390;125
390;126
390;127
390;128
390;129
390;130
390;131
390;132
390;133
390;134
390;135
390;136
390;137
390;138
390;139
390;140
390;141
390;142
390;143
390;366
390;367
390;368
390;369
390;370
390;371
390;372
390;438
390;439
390;440
390;441
390;442
390;443
390;444
390;445
390;446
390;447
390;448
390;449
390;450
390;451
390;452
390;453
390;454
390;455
390;456
390;457
390;458
390;459
390;460
390;461
390;462
390;463
390;464
390;465
390;466
390;467
390;468
390;469
390;470
390;471
390;472
390;473
390;474
390;475
390;476
390;477
390;478
390;479
390;480
390;481
390;482
390;483
390;484
391;0
391;1
391;2
391;3
391;4
391;5
391;6
391;7
391;8
391;9
391;10
391;11
391;12
391;13
391;14
391;15
391;16
391;17
391;18
391;19
391;20
391;21
391;22
391;23
391;24
391;25
391;26
391;27
391;28
391;29
391;30
391;31
391;32
391;33
391;34
391;35
391;36
391;37
391;38
391;39
391;40
391;41
391;42
391;43
391;44
391;45
391;88
391;89
391;90
391;91
391;92
391;93
391;94
391;95
391;96
391;97
391;98
391;99
391;100
391;101
391;102
391;103
391;104
391;105
391;106
391;107
391;108
391;109
391;110
391;111
391;112
391;113
391;114
391;115
391;116
391;117
391;118
391;119
391;120
391;121
391;122
391;123
391;124
391;125
391;126
391;127
391;128
391;129
391;130
391;131
391;132
391;133
391;134
391;135
391;136
391;137
391;138
391;139
391;140
391;141
391;142
391;367
391;368
391;369
391;370
391;440
391;441
391;442
391;443
391;444
391;445
391;446
391;447
391;448
391;449
391;450
391;451
391;452
391;453
391;454
391;455
391;456
391;457
391;458
391;459
391;460
391;461
391;462
391;463
391;464
391;465
391;466
391;467
391;468
391;469
391;470
391;471
391;472
391;473
391;474
391;475
391;476
391;477
391;478
391;479
391;480
391;481
391;482
392;0
392;1
392;2
392;3
392;4
392;5
392;6
392;7
392;8
392;9
392;10
392;11
392;12
392;13
392;14
392;15
392;16
392;17
392;18
392;19
392;20
392;21
392;22
392;23
392;24
392;25
392;26
392;27
392;28
392;29
392;30
392;31
392;32
392;33
392;34
392;35
392;36
392;37
392;38
392;39
392;40
392;41
392;42
392;43
392;44
392;45
392;46
392;88
392;89
392;90
392;91
392;92
392;93
392;94
392;95
392;96
392;97
392;98
392;99
392;100
392;101
392;102
392;103
392;104
392;105
392;106
392;107
392;108
392;109
392;110
392;111
392;112
392;113
392;114
392;115
392;116
392;117
392;118
392;119
392;120
392;121
392;122
392;123
392;124
392;125
392;126
392;127
392;128
392;129
392;130
392;131
392;132
392;133
392;134
392;135
392;136
392;137
392;138
392;139
392;140
392;224
392;225
392;227
392;368
392;369
392;370
392;442
392;443
392;444
392;445
392;446
392;447
392;448
392;449
392;450
392;451
392;452
392;453
392;454
392;455
392;456
392;457
392;458
392;459
392;460
392;461
392;462
392;463
392;464
392;465
392;466
392;467
392;468
392;469
392;470
392;471
392;472
392;473
392;474
392;475
392;476
392;477
392;478
392;479
392;480
393;0
393;1
393;2
393;3
393;4
393;5
393;6
393;7
393;8
393;9
393;10
393;11
393;12
393;13
393;14
393;15
393;16
393;17
393;18
393;19
393;20
393;21
393;22
393;23
393;24
393;25
393;26
393;27
393;28
393;29
393;30
393;31
393;32
393;33
393;34
393;35
393;36
393;37
393;38
393;39
393;40
393;41
393;42
393;43
393;44
393;45
393;46
393;88
393;89
393;90
393;91
393;92
393;93
393;94
393;95
393;96
393;97
393;98
393;99
393;100
393;101
393;102
393;103
393;104
393;105
393;106
393;107
393;108
393;109
393;110
393;111
393;112
393;113
393;114
393;115
393;116
393;117
393;118
393;119
393;120
393;121
393;122
393;123
393;124
393;125
393;126
393;127
393;128
393;129
393;130
393;131
393;132
393;133
393;134
393;135
393;136
393;137
393;138
393;224
393;225
393;226
393;227
393;228
393;229
393;230
393;231
393;233
393;444
393;445
393;446
393;447
393;448
393;449
393;450
393;451
393;452
393;453
393;454
393;455
393;456
393;457
393;458
393;459
393;460
393;461
393;462
393;463
393;464
393;465
393;466
393;467
393;468
393;469
393;470
393;471
393;472
393;473
393;474
393;475
393;476
393;478
394;0
394;1
394;2
394;3
394;4
394;5
394;6
394;7
394;8
394;9
394;10
394;11
394;12
394;13
394;14
394;15
394;16
394;17
394;18
394;19
394;20
394;21
394;22
394;23
394;24
394;25
394;26
394;27
394;28
394;29
394;30
394;31
394;32
394;33
394;34
394;35
394;36
394;37
394;38
394;39
394;40
394;41
394;42
394;43
394;44
394;45
394;46
394;88
394;89
394;90
394;91
394;92
394;93
394;94
394;95
394;96
394;97
394;98
394;99
394;100
394;101
394;102
394;103
394;104
394;105
394;106
394;107
394;108
394;109
394;110
394;111
394;112
394;113
394;114
394;115
394;116
394;117
394;118
394;119
394;120
394;121
394;122
394;123
394;124
394;125
394;126
394;127
394;128
394;129
394;130
394;131
394;132
394;133
394;134
394;135
394;136
394;224
394;225
394;226
394;227
394;228
394;229
394;230
394;231
394;232
394;233
394;234
394;235
394;236
394;237
394;239
394;446
394;448
394;449
394;450
394;451
394;452
394;453
394;454
394;455
394;456
394;457
394;458
394;459
394;460
394;461
394;462
394;463
394;464
394;465
394;466
394;467
394;468
394;469
394;470
394;471
394;472
394;473
394;474
395;0
395;1
395;2
395;3
395;4
395;5
395;6
395;7
395;8
395;9
395;10
395;11
395;12
395;13
395;14
395;15
395;16
395;17
395;18
395;19
395;20
395;21
395;22
395;23
395;24
395;25
395;26
395;27
395;28
395;29
395;30
395;31
395;32
395;33
395;34
395;35
395;36
395;37
395;38
395;39
395;40
395;41
395;42
395;43
395;44
395;45
395;46
395;47
395;88
395;89
395;90
395;91
395;92
395;93
395;94
395;95
395;96
395;97
395;98
395;99
395;100
395;101
395;102
395;103
395;104
395;105
395;106
395;107
395;108
395;109
395;110
395;111
395;112
395;113
395;114
395;115
395;116
395;117
395;118
395;119
395;120
395;121
395;122
395;123
395;124
395;125
395;126
395;127
395;128
395;129
395;130
395;131
395;132
395;133
395;134
395;135
395;224
395;225
395;226
395;227
395;228
395;229
395;230
395;231
395;232
395;233
395;234
395;235
395;236
395;237
395;238
395;239
395;240
395;241
395;242
395;243
395;245
395;450
395;452
395;453
395;454
395;455
395;456
395;457
395;458
395;459
395;460
395;461
395;462
395;463
395;464
395;465
395;466
395;467
395;468
395;470
396;0
396;1
396;2
396;3
396;4
396;5
396;6
396;7
396;8
396;9
396;10
396;11
396;12
396;13
396;14
396;15
396;16
396;17
396;18
396;19
396;20
396;21
396;22
396;23
396;24
396;25
396;26
396;27
396;28
396;29
396;30
396;31
396;32
396;33
396;34
396;35
396;36
396;37
396;38
396;39
396;40
396;41
396;42
396;43
396;44
396;45
396;46
396;47
396;88
396;89
396;90
396;91
396;92
396;93
396;94
396;95
396;96
396;97
396;98
396;99
396;100
396;101
396;102
396;103
396;104
396;105
396;106
396;107
396;108
396;109
396;110
396;111
396;112
396;113
396;114
396;115
396;116
396;117
396;118
396;119
396;120
396;121
396;122
396;123
396;124
396;125
396;126
396;127
396;128
396;129
396;130
396;131
396;132
396;133
396;134
396;223
396;224
396;225
396;226
396;227
396;228
396;229
396;230
396;231
396;232
396;233
396;234
396;235
396;236
396;237
396;238
396;239
396;240
396;241
396;242
396;243
396;244
396;245
396;246
396;247
396;248
396;249
396;251
396;458
396;460
396;462
397;0
397;1
397;2
397;3
397;4
397;5
397;6
397;7
397;8
397;9
397;10
397;11
397;12
397;13
397;14
397;15
397;16
397;17
397;18
397;19
397;20
397;21
397;22
397;23
397;24
397;25
397;26
397;27
397;28
397;29
397;30
397;31
397;32
397;33
397;34
397;35
397;36
397;37
397;38
397;39
397;40
397;41
397;42
397;43
397;44
397;45
397;46
397;47
397;88
397;89
397;90
397;91
397;92
397;93
397;94
397;95
397;96
397;97
397;98
397;99
397;100
397;101
397;102
397;103
397;104
397;105
397;106
397;107
397;108
397;109
397;110
397;111
397;112
397;113
397;114
397;115
397;116
397;117
397;118
397;119
397;120
397;121
397;122
397;123
397;124
397;125
397;126
397;127
397;128
397;129
397;130
397;131
397;132
397;223
397;224
397;225
397;226
397;227
397;228
397;229
397;230
397;231
397;232
397;233
397;234
397;235
397;236
397;237
397;238
397;239
397;240
397;241
397;242
397;243
397;244
397;245
397;246
397;247
397;248
397;249
397;250
397;251
397;252
397;253
397;254
397;255
397;257
398;0
398;1
398;2
398;3
398;4
398;5
398;6
398;7
398;8
398;9
398;10
398;11
398;12
398;13
398;14
398;15
398;16
398;17
398;18
398;19
398;20
398;21
398;22
398;23
398;24
398;25
398;26
398;27
398;28
398;29
398;30
398;31
398;32
398;33
398;34
398;35
398;36
398;37
398;38
398;39
398;40
398;41
398;42
398;43
398;44
398;45
398;46
398;47
398;48
398;89
398;90
398;91
398;92
398;93
398;94
398;95
398;96
398;97
398;98
398;99
398;100
398;101
398;102
398;103
398;104
398;105
398;106
398;107
398;108
398;109
398;110
398;111
398;112
398;113
398;114
398;115
398;116
398;117
398;118
398;119
398;120
398;121
398;122
398;123
398;124
398;125
398;126
398;127
398;128
398;129
398;130
398;223
398;224
398;225
398;226
398;227
398;228
398;229
398;230
398;231
398;232
398;233
398;234
398;235
398;236
398;237
398;238
398;239
398;240
398;241
398;242
398;243
398;244
398;245
398;246
398;247
398;248
398;249
398;250
398;251
398;252
398;253
398;254
398;255
398;256
398;257
398;258
398;259
398;260
398;261
398;263
399;0
399;1
399;2
399;3
399;4
399;5
399;6
399;7
399;8
399;9
399;10
399;11
399;12
399;13
399;14
399;15
399;16
399;17
399;18
399;19
399;20
399;21
399;22
399;23
399;24
399;25
399;26
399;27
399;28
399;29
399;30
399;31
399;32
399;33
399;34
399;35
399;36
399;37
399;38
399;39
399;40
399;41
399;42
399;43
399;44
399;45
399;46
399;47
399;48
399;89
399;90
399;91
399;92
399;93
399;94
399;95
399;96
399;97
399;98
399;99
399;100
399;101
399;102
399;103
399;104
399;105
399;106
399;107
399;108
399;109
399;110
399;111
399;112
399;113
399;114
399;115
399;116
399;117
399;118
399;119
399;120
399;121
399;122
399;123
399;124
399;125
399;126
399;127
399;128
399;223
399;224
399;225
399;226
399;227
399;228
399;229
399;230
399;231
399;232
399;233
399;234
399;235
399;236
399;237
399;238
399;239
399;240
399;241
399;242
399;243
399;244
399;245
399;246
399;247
399;248
399;249
399;250
399;251
399;252
399;253
399;254
399;255
399;256
399;257
399;258
399;259
399;260
399;261
399;262
399;263
399;264
399;265
399;266
399;267
399;268
399;269
399;271
400;0
400;1
400;2
400;3
400;4
400;5
400;6
400;7
400;8
400;9
400;10
400;11
400;12
400;13
400;14
400;15
400;16
400;17
400;18
400;19
400;20
400;21
400;22
400;23
400;24
400;25
400;26
400;27
400;28
400;29
400;30
400;31
400;32
400;33
400;34
400;35
400;36
400;37
400;38
400;39
400;40
400;41
400;42
400;43
400;44
400;45
400;46
400;47
400;48
400;49
400;89
400;90
400;91
400;92
400;93
400;94
400;95
400;96
400;97
400;98
400;99
400;100
400;101
400;102
400;103
400;104
400;105
400;106
400;107
400;108
400;109
400;110
400;111
400;112
400;113
400;114
400;115
400;116
400;117
400;118
400;119
400;120
400;121
400;122
400;123
400;124
400;125
400;126
400;223
400;224
400;225
400;226
400;227
400;228
400;229
400;230
400;231
400;232
400;233
400;234
400;235
400;236
400;237
400;238
400;239
400;240
400;241
400;242
400;243
400;244
400;245
400;246
400;247
400;248
400;249
400;250
400;251
400;252
400;253
400;254
400;255
400;256
400;257
400;258
400;259
400;260
400;261
400;262
400;263
400;264
400;265
400;266
400;267
400;268
400;269
400;270
400;271
400;272
400;273
400;274
400;275
400;277
401;0
401;1
401;2
401;3
401;4
401;5
401;6
401;7
401;8
401;9
401;10
401;11
401;12
401;13
401;14
401;15
401;16
401;17
401;18
401;19
401;20
401;21
401;22
401;23
401;24
401;25
401;26
401;27
401;28
401;29
401;30
401;31
401;32
401;33
401;34
401;35
401;36
401;37
401;38
401;39
401;40
401;41
401;42
401;43
401;44
401;45
401;46
401;47
401;48
401;49
401;89
401;90
401;91
401;92
401;93
401;94
401;95
401;96
401;97
401;98
401;99
401;100
401;101
401;102
401;103
401;104
401;105
401;106
401;107
401;108
401;109
401;110
401;111
401;112
401;113
401;114
401;115
401;116
401;117
401;118
401;119
401;120
401;121
401;122
401;123
401;124
401;125
401;126
401;222
401;223
401;224
401;225
401;226
401;227
401;228
401;229
401;230
401;231
401;232
401;233
401;234
401;235
401;236
401;237
401;238
401;239
401;240
401;241
401;242
401;243
401;244
401;245
401;246
401;247
401;248
401;249
401;250
401;251
401;252
401;253
401;254
401;255
401;256
401;257
401;258
401;259
401;260
401;261
401;262
401;263
401;264
401;265
401;266
401;267
401;268
401;269
401;270
401;271
401;272
401;273
401;274
401;275
401;276
401;277
401;278
401;279
401;280
401;281
401;283
402;0
402;1
402;2
402;3
402;4
402;5
402;6
402;7
402;8
402;9
402;10
402;11
402;12
402;13
402;14
402;15
402;16
402;17
402;18
402;19
402;20
402;21
402;22
402;23
402;24
402;25
402;26
402;27
402;28
402;29
402;30
402;31
402;32
402;33
402;34
402;35
402;36
402;37
402;38
402;39
402;40
402;41
402;42
402;43
402;44
402;45
402;46
402;47
402;48
402;49
402;89
402;90
402;91
402;92
402;93
402;94
402;95
402;96
402;97
402;98
402;99
402;100
402;101
402;102
402;103
402;104
402;105
402;106
402;107
402;108
402;109
402;110
402;111
402;112
402;113
402;114
402;115
402;116
402;117
402;118
402;119
402;120
402;121
402;122
402;123
402;124
402;222
402;223
402;224
402;225
402;226
402;227
402;228
402;229
402;230
402;231
402;232
402;233
402;234
402;235
402;236
402;237
402;238
402;239
402;240
402;241
402;242
402;243
402;244
402;245
402;246
402;247
402;248
402;249
402;250
402;251
402;252
402;253
402;254
402;255
402;256
402;257
402;258
402;259
402;260
402;261
402;262
402;263
402;264
402;265
402;266
402;267
402;268
402;269
402;270
402;271
402;272
402;273
402;274
402;275
402;276
402;277
402;278
402;279
402;280
402;281
402;282
402;283
402;284
402;285
402;286
402;287
402;289
403;0
403;1
403;2
403;3
403;4
403;5
403;6
403;7
403;8
403;9
403;10
403;11
403;12
403;13
403;14
403;15
403;16
403;17
403;18
403;19
403;20
403;21
403;22
403;23
403;24
403;25
403;26
403;27
403;28
403;29
403;30
403;31
403;32
403;33
403;34
403;35
403;36
403;37
403;38
403;39
403;40
403;41
403;42
403;43
403;44
403;45
403;46
403;47
403;48
403;49
403;50
403;89
403;90
403;91
403;92
403;93
403;94
403;95
403;96
403;97
403;98
403;99
403;100
403;101
403;102
403;103
403;104
403;105
403;106
403;107
403;108
403;109
403;110
403;111
403;112
403;113
403;114
403;115
403;116
403;117
403;118
403;119
403;120
403;121
403;122
403;222
403;223
403;224
403;225
403;226
403;227
403;228
403;229
403;230
403;231
403;232
403;233
403;234
403;235
403;236
403;237
403;238
403;239
403;240
403;241
403;242
403;243
403;244
403;245
403;246
403;247
403;248
403;249
403;250
403;251
403;252
403;253
403;254
403;255
403;256
403;257
403;258
403;259
403;260
403;261
403;262
403;263
403;264
403;265
403;266
403;267
403;268
403;269
403;270
403;271
403;272
403;273
403;274
403;275
403;276
403;277
403;278
403;279
403;280
403;281
403;282
403;283
403;284
403;285
403;286
403;287
403;288
403;289
403;290
403;291
403;292
403;293
403;295
404;0
404;1
404;2
404;3
404;4
404;5
404;6
404;7
404;8
404;9
404;10
404;11
404;12
404;13
404;14
404;15
404;16
404;17
404;18
404;19
404;20
404;21
404;22
404;23
404;24
404;25
404;26
404;27
404;28
404;29
404;30
404;31
404;32
404;33
404;34
404;35
404;36
404;37
404;38
404;39
404;40
404;41
404;42
404;43
404;44
404;45
404;46
404;47
404;48
404;49
404;50
404;89
404;90
404;91
404;92
404;93
404;94
404;95
404;96
404;97
404;98
404;99
404;100
404;101
404;102
404;103
404;104
404;105
404;106
404;107
404;108
404;109
404;110
404;111
404;112
404;113
404;114
404;115
404;116
404;117
404;118
404;119
404;120
404;222
404;223
404;224
404;225
404;226
404;227
404;228
404;229
404;230
404;231
404;232
404;233
404;234
404;235
404;236
404;237
404;238
404;239
404;240
404;241
404;242
404;243
404;244
404;245
404;246
404;247
404;248
404;249
404;250
404;251
404;252
404;253
404;254
404;255
404;256
404;257
404;258
404;259
404;260
404;261
404;262
404;263
404;264
404;265
404;266
404;267
404;268
404;269
404;270
404;271
404;272
404;273
404;274
404;275
404;276
404;277
404;278
404;279
404;280
404;281
404;282
404;283
404;284
404;285
404;286
404;287
404;288
404;289
404;290
404;291
404;292
404;293
404;294
404;295
404;296
404;297
404;298
404;299
404;456
404;457
405;0
405;1
405;2
405;3
405;4
405;5
405;6
405;7
405;8
405;9
405;10
405;11
405;12
405;13
405;14
405;15
405;16
405;17
405;18
405;19
405;20
405;21
405;22
405;23
405;24
405;25
405;26
405;27
405;28
405;29
405;30
405;31
405;32
405;33
405;34
405;35
405;36
405;37
405;38
405;39
405;40
405;41
405;42
405;43
405;44
405;45
405;46
405;47
405;48
405;49
405;50
405;89
405;90
405;91
405;92
405;93
405;94
405;95
405;96
405;97
405;98
405;99
405;100
405;101
405;102
405;103
405;104
405;105
405;106
405;107
405;108
405;109
405;110
405;111
405;112
405;113
405;114
405;115
405;116
405;117
405;118
405;221
405;222
405;223
405;224
405;225
405;226
405;227
405;228
405;229
405;230
405;231
405;232
405;233
405;234
405;235
405;236
405;237
405;238
405;239
405;240
405;241
405;242
405;243
405;244
405;245
405;246
405;247
405;248
405;249
405;250
405;251
405;252
405;253
405;254
405;255
405;256
405;257
405;258
405;259
405;260
405;261
405;262
405;263
405;264
405;265
405;266
405;267
405;268
405;269
405;270
405;271
405;272
405;273
405;274
405;275
405;276
405;277
405;278
405;279
405;280
405;281
405;282
405;283
405;284
405;285
405;286
405;287
405;288
405;289
405;290
405;291
405;292
405;293
405;294
405;295
405;296
405;297
405;298
405;299
405;456
405;457
405;458
405;459
406;0
406;1
406;2
406;3
406;4
406;5
406;6
406;7
406;8
406;9
406;10
406;11
406;12
406;13
406;14
406;15
406;16
406;17
406;18
406;19
406;20
406;21
406;22
406;23
406;24
406;25
406;26
406;27
406;28
406;29
406;30
406;31
406;32
406;33
406;34
406;35
406;36
406;37
406;38
406;39
406;40
406;41
406;42
406;43
406;44
406;45
406;46
406;47
406;48
406;49
406;50
406;51
406;89
406;90
406;91
406;92
406;93
406;94
406;95
406;96
406;97
406;98
406;99
406;100
406;101
406;102
406;103
406;104
406;105
406;106
406;107
406;108
406;109
406;110
406;111
406;112
406;113
406;114
406;115
406;116
406;117
406;118
406;221
406;222
406;223
406;224
406;225
406;226
406;227
406;228
406;229
406;230
406;231
406;232
406;233
406;234
406;235
406;236
406;237
406;238
406;239
406;240
406;241
406;242
406;243
406;244
406;245
406;246
406;247
406;248
406;249
406;250
406;251
406;252
406;253
406;254
406;255
406;256
406;257
406;258
406;259
406;260
406;261
406;262
406;263
406;264
406;265
406;266
406;267
406;268
406;269
406;270
406;271
406;272
406;273
406;274
406;275
406;276
406;277
406;278
406;279
406;280
406;281
406;282
406;283
406;284
406;285
406;286
406;287
406;288
406;289
406;290
406;291
406;292
406;293
406;294
406;295
406;296
406;297
406;298
406;299
406;456
406;457
406;458
406;459
406;460
406;461
407;0
407;1
407;2
407;3
407;4
407;5
407;6
407;7
407;8
407;9
407;10
407;11
407;12
407;13
407;14
407;15
407;16
407;17
407;18
407;19
407;20
407;21
407;22
407;23
407;24
407;25
407;26
407;27
407;28
407;29
407;30
407;31
407;32
407;33
407;34
407;35
407;36
407;37
407;38
407;39
407;40
407;41
407;42
407;43
407;44
407;45
407;46
407;47
407;48
407;49
407;50
407;51
407;90
407;91
407;92
407;93
407;94
407;95
407;96
407;97
407;98
407;99
407;100
407;101
407;102
407;103
407;104
407;105
407;106
407;107
407;108
407;109
407;110
407;111
407;112
407;113
407;114
407;115
407;116
407;221
407;222
407;223
407;224
407;225
407;226
407;227
407;228
407;229
407;230
407;231
407;232
407;233
407;234
407;235
407;236
407;237
407;238
407;239
407;240
407;241
407;242
407;243
407;244
407;245
407;246
407;247
407;248
407;249
407;250
407;251
407;252
407;253
407;254
407;255
407;256
407;257
407;258
407;259
407;260
407;261
407;262
407;263
407;264
407;265
407;266
407;267
407;268
407;269
407;270
407;271
407;272
407;273
407;274
407;275
407;276
407;277
407;278
407;279
407;280
407;281
407;282
407;283
407;284
407;285
407;286
407;287
407;288
407;289
407;290
407;291
407;292
407;293
407;294
407;295
407;296
407;297
407;298
407;456
407;457
407;458
407;459
407;460
407;461
408;0
408;1
408;2
408;3
408;4
408;5
408;6
408;7
408;8
408;9
408;10
408;11
408;12
408;13
408;14
408;15
408;16
408;17
408;18
408;19
408;20
408;21
408;22
408;23
408;24
408;25
408;26
408;27
408;28
408;29
408;30
408;31
408;32
408;33
408;34
408;35
408;36
408;37
408;38
408;39
408;40
408;41
408;42
408;43
408;44
408;45
408;46
408;47
408;48
408;49
408;50
408;51
408;90
408;91
408;92
408;93
408;94
408;95
408;96
408;97
408;98
408;99
408;100
408;101
408;102
408;103
408;104
408;105
408;106
408;107
408;108
408;109
408;110
408;111
408;112
408;113
408;114
408;221
408;222
408;223
408;224
408;225
408;226
408;227
408;228
408;229
408;230
408;231
408;232
408;233
408;234
408;235
408;236
408;237
408;238
408;239
408;240
408;241
408;242
408;243
408;244
408;245
408;246
408;247
408;248
408;249
408;250
408;251
408;252
408;253
408;254
408;255
408;256
408;257
408;258
408;259
408;260
408;261
408;262
408;263
408;264
408;265
408;266
408;267
408;268
408;269
408;270
408;271
408;272
408;273
408;274
408;275
408;276
408;277
408;278
408;279
408;280
408;281
408;282
408;283
408;284
408;285
408;286
408;287
408;288
408;289
408;290
408;291
408;292
408;293
408;294
408;295
408;296
408;297
408;298
408;456
408;457
408;458
408;459
408;460
408;461
408;462
408;463
409;0
409;1
409;2
409;3
409;4
409;5
409;6
409;7
409;8
409;9
409;10
409;11
409;12
409;13
409;14
409;15
409;16
409;17
409;18
409;19
409;20
409;21
409;22
409;23
409;24
409;25
409;26
409;27
409;28
409;29
409;30
409;31
409;32
409;33
409;34
409;35
409;36
409;37
409;38
409;39
409;40
409;41
409;42
409;43
409;44
409;45
409;46
409;47
409;48
409;49
409;50
409;51
409;52
409;90
409;91
409;92
409;93
409;94
409;95
409;96
409;97
409;98
409;99
409;100
409;101
409;102
409;103
409;104
409;105
409;106
409;107
409;108
409;109
409;110
409;111
409;112
409;221
409;222
409;223
409;224
409;225
409;226
409;227
409;228
409;229
409;230
409;231
409;232
409;233
409;234
409;235
409;236
409;237
409;238
409;239
409;240
409;241
409;242
409;243
409;244
409;245
409;246
409;247
409;248
409;249
409;250
409;251
409;252
409;253
409;254
409;255
409;256
409;257
409;258
409;259
409;260
409;261
409;262
409;263
409;264
409;265
409;266
409;267
409;268
409;269
409;270
409;271
409;272
409;273
409;274
409;275
409;276
409;277
409;278
409;279
409;280
409;281
409;282
409;283
409;284
409;285
409;286
409;287
409;288
409;289
409;290
409;291
409;292
409;293
409;294
409;295
409;296
409;297
409;298
409;456
409;457
409;458
409;459
409;460
409;461
409;462
409;463
409;464
409;465
410;0
410;1
410;2
410;3
410;4
410;5
410;6
410;7
410;8
410;9
410;10
410;11
410;12
410;13
410;14
410;15
410;16
410;17
410;18
410;19
410;20
410;21
410;22
410;23
410;24
410;25
410;26
410;27
410;28
410;29
410;30
410;31
410;32
410;33
410;34
410;35
410;36
410;37
410;38
410;39
410;40
410;41
410;42
410;43
410;44
410;45
410;46
410;47
410;48
410;49
410;50
410;51
410;52
410;90
410;91
410;92
410;93
410;94
410;95
410;96
410;97
410;98
410;99
410;100
410;101
410;102
410;103
410;104
410;105
410;106
410;107
410;108
410;109
410;110
410;221
410;222
410;223
410;224
410;225
410;226
410;227
410;228
410;229
410;230
410;231
410;232
410;233
410;234
410;235
410;236
410;237
410;238
410;239
410;240
410;241
410;242
410;243
410;244
410;245
410;246
410;247
410;248
410;249
410;250
410;251
410;252
410;253
410;254
410;255
410;256
410;257
410;258
410;259
410;260
410;261
410;262
410;263
410;264
410;265
410;266
410;267
410;268
410;269
410;270
410;271
410;272
410;273
410;274
410;275
410;276
410;277
410;278
410;279
410;280
410;281
410;282
410;283
410;284
410;285
410;286
410;287
410;288
410;289
410;290
410;291
410;292
410;293
410;294
410;295
410;296
410;297
410;298
410;456
410;457
410;458
410;459
410;460
410;461
410;462
410;463
410;464
410;465
410;466
410;467
411;0
411;1
411;2
411;3
411;4
411;5
411;6
411;7
411;8
411;9
411;10
411;11
411;12
411;13
411;14
411;15
411;16
411;17
411;18
411;19
411;20
411;21
411;22
411;23
411;24
411;25
411;26
411;27
411;28
411;29
411;30
411;31
411;32
411;33
411;34
411;35
411;36
411;37
411;38
411;39
411;40
411;41
411;42
411;43
411;44
411;45
411;46
411;47
411;48
411;49
411;50
411;51
411;52
411;53
411;90
411;91
411;92
411;93
411;94
411;95
411;96
411;97
411;98
411;99
411;100
411;101
411;102
411;103
411;104
411;105
411;106
411;107
411;108
411;109
411;110
411;220
411;221
411;222
411;223
411;224
411;225
411;226
411;227
411;228
411;229
411;230
411;231
411;232
411;233
411;234
411;235
411;236
411;237
411;238
411;239
411;240
411;241
411;242
411;243
411;244
411;245
411;246
411;247
411;248
411;249
411;250
411;251
411;252
411;253
411;254
411;255
411;256
411;257
411;258
411;259
411;260
411;261
411;262
411;263
411;264
411;265
411;266
411;267
411;268
411;269
411;270
411;271
411;272
411;273
411;274
411;275
411;276
411;277
411;278
411;279
411;280
411;281
411;282
411;283
411;284
411;285
411;286
411;287
411;288
411;289
411;290
411;291
411;292
411;293
411;294
411;295
411;296
411;297
411;298
411;456
411;457
411;458
411;459
411;460
411;461
411;462
411;463
411;464
411;465
411;466
411;467
411;468
411;469
412;0
412;1
412;2
412;3
412;4
412;5
412;6
412;7
412;8
412;9
412;10
412;11
412;12
412;13
412;14
412;15
412;16
412;17
412;18
412;19
412;20
412;21
412;22
412;23
412;24
412;25
412;26
412;27
412;28
412;29
412;30
412;31
412;32
412;33
412;34
412;35
412;36
412;37
412;38
412;39
412;40
412;41
412;42
412;43
412;44
412;45
412;46
412;47
412;48
412;49
412;50
412;51
412;52
412;53
412;90
412;91
412;92
412;93
412;94
412;95
412;96
412;97
412;98
412;99
412;100
412;101
412;102
412;103
412;104
412;105
412;106
412;107
412;108
412;220
412;221
412;222
412;223
412;224
412;225
412;226
412;227
412;228
412;229
412;230
412;231
412;232
412;233
412;234
412;235
412;236
412;237
412;238
412;239
412;240
412;241
412;242
412;243
412;244
412;245
412;246
412;247
412;248
412;249
412;250
412;251
412;252
412;253
412;254
412;255
412;256
412;257
412;258
412;259
412;260
412;261
412;262
412;263
412;264
412;265
412;266
412;267
412;268
412;269
412;270
412;271
412;272
412;273
412;274
412;275
412;276
412;277
412;278
412;279
412;280
412;281
412;282
412;283
412;284
412;285
412;286
412;287
412;288
412;289
412;290
412;291
412;292
412;293
412;294
412;295
412;296
412;297
412;455
412;456
412;457
412;458
412;459
412;460
412;461
412;462
412;463
412;464
412;465
412;466
412;467
412;468
412;469
412;470
412;471
413;0
413;1
413;2
413;3
413;4
413;5
413;6
413;7
413;8
413;9
413;10
413;11
413;12
413;13
413;14
413;15
413;16
413;17
413;18
413;19
413;20
413;21
413;22
413;23
413;24
413;25
413;26
413;27
413;28
413;29
413;30
413;31
413;32
413;33
413;34
413;35
413;36
413;37
413;38
413;39
413;40
413;41
413;42
413;43
413;44
413;45
413;46
413;47
413;48
413;49
413;50
413;51
413;52
413;53
413;90
413;91
413;92
413;93
413;94
413;95
413;96
413;97
413;98
413;99
413;100
413;101
413;102
413;103
413;104
413;105
413;106
413;220
413;221
413;222
413;223
413;224
413;225
413;226
413;227
413;228
413;229
413;230
413;231
413;232
413;233
413;234
413;235
413;236
413;237
413;238
413;239
413;240
413;241
413;242
413;243
413;244
413;245
413;246
413;247
413;248
413;249
413;250
413;251
413;252
413;253
413;254
413;255
413;256
413;257
413;258
413;259
413;260
413;261
413;262
413;263
413;264
413;265
413;266
413;267
413;268
413;269
413;270
413;271
413;272
413;273
413;274
413;275
413;276
413;277
413;278
413;279
413;280
413;281
413;282
413;283
413;284
413;285
413;286
413;287
413;288
413;289
413;290
413;291
413;292
413;293
413;294
413;295
413;296
413;297
413;455
413;456
413;457
413;458
413;459
413;460
413;461
413;462
413;463
413;464
413;465
413;466
413;467
413;468
413;469
413;470
413;471
413;472
413;473
414;0
414;1
414;2
414;3
414;4
414;5
414;6
414;7
414;8
414;9
414;10
414;11
414;12
414;13
414;14
414;15
414;16
414;17
414;18
414;19
414;20
414;21
414;22
414;23
414;24
414;25
414;26
414;27
414;28
414;29
414;30
414;31
414;32
414;33
414;34
414;35
414;36
414;37
414;38
414;39
414;40
414;41
414;42
414;43
414;44
414;45
414;46
414;47
414;48
414;49
414;50
414;51
414;52
414;53
414;54
414;90
414;91
414;92
414;93
414;94
414;95
414;96
414;97
414;98
414;99
414;100
414;101
414;102
414;103
414;104
414;220
414;221
414;222
414;223
414;224
414;225
414;226
414;227
414;228
414;229
414;230
414;231
414;232
414;233
414;234
414;235
414;236
414;237
414;238
414;239
414;240
414;241
414;242
414;243
414;244
414;245
414;246
414;247
414;248
414;249
414;250
414;251
414;252
414;253
414;254
414;255
414;256
414;257
414;258
414;259
414;260
414;261
414;262
414;263
414;264
414;265
414;266
414;267
414;268
414;269
414;270
414;271
414;272
414;273
414;274
414;275
414;276
414;277
414;278
414;279
414;280
414;281
414;282
414;283
414;284
414;285
414;286
414;287
414;288
414;289
414;290
414;291
414;292
414;293
414;294
414;295
414;296
414;297
414;455
414;456
414;457
414;458
414;459
414;460
414;461
414;462
414;463
414;464
414;465
414;466
414;467
414;468
414;469
414;470
414;471
414;472
414;473
414;474
415;0
415;1
415;2
415;3
415;4
415;5
415;6
415;7
415;8
415;9
415;10
415;11
415;12
415;13
415;14
415;15
415;16
415;17
415;18
415;19
415;20
415;21
415;22
415;23
415;24
415;25
415;26
415;27
415;28
415;29
415;30
415;31
415;32
415;33
415;34
415;35
415;36
415;37
415;38
415;39
415;40
415;41
415;42
415;43
415;44
415;45
415;46
415;47
415;48
415;49
415;50
415;51
415;52
415;53
415;54
415;90
415;91
415;92
415;93
415;94
415;95
415;96
415;97
415;98
415;99
415;100
415;101
415;102
415;219
415;220
415;221
415;222
415;223
415;224
415;225
415;226
415;227
415;228
415;229
415;230
415;231
415;232
415;233
415;234
415;235
415;236
415;237
415;238
415;239
415;240
415;241
415;242
415;243
415;244
415;245
415;246
415;247
415;248
415;249
415;250
415;251
415;252
415;253
415;254
415;255
415;256
415;257
415;258
415;259
415;260
415;261
415;262
415;263
415;264
415;265
415;266
415;267
415;268
415;269
415;270
415;271
415;272
415;273
415;274
415;275
415;276
415;277
415;278
415;279
415;280
415;281
415;282
415;283
415;284
415;285
415;286
415;287
415;288
415;289
415;290
415;291
415;292
415;293
415;294
415;295
415;296
415;297
415;455
415;456
415;457
415;458
415;459
415;460
415;461
415;462
415;463
415;464
415;465
415;466
415;467
415;468
415;469
415;470
415;471
415;472
415;473
415;474
415;475
416;0
416;1
416;2
416;3
416;4
416;5
416;6
416;7
416;8
416;9
416;10
416;11
416;12
416;13
416;14
416;15
416;16
416;17
416;18
416;19
416;20
416;21
416;22
416;23
416;24
416;25
416;26
416;27
416;28
416;29
416;30
416;31
416;32
416;33
416;34
416;35
416;36
416;37
416;38
416;39
416;40
416;41
416;42
416;43
416;44
416;45
416;46
416;47
416;48
416;49
416;50
416;51
416;52
416;53
416;54
416;55
416;91
416;92
416;93
416;94
416;95
416;96
416;97
416;98
416;99
416;100
416;101
416;219
416;220
416;221
416;222
416;223
416;224
416;225
416;226
416;227
416;228
416;229
416;230
416;231
416;232
416;233
416;234
416;235
416;236
416;237
416;238
416;239
416;240
416;241
416;242
416;243
416;244
416;245
416;246
416;247
416;248
416;249
416;250
416;251
416;252
416;253
416;254
416;255
416;256
416;257
416;258
416;259
416;260
416;261
416;262
416;263
416;264
416;265
416;266
416;267
416;268
416;269
416;270
416;271
416;272
416;273
416;274
416;275
416;276
416;277
416;278
416;279
416;280
416;281
416;282
416;283
416;284
416;285
416;286
416;287
416;288
416;289
416;290
416;291
416;292
416;293
416;294
416;295
416;296
416;455
416;456
416;457
416;458
416;459
416;460
416;461
416;462
416;463
416;464
416;465
416;466
416;467
416;468
416;469
416;470
416;471
416;472
416;473
416;474
416;475
416;476
416;477
417;0
417;1
417;2
417;3
417;4
417;5
417;6
417;7
417;8
417;9
417;10
417;11
417;12
417;13
417;14
417;15
417;16
417;17
417;18
417;19
417;20
417;21
417;22
417;23
417;24
417;25
417;26
417;27
417;28
417;29
417;30
417;31
417;32
417;33
417;34
417;35
417;36
417;37
417;38
417;39
417;40
417;41
417;42
417;43
417;44
417;45
417;46
417;47
417;48
417;49
417;50
417;51
417;52
417;53
417;54
417;55
417;91
417;92
417;93
417;94
417;95
417;96
417;97
417;98
417;99
417;100
417;219
417;220
417;221
417;222
417;223
417;224
417;225
417;226
417;227
417;228
417;229
417;230
417;231
417;232
417;233
417;234
417;235
417;236
417;237
417;238
417;239
417;240
417;241
417;242
417;243
417;244
417;245
417;246
417;247
417;248
417;249
417;250
417;251
417;252
417;253
417;254
417;255
417;256
417;257
417;258
417;259
417;260
417;261
417;262
417;263
417;264
417;265
417;266
417;267
417;268
417;269
417;270
417;271
417;272
417;273
417;274
417;275
417;276
417;277
417;278
417;279
417;280
417;281
417;282
417;283
417;284
417;285
417;286
417;287
417;288
417;289
417;290
417;291
417;292
417;293
417;294
417;295
417;296
417;455
417;456
417;457
417;458
417;459
417;460
417;461
417;462
417;463
417;464
417;465
417;466
417;467
417;468
417;469
417;470
417;471
417;472
417;473
417;474
417;475
417;476
417;477
417;478
417;479
418;0
418;1
418;2
418;3
418;4
418;5
418;6
418;7
418;8
418;9
418;10
418;11
418;12
418;13
418;14
418;15
418;16
418;17
418;18
418;19
418;20
418;21
418;22
418;23
418;24
418;25
418;26
418;27
418;28
418;29
418;30
418;31
418;32
418;33
418;34
418;35
418;36
418;37
418;38
418;39
418;40
418;41
418;42
418;43
418;44
418;45
418;46
418;47
418;48
418;49
418;50
418;51
418;52
418;53
418;54
418;55
418;91
418;92
418;93
418;94
418;95
418;96
418;97
418;98
418;219
418;220
418;221
418;222
418;223
418;224
418;225
418;226
418;227
418;228
418;229
418;230
418;231
418;232
418;233
418;234
418;235
418;236
418;237
418;238
418;239
418;240
418;241
418;242
418;243
418;244
418;245
418;246
418;247
418;248
418;249
418;250
418;251
418;252
418;253
418;254
418;255
418;256
418;257
418;258
418;259
418;260
418;261
418;262
418;263
418;264
418;265
418;266
418;267
418;268
418;269
418;270
418;271
418;272
418;273
418;274
418;275
418;276
418;277
418;278
418;279
418;280
418;281
418;282
418;283
418;284
418;285
418;286
418;287
418;288
418;289
418;290
418;291
418;292
418;293
418;294
418;295
418;296
418;455
418;456
418;457
418;458
418;459
418;460
418;461
418;462
418;463
418;464
418;465
418;466
418;467
418;468
418;469
418;470
418;471
418;472
418;473
418;474
418;475
418;476
418;477
418;478
418;479
418;480
418;481
419;0
419;1
419;2
419;3
419;4
419;5
419;6
419;7
419;8
419;9
419;10
419;11
419;12
419;13
419;14
419;15
419;16
419;17
419;18
419;19
419;20
419;21
419;22
419;23
419;24
419;25
419;26
419;27
419;28
419;29
419;30
419;31
419;32
419;33
419;34
419;35
419;36
419;37
419;38
419;39
419;40
419;41
419;42
419;43
419;44
419;45
419;46
419;47
419;48
419;49
419;50
419;51
419;52
419;53
419;54
419;55
419;91
419;92
419;93
419;94
419;95
419;96
419;219
419;220
419;221
419;222
419;223
419;224
419;225
419;226
419;227
419;228
419;229
419;230
419;231
419;232
419;233
419;234
419;235
419;236
419;237
419;238
419;239
419;240
419;241
419;242
419;243
419;244
419;245
419;246
419;247
419;248
419;249
419;250
419;251
419;252
419;253
419;254
419;255
419;256
419;257
419;258
419;259
419;260
419;261
419;262
419;263
419;264
419;265
419;266
419;267
419;268
419;269
419;270
419;271
419;272
419;273
419;274
419;275
419;276
419;277
419;278
419;279
419;280
419;281
419;282
419;283
419;284
419;285
419;286
419;287
419;288
419;289
419;290
419;291
419;292
419;293
419;294
419;295
419;296
419;455
419;456
419;457
419;458
419;459
419;460
419;461
419;462
419;463
419;464
419;465
419;466
419;467
419;468
419;469
419;470
419;471
419;472
419;473
419;474
419;475
419;476
419;477
419;478
419;479
419;480
419;481
419;482
419;483
420;0
420;1
420;2
420;3
420;4
420;5
420;6
420;7
420;8
420;9
420;10
420;11
420;12
420;13
420;14
420;15
420;16
420;17
420;18
420;19
420;20
420;21
420;22
420;23
420;24
420;25
420;26
420;27
420;28
420;29
420;30
420;31
420;32
420;33
420;34
420;35
420;36
420;37
420;38
420;39
420;40
420;41
420;42
420;43
420;44
420;45
420;46
420;47
420;48
420;49
420;50
420;51
420;52
420;53
420;54
420;55
420;56
420;91
420;92
420;93
420;94
420;218
420;219
420;220
420;221
420;222
420;223
420;224
420;225
420;226
420;227
420;228
420;229
420;230
420;231
420;232
420;233
420;234
420;235
420;236
420;237
420;238
420;239
420;240
420;241
420;242
420;243
420;244
420;245
420;246
420;247
420;248
420;249
420;250
420;251
420;252
420;253
420;254
420;255
420;256
420;257
420;258
420;259
420;260
420;261
420;262
420;263
420;264
420;265
420;266
420;267
420;268
420;269
420;270
420;271
420;272
420;273
420;274
420;275
420;276
420;277
420;278
420;279
420;280
420;281
420;282
420;283
420;284
420;285
420;286
420;287
420;288
420;289
420;290
420;291
420;292
420;293
420;294
420;295
420;296
420;455
420;456
420;457
420;458
420;459
420;460
420;461
420;462
420;463
420;464
420;465
420;466
420;467
420;468
420;469
420;470
420;471
420;472
420;473
420;474
420;475
420;476
420;477
420;478
420;479
420;480
420;481
420;482
420;483
420;484
420;485
421;0
421;1
421;2
421;3
421;4
421;5
421;6
421;7
421;8
421;9
421;10
421;11
421;12
421;13
421;14
421;15
421;16
421;17
421;18
421;19
421;20
421;21
421;22
421;23
421;24
421;25
421;26
421;27
421;28
421;29
421;30
421;31
421;32
421;33
421;34
421;35
421;36
421;37
421;38
421;39
421;40
421;41
421;42
421;43
421;44
421;45
421;46
421;47
421;48
421;49
421;50
421;51
421;52
421;53
421;54
421;55
421;56
421;91
421;92
421;93
421;218
421;219
421;220
421;221
421;222
421;223
421;224
421;225
421;226
421;227
421;228
421;229
421;230
421;231
421;232
421;233
421;234
421;235
421;236
421;237
421;238
421;239
421;240
421;241
421;242
421;243
421;244
421;245
421;246
421;247
421;248
421;249
421;250
421;251
421;252
421;253
421;254
421;255
421;256
421;257
421;258
421;259
421;260
421;261
421;262
421;263
421;264
421;265
421;266
421;267
421;268
421;269
421;270
421;271
421;272
421;273
421;274
421;275
421;276
421;277
421;278
421;279
421;280
421;281
421;282
421;283
421;284
421;285
421;286
421;287
421;288
421;289
421;290
421;291
421;292
421;293
421;294
421;295
421;296
421;455
421;456
421;457
421;458
421;459
421;460
421;461
421;462
421;463
421;464
421;465
421;466
421;467
421;468
421;469
421;470
421;471
421;472
421;473
421;474
421;475
421;476
421;477
421;478
421;479
421;480
421;481
421;482
421;483
421;484
421;485
421;486
421;487
422;0
422;1
422;2
422;3
422;4
422;5
422;6
422;7
422;8
422;9
422;10
422;11
422;12
422;13
422;14
422;15
422;16
422;17
422;18
422;19
422;20
422;21
422;22
422;23
422;24
422;25
422;26
422;27
422;28
422;29
422;30
422;31
422;32
422;33
422;34
422;35
422;36
422;37
422;38
422;39
422;40
422;41
422;42
422;43
422;44
422;45
422;46
422;47
422;48
422;49
422;50
422;51
422;52
422;53
422;54
422;55
422;56
422;57
422;91
422;92
422;218
422;219
422;220
422;221
422;222
422;223
422;224
422;225
422;226
422;227
422;228
422;229
422;230
422;231
422;232
422;233
422;234
422;235
422;236
422;237
422;238
422;239
422;240
422;241
422;242
422;243
422;244
422;245
422;246
422;247
422;248
422;249
422;250
422;251
422;252
422;253
422;254
422;255
422;256
422;257
422;258
422;259
422;260
422;261
422;262
422;263
422;264
422;265
422;266
422;267
422;268
422;269
422;270
422;271
422;272
422;273
422;274
422;275
422;276
422;277
422;278
422;279
422;280
422;281
422;282
422;283
422;284
422;285
422;286
422;287
422;288
422;289
422;290
422;291
422;292
422;293
422;294
422;295
422;455
422;456
422;457
422;458
422;459
422;460
422;461
422;462
422;463
422;464
422;465
422;466
422;467
422;468
422;469
422;470
422;471
422;472
422;473
422;474
422;475
422;476
422;477
422;478
422;479
422;480
422;481
422;482
422;483
422;484
422;485
422;486
422;487
423;0
423;1
423;2
423;3
423;4
423;5
423;6
423;7
423;8
423;9
423;10
423;11
423;12
423;13
423;14
423;15
423;16
423;17
423;18
423;19
423;20
423;21
423;22
423;23
423;24
423;25
423;26
423;27
423;28
423;29
423;30
423;31
423;32
423;33
423;34
423;35
423;36
423;37
423;38
423;39
423;40
423;41
423;42
423;43
423;44
423;45
423;46
423;47
423;48
423;49
423;50
423;51
423;52
423;53
423;54
423;55
423;56
423;57
423;218
423;219
423;220
423;221
423;222
423;223
423;224
423;225
423;226
423;227
423;228
423;229
423;230
423;231
423;232
423;233
423;234
423;235
423;236
423;237
423;238
423;239
423;240
423;241
423;242
423;243
423;244
423;245
423;246
423;247
423;248
423;249
423;250
423;251
423;252
423;253
423;254
423;255
423;256
423;257
423;258
423;259
423;260
423;261
423;262
423;263
423;264
423;265
423;266
423;267
423;268
423;269
423;270
423;271
423;272
423;273
423;274
423;275
423;276
423;277
423;278
423;279
423;280
423;281
423;282
423;283
423;284
423;285
423;286
423;287
423;288
423;289
423;290
423;291
423;292
423;293
423;294
423;295
423;455
423;456
423;457
423;458
423;459
423;460
423;461
423;462
423;463
423;464
423;465
423;466
423;467
423;468
423;469
423;470
423;471
423;472
423;473
423;474
423;475
423;476
423;477
423;478
423;479
423;480
423;481
423;482
423;483
423;484
423;485
423;486
423;487
423;488
423;489
424;0
424;1
424;2
424;3
424;4
424;5
424;6
424;7
424;8
424;9
424;10
424;11
424;12
424;13
424;14
424;15
424;16
424;17
424;18
424;19
424;20
424;21
424;22
424;23
424;24
424;25
424;26
424;27
424;28
424;29
424;30
424;31
424;32
424;33
424;34
424;35
424;36
424;37
424;38
424;39
424;40
424;41
424;42
424;43
424;44
424;45
424;46
424;47
424;48
424;49
424;50
424;51
424;52
424;53
424;54
424;55
424;56
424;57
424;217
424;218
424;219
424;220
424;221
424;222
424;223
424;224
424;225
424;226
424;227
424;228
424;229
424;230
424;231
424;232
424;233
424;234
424;235
424;236
424;237
424;238
424;239
424;240
424;241
424;242
424;243
424;244
424;245
424;246
424;247
424;248
424;249
424;250
424;251
424;252
424;253
424;254
424;255
424;256
424;257
424;258
424;259
424;260
424;261
424;262
424;263
424;264
424;265
424;266
424;267
424;268
424;269
424;270
424;271
424;272
424;273
424;274
424;275
424;276
424;277
424;278
424;279
424;280
424;281
424;282
424;283
424;284
424;285
424;286
424;287
424;288
424;289
424;290
424;291
424;292
424;293
424;294
424;295
424;455
424;456
424;457
424;458
424;459
424;460
424;461
424;462
424;463
424;464
424;465
424;466
424;467
424;468
424;469
424;470
424;471
424;472
424;473
424;474
424;475
424;476
424;477
424;478
424;479
424;480
424;481
424;482
424;483
424;484
424;485
424;486
424;487
424;488
424;489
424;490
424;491
425;0
425;1
425;2
425;3
425;4
425;5
425;6
425;7
425;8
425;9
425;10
425;11
425;12
425;13
425;14
425;15
425;16
425;17
425;18
425;19
425;20
425;21
425;22
425;23
425;24
425;25
425;26
425;27
425;28
425;29
425;30
425;31
425;32
425;33
425;34
425;35
425;36
425;37
425;38
425;39
425;40
425;41
425;42
425;43
425;44
425;45
425;46
425;47
425;48
425;49
425;50
425;51
425;52
425;53
425;54
425;55
425;56
425;57
425;58
425;217
425;218
425;219
425;220
425;221
425;222
425;223
425;224
425;225
425;226
425;227
425;228
425;229
425;230
425;231
425;232
425;233
425;234
425;235
425;236
425;237
425;238
425;239
425;240
425;241
425;242
425;243
425;244
425;245
425;246
425;247
425;248
425;249
425;250
425;251
425;252
425;253
425;254
425;255
425;256
425;257
425;258
425;259
425;260
425;261
425;262
425;263
425;264
425;265
425;266
425;267
425;268
425;269
425;270
425;271
425;272
425;273
425;274
425;275
425;276
425;277
425;278
425;279
425;280
425;281
425;282
425;283
425;284
425;285
425;286
425;287
425;288
425;289
425;290
425;291
425;292
425;293
425;294
425;295
425;455
425;456
425;457
425;458
425;459
425;460
425;461
425;462
425;463
425;464
425;465
425;466
425;467
425;468
425;469
425;470
425;471
425;472
425;473
425;474
425;475
425;476
425;477
425;478
425;479
425;480
425;481
425;482
425;483
425;484
425;485
425;486
425;487
425;488
425;489
425;490
425;491
425;492
425;493
426;0
426;1
426;2
426;3
426;4
426;5
426;6
426;7
426;8
426;9
426;10
426;11
426;12
426;13
426;14
426;15
426;16
426;17
426;18
426;19
426;20
426;21
426;22
426;23
426;24
426;25
426;26
426;27
426;28
426;29
426;30
426;31
426;32
426;33
426;34
426;35
426;36
426;37
426;38
426;39
426;40
426;41
426;42
426;43
426;44
426;45
426;46
426;47
426;48
426;49
426;50
426;51
426;52
426;53
426;54
426;55
426;56
426;57
426;58
426;217
426;218
426;219
426;220
426;221
426;222
426;223
426;224
426;225
426;226
426;227
426;228
426;229
426;230
426;231
426;232
426;233
426;234
426;235
426;236
426;237
426;238
426;239
426;240
426;241
426;242
426;243
426;244
426;245
426;246
426;247
426;248
426;249
426;250
426;251
426;252
426;253
426;254
426;255
426;256
426;257
426;258
426;259
426;260
426;261
426;262
426;263
426;264
426;265
426;266
426;267
426;268
426;269
426;270
426;271
426;272
426;273
426;274
426;275
426;276
426;277
426;278
426;279
426;280
426;281
426;282
426;283
426;284
426;285
426;286
426;287
426;288
426;289
426;290
426;291
426;292
426;293
426;294
426;454
426;455
426;456
426;457
426;458
426;459
426;460
426;461
426;462
426;463
426;464
426;465
426;466
426;467
426;468
426;469
426;470
426;471
426;472
426;473
426;474
426;475
426;476
426;477
426;478
426;479
426;480
426;481
426;482
426;483
426;484
426;485
426;486
426;487
426;488
426;489
426;490
426;491
426;492
426;493
426;494
426;495
427;0
427;1
427;2
427;3
427;4
427;5
427;6
427;7
427;8
427;9
427;10
427;11
427;12
427;13
427;14
427;15
427;16
427;17
427;18
427;19
427;20
427;21
427;22
427;23
427;24
427;25
427;26
427;27
427;28
427;29
427;30
427;31
427;32
427;33
427;34
427;35
427;36
427;37
427;38
427;39
427;40
427;41
427;42
427;43
427;44
427;45
427;46
427;47
427;48
427;49
427;50
427;51
427;52
427;53
427;54
427;55
427;56
427;57
427;58
427;59
427;217
427;218
427;219
427;220
427;221
427;222
427;223
427;224
427;225
427;226
427;227
427;228
427;229
427;230
427;231
427;232
427;233
427;234
427;235
427;236
427;237
427;238
427;239
427;240
427;241
427;242
427;243
427;244
427;245
427;246
427;247
427;248
427;249
427;250
427;251
427;252
427;253
427;254
427;255
427;256
427;257
427;258
427;259
427;260
427;261
427;262
427;263
427;264
427;265
427;266
427;267
427;268
427;269
427;270
427;271
427;272
427;273
427;274
427;275
427;276
427;277
427;278
427;279
427;280
427;281
427;282
427;283
427;284
427;285
427;286
427;287
427;288
427;289
427;290
427;291
427;292
427;293
427;294
427;454
427;455
427;456
427;457
427;458
427;459
427;460
427;461
427;462
427;463
427;464
427;465
427;466
427;467
427;468
427;469
427;470
427;471
427;472
427;473
427;474
427;475
427;476
427;477
427;478
427;479
427;480
427;481
427;482
427;483
427;484
427;485
427;486
427;487
427;488
427;489
427;490
427;491
427;492
427;493
427;494
427;495
427;496
427;497
428;0
428;1
428;2
428;3
428;4
428;5
428;6
428;7
428;8
428;9
428;10
428;11
428;12
428;13
428;14
428;15
428;16
428;17
428;18
428;19
428;20
428;21
428;22
428;23
428;24
428;25
428;26
428;27
428;28
428;29
428;30
428;31
428;32
428;33
428;34
428;35
428;36
428;37
428;38
428;39
428;40
428;41
428;42
428;43
428;44
428;45
428;46
428;47
428;48
428;49
428;50
428;51
428;52
428;53
428;54
428;55
428;56
428;57
428;58
428;59
428;217
428;218
428;219
428;220
428;221
428;222
428;223
428;224
428;225
428;226
428;227
428;228
428;229
428;230
428;231
428;232
428;233
428;234
428;235
428;236
428;237
428;238
428;239
428;240
428;241
428;242
428;243
428;244
428;245
428;246
428;247
428;248
428;249
428;250
428;251
428;252
428;253
428;254
428;255
428;256
428;257
428;258
428;259
428;260
428;261
428;262
428;263
428;264
428;265
428;266
428;267
428;268
428;269
428;270
428;271
428;272
428;273
428;274
428;275
428;276
428;277
428;278
428;279
428;280
428;281
428;282
428;283
428;284
428;285
428;286
428;287
428;288
428;289
428;290
428;291
428;292
428;293
428;294
428;454
428;455
428;456
428;457
428;458
428;459
428;460
428;461
428;462
428;463
428;464
428;465
428;466
428;467
428;468
428;469
428;470
428;471
428;472
428;473
428;474
428;475
428;476
428;477
428;478
428;479
428;480
428;481
428;482
428;483
428;484
428;485
428;486
428;487
428;488
428;489
428;490
428;491
428;492
428;493
428;494
428;495
428;496
428;497
428;498
428;499
429;0
429;1
429;2
429;3
429;4
429;5
429;6
429;7
429;8
429;9
429;10
429;11
429;12
429;13
429;14
429;15
429;16
429;17
429;18
429;19
429;20
429;21
429;22
429;23
429;24
429;25
429;26
429;27
429;28
429;29
429;30
429;31
429;32
429;33
429;34
429;35
429;36
429;37
429;38
429;39
429;40
429;41
429;42
429;43
429;44
429;45
429;46
429;47
429;48
429;49
429;50
429;51
429;52
429;53
429;54
429;55
429;56
429;57
429;58
429;59
429;216
429;217
429;218
429;219
429;220
429;221
429;222
429;223
429;224
429;225
429;226
429;227
429;228
429;229
429;230
429;231
429;232
429;233
429;234
429;235
429;236
429;237
429;238
429;239
429;240
429;241
429;242
429;243
429;244
429;245
429;246
429;247
429;248
429;249
429;250
429;251
429;252
429;253
429;254
429;255
429;256
429;257
429;258
429;259
429;260
429;261
429;262
429;263
429;264
429;265
429;266
429;267
429;268
429;269
429;270
429;271
429;272
429;273
429;274
429;275
429;276
429;277
429;278
429;279
429;280
429;281
429;282
429;283
429;284
429;285
429;286
429;287
429;288
429;289
429;290
429;291
429;292
429;293
429;294
429;454
429;455
429;456
429;457
429;458
429;459
429;460
429;461
429;462
429;463
429;464
429;465
429;466
429;467
429;468
429;469
429;470
429;471
429;472
429;473
429;474
429;475
429;476
429;477
429;478
429;479
429;480
429;481
429;482
429;483
429;484
429;485
429;486
429;487
429;488
429;489
429;490
429;491
429;492
429;493
429;494
429;495
429;496
429;497
429;498
429;499
430;0
430;1
430;2
430;3
430;4
430;5
430;6
430;7
430;8
430;9
430;10
430;11
430;12
430;13
430;14
430;15
430;16
430;17
430;18
430;19
430;20
430;21
430;22
430;23
430;24
430;25
430;26
430;27
430;28
430;29
430;30
430;31
430;32
430;33
430;34
430;35
430;36
430;37
430;38
430;39
430;40
430;41
430;42
430;43
430;44
430;45
430;46
430;47
430;48
430;49
430;50
430;51
430;52
430;53
430;54
430;55
430;56
430;57
430;58
430;59
430;60
430;216
430;217
430;218
430;219
430;220
430;221
430;222
430;223
430;224
430;225
430;226
430;227
430;228
430;229
430;230
430;231
430;232
430;233
430;234
430;235
430;236
430;237
430;238
430;239
430;240
430;241
430;242
430;243
430;244
430;245
430;246
430;247
430;248
430;249
430;250
430;251
430;252
430;253
430;254
430;255
430;256
430;257
430;258
430;259
430;260
430;261
430;262
430;263
430;264
430;265
430;266
430;267
430;268
430;269
430;270
430;271
430;272
430;273
430;274
430;275
430;276
430;277
430;278
430;279
430;280
430;281
430;282
430;283
430;284
430;285
430;286
430;287
430;288
430;289
430;290
430;291
430;292
430;293
430;294
430;454
430;455
430;456
430;457
430;458
430;459
430;460
430;461
430;462
430;463
430;464
430;465
430;466
430;467
430;468
430;469
430;470
430;471
430;472
430;473
430;474
430;475
430;476
430;477
430;478
430;479
430;480
430;481
430;482
430;483
430;484
430;485
430;486
430;487
430;488
430;489
430;490
430;491
430;492
430;493
430;494
430;495
430;496
430;497
430;498
430;499
430;500
430;501
431;0
431;1
431;2
431;3
431;4
431;5
431;6
431;7
431;8
431;9
431;10
431;11
431;12
431;13
431;14
431;15
431;16
431;17
431;18
431;19
431;20
431;21
431;22
431;23
431;24
431;25
431;26
431;27
431;28
431;29
431;30
431;31
431;32
431;33
431;34
431;35
431;36
431;37
431;38
431;39
431;40
431;41
431;42
431;43
431;44
431;45
431;46
431;47
431;48
431;49
431;50
431;51
431;52
431;53
431;54
431;55
431;56
431;57
431;58
431;59
431;60
431;216
431;217
431;218
431;219
431;220
431;221
431;222
431;223
431;224
431;225
431;226
431;227
431;228
431;229
431;230
431;231
431;232
431;233
431;234
431;235
431;236
431;237
431;238
431;239
431;240
431;241
431;242
431;243
431;244
431;245
431;246
431;247
431;248
431;249
431;250
431;251
431;252
431;253
431;254
431;255
431;256
431;257
431;258
431;259
431;260
431;261
431;262
431;263
431;264
431;265
431;266
431;267
431;268
431;269
431;270
431;271
431;272
431;273
431;274
431;275
431;276
431;277
431;278
431;279
431;280
431;281
431;282
431;283
431;284
431;285
431;286
431;287
431;288
431;289
431;290
431;291
431;292
431;293
431;454
431;455
431;456
431;457
431;458
431;459
431;460
431;461
431;462
431;463
431;464
431;465
431;466
431;467
431;468
431;469
431;470
431;471
431;472
431;473
431;474
431;475
431;476
431;477
431;478
431;479
431;480
431;481
431;482
431;483
431;484
431;485
431;486
431;487
431;488
431;489
431;490
431;491
431;492
431;493
431;494
431;495
431;496
431;497
431;498
431;499
431;500
431;501
431;502
431;503
432;0
432;1
432;2
432;3
432;4
432;5
432;6
432;7
432;8
432;9
432;10
432;11
432;12
432;13
432;14
432;15
432;16
432;17
432;18
432;19
432;20
432;21
432;22
432;23
432;24
432;25
432;26
432;27
432;28
432;29
432;30
432;31
432;32
432;33
432;34
432;35
432;36
432;37
432;38
432;39
432;40
432;41
432;42
432;43
432;44
432;45
432;46
432;47
432;48
432;49
432;50
432;51
432;52
432;53
432;54
432;55
432;56
432;57
432;58
432;59
432;60
432;216
432;217
432;218
432;219
432;220
432;221
432;222
432;223
432;224
432;225
432;226
432;227
432;228
432;229
432;230
432;231
432;232
432;233
432;234
432;235
432;236
432;237
432;238
432;239
432;240
432;241
432;242
432;243
432;244
432;245
432;246
432;247
432;248
432;249
432;250
432;251
432;252
432;253
432;254
432;255
432;256
432;257
432;258
432;259
432;260
432;261
432;262
432;263
432;264
432;265
432;266
432;267
432;268
432;269
432;270
432;271
432;272
432;273
432;274
432;275
432;276
432;277
432;278
432;279
432;280
432;281
432;282
432;283
432;284
432;285
432;286
432;287
432;288
432;289
432;290
432;291
432;292
432;293
432;454
432;455
432;456
432;457
432;458
432;459
432;460
432;461
432;462
432;463
432;464
432;465
432;466
432;467
432;468
432;469
432;470
432;471
432;472
432;473
432;474
432;475
432;476
432;477
432;478
432;479
432;480
432;481
432;482
432;483
432;484
432;485
432;486
432;487
432;488
432;489
432;490
432;491
432;492
432;493
432;494
432;495
432;496
432;497
432;498
432;499
432;500
432;501
432;502
432;503
432;504
432;505
433;0
433;1
433;2
433;3
433;4
433;5
433;6
433;7
433;8
433;9
433;10
433;11
433;12
433;13
433;14
433;15
433;16
433;17
433;18
433;19
433;20
433;21
433;22
433;23
433;24
433;25
433;26
433;27
433;28
433;29
433;30
433;31
433;32
433;33
433;34
433;35
433;36
433;37
433;38
433;39
433;40
433;41
433;42
433;43
433;44
433;45
433;46
433;47
433;48
433;49
433;50
433;51
433;52
433;53
433;54
433;55
433;56
433;215
433;216
433;217
433;218
433;219
433;220
433;221
433;222
433;223
433;224
433;225
433;226
433;227
433;228
433;229
433;230
433;231
433;232
433;233
433;234
433;235
433;236
433;237
433;238
433;239
433;240
433;241
433;242
433;243
433;244
433;245
433;246
433;247
433;248
433;249
433;250
433;251
433;252
433;253
433;254
433;255
433;256
433;257
433;258
433;259
433;260
433;261
433;262
433;263
433;264
433;265
433;266
433;267
433;268
433;269
433;270
433;271
433;272
433;273
433;274
433;275
433;276
433;277
433;278
433;279
433;280
433;281
433;282
433;283
433;284
433;285
433;286
433;287
433;288
433;289
433;290
433;291
433;292
433;293
433;454
433;455
433;456
433;457
433;458
433;459
433;460
433;461
433;462
433;463
433;464
433;465
433;466
433;467
433;468
433;469
433;470
433;471
433;472
433;473
433;474
433;475
433;476
433;477
433;478
433;479
433;480
433;481
433;482
433;483
433;484
433;485
433;486
433;487
433;488
433;489
433;490
433;491
433;492
433;493
433;494
433;495
433;496
433;497
433;498
433;499
433;500
433;501
433;502
433;503
433;504
433;505
433;506
433;507
434;0
434;1
434;2
434;3
434;4
434;5
434;6
434;7
434;8
434;9
434;10
434;11
434;12
434;13
434;14
434;15
434;16
434;17
434;18
434;19
434;20
434;21
434;22
434;23
434;24
434;25
434;26
434;27
434;28
434;29
434;30
434;31
434;32
434;33
434;34
434;35
434;36
434;37
434;38
434;39
434;40
434;41
434;42
434;43
434;44
434;45
434;46
434;47
434;48
434;49
434;50
434;51
434;52
434;215
434;216
434;217
434;218
434;219
434;220
434;221
434;222
434;223
434;224
434;225
434;226
434;227
434;228
434;229
434;230
434;231
434;232
434;233
434;234
434;235
434;236
434;237
434;238
434;239
434;240
434;241
434;242
434;243
434;244
434;245
434;246
434;247
434;248
434;249
434;250
434;251
434;252
434;253
434;254
434;255
434;256
434;257
434;258
434;259
434;260
434;261
434;262
434;263
434;264
434;265
434;266
434;267
434;268
434;269
434;270
434;271
434;272
434;273
434;274
434;275
434;276
434;277
434;278
434;279
434;280
434;281
434;282
434;283
434;284
434;285
434;286
434;287
434;288
434;289
434;290
434;291
434;292
434;293
434;454
434;455
434;456
434;457
434;458
434;459
434;460
434;461
434;462
434;463
434;464
434;465
434;466
434;467
434;468
434;469
434;470
434;471
434;472
434;473
434;474
434;475
434;476
434;477
434;478
434;479
434;480
434;481
434;482
434;483
434;484
434;485
434;486
434;487
434;488
434;489
434;490
434;491
434;492
434;493
434;494
434;495
434;496
434;497
434;498
434;499
434;500
434;501
434;502
434;503
434;504
434;505
434;506
434;507
434;508
434;509
435;0
435;1
435;2
435;3
435;4
435;5
435;6
435;7
435;8
435;9
435;10
435;11
435;12
435;13
435;14
435;15
435;16
435;17
435;18
435;19
435;20
435;21
435;22
435;23
435;24
435;25
435;26
435;27
435;28
435;29
435;30
435;31
435;32
435;33
435;34
435;35
435;36
435;37
435;38
435;39
435;40
435;41
435;42
435;43
435;44
435;45
435;46
435;47
435;48
435;50
435;215
435;216
435;217
435;218
435;219
435;220
435;221
435;222
435;223
435;224
435;225
435;226
435;227
435;228
435;229
435;230
435;231
435;232
435;233
435;234
435;235
435;236
435;237
435;238
435;239
435;240
435;241
435;242
435;243
435;244
435;245
435;246
435;247
435;248
435;249
435;250
435;251
435;252
435;253
435;254
435;255
435;256
435;257
435;258
435;259
435;260
435;261
435;262
435;263
435;264
435;265
435;266
435;267
435;268
435;269
435;270
435;271
435;272
435;273
435;274
435;275
435;276
435;277
435;278
435;279
435;280
435;281
435;282
435;283
435;284
435;285
435;286
435;287
435;288
435;289
435;290
435;291
435;292
435;454
435;455
435;456
435;457
435;458
435;459
435;460
435;461
435;462
435;463
435;464
435;465
435;466
435;467
435;468
435;469
435;470
435;471
435;472
435;473
435;474
435;475
435;476
435;477
435;478
435;479
435;480
435;481
435;482
435;483
435;484
435;485
435;486
435;487
435;488
435;489
435;490
435;491
435;492
435;493
435;494
435;495
435;496
435;497
435;498
435;499
435;500
435;501
435;502
435;503
435;504
435;505
435;506
435;507
435;508
435;509
435;510
435;511
436;0
436;1
436;2
436;3
436;4
436;5
436;6
436;7
436;8
436;9
436;10
436;11
436;12
436;13
436;14
436;15
436;16
436;17
436;18
436;19
436;20
436;21
436;22
436;23
436;24
436;25
436;26
436;27
436;28
436;29
436;30
436;31
436;32
436;33
436;34
436;35
436;36
436;37
436;38
436;39
436;40
436;41
436;42
436;43
436;44
436;46
436;215
436;216
436;217
436;218
436;219
436;220
436;221
436;222
436;223
436;224
436;225
436;226
436;227
436;228
436;229
436;230
436;231
436;232
436;233
436;234
436;235
436;236
436;237
436;238
436;239
436;240
436;241
436;242
436;243
436;244
436;245
436;246
436;247
436;248
436;249
436;250
436;251
436;252
436;253
436;254
436;255
436;256
436;257
436;258
436;259
436;260
436;261
436;262
436;263
436;264
436;265
436;266
436;267
436;268
436;269
436;270
436;271
436;272
436;273
436;274
436;275
436;276
436;277
436;278
436;279
436;280
436;281
436;282
436;283
436;284
436;285
436;286
436;287
436;288
436;289
436;290
436;291
436;292
436;454
436;455
436;456
436;457
436;458
436;459
436;460
436;461
436;462
436;463
436;464
436;465
436;466
436;467
436;468
436;469
436;470
436;471
436;472
436;473
436;474
436;475
436;476
436;477
436;478
436;479
436;480
436;481
436;482
436;483
436;484
436;485
436;486
436;487
436;488
436;489
436;490
436;491
436;492
436;493
436;494
436;495
436;496
436;497
436;498
436;499
436;500
436;501
436;502
436;503
436;504
436;505
436;506
436;507
436;508
436;509
436;510
436;511
436;512
437;0
437;1
437;2
437;3
437;4
437;5
437;6
437;7
437;8
437;9
437;10
437;11
437;12
437;13
437;14
437;15
437;16
437;17
437;18
437;19
437;20
437;21
437;22
437;23
437;24
437;25
437;26
437;27
437;28
437;29
437;30
437;31
437;32
437;33
437;34
437;35
437;36
437;37
437;38
437;39
437;40
437;41
437;42
437;215
437;216
437;217
437;218
437;219
437;220
437;221
437;222
437;223
437;224
437;225
437;226
437;227
437;228
437;229
437;230
437;231
437;232
437;233
437;234
437;235
437;236
437;237
437;238
437;239
437;240
437;241
437;242
437;243
437;244
437;245
437;246
437;247
437;248
437;249
437;250
437;251
437;252
437;253
437;254
437;255
437;256
437;257
437;258
437;259
437;260
437;261
437;262
437;263
437;264
437;265
437;266
437;267
437;268
437;269
437;270
437;271
437;272
437;273
437;274
437;275
437;276
437;277
437;278
437;279
437;280
437;281
437;282
437;283
437;284
437;285
437;286
437;287
437;288
437;289
437;290
437;291
437;292
437;454
437;455
437;456
437;457
437;458
437;459
437;460
437;461
437;462
437;463
437;464
437;465
437;466
437;467
437;468
437;469
437;470
437;471
437;472
437;473
437;474
437;475
437;476
437;477
437;478
437;479
437;480
437;481
437;482
437;483
437;484
437;485
437;486
437;487
437;488
437;489
437;490
437;491
437;492
437;493
437;494
437;495
437;496
437;497
437;498
437;499
437;500
437;501
437;502
437;503
437;504
437;505
437;506
437;507
437;508
437;509
437;510
437;511
437;512
437;513
438;0
438;1
438;2
438;3
438;4
438;5
438;6
438;7
438;8
438;9
438;10
438;11
438;12
438;13
438;14
438;15
438;16
438;17
438;18
438;19
438;20
438;21
438;22
438;23
438;24
438;25
438;26
438;27
438;28
438;29
438;30
438;31
438;32
438;33
438;34
438;35
438;36
438;37
438;38
438;215
438;216
438;217
438;218
438;219
438;220
438;221
438;222
438;223
438;224
438;225
438;226
438;227
438;228
438;229
438;230
438;231
438;232
438;233
438;234
438;235
438;236
438;237
438;238
438;239
438;240
438;241
438;242
438;243
438;244
438;245
438;246
438;247
438;248
438;249
438;250
438;251
438;252
438;253
438;254
438;255
438;256
438;257
438;258
438;259
438;260
438;261
438;262
438;263
438;264
438;265
438;266
438;267
438;268
438;269
438;270
438;271
438;272
438;273
438;274
438;275
438;276
438;277
438;278
438;279
438;280
438;281
438;282
438;283
438;284
438;285
438;286
438;287
438;288
438;289
438;290
438;291
438;292
438;454
438;455
438;456
438;457
438;458
438;459
438;460
438;461
438;462
438;463
438;464
438;465
438;466
438;467
438;468
438;469
438;470
438;471
438;472
438;473
438;474
438;475
438;476
438;477
438;478
438;479
438;480
438;481
438;482
438;483
438;484
438;485
438;486
438;487
438;488
438;489
438;490
438;491
438;492
438;493
438;494
438;495
438;496
438;497
438;498
438;499
438;500
438;501
438;502
438;503
438;504
438;505
438;506
438;507
438;508
438;509
438;510
438;511
438;512
438;513
438;514
438;515
439;0
439;1
439;2
439;3
439;4
439;5
439;6
439;7
439;8
439;9
439;10
439;11
439;12
439;13
439;14
439;15
439;16
439;17
439;18
439;19
439;20
439;21
439;22
439;23
439;24
439;25
439;26
439;27
439;28
439;29
439;30
439;31
439;32
439;33
439;34
439;214
439;215
439;216
439;217
439;218
439;219
439;220
439;221
439;222
439;223
439;224
439;225
439;226
439;227
439;228
439;229
439;230
439;231
439;232
439;233
439;234
439;235
439;236
439;237
439;238
439;239
439;240
439;241
439;242
439;243
439;244
439;245
439;246
439;247
439;248
439;249
439;250
439;251
439;252
439;253
439;254
439;255
439;256
439;257
439;258
439;259
439;260
439;261
439;262
439;263
439;264
439;265
439;266
439;267
439;268
439;269
439;270
439;271
439;272
439;273
439;274
439;275
439;276
439;277
439;278
439;279
439;280
439;281
439;282
439;283
439;284
439;285
439;286
439;287
439;288
439;289
439;290
439;291
439;292
439;453
439;454
439;455
439;456
439;457
439;458
439;459
439;460
439;461
439;462
439;463
439;464
439;465
439;466
439;467
439;468
439;469
439;470
439;471
439;472
439;473
439;474
439;475
439;476
439;477
439;478
439;479
439;480
439;481
439;482
439;483
439;484
439;485
439;486
439;487
439;488
439;489
439;490
439;491
439;492
439;493
439;494
439;495
439;496
439;497
439;498
439;499
439;500
439;501
439;502
439;503
439;504
439;505
439;506
439;507
439;508
439;509
439;510
439;511
439;512
439;513
439;514
439;515
439;516
439;517
440;0
440;1
440;2
440;3
440;4
440;5
440;6
440;7
440;8
440;9
440;10
440;11
440;12
440;13
440;14
440;15
440;16
440;17
440;18
440;19
440;20
440;21
440;22
440;23
440;24
440;25
440;26
440;27
440;28
440;29
440;30
440;32
440;214
440;215
440;216
440;217
440;218
440;219
440;220
440;221
440;222
440;223
440;224
440;225
440;226
440;227
440;228
440;229
440;230
440;231
440;232
440;233
440;234
440;235
440;236
440;237
440;238
440;239
440;240
440;241
440;242
440;243
440;244
440;245
440;246
440;247
440;248
440;249
440;250
440;251
440;252
440;253
440;254
440;255
440;256
440;257
440;258
440;259
440;260
440;261
440;262
440;263
440;264
440;265
440;266
440;267
440;268
440;269
440;270
440;271
440;272
440;273
440;274
440;275
440;276
440;277
440;278
440;279
440;280
440;281
440;282
440;283
440;284
440;285
440;286
440;287
440;288
440;289
440;290
440;291
440;453
440;454
440;455
440;456
440;457
440;458
440;459
440;460
440;461
440;462
440;463
440;464
440;465
440;466
440;467
440;468
440;469
440;470
440;471
440;472
440;473
440;474
440;475
440;476
440;477
440;478
440;479
440;480
440;481
440;482
440;483
440;484
440;485
440;486
440;487
440;488
440;489
440;490
440;491
440;492
440;493
440;494
440;495
440;496
440;497
440;498
440;499
440;500
440;501
440;502
440;503
440;504
440;505
440;506
440;507
440;508
440;509
440;510
440;511
440;512
440;513
440;514
440;515
440;516
440;517
440;518
440;519
441;0
441;1
441;2
441;3
441;4
441;5
441;6
441;7
441;8
441;9
441;10
441;11
441;12
441;13
441;14
441;15
441;16
441;17
441;18
441;19
441;20
441;21
441;22
441;23
441;24
441;25
441;26
441;28
441;214
441;215
441;216
441;217
441;218
441;219
441;220
441;221
441;222
441;223
441;224
441;225
441;226
441;227
441;228
441;229
441;230
441;231
441;232
441;233
441;234
441;235
441;236
441;237
441;238
441;239
441;240
441;241
441;242
441;243
441;244
441;245
441;246
441;247
441;248
441;249
441;250
441;251
441;252
441;253
441;254
441;255
441;256
441;257
441;258
441;259
441;260
441;261
441;262
441;263
441;264
441;265
441;266
441;267
441;268
441;269
441;270
441;271
441;272
441;273
441;274
441;275
441;276
441;277
441;278
441;279
441;280
441;281
441;282
441;283
441;284
441;285
441;286
441;287
441;288
441;289
441;290
441;291
441;453
441;454
441;455
441;456
441;457
441;458
441;459
441;460
441;461
441;462
441;463
441;464
441;465
441;466
441;467
441;468
441;469
441;470
441;471
441;472
441;473
441;474
441;475
441;476
441;477
441;478
441;479
441;480
441;481
441;482
441;483
441;484
441;485
441;486
441;487
441;488
441;489
441;490
441;491
441;492
441;493
441;494
441;495
441;496
441;497
441;498
441;499
441;500
441;501
441;502
441;503
441;504
441;505
441;506
441;507
441;508
441;509
441;510
441;511
441;512
441;513
441;514
441;515
441;516
441;517
441;518
441;519
441;520
441;521
442;0
442;1
442;2
442;3
442;4
442;5
442;6
442;7
442;8
442;9
442;10
442;11
442;12
442;13
442;14
442;15
442;16
442;17
442;18
442;19
442;20
442;21
442;22
442;23
442;24
442;214
442;215
442;216
442;217
442;218
442;219
442;220
442;221
442;222
442;223
442;224
442;225
442;226
442;227
442;228
442;229
442;230
442;231
442;232
442;233
442;234
442;235
442;236
442;237
442;238
442;239
442;240
442;241
442;242
442;243
442;244
442;245
442;246
442;247
442;248
442;249
442;250
442;251
442;252
442;253
442;254
442;255
442;256
442;257
442;258
442;259
442;260
442;261
442;262
442;263
442;264
442;265
442;266
442;267
442;268
442;269
442;270
442;271
442;272
442;273
442;274
442;275
442;276
442;277
442;278
442;279
442;280
442;281
442;282
442;283
442;284
442;285
442;286
442;287
442;288
442;289
442;290
442;291
442;453
442;454
442;455
442;456
442;457
442;458
442;459
442;460
442;461
442;462
442;463
442;464
442;465
442;466
442;467
442;468
442;469
442;470
442;471
442;472
442;473
442;474
442;475
442;476
442;477
442;478
442;479
442;480
442;481
442;482
442;483
442;484
442;485
442;486
442;487
442;488
442;489
442;490
442;491
442;492
442;493
442;494
442;495
442;496
442;497
442;498
442;499
442;500
442;501
442;502
442;503
442;504
442;505
442;506
442;507
442;508
442;509
442;510
442;511
442;512
442;513
442;514
442;515
442;516
442;517
442;518
442;519
442;520
442;521
442;522
442;523
443;0
443;1
443;2
443;3
443;4
443;5
443;6
443;7
443;8
443;9
443;10
443;11
443;12
443;13
443;14
443;15
443;16
443;17
443;18
443;19
443;20
443;213
443;214
443;215
443;216
443;217
443;218
443;219
443;220
443;221
443;222
443;223
443;224
443;225
443;226
443;227
443;228
443;229
443;230
443;231
443;232
443;233
443;234
443;235
443;236
443;237
443;238
443;239
443;240
443;241
443;242
443;243
443;244
443;245
443;246
443;247
443;248
443;249
443;250
443;251
443;252
443;253
443;254
443;255
443;256
443;257
443;258
443;259
443;260
443;261
443;262
443;263
443;264
443;265
443;266
443;267
443;268
443;269
443;270
443;271
443;272
443;273
443;274
443;275
443;276
443;277
443;278
443;279
443;280
443;281
443;282
443;283
443;284
443;285
443;286
443;287
443;288
443;289
443;290
443;291
443;453
443;454
443;455
443;456
443;457
443;458
443;459
443;460
443;461
443;462
443;463
443;464
443;465
443;466
443;467
443;468
443;469
443;470
443;471
443;472
443;473
443;474
443;475
443;476
443;477
443;478
443;479
443;480
443;481
443;482
443;483
443;484
443;485
443;486
443;487
443;488
443;489
443;490
443;491
443;492
443;493
443;494
443;495
443;496
443;497
443;498
443;499
443;500
443;501
443;502
443;503
443;504
443;505
443;506
443;507
443;508
443;509
443;510
443;511
443;512
443;513
443;514
443;515
443;516
443;517
443;518
443;519
443;520
443;521
443;522
443;523
443;524
443;525
444;0
444;1
444;2
444;3
444;4
444;5
444;6
444;7
444;8
444;9
444;10
444;11
444;12
444;13
444;14
444;15
444;16
444;213
444;214
444;215
444;216
444;217
444;218
444;219
444;220
444;221
444;222
444;223
444;224
444;225
444;226
444;227
444;228
444;229
444;230
444;231
444;232
444;233
444;234
444;235
444;236
444;237
444;238
444;239
444;240
444;241
444;242
444;243
444;244
444;245
444;246
444;247
444;248
444;249
444;250
444;251
444;252
444;253
444;254
444;255
444;256
444;257
444;258
444;259
444;260
444;261
444;262
444;263
444;264
444;265
444;266
444;267
444;268
444;269
444;270
444;271
444;272
444;273
444;274
444;275
444;276
444;277
444;278
444;279
444;280
444;281
444;282
444;283
444;284
444;285
444;286
444;287
444;288
444;289
444;290
444;291
444;453
444;454
444;455
444;456
444;457
444;458
444;459
444;460
444;461
444;462
444;463
444;464
444;465
444;466
444;467
444;468
444;469
444;470
444;471
444;472
444;473
444;474
444;475
444;476
444;477
444;478
444;479
444;480
444;481
444;482
444;483
444;484
444;485
444;486
444;487
444;488
444;489
444;490
444;491
444;492
444;493
444;494
444;495
444;496
444;497
444;498
444;499
444;500
444;501
444;502
444;503
444;504
444;505
444;506
444;507
444;508
444;509
444;510
444;511
444;512
444;513
444;514
444;515
444;516
444;517
444;518
444;519
444;520
444;521
444;522
444;523
444;524
444;525
445;0
445;1
445;2
445;3
445;4
445;5
445;6
445;7
445;8
445;9
445;10
445;11
445;12
445;14
445;213
445;214
445;215
445;216
445;217
445;218
445;219
445;220
445;221
445;222
445;223
445;224
445;225
445;226
445;227
445;228
445;229
445;230
445;231
445;232
445;233
445;234
445;235
445;236
445;237
445;238
445;239
445;240
445;241
445;242
445;243
445;244
445;245
445;246
445;247
445;248
445;249
445;250
445;251
445;252
445;253
445;254
445;255
445;256
445;257
445;258
445;259
445;260
445;261
445;262
445;263
445;264
445;265
445;266
445;267
445;268
445;269
445;270
445;271
445;272
445;273
445;274
445;275
445;276
445;277
445;278
445;279
445;280
445;281
445;282
445;283
445;284
445;285
445;286
445;287
445;288
445;289
445;290
445;453
445;454
445;455
445;456
445;457
445;458
445;459
445;460
445;461
445;462
445;463
445;464
445;465
445;466
445;467
445;468
445;469
445;470
445;471
445;472
445;473
445;474
445;475
445;476
445;477
445;478
445;479
445;480
445;481
445;482
445;483
445;484
445;485
445;486
445;487
445;488
445;489
445;490
445;491
445;492
445;493
445;494
445;495
445;496
445;497
445;498
445;499
445;500
445;501
445;502
445;503
445;504
445;505
445;506
445;507
445;508
445;509
445;510
445;511
445;512
445;513
445;514
445;515
445;516
445;517
445;518
445;519
445;520
445;521
445;522
445;523
445;524
445;525
445;526
445;527
446;0
446;1
446;2
446;3
446;4
446;5
446;6
446;7
446;8
446;10
446;213
446;214
446;215
446;216
446;217
446;218
446;219
446;220
446;221
446;222
446;223
446;224
446;225
446;226
446;227
446;228
446;229
446;230
446;231
446;232
446;233
446;234
446;235
446;236
446;237
446;238
446;239
446;240
446;241
446;242
446;243
446;244
446;245
446;246
446;247
446;248
446;249
446;250
446;251
446;252
446;253
446;254
446;255
446;256
446;257
446;258
446;259
446;260
446;261
446;262
446;263
446;264
446;265
446;266
446;267
446;268
446;269
446;270
446;271
446;272
446;273
446;274
446;275
446;276
446;277
446;278
446;279
446;280
446;281
446;282
446;283
446;284
446;285
446;286
446;287
446;288
446;289
446;290
446;453
446;454
446;455
446;456
446;457
446;458
446;459
446;460
446;461
446;462
446;463
446;464
446;465
446;466
446;467
446;468
446;469
446;470
446;471
446;472
446;473
446;474
446;475
446;476
446;477
446;478
446;479
446;480
446;481
446;482
446;483
446;484
446;485
446;486
446;487
446;488
446;489
446;490
446;491
446;492
446;493
446;494
446;495
446;496
446;497
446;498
446;499
446;500
446;501
446;502
446;503
446;504
446;505
446;506
446;507
446;508
446;509
446;510
446;511
446;512
446;513
446;514
446;515
446;516
446;517
446;518
446;519
446;520
446;521
446;522
446;523
446;524
446;525
446;526
446;527
446;528
446;529
447;0
447;1
447;2
447;3
447;4
447;5
447;6
447;8
447;213
447;214
447;215
447;216
447;217
447;218
447;219
447;220
447;221
447;222
447;223
447;224
447;225
447;226
447;227
447;228
447;229
447;230
447;231
447;232
447;233
447;234
447;235
447;236
447;237
447;238
447;239
447;240
447;241
447;242
447;243
447;244
447;245
447;246
447;247
447;248
447;249
447;250
447;251
447;252
447;253
447;254
447;255
447;256
447;257
447;258
447;259
447;260
447;261
447;262
447;263
447;264
447;265
447;266
447;267
447;268
447;269
447;270
447;271
447;272
447;273
447;274
447;275
447;276
447;277
447;278
447;279
447;280
447;281
447;282
447;283
447;284
447;285
447;286
447;287
447;288
447;289
447;290
447;453
447;454
447;455
447;456
447;457
447;458
447;459
447;460
447;461
447;462
447;463
447;464
447;465
447;466
447;467
447;468
447;469
447;470
447;471
447;472
447;473
447;474
447;475
447;476
447;477
447;478
447;479
447;480
447;481
447;482
447;483
447;484
447;485
447;486
447;487
447;488
447;489
447;490
447;491
447;492
447;493
447;494
447;495
447;496
447;497
447;498
447;499
447;500
447;501
447;502
447;503
447;504
447;505
447;506
447;507
447;508
447;509
447;510
447;511
447;512
447;513
447;514
447;515
447;516
447;517
447;518
447;519
447;520
447;521
447;522
447;523
447;524
447;525
447;526
447;527
447;528
447;529
447;530
447;531
448;0
448;1
448;2
448;212
448;213
448;214
448;215
448;216
448;217
448;218
448;219
448;220
448;221
448;222
448;223
448;224
448;225
448;226
448;227
448;228
448;229
448;230
448;231
448;232
448;233
448;234
448;235
448;236
448;237
448;238
448;239
448;240
448;241
448;242
448;243
448;244
448;245
448;246
448;247
448;248
448;249
448;250
448;251
448;252
448;253
448;254
448;255
448;256
448;257
448;258
448;259
448;260
448;261
448;262
448;263
448;264
448;265
448;266
448;267
448;268
448;269
448;270
448;271
448;272
448;273
448;274
448;275
448;276
448;277
448;278
448;279
448;280
448;281
448;282
448;283
448;284
448;285
448;286
448;287
448;288
448;289
448;290
448;453
448;454
448;455
448;456
448;457
448;458
448;459
448;460
448;461
448;462
448;463
448;464
448;465
448;466
448;467
448;468
448;469
448;470
448;471
448;472
448;473
448;474
448;475
448;476
448;477
448;478
448;479
448;480
448;481
448;482
448;483
448;484
448;485
448;486
448;487
448;488
448;489
448;490
448;491
448;492
448;493
448;494
448;495
448;496
448;497
448;498
448;499
448;500
448;501
448;502
448;503
448;504
448;505
448;506
448;507
448;508
448;509
448;510
448;511
448;512
448;513
448;514
448;515
448;516
448;517
448;518
448;519
448;520
448;521
448;522
448;523
448;524
448;525
448;526
448;527
448;528
448;529
448;530
448;531
448;532
448;533
449;212
449;213
449;214
449;215
449;216
449;217
449;218
449;219
449;220
449;221
449;222
449;223
449;224
449;225
449;226
449;227
449;228
449;229
449;230
449;231
449;232
449;233
449;234
449;235
449;236
449;237
449;238
449;239
449;240
449;241
449;242
449;243
449;244
449;245
449;246
449;247
449;248
449;249
449;250
449;251
449;252
449;253
449;254
449;255
449;256
449;257
449;258
449;259
449;260
449;261
449;262
449;263
449;264
449;265
449;266
449;267
449;268
449;269
449;270
449;271
449;272
449;273
449;274
449;275
449;276
449;277
449;278
449;279
449;280
449;281
449;282
449;283
449;284
449;285
449;286
449;287
449;288
449;289
449;290
449;453
449;454
449;455
449;456
449;457
449;458
449;459
449;460
449;461
449;462
449;463
449;464
449;465
449;466
449;467
449;468
449;469
449;470
449;471
449;472
449;473
449;474
449;475
449;476
449;477
449;478
449;479
449;480
449;481
449;482
449;483
449;484
449;485
449;486
449;487
449;488
449;489
449;490
449;491
449;492
449;493
449;494
449;495
449;496
449;497
449;498
449;499
449;500
449;501
449;502
449;503
449;504
449;505
449;506
449;507
449;508
449;509
449;510
449;511
449;512
449;513
449;514
449;515
449;516
449;517
449;518
449;519
449;520
449;521
449;522
449;523
449;524
449;525
449;526
449;527
449;528
449;529
449;530
449;531
449;532
449;533
449;534
449;535
450;212
450;213
450;214
450;215
450;216
450;217
450;218
450;219
450;220
450;221
450;222
450;223
450;224
450;225
450;226
450;227
450;228
450;229
450;230
450;231
450;232
450;233
450;234
450;235
450;236
450;237
450;238
450;239
450;240
450;241
450;242
450;243
450;244
450;245
450;246
450;247
450;248
450;249
450;250
450;251
450;252
450;253
450;254
450;255
450;256
450;257
450;258
450;259
450;260
450;261
450;262
450;263
450;264
450;265
450;266
450;267
450;268
450;269
450;270
450;271
450;272
450;273
450;274
450;275
450;276
450;277
450;278
450;279
450;280
450;281
450;282
450;283
450;284
450;285
450;286
450;287
450;288
450;289
450;453
450;454
450;455
450;456
450;457
450;458
450;459
450;460
450;461
450;462
450;463
450;464
450;465
450;466
450;467
450;468
450;469
450;470
450;471
450;472
450;473
450;474
450;475
450;476
450;477
450;478
450;479
450;480
450;481
450;482
450;483
450;484
450;485
450;486
450;487
450;488
450;489
450;490
450;491
450;492
450;493
450;494
450;495
450;496
450;497
450;498
450;499
450;500
450;501
450;502
450;503
450;504
450;505
450;506
450;507
450;508
450;509
450;510
450;511
450;512
450;513
450;514
450;515
450;516
450;517
450;518
450;519
450;520
450;521
450;522
450;523
450;524
450;525
450;526
450;527
450;528
450;529
450;530
450;531
450;532
450;533
450;534
450;535
450;536
451;212
451;213
451;214
451;215
451;216
451;217
451;218
451;219
451;220
451;221
451;222
451;223
451;224
451;225
451;226
451;227
451;228
451;229
451;230
451;231
451;232
451;233
451;234
451;235
451;236
451;237
451;238
451;239
451;240
451;241
451;242
451;243
451;244
451;245
451;246
451;247
451;248
451;249
451;250
451;251
451;252
451;253
451;254
451;255
451;256
451;257
451;258
451;259
451;260
451;261
451;262
451;263
451;264
451;265
451;266
451;267
451;268
451;269
451;270
451;271
451;272
451;273
451;274
451;275
451;276
451;277
451;278
451;279
451;280
451;281
451;282
451;283
451;284
451;285
451;286
451;287
451;288
451;289
451;453
451;454
451;455
451;456
451;457
451;458
451;459
451;460
451;461
451;462
451;463
451;464
451;465
451;466
451;467
451;468
451;469
451;470
451;471
451;472
451;473
451;474
451;475
451;476
451;477
451;478
451;479
451;480
451;481
451;482
451;483
451;484
451;485
451;486
451;487
451;488
451;489
451;490
451;491
451;492
451;493
451;494
451;495
451;496
451;497
451;498
451;499
451;500
451;501
451;502
451;503
451;504
451;505
451;506
451;507
451;508
451;509
451;510
451;511
451;512
451;513
451;514
451;515
451;516
451;517
451;518
451;519
451;520
451;521
451;522
451;523
451;524
451;525
451;526
451;527
451;528
451;529
451;530
451;531
451;532
451;533
451;534
451;535
451;536
452;211
452;212
452;213
452;214
452;215
452;216
452;217
452;218
452;219
452;220
452;221
452;222
452;223
452;224
452;225
452;226
452;227
452;228
452;229
452;230
452;231
452;232
452;233
452;234
452;235
452;236
452;237
452;238
452;239
452;240
452;241
452;242
452;243
452;244
452;245
452;246
452;247
452;248
452;249
452;250
452;251
452;252
452;253
452;254
452;255
452;256
452;257
452;258
452;259
452;260
452;261
452;262
452;263
452;264
452;265
452;266
452;267
452;268
452;269
452;270
452;271
452;272
452;273
452;274
452;275
452;276
452;277
452;278
452;279
452;280
452;281
452;282
452;283
452;284
452;285
452;286
452;287
452;288
452;289
452;452
452;453
452;454
452;455
452;456
452;457
452;458
452;459
452;460
452;461
452;462
452;463
452;464
452;465
452;466
452;467
452;468
452;469
452;470
452;471
452;472
452;473
452;474
452;475
452;476
452;477
452;478
452;479
452;480
452;481
452;482
452;483
452;484
452;485
452;486
452;487
452;488
452;489
452;490
452;491
452;492
452;493
452;494
452;495
452;496
452;497
452;498
452;499
452;500
452;501
452;502
452;503
452;504
452;505
452;506
452;507
452;508
452;509
452;510
452;511
452;512
452;513
452;514
452;515
452;516
452;517
452;518
452;519
452;520
452;521
452;522
452;523
452;524
452;525
452;526
452;527
452;528
452;529
452;530
452;531
452;532
452;533
452;534
452;535
452;536
453;211
453;212
453;213
453;214
453;215
453;216
453;217
453;218
453;219
453;220
453;221
453;222
453;223
453;224
453;225
453;226
453;227
453;228
453;229
453;230
453;231
453;232
453;233
453;234
453;235
453;236
453;237
453;238
453;239
453;240
453;241
453;242
453;243
453;244
453;245
453;246
453;247
453;248
453;249
453;250
453;251
453;252
453;253
453;254
453;255
453;256
453;257
453;258
453;259
453;260
453;261
453;262
453;263
453;264
453;265
453;266
453;267
453;268
453;269
453;270
453;271
453;272
453;273
453;274
453;275
453;276
453;277
453;278
453;279
453;280
453;281
453;282
453;283
453;284
453;285
453;286
453;287
453;288
453;289
453;452
453;453
453;454
453;455
453;456
453;457
453;458
453;459
453;460
453;461
453;462
453;463
453;464
453;465
453;466
453;467
453;468
453;469
453;470
453;471
453;472
453;473
453;474
453;475
453;476
453;477
453;478
453;479
453;480
453;481
453;482
453;483
453;484
453;485
453;486
453;487
453;488
453;489
453;490
453;491
453;492
453;493
453;494
453;495
453;496
453;497
453;498
453;499
453;500
453;501
453;502
453;503
453;504
453;505
453;506
453;507
453;508
453;509
453;510
453;511
453;512
453;513
453;514
453;515
453;516
453;517
453;518
453;519
453;520
453;521
453;522
453;523
453;524
453;525
453;526
453;527
453;528
453;529
453;530
453;531
453;532
453;533
453;534
453;535
453;536
454;211
454;212
454;213
454;214
454;215
454;216
454;217
454;218
454;219
454;220
454;221
454;222
454;223
454;224
454;225
454;226
454;227
454;228
454;229
454;230
454;231
454;232
454;233
454;234
454;235
454;236
454;237
454;238
454;239
454;240
454;241
454;242
454;243
454;244
454;245
454;246
454;247
454;248
454;249
454;250
454;251
454;252
454;253
454;254
454;255
454;256
454;257
454;258
454;259
454;260
454;261
454;262
454;263
454;264
454;265
454;266
454;267
454;268
454;269
454;270
454;271
454;272
454;273
454;274
454;275
454;276
454;277
454;278
454;279
454;280
454;281
454;282
454;283
454;284
454;285
454;286
454;287
454;288
454;452
454;453
454;454
454;455
454;456
454;457
454;458
454;459
454;460
454;461
454;462
454;463
454;464
454;465
454;466
454;467
454;468
454;469
454;470
454;471
454;472
454;473
454;474
454;475
454;476
454;477
454;478
454;479
454;480
454;481
454;482
454;483
454;484
454;485
454;486
454;487
454;488
454;489
454;490
454;491
454;492
454;493
454;494
454;495
454;496
454;497
454;498
454;499
454;500
454;501
454;502
454;503
454;504
454;505
454;506
454;507
454;508
454;509
454;510
454;511
454;512
454;513
454;514
454;515
454;516
454;517
454;518
454;519
454;520
454;521
454;522
454;523
454;524
454;525
454;526
454;527
454;528
454;529
454;530
454;531
454;532
454;533
454;534
454;535
454;536
455;211
455;212
455;213
455;214
455;215
455;216
455;217
455;218
455;219
455;220
455;221
455;222
455;223
455;224
455;225
455;226
455;227
455;228
455;229
455;230
455;231
455;232
455;233
455;234
455;235
455;236
455;237
455;238
455;239
455;240
455;241
455;242
455;243
455;244
455;245
455;246
455;247
455;248
455;249
455;250
455;251
455;252
455;253
455;254
455;255
455;256
455;257
455;258
455;259
455;260
455;261
455;262
455;263
455;264
455;265
455;266
455;267
455;268
455;269
455;270
455;271
455;272
455;273
455;274
455;275
455;276
455;277
455;278
455;279
455;280
455;281
455;282
455;283
455;284
455;285
455;286
455;287
455;288
455;452
455;453
455;454
455;455
455;456
455;457
455;458
455;459
455;460
455;461
455;462
455;463
455;464
455;465
455;466
455;467
455;468
455;469
455;470
455;471
455;472
455;473
455;474
455;475
455;476
455;477
455;478
455;479
455;480
455;481
455;482
455;483
455;484
455;485
455;486
455;487
455;488
455;489
455;490
455;491
455;492
455;493
455;494
455;495
455;496
455;497
455;498
455;499
455;500
455;501
455;502
455;503
455;504
455;505
455;506
455;507
455;508
455;509
455;510
455;511
455;512
455;513
455;514
455;515
455;516
455;517
455;518
455;519
455;520
455;521
455;522
455;523
455;524
455;525
455;526
455;527
455;528
455;529
455;530
455;531
455;532
455;533
455;534
455;535
455;536
456;211
456;212
456;213
456;214
456;215
456;216
456;217
456;218
456;219
456;220
456;221
456;222
456;223
456;224
456;225
456;226
456;227
456;228
456;229
456;230
456;231
456;232
456;233
456;234
456;235
456;236
456;237
456;238
456;239
456;240
456;241
456;242
456;243
456;244
456;245
456;246
456;247
456;248
456;249
456;250
456;251
456;252
456;253
456;254
456;255
456;256
456;257
456;258
456;259
456;260
456;261
456;262
456;263
456;264
456;265
456;266
456;267
456;268
456;269
456;270
456;271
456;272
456;273
456;274
456;275
456;276
456;277
456;278
456;279
456;280
456;281
456;282
456;283
456;284
456;285
456;286
456;287
456;288
456;452
456;453
456;454
456;455
456;456
456;457
456;458
456;459
456;460
456;461
456;462
456;463
456;464
456;465
456;466
456;467
456;468
456;469
456;470
456;471
456;472
456;473
456;474
456;475
456;476
456;477
456;478
456;479
456;480
456;481
456;482
456;483
456;484
456;485
456;486
456;487
456;488
456;489
456;490
456;491
456;492
456;493
456;494
456;495
456;496
456;497
456;498
456;499
456;500
456;501
456;502
456;503
456;504
456;505
456;506
456;507
456;508
456;509
456;510
456;511
456;512
456;513
456;514
456;515
456;516
456;517
456;518
456;519
456;520
456;521
456;522
456;523
456;524
456;525
456;526
456;527
456;528
456;529
456;530
456;531
456;532
456;533
456;534
456;535
456;536
457;210
457;211
457;212
457;213
457;214
457;215
457;216
457;217
457;218
457;219
457;220
457;221
457;222
457;223
457;224
457;225
457;226
457;227
457;228
457;229
457;230
457;231
457;232
457;233
457;234
457;235
457;236
457;237
457;238
457;239
457;240
457;241
457;242
457;243
457;244
457;245
457;246
457;247
457;248
457;249
457;250
457;251
457;252
457;253
457;254
457;255
457;256
457;257
457;258
457;259
457;260
457;261
457;262
457;263
457;264
457;265
457;266
457;267
457;268
457;269
457;270
457;271
457;272
457;273
457;274
457;275
457;276
457;277
457;278
457;279
457;280
457;281
457;282
457;283
457;284
457;285
457;286
457;287
457;288
457;452
457;453
457;454
457;455
457;456
457;457
457;458
457;459
457;460
457;461
457;462
457;463
457;464
457;465
457;466
457;467
457;468
457;469
457;470
457;471
457;472
457;473
457;474
457;475
457;476
457;477
457;478
457;479
457;480
457;481
457;482
457;483
457;484
457;485
457;486
457;487
457;488
457;489
457;490
457;491
457;492
457;493
457;494
457;495
457;496
457;497
457;498
457;499
457;500
457;501
457;502
457;503
457;504
457;505
457;506
457;507
457;508
457;509
457;510
457;511
457;512
457;513
457;514
457;515
457;516
457;517
457;518
457;519
457;520
457;521
457;522
457;523
457;524
457;525
457;526
457;527
457;528
457;529
457;530
457;531
457;532
457;533
457;534
457;535
457;536
458;214
458;216
458;217
458;218
458;219
458;220
458;221
458;222
458;223
458;224
458;225
458;226
458;227
458;228
458;229
458;230
458;231
458;232
458;233
458;234
458;235
458;236
458;237
458;238
458;239
458;240
458;241
458;242
458;243
458;244
458;245
458;246
458;247
458;248
458;249
458;250
458;251
458;252
458;253
458;254
458;255
458;256
458;257
458;258
458;259
458;260
458;261
458;262
458;263
458;264
458;265
458;266
458;267
458;268
458;269
458;270
458;271
458;272
458;273
458;274
458;275
458;276
458;277
458;278
458;279
458;280
458;281
458;282
458;283
458;284
458;285
458;286
458;287
458;288
458;452
458;453
458;454
458;455
458;456
458;457
458;458
458;459
458;460
458;461
458;462
458;463
458;464
458;465
458;466
458;467
458;468
458;469
458;470
458;471
458;472
458;473
458;474
458;475
458;476
458;477
458;478
458;479
458;480
458;481
458;482
458;483
458;484
458;485
458;486
458;487
458;488
458;489
458;490
458;491
458;492
458;493
458;494
458;495
458;496
458;497
458;498
458;499
458;500
458;501
458;502
458;503
458;504
458;505
458;506
458;507
458;508
458;509
458;510
458;511
458;512
458;513
458;514
458;515
458;516
458;517
458;518
458;519
458;520
458;521
458;522
458;523
458;524
458;525
458;526
458;527
458;528
458;529
458;530
458;531
458;532
458;533
458;534
458;535
458;536
459;220
459;222
459;223
459;224
459;225
459;226
459;227
459;228
459;229
459;230
459;231
459;232
459;233
459;234
459;235
459;236
459;237
459;238
459;239
459;240
459;241
459;242
459;243
459;244
459;245
459;246
459;247
459;248
459;249
459;250
459;251
459;252
459;253
459;254
459;255
459;256
459;257
459;258
459;259
459;260
459;261
459;262
459;263
459;264
459;265
459;266
459;267
459;268
459;269
459;270
459;271
459;272
459;273
459;274
459;275
459;276
459;277
459;278
459;279
459;280
459;281
459;282
459;283
459;284
459;285
459;286
459;287
459;452
459;453
459;454
459;455
459;456
459;457
459;458
459;459
459;460
459;461
459;462
459;463
459;464
459;465
459;466
459;467
459;468
459;469
459;470
459;471
459;472
459;473
459;474
459;475
459;476
459;477
459;478
459;479
459;480
459;481
459;482
459;483
459;484
459;485
459;486
459;487
459;488
459;489
459;490
459;491
459;492
459;493
459;494
459;495
459;496
459;497
459;498
459;499
459;500
459;501
459;502
459;503
459;504
459;505
459;506
459;507
459;508
459;509
459;510
459;511
459;512
459;513
459;514
459;515
459;516
459;517
459;518
459;519
459;520
459;521
459;522
459;523
459;524
459;525
459;526
459;527
459;528
459;529
459;530
459;531
459;532
459;533
459;534
459;535
459;536
460;226
460;228
460;229
460;230
460;231
460;232
460;233
460;234
460;235
460;236
460;237
460;238
460;239
460;240
460;241
460;242
460;243
460;244
460;245
460;246
460;247
460;248
460;249
460;250
460;251
460;252
460;253
460;254
460;255
460;256
460;257
460;258
460;259
460;260
460;261
460;262
460;263
460;264
460;265
460;266
460;267
460;268
460;269
460;270
460;271
460;272
460;273
460;274
460;275
460;276
460;277
460;278
460;279
460;280
460;281
460;282
460;283
460;284
460;285
460;286
460;287
460;452
460;453
460;454
460;455
460;456
460;457
460;458
460;459
460;460
460;461
460;462
460;463
460;464
460;465
460;466
460;467
460;468
460;469
460;470
460;471
460;472
460;473
460;474
460;475
460;476
460;477
460;478
460;479
460;480
460;481
460;482
460;483
460;484
460;485
460;486
460;487
460;488
460;489
460;490
460;491
460;492
460;493
460;494
460;495
460;496
460;497
460;498
460;499
460;500
460;501
460;502
460;503
460;504
460;505
460;506
460;507
460;508
460;509
460;510
460;511
460;512
460;513
460;514
460;515
460;516
460;517
460;518
460;519
460;520
460;521
460;522
460;523
460;524
460;525
460;526
460;527
460;528
460;529
460;530
460;531
460;532
460;533
460;534
460;535
460;536
461;232
461;234
461;235
461;236
461;237
461;238
461;239
461;240
461;241
461;242
461;243
461;244
461;245
461;246
461;247
461;248
461;249
461;250
461;251
461;252
461;253
461;254
461;255
461;256
461;257
461;258
461;259
461;260
461;261
461;262
461;263
461;264
461;265
461;266
461;267
461;268
461;269
461;270
461;271
461;272
461;273
461;274
461;275
461;276
461;277
461;278
461;279
461;280
461;281
461;282
461;283
461;284
461;285
461;286
461;287
461;452
461;453
461;454
461;455
461;456
461;457
461;458
461;459
461;460
461;461
461;462
461;463
461;464
461;465
461;466
461;467
461;468
461;469
461;470
461;471
461;472
461;473
461;474
461;475
461;476
461;477
461;478
461;479
461;480
461;481
461;482
461;483
461;484
461;485
461;486
461;487
461;488
461;489
461;490
461;491
461;492
461;493
461;494
461;495
461;496
461;497
461;498
461;499
461;500
461;501
461;502
461;503
461;504
461;505
461;506
461;507
461;508
461;509
461;510
461;511
461;512
461;513
461;514
461;515
461;516
461;517
461;518
461;519
461;520
461;521
461;522
461;523
461;524
461;525
461;526
461;527
461;528
461;529
461;530
461;531
461;532
461;533
461;534
461;535
461;536
462;238
462;240
462;241
462;242
462;243
462;244
462;245
462;246
462;247
462;248
462;249
462;250
462;251
462;252
462;253
462;254
462;255
462;256
462;257
462;258
462;259
462;260
462;261
462;262
462;263
462;264
462;265
462;266
462;267
462;268
462;269
462;270
462;271
462;272
462;273
462;274
462;275
462;276
462;277
462;278
462;279
462;280
462;281
462;282
462;283
462;284
462;285
462;286
462;287
462;452
462;453
462;454
462;455
462;456
462;457
462;458
462;459
462;460
462;461
462;462
462;463
462;464
462;465
462;466
462;467
462;468
462;469
462;470
462;471
462;472
462;473
462;474
462;475
462;476
462;477
462;478
462;479
462;480
462;481
462;482
462;483
462;484
462;485
462;486
462;487
462;488
462;489
462;490
462;491
462;492
462;493
462;494
462;495
462;496
462;497
462;498
462;499
462;500
462;501
462;502
462;503
462;504
462;505
462;506
462;507
462;508
462;509
462;510
462;511
462;512
462;513
462;514
462;515
462;516
462;517
462;518
462;519
462;520
462;521
462;522
462;523
462;524
462;525
462;526
462;527
462;528
462;529
462;530
462;531
462;532
462;533
462;534
462;535
462;536
463;244
463;246
463;248
463;249
463;250
463;251
463;252
463;253
463;254
463;255
463;256
463;257
463;258
463;259
463;260
463;261
463;262
463;263
463;264
463;265
463;266
463;267
463;268
463;269
463;270
463;271
463;272
463;273
463;274
463;275
463;276
463;277
463;278
463;279
463;280
463;281
463;282
463;283
463;284
463;285
463;286
463;452
463;453
463;454
463;455
463;456
463;457
463;458
463;459
463;460
463;461
463;462
463;463
463;464
463;465
463;466
463;467
463;468
463;469
463;470
463;471
463;472
463;473
463;474
463;475
463;476
463;477
463;478
463;479
463;480
463;481
463;482
463;483
463;484
463;485
463;486
463;487
463;488
463;489
463;490
463;491
463;492
463;493
463;494
463;495
463;496
463;497
463;498
463;499
463;500
463;501
463;502
463;503
463;504
463;505
463;506
463;507
463;508
463;509
463;510
463;511
463;512
463;513
463;514
463;515
463;516
463;517
463;518
463;519
463;520
463;521
463;522
463;523
463;524
463;525
463;526
463;527
463;528
463;529
463;530
463;531
463;532
463;533
463;534
463;535
463;536
464;252
464;254
464;255
464;256
464;257
464;258
464;259
464;260
464;261
464;262
464;263
464;264
464;265
464;266
464;267
464;268
464;269
464;270
464;271
464;272
464;273
464;274
464;275
464;276
464;277
464;278
464;279
464;280
464;281
464;282
464;283
464;284
464;285
464;286
464;452
464;453
464;454
464;455
464;456
464;457
464;458
464;459
464;460
464;461
464;462
464;463
464;464
464;465
464;466
464;467
464;468
464;469
464;470
464;471
464;472
464;473
464;474
464;475
464;476
464;477
464;478
464;479
464;480
464;481
464;482
464;483
464;484
464;485
464;486
464;487
464;488
464;489
464;490
464;491
464;492
464;493
464;494
464;495
464;496
464;497
464;498
464;499
464;500
464;501
464;502
464;503
464;504
464;505
464;506
464;507
464;508
464;509
464;510
464;511
464;512
464;513
464;514
464;515
464;516
464;517
464;518
464;519
464;520
464;521
464;522
464;523
464;524
464;525
464;526
464;527
464;528
464;529
464;530
464;531
464;532
464;534
