465;537;312;106;12;359
0;160
0;161
0;162
0;163
0;164
0;165
0;166
0;167
0;168
0;169
0;170
0;171
0;172
0;173
0;174
0;175
0;176
0;177
0;178
0;179
0;180
0;181
0;182
0;183
0;184
0;185
0;186
0;187
0;188
0;189
0;190
0;191
0;192
0;193
0;207
0;208
0;209
0;210
0;211
0;212
0;213
0;214
0;215
0;216
0;217
0;218
0;219
0;220
0;221
0;222
0;223
0;224
0;225
0;226
0;227
0;228
0;229
0;230
0;231
0;232
0;233
0;234
0;235
0;236
0;237
0;238
0;239
0;240
0;241
0;242
0;243
0;244
0;245
0;246
0;247
0;248
0;249
0;250
0;251
0;252
0;253
0;254
0;255
0;256
0;257
0;258
0;259
0;260
0;261
0;262
0;263
0;264
0;265
0;266
0;267
0;268
0;269
0;270
0;271
0;272
0;273
0;274
0;275
0;276
0;277
0;278
0;279
0;280
0;281
0;282
0;283
0;284
0;285
0;286
0;287
0;288
0;289
0;290
0;291
0;292
0;293
0;370
0;371
0;372
0;373
0;374
0;375
0;429
0;430
0;431
0;432
0;433
0;434
0;435
0;436
0;437
0;438
0;439
0;440
0;441
0;442
0;443
0;444
0;445
0;446
0;447
0;448
0;449
0;450
0;451
0;452
0;453
0;454
0;455
0;456
0;457
0;458
0;459
0;460
0;461
0;462
0;463
0;464
0;465
0;466
0;467
0;468
0;469
0;470
0;471
0;472
0;473
0;474
0;475
0;476
0;477
0;478
0;479
0;480
0;481
0;482
0;483
0;484
0;485
0;486
0;487
1;160
1;161
1;162
1;163
1;164
1;165
1;166
1;167
1;168
1;169
1;170
1;171
1;172
1;173
1;174
1;175
1;176
1;177
1;178
1;179
1;180
1;181
1;182
1;183
1;184
1;185
1;186
1;187
1;188
1;189
1;190
1;191
1;192
1;193
1;194
1;195
1;206
1;207
1;208
1;209
1;210
1;211
1;212
1;213
1;214
1;215
1;216
1;217
1;218
1;219
1;220
1;221
1;222
1;223
1;224
1;225
1;226
1;227
1;228
1;229
1;230
1;231
1;232
1;233
1;234
1;235
1;236
1;237
1;238
1;239
1;240
1;241
1;242
1;243
1;244
1;245
1;246
1;247
1;248
1;249
1;250
1;251
1;252
1;253
1;254
1;255
1;256
1;257
1;258
1;259
1;260
1;261
1;262
1;263
1;264
1;265
1;266
1;267
1;268
1;269
1;270
1;271
1;272
1;273
1;274
1;275
1;276
1;277
1;278
1;279
1;280
1;281
1;282
1;283
1;284
1;285
1;286
1;287
1;288
1;289
1;290
1;291
1;292
1;293
1;294
1;369
1;370
1;371
1;372
1;373
1;374
1;375
1;376
1;428
1;429
1;430
1;431
1;432
1;433
1;434
1;435
1;436
1;437
1;438
1;439
1;440
1;441
1;442
1;443
1;444
1;445
1;446
1;447
1;448
1;449
1;450
1;451
1;452
1;453
1;454
1;455
1;456
1;457
1;458
1;459
1;460
1;461
1;462
1;463
1;464
1;465
1;466
1;467
1;468
1;469
1;470
1;471
1;472
1;473
1;474
1;475
1;476
1;477
1;478
1;479
1;480
1;481
1;482
1;483
1;484
1;485
1;486
1;487
2;159
2;160
2;161
2;162
2;163
2;164
2;165
2;166
2;167
2;168
2;169
2;170
2;171
2;172
2;173
2;174
2;175
2;176
2;177
2;178
2;179
2;180
2;181
2;182
2;183
2;184
2;185
2;186
2;187
2;188
2;189
2;190
2;191
2;192
2;193
2;194
2;195
2;196
2;197
2;206
2;207
2;208
2;209
2;210
2;211
2;212
2;213
2;214
2;215
2;216
2;217
2;218
2;219
2;220
2;221
2;222
2;223
2;224
2;225
2;226
2;227
2;228
2;229
2;230
2;231
2;232
2;233
2;234
2;235
2;236
2;237
2;238
2;239
2;240
2;241
2;242
2;243
2;244
2;245
2;246
2;247
2;248
2;249
2;250
2;251
2;252
2;253
2;254
2;255
2;256
2;257
2;258
2;259
2;260
2;261
2;262
2;263
2;264
2;265
2;266
2;267
2;268
2;269
2;270
2;271
2;272
2;273
2;274
2;275
2;276
2;277
2;278
2;279
2;280
2;281
2;282
2;283
2;284
2;285
2;286
2;287
2;288
2;289
2;290
2;291
2;292
2;293
2;294
2;369
2;370
2;371
2;372
2;373
2;374
2;375
2;376
2;377
2;427
2;428
2;429
2;430
2;431
2;432
2;433
2;434
2;435
2;436
2;437
2;438
2;439
2;440
2;441
2;442
2;443
2;444
2;445
2;446
2;447
2;448
2;449
2;450
2;451
2;452
2;453
2;454
2;455
2;456
2;457
2;458
2;459
2;460
2;461
2;462
2;463
2;464
2;465
2;466
2;467
2;468
2;469
2;470
2;471
2;472
2;473
2;474
2;475
2;476
2;477
2;478
2;479
2;480
2;481
2;482
2;483
2;484
2;485
2;486
2;487
2;488
3;159
3;160
3;161
3;162
3;163
3;164
3;165
3;166
3;167
3;168
3;169
3;170
3;171
3;172
3;173
3;174
3;175
3;176
3;177
3;178
3;179
3;180
3;181
3;182
3;183
3;184
3;185
3;186
3;187
3;188
3;189
3;190
3;191
3;192
3;193
3;194
3;195
3;196
3;197
3;205
3;206
3;207
3;208
3;209
3;210
3;211
3;212
3;213
3;214
3;215
3;216
3;217
3;218
3;219
3;220
3;221
3;222
3;223
3;224
3;225
3;226
3;227
3;228
3;229
3;230
3;231
3;232
3;233
3;234
3;235
3;236
3;237
3;238
3;239
3;240
3;241
3;242
3;243
3;244
3;245
3;246
3;247
3;248
3;249
3;250
3;251
3;252
3;253
3;254
3;255
3;256
3;257
3;258
3;259
3;260
3;261
3;262
3;263
3;264
3;265
3;266
3;267
3;268
3;269
3;270
3;271
3;272
3;273
3;274
3;275
3;276
3;277
3;278
3;279
3;280
3;281
3;282
3;283
3;284
3;285
3;286
3;287
3;288
3;289
3;290
3;291
3;292
3;293
3;294
3;295
3;368
3;369
3;370
3;371
3;372
3;373
3;374
3;375
3;376
3;377
3;427
3;428
3;429
3;430
3;431
3;432
3;433
3;434
3;435
3;436
3;437
3;438
3;439
3;440
3;441
3;442
3;443
3;444
3;445
3;446
3;447
3;448
3;449
3;450
3;451
3;452
3;453
3;454
3;455
3;456
3;457
3;458
3;459
3;460
3;461
3;462
3;463
3;464
3;465
3;466
3;467
3;468
3;469
3;470
3;471
3;472
3;473
3;474
3;475
3;476
3;477
3;478
3;479
3;480
3;481
3;482
3;483
3;484
3;485
3;486
3;487
3;488
3;489
4;159
4;160
4;161
4;162
4;163
4;164
4;165
4;166
4;167
4;168
4;169
4;170
4;171
4;172
4;173
4;174
4;175
4;176
4;177
4;178
4;179
4;180
4;181
4;182
4;183
4;184
4;185
4;186
4;187
4;188
4;189
4;190
4;191
4;192
4;193
4;194
4;195
4;196
4;197
4;198
4;199
4;205
4;206
4;207
4;208
4;209
4;210
4;211
4;212
4;213
4;214
4;215
4;216
4;217
4;218
4;219
4;220
4;221
4;222
4;223
4;224
4;225
4;226
4;227
4;228
4;229
4;230
4;231
4;232
4;233
4;234
4;235
4;236
4;237
4;238
4;239
4;240
4;241
4;242
4;243
4;244
4;245
4;246
4;247
4;248
4;249
4;250
4;251
4;252
4;253
4;254
4;255
4;256
4;257
4;258
4;259
4;260
4;261
4;262
4;263
4;264
4;265
4;266
4;267
4;268
4;269
4;270
4;271
4;272
4;273
4;274
4;275
4;276
4;277
4;278
4;279
4;280
4;281
4;282
4;283
4;284
4;285
4;286
4;287
4;288
4;289
4;290
4;291
4;292
4;293
4;294
4;295
4;368
4;369
4;370
4;371
4;372
4;373
4;374
4;375
4;376
4;377
4;378
4;426
4;427
4;428
4;429
4;430
4;431
4;432
4;433
4;434
4;435
4;436
4;437
4;438
4;439
4;440
4;441
4;442
4;443
4;444
4;445
4;446
4;447
4;448
4;449
4;450
4;451
4;452
4;453
4;454
4;455
4;456
4;457
4;458
4;459
4;460
4;461
4;462
4;463
4;464
4;465
4;466
4;467
4;468
4;469
4;470
4;471
4;472
4;473
4;474
4;475
4;476
4;477
4;478
4;479
4;480
4;481
4;482
4;483
4;484
4;485
4;486
4;487
4;488
4;489
5;159
5;160
5;161
5;162
5;163
5;164
5;165
5;166
5;167
5;168
5;169
5;170
5;171
5;172
5;173
5;174
5;175
5;176
5;177
5;178
5;179
5;180
5;181
5;182
5;183
5;184
5;185
5;186
5;187
5;188
5;189
5;190
5;191
5;192
5;193
5;194
5;195
5;196
5;197
5;198
5;199
5;200
5;204
5;205
5;206
5;207
5;208
5;209
5;210
5;211
5;212
5;213
5;214
5;215
5;216
5;217
5;218
5;219
5;220
5;221
5;222
5;223
5;224
5;225
5;226
5;227
5;228
5;229
5;230
5;231
5;232
5;233
5;234
5;235
5;236
5;237
5;238
5;239
5;240
5;241
5;242
5;243
5;244
5;245
5;246
5;247
5;248
5;249
5;250
5;251
5;252
5;253
5;254
5;255
5;256
5;257
5;258
5;259
5;260
5;261
5;262
5;263
5;264
5;265
5;266
5;267
5;268
5;269
5;270
5;271
5;272
5;273
5;274
5;275
5;276
5;277
5;278
5;279
5;280
5;281
5;282
5;283
5;284
5;285
5;286
5;287
5;288
5;289
5;290
5;291
5;292
5;293
5;294
5;295
5;296
5;367
5;368
5;369
5;370
5;371
5;372
5;373
5;374
5;375
5;376
5;377
5;378
5;379
5;425
5;426
5;427
5;428
5;429
5;430
5;431
5;432
5;433
5;434
5;435
5;436
5;437
5;438
5;439
5;440
5;441
5;442
5;443
5;444
5;445
5;446
5;447
5;448
5;449
5;450
5;451
5;452
5;453
5;454
5;455
5;456
5;457
5;458
5;459
5;460
5;461
5;462
5;463
5;464
5;465
5;466
5;467
5;468
5;469
5;470
5;471
5;472
5;473
5;474
5;475
5;476
5;477
5;478
5;479
5;480
5;481
5;482
5;483
5;484
5;485
5;486
5;487
5;488
5;489
5;490
6;159
6;160
6;161
6;162
6;163
6;164
6;165
6;166
6;167
6;168
6;169
6;170
6;171
6;172
6;173
6;174
6;175
6;176
6;177
6;178
6;179
6;180
6;181
6;182
6;183
6;184
6;185
6;186
6;187
6;188
6;189
6;190
6;191
6;192
6;193
6;194
6;195
6;196
6;197
6;198
6;199
6;200
6;201
6;204
6;205
6;206
6;207
6;208
6;209
6;210
6;211
6;212
6;213
6;214
6;215
6;216
6;217
6;218
6;219
6;220
6;221
6;222
6;223
6;224
6;225
6;226
6;227
6;228
6;229
6;230
6;231
6;232
6;233
6;234
6;235
6;236
6;237
6;238
6;239
6;240
6;241
6;242
6;243
6;244
6;245
6;246
6;247
6;248
6;249
6;250
6;251
6;252
6;253
6;254
6;255
6;256
6;257
6;258
6;259
6;260
6;261
6;262
6;263
6;264
6;265
6;266
6;267
6;268
6;269
6;270
6;271
6;272
6;273
6;274
6;275
6;276
6;277
6;278
6;279
6;280
6;281
6;282
6;283
6;284
6;285
6;286
6;287
6;288
6;289
6;290
6;291
6;292
6;293
6;294
6;295
6;296
6;367
6;368
6;369
6;370
6;371
6;372
6;373
6;374
6;375
6;376
6;377
6;378
6;379
6;380
6;425
6;426
6;427
6;428
6;429
6;430
6;431
6;432
6;433
6;434
6;435
6;436
6;437
6;438
6;439
6;440
6;441
6;442
6;443
6;444
6;445
6;446
6;447
6;448
6;449
6;450
6;451
6;452
6;453
6;454
6;455
6;456
6;457
6;458
6;459
6;460
6;461
6;462
6;463
6;464
6;465
6;466
6;467
6;468
6;469
6;470
6;471
6;472
6;473
6;474
6;475
6;476
6;477
6;478
6;479
6;480
6;481
6;482
6;483
6;484
6;485
6;486
6;487
6;488
6;489
6;490
7;158
7;159
7;160
7;161
7;162
7;163
7;164
7;165
7;166
7;167
7;168
7;169
7;170
7;171
7;172
7;173
7;174
7;175
7;176
7;177
7;178
7;179
7;180
7;181
7;182
7;183
7;184
7;185
7;186
7;187
7;188
7;189
7;190
7;191
7;192
7;193
7;194
7;195
7;196
7;197
7;198
7;199
7;200
7;201
7;202
7;203
7;204
7;205
7;206
7;207
7;208
7;209
7;210
7;211
7;212
7;213
7;214
7;215
7;216
7;217
7;218
7;219
7;220
7;221
7;222
7;223
7;224
7;225
7;226
7;227
7;228
7;229
7;230
7;231
7;232
7;233
7;234
7;235
7;236
7;237
7;238
7;239
7;240
7;241
7;242
7;243
7;244
7;245
7;246
7;247
7;248
7;249
7;250
7;251
7;252
7;253
7;254
7;255
7;256
7;257
7;258
7;259
7;260
7;261
7;262
7;263
7;264
7;265
7;266
7;267
7;268
7;269
7;270
7;271
7;272
7;273
7;274
7;275
7;276
7;277
7;278
7;279
7;280
7;281
7;282
7;283
7;284
7;285
7;286
7;287
7;288
7;289
7;290
7;291
7;292
7;293
7;294
7;295
7;296
7;366
7;367
7;368
7;369
7;370
7;371
7;372
7;373
7;374
7;375
7;376
7;377
7;378
7;379
7;380
7;381
7;424
7;425
7;426
7;427
7;428
7;429
7;430
7;431
7;432
7;433
7;434
7;435
7;436
7;437
7;438
7;439
7;440
7;441
7;442
7;443
7;444
7;445
7;446
7;447
7;448
7;449
7;450
7;451
7;452
7;453
7;454
7;455
7;456
7;457
7;458
7;459
7;460
7;461
7;462
7;463
7;464
7;465
7;466
7;467
7;468
7;469
7;470
7;471
7;472
7;473
7;474
7;475
7;476
7;477
7;478
7;479
7;480
7;481
7;482
7;483
7;484
7;485
7;486
7;487
7;488
7;489
7;490
7;491
8;158
8;159
8;160
8;161
8;162
8;163
8;164
8;165
8;166
8;167
8;168
8;169
8;170
8;171
8;172
8;173
8;174
8;175
8;176
8;177
8;178
8;179
8;180
8;181
8;182
8;183
8;184
8;185
8;186
8;187
8;188
8;189
8;190
8;191
8;192
8;193
8;194
8;195
8;196
8;197
8;198
8;199
8;200
8;201
8;202
8;203
8;204
8;205
8;206
8;207
8;208
8;209
8;210
8;211
8;212
8;213
8;214
8;215
8;216
8;217
8;218
8;219
8;220
8;221
8;222
8;223
8;224
8;225
8;226
8;227
8;228
8;229
8;230
8;231
8;232
8;233
8;234
8;235
8;236
8;237
8;238
8;239
8;240
8;241
8;242
8;243
8;244
8;245
8;246
8;247
8;248
8;249
8;250
8;251
8;252
8;253
8;254
8;255
8;256
8;257
8;258
8;259
8;260
8;261
8;262
8;263
8;264
8;265
8;266
8;267
8;268
8;269
8;270
8;271
8;272
8;273
8;274
8;275
8;276
8;277
8;278
8;279
8;280
8;281
8;282
8;283
8;284
8;285
8;286
8;287
8;288
8;289
8;290
8;291
8;292
8;293
8;294
8;295
8;296
8;297
8;365
8;366
8;367
8;368
8;369
8;370
8;371
8;372
8;373
8;374
8;375
8;376
8;377
8;378
8;379
8;380
8;381
8;424
8;425
8;426
8;427
8;428
8;429
8;430
8;431
8;432
8;433
8;434
8;435
8;436
8;437
8;438
8;439
8;440
8;441
8;442
8;443
8;444
8;445
8;446
8;447
8;448
8;449
8;450
8;451
8;452
8;453
8;454
8;455
8;456
8;457
8;458
8;459
8;460
8;461
8;462
8;463
8;464
8;465
8;466
8;467
8;468
8;469
8;470
8;471
8;472
8;473
8;474
8;475
8;476
8;477
8;478
8;479
8;480
8;481
8;482
8;483
8;484
8;485
8;486
8;487
8;488
8;489
8;490
8;491
9;157
9;158
9;159
9;160
9;161
9;162
9;163
9;164
9;165
9;166
9;167
9;168
9;169
9;170
9;171
9;172
9;173
9;174
9;175
9;176
9;177
9;178
9;179
9;180
9;181
9;182
9;183
9;184
9;185
9;186
9;187
9;188
9;189
9;190
9;191
9;192
9;193
9;194
9;195
9;196
9;197
9;198
9;199
9;200
9;201
9;202
9;203
9;204
9;205
9;206
9;207
9;208
9;209
9;210
9;211
9;212
9;213
9;214
9;215
9;216
9;217
9;218
9;219
9;220
9;221
9;222
9;223
9;224
9;225
9;226
9;227
9;228
9;229
9;230
9;231
9;232
9;233
9;234
9;235
9;236
9;237
9;238
9;239
9;240
9;241
9;242
9;243
9;244
9;245
9;246
9;247
9;248
9;249
9;250
9;251
9;252
9;253
9;254
9;255
9;256
9;257
9;258
9;259
9;260
9;261
9;262
9;263
9;264
9;265
9;266
9;267
9;268
9;269
9;270
9;271
9;272
9;273
9;274
9;275
9;276
9;277
9;278
9;279
9;280
9;281
9;282
9;283
9;284
9;285
9;286
9;287
9;288
9;289
9;290
9;291
9;292
9;293
9;294
9;295
9;296
9;297
9;365
9;366
9;367
9;368
9;369
9;370
9;371
9;372
9;373
9;374
9;375
9;376
9;377
9;378
9;379
9;380
9;381
9;382
9;423
9;424
9;425
9;426
9;427
9;428
9;429
9;430
9;431
9;432
9;433
9;434
9;435
9;436
9;437
9;438
9;439
9;440
9;441
9;442
9;443
9;444
9;445
9;446
9;447
9;448
9;449
9;450
9;451
9;452
9;453
9;454
9;455
9;456
9;457
9;458
9;459
9;460
9;461
9;462
9;463
9;464
9;465
9;466
9;467
9;468
9;469
9;470
9;471
9;472
9;473
9;474
9;475
9;476
9;477
9;478
9;479
9;480
9;481
9;482
9;483
9;484
9;485
9;486
9;487
9;488
9;489
9;490
9;491
9;492
10;155
10;156
10;157
10;158
10;159
10;160
10;161
10;162
10;163
10;164
10;165
10;166
10;167
10;168
10;169
10;170
10;171
10;172
10;173
10;174
10;175
10;176
10;177
10;178
10;179
10;180
10;181
10;182
10;183
10;184
10;185
10;186
10;187
10;188
10;189
10;190
10;191
10;192
10;193
10;194
10;195
10;196
10;197
10;198
10;199
10;200
10;201
10;202
10;203
10;204
10;205
10;206
10;207
10;208
10;209
10;210
10;211
10;212
10;213
10;214
10;215
10;216
10;217
10;218
10;219
10;220
10;221
10;222
10;223
10;224
10;225
10;226
10;227
10;228
10;229
10;230
10;231
10;232
10;233
10;234
10;235
10;236
10;237
10;238
10;239
10;240
10;241
10;242
10;243
10;244
10;245
10;246
10;247
10;248
10;249
10;250
10;251
10;252
10;253
10;254
10;255
10;256
10;257
10;258
10;259
10;260
10;261
10;262
10;263
10;264
10;265
10;266
10;267
10;268
10;269
10;270
10;271
10;272
10;273
10;274
10;275
10;276
10;277
10;278
10;279
10;280
10;281
10;282
10;283
10;284
10;285
10;286
10;287
10;288
10;289
10;290
10;291
10;292
10;293
10;294
10;295
10;296
10;297
10;364
10;365
10;366
10;367
10;368
10;369
10;370
10;371
10;372
10;373
10;374
10;375
10;376
10;377
10;378
10;379
10;380
10;381
10;382
10;383
10;423
10;424
10;425
10;426
10;427
10;428
10;429
10;430
10;431
10;432
10;433
10;434
10;435
10;436
10;437
10;438
10;439
10;440
10;441
10;442
10;443
10;444
10;445
10;446
10;447
10;448
10;449
10;450
10;451
10;452
10;453
10;454
10;455
10;456
10;457
10;458
10;459
10;460
10;461
10;462
10;463
10;464
10;465
10;466
10;467
10;468
10;469
10;470
10;471
10;472
10;473
10;474
10;475
10;476
10;477
10;478
10;479
10;480
10;481
10;482
10;483
10;484
10;485
10;486
10;487
10;488
10;489
10;490
10;491
10;492
11;155
11;156
11;157
11;158
11;159
11;160
11;161
11;162
11;163
11;164
11;165
11;166
11;167
11;168
11;169
11;170
11;171
11;172
11;173
11;174
11;175
11;176
11;177
11;178
11;179
11;180
11;181
11;182
11;183
11;184
11;185
11;186
11;187
11;188
11;189
11;190
11;191
11;192
11;193
11;194
11;195
11;196
11;197
11;198
11;199
11;200
11;201
11;202
11;203
11;204
11;205
11;206
11;207
11;208
11;209
11;210
11;211
11;212
11;213
11;214
11;215
11;216
11;217
11;218
11;219
11;220
11;221
11;222
11;223
11;224
11;225
11;226
11;227
11;228
11;229
11;230
11;231
11;232
11;233
11;234
11;235
11;236
11;237
11;238
11;239
11;240
11;241
11;242
11;243
11;244
11;245
11;246
11;247
11;248
11;249
11;250
11;251
11;252
11;253
11;254
11;255
11;256
11;257
11;258
11;259
11;260
11;261
11;262
11;263
11;264
11;265
11;266
11;267
11;268
11;269
11;270
11;271
11;272
11;273
11;274
11;275
11;276
11;277
11;278
11;279
11;280
11;281
11;282
11;283
11;284
11;285
11;286
11;287
11;288
11;289
11;290
11;291
11;292
11;293
11;294
11;295
11;296
11;297
11;363
11;364
11;365
11;366
11;367
11;368
11;369
11;370
11;371
11;372
11;373
11;374
11;375
11;376
11;377
11;378
11;379
11;380
11;381
11;382
11;383
11;423
11;424
11;425
11;426
11;427
11;428
11;429
11;430
11;431
11;432
11;433
11;434
11;435
11;436
11;437
11;438
11;439
11;440
11;441
11;442
11;443
11;444
11;445
11;446
11;447
11;448
11;449
11;450
11;451
11;452
11;453
11;454
11;455
11;456
11;457
11;458
11;459
11;460
11;461
11;462
11;463
11;464
11;465
11;466
11;467
11;468
11;469
11;470
11;471
11;472
11;473
11;474
11;475
11;476
11;477
11;478
11;479
11;480
11;481
11;482
11;483
11;484
11;485
11;486
11;487
11;488
11;489
11;490
11;491
11;492
12;153
12;154
12;155
12;156
12;157
12;158
12;159
12;160
12;161
12;162
12;163
12;164
12;165
12;166
12;167
12;168
12;169
12;170
12;171
12;172
12;173
12;174
12;175
12;176
12;177
12;178
12;179
12;180
12;181
12;182
12;183
12;184
12;185
12;186
12;187
12;188
12;189
12;190
12;191
12;192
12;193
12;194
12;195
12;196
12;197
12;198
12;199
12;200
12;201
12;202
12;203
12;204
12;205
12;206
12;207
12;208
12;209
12;210
12;211
12;212
12;213
12;214
12;215
12;216
12;217
12;218
12;219
12;220
12;221
12;222
12;223
12;224
12;225
12;226
12;227
12;228
12;229
12;230
12;231
12;232
12;233
12;234
12;235
12;236
12;237
12;238
12;239
12;240
12;241
12;242
12;243
12;244
12;245
12;246
12;247
12;248
12;249
12;250
12;251
12;252
12;253
12;254
12;255
12;256
12;257
12;258
12;259
12;260
12;261
12;262
12;263
12;264
12;265
12;266
12;267
12;268
12;269
12;270
12;271
12;272
12;273
12;274
12;275
12;276
12;277
12;278
12;279
12;280
12;281
12;282
12;283
12;284
12;285
12;286
12;287
12;288
12;289
12;290
12;291
12;292
12;293
12;294
12;295
12;296
12;297
12;298
12;363
12;364
12;365
12;366
12;367
12;368
12;369
12;370
12;371
12;372
12;373
12;374
12;375
12;376
12;377
12;378
12;379
12;380
12;381
12;382
12;383
12;384
12;423
12;424
12;425
12;426
12;427
12;428
12;429
12;430
12;431
12;432
12;433
12;434
12;435
12;436
12;437
12;438
12;439
12;440
12;441
12;442
12;443
12;444
12;445
12;446
12;447
12;448
12;449
12;450
12;451
12;452
12;453
12;454
12;455
12;456
12;457
12;458
12;459
12;460
12;461
12;462
12;463
12;464
12;465
12;466
12;467
12;468
12;469
12;470
12;471
12;472
12;473
12;474
12;475
12;476
12;477
12;478
12;479
12;480
12;481
12;482
12;483
12;484
12;485
12;486
12;487
12;488
12;489
12;490
12;491
12;492
12;493
13;153
13;154
13;155
13;156
13;157
13;158
13;159
13;160
13;161
13;162
13;163
13;164
13;165
13;166
13;167
13;168
13;169
13;170
13;171
13;172
13;173
13;174
13;175
13;176
13;177
13;178
13;179
13;180
13;181
13;182
13;183
13;184
13;185
13;186
13;187
13;188
13;189
13;190
13;191
13;192
13;193
13;194
13;195
13;196
13;197
13;198
13;199
13;200
13;201
13;202
13;203
13;204
13;205
13;206
13;207
13;208
13;209
13;210
13;211
13;212
13;213
13;214
13;215
13;216
13;217
13;218
13;219
13;220
13;221
13;222
13;223
13;224
13;225
13;226
13;227
13;228
13;229
13;230
13;231
13;232
13;233
13;234
13;235
13;236
13;237
13;238
13;239
13;240
13;241
13;242
13;243
13;244
13;245
13;246
13;247
13;248
13;249
13;250
13;251
13;252
13;253
13;254
13;255
13;256
13;257
13;258
13;259
13;260
13;261
13;262
13;263
13;264
13;265
13;266
13;267
13;268
13;269
13;270
13;271
13;272
13;273
13;274
13;275
13;276
13;277
13;278
13;279
13;280
13;281
13;282
13;283
13;284
13;285
13;286
13;287
13;288
13;289
13;290
13;291
13;292
13;293
13;294
13;295
13;296
13;297
13;298
13;363
13;364
13;365
13;366
13;367
13;368
13;369
13;370
13;371
13;372
13;373
13;374
13;375
13;376
13;377
13;378
13;379
13;380
13;381
13;382
13;383
13;384
13;385
13;422
13;423
13;424
13;425
13;426
13;427
13;428
13;429
13;430
13;431
13;432
13;433
13;434
13;435
13;436
13;437
13;438
13;439
13;440
13;441
13;442
13;443
13;444
13;445
13;446
13;447
13;448
13;449
13;450
13;451
13;452
13;453
13;454
13;455
13;456
13;457
13;458
13;459
13;460
13;461
13;462
13;463
13;464
13;465
13;466
13;467
13;468
13;469
13;470
13;471
13;472
13;473
13;474
13;475
13;476
13;477
13;478
13;479
13;480
13;481
13;482
13;483
13;484
13;485
13;486
13;487
13;488
13;489
13;490
13;491
13;492
13;493
14;151
14;152
14;153
14;154
14;155
14;156
14;157
14;158
14;159
14;160
14;161
14;162
14;163
14;164
14;165
14;166
14;167
14;168
14;169
14;170
14;171
14;172
14;173
14;174
14;175
14;176
14;177
14;178
14;179
14;180
14;181
14;182
14;183
14;184
14;185
14;186
14;187
14;188
14;189
14;190
14;191
14;192
14;193
14;194
14;195
14;196
14;197
14;198
14;199
14;200
14;201
14;202
14;203
14;204
14;205
14;206
14;207
14;208
14;209
14;210
14;211
14;212
14;213
14;214
14;215
14;216
14;217
14;218
14;219
14;220
14;221
14;222
14;223
14;224
14;225
14;226
14;227
14;228
14;229
14;230
14;231
14;232
14;233
14;234
14;235
14;236
14;237
14;238
14;239
14;240
14;241
14;242
14;243
14;244
14;245
14;246
14;247
14;248
14;249
14;250
14;251
14;252
14;253
14;254
14;255
14;256
14;257
14;258
14;259
14;260
14;261
14;262
14;263
14;264
14;265
14;266
14;267
14;268
14;269
14;270
14;271
14;272
14;273
14;274
14;275
14;276
14;277
14;278
14;279
14;280
14;281
14;282
14;283
14;284
14;285
14;286
14;287
14;288
14;289
14;290
14;291
14;292
14;293
14;294
14;295
14;296
14;297
14;298
14;362
14;363
14;364
14;365
14;366
14;367
14;368
14;369
14;370
14;371
14;372
14;373
14;374
14;375
14;376
14;377
14;378
14;379
14;380
14;381
14;382
14;383
14;384
14;385
14;386
14;422
14;423
14;424
14;425
14;426
14;427
14;428
14;429
14;430
14;431
14;432
14;433
14;434
14;435
14;436
14;437
14;438
14;439
14;440
14;441
14;442
14;443
14;444
14;445
14;446
14;447
14;448
14;449
14;450
14;451
14;452
14;453
14;454
14;455
14;456
14;457
14;458
14;459
14;460
14;461
14;462
14;463
14;464
14;465
14;466
14;467
14;468
14;469
14;470
14;471
14;472
14;473
14;474
14;475
14;476
14;477
14;478
14;479
14;480
14;481
14;482
14;483
14;484
14;485
14;486
14;487
14;488
14;489
14;490
14;491
14;492
14;493
15;150
15;151
15;152
15;153
15;154
15;155
15;156
15;157
15;158
15;159
15;160
15;161
15;162
15;163
15;164
15;165
15;166
15;167
15;168
15;169
15;170
15;171
15;172
15;173
15;174
15;175
15;176
15;177
15;178
15;179
15;180
15;181
15;182
15;183
15;184
15;185
15;186
15;187
15;188
15;189
15;190
15;191
15;192
15;193
15;194
15;195
15;196
15;197
15;198
15;199
15;200
15;201
15;202
15;203
15;204
15;205
15;206
15;207
15;208
15;209
15;210
15;211
15;212
15;213
15;214
15;215
15;216
15;217
15;218
15;219
15;220
15;221
15;222
15;223
15;224
15;225
15;226
15;227
15;228
15;229
15;230
15;231
15;232
15;233
15;234
15;235
15;236
15;237
15;238
15;239
15;240
15;241
15;242
15;243
15;244
15;245
15;246
15;247
15;248
15;249
15;250
15;251
15;252
15;253
15;254
15;255
15;256
15;257
15;258
15;259
15;260
15;261
15;262
15;263
15;264
15;265
15;266
15;267
15;268
15;269
15;270
15;271
15;272
15;273
15;274
15;275
15;276
15;277
15;278
15;279
15;280
15;281
15;282
15;283
15;284
15;285
15;286
15;287
15;288
15;289
15;290
15;291
15;292
15;293
15;294
15;295
15;296
15;297
15;298
15;361
15;362
15;363
15;364
15;365
15;366
15;367
15;368
15;369
15;370
15;371
15;372
15;373
15;374
15;375
15;376
15;377
15;378
15;379
15;380
15;381
15;382
15;383
15;384
15;385
15;386
15;387
15;422
15;423
15;424
15;425
15;426
15;427
15;428
15;429
15;430
15;431
15;432
15;433
15;434
15;435
15;436
15;437
15;438
15;439
15;440
15;441
15;442
15;443
15;444
15;445
15;446
15;447
15;448
15;449
15;450
15;451
15;452
15;453
15;454
15;455
15;456
15;457
15;458
15;459
15;460
15;461
15;462
15;463
15;464
15;465
15;466
15;467
15;468
15;469
15;470
15;471
15;472
15;473
15;474
15;475
15;476
15;477
15;478
15;479
15;480
15;481
15;482
15;483
15;484
15;485
15;486
15;487
15;488
15;489
15;490
15;491
15;492
15;493
16;149
16;150
16;151
16;152
16;153
16;154
16;155
16;156
16;157
16;158
16;159
16;160
16;161
16;162
16;163
16;164
16;165
16;166
16;167
16;168
16;169
16;170
16;171
16;172
16;173
16;174
16;175
16;176
16;177
16;178
16;179
16;180
16;181
16;182
16;183
16;184
16;185
16;186
16;187
16;188
16;189
16;190
16;191
16;192
16;193
16;194
16;195
16;196
16;197
16;198
16;199
16;200
16;201
16;202
16;203
16;204
16;205
16;206
16;207
16;208
16;209
16;210
16;211
16;212
16;213
16;214
16;215
16;216
16;217
16;218
16;219
16;220
16;221
16;222
16;223
16;224
16;225
16;226
16;227
16;228
16;229
16;230
16;231
16;232
16;233
16;234
16;235
16;236
16;237
16;238
16;239
16;240
16;241
16;242
16;243
16;244
16;245
16;246
16;247
16;248
16;249
16;250
16;251
16;252
16;253
16;254
16;255
16;256
16;257
16;258
16;259
16;260
16;261
16;262
16;263
16;264
16;265
16;266
16;267
16;268
16;269
16;270
16;271
16;272
16;273
16;274
16;275
16;276
16;277
16;278
16;279
16;280
16;281
16;282
16;283
16;284
16;285
16;286
16;287
16;288
16;289
16;290
16;291
16;292
16;293
16;294
16;295
16;296
16;297
16;298
16;361
16;362
16;363
16;364
16;365
16;366
16;367
16;368
16;369
16;370
16;371
16;372
16;373
16;374
16;375
16;376
16;377
16;378
16;379
16;380
16;381
16;382
16;383
16;384
16;385
16;386
16;387
16;422
16;423
16;424
16;425
16;426
16;427
16;428
16;429
16;430
16;431
16;432
16;433
16;434
16;435
16;436
16;437
16;438
16;439
16;440
16;441
16;442
16;443
16;444
16;445
16;446
16;447
16;448
16;449
16;450
16;451
16;452
16;453
16;454
16;455
16;456
16;457
16;458
16;459
16;460
16;461
16;462
16;463
16;464
16;465
16;466
16;467
16;468
16;469
16;470
16;471
16;472
16;473
16;474
16;475
16;476
16;477
16;478
16;479
16;480
16;481
16;482
16;483
16;484
16;485
16;486
16;487
16;488
16;489
16;490
16;491
16;492
16;493
17;148
17;149
17;150
17;151
17;152
17;153
17;154
17;155
17;156
17;157
17;158
17;159
17;160
17;161
17;162
17;163
17;164
17;165
17;166
17;167
17;168
17;169
17;170
17;171
17;172
17;173
17;174
17;175
17;176
17;177
17;178
17;179
17;180
17;181
17;182
17;183
17;184
17;185
17;186
17;187
17;188
17;189
17;190
17;191
17;192
17;193
17;194
17;195
17;196
17;197
17;198
17;199
17;200
17;201
17;202
17;203
17;204
17;205
17;206
17;207
17;208
17;209
17;210
17;211
17;212
17;213
17;214
17;215
17;216
17;217
17;218
17;219
17;220
17;221
17;222
17;223
17;224
17;225
17;226
17;227
17;228
17;229
17;230
17;231
17;232
17;233
17;234
17;235
17;236
17;237
17;238
17;239
17;240
17;241
17;242
17;243
17;244
17;245
17;246
17;247
17;248
17;249
17;250
17;251
17;252
17;253
17;254
17;255
17;256
17;257
17;258
17;259
17;260
17;261
17;262
17;263
17;264
17;265
17;266
17;267
17;268
17;269
17;270
17;271
17;272
17;273
17;274
17;275
17;276
17;277
17;278
17;279
17;280
17;281
17;282
17;283
17;284
17;285
17;286
17;287
17;288
17;289
17;290
17;291
17;292
17;293
17;294
17;295
17;296
17;297
17;298
17;360
17;361
17;362
17;363
17;364
17;365
17;366
17;367
17;368
17;369
17;370
17;371
17;372
17;373
17;374
17;375
17;376
17;377
17;378
17;379
17;380
17;381
17;382
17;383
17;384
17;385
17;386
17;387
17;388
17;422
17;423
17;424
17;425
17;426
17;427
17;428
17;429
17;430
17;431
17;432
17;433
17;434
17;435
17;436
17;437
17;438
17;439
17;440
17;441
17;442
17;443
17;444
17;445
17;446
17;447
17;448
17;449
17;450
17;451
17;452
17;453
17;454
17;455
17;456
17;457
17;458
17;459
17;460
17;461
17;462
17;463
17;464
17;465
17;466
17;467
17;468
17;469
17;470
17;471
17;472
17;473
17;474
17;475
17;476
17;477
17;478
17;479
17;480
17;481
17;482
17;483
17;484
17;485
17;486
17;487
17;488
17;489
17;490
17;491
17;492
17;493
17;529
18;147
18;148
18;149
18;150
18;151
18;152
18;153
18;154
18;155
18;156
18;157
18;158
18;159
18;160
18;161
18;162
18;163
18;164
18;165
18;166
18;167
18;168
18;169
18;170
18;171
18;172
18;173
18;174
18;175
18;176
18;177
18;178
18;179
18;180
18;181
18;182
18;183
18;184
18;185
18;186
18;187
18;188
18;189
18;190
18;191
18;192
18;193
18;194
18;195
18;196
18;197
18;198
18;199
18;200
18;201
18;202
18;203
18;204
18;205
18;206
18;207
18;208
18;209
18;210
18;211
18;212
18;213
18;214
18;215
18;216
18;217
18;218
18;219
18;220
18;221
18;222
18;223
18;224
18;225
18;226
18;227
18;228
18;229
18;230
18;231
18;232
18;233
18;234
18;235
18;236
18;237
18;238
18;239
18;240
18;241
18;242
18;243
18;244
18;245
18;246
18;247
18;248
18;249
18;250
18;251
18;252
18;253
18;254
18;255
18;256
18;257
18;258
18;259
18;260
18;261
18;262
18;263
18;264
18;265
18;266
18;267
18;268
18;269
18;270
18;271
18;272
18;273
18;274
18;275
18;276
18;277
18;278
18;279
18;280
18;281
18;282
18;283
18;284
18;285
18;286
18;287
18;288
18;289
18;290
18;291
18;292
18;293
18;294
18;295
18;296
18;297
18;298
18;359
18;360
18;361
18;362
18;363
18;364
18;365
18;366
18;367
18;368
18;369
18;370
18;371
18;372
18;373
18;374
18;375
18;376
18;377
18;378
18;379
18;380
18;381
18;382
18;383
18;384
18;385
18;386
18;387
18;388
18;389
18;422
18;423
18;424
18;425
18;426
18;427
18;428
18;429
18;430
18;431
18;432
18;433
18;434
18;435
18;436
18;437
18;438
18;439
18;440
18;441
18;442
18;443
18;444
18;445
18;446
18;447
18;448
18;449
18;450
18;451
18;452
18;453
18;454
18;455
18;456
18;457
18;458
18;459
18;460
18;461
18;462
18;463
18;464
18;465
18;466
18;467
18;468
18;469
18;470
18;471
18;472
18;473
18;474
18;475
18;476
18;477
18;478
18;479
18;480
18;481
18;482
18;483
18;484
18;485
18;486
18;487
18;488
18;489
18;490
18;491
18;492
18;493
18;529
18;530
18;531
19;145
19;146
19;147
19;148
19;149
19;150
19;151
19;152
19;153
19;154
19;155
19;156
19;157
19;158
19;159
19;160
19;161
19;162
19;163
19;164
19;165
19;166
19;167
19;168
19;169
19;170
19;171
19;172
19;173
19;174
19;175
19;176
19;177
19;178
19;179
19;180
19;181
19;182
19;183
19;184
19;185
19;186
19;187
19;188
19;189
19;190
19;191
19;192
19;193
19;194
19;195
19;196
19;197
19;198
19;199
19;200
19;201
19;202
19;203
19;204
19;205
19;206
19;207
19;208
19;209
19;210
19;211
19;212
19;213
19;214
19;215
19;216
19;217
19;218
19;219
19;220
19;221
19;222
19;223
19;224
19;225
19;226
19;227
19;228
19;229
19;230
19;231
19;232
19;233
19;234
19;235
19;236
19;237
19;238
19;239
19;240
19;241
19;242
19;243
19;244
19;245
19;246
19;247
19;248
19;249
19;250
19;251
19;252
19;253
19;254
19;255
19;256
19;257
19;258
19;259
19;260
19;261
19;262
19;263
19;264
19;265
19;266
19;267
19;268
19;269
19;270
19;271
19;272
19;273
19;274
19;275
19;276
19;277
19;278
19;279
19;280
19;281
19;282
19;283
19;284
19;285
19;286
19;287
19;288
19;289
19;290
19;291
19;292
19;293
19;294
19;295
19;296
19;297
19;298
19;359
19;360
19;361
19;362
19;363
19;364
19;365
19;366
19;367
19;368
19;369
19;370
19;371
19;372
19;373
19;374
19;375
19;376
19;377
19;378
19;379
19;380
19;381
19;382
19;383
19;384
19;385
19;386
19;387
19;388
19;389
19;422
19;423
19;424
19;425
19;426
19;427
19;428
19;429
19;430
19;431
19;432
19;433
19;434
19;435
19;436
19;437
19;438
19;439
19;440
19;441
19;442
19;443
19;444
19;445
19;446
19;447
19;448
19;449
19;450
19;451
19;452
19;453
19;454
19;455
19;456
19;457
19;458
19;459
19;460
19;461
19;462
19;463
19;464
19;465
19;466
19;467
19;468
19;469
19;470
19;471
19;472
19;473
19;474
19;475
19;476
19;477
19;478
19;479
19;480
19;481
19;482
19;483
19;484
19;485
19;486
19;487
19;488
19;489
19;490
19;491
19;492
19;493
19;527
19;528
19;529
19;530
19;531
20;145
20;146
20;147
20;148
20;149
20;150
20;151
20;152
20;153
20;154
20;155
20;156
20;157
20;158
20;159
20;160
20;161
20;162
20;163
20;164
20;165
20;166
20;167
20;168
20;169
20;170
20;171
20;172
20;173
20;174
20;175
20;176
20;177
20;178
20;179
20;180
20;181
20;182
20;183
20;184
20;185
20;186
20;187
20;188
20;189
20;190
20;191
20;192
20;193
20;194
20;195
20;196
20;197
20;198
20;199
20;200
20;201
20;202
20;203
20;204
20;205
20;206
20;207
20;208
20;209
20;210
20;211
20;212
20;213
20;214
20;215
20;216
20;217
20;218
20;219
20;220
20;221
20;222
20;223
20;224
20;225
20;226
20;227
20;228
20;229
20;230
20;231
20;232
20;233
20;234
20;235
20;236
20;237
20;238
20;239
20;240
20;241
20;242
20;243
20;244
20;245
20;246
20;247
20;248
20;249
20;250
20;251
20;252
20;253
20;254
20;255
20;256
20;257
20;258
20;259
20;260
20;261
20;262
20;263
20;264
20;265
20;266
20;267
20;268
20;269
20;270
20;271
20;272
20;273
20;274
20;275
20;276
20;277
20;278
20;279
20;280
20;281
20;282
20;283
20;284
20;285
20;286
20;287
20;288
20;289
20;290
20;291
20;292
20;293
20;294
20;295
20;296
20;297
20;298
20;358
20;359
20;360
20;361
20;362
20;363
20;364
20;365
20;366
20;367
20;368
20;369
20;370
20;371
20;372
20;373
20;374
20;375
20;376
20;377
20;378
20;379
20;380
20;381
20;382
20;383
20;384
20;385
20;386
20;387
20;388
20;389
20;390
20;422
20;423
20;424
20;425
20;426
20;427
20;428
20;429
20;430
20;431
20;432
20;433
20;434
20;435
20;436
20;437
20;438
20;439
20;440
20;441
20;442
20;443
20;444
20;445
20;446
20;447
20;448
20;449
20;450
20;451
20;452
20;453
20;454
20;455
20;456
20;457
20;458
20;459
20;460
20;461
20;462
20;463
20;464
20;465
20;466
20;467
20;468
20;469
20;470
20;471
20;472
20;473
20;474
20;475
20;476
20;477
20;478
20;479
20;480
20;481
20;482
20;483
20;484
20;485
20;486
20;487
20;488
20;489
20;490
20;491
20;492
20;493
20;525
20;526
20;527
20;528
20;529
20;530
20;531
20;532
20;533
21;143
21;144
21;145
21;146
21;147
21;148
21;149
21;150
21;151
21;152
21;153
21;154
21;155
21;156
21;157
21;158
21;159
21;160
21;161
21;162
21;163
21;164
21;165
21;166
21;167
21;168
21;169
21;170
21;171
21;172
21;173
21;174
21;175
21;176
21;177
21;178
21;179
21;180
21;181
21;182
21;183
21;184
21;185
21;186
21;187
21;188
21;189
21;190
21;191
21;192
21;193
21;194
21;195
21;196
21;197
21;198
21;199
21;200
21;201
21;202
21;203
21;204
21;205
21;206
21;207
21;208
21;209
21;210
21;211
21;212
21;213
21;214
21;215
21;216
21;217
21;218
21;219
21;220
21;221
21;222
21;223
21;224
21;225
21;226
21;227
21;228
21;229
21;230
21;231
21;232
21;233
21;234
21;235
21;236
21;237
21;238
21;239
21;240
21;241
21;242
21;243
21;244
21;245
21;246
21;247
21;248
21;249
21;250
21;251
21;252
21;253
21;254
21;255
21;256
21;257
21;258
21;259
21;260
21;261
21;262
21;263
21;264
21;265
21;266
21;267
21;268
21;269
21;270
21;271
21;272
21;273
21;274
21;275
21;276
21;277
21;278
21;279
21;280
21;281
21;282
21;283
21;284
21;285
21;286
21;287
21;288
21;289
21;290
21;291
21;292
21;293
21;294
21;295
21;296
21;297
21;298
21;358
21;359
21;360
21;361
21;362
21;363
21;364
21;365
21;366
21;367
21;368
21;369
21;370
21;371
21;372
21;373
21;374
21;375
21;376
21;377
21;378
21;379
21;380
21;381
21;382
21;383
21;384
21;385
21;386
21;387
21;388
21;389
21;390
21;391
21;422
21;423
21;424
21;425
21;426
21;427
21;428
21;429
21;430
21;431
21;432
21;433
21;434
21;435
21;436
21;437
21;438
21;439
21;440
21;441
21;442
21;443
21;444
21;445
21;446
21;447
21;448
21;449
21;450
21;451
21;452
21;453
21;454
21;455
21;456
21;457
21;458
21;459
21;460
21;461
21;462
21;463
21;464
21;465
21;466
21;467
21;468
21;469
21;470
21;471
21;472
21;473
21;474
21;475
21;476
21;477
21;478
21;479
21;480
21;481
21;482
21;483
21;484
21;485
21;486
21;487
21;488
21;489
21;490
21;491
21;492
21;493
21;525
21;526
21;527
21;528
21;529
21;530
21;531
21;532
21;533
22;142
22;143
22;144
22;145
22;146
22;147
22;148
22;149
22;150
22;151
22;152
22;153
22;154
22;155
22;156
22;157
22;158
22;159
22;160
22;161
22;162
22;163
22;164
22;165
22;166
22;167
22;168
22;169
22;170
22;171
22;172
22;173
22;174
22;175
22;176
22;177
22;178
22;179
22;180
22;181
22;182
22;183
22;184
22;185
22;186
22;187
22;188
22;189
22;190
22;191
22;192
22;193
22;194
22;195
22;196
22;197
22;198
22;199
22;200
22;201
22;202
22;203
22;204
22;205
22;206
22;207
22;208
22;209
22;210
22;211
22;212
22;213
22;214
22;215
22;216
22;217
22;218
22;219
22;220
22;221
22;222
22;223
22;224
22;225
22;226
22;227
22;228
22;229
22;230
22;231
22;232
22;233
22;234
22;235
22;236
22;237
22;238
22;239
22;240
22;241
22;242
22;243
22;244
22;245
22;246
22;247
22;248
22;249
22;250
22;251
22;252
22;253
22;254
22;255
22;256
22;257
22;258
22;259
22;260
22;261
22;262
22;263
22;264
22;265
22;266
22;267
22;268
22;269
22;270
22;271
22;272
22;273
22;274
22;275
22;276
22;277
22;278
22;279
22;280
22;281
22;282
22;283
22;284
22;285
22;286
22;287
22;288
22;289
22;290
22;291
22;292
22;293
22;294
22;295
22;296
22;297
22;298
22;353
22;355
22;356
22;357
22;358
22;359
22;360
22;361
22;362
22;363
22;364
22;365
22;366
22;367
22;368
22;369
22;370
22;371
22;372
22;373
22;374
22;375
22;376
22;377
22;378
22;379
22;380
22;381
22;382
22;383
22;384
22;385
22;386
22;387
22;388
22;389
22;390
22;391
22;392
22;422
22;423
22;424
22;425
22;426
22;427
22;428
22;429
22;430
22;431
22;432
22;433
22;434
22;435
22;436
22;437
22;438
22;439
22;440
22;441
22;442
22;443
22;444
22;445
22;446
22;447
22;448
22;449
22;450
22;451
22;452
22;453
22;454
22;455
22;456
22;457
22;458
22;459
22;460
22;461
22;462
22;463
22;464
22;465
22;466
22;467
22;468
22;469
22;470
22;471
22;472
22;473
22;474
22;475
22;476
22;477
22;478
22;479
22;480
22;481
22;482
22;483
22;484
22;485
22;486
22;487
22;488
22;489
22;490
22;491
22;492
22;493
22;523
22;524
22;525
22;526
22;527
22;528
22;529
22;530
22;531
22;532
22;533
22;534
22;535
23;141
23;142
23;143
23;144
23;145
23;146
23;147
23;148
23;149
23;150
23;151
23;152
23;153
23;154
23;155
23;156
23;157
23;158
23;159
23;160
23;161
23;162
23;163
23;164
23;165
23;166
23;167
23;168
23;169
23;170
23;171
23;172
23;173
23;174
23;175
23;176
23;177
23;178
23;179
23;180
23;181
23;182
23;183
23;184
23;185
23;186
23;187
23;188
23;189
23;190
23;191
23;192
23;193
23;194
23;195
23;196
23;197
23;198
23;199
23;200
23;201
23;202
23;203
23;204
23;205
23;206
23;207
23;208
23;209
23;210
23;211
23;212
23;213
23;214
23;215
23;216
23;217
23;218
23;219
23;220
23;221
23;222
23;223
23;224
23;225
23;226
23;227
23;228
23;229
23;230
23;231
23;232
23;233
23;234
23;235
23;236
23;237
23;238
23;239
23;240
23;241
23;242
23;243
23;244
23;245
23;246
23;247
23;248
23;249
23;250
23;251
23;252
23;253
23;254
23;255
23;256
23;257
23;258
23;259
23;260
23;261
23;262
23;263
23;264
23;265
23;266
23;267
23;268
23;269
23;270
23;271
23;272
23;273
23;274
23;275
23;276
23;277
23;278
23;279
23;280
23;281
23;282
23;283
23;284
23;285
23;286
23;287
23;288
23;289
23;290
23;291
23;292
23;293
23;294
23;295
23;296
23;297
23;298
23;347
23;349
23;350
23;351
23;352
23;353
23;354
23;355
23;356
23;357
23;358
23;359
23;360
23;361
23;362
23;363
23;364
23;365
23;366
23;367
23;368
23;369
23;370
23;371
23;372
23;373
23;374
23;375
23;376
23;377
23;378
23;379
23;380
23;381
23;382
23;383
23;384
23;385
23;386
23;387
23;388
23;389
23;390
23;391
23;392
23;393
23;422
23;423
23;424
23;425
23;426
23;427
23;428
23;429
23;430
23;431
23;432
23;433
23;434
23;435
23;436
23;437
23;438
23;439
23;440
23;441
23;442
23;443
23;444
23;445
23;446
23;447
23;448
23;449
23;450
23;451
23;452
23;453
23;454
23;455
23;456
23;457
23;458
23;459
23;460
23;461
23;462
23;463
23;464
23;465
23;466
23;467
23;468
23;469
23;470
23;471
23;472
23;473
23;474
23;475
23;476
23;477
23;478
23;479
23;480
23;481
23;482
23;483
23;484
23;485
23;486
23;487
23;488
23;489
23;490
23;491
23;492
23;493
23;521
23;522
23;523
23;524
23;525
23;526
23;527
23;528
23;529
23;530
23;531
23;532
23;533
23;534
23;535
24;140
24;141
24;142
24;143
24;144
24;145
24;146
24;147
24;148
24;149
24;150
24;151
24;152
24;153
24;154
24;155
24;156
24;157
24;158
24;159
24;160
24;161
24;162
24;163
24;164
24;165
24;166
24;167
24;168
24;169
24;170
24;171
24;172
24;173
24;174
24;175
24;176
24;177
24;178
24;179
24;180
24;181
24;182
24;183
24;184
24;185
24;186
24;187
24;188
24;189
24;190
24;191
24;192
24;193
24;194
24;195
24;196
24;197
24;198
24;199
24;200
24;201
24;202
24;203
24;204
24;205
24;206
24;207
24;208
24;209
24;210
24;211
24;212
24;213
24;214
24;215
24;216
24;217
24;218
24;219
24;220
24;221
24;222
24;223
24;224
24;225
24;226
24;227
24;228
24;229
24;230
24;231
24;232
24;233
24;234
24;235
24;236
24;237
24;238
24;239
24;240
24;241
24;242
24;243
24;244
24;245
24;246
24;247
24;248
24;249
24;250
24;251
24;252
24;253
24;254
24;255
24;256
24;257
24;258
24;259
24;260
24;261
24;262
24;263
24;264
24;265
24;266
24;267
24;268
24;269
24;270
24;271
24;272
24;273
24;274
24;275
24;276
24;277
24;278
24;279
24;280
24;281
24;282
24;283
24;284
24;285
24;286
24;287
24;288
24;289
24;290
24;291
24;292
24;293
24;294
24;295
24;296
24;297
24;298
24;341
24;343
24;344
24;345
24;346
24;347
24;348
24;349
24;350
24;351
24;352
24;353
24;354
24;355
24;356
24;357
24;358
24;359
24;360
24;361
24;362
24;363
24;364
24;365
24;366
24;367
24;368
24;369
24;370
24;371
24;372
24;373
24;374
24;375
24;376
24;377
24;378
24;379
24;380
24;381
24;382
24;383
24;384
24;385
24;386
24;387
24;388
24;389
24;390
24;391
24;392
24;393
24;422
24;423
24;424
24;425
24;426
24;427
24;428
24;429
24;430
24;431
24;432
24;433
24;434
24;435
24;436
24;437
24;438
24;439
24;440
24;441
24;442
24;443
24;444
24;445
24;446
24;447
24;448
24;449
24;450
24;451
24;452
24;453
24;454
24;455
24;456
24;457
24;458
24;459
24;460
24;461
24;462
24;463
24;464
24;465
24;466
24;467
24;468
24;469
24;470
24;471
24;472
24;473
24;474
24;475
24;476
24;477
24;478
24;479
24;480
24;481
24;482
24;483
24;484
24;485
24;486
24;487
24;488
24;489
24;490
24;491
24;492
24;493
24;521
24;522
24;523
24;524
24;525
24;526
24;527
24;528
24;529
24;530
24;531
24;532
24;533
24;534
24;535
24;536
25;139
25;140
25;141
25;142
25;143
25;144
25;145
25;146
25;147
25;148
25;149
25;150
25;151
25;152
25;153
25;154
25;155
25;156
25;157
25;158
25;159
25;160
25;161
25;162
25;163
25;164
25;165
25;166
25;167
25;168
25;169
25;170
25;171
25;172
25;173
25;174
25;175
25;176
25;177
25;178
25;179
25;180
25;181
25;182
25;183
25;184
25;185
25;186
25;187
25;188
25;189
25;190
25;191
25;192
25;193
25;194
25;195
25;196
25;197
25;198
25;199
25;200
25;201
25;202
25;203
25;204
25;205
25;206
25;207
25;208
25;209
25;210
25;211
25;212
25;213
25;214
25;215
25;216
25;217
25;218
25;219
25;220
25;221
25;222
25;223
25;224
25;225
25;226
25;227
25;228
25;229
25;230
25;231
25;232
25;233
25;234
25;235
25;236
25;237
25;238
25;239
25;240
25;241
25;242
25;243
25;244
25;245
25;246
25;247
25;248
25;249
25;250
25;251
25;252
25;253
25;254
25;255
25;256
25;257
25;258
25;259
25;260
25;261
25;262
25;263
25;264
25;265
25;266
25;267
25;268
25;269
25;270
25;271
25;272
25;273
25;274
25;275
25;276
25;277
25;278
25;279
25;280
25;281
25;282
25;283
25;284
25;285
25;286
25;287
25;288
25;289
25;290
25;291
25;292
25;293
25;294
25;295
25;296
25;297
25;298
25;337
25;339
25;340
25;341
25;342
25;343
25;344
25;345
25;346
25;347
25;348
25;349
25;350
25;351
25;352
25;353
25;354
25;355
25;356
25;357
25;358
25;359
25;360
25;361
25;362
25;363
25;364
25;365
25;366
25;367
25;368
25;369
25;370
25;371
25;372
25;373
25;374
25;375
25;376
25;377
25;378
25;379
25;380
25;381
25;382
25;383
25;384
25;385
25;386
25;387
25;388
25;389
25;390
25;391
25;392
25;393
25;394
25;423
25;424
25;425
25;426
25;427
25;428
25;429
25;430
25;431
25;432
25;433
25;434
25;435
25;436
25;437
25;438
25;439
25;440
25;441
25;442
25;443
25;444
25;445
25;446
25;447
25;448
25;449
25;450
25;451
25;452
25;453
25;454
25;455
25;456
25;457
25;458
25;459
25;460
25;461
25;462
25;463
25;464
25;465
25;466
25;467
25;468
25;469
25;470
25;471
25;472
25;473
25;474
25;475
25;476
25;477
25;478
25;479
25;480
25;481
25;482
25;483
25;484
25;485
25;486
25;487
25;488
25;489
25;490
25;491
25;492
25;519
25;520
25;521
25;522
25;523
25;524
25;525
25;526
25;527
25;528
25;529
25;530
25;531
25;532
25;533
25;534
25;535
25;536
26;140
26;141
26;142
26;143
26;144
26;145
26;146
26;147
26;148
26;149
26;150
26;151
26;152
26;153
26;154
26;155
26;156
26;157
26;158
26;159
26;160
26;161
26;162
26;163
26;164
26;165
26;166
26;167
26;168
26;169
26;170
26;171
26;172
26;173
26;174
26;175
26;176
26;177
26;178
26;179
26;180
26;181
26;182
26;183
26;184
26;185
26;186
26;187
26;188
26;189
26;190
26;191
26;192
26;193
26;194
26;195
26;196
26;197
26;198
26;199
26;200
26;201
26;202
26;203
26;204
26;205
26;206
26;207
26;208
26;209
26;210
26;211
26;212
26;213
26;214
26;215
26;216
26;217
26;218
26;219
26;220
26;221
26;222
26;223
26;224
26;225
26;226
26;227
26;228
26;229
26;230
26;231
26;232
26;233
26;234
26;235
26;236
26;237
26;238
26;239
26;240
26;241
26;242
26;243
26;244
26;245
26;246
26;247
26;248
26;249
26;250
26;251
26;252
26;253
26;254
26;255
26;256
26;257
26;258
26;259
26;260
26;261
26;262
26;263
26;264
26;265
26;266
26;267
26;268
26;269
26;270
26;271
26;272
26;273
26;274
26;275
26;276
26;277
26;278
26;279
26;280
26;281
26;282
26;283
26;284
26;285
26;286
26;287
26;288
26;289
26;290
26;291
26;292
26;293
26;294
26;295
26;296
26;297
26;298
26;331
26;333
26;334
26;335
26;336
26;337
26;338
26;339
26;340
26;341
26;342
26;343
26;344
26;345
26;346
26;347
26;348
26;349
26;350
26;351
26;352
26;353
26;354
26;355
26;356
26;357
26;358
26;359
26;360
26;361
26;362
26;363
26;364
26;365
26;366
26;367
26;368
26;369
26;370
26;371
26;372
26;373
26;374
26;375
26;376
26;377
26;378
26;379
26;380
26;381
26;382
26;383
26;384
26;385
26;386
26;387
26;388
26;389
26;390
26;391
26;392
26;393
26;394
26;395
26;423
26;424
26;425
26;426
26;427
26;428
26;429
26;430
26;431
26;432
26;433
26;434
26;435
26;436
26;437
26;438
26;439
26;440
26;441
26;442
26;443
26;444
26;445
26;446
26;447
26;448
26;449
26;450
26;451
26;452
26;453
26;454
26;455
26;456
26;457
26;458
26;459
26;460
26;461
26;462
26;463
26;464
26;465
26;466
26;467
26;468
26;469
26;470
26;471
26;472
26;473
26;474
26;475
26;476
26;477
26;478
26;479
26;480
26;481
26;482
26;483
26;484
26;485
26;486
26;487
26;488
26;489
26;490
26;491
26;492
26;517
26;518
26;519
26;520
26;521
26;522
26;523
26;524
26;525
26;526
26;527
26;528
26;529
26;530
26;531
26;532
26;533
26;534
26;535
26;536
27;140
27;141
27;142
27;143
27;144
27;145
27;146
27;147
27;148
27;149
27;150
27;151
27;152
27;153
27;154
27;155
27;156
27;157
27;158
27;159
27;160
27;161
27;162
27;163
27;164
27;165
27;166
27;167
27;168
27;169
27;170
27;171
27;172
27;173
27;174
27;175
27;176
27;177
27;178
27;179
27;180
27;181
27;182
27;183
27;184
27;185
27;186
27;187
27;188
27;189
27;190
27;191
27;192
27;193
27;194
27;195
27;196
27;197
27;198
27;199
27;200
27;201
27;202
27;203
27;204
27;205
27;206
27;207
27;208
27;209
27;210
27;211
27;212
27;213
27;214
27;215
27;216
27;217
27;218
27;219
27;220
27;221
27;222
27;223
27;224
27;225
27;226
27;227
27;228
27;229
27;230
27;231
27;232
27;233
27;234
27;235
27;236
27;237
27;238
27;239
27;240
27;241
27;242
27;243
27;244
27;245
27;246
27;247
27;248
27;249
27;250
27;251
27;252
27;253
27;254
27;255
27;256
27;257
27;258
27;259
27;260
27;261
27;262
27;263
27;264
27;265
27;266
27;267
27;268
27;269
27;270
27;271
27;272
27;273
27;274
27;275
27;276
27;277
27;278
27;279
27;280
27;281
27;282
27;283
27;284
27;285
27;286
27;287
27;288
27;289
27;290
27;291
27;292
27;293
27;294
27;295
27;296
27;297
27;325
27;327
27;328
27;329
27;330
27;331
27;332
27;333
27;334
27;335
27;336
27;337
27;338
27;339
27;340
27;341
27;342
27;343
27;344
27;345
27;346
27;347
27;348
27;349
27;350
27;351
27;352
27;353
27;354
27;355
27;356
27;357
27;358
27;359
27;360
27;361
27;362
27;363
27;364
27;365
27;366
27;367
27;368
27;369
27;370
27;371
27;372
27;373
27;374
27;375
27;376
27;377
27;378
27;379
27;380
27;381
27;382
27;383
27;384
27;385
27;386
27;387
27;388
27;389
27;390
27;391
27;392
27;393
27;394
27;395
27;423
27;424
27;425
27;426
27;427
27;428
27;429
27;430
27;431
27;432
27;433
27;434
27;435
27;436
27;437
27;438
27;439
27;440
27;441
27;442
27;443
27;444
27;445
27;446
27;447
27;448
27;449
27;450
27;451
27;452
27;453
27;454
27;455
27;456
27;457
27;458
27;459
27;460
27;461
27;462
27;463
27;464
27;465
27;466
27;467
27;468
27;469
27;470
27;471
27;472
27;473
27;474
27;475
27;476
27;477
27;478
27;479
27;480
27;481
27;482
27;483
27;484
27;485
27;486
27;487
27;488
27;489
27;490
27;491
27;492
27;517
27;518
27;519
27;520
27;521
27;522
27;523
27;524
27;525
27;526
27;527
27;528
27;529
27;530
27;531
27;532
27;533
27;534
27;535
27;536
28;142
28;143
28;144
28;145
28;146
28;147
28;148
28;149
28;150
28;151
28;152
28;153
28;154
28;155
28;156
28;157
28;158
28;159
28;160
28;161
28;162
28;163
28;164
28;165
28;166
28;167
28;168
28;169
28;170
28;171
28;172
28;173
28;174
28;175
28;176
28;177
28;178
28;179
28;180
28;181
28;182
28;183
28;184
28;185
28;186
28;187
28;188
28;189
28;190
28;191
28;192
28;193
28;194
28;195
28;196
28;197
28;198
28;199
28;200
28;201
28;202
28;203
28;204
28;205
28;206
28;207
28;208
28;209
28;210
28;211
28;212
28;213
28;214
28;215
28;216
28;217
28;218
28;219
28;220
28;221
28;222
28;223
28;224
28;225
28;226
28;227
28;228
28;229
28;230
28;231
28;232
28;233
28;234
28;235
28;236
28;237
28;238
28;239
28;240
28;241
28;242
28;243
28;244
28;245
28;246
28;247
28;248
28;249
28;250
28;251
28;252
28;253
28;254
28;255
28;256
28;257
28;258
28;259
28;260
28;261
28;262
28;263
28;264
28;265
28;266
28;267
28;268
28;269
28;270
28;271
28;272
28;273
28;274
28;275
28;276
28;277
28;278
28;279
28;280
28;281
28;282
28;283
28;284
28;285
28;286
28;287
28;288
28;289
28;290
28;291
28;292
28;293
28;294
28;295
28;296
28;297
28;319
28;321
28;322
28;323
28;324
28;325
28;326
28;327
28;328
28;329
28;330
28;331
28;332
28;333
28;334
28;335
28;336
28;337
28;338
28;339
28;340
28;341
28;342
28;343
28;344
28;345
28;346
28;347
28;348
28;349
28;350
28;351
28;352
28;353
28;354
28;355
28;356
28;357
28;358
28;359
28;360
28;361
28;362
28;363
28;364
28;365
28;366
28;367
28;368
28;369
28;370
28;371
28;372
28;373
28;374
28;375
28;376
28;377
28;378
28;379
28;380
28;381
28;382
28;383
28;384
28;385
28;386
28;387
28;388
28;389
28;390
28;391
28;392
28;393
28;394
28;395
28;396
28;424
28;425
28;426
28;427
28;428
28;429
28;430
28;431
28;432
28;433
28;434
28;435
28;436
28;437
28;438
28;439
28;440
28;441
28;442
28;443
28;444
28;445
28;446
28;447
28;448
28;449
28;450
28;451
28;452
28;453
28;454
28;455
28;456
28;457
28;458
28;459
28;460
28;461
28;462
28;463
28;464
28;465
28;466
28;467
28;468
28;469
28;470
28;471
28;472
28;473
28;474
28;475
28;476
28;477
28;478
28;479
28;480
28;481
28;482
28;483
28;484
28;485
28;486
28;487
28;488
28;489
28;490
28;491
28;492
28;515
28;516
28;517
28;518
28;519
28;520
28;521
28;522
28;523
28;524
28;525
28;526
28;527
28;528
28;529
28;530
28;531
28;532
28;533
28;534
28;535
28;536
29;143
29;144
29;145
29;146
29;147
29;148
29;149
29;150
29;151
29;152
29;153
29;154
29;155
29;156
29;157
29;158
29;159
29;160
29;161
29;162
29;163
29;164
29;165
29;166
29;167
29;168
29;169
29;170
29;171
29;172
29;173
29;174
29;175
29;176
29;177
29;178
29;179
29;180
29;181
29;182
29;183
29;184
29;185
29;186
29;187
29;188
29;189
29;190
29;191
29;192
29;193
29;194
29;195
29;196
29;197
29;198
29;199
29;200
29;201
29;202
29;203
29;204
29;205
29;206
29;207
29;208
29;209
29;210
29;211
29;212
29;213
29;214
29;215
29;216
29;217
29;218
29;219
29;220
29;221
29;222
29;223
29;224
29;225
29;226
29;227
29;228
29;229
29;230
29;231
29;232
29;233
29;234
29;235
29;236
29;237
29;238
29;239
29;240
29;241
29;242
29;243
29;244
29;245
29;246
29;247
29;248
29;249
29;250
29;251
29;252
29;253
29;254
29;255
29;256
29;257
29;258
29;259
29;260
29;261
29;262
29;263
29;264
29;265
29;266
29;267
29;268
29;269
29;270
29;271
29;272
29;273
29;274
29;275
29;276
29;277
29;278
29;279
29;280
29;281
29;282
29;283
29;284
29;285
29;286
29;287
29;288
29;289
29;290
29;291
29;292
29;293
29;294
29;295
29;296
29;297
29;315
29;316
29;317
29;318
29;319
29;320
29;321
29;322
29;323
29;324
29;325
29;326
29;327
29;328
29;329
29;330
29;331
29;332
29;333
29;334
29;335
29;336
29;337
29;338
29;339
29;340
29;341
29;342
29;343
29;344
29;345
29;346
29;347
29;348
29;349
29;350
29;351
29;352
29;353
29;354
29;355
29;356
29;357
29;358
29;359
29;360
29;361
29;362
29;363
29;364
29;365
29;366
29;367
29;368
29;369
29;370
29;371
29;372
29;373
29;374
29;375
29;376
29;377
29;378
29;379
29;380
29;381
29;382
29;383
29;384
29;385
29;386
29;387
29;388
29;389
29;390
29;391
29;392
29;393
29;394
29;395
29;396
29;397
29;424
29;425
29;426
29;427
29;428
29;429
29;430
29;431
29;432
29;433
29;434
29;435
29;436
29;437
29;438
29;439
29;440
29;441
29;442
29;443
29;444
29;445
29;446
29;447
29;448
29;449
29;450
29;451
29;452
29;453
29;454
29;455
29;456
29;457
29;458
29;459
29;460
29;461
29;462
29;463
29;464
29;465
29;466
29;467
29;468
29;469
29;470
29;471
29;472
29;473
29;474
29;475
29;476
29;477
29;478
29;479
29;480
29;481
29;482
29;483
29;484
29;485
29;486
29;487
29;488
29;489
29;490
29;491
29;514
29;515
29;516
29;517
29;518
29;519
29;520
29;521
29;522
29;523
29;524
29;525
29;526
29;527
29;528
29;529
29;530
29;531
29;532
29;533
29;534
29;535
29;536
30;144
30;145
30;146
30;147
30;148
30;149
30;150
30;151
30;152
30;153
30;154
30;155
30;156
30;157
30;158
30;159
30;160
30;161
30;162
30;163
30;164
30;165
30;166
30;167
30;168
30;169
30;170
30;171
30;172
30;173
30;174
30;175
30;176
30;177
30;178
30;179
30;180
30;181
30;182
30;183
30;184
30;185
30;186
30;187
30;188
30;189
30;190
30;191
30;192
30;193
30;194
30;195
30;196
30;197
30;198
30;199
30;200
30;201
30;202
30;203
30;204
30;205
30;206
30;207
30;208
30;209
30;210
30;211
30;212
30;213
30;214
30;215
30;216
30;217
30;218
30;219
30;220
30;221
30;222
30;223
30;224
30;225
30;226
30;227
30;228
30;229
30;230
30;231
30;232
30;233
30;234
30;235
30;236
30;237
30;238
30;239
30;240
30;241
30;242
30;243
30;244
30;245
30;246
30;247
30;248
30;249
30;250
30;251
30;252
30;253
30;254
30;255
30;256
30;257
30;258
30;259
30;260
30;261
30;262
30;263
30;264
30;265
30;266
30;267
30;268
30;269
30;270
30;271
30;272
30;273
30;274
30;275
30;276
30;277
30;278
30;279
30;280
30;281
30;282
30;283
30;284
30;285
30;286
30;287
30;288
30;289
30;290
30;291
30;292
30;293
30;294
30;295
30;296
30;309
30;311
30;312
30;313
30;314
30;315
30;316
30;317
30;318
30;319
30;320
30;321
30;322
30;323
30;324
30;325
30;326
30;327
30;328
30;329
30;330
30;331
30;332
30;333
30;334
30;335
30;336
30;337
30;338
30;339
30;340
30;341
30;342
30;343
30;344
30;345
30;346
30;347
30;348
30;349
30;350
30;351
30;352
30;353
30;354
30;355
30;356
30;357
30;358
30;359
30;360
30;361
30;362
30;363
30;364
30;365
30;366
30;367
30;368
30;369
30;370
30;371
30;372
30;373
30;374
30;375
30;376
30;377
30;378
30;379
30;380
30;381
30;382
30;383
30;384
30;385
30;386
30;387
30;388
30;389
30;390
30;391
30;392
30;393
30;394
30;395
30;396
30;397
30;398
30;424
30;425
30;426
30;427
30;428
30;429
30;430
30;431
30;432
30;433
30;434
30;435
30;436
30;437
30;438
30;439
30;440
30;441
30;442
30;443
30;444
30;445
30;446
30;447
30;448
30;449
30;450
30;451
30;452
30;453
30;454
30;455
30;456
30;457
30;458
30;459
30;460
30;461
30;462
30;463
30;464
30;465
30;466
30;467
30;468
30;469
30;470
30;471
30;472
30;473
30;474
30;475
30;476
30;477
30;478
30;479
30;480
30;481
30;482
30;483
30;484
30;485
30;486
30;487
30;488
30;489
30;490
30;513
30;514
30;515
30;516
30;517
30;518
30;519
30;520
30;521
30;522
30;523
30;524
30;525
30;526
30;527
30;528
30;529
30;530
30;531
30;532
30;533
30;534
30;535
30;536
31;146
31;147
31;148
31;149
31;150
31;151
31;152
31;153
31;154
31;155
31;156
31;157
31;158
31;159
31;160
31;161
31;162
31;163
31;164
31;165
31;166
31;167
31;168
31;169
31;170
31;171
31;172
31;173
31;174
31;175
31;176
31;177
31;178
31;179
31;180
31;181
31;182
31;183
31;184
31;185
31;186
31;187
31;188
31;189
31;190
31;191
31;192
31;193
31;194
31;195
31;196
31;197
31;198
31;199
31;200
31;201
31;202
31;203
31;204
31;205
31;206
31;207
31;208
31;209
31;210
31;211
31;212
31;213
31;214
31;215
31;216
31;217
31;218
31;219
31;220
31;221
31;222
31;223
31;224
31;225
31;226
31;227
31;228
31;229
31;230
31;231
31;232
31;233
31;234
31;235
31;236
31;237
31;238
31;239
31;240
31;241
31;242
31;243
31;244
31;245
31;246
31;247
31;248
31;249
31;250
31;251
31;252
31;253
31;254
31;255
31;256
31;257
31;258
31;259
31;260
31;261
31;262
31;263
31;264
31;265
31;266
31;267
31;268
31;269
31;270
31;271
31;272
31;273
31;274
31;275
31;276
31;277
31;278
31;279
31;280
31;281
31;282
31;283
31;284
31;285
31;286
31;287
31;288
31;289
31;290
31;291
31;292
31;293
31;294
31;295
31;296
31;303
31;305
31;306
31;307
31;308
31;309
31;310
31;311
31;312
31;313
31;314
31;315
31;316
31;317
31;318
31;319
31;320
31;321
31;322
31;323
31;324
31;325
31;326
31;327
31;328
31;329
31;330
31;331
31;332
31;333
31;334
31;335
31;336
31;337
31;338
31;339
31;340
31;341
31;342
31;343
31;344
31;345
31;346
31;347
31;348
31;349
31;350
31;351
31;352
31;353
31;354
31;355
31;356
31;357
31;358
31;359
31;360
31;361
31;362
31;363
31;364
31;365
31;366
31;367
31;368
31;369
31;370
31;371
31;372
31;373
31;374
31;375
31;376
31;377
31;378
31;379
31;380
31;381
31;382
31;383
31;384
31;385
31;386
31;387
31;388
31;389
31;390
31;391
31;392
31;393
31;394
31;395
31;396
31;397
31;398
31;399
31;425
31;426
31;427
31;428
31;429
31;430
31;431
31;432
31;433
31;434
31;435
31;436
31;437
31;438
31;439
31;440
31;441
31;442
31;443
31;444
31;445
31;446
31;447
31;448
31;449
31;450
31;451
31;452
31;453
31;454
31;455
31;456
31;457
31;458
31;459
31;460
31;461
31;462
31;463
31;464
31;465
31;466
31;467
31;468
31;469
31;470
31;471
31;472
31;473
31;474
31;475
31;476
31;477
31;478
31;479
31;480
31;481
31;482
31;483
31;484
31;485
31;486
31;487
31;488
31;489
31;490
31;511
31;512
31;513
31;514
31;515
31;516
31;517
31;518
31;519
31;520
31;521
31;522
31;523
31;524
31;525
31;526
31;527
31;528
31;529
31;530
31;531
31;532
31;533
31;534
31;535
31;536
32;146
32;147
32;148
32;149
32;150
32;151
32;152
32;153
32;154
32;155
32;156
32;157
32;158
32;159
32;160
32;161
32;162
32;163
32;164
32;165
32;166
32;167
32;168
32;169
32;170
32;171
32;172
32;173
32;174
32;175
32;176
32;177
32;178
32;179
32;180
32;181
32;182
32;183
32;184
32;185
32;186
32;187
32;188
32;189
32;190
32;191
32;192
32;193
32;194
32;195
32;196
32;197
32;198
32;199
32;200
32;201
32;202
32;203
32;204
32;205
32;206
32;207
32;208
32;209
32;210
32;211
32;212
32;213
32;214
32;215
32;216
32;217
32;218
32;219
32;220
32;221
32;222
32;223
32;224
32;225
32;226
32;227
32;228
32;229
32;230
32;231
32;232
32;233
32;234
32;235
32;236
32;237
32;238
32;239
32;240
32;241
32;242
32;243
32;244
32;245
32;246
32;247
32;248
32;249
32;250
32;251
32;252
32;253
32;254
32;255
32;256
32;257
32;258
32;259
32;260
32;261
32;262
32;263
32;264
32;265
32;266
32;267
32;268
32;269
32;270
32;271
32;272
32;273
32;274
32;275
32;276
32;277
32;278
32;279
32;280
32;281
32;282
32;283
32;284
32;285
32;286
32;287
32;288
32;289
32;290
32;291
32;292
32;293
32;294
32;295
32;296
32;297
32;299
32;300
32;301
32;302
32;303
32;304
32;305
32;306
32;307
32;308
32;309
32;310
32;311
32;312
32;313
32;314
32;315
32;316
32;317
32;318
32;319
32;320
32;321
32;322
32;323
32;324
32;325
32;326
32;327
32;328
32;329
32;330
32;331
32;332
32;333
32;334
32;335
32;336
32;337
32;338
32;339
32;340
32;341
32;342
32;343
32;344
32;345
32;346
32;347
32;348
32;349
32;350
32;351
32;352
32;353
32;354
32;355
32;356
32;357
32;358
32;359
32;360
32;361
32;362
32;363
32;364
32;365
32;366
32;367
32;368
32;369
32;370
32;371
32;372
32;373
32;374
32;375
32;376
32;377
32;378
32;379
32;380
32;381
32;382
32;383
32;384
32;385
32;386
32;387
32;388
32;389
32;390
32;391
32;392
32;393
32;394
32;395
32;396
32;397
32;398
32;399
32;426
32;427
32;428
32;429
32;430
32;431
32;432
32;433
32;434
32;435
32;436
32;437
32;438
32;439
32;440
32;441
32;442
32;443
32;444
32;445
32;446
32;447
32;448
32;449
32;450
32;451
32;452
32;453
32;454
32;455
32;456
32;457
32;458
32;459
32;460
32;461
32;462
32;463
32;464
32;465
32;466
32;467
32;468
32;469
32;470
32;471
32;472
32;473
32;474
32;475
32;476
32;477
32;478
32;479
32;480
32;481
32;482
32;483
32;484
32;485
32;486
32;487
32;488
32;489
32;490
32;510
32;511
32;512
32;513
32;514
32;515
32;516
32;517
32;518
32;519
32;520
32;521
32;522
32;523
32;524
32;525
32;526
32;527
32;528
32;529
32;530
32;531
32;532
32;533
32;534
32;535
32;536
33;145
33;146
33;147
33;148
33;149
33;150
33;151
33;152
33;153
33;154
33;155
33;156
33;157
33;158
33;159
33;160
33;161
33;162
33;163
33;164
33;165
33;166
33;167
33;168
33;169
33;170
33;171
33;172
33;173
33;174
33;175
33;176
33;177
33;178
33;179
33;180
33;181
33;182
33;183
33;184
33;185
33;186
33;187
33;188
33;189
33;190
33;191
33;192
33;193
33;194
33;195
33;196
33;197
33;198
33;199
33;200
33;201
33;202
33;203
33;204
33;205
33;206
33;207
33;208
33;209
33;210
33;211
33;212
33;213
33;214
33;215
33;216
33;217
33;218
33;219
33;220
33;221
33;222
33;223
33;224
33;225
33;226
33;227
33;228
33;229
33;230
33;231
33;232
33;233
33;234
33;235
33;236
33;237
33;238
33;239
33;240
33;241
33;242
33;243
33;244
33;245
33;246
33;247
33;248
33;249
33;250
33;251
33;252
33;253
33;254
33;255
33;256
33;257
33;258
33;259
33;260
33;261
33;262
33;263
33;264
33;265
33;266
33;267
33;268
33;269
33;270
33;271
33;272
33;273
33;274
33;275
33;276
33;277
33;278
33;279
33;280
33;281
33;282
33;283
33;284
33;285
33;286
33;287
33;288
33;289
33;290
33;291
33;292
33;293
33;294
33;295
33;296
33;297
33;298
33;299
33;300
33;301
33;302
33;303
33;304
33;305
33;306
33;307
33;308
33;309
33;310
33;311
33;312
33;313
33;314
33;315
33;316
33;317
33;318
33;319
33;320
33;321
33;322
33;323
33;324
33;325
33;326
33;327
33;328
33;329
33;330
33;331
33;332
33;333
33;334
33;335
33;336
33;337
33;338
33;339
33;340
33;341
33;342
33;343
33;344
33;345
33;346
33;347
33;348
33;349
33;350
33;351
33;352
33;353
33;354
33;355
33;356
33;357
33;358
33;359
33;360
33;361
33;362
33;363
33;364
33;365
33;366
33;367
33;368
33;369
33;370
33;371
33;372
33;373
33;374
33;375
33;376
33;377
33;378
33;379
33;380
33;381
33;382
33;383
33;384
33;385
33;386
33;387
33;388
33;389
33;390
33;391
33;392
33;393
33;394
33;395
33;396
33;397
33;398
33;399
33;400
33;426
33;427
33;428
33;429
33;430
33;431
33;432
33;433
33;434
33;435
33;436
33;437
33;438
33;439
33;440
33;441
33;442
33;443
33;444
33;445
33;446
33;447
33;448
33;449
33;450
33;451
33;452
33;453
33;454
33;455
33;456
33;457
33;458
33;459
33;460
33;461
33;462
33;463
33;464
33;465
33;466
33;467
33;468
33;469
33;470
33;471
33;472
33;473
33;474
33;475
33;476
33;477
33;478
33;479
33;480
33;481
33;482
33;483
33;484
33;485
33;486
33;487
33;488
33;489
33;509
33;510
33;511
33;512
33;513
33;514
33;515
33;516
33;517
33;518
33;519
33;520
33;521
33;522
33;523
33;524
33;525
33;526
33;527
33;528
33;529
33;530
33;531
33;532
33;533
33;534
33;535
33;536
34;143
34;144
34;145
34;146
34;147
34;148
34;149
34;150
34;151
34;152
34;153
34;154
34;155
34;156
34;157
34;158
34;159
34;160
34;161
34;162
34;163
34;164
34;165
34;166
34;167
34;168
34;169
34;170
34;171
34;172
34;173
34;174
34;175
34;176
34;177
34;178
34;179
34;180
34;181
34;182
34;183
34;184
34;185
34;186
34;187
34;188
34;189
34;190
34;191
34;192
34;193
34;194
34;195
34;196
34;197
34;198
34;199
34;200
34;201
34;202
34;203
34;204
34;205
34;206
34;207
34;208
34;209
34;210
34;211
34;212
34;213
34;214
34;215
34;216
34;217
34;218
34;219
34;220
34;221
34;222
34;223
34;224
34;225
34;226
34;227
34;228
34;229
34;230
34;231
34;232
34;233
34;234
34;235
34;236
34;237
34;238
34;239
34;240
34;241
34;242
34;243
34;244
34;245
34;246
34;247
34;248
34;249
34;250
34;251
34;252
34;253
34;254
34;255
34;256
34;257
34;258
34;259
34;260
34;261
34;262
34;263
34;264
34;265
34;266
34;267
34;268
34;269
34;270
34;271
34;272
34;273
34;274
34;275
34;276
34;277
34;278
34;279
34;280
34;281
34;282
34;283
34;284
34;285
34;286
34;287
34;288
34;289
34;290
34;291
34;292
34;293
34;294
34;295
34;296
34;297
34;298
34;299
34;300
34;301
34;302
34;303
34;304
34;305
34;306
34;307
34;308
34;309
34;310
34;311
34;312
34;313
34;314
34;315
34;316
34;317
34;318
34;319
34;320
34;321
34;322
34;323
34;324
34;325
34;326
34;327
34;328
34;329
34;330
34;331
34;332
34;333
34;334
34;335
34;336
34;337
34;338
34;339
34;340
34;341
34;342
34;343
34;344
34;345
34;346
34;347
34;348
34;349
34;350
34;351
34;352
34;353
34;354
34;355
34;356
34;357
34;358
34;359
34;360
34;361
34;362
34;363
34;364
34;365
34;366
34;367
34;368
34;369
34;370
34;371
34;372
34;373
34;374
34;375
34;376
34;377
34;378
34;379
34;380
34;381
34;382
34;383
34;384
34;385
34;386
34;387
34;388
34;389
34;390
34;391
34;392
34;393
34;394
34;395
34;396
34;397
34;398
34;399
34;400
34;401
34;427
34;428
34;429
34;430
34;431
34;432
34;433
34;434
34;435
34;436
34;437
34;438
34;439
34;440
34;441
34;442
34;443
34;444
34;445
34;446
34;447
34;448
34;449
34;450
34;451
34;452
34;453
34;454
34;455
34;456
34;457
34;458
34;459
34;460
34;461
34;462
34;463
34;464
34;465
34;466
34;467
34;468
34;469
34;470
34;471
34;472
34;473
34;474
34;475
34;476
34;477
34;478
34;479
34;480
34;481
34;482
34;483
34;484
34;485
34;486
34;487
34;488
34;507
34;508
34;509
34;510
34;511
34;512
34;513
34;514
34;515
34;516
34;517
34;518
34;519
34;520
34;521
34;522
34;523
34;524
34;525
34;526
34;527
34;528
34;529
34;530
34;531
34;532
34;533
34;534
34;535
34;536
35;141
35;142
35;143
35;144
35;145
35;146
35;147
35;148
35;149
35;150
35;151
35;152
35;153
35;154
35;155
35;156
35;157
35;158
35;159
35;160
35;161
35;162
35;163
35;164
35;165
35;166
35;167
35;168
35;169
35;170
35;171
35;172
35;173
35;174
35;175
35;176
35;177
35;178
35;179
35;180
35;181
35;182
35;183
35;184
35;185
35;186
35;187
35;188
35;189
35;190
35;191
35;192
35;193
35;194
35;195
35;196
35;197
35;198
35;199
35;200
35;201
35;202
35;203
35;204
35;205
35;206
35;207
35;208
35;209
35;210
35;211
35;212
35;213
35;214
35;215
35;216
35;217
35;218
35;219
35;220
35;221
35;222
35;223
35;224
35;225
35;226
35;227
35;228
35;229
35;230
35;231
35;232
35;233
35;234
35;235
35;236
35;237
35;238
35;239
35;240
35;241
35;242
35;243
35;244
35;245
35;246
35;247
35;248
35;249
35;250
35;251
35;252
35;253
35;254
35;255
35;256
35;257
35;258
35;259
35;260
35;261
35;262
35;263
35;264
35;265
35;266
35;267
35;268
35;269
35;270
35;271
35;272
35;273
35;274
35;275
35;276
35;277
35;278
35;279
35;280
35;281
35;282
35;283
35;284
35;285
35;286
35;287
35;288
35;289
35;290
35;291
35;292
35;293
35;294
35;295
35;296
35;297
35;298
35;299
35;300
35;301
35;302
35;303
35;304
35;305
35;306
35;307
35;308
35;309
35;310
35;311
35;312
35;313
35;314
35;315
35;316
35;317
35;318
35;319
35;320
35;321
35;322
35;323
35;324
35;325
35;326
35;327
35;328
35;329
35;330
35;331
35;332
35;333
35;334
35;335
35;336
35;337
35;338
35;339
35;340
35;341
35;342
35;343
35;344
35;345
35;346
35;347
35;348
35;349
35;350
35;351
35;352
35;353
35;354
35;355
35;356
35;357
35;358
35;359
35;360
35;361
35;362
35;363
35;364
35;365
35;366
35;367
35;368
35;369
35;370
35;371
35;372
35;373
35;374
35;375
35;376
35;377
35;378
35;379
35;380
35;381
35;382
35;383
35;384
35;385
35;386
35;387
35;388
35;389
35;390
35;391
35;392
35;393
35;394
35;395
35;396
35;397
35;398
35;399
35;400
35;401
35;428
35;429
35;430
35;431
35;432
35;433
35;434
35;435
35;436
35;437
35;438
35;439
35;440
35;441
35;442
35;443
35;444
35;445
35;446
35;447
35;448
35;449
35;450
35;451
35;452
35;453
35;454
35;455
35;456
35;457
35;458
35;459
35;460
35;461
35;462
35;463
35;464
35;465
35;466
35;467
35;468
35;469
35;470
35;471
35;472
35;473
35;474
35;475
35;476
35;477
35;478
35;479
35;480
35;481
35;482
35;483
35;484
35;485
35;486
35;487
35;488
35;506
35;507
35;508
35;509
35;510
35;511
35;512
35;513
35;514
35;515
35;516
35;517
35;518
35;519
35;520
35;521
35;522
35;523
35;524
35;525
35;526
35;527
35;528
35;529
35;530
35;531
35;532
35;533
35;534
35;535
35;536
36;139
36;140
36;141
36;142
36;143
36;144
36;145
36;146
36;147
36;148
36;149
36;150
36;151
36;152
36;153
36;154
36;155
36;156
36;157
36;158
36;159
36;160
36;161
36;162
36;163
36;164
36;165
36;166
36;167
36;168
36;169
36;170
36;171
36;172
36;173
36;174
36;175
36;176
36;177
36;178
36;179
36;180
36;181
36;182
36;183
36;184
36;185
36;186
36;187
36;188
36;189
36;190
36;191
36;192
36;193
36;194
36;195
36;196
36;197
36;198
36;199
36;200
36;201
36;202
36;203
36;204
36;205
36;206
36;207
36;208
36;209
36;210
36;211
36;212
36;213
36;214
36;215
36;216
36;217
36;218
36;219
36;220
36;221
36;222
36;223
36;224
36;225
36;226
36;227
36;228
36;229
36;230
36;231
36;232
36;233
36;234
36;235
36;236
36;237
36;238
36;239
36;240
36;241
36;242
36;243
36;244
36;245
36;246
36;247
36;248
36;249
36;250
36;251
36;252
36;253
36;254
36;255
36;256
36;257
36;258
36;259
36;260
36;261
36;262
36;263
36;264
36;265
36;266
36;267
36;268
36;269
36;270
36;271
36;272
36;273
36;274
36;275
36;276
36;277
36;278
36;279
36;280
36;281
36;282
36;283
36;284
36;285
36;286
36;287
36;288
36;289
36;290
36;291
36;292
36;293
36;294
36;295
36;296
36;297
36;298
36;299
36;300
36;301
36;302
36;303
36;304
36;305
36;306
36;307
36;308
36;309
36;310
36;311
36;312
36;313
36;314
36;315
36;316
36;317
36;318
36;319
36;320
36;321
36;322
36;323
36;324
36;325
36;326
36;327
36;328
36;329
36;330
36;331
36;332
36;333
36;334
36;335
36;336
36;337
36;338
36;339
36;340
36;341
36;342
36;343
36;344
36;345
36;346
36;347
36;348
36;349
36;350
36;351
36;352
36;353
36;354
36;355
36;356
36;357
36;358
36;359
36;360
36;361
36;362
36;363
36;364
36;365
36;366
36;367
36;368
36;369
36;370
36;371
36;372
36;373
36;374
36;375
36;376
36;377
36;378
36;379
36;380
36;381
36;382
36;383
36;384
36;385
36;386
36;387
36;388
36;389
36;390
36;391
36;392
36;393
36;394
36;395
36;396
36;397
36;398
36;399
36;400
36;401
36;402
36;428
36;429
36;430
36;431
36;432
36;433
36;434
36;435
36;436
36;437
36;438
36;439
36;440
36;441
36;442
36;443
36;444
36;445
36;446
36;447
36;448
36;449
36;450
36;451
36;452
36;453
36;454
36;455
36;456
36;457
36;458
36;459
36;460
36;461
36;462
36;463
36;464
36;465
36;466
36;467
36;468
36;469
36;470
36;471
36;472
36;473
36;474
36;475
36;476
36;477
36;478
36;479
36;480
36;481
36;482
36;483
36;484
36;485
36;486
36;487
36;505
36;506
36;507
36;508
36;509
36;510
36;511
36;512
36;513
36;514
36;515
36;516
36;517
36;518
36;519
36;520
36;521
36;522
36;523
36;524
36;525
36;526
36;527
36;528
36;529
36;530
36;531
36;532
36;533
36;534
36;535
36;536
37;139
37;140
37;141
37;142
37;143
37;144
37;145
37;146
37;147
37;148
37;149
37;150
37;151
37;152
37;153
37;154
37;155
37;156
37;157
37;158
37;159
37;160
37;161
37;162
37;163
37;164
37;165
37;166
37;167
37;168
37;169
37;170
37;171
37;172
37;173
37;174
37;175
37;176
37;177
37;178
37;179
37;180
37;181
37;182
37;183
37;184
37;185
37;186
37;187
37;188
37;189
37;190
37;191
37;192
37;193
37;194
37;195
37;196
37;197
37;198
37;199
37;200
37;201
37;202
37;203
37;204
37;205
37;206
37;207
37;208
37;209
37;210
37;211
37;212
37;213
37;214
37;215
37;216
37;217
37;218
37;219
37;220
37;221
37;222
37;223
37;224
37;225
37;226
37;227
37;228
37;229
37;230
37;231
37;232
37;233
37;234
37;235
37;236
37;237
37;238
37;239
37;240
37;241
37;242
37;243
37;244
37;245
37;246
37;247
37;248
37;249
37;250
37;251
37;252
37;253
37;254
37;255
37;256
37;257
37;258
37;259
37;260
37;261
37;262
37;263
37;264
37;265
37;266
37;267
37;268
37;269
37;270
37;271
37;272
37;273
37;274
37;275
37;276
37;277
37;278
37;279
37;280
37;281
37;282
37;283
37;284
37;285
37;286
37;287
37;288
37;289
37;290
37;291
37;292
37;293
37;294
37;295
37;296
37;297
37;298
37;299
37;300
37;301
37;302
37;303
37;304
37;305
37;306
37;307
37;308
37;309
37;310
37;311
37;312
37;313
37;314
37;315
37;316
37;317
37;318
37;319
37;320
37;321
37;322
37;323
37;324
37;325
37;326
37;327
37;328
37;329
37;330
37;331
37;332
37;333
37;334
37;335
37;336
37;337
37;338
37;339
37;340
37;341
37;342
37;343
37;344
37;345
37;346
37;347
37;348
37;349
37;350
37;351
37;352
37;353
37;354
37;355
37;356
37;357
37;358
37;359
37;360
37;361
37;362
37;363
37;364
37;365
37;366
37;367
37;368
37;369
37;370
37;371
37;372
37;373
37;374
37;375
37;376
37;377
37;378
37;379
37;380
37;381
37;382
37;383
37;384
37;385
37;386
37;387
37;388
37;389
37;390
37;391
37;392
37;393
37;394
37;395
37;396
37;397
37;398
37;399
37;400
37;401
37;402
37;403
37;429
37;430
37;431
37;432
37;433
37;434
37;435
37;436
37;437
37;438
37;439
37;440
37;441
37;442
37;443
37;444
37;445
37;446
37;447
37;448
37;449
37;450
37;451
37;452
37;453
37;454
37;455
37;456
37;457
37;458
37;459
37;460
37;461
37;462
37;463
37;464
37;465
37;466
37;467
37;468
37;469
37;470
37;471
37;472
37;473
37;474
37;475
37;476
37;477
37;478
37;479
37;480
37;481
37;482
37;483
37;484
37;485
37;486
37;503
37;504
37;505
37;506
37;507
37;508
37;509
37;510
37;511
37;512
37;513
37;514
37;515
37;516
37;517
37;518
37;519
37;520
37;521
37;522
37;523
37;524
37;525
37;526
37;527
37;528
37;529
37;530
37;531
37;532
37;533
37;534
37;535
37;536
38;137
38;138
38;139
38;140
38;141
38;142
38;143
38;144
38;145
38;146
38;147
38;148
38;149
38;150
38;151
38;152
38;153
38;154
38;155
38;156
38;157
38;158
38;159
38;160
38;161
38;162
38;163
38;164
38;165
38;166
38;167
38;168
38;169
38;170
38;171
38;172
38;173
38;174
38;175
38;176
38;177
38;178
38;179
38;180
38;181
38;182
38;183
38;184
38;185
38;186
38;187
38;188
38;189
38;190
38;191
38;192
38;193
38;194
38;195
38;196
38;197
38;198
38;199
38;200
38;201
38;202
38;203
38;204
38;207
38;208
38;209
38;210
38;211
38;212
38;213
38;214
38;215
38;216
38;217
38;218
38;219
38;220
38;221
38;222
38;223
38;224
38;225
38;226
38;227
38;228
38;229
38;230
38;231
38;232
38;233
38;234
38;235
38;236
38;237
38;238
38;239
38;240
38;241
38;242
38;243
38;244
38;245
38;246
38;247
38;248
38;249
38;250
38;251
38;252
38;253
38;254
38;255
38;256
38;257
38;258
38;259
38;260
38;261
38;262
38;263
38;264
38;265
38;266
38;267
38;268
38;269
38;270
38;271
38;272
38;273
38;274
38;275
38;276
38;277
38;278
38;279
38;280
38;281
38;282
38;283
38;284
38;285
38;286
38;287
38;288
38;289
38;290
38;291
38;292
38;293
38;294
38;295
38;296
38;297
38;298
38;299
38;300
38;301
38;302
38;303
38;304
38;305
38;306
38;307
38;308
38;309
38;310
38;311
38;312
38;313
38;314
38;315
38;316
38;317
38;318
38;319
38;320
38;321
38;322
38;323
38;324
38;325
38;326
38;327
38;328
38;329
38;330
38;331
38;332
38;333
38;334
38;335
38;336
38;337
38;338
38;339
38;340
38;341
38;342
38;343
38;344
38;345
38;346
38;347
38;348
38;349
38;350
38;351
38;352
38;353
38;354
38;355
38;356
38;357
38;358
38;359
38;360
38;361
38;362
38;363
38;364
38;365
38;366
38;367
38;368
38;369
38;370
38;371
38;372
38;373
38;374
38;375
38;376
38;377
38;378
38;379
38;380
38;381
38;382
38;383
38;384
38;385
38;386
38;387
38;388
38;389
38;390
38;391
38;392
38;393
38;394
38;395
38;396
38;397
38;398
38;399
38;400
38;401
38;402
38;403
38;404
38;430
38;431
38;432
38;433
38;434
38;435
38;436
38;437
38;438
38;439
38;440
38;441
38;442
38;443
38;444
38;445
38;446
38;447
38;448
38;449
38;450
38;451
38;452
38;453
38;454
38;455
38;456
38;457
38;458
38;459
38;460
38;461
38;462
38;463
38;464
38;465
38;466
38;467
38;468
38;469
38;470
38;471
38;472
38;473
38;474
38;475
38;476
38;477
38;478
38;479
38;480
38;481
38;482
38;483
38;484
38;485
38;502
38;503
38;504
38;505
38;506
38;507
38;508
38;509
38;510
38;511
38;512
38;513
38;514
38;515
38;516
38;517
38;518
38;519
38;520
38;521
38;522
38;523
38;524
38;525
38;526
38;527
38;528
38;529
38;530
38;531
38;532
38;533
38;534
38;535
38;536
39;135
39;136
39;137
39;138
39;139
39;140
39;141
39;142
39;143
39;144
39;145
39;146
39;147
39;148
39;149
39;150
39;151
39;152
39;153
39;154
39;155
39;156
39;157
39;158
39;159
39;160
39;161
39;162
39;163
39;164
39;165
39;166
39;167
39;168
39;169
39;170
39;171
39;172
39;173
39;174
39;175
39;176
39;177
39;178
39;179
39;180
39;181
39;182
39;183
39;184
39;185
39;186
39;187
39;188
39;189
39;190
39;191
39;192
39;193
39;194
39;195
39;196
39;197
39;198
39;199
39;200
39;208
39;209
39;210
39;211
39;212
39;213
39;214
39;215
39;216
39;217
39;218
39;219
39;220
39;221
39;222
39;223
39;224
39;225
39;226
39;227
39;228
39;229
39;230
39;231
39;232
39;233
39;234
39;235
39;236
39;237
39;238
39;239
39;240
39;241
39;242
39;243
39;244
39;245
39;246
39;247
39;248
39;249
39;250
39;251
39;252
39;253
39;254
39;255
39;256
39;257
39;258
39;259
39;260
39;261
39;262
39;263
39;264
39;265
39;266
39;267
39;268
39;269
39;270
39;271
39;272
39;273
39;274
39;275
39;276
39;277
39;278
39;279
39;280
39;281
39;282
39;283
39;284
39;285
39;286
39;287
39;288
39;289
39;290
39;291
39;292
39;293
39;294
39;295
39;296
39;297
39;298
39;299
39;300
39;301
39;302
39;303
39;304
39;305
39;306
39;307
39;308
39;309
39;310
39;311
39;312
39;313
39;314
39;315
39;316
39;317
39;318
39;319
39;320
39;321
39;322
39;323
39;324
39;325
39;326
39;327
39;328
39;329
39;330
39;331
39;332
39;333
39;334
39;335
39;336
39;337
39;338
39;339
39;340
39;341
39;342
39;343
39;344
39;345
39;346
39;347
39;348
39;349
39;350
39;351
39;352
39;353
39;354
39;355
39;356
39;357
39;358
39;359
39;360
39;361
39;362
39;363
39;364
39;365
39;366
39;367
39;368
39;369
39;370
39;371
39;372
39;373
39;374
39;375
39;376
39;377
39;378
39;379
39;380
39;381
39;382
39;383
39;384
39;385
39;386
39;387
39;388
39;389
39;390
39;391
39;392
39;393
39;394
39;395
39;396
39;397
39;398
39;399
39;400
39;401
39;402
39;403
39;404
39;405
39;431
39;432
39;433
39;434
39;435
39;436
39;437
39;438
39;439
39;440
39;441
39;442
39;443
39;444
39;445
39;446
39;447
39;448
39;449
39;450
39;451
39;452
39;453
39;454
39;455
39;456
39;457
39;458
39;459
39;460
39;461
39;462
39;463
39;464
39;465
39;466
39;467
39;468
39;469
39;470
39;471
39;472
39;473
39;474
39;475
39;476
39;477
39;478
39;479
39;480
39;481
39;482
39;483
39;484
39;501
39;502
39;503
39;504
39;505
39;506
39;507
39;508
39;509
39;510
39;511
39;512
39;513
39;514
39;515
39;516
39;517
39;518
39;519
39;520
39;521
39;522
39;523
39;524
39;525
39;526
39;527
39;528
39;529
39;530
39;531
39;532
39;533
39;534
39;535
39;536
40;133
40;134
40;135
40;136
40;137
40;138
40;139
40;140
40;141
40;142
40;143
40;144
40;145
40;146
40;147
40;148
40;149
40;150
40;151
40;152
40;153
40;154
40;155
40;156
40;157
40;158
40;159
40;160
40;161
40;162
40;163
40;164
40;165
40;166
40;167
40;168
40;169
40;170
40;171
40;172
40;173
40;174
40;175
40;176
40;177
40;178
40;179
40;180
40;181
40;182
40;183
40;184
40;185
40;186
40;187
40;188
40;189
40;190
40;191
40;192
40;193
40;194
40;195
40;196
40;208
40;209
40;210
40;211
40;212
40;213
40;214
40;215
40;216
40;217
40;218
40;219
40;220
40;221
40;222
40;223
40;224
40;225
40;226
40;227
40;228
40;229
40;230
40;231
40;232
40;233
40;234
40;235
40;236
40;237
40;238
40;239
40;240
40;241
40;242
40;243
40;244
40;245
40;246
40;247
40;248
40;249
40;250
40;251
40;252
40;253
40;254
40;255
40;256
40;257
40;258
40;259
40;260
40;261
40;262
40;263
40;264
40;265
40;266
40;267
40;268
40;269
40;270
40;271
40;272
40;273
40;274
40;275
40;276
40;277
40;278
40;279
40;280
40;281
40;282
40;283
40;284
40;285
40;286
40;287
40;288
40;289
40;290
40;291
40;292
40;293
40;294
40;295
40;296
40;297
40;298
40;299
40;300
40;301
40;302
40;303
40;304
40;305
40;306
40;307
40;308
40;309
40;310
40;311
40;312
40;313
40;314
40;315
40;316
40;317
40;318
40;319
40;320
40;321
40;322
40;323
40;324
40;325
40;326
40;327
40;328
40;329
40;330
40;331
40;332
40;333
40;334
40;335
40;336
40;337
40;338
40;339
40;340
40;341
40;342
40;343
40;344
40;345
40;346
40;347
40;348
40;349
40;350
40;351
40;352
40;353
40;354
40;355
40;356
40;357
40;358
40;359
40;360
40;361
40;362
40;363
40;364
40;365
40;366
40;367
40;368
40;369
40;370
40;371
40;372
40;373
40;374
40;375
40;376
40;377
40;378
40;379
40;380
40;381
40;382
40;383
40;384
40;385
40;386
40;387
40;388
40;389
40;390
40;391
40;392
40;393
40;394
40;395
40;396
40;397
40;398
40;399
40;400
40;401
40;402
40;403
40;404
40;405
40;432
40;433
40;434
40;435
40;436
40;437
40;438
40;439
40;440
40;441
40;442
40;443
40;444
40;445
40;446
40;447
40;448
40;449
40;450
40;451
40;452
40;453
40;454
40;455
40;456
40;457
40;458
40;459
40;460
40;461
40;462
40;463
40;464
40;465
40;466
40;467
40;468
40;469
40;470
40;471
40;472
40;473
40;474
40;475
40;476
40;477
40;478
40;479
40;480
40;481
40;482
40;483
40;499
40;500
40;501
40;502
40;503
40;504
40;505
40;506
40;507
40;508
40;509
40;510
40;511
40;512
40;513
40;514
40;515
40;516
40;517
40;518
40;519
40;520
40;521
40;522
40;523
40;524
40;525
40;526
40;527
40;528
40;529
40;530
40;531
40;532
40;533
40;534
40;535
40;536
41;132
41;133
41;134
41;135
41;136
41;137
41;138
41;139
41;140
41;141
41;142
41;143
41;144
41;145
41;146
41;147
41;148
41;149
41;150
41;151
41;152
41;153
41;154
41;155
41;156
41;157
41;158
41;159
41;160
41;161
41;162
41;163
41;164
41;165
41;166
41;167
41;168
41;169
41;170
41;171
41;172
41;173
41;174
41;175
41;176
41;177
41;178
41;179
41;180
41;181
41;182
41;183
41;184
41;185
41;186
41;187
41;188
41;189
41;190
41;191
41;192
41;193
41;194
41;195
41;196
41;197
41;209
41;210
41;211
41;212
41;213
41;214
41;215
41;216
41;217
41;218
41;219
41;220
41;221
41;222
41;223
41;224
41;225
41;226
41;227
41;228
41;229
41;230
41;231
41;232
41;233
41;234
41;235
41;236
41;237
41;238
41;239
41;240
41;241
41;242
41;243
41;244
41;245
41;246
41;247
41;248
41;249
41;250
41;251
41;252
41;253
41;254
41;255
41;256
41;257
41;258
41;259
41;260
41;261
41;262
41;263
41;264
41;265
41;266
41;267
41;268
41;269
41;270
41;271
41;272
41;273
41;274
41;275
41;276
41;277
41;278
41;279
41;280
41;281
41;282
41;283
41;284
41;285
41;286
41;287
41;288
41;289
41;290
41;291
41;292
41;293
41;294
41;295
41;296
41;297
41;298
41;299
41;300
41;301
41;302
41;303
41;304
41;305
41;306
41;307
41;308
41;309
41;310
41;311
41;312
41;313
41;314
41;315
41;316
41;317
41;318
41;319
41;320
41;321
41;322
41;323
41;324
41;325
41;326
41;327
41;328
41;329
41;330
41;331
41;332
41;333
41;334
41;335
41;336
41;337
41;338
41;339
41;340
41;341
41;342
41;343
41;344
41;345
41;346
41;347
41;348
41;349
41;350
41;351
41;352
41;353
41;354
41;355
41;356
41;357
41;358
41;359
41;360
41;361
41;362
41;363
41;364
41;365
41;366
41;367
41;368
41;369
41;370
41;371
41;372
41;373
41;374
41;375
41;376
41;377
41;378
41;379
41;380
41;381
41;382
41;383
41;384
41;385
41;386
41;387
41;388
41;389
41;390
41;391
41;392
41;393
41;394
41;395
41;396
41;397
41;398
41;399
41;400
41;401
41;402
41;403
41;404
41;405
41;406
41;433
41;434
41;435
41;436
41;437
41;438
41;439
41;440
41;441
41;442
41;443
41;444
41;445
41;446
41;447
41;448
41;449
41;450
41;451
41;452
41;453
41;454
41;455
41;456
41;457
41;458
41;459
41;460
41;461
41;462
41;463
41;464
41;465
41;466
41;467
41;468
41;469
41;470
41;471
41;472
41;473
41;474
41;475
41;476
41;477
41;478
41;479
41;480
41;481
41;482
41;498
41;499
41;500
41;501
41;502
41;503
41;504
41;505
41;506
41;507
41;508
41;509
41;510
41;511
41;512
41;513
41;514
41;515
41;516
41;517
41;518
41;519
41;520
41;521
41;522
41;523
41;524
41;525
41;526
41;527
41;528
41;529
41;530
41;531
41;532
41;533
41;534
41;535
41;536
42;131
42;132
42;133
42;134
42;135
42;136
42;137
42;138
42;139
42;140
42;141
42;142
42;143
42;144
42;145
42;146
42;147
42;148
42;149
42;150
42;151
42;152
42;153
42;154
42;155
42;156
42;157
42;158
42;159
42;160
42;161
42;162
42;163
42;164
42;165
42;166
42;167
42;168
42;169
42;170
42;171
42;172
42;173
42;174
42;175
42;176
42;177
42;178
42;179
42;180
42;181
42;182
42;183
42;184
42;185
42;186
42;187
42;188
42;189
42;190
42;191
42;192
42;193
42;194
42;195
42;196
42;197
42;198
42;210
42;211
42;212
42;213
42;214
42;215
42;216
42;217
42;218
42;219
42;220
42;221
42;222
42;223
42;224
42;225
42;226
42;227
42;228
42;229
42;230
42;231
42;232
42;233
42;234
42;235
42;236
42;237
42;238
42;239
42;240
42;241
42;242
42;243
42;244
42;245
42;246
42;247
42;248
42;249
42;250
42;251
42;252
42;253
42;254
42;255
42;256
42;257
42;258
42;259
42;260
42;261
42;262
42;263
42;264
42;265
42;266
42;267
42;268
42;269
42;270
42;271
42;272
42;273
42;274
42;275
42;276
42;277
42;278
42;279
42;280
42;281
42;282
42;283
42;284
42;285
42;286
42;287
42;288
42;289
42;290
42;291
42;292
42;293
42;294
42;295
42;296
42;297
42;298
42;299
42;300
42;301
42;302
42;303
42;304
42;305
42;306
42;307
42;308
42;309
42;310
42;311
42;312
42;313
42;314
42;315
42;316
42;317
42;318
42;319
42;320
42;321
42;322
42;323
42;324
42;325
42;326
42;327
42;328
42;329
42;330
42;331
42;332
42;333
42;334
42;335
42;336
42;337
42;338
42;339
42;340
42;341
42;342
42;343
42;344
42;345
42;346
42;347
42;348
42;349
42;350
42;351
42;352
42;353
42;354
42;355
42;356
42;357
42;358
42;359
42;360
42;361
42;362
42;363
42;364
42;365
42;366
42;367
42;368
42;369
42;370
42;371
42;372
42;373
42;374
42;375
42;376
42;377
42;378
42;379
42;380
42;381
42;382
42;383
42;384
42;385
42;386
42;387
42;388
42;389
42;390
42;391
42;392
42;393
42;394
42;395
42;396
42;397
42;398
42;399
42;400
42;401
42;402
42;403
42;404
42;405
42;406
42;407
42;434
42;435
42;436
42;437
42;438
42;439
42;440
42;441
42;442
42;443
42;444
42;445
42;446
42;447
42;448
42;449
42;450
42;451
42;452
42;453
42;454
42;455
42;456
42;457
42;458
42;459
42;460
42;461
42;462
42;463
42;464
42;465
42;466
42;467
42;468
42;469
42;470
42;471
42;472
42;473
42;474
42;475
42;476
42;477
42;478
42;479
42;480
42;497
42;498
42;499
42;500
42;501
42;502
42;503
42;504
42;505
42;506
42;507
42;508
42;509
42;510
42;511
42;512
42;513
42;514
42;515
42;516
42;517
42;518
42;519
42;520
42;521
42;522
42;523
42;524
42;525
42;526
42;527
42;528
42;529
42;530
42;531
42;532
42;533
42;534
42;535
42;536
43;129
43;130
43;131
43;132
43;133
43;134
43;135
43;136
43;137
43;138
43;139
43;140
43;141
43;142
43;143
43;144
43;145
43;146
43;147
43;148
43;149
43;150
43;151
43;152
43;153
43;154
43;155
43;156
43;157
43;158
43;159
43;160
43;161
43;162
43;163
43;164
43;165
43;166
43;167
43;168
43;169
43;170
43;171
43;172
43;173
43;174
43;175
43;176
43;177
43;178
43;179
43;180
43;181
43;182
43;183
43;184
43;185
43;186
43;187
43;188
43;189
43;190
43;191
43;192
43;193
43;194
43;195
43;196
43;197
43;198
43;199
43;210
43;211
43;212
43;213
43;214
43;215
43;216
43;217
43;218
43;219
43;220
43;221
43;222
43;223
43;224
43;225
43;226
43;227
43;228
43;229
43;230
43;231
43;232
43;233
43;234
43;235
43;236
43;237
43;238
43;239
43;240
43;241
43;242
43;243
43;244
43;245
43;246
43;247
43;248
43;249
43;250
43;251
43;252
43;253
43;254
43;255
43;256
43;257
43;258
43;259
43;260
43;261
43;262
43;263
43;264
43;265
43;266
43;267
43;268
43;269
43;270
43;271
43;272
43;273
43;274
43;275
43;276
43;277
43;278
43;279
43;280
43;281
43;282
43;283
43;284
43;285
43;286
43;287
43;288
43;289
43;290
43;291
43;292
43;293
43;294
43;295
43;296
43;297
43;298
43;299
43;300
43;301
43;302
43;303
43;304
43;305
43;306
43;307
43;308
43;309
43;310
43;311
43;312
43;313
43;314
43;315
43;316
43;317
43;318
43;319
43;320
43;321
43;322
43;323
43;324
43;325
43;326
43;327
43;328
43;329
43;330
43;331
43;332
43;333
43;334
43;335
43;336
43;337
43;338
43;339
43;340
43;341
43;342
43;343
43;344
43;345
43;346
43;347
43;348
43;349
43;350
43;351
43;352
43;353
43;354
43;355
43;356
43;357
43;358
43;359
43;360
43;361
43;362
43;363
43;364
43;365
43;366
43;367
43;368
43;369
43;370
43;371
43;372
43;373
43;374
43;375
43;376
43;377
43;378
43;379
43;380
43;381
43;382
43;383
43;384
43;385
43;386
43;387
43;388
43;389
43;390
43;391
43;392
43;393
43;394
43;395
43;396
43;397
43;398
43;399
43;400
43;401
43;402
43;403
43;404
43;405
43;406
43;407
43;436
43;437
43;438
43;439
43;440
43;441
43;442
43;443
43;444
43;445
43;446
43;447
43;448
43;449
43;450
43;451
43;452
43;453
43;454
43;455
43;456
43;457
43;458
43;459
43;460
43;461
43;462
43;463
43;464
43;465
43;466
43;467
43;468
43;469
43;470
43;471
43;472
43;473
43;474
43;475
43;476
43;477
43;478
43;479
43;480
43;495
43;496
43;497
43;498
43;499
43;500
43;501
43;502
43;503
43;504
43;505
43;506
43;507
43;508
43;509
43;510
43;511
43;512
43;513
43;514
43;515
43;516
43;517
43;518
43;519
43;520
43;521
43;522
43;523
43;524
43;525
43;526
43;527
43;528
43;529
43;530
43;531
43;532
43;533
43;534
43;535
43;536
44;127
44;128
44;129
44;130
44;131
44;132
44;133
44;134
44;135
44;136
44;137
44;138
44;139
44;140
44;141
44;142
44;143
44;144
44;145
44;146
44;147
44;148
44;149
44;150
44;151
44;152
44;153
44;154
44;155
44;156
44;157
44;158
44;159
44;160
44;161
44;162
44;163
44;164
44;165
44;166
44;167
44;168
44;169
44;170
44;171
44;172
44;173
44;174
44;175
44;176
44;177
44;178
44;179
44;180
44;181
44;182
44;183
44;184
44;185
44;186
44;187
44;188
44;189
44;190
44;191
44;192
44;193
44;194
44;195
44;196
44;197
44;198
44;199
44;212
44;213
44;214
44;215
44;216
44;217
44;218
44;219
44;220
44;221
44;222
44;223
44;224
44;225
44;226
44;227
44;228
44;229
44;230
44;231
44;232
44;233
44;234
44;235
44;236
44;237
44;238
44;239
44;240
44;241
44;242
44;243
44;244
44;245
44;246
44;247
44;248
44;249
44;250
44;251
44;252
44;253
44;254
44;255
44;256
44;257
44;258
44;259
44;260
44;261
44;262
44;263
44;264
44;265
44;266
44;267
44;268
44;269
44;270
44;271
44;272
44;273
44;274
44;275
44;276
44;277
44;278
44;279
44;280
44;281
44;282
44;283
44;284
44;285
44;286
44;287
44;288
44;289
44;290
44;291
44;292
44;293
44;294
44;295
44;296
44;297
44;298
44;299
44;300
44;301
44;302
44;303
44;304
44;305
44;306
44;307
44;308
44;309
44;310
44;311
44;312
44;313
44;314
44;315
44;316
44;317
44;318
44;319
44;320
44;321
44;322
44;323
44;324
44;325
44;326
44;327
44;328
44;329
44;330
44;331
44;332
44;333
44;334
44;335
44;336
44;337
44;338
44;339
44;340
44;341
44;342
44;343
44;344
44;345
44;346
44;347
44;348
44;349
44;350
44;351
44;352
44;353
44;354
44;355
44;356
44;357
44;358
44;359
44;360
44;361
44;362
44;363
44;364
44;365
44;366
44;367
44;368
44;369
44;370
44;371
44;372
44;373
44;374
44;375
44;376
44;377
44;378
44;379
44;380
44;381
44;382
44;383
44;384
44;385
44;386
44;387
44;388
44;389
44;390
44;391
44;392
44;393
44;394
44;395
44;396
44;397
44;398
44;399
44;400
44;401
44;402
44;403
44;404
44;405
44;406
44;407
44;408
44;409
44;438
44;439
44;440
44;441
44;442
44;443
44;444
44;445
44;446
44;447
44;448
44;449
44;450
44;451
44;452
44;453
44;454
44;455
44;456
44;457
44;458
44;459
44;460
44;461
44;462
44;463
44;464
44;465
44;466
44;467
44;468
44;469
44;470
44;471
44;472
44;473
44;474
44;475
44;476
44;477
44;478
44;494
44;495
44;496
44;497
44;498
44;499
44;500
44;501
44;502
44;503
44;504
44;505
44;506
44;507
44;508
44;509
44;510
44;511
44;512
44;513
44;514
44;515
44;516
44;517
44;518
44;519
44;520
44;521
44;522
44;523
44;524
44;525
44;526
44;527
44;528
44;529
44;530
44;531
44;532
44;533
44;534
44;535
44;536
45;125
45;126
45;127
45;128
45;129
45;130
45;131
45;132
45;133
45;134
45;135
45;136
45;137
45;138
45;139
45;140
45;141
45;142
45;143
45;144
45;145
45;146
45;147
45;148
45;149
45;150
45;151
45;152
45;153
45;154
45;155
45;156
45;157
45;158
45;159
45;160
45;161
45;162
45;163
45;164
45;165
45;166
45;167
45;168
45;169
45;170
45;171
45;172
45;173
45;174
45;175
45;176
45;177
45;178
45;179
45;180
45;181
45;182
45;183
45;184
45;185
45;186
45;187
45;188
45;189
45;190
45;191
45;192
45;193
45;194
45;195
45;196
45;197
45;198
45;199
45;200
45;201
45;212
45;213
45;214
45;215
45;216
45;217
45;218
45;219
45;220
45;221
45;222
45;223
45;224
45;225
45;226
45;227
45;228
45;229
45;230
45;231
45;232
45;233
45;234
45;235
45;236
45;237
45;238
45;239
45;240
45;241
45;242
45;243
45;244
45;245
45;246
45;247
45;248
45;249
45;250
45;251
45;252
45;253
45;254
45;255
45;256
45;257
45;258
45;259
45;260
45;261
45;262
45;263
45;264
45;265
45;266
45;267
45;268
45;269
45;270
45;271
45;272
45;273
45;274
45;275
45;276
45;277
45;278
45;279
45;280
45;281
45;282
45;283
45;284
45;285
45;286
45;287
45;288
45;289
45;290
45;291
45;292
45;293
45;294
45;295
45;296
45;297
45;298
45;299
45;300
45;301
45;302
45;303
45;304
45;305
45;306
45;307
45;308
45;309
45;310
45;311
45;312
45;313
45;314
45;315
45;316
45;317
45;318
45;319
45;320
45;321
45;322
45;323
45;324
45;325
45;326
45;327
45;328
45;329
45;330
45;331
45;332
45;333
45;334
45;335
45;336
45;337
45;338
45;339
45;340
45;341
45;342
45;343
45;344
45;345
45;346
45;347
45;348
45;349
45;350
45;351
45;352
45;353
45;354
45;355
45;356
45;357
45;358
45;359
45;360
45;361
45;362
45;363
45;364
45;365
45;366
45;367
45;368
45;369
45;370
45;371
45;372
45;373
45;374
45;375
45;376
45;377
45;378
45;379
45;380
45;381
45;382
45;383
45;384
45;385
45;386
45;387
45;388
45;389
45;390
45;391
45;392
45;393
45;394
45;395
45;396
45;397
45;398
45;399
45;400
45;401
45;402
45;403
45;404
45;405
45;406
45;407
45;408
45;409
45;440
45;441
45;442
45;443
45;444
45;445
45;446
45;447
45;448
45;449
45;450
45;451
45;452
45;453
45;454
45;455
45;456
45;457
45;458
45;459
45;460
45;461
45;462
45;463
45;464
45;465
45;466
45;467
45;468
45;469
45;470
45;471
45;472
45;473
45;474
45;475
45;476
45;493
45;494
45;495
45;496
45;497
45;498
45;499
45;500
45;501
45;502
45;503
45;504
45;505
45;506
45;507
45;508
45;509
45;510
45;511
45;512
45;513
45;514
45;515
45;516
45;517
45;518
45;519
45;520
45;521
45;522
45;523
45;524
45;525
45;526
45;527
45;528
45;529
45;530
45;531
45;532
45;533
45;534
45;535
45;536
46;125
46;126
46;127
46;128
46;129
46;130
46;131
46;132
46;133
46;134
46;135
46;136
46;137
46;138
46;139
46;140
46;141
46;142
46;143
46;144
46;145
46;146
46;147
46;148
46;149
46;150
46;151
46;152
46;153
46;154
46;155
46;156
46;157
46;158
46;159
46;160
46;161
46;162
46;163
46;164
46;165
46;166
46;167
46;168
46;169
46;170
46;171
46;172
46;173
46;174
46;175
46;176
46;177
46;178
46;179
46;180
46;181
46;182
46;183
46;184
46;185
46;186
46;187
46;188
46;189
46;190
46;191
46;192
46;193
46;194
46;195
46;196
46;197
46;198
46;199
46;200
46;201
46;214
46;215
46;216
46;217
46;218
46;219
46;220
46;221
46;222
46;223
46;224
46;225
46;226
46;227
46;228
46;229
46;230
46;231
46;232
46;233
46;234
46;235
46;236
46;237
46;238
46;239
46;240
46;241
46;242
46;243
46;244
46;245
46;246
46;247
46;248
46;249
46;250
46;251
46;252
46;253
46;254
46;255
46;256
46;257
46;258
46;259
46;260
46;261
46;262
46;263
46;264
46;265
46;266
46;267
46;268
46;269
46;270
46;271
46;272
46;273
46;274
46;275
46;276
46;277
46;278
46;279
46;280
46;281
46;282
46;283
46;284
46;285
46;286
46;287
46;288
46;289
46;290
46;291
46;292
46;293
46;294
46;295
46;296
46;297
46;298
46;299
46;300
46;301
46;302
46;303
46;304
46;305
46;306
46;307
46;308
46;309
46;310
46;311
46;312
46;313
46;314
46;315
46;316
46;317
46;318
46;319
46;320
46;321
46;322
46;323
46;324
46;325
46;326
46;327
46;328
46;329
46;330
46;331
46;332
46;333
46;334
46;335
46;336
46;337
46;338
46;339
46;340
46;341
46;342
46;343
46;344
46;345
46;346
46;347
46;348
46;349
46;350
46;351
46;352
46;353
46;354
46;355
46;356
46;357
46;358
46;359
46;360
46;361
46;362
46;363
46;364
46;365
46;366
46;367
46;368
46;369
46;370
46;371
46;372
46;373
46;374
46;375
46;376
46;377
46;378
46;379
46;380
46;381
46;382
46;383
46;384
46;385
46;386
46;387
46;388
46;389
46;390
46;391
46;392
46;393
46;394
46;395
46;396
46;397
46;398
46;399
46;400
46;401
46;402
46;403
46;404
46;405
46;406
46;407
46;408
46;409
46;410
46;442
46;443
46;444
46;445
46;446
46;447
46;448
46;449
46;450
46;451
46;452
46;453
46;454
46;455
46;456
46;457
46;458
46;459
46;460
46;461
46;462
46;463
46;464
46;465
46;466
46;467
46;468
46;469
46;470
46;471
46;472
46;473
46;474
46;491
46;492
46;493
46;494
46;495
46;496
46;497
46;498
46;499
46;500
46;501
46;502
46;503
46;504
46;505
46;506
46;507
46;508
46;509
46;510
46;511
46;512
46;513
46;514
46;515
46;516
46;517
46;518
46;519
46;520
46;521
46;522
46;523
46;524
46;525
46;526
46;527
46;528
46;529
46;530
46;531
46;532
46;533
46;534
46;535
46;536
47;123
47;124
47;125
47;126
47;127
47;128
47;129
47;130
47;131
47;132
47;133
47;134
47;135
47;136
47;137
47;138
47;139
47;140
47;141
47;142
47;143
47;144
47;145
47;146
47;147
47;148
47;149
47;150
47;151
47;152
47;153
47;154
47;155
47;156
47;157
47;158
47;159
47;160
47;161
47;162
47;163
47;164
47;165
47;166
47;167
47;168
47;169
47;170
47;171
47;172
47;173
47;174
47;175
47;176
47;177
47;178
47;179
47;180
47;181
47;182
47;183
47;184
47;185
47;186
47;187
47;188
47;189
47;190
47;191
47;192
47;193
47;194
47;195
47;196
47;197
47;198
47;199
47;200
47;201
47;202
47;214
47;215
47;216
47;217
47;218
47;219
47;220
47;221
47;222
47;223
47;224
47;225
47;226
47;227
47;228
47;229
47;230
47;231
47;232
47;233
47;234
47;235
47;236
47;237
47;238
47;239
47;240
47;241
47;242
47;243
47;244
47;245
47;246
47;247
47;248
47;249
47;250
47;251
47;252
47;253
47;254
47;255
47;256
47;257
47;258
47;259
47;260
47;261
47;262
47;263
47;264
47;265
47;266
47;267
47;268
47;269
47;270
47;271
47;272
47;273
47;274
47;275
47;276
47;277
47;278
47;279
47;280
47;281
47;282
47;283
47;284
47;285
47;286
47;287
47;288
47;289
47;290
47;291
47;292
47;293
47;294
47;295
47;296
47;297
47;298
47;299
47;300
47;301
47;302
47;303
47;304
47;305
47;306
47;307
47;308
47;309
47;310
47;311
47;312
47;313
47;314
47;315
47;316
47;317
47;318
47;319
47;320
47;321
47;322
47;323
47;324
47;325
47;326
47;327
47;328
47;329
47;330
47;331
47;332
47;333
47;334
47;335
47;336
47;337
47;338
47;339
47;340
47;341
47;342
47;343
47;344
47;345
47;346
47;347
47;348
47;349
47;350
47;351
47;352
47;353
47;354
47;355
47;356
47;357
47;358
47;359
47;360
47;361
47;362
47;363
47;364
47;365
47;366
47;367
47;368
47;369
47;370
47;371
47;372
47;373
47;374
47;375
47;376
47;377
47;378
47;379
47;380
47;381
47;382
47;383
47;384
47;385
47;386
47;387
47;388
47;389
47;390
47;391
47;392
47;393
47;394
47;395
47;396
47;397
47;398
47;399
47;400
47;401
47;402
47;403
47;404
47;405
47;406
47;407
47;408
47;409
47;410
47;411
47;444
47;445
47;446
47;447
47;448
47;449
47;450
47;451
47;452
47;453
47;454
47;455
47;456
47;457
47;458
47;459
47;460
47;461
47;462
47;463
47;464
47;465
47;466
47;467
47;468
47;469
47;470
47;471
47;472
47;491
47;492
47;493
47;494
47;495
47;496
47;497
47;498
47;499
47;500
47;501
47;502
47;503
47;504
47;505
47;506
47;507
47;508
47;509
47;510
47;511
47;512
47;513
47;514
47;515
47;516
47;517
47;518
47;519
47;520
47;521
47;522
47;523
47;524
47;525
47;526
47;527
47;528
47;529
47;530
47;531
47;532
47;533
47;534
47;535
47;536
48;121
48;122
48;123
48;124
48;125
48;126
48;127
48;128
48;129
48;130
48;131
48;132
48;133
48;134
48;135
48;136
48;137
48;138
48;139
48;140
48;141
48;142
48;143
48;144
48;145
48;146
48;147
48;148
48;149
48;150
48;151
48;152
48;153
48;154
48;155
48;156
48;157
48;158
48;159
48;160
48;161
48;162
48;163
48;164
48;165
48;166
48;167
48;168
48;169
48;170
48;171
48;172
48;173
48;174
48;175
48;176
48;177
48;178
48;179
48;180
48;181
48;182
48;183
48;184
48;185
48;186
48;187
48;188
48;189
48;190
48;191
48;192
48;193
48;194
48;195
48;196
48;197
48;198
48;199
48;200
48;201
48;202
48;203
48;216
48;217
48;218
48;219
48;220
48;221
48;222
48;223
48;224
48;225
48;226
48;227
48;228
48;229
48;230
48;231
48;232
48;233
48;234
48;235
48;236
48;237
48;238
48;239
48;240
48;241
48;242
48;243
48;244
48;245
48;246
48;247
48;248
48;249
48;250
48;251
48;252
48;253
48;254
48;255
48;256
48;257
48;258
48;259
48;260
48;261
48;262
48;263
48;264
48;265
48;266
48;267
48;268
48;269
48;270
48;271
48;272
48;273
48;274
48;275
48;276
48;277
48;278
48;279
48;280
48;281
48;282
48;283
48;284
48;285
48;286
48;287
48;288
48;289
48;290
48;291
48;292
48;293
48;294
48;295
48;296
48;297
48;298
48;299
48;300
48;301
48;302
48;303
48;304
48;305
48;306
48;307
48;308
48;309
48;310
48;311
48;312
48;313
48;314
48;315
48;316
48;317
48;318
48;319
48;320
48;321
48;322
48;323
48;324
48;325
48;326
48;327
48;328
48;329
48;330
48;331
48;332
48;333
48;334
48;335
48;336
48;337
48;338
48;339
48;340
48;341
48;342
48;343
48;344
48;345
48;346
48;347
48;348
48;349
48;350
48;351
48;352
48;353
48;354
48;355
48;356
48;357
48;358
48;359
48;360
48;361
48;362
48;363
48;364
48;365
48;366
48;367
48;368
48;369
48;370
48;371
48;372
48;373
48;374
48;375
48;376
48;377
48;378
48;379
48;380
48;381
48;382
48;383
48;384
48;385
48;386
48;387
48;388
48;389
48;390
48;391
48;392
48;393
48;394
48;395
48;396
48;397
48;398
48;399
48;400
48;401
48;402
48;403
48;404
48;405
48;406
48;407
48;408
48;409
48;410
48;411
48;446
48;447
48;448
48;449
48;450
48;451
48;452
48;453
48;454
48;455
48;456
48;457
48;458
48;459
48;460
48;461
48;462
48;463
48;464
48;465
48;466
48;467
48;468
48;492
48;493
48;494
48;495
48;496
48;497
48;498
48;499
48;500
48;501
48;502
48;503
48;504
48;505
48;506
48;507
48;508
48;509
48;510
48;511
48;512
48;513
48;514
48;515
48;516
48;517
48;518
48;519
48;520
48;521
48;522
48;523
48;524
48;525
48;526
48;527
48;528
48;529
48;530
48;531
48;532
48;533
48;534
48;535
48;536
49;119
49;120
49;121
49;122
49;123
49;124
49;125
49;126
49;127
49;128
49;129
49;130
49;131
49;132
49;133
49;134
49;135
49;136
49;137
49;138
49;139
49;140
49;141
49;142
49;143
49;144
49;145
49;146
49;147
49;148
49;149
49;150
49;151
49;152
49;153
49;154
49;155
49;156
49;157
49;158
49;159
49;160
49;161
49;162
49;163
49;164
49;165
49;166
49;167
49;168
49;169
49;170
49;171
49;172
49;173
49;174
49;175
49;176
49;177
49;178
49;179
49;180
49;181
49;182
49;183
49;184
49;185
49;186
49;187
49;188
49;189
49;190
49;191
49;192
49;193
49;194
49;195
49;196
49;197
49;198
49;199
49;200
49;201
49;202
49;203
49;204
49;216
49;217
49;218
49;219
49;220
49;221
49;222
49;223
49;224
49;225
49;226
49;227
49;228
49;229
49;230
49;231
49;232
49;233
49;234
49;235
49;236
49;237
49;238
49;239
49;240
49;241
49;242
49;243
49;244
49;245
49;246
49;247
49;248
49;249
49;250
49;251
49;252
49;253
49;254
49;255
49;256
49;257
49;258
49;259
49;260
49;261
49;262
49;263
49;264
49;265
49;266
49;267
49;268
49;269
49;270
49;271
49;272
49;273
49;274
49;275
49;276
49;277
49;278
49;279
49;280
49;281
49;282
49;283
49;284
49;285
49;286
49;287
49;288
49;289
49;290
49;291
49;292
49;293
49;294
49;295
49;296
49;297
49;298
49;299
49;300
49;301
49;302
49;303
49;304
49;305
49;306
49;307
49;308
49;309
49;310
49;311
49;312
49;313
49;314
49;315
49;316
49;317
49;318
49;319
49;320
49;321
49;322
49;323
49;324
49;325
49;326
49;327
49;328
49;329
49;330
49;331
49;332
49;333
49;334
49;335
49;336
49;337
49;338
49;339
49;340
49;341
49;342
49;343
49;344
49;345
49;346
49;347
49;348
49;349
49;350
49;351
49;352
49;353
49;354
49;355
49;356
49;357
49;358
49;359
49;360
49;361
49;362
49;363
49;364
49;365
49;366
49;367
49;368
49;369
49;370
49;371
49;372
49;373
49;374
49;375
49;376
49;377
49;378
49;379
49;380
49;381
49;382
49;383
49;384
49;385
49;386
49;387
49;388
49;389
49;390
49;391
49;392
49;393
49;394
49;395
49;396
49;397
49;398
49;399
49;400
49;401
49;402
49;403
49;404
49;405
49;406
49;407
49;408
49;409
49;410
49;411
49;412
49;450
49;452
49;453
49;454
49;455
49;456
49;457
49;458
49;459
49;460
49;461
49;462
49;463
49;464
49;493
49;494
49;495
49;496
49;497
49;498
49;499
49;500
49;501
49;502
49;503
49;504
49;505
49;506
49;507
49;508
49;509
49;510
49;511
49;512
49;513
49;514
49;515
49;516
49;517
49;518
49;519
49;520
49;521
49;522
49;523
49;524
49;525
49;526
49;527
49;528
49;529
49;530
49;531
49;532
49;533
49;534
49;535
49;536
50;118
50;119
50;120
50;121
50;122
50;123
50;124
50;125
50;126
50;127
50;128
50;129
50;130
50;131
50;132
50;133
50;134
50;135
50;136
50;137
50;138
50;139
50;140
50;141
50;142
50;143
50;144
50;145
50;146
50;147
50;148
50;149
50;150
50;151
50;152
50;153
50;154
50;155
50;156
50;157
50;158
50;159
50;160
50;161
50;162
50;163
50;164
50;165
50;166
50;167
50;168
50;169
50;170
50;171
50;172
50;173
50;174
50;175
50;176
50;177
50;178
50;179
50;180
50;181
50;182
50;183
50;184
50;185
50;186
50;187
50;188
50;189
50;190
50;191
50;192
50;193
50;194
50;195
50;196
50;197
50;198
50;199
50;200
50;201
50;202
50;203
50;204
50;205
50;218
50;219
50;220
50;221
50;222
50;223
50;224
50;225
50;226
50;227
50;228
50;229
50;230
50;231
50;232
50;233
50;234
50;235
50;236
50;237
50;238
50;239
50;240
50;241
50;242
50;243
50;244
50;245
50;246
50;247
50;248
50;249
50;250
50;251
50;252
50;253
50;254
50;255
50;256
50;257
50;258
50;259
50;260
50;261
50;262
50;263
50;264
50;265
50;266
50;267
50;268
50;269
50;270
50;271
50;272
50;273
50;274
50;275
50;276
50;277
50;278
50;279
50;280
50;281
50;282
50;283
50;284
50;285
50;286
50;287
50;288
50;289
50;290
50;291
50;292
50;293
50;294
50;295
50;296
50;297
50;298
50;299
50;300
50;301
50;302
50;303
50;304
50;305
50;306
50;307
50;308
50;309
50;310
50;311
50;312
50;313
50;314
50;315
50;316
50;317
50;318
50;319
50;320
50;321
50;322
50;323
50;324
50;325
50;326
50;327
50;328
50;329
50;330
50;331
50;332
50;333
50;334
50;335
50;336
50;337
50;338
50;339
50;340
50;341
50;342
50;343
50;344
50;345
50;346
50;347
50;348
50;349
50;350
50;351
50;352
50;353
50;354
50;355
50;356
50;357
50;358
50;359
50;360
50;361
50;362
50;363
50;364
50;365
50;366
50;367
50;368
50;369
50;370
50;371
50;372
50;373
50;374
50;375
50;376
50;377
50;378
50;379
50;380
50;381
50;382
50;383
50;384
50;385
50;386
50;387
50;388
50;389
50;390
50;391
50;392
50;393
50;394
50;395
50;396
50;397
50;398
50;399
50;400
50;401
50;402
50;403
50;404
50;405
50;406
50;407
50;408
50;409
50;410
50;411
50;412
50;413
50;494
50;495
50;496
50;497
50;498
50;499
50;500
50;501
50;502
50;503
50;504
50;505
50;506
50;507
50;508
50;509
50;510
50;511
50;512
50;513
50;514
50;515
50;516
50;517
50;518
50;519
50;520
50;521
50;522
50;523
50;524
50;525
50;526
50;527
50;528
50;529
50;530
50;531
50;532
50;533
50;534
50;535
50;536
51;117
51;118
51;119
51;120
51;121
51;122
51;123
51;124
51;125
51;126
51;127
51;128
51;129
51;130
51;131
51;132
51;133
51;134
51;135
51;136
51;137
51;138
51;139
51;140
51;141
51;142
51;143
51;144
51;145
51;146
51;147
51;148
51;149
51;150
51;151
51;152
51;153
51;154
51;155
51;156
51;157
51;158
51;159
51;160
51;161
51;162
51;163
51;164
51;165
51;166
51;167
51;168
51;169
51;170
51;171
51;172
51;173
51;174
51;175
51;176
51;177
51;178
51;179
51;180
51;181
51;182
51;183
51;184
51;185
51;186
51;187
51;188
51;189
51;190
51;191
51;192
51;193
51;194
51;195
51;196
51;197
51;198
51;199
51;200
51;201
51;202
51;203
51;204
51;205
51;220
51;221
51;222
51;223
51;224
51;225
51;226
51;227
51;228
51;229
51;230
51;231
51;232
51;233
51;234
51;235
51;236
51;237
51;238
51;239
51;240
51;241
51;242
51;243
51;244
51;245
51;246
51;247
51;248
51;249
51;250
51;251
51;252
51;253
51;254
51;255
51;256
51;257
51;258
51;259
51;260
51;261
51;262
51;263
51;264
51;265
51;266
51;267
51;268
51;269
51;270
51;271
51;272
51;273
51;274
51;275
51;276
51;277
51;278
51;279
51;280
51;281
51;282
51;283
51;284
51;285
51;286
51;287
51;288
51;289
51;290
51;291
51;292
51;293
51;294
51;295
51;296
51;297
51;298
51;299
51;300
51;301
51;302
51;303
51;304
51;305
51;306
51;307
51;308
51;309
51;310
51;311
51;312
51;313
51;314
51;315
51;316
51;317
51;318
51;319
51;320
51;321
51;322
51;323
51;324
51;325
51;326
51;327
51;328
51;329
51;330
51;331
51;332
51;333
51;334
51;335
51;336
51;337
51;338
51;339
51;340
51;341
51;342
51;343
51;344
51;345
51;346
51;347
51;348
51;349
51;350
51;351
51;352
51;353
51;354
51;355
51;356
51;357
51;358
51;359
51;360
51;361
51;362
51;363
51;364
51;365
51;366
51;367
51;368
51;369
51;370
51;371
51;372
51;373
51;374
51;375
51;376
51;377
51;378
51;379
51;380
51;381
51;382
51;383
51;384
51;385
51;386
51;387
51;388
51;389
51;390
51;391
51;392
51;393
51;394
51;395
51;396
51;397
51;398
51;399
51;400
51;401
51;402
51;403
51;404
51;405
51;406
51;407
51;408
51;409
51;410
51;411
51;412
51;413
51;495
51;496
51;497
51;498
51;499
51;500
51;501
51;502
51;503
51;504
51;505
51;506
51;507
51;508
51;509
51;510
51;511
51;512
51;513
51;514
51;515
51;516
51;517
51;518
51;519
51;520
51;521
51;522
51;523
51;524
51;525
51;526
51;527
51;528
51;529
51;530
51;531
51;532
51;533
51;534
51;535
51;536
52;115
52;116
52;117
52;118
52;119
52;120
52;121
52;122
52;123
52;124
52;125
52;126
52;127
52;128
52;129
52;130
52;131
52;132
52;133
52;134
52;135
52;136
52;137
52;138
52;139
52;140
52;141
52;142
52;143
52;144
52;145
52;146
52;147
52;148
52;149
52;150
52;151
52;152
52;153
52;154
52;155
52;156
52;157
52;158
52;159
52;160
52;161
52;162
52;163
52;164
52;165
52;166
52;167
52;168
52;169
52;170
52;171
52;172
52;173
52;174
52;175
52;176
52;177
52;178
52;179
52;180
52;181
52;182
52;183
52;184
52;185
52;186
52;187
52;188
52;189
52;190
52;191
52;192
52;193
52;194
52;195
52;196
52;197
52;198
52;199
52;200
52;201
52;202
52;203
52;204
52;205
52;206
52;207
52;220
52;221
52;222
52;223
52;224
52;225
52;226
52;227
52;228
52;229
52;230
52;231
52;232
52;233
52;234
52;235
52;236
52;237
52;238
52;239
52;240
52;241
52;242
52;243
52;244
52;245
52;246
52;247
52;248
52;249
52;250
52;251
52;252
52;253
52;254
52;255
52;256
52;257
52;258
52;259
52;260
52;261
52;262
52;263
52;264
52;265
52;266
52;267
52;268
52;269
52;270
52;271
52;272
52;273
52;274
52;275
52;276
52;277
52;278
52;279
52;280
52;281
52;282
52;283
52;284
52;285
52;286
52;287
52;288
52;289
52;290
52;291
52;292
52;293
52;294
52;295
52;296
52;297
52;298
52;299
52;300
52;301
52;302
52;303
52;304
52;305
52;306
52;307
52;308
52;309
52;310
52;311
52;312
52;313
52;314
52;315
52;316
52;317
52;318
52;319
52;320
52;321
52;322
52;323
52;324
52;325
52;326
52;327
52;328
52;329
52;330
52;331
52;332
52;333
52;334
52;335
52;336
52;337
52;338
52;339
52;340
52;341
52;342
52;343
52;344
52;345
52;346
52;347
52;348
52;349
52;350
52;351
52;352
52;353
52;354
52;355
52;356
52;357
52;358
52;359
52;360
52;361
52;362
52;363
52;364
52;365
52;366
52;367
52;368
52;369
52;370
52;371
52;372
52;373
52;374
52;375
52;376
52;377
52;378
52;379
52;380
52;381
52;382
52;383
52;384
52;385
52;386
52;387
52;388
52;389
52;390
52;391
52;392
52;393
52;394
52;395
52;396
52;397
52;398
52;399
52;400
52;401
52;402
52;403
52;404
52;405
52;406
52;407
52;408
52;409
52;410
52;411
52;412
52;413
52;414
52;415
52;496
52;497
52;498
52;499
52;500
52;501
52;502
52;503
52;504
52;505
52;506
52;507
52;508
52;509
52;510
52;511
52;512
52;513
52;514
52;515
52;516
52;517
52;518
52;519
52;520
52;521
52;522
52;523
52;524
52;525
52;526
52;527
52;528
52;529
52;530
52;531
52;532
52;533
52;534
52;535
52;536
53;114
53;115
53;116
53;117
53;118
53;119
53;120
53;121
53;122
53;123
53;124
53;125
53;126
53;127
53;128
53;129
53;130
53;131
53;132
53;133
53;134
53;135
53;136
53;137
53;138
53;139
53;140
53;141
53;142
53;143
53;144
53;145
53;146
53;147
53;148
53;149
53;150
53;151
53;152
53;153
53;154
53;155
53;156
53;157
53;158
53;159
53;160
53;161
53;162
53;163
53;164
53;165
53;166
53;167
53;168
53;169
53;170
53;171
53;172
53;173
53;174
53;175
53;176
53;177
53;178
53;179
53;180
53;181
53;182
53;183
53;184
53;185
53;186
53;187
53;188
53;189
53;190
53;191
53;192
53;193
53;194
53;195
53;196
53;197
53;198
53;199
53;200
53;201
53;202
53;203
53;204
53;205
53;206
53;207
53;222
53;223
53;224
53;225
53;226
53;227
53;228
53;229
53;230
53;231
53;232
53;233
53;234
53;235
53;236
53;237
53;238
53;239
53;240
53;241
53;242
53;243
53;244
53;245
53;246
53;247
53;248
53;249
53;250
53;251
53;252
53;253
53;254
53;255
53;256
53;257
53;258
53;259
53;260
53;261
53;262
53;263
53;264
53;265
53;266
53;267
53;268
53;269
53;270
53;271
53;272
53;273
53;274
53;275
53;276
53;277
53;278
53;279
53;280
53;281
53;282
53;283
53;284
53;285
53;286
53;287
53;288
53;289
53;290
53;291
53;292
53;293
53;294
53;295
53;296
53;297
53;298
53;299
53;300
53;301
53;302
53;303
53;304
53;305
53;306
53;307
53;308
53;309
53;310
53;311
53;312
53;313
53;314
53;315
53;316
53;317
53;318
53;319
53;320
53;321
53;322
53;323
53;324
53;325
53;326
53;327
53;328
53;329
53;330
53;331
53;332
53;333
53;334
53;335
53;336
53;337
53;338
53;339
53;340
53;341
53;342
53;343
53;344
53;345
53;346
53;347
53;348
53;349
53;350
53;351
53;352
53;353
53;354
53;355
53;356
53;357
53;358
53;359
53;360
53;361
53;362
53;363
53;364
53;365
53;366
53;367
53;368
53;369
53;370
53;371
53;372
53;373
53;374
53;375
53;376
53;377
53;378
53;379
53;380
53;381
53;382
53;383
53;384
53;385
53;386
53;387
53;388
53;389
53;390
53;391
53;392
53;393
53;394
53;395
53;396
53;397
53;398
53;399
53;400
53;401
53;402
53;403
53;404
53;405
53;406
53;407
53;408
53;409
53;410
53;411
53;412
53;413
53;414
53;415
53;497
53;498
53;499
53;500
53;501
53;502
53;503
53;504
53;505
53;506
53;507
53;508
53;509
53;510
53;511
53;512
53;513
53;514
53;515
53;516
53;517
53;518
53;519
53;520
53;521
53;522
53;523
53;524
53;525
53;526
53;527
53;528
53;529
53;530
53;531
53;532
53;533
53;534
53;535
53;536
54;116
54;117
54;118
54;119
54;120
54;121
54;122
54;123
54;124
54;125
54;126
54;127
54;128
54;129
54;130
54;131
54;132
54;133
54;134
54;135
54;136
54;137
54;138
54;139
54;140
54;141
54;142
54;143
54;144
54;145
54;146
54;147
54;148
54;149
54;150
54;151
54;152
54;153
54;154
54;155
54;156
54;157
54;158
54;159
54;160
54;161
54;162
54;163
54;164
54;165
54;166
54;167
54;168
54;169
54;170
54;171
54;172
54;173
54;174
54;175
54;176
54;177
54;178
54;179
54;180
54;181
54;182
54;183
54;184
54;185
54;186
54;187
54;188
54;189
54;190
54;191
54;192
54;193
54;194
54;195
54;196
54;197
54;198
54;199
54;200
54;201
54;202
54;203
54;204
54;205
54;206
54;207
54;208
54;224
54;225
54;226
54;227
54;228
54;229
54;230
54;231
54;232
54;233
54;234
54;235
54;236
54;237
54;238
54;239
54;240
54;241
54;242
54;243
54;244
54;245
54;246
54;247
54;248
54;249
54;250
54;251
54;252
54;253
54;254
54;255
54;256
54;257
54;258
54;259
54;260
54;261
54;262
54;263
54;264
54;265
54;266
54;267
54;268
54;269
54;270
54;271
54;272
54;273
54;274
54;275
54;276
54;277
54;278
54;279
54;280
54;281
54;282
54;283
54;284
54;285
54;286
54;287
54;288
54;289
54;290
54;291
54;292
54;293
54;294
54;295
54;296
54;297
54;298
54;299
54;300
54;301
54;302
54;303
54;304
54;305
54;306
54;307
54;308
54;309
54;310
54;311
54;312
54;313
54;314
54;315
54;316
54;317
54;318
54;319
54;320
54;321
54;322
54;323
54;324
54;325
54;326
54;327
54;328
54;329
54;330
54;331
54;332
54;333
54;334
54;335
54;336
54;337
54;338
54;339
54;340
54;341
54;342
54;343
54;344
54;345
54;346
54;347
54;348
54;349
54;350
54;351
54;352
54;353
54;354
54;355
54;356
54;357
54;358
54;359
54;360
54;361
54;362
54;363
54;364
54;365
54;366
54;367
54;368
54;369
54;370
54;371
54;372
54;373
54;374
54;375
54;376
54;377
54;378
54;379
54;380
54;381
54;382
54;383
54;384
54;385
54;386
54;387
54;388
54;389
54;390
54;391
54;392
54;393
54;394
54;395
54;396
54;397
54;398
54;399
54;400
54;401
54;402
54;403
54;404
54;405
54;406
54;407
54;408
54;409
54;410
54;411
54;412
54;413
54;414
54;415
54;416
54;498
54;499
54;500
54;501
54;502
54;503
54;504
54;505
54;506
54;507
54;508
54;509
54;510
54;511
54;512
54;513
54;514
54;515
54;516
54;517
54;518
54;519
54;520
54;521
54;522
54;523
54;524
54;525
54;526
54;527
54;528
54;529
54;530
54;531
54;532
54;533
54;534
54;535
54;536
55;116
55;117
55;118
55;119
55;120
55;121
55;122
55;123
55;124
55;125
55;126
55;127
55;128
55;129
55;130
55;131
55;132
55;133
55;134
55;135
55;136
55;137
55;138
55;139
55;140
55;141
55;142
55;143
55;144
55;145
55;146
55;147
55;148
55;149
55;150
55;151
55;152
55;153
55;154
55;155
55;156
55;157
55;158
55;159
55;160
55;161
55;162
55;163
55;164
55;165
55;166
55;167
55;168
55;169
55;170
55;171
55;172
55;173
55;174
55;175
55;176
55;177
55;178
55;179
55;180
55;181
55;182
55;183
55;184
55;185
55;186
55;187
55;188
55;189
55;190
55;191
55;192
55;193
55;194
55;195
55;196
55;197
55;198
55;199
55;200
55;201
55;202
55;203
55;204
55;205
55;206
55;207
55;208
55;209
55;226
55;227
55;228
55;229
55;230
55;231
55;232
55;233
55;234
55;235
55;236
55;237
55;238
55;239
55;240
55;241
55;242
55;243
55;244
55;245
55;246
55;247
55;248
55;249
55;250
55;251
55;252
55;253
55;254
55;255
55;256
55;257
55;258
55;259
55;260
55;261
55;262
55;263
55;264
55;265
55;266
55;267
55;268
55;269
55;270
55;271
55;272
55;273
55;274
55;276
55;277
55;278
55;279
55;280
55;281
55;282
55;283
55;284
55;285
55;286
55;287
55;288
55;289
55;290
55;291
55;292
55;293
55;294
55;295
55;296
55;297
55;298
55;299
55;300
55;301
55;302
55;303
55;304
55;305
55;306
55;307
55;308
55;309
55;310
55;311
55;312
55;313
55;314
55;315
55;316
55;317
55;318
55;319
55;320
55;321
55;322
55;323
55;324
55;325
55;326
55;327
55;328
55;329
55;330
55;331
55;332
55;333
55;334
55;335
55;336
55;337
55;338
55;339
55;340
55;341
55;342
55;343
55;344
55;345
55;346
55;347
55;348
55;349
55;350
55;351
55;352
55;353
55;354
55;355
55;356
55;357
55;358
55;359
55;360
55;361
55;362
55;363
55;364
55;365
55;366
55;367
55;368
55;369
55;370
55;371
55;372
55;373
55;374
55;375
55;376
55;377
55;378
55;379
55;380
55;381
55;382
55;383
55;384
55;385
55;386
55;387
55;388
55;389
55;390
55;391
55;392
55;393
55;394
55;395
55;396
55;397
55;398
55;399
55;400
55;401
55;402
55;403
55;404
55;405
55;406
55;407
55;408
55;409
55;410
55;411
55;412
55;413
55;414
55;415
55;416
55;417
55;499
55;500
55;501
55;502
55;503
55;504
55;505
55;506
55;507
55;508
55;509
55;510
55;511
55;512
55;513
55;514
55;515
55;516
55;517
55;518
55;519
55;520
55;521
55;522
55;523
55;524
55;525
55;526
55;527
55;528
55;529
55;530
55;531
55;532
55;533
55;534
55;535
55;536
56;117
56;118
56;119
56;120
56;121
56;122
56;123
56;124
56;125
56;126
56;127
56;128
56;129
56;130
56;131
56;132
56;133
56;134
56;135
56;136
56;137
56;138
56;139
56;140
56;141
56;142
56;143
56;144
56;145
56;146
56;147
56;148
56;149
56;150
56;151
56;152
56;153
56;154
56;155
56;156
56;157
56;158
56;159
56;160
56;161
56;162
56;163
56;164
56;165
56;166
56;167
56;168
56;169
56;170
56;171
56;172
56;173
56;174
56;175
56;176
56;177
56;178
56;179
56;180
56;181
56;182
56;183
56;184
56;185
56;186
56;187
56;188
56;189
56;190
56;191
56;192
56;193
56;194
56;195
56;196
56;197
56;198
56;199
56;200
56;201
56;202
56;203
56;204
56;205
56;206
56;207
56;208
56;209
56;210
56;228
56;229
56;230
56;231
56;232
56;233
56;234
56;235
56;236
56;237
56;238
56;239
56;240
56;241
56;242
56;243
56;244
56;245
56;246
56;247
56;248
56;249
56;250
56;251
56;252
56;253
56;254
56;255
56;256
56;257
56;258
56;259
56;260
56;261
56;262
56;263
56;264
56;265
56;266
56;267
56;268
56;269
56;270
56;271
56;272
56;276
56;277
56;278
56;279
56;280
56;281
56;282
56;283
56;284
56;285
56;286
56;287
56;288
56;289
56;290
56;291
56;292
56;293
56;294
56;295
56;296
56;297
56;298
56;299
56;300
56;301
56;302
56;303
56;304
56;305
56;306
56;307
56;308
56;309
56;310
56;311
56;312
56;313
56;314
56;315
56;316
56;317
56;318
56;319
56;320
56;321
56;322
56;323
56;324
56;325
56;326
56;327
56;328
56;329
56;330
56;331
56;332
56;333
56;334
56;335
56;336
56;337
56;338
56;339
56;340
56;341
56;342
56;343
56;344
56;345
56;346
56;347
56;348
56;349
56;350
56;351
56;352
56;353
56;354
56;355
56;356
56;357
56;358
56;359
56;360
56;361
56;362
56;363
56;364
56;365
56;366
56;367
56;368
56;369
56;370
56;371
56;372
56;373
56;374
56;375
56;376
56;377
56;378
56;379
56;380
56;381
56;382
56;383
56;384
56;385
56;386
56;387
56;388
56;389
56;390
56;391
56;392
56;393
56;394
56;395
56;396
56;397
56;398
56;399
56;400
56;401
56;402
56;403
56;404
56;405
56;406
56;407
56;408
56;409
56;410
56;411
56;412
56;413
56;414
56;415
56;416
56;417
56;500
56;501
56;502
56;503
56;504
56;505
56;506
56;507
56;508
56;509
56;510
56;511
56;512
56;513
56;514
56;515
56;516
56;517
56;518
56;519
56;520
56;521
56;522
56;523
56;524
56;525
56;526
56;527
56;528
56;529
56;530
56;531
56;532
56;533
56;534
56;535
56;536
57;118
57;119
57;120
57;121
57;122
57;123
57;124
57;125
57;126
57;127
57;128
57;129
57;130
57;131
57;132
57;133
57;134
57;135
57;136
57;137
57;138
57;139
57;140
57;141
57;142
57;143
57;144
57;145
57;146
57;147
57;148
57;149
57;150
57;151
57;152
57;153
57;154
57;155
57;156
57;157
57;158
57;159
57;160
57;161
57;162
57;163
57;164
57;165
57;166
57;167
57;168
57;169
57;170
57;171
57;172
57;173
57;174
57;175
57;176
57;177
57;178
57;179
57;180
57;181
57;182
57;183
57;184
57;185
57;186
57;187
57;188
57;189
57;190
57;191
57;192
57;193
57;194
57;195
57;196
57;197
57;198
57;199
57;200
57;201
57;202
57;203
57;204
57;205
57;206
57;207
57;208
57;209
57;210
57;211
57;230
57;231
57;232
57;233
57;234
57;235
57;236
57;237
57;238
57;239
57;240
57;241
57;242
57;243
57;244
57;245
57;246
57;247
57;248
57;249
57;250
57;251
57;252
57;253
57;254
57;255
57;256
57;257
57;258
57;259
57;260
57;261
57;262
57;263
57;264
57;265
57;266
57;267
57;268
57;269
57;270
57;276
57;277
57;278
57;279
57;280
57;281
57;282
57;283
57;284
57;285
57;286
57;287
57;288
57;289
57;290
57;291
57;292
57;293
57;294
57;295
57;296
57;297
57;298
57;299
57;300
57;301
57;302
57;303
57;304
57;305
57;306
57;307
57;308
57;309
57;310
57;311
57;312
57;313
57;314
57;315
57;316
57;317
57;318
57;319
57;320
57;321
57;322
57;323
57;324
57;325
57;326
57;327
57;328
57;329
57;330
57;331
57;332
57;333
57;334
57;335
57;336
57;337
57;338
57;339
57;340
57;341
57;342
57;343
57;344
57;345
57;346
57;347
57;348
57;349
57;350
57;351
57;352
57;353
57;354
57;355
57;356
57;357
57;358
57;359
57;360
57;361
57;362
57;363
57;364
57;365
57;366
57;367
57;368
57;369
57;370
57;371
57;372
57;373
57;374
57;375
57;376
57;377
57;378
57;379
57;380
57;381
57;382
57;383
57;384
57;385
57;386
57;387
57;388
57;389
57;390
57;391
57;392
57;393
57;394
57;395
57;396
57;397
57;398
57;399
57;400
57;401
57;402
57;403
57;404
57;405
57;406
57;407
57;408
57;409
57;410
57;411
57;412
57;413
57;414
57;415
57;416
57;417
57;418
57;501
57;502
57;503
57;504
57;505
57;506
57;507
57;508
57;509
57;510
57;511
57;512
57;513
57;514
57;515
57;516
57;517
57;518
57;519
57;520
57;521
57;522
57;523
57;524
57;525
57;526
57;527
57;528
57;529
57;530
57;531
57;532
57;533
57;534
57;535
57;536
58;118
58;119
58;120
58;121
58;122
58;123
58;124
58;125
58;126
58;127
58;128
58;129
58;130
58;131
58;132
58;133
58;134
58;135
58;136
58;137
58;138
58;139
58;140
58;141
58;142
58;143
58;144
58;145
58;146
58;147
58;148
58;149
58;150
58;151
58;152
58;153
58;154
58;155
58;156
58;157
58;158
58;159
58;160
58;161
58;162
58;163
58;164
58;165
58;166
58;167
58;168
58;169
58;170
58;171
58;172
58;173
58;174
58;175
58;176
58;177
58;178
58;179
58;180
58;181
58;182
58;183
58;184
58;185
58;186
58;187
58;188
58;189
58;190
58;191
58;192
58;193
58;194
58;195
58;196
58;197
58;198
58;199
58;200
58;201
58;202
58;203
58;204
58;205
58;206
58;207
58;208
58;209
58;210
58;211
58;232
58;234
58;235
58;236
58;237
58;238
58;239
58;240
58;241
58;242
58;243
58;244
58;245
58;246
58;247
58;248
58;249
58;250
58;251
58;252
58;253
58;254
58;255
58;256
58;257
58;258
58;259
58;260
58;261
58;262
58;263
58;264
58;265
58;266
58;268
58;276
58;277
58;278
58;279
58;280
58;281
58;282
58;283
58;284
58;285
58;286
58;287
58;288
58;289
58;290
58;291
58;292
58;293
58;294
58;295
58;296
58;297
58;298
58;299
58;300
58;301
58;302
58;303
58;304
58;305
58;306
58;307
58;308
58;309
58;310
58;311
58;312
58;313
58;314
58;315
58;316
58;317
58;318
58;319
58;320
58;321
58;322
58;323
58;324
58;325
58;326
58;327
58;328
58;329
58;330
58;331
58;332
58;333
58;334
58;335
58;336
58;337
58;338
58;339
58;340
58;341
58;342
58;343
58;344
58;345
58;346
58;347
58;348
58;349
58;350
58;351
58;352
58;353
58;354
58;355
58;356
58;357
58;358
58;359
58;360
58;361
58;362
58;363
58;364
58;365
58;366
58;367
58;368
58;369
58;370
58;371
58;372
58;373
58;374
58;375
58;376
58;377
58;378
58;379
58;380
58;381
58;382
58;383
58;384
58;385
58;386
58;387
58;388
58;389
58;390
58;391
58;392
58;393
58;394
58;395
58;396
58;397
58;398
58;399
58;400
58;401
58;402
58;403
58;404
58;405
58;406
58;407
58;408
58;409
58;410
58;411
58;412
58;413
58;414
58;415
58;416
58;417
58;418
58;419
58;502
58;503
58;504
58;505
58;506
58;507
58;508
58;509
58;510
58;511
58;512
58;513
58;514
58;515
58;516
58;517
58;518
58;519
58;520
58;521
58;522
58;523
58;524
58;525
58;526
58;527
58;528
58;529
58;530
58;531
58;532
58;533
58;534
58;535
58;536
59;120
59;121
59;122
59;123
59;124
59;125
59;126
59;127
59;128
59;129
59;130
59;131
59;132
59;133
59;134
59;135
59;136
59;137
59;138
59;139
59;140
59;141
59;142
59;143
59;144
59;145
59;146
59;147
59;148
59;149
59;150
59;151
59;152
59;153
59;154
59;155
59;156
59;157
59;158
59;159
59;160
59;161
59;162
59;163
59;164
59;165
59;166
59;167
59;168
59;169
59;170
59;171
59;172
59;173
59;174
59;175
59;176
59;177
59;178
59;179
59;180
59;181
59;182
59;183
59;184
59;185
59;186
59;187
59;188
59;189
59;190
59;191
59;192
59;193
59;194
59;195
59;196
59;197
59;198
59;199
59;200
59;201
59;202
59;203
59;204
59;205
59;206
59;207
59;208
59;209
59;210
59;211
59;212
59;213
59;236
59;237
59;238
59;239
59;240
59;241
59;242
59;243
59;244
59;245
59;246
59;247
59;248
59;249
59;250
59;251
59;252
59;253
59;254
59;255
59;256
59;257
59;258
59;259
59;260
59;261
59;262
59;263
59;264
59;277
59;278
59;279
59;280
59;281
59;282
59;283
59;284
59;285
59;286
59;287
59;288
59;289
59;290
59;291
59;292
59;293
59;294
59;295
59;296
59;297
59;298
59;299
59;300
59;301
59;302
59;303
59;304
59;305
59;306
59;307
59;308
59;309
59;310
59;311
59;312
59;313
59;314
59;315
59;316
59;317
59;318
59;319
59;320
59;321
59;322
59;323
59;324
59;325
59;326
59;327
59;328
59;329
59;330
59;331
59;332
59;333
59;334
59;335
59;336
59;337
59;338
59;339
59;340
59;341
59;342
59;343
59;344
59;345
59;346
59;347
59;348
59;349
59;350
59;351
59;352
59;353
59;354
59;355
59;356
59;357
59;358
59;359
59;360
59;361
59;362
59;363
59;364
59;365
59;366
59;367
59;368
59;369
59;370
59;371
59;372
59;373
59;374
59;375
59;376
59;377
59;378
59;379
59;380
59;381
59;382
59;383
59;384
59;385
59;386
59;387
59;388
59;389
59;390
59;391
59;392
59;393
59;394
59;395
59;396
59;397
59;398
59;399
59;400
59;401
59;402
59;403
59;404
59;405
59;406
59;407
59;408
59;409
59;410
59;411
59;412
59;413
59;414
59;415
59;416
59;417
59;418
59;419
59;503
59;504
59;505
59;506
59;507
59;508
59;509
59;510
59;511
59;512
59;513
59;514
59;515
59;516
59;517
59;518
59;519
59;520
59;521
59;522
59;523
59;524
59;525
59;526
59;527
59;528
59;529
59;530
59;531
59;532
59;533
59;534
59;535
59;536
60;120
60;121
60;122
60;123
60;124
60;125
60;126
60;127
60;128
60;129
60;130
60;131
60;132
60;133
60;134
60;135
60;136
60;137
60;138
60;139
60;140
60;141
60;142
60;143
60;144
60;145
60;146
60;147
60;148
60;149
60;150
60;151
60;152
60;153
60;154
60;155
60;156
60;157
60;158
60;159
60;160
60;161
60;162
60;163
60;164
60;165
60;166
60;167
60;168
60;169
60;170
60;171
60;172
60;173
60;174
60;175
60;176
60;177
60;178
60;179
60;180
60;181
60;182
60;183
60;184
60;185
60;186
60;187
60;188
60;189
60;190
60;191
60;192
60;193
60;194
60;195
60;196
60;197
60;198
60;199
60;200
60;201
60;202
60;203
60;204
60;205
60;206
60;207
60;208
60;209
60;210
60;211
60;212
60;213
60;240
60;242
60;243
60;244
60;245
60;246
60;247
60;248
60;249
60;250
60;251
60;252
60;253
60;254
60;255
60;256
60;257
60;258
60;260
60;277
60;278
60;279
60;280
60;281
60;282
60;283
60;284
60;285
60;286
60;287
60;288
60;289
60;290
60;291
60;292
60;293
60;294
60;295
60;296
60;297
60;298
60;299
60;300
60;301
60;302
60;303
60;304
60;305
60;306
60;307
60;308
60;309
60;310
60;311
60;312
60;313
60;314
60;315
60;316
60;317
60;318
60;319
60;320
60;321
60;322
60;323
60;324
60;325
60;326
60;327
60;328
60;329
60;330
60;331
60;332
60;333
60;334
60;335
60;336
60;337
60;338
60;339
60;340
60;341
60;342
60;343
60;344
60;345
60;346
60;347
60;348
60;349
60;350
60;351
60;352
60;353
60;354
60;355
60;356
60;357
60;358
60;359
60;360
60;361
60;362
60;363
60;364
60;365
60;366
60;367
60;368
60;369
60;370
60;371
60;372
60;373
60;374
60;375
60;376
60;377
60;378
60;379
60;380
60;381
60;382
60;383
60;384
60;385
60;386
60;387
60;388
60;389
60;390
60;391
60;392
60;393
60;394
60;395
60;396
60;397
60;398
60;399
60;400
60;401
60;402
60;403
60;404
60;405
60;406
60;407
60;408
60;409
60;410
60;411
60;412
60;413
60;414
60;415
60;416
60;417
60;418
60;419
60;420
60;421
60;504
60;505
60;506
60;507
60;508
60;509
60;510
60;511
60;512
60;513
60;514
60;515
60;516
60;517
60;518
60;519
60;520
60;521
60;522
60;523
60;524
60;525
60;526
60;527
60;528
60;529
60;530
60;531
60;532
60;533
60;534
60;535
60;536
61;121
61;122
61;123
61;124
61;125
61;126
61;127
61;128
61;129
61;130
61;131
61;132
61;133
61;134
61;135
61;136
61;137
61;138
61;139
61;140
61;141
61;142
61;143
61;144
61;145
61;146
61;147
61;148
61;149
61;150
61;151
61;152
61;153
61;154
61;155
61;156
61;157
61;158
61;159
61;160
61;161
61;162
61;163
61;164
61;165
61;166
61;167
61;168
61;169
61;170
61;171
61;172
61;173
61;174
61;175
61;176
61;177
61;178
61;179
61;180
61;181
61;182
61;183
61;184
61;185
61;186
61;187
61;188
61;189
61;190
61;191
61;192
61;193
61;194
61;195
61;196
61;197
61;198
61;199
61;200
61;201
61;202
61;203
61;204
61;205
61;206
61;207
61;208
61;209
61;210
61;211
61;212
61;213
61;214
61;248
61;250
61;252
61;277
61;278
61;279
61;280
61;281
61;282
61;283
61;284
61;285
61;286
61;287
61;288
61;289
61;290
61;291
61;292
61;293
61;294
61;295
61;296
61;297
61;298
61;299
61;300
61;301
61;302
61;303
61;304
61;305
61;306
61;307
61;308
61;309
61;310
61;311
61;312
61;313
61;314
61;315
61;316
61;317
61;318
61;319
61;320
61;321
61;322
61;323
61;324
61;325
61;326
61;327
61;328
61;329
61;330
61;331
61;332
61;333
61;334
61;335
61;336
61;337
61;338
61;339
61;340
61;341
61;342
61;343
61;344
61;345
61;346
61;347
61;348
61;349
61;350
61;351
61;352
61;353
61;354
61;355
61;356
61;357
61;358
61;359
61;360
61;361
61;362
61;363
61;364
61;365
61;366
61;367
61;368
61;369
61;370
61;371
61;372
61;373
61;374
61;375
61;376
61;377
61;378
61;379
61;380
61;381
61;382
61;383
61;384
61;385
61;386
61;387
61;388
61;389
61;390
61;391
61;392
61;393
61;394
61;395
61;396
61;397
61;398
61;399
61;400
61;401
61;402
61;403
61;404
61;405
61;406
61;407
61;408
61;409
61;410
61;411
61;412
61;413
61;414
61;415
61;416
61;417
61;418
61;419
61;420
61;421
61;505
61;506
61;507
61;508
61;509
61;510
61;511
61;512
61;513
61;514
61;515
61;516
61;517
61;518
61;519
61;520
61;521
61;522
61;523
61;524
61;525
61;526
61;527
61;528
61;529
61;530
61;531
61;532
61;533
61;534
61;535
61;536
62;122
62;123
62;124
62;125
62;126
62;127
62;128
62;129
62;130
62;131
62;132
62;133
62;134
62;135
62;136
62;137
62;138
62;139
62;140
62;141
62;142
62;143
62;144
62;145
62;146
62;147
62;148
62;149
62;150
62;151
62;152
62;153
62;154
62;155
62;156
62;157
62;158
62;159
62;160
62;161
62;162
62;163
62;164
62;165
62;166
62;167
62;168
62;169
62;170
62;171
62;172
62;173
62;174
62;175
62;176
62;177
62;178
62;179
62;180
62;181
62;182
62;183
62;184
62;185
62;186
62;187
62;188
62;189
62;190
62;191
62;192
62;193
62;194
62;195
62;196
62;197
62;198
62;199
62;200
62;201
62;202
62;203
62;204
62;205
62;206
62;207
62;208
62;209
62;210
62;211
62;212
62;213
62;214
62;215
62;277
62;278
62;279
62;280
62;281
62;282
62;283
62;284
62;285
62;286
62;287
62;288
62;289
62;290
62;291
62;292
62;293
62;294
62;295
62;296
62;297
62;298
62;299
62;300
62;301
62;302
62;303
62;304
62;305
62;306
62;307
62;308
62;309
62;310
62;311
62;312
62;313
62;314
62;315
62;316
62;317
62;318
62;319
62;320
62;321
62;322
62;323
62;324
62;325
62;326
62;327
62;328
62;329
62;330
62;331
62;332
62;333
62;334
62;335
62;336
62;337
62;338
62;339
62;340
62;341
62;342
62;343
62;344
62;345
62;346
62;347
62;348
62;349
62;350
62;351
62;352
62;353
62;354
62;355
62;356
62;357
62;358
62;359
62;360
62;361
62;362
62;363
62;364
62;365
62;366
62;367
62;368
62;369
62;370
62;371
62;372
62;373
62;374
62;375
62;376
62;377
62;378
62;379
62;380
62;381
62;382
62;383
62;384
62;385
62;386
62;387
62;388
62;389
62;390
62;391
62;392
62;393
62;394
62;395
62;396
62;397
62;398
62;399
62;400
62;401
62;402
62;403
62;404
62;405
62;406
62;407
62;408
62;409
62;410
62;411
62;412
62;413
62;414
62;415
62;416
62;417
62;418
62;419
62;420
62;421
62;422
62;506
62;507
62;508
62;509
62;510
62;511
62;512
62;513
62;514
62;515
62;516
62;517
62;518
62;519
62;520
62;521
62;522
62;523
62;524
62;525
62;526
62;527
62;528
62;529
62;530
62;531
62;532
62;533
62;534
62;535
62;536
63;123
63;124
63;125
63;126
63;127
63;128
63;129
63;130
63;131
63;132
63;133
63;134
63;135
63;136
63;137
63;138
63;139
63;140
63;141
63;142
63;143
63;144
63;145
63;146
63;147
63;148
63;149
63;150
63;151
63;152
63;153
63;154
63;155
63;156
63;157
63;158
63;159
63;160
63;161
63;162
63;163
63;164
63;165
63;166
63;167
63;168
63;169
63;170
63;171
63;172
63;173
63;174
63;175
63;176
63;177
63;178
63;179
63;180
63;181
63;182
63;183
63;184
63;185
63;186
63;187
63;188
63;189
63;190
63;191
63;192
63;193
63;194
63;195
63;196
63;197
63;198
63;199
63;200
63;201
63;202
63;203
63;204
63;205
63;206
63;207
63;208
63;209
63;210
63;211
63;212
63;213
63;214
63;215
63;216
63;278
63;279
63;280
63;281
63;282
63;283
63;284
63;285
63;286
63;287
63;288
63;289
63;290
63;291
63;292
63;293
63;294
63;295
63;296
63;297
63;298
63;299
63;300
63;301
63;302
63;303
63;304
63;305
63;306
63;307
63;308
63;309
63;310
63;311
63;312
63;313
63;314
63;315
63;316
63;317
63;318
63;319
63;320
63;321
63;322
63;323
63;324
63;325
63;326
63;327
63;328
63;329
63;330
63;331
63;332
63;333
63;334
63;335
63;336
63;337
63;338
63;339
63;340
63;341
63;342
63;343
63;344
63;345
63;346
63;347
63;348
63;349
63;350
63;351
63;352
63;353
63;354
63;355
63;356
63;357
63;358
63;359
63;360
63;361
63;362
63;363
63;364
63;365
63;366
63;367
63;368
63;369
63;370
63;371
63;372
63;373
63;374
63;375
63;376
63;377
63;378
63;379
63;380
63;381
63;382
63;383
63;384
63;385
63;386
63;387
63;388
63;389
63;390
63;391
63;392
63;393
63;394
63;395
63;396
63;397
63;398
63;399
63;400
63;401
63;402
63;403
63;404
63;405
63;406
63;407
63;408
63;409
63;410
63;411
63;412
63;413
63;414
63;415
63;416
63;417
63;418
63;419
63;420
63;421
63;422
63;423
63;507
63;508
63;509
63;510
63;511
63;512
63;513
63;514
63;515
63;516
63;517
63;518
63;519
63;520
63;521
63;522
63;523
63;524
63;525
63;526
63;527
63;528
63;529
63;530
63;531
63;532
63;533
63;534
63;535
63;536
64;124
64;125
64;126
64;127
64;128
64;129
64;130
64;131
64;132
64;133
64;134
64;135
64;136
64;137
64;138
64;139
64;140
64;141
64;142
64;143
64;144
64;145
64;146
64;147
64;148
64;149
64;150
64;151
64;152
64;153
64;154
64;155
64;156
64;157
64;158
64;159
64;160
64;161
64;162
64;163
64;164
64;165
64;166
64;167
64;168
64;169
64;170
64;171
64;172
64;173
64;174
64;175
64;176
64;177
64;178
64;179
64;180
64;181
64;182
64;183
64;184
64;185
64;186
64;187
64;188
64;189
64;190
64;191
64;192
64;193
64;194
64;195
64;196
64;197
64;198
64;199
64;200
64;201
64;202
64;203
64;204
64;205
64;206
64;207
64;208
64;209
64;210
64;211
64;212
64;213
64;214
64;215
64;216
64;217
64;278
64;279
64;280
64;281
64;282
64;283
64;284
64;285
64;286
64;287
64;288
64;289
64;290
64;291
64;292
64;293
64;294
64;295
64;296
64;297
64;298
64;299
64;300
64;301
64;302
64;303
64;304
64;305
64;306
64;307
64;308
64;309
64;310
64;311
64;312
64;313
64;314
64;315
64;316
64;317
64;318
64;319
64;320
64;321
64;322
64;323
64;324
64;325
64;326
64;327
64;328
64;329
64;330
64;331
64;332
64;333
64;334
64;335
64;336
64;337
64;338
64;339
64;340
64;341
64;342
64;343
64;344
64;345
64;346
64;347
64;348
64;349
64;350
64;351
64;352
64;353
64;354
64;355
64;356
64;357
64;358
64;359
64;360
64;361
64;362
64;363
64;364
64;365
64;366
64;367
64;368
64;369
64;370
64;371
64;372
64;373
64;374
64;375
64;376
64;377
64;378
64;379
64;380
64;381
64;382
64;383
64;384
64;385
64;386
64;387
64;388
64;389
64;390
64;391
64;392
64;393
64;394
64;395
64;396
64;397
64;398
64;399
64;400
64;401
64;402
64;403
64;404
64;405
64;406
64;407
64;408
64;409
64;410
64;411
64;412
64;413
64;414
64;415
64;416
64;417
64;418
64;419
64;420
64;421
64;422
64;423
64;508
64;509
64;510
64;511
64;512
64;513
64;514
64;515
64;516
64;517
64;518
64;519
64;520
64;521
64;522
64;523
64;524
64;525
64;526
64;527
64;528
64;529
64;530
64;531
64;532
64;533
64;534
64;535
64;536
65;124
65;125
65;126
65;127
65;128
65;129
65;130
65;131
65;132
65;133
65;134
65;135
65;136
65;137
65;138
65;139
65;140
65;141
65;142
65;143
65;144
65;145
65;146
65;147
65;148
65;149
65;150
65;151
65;152
65;153
65;154
65;155
65;156
65;157
65;158
65;159
65;160
65;161
65;162
65;163
65;164
65;165
65;166
65;167
65;168
65;169
65;170
65;171
65;172
65;173
65;174
65;175
65;176
65;177
65;178
65;179
65;180
65;181
65;182
65;183
65;184
65;185
65;186
65;187
65;188
65;189
65;190
65;191
65;192
65;193
65;194
65;195
65;196
65;197
65;198
65;199
65;200
65;201
65;202
65;203
65;204
65;205
65;206
65;207
65;208
65;209
65;210
65;211
65;212
65;213
65;214
65;215
65;216
65;217
65;278
65;279
65;280
65;281
65;282
65;283
65;284
65;285
65;286
65;287
65;288
65;289
65;290
65;291
65;292
65;293
65;294
65;295
65;296
65;297
65;298
65;299
65;300
65;301
65;302
65;303
65;304
65;305
65;306
65;307
65;308
65;309
65;310
65;311
65;312
65;313
65;314
65;315
65;316
65;317
65;318
65;319
65;320
65;321
65;322
65;323
65;324
65;325
65;326
65;327
65;328
65;329
65;330
65;331
65;332
65;333
65;334
65;335
65;336
65;337
65;338
65;339
65;340
65;341
65;342
65;343
65;344
65;345
65;346
65;347
65;348
65;349
65;350
65;351
65;352
65;353
65;354
65;355
65;356
65;357
65;358
65;359
65;360
65;361
65;362
65;363
65;364
65;365
65;366
65;367
65;368
65;369
65;370
65;371
65;372
65;373
65;374
65;375
65;376
65;377
65;378
65;379
65;380
65;381
65;382
65;383
65;384
65;385
65;386
65;387
65;388
65;389
65;390
65;391
65;392
65;393
65;394
65;395
65;396
65;397
65;398
65;399
65;400
65;401
65;402
65;403
65;404
65;405
65;406
65;407
65;408
65;409
65;410
65;411
65;412
65;413
65;414
65;415
65;416
65;417
65;418
65;419
65;420
65;421
65;422
65;423
65;424
65;509
65;510
65;511
65;512
65;513
65;514
65;515
65;516
65;517
65;518
65;519
65;520
65;521
65;522
65;523
65;524
65;525
65;526
65;527
65;528
65;529
65;530
65;531
65;532
65;533
65;534
65;535
65;536
66;126
66;127
66;128
66;129
66;130
66;131
66;132
66;133
66;134
66;135
66;136
66;137
66;138
66;139
66;140
66;141
66;142
66;143
66;144
66;145
66;146
66;147
66;148
66;149
66;150
66;151
66;152
66;153
66;154
66;155
66;156
66;157
66;158
66;159
66;160
66;161
66;162
66;163
66;164
66;165
66;166
66;167
66;168
66;169
66;170
66;171
66;172
66;173
66;174
66;175
66;176
66;177
66;178
66;179
66;180
66;181
66;182
66;183
66;184
66;185
66;186
66;187
66;188
66;189
66;190
66;191
66;192
66;193
66;194
66;195
66;196
66;197
66;198
66;199
66;200
66;201
66;202
66;203
66;204
66;205
66;206
66;207
66;208
66;209
66;210
66;211
66;212
66;213
66;214
66;215
66;216
66;217
66;218
66;278
66;279
66;280
66;281
66;282
66;283
66;284
66;285
66;286
66;287
66;288
66;289
66;290
66;291
66;292
66;293
66;294
66;295
66;296
66;297
66;298
66;299
66;300
66;301
66;302
66;303
66;304
66;305
66;306
66;307
66;308
66;309
66;310
66;311
66;312
66;313
66;314
66;315
66;316
66;317
66;318
66;319
66;320
66;321
66;322
66;323
66;324
66;325
66;326
66;327
66;328
66;329
66;330
66;331
66;332
66;333
66;334
66;335
66;336
66;337
66;338
66;339
66;340
66;341
66;342
66;343
66;344
66;345
66;346
66;347
66;348
66;349
66;350
66;351
66;352
66;353
66;354
66;355
66;356
66;357
66;358
66;359
66;360
66;361
66;362
66;363
66;364
66;365
66;366
66;367
66;368
66;369
66;370
66;371
66;372
66;373
66;374
66;375
66;376
66;377
66;378
66;379
66;380
66;381
66;382
66;383
66;384
66;385
66;386
66;387
66;388
66;389
66;390
66;391
66;392
66;393
66;394
66;395
66;396
66;397
66;398
66;399
66;400
66;401
66;402
66;403
66;404
66;405
66;406
66;407
66;408
66;409
66;410
66;411
66;412
66;413
66;414
66;415
66;416
66;417
66;418
66;419
66;420
66;421
66;422
66;423
66;424
66;425
66;510
66;511
66;512
66;513
66;514
66;515
66;516
66;517
66;518
66;519
66;520
66;521
66;522
66;523
66;524
66;525
66;526
66;527
66;528
66;529
66;530
66;531
66;532
66;533
66;534
66;535
66;536
67;126
67;127
67;128
67;129
67;130
67;131
67;132
67;133
67;134
67;135
67;136
67;137
67;138
67;139
67;140
67;141
67;142
67;143
67;144
67;145
67;146
67;147
67;148
67;149
67;150
67;151
67;152
67;153
67;154
67;155
67;156
67;157
67;158
67;159
67;160
67;161
67;162
67;163
67;164
67;165
67;166
67;167
67;168
67;169
67;170
67;171
67;172
67;173
67;174
67;175
67;176
67;177
67;178
67;179
67;180
67;181
67;182
67;183
67;184
67;185
67;186
67;187
67;188
67;189
67;190
67;191
67;192
67;193
67;194
67;195
67;196
67;197
67;198
67;199
67;200
67;201
67;202
67;203
67;204
67;205
67;206
67;207
67;208
67;209
67;210
67;211
67;212
67;213
67;214
67;215
67;216
67;217
67;278
67;279
67;280
67;281
67;282
67;283
67;284
67;285
67;286
67;287
67;288
67;289
67;290
67;291
67;292
67;293
67;294
67;295
67;296
67;297
67;298
67;299
67;300
67;301
67;302
67;303
67;304
67;305
67;306
67;307
67;308
67;309
67;310
67;311
67;312
67;313
67;314
67;315
67;316
67;317
67;318
67;319
67;320
67;321
67;322
67;323
67;324
67;325
67;326
67;327
67;328
67;329
67;330
67;331
67;332
67;333
67;334
67;335
67;336
67;337
67;338
67;339
67;340
67;341
67;342
67;343
67;344
67;345
67;346
67;347
67;348
67;349
67;350
67;351
67;352
67;353
67;354
67;355
67;356
67;357
67;358
67;359
67;360
67;361
67;362
67;363
67;364
67;365
67;366
67;367
67;368
67;369
67;370
67;371
67;372
67;373
67;374
67;375
67;376
67;377
67;378
67;379
67;380
67;381
67;382
67;383
67;384
67;385
67;386
67;387
67;388
67;389
67;390
67;391
67;392
67;393
67;394
67;395
67;396
67;397
67;398
67;399
67;400
67;401
67;402
67;403
67;404
67;405
67;406
67;407
67;408
67;409
67;410
67;411
67;412
67;413
67;414
67;415
67;416
67;417
67;418
67;419
67;420
67;421
67;422
67;423
67;424
67;425
67;511
67;512
67;513
67;514
67;515
67;516
67;517
67;518
67;519
67;520
67;521
67;522
67;523
67;524
67;525
67;526
67;527
67;528
67;529
67;530
67;531
67;532
67;533
67;534
67;535
67;536
68;127
68;128
68;129
68;130
68;131
68;132
68;133
68;134
68;135
68;136
68;137
68;138
68;139
68;140
68;141
68;142
68;143
68;144
68;145
68;146
68;147
68;148
68;149
68;150
68;151
68;152
68;153
68;154
68;155
68;156
68;157
68;158
68;159
68;160
68;161
68;162
68;163
68;164
68;165
68;166
68;167
68;168
68;169
68;170
68;171
68;172
68;173
68;174
68;175
68;176
68;177
68;178
68;179
68;180
68;181
68;182
68;183
68;184
68;185
68;186
68;187
68;188
68;189
68;190
68;191
68;192
68;193
68;194
68;195
68;196
68;197
68;198
68;199
68;200
68;201
68;202
68;203
68;204
68;205
68;206
68;207
68;208
68;209
68;210
68;211
68;212
68;213
68;214
68;215
68;216
68;279
68;280
68;281
68;282
68;283
68;284
68;285
68;286
68;287
68;288
68;289
68;290
68;291
68;292
68;293
68;294
68;295
68;296
68;297
68;298
68;299
68;300
68;301
68;302
68;303
68;304
68;305
68;306
68;307
68;308
68;309
68;310
68;311
68;312
68;313
68;314
68;315
68;316
68;317
68;318
68;319
68;320
68;321
68;322
68;323
68;324
68;325
68;326
68;327
68;328
68;329
68;330
68;331
68;332
68;333
68;334
68;335
68;336
68;337
68;338
68;339
68;340
68;341
68;342
68;343
68;344
68;345
68;346
68;347
68;348
68;349
68;350
68;351
68;352
68;353
68;354
68;355
68;356
68;357
68;358
68;359
68;360
68;361
68;362
68;363
68;364
68;365
68;366
68;367
68;368
68;369
68;370
68;371
68;372
68;373
68;374
68;375
68;376
68;377
68;378
68;379
68;380
68;381
68;382
68;383
68;384
68;385
68;386
68;387
68;388
68;389
68;390
68;391
68;392
68;393
68;394
68;395
68;396
68;397
68;398
68;399
68;400
68;401
68;402
68;403
68;404
68;405
68;406
68;407
68;408
68;409
68;410
68;411
68;412
68;413
68;414
68;415
68;416
68;417
68;418
68;419
68;420
68;421
68;422
68;423
68;424
68;425
68;426
68;427
68;512
68;513
68;514
68;515
68;516
68;517
68;518
68;519
68;520
68;521
68;522
68;523
68;524
68;525
68;526
68;527
68;528
68;529
68;530
68;531
68;532
68;533
68;534
68;535
68;536
69;128
69;129
69;130
69;131
69;132
69;133
69;134
69;135
69;136
69;137
69;138
69;139
69;140
69;141
69;142
69;143
69;144
69;145
69;146
69;147
69;148
69;149
69;150
69;151
69;152
69;153
69;154
69;155
69;156
69;157
69;158
69;159
69;160
69;161
69;162
69;163
69;164
69;165
69;166
69;167
69;168
69;169
69;170
69;171
69;172
69;173
69;174
69;175
69;176
69;177
69;178
69;179
69;180
69;181
69;182
69;183
69;184
69;185
69;186
69;187
69;188
69;189
69;190
69;191
69;192
69;193
69;194
69;195
69;196
69;197
69;198
69;199
69;200
69;201
69;202
69;203
69;204
69;205
69;206
69;207
69;208
69;209
69;210
69;211
69;212
69;213
69;214
69;279
69;280
69;281
69;282
69;283
69;284
69;285
69;286
69;287
69;288
69;289
69;290
69;291
69;292
69;293
69;294
69;295
69;296
69;297
69;298
69;299
69;300
69;301
69;302
69;303
69;304
69;305
69;306
69;307
69;308
69;309
69;310
69;311
69;312
69;313
69;314
69;315
69;316
69;317
69;318
69;319
69;320
69;321
69;322
69;323
69;324
69;325
69;326
69;327
69;328
69;329
69;330
69;331
69;332
69;333
69;334
69;335
69;336
69;337
69;338
69;339
69;340
69;341
69;342
69;343
69;344
69;345
69;346
69;347
69;348
69;349
69;350
69;351
69;352
69;353
69;354
69;355
69;356
69;357
69;358
69;359
69;360
69;361
69;362
69;363
69;364
69;365
69;366
69;367
69;368
69;369
69;370
69;371
69;372
69;373
69;374
69;375
69;376
69;377
69;378
69;379
69;380
69;381
69;382
69;383
69;384
69;385
69;386
69;387
69;388
69;389
69;390
69;391
69;392
69;393
69;394
69;395
69;396
69;397
69;398
69;399
69;400
69;401
69;402
69;403
69;404
69;405
69;406
69;407
69;408
69;409
69;410
69;411
69;412
69;413
69;414
69;415
69;416
69;417
69;418
69;419
69;420
69;421
69;422
69;423
69;424
69;425
69;426
69;427
69;513
69;514
69;515
69;516
69;517
69;518
69;519
69;520
69;521
69;522
69;523
69;524
69;525
69;526
69;527
69;528
69;529
69;530
69;531
69;532
69;533
69;534
69;535
69;536
70;129
70;130
70;131
70;132
70;133
70;134
70;135
70;136
70;137
70;138
70;139
70;140
70;141
70;142
70;143
70;144
70;145
70;146
70;147
70;148
70;149
70;150
70;151
70;152
70;153
70;154
70;155
70;156
70;157
70;158
70;159
70;160
70;161
70;162
70;163
70;164
70;165
70;166
70;167
70;168
70;169
70;170
70;171
70;172
70;173
70;174
70;175
70;176
70;177
70;178
70;179
70;180
70;181
70;182
70;183
70;184
70;185
70;186
70;187
70;188
70;189
70;190
70;191
70;192
70;193
70;194
70;195
70;196
70;197
70;198
70;199
70;200
70;201
70;202
70;203
70;204
70;205
70;206
70;207
70;208
70;209
70;210
70;211
70;212
70;279
70;280
70;281
70;282
70;283
70;284
70;285
70;286
70;287
70;288
70;289
70;290
70;291
70;292
70;293
70;294
70;295
70;296
70;297
70;298
70;299
70;300
70;301
70;302
70;303
70;304
70;305
70;306
70;307
70;308
70;309
70;310
70;311
70;312
70;313
70;314
70;315
70;316
70;317
70;318
70;319
70;320
70;321
70;322
70;323
70;324
70;325
70;326
70;327
70;328
70;329
70;330
70;331
70;332
70;333
70;334
70;335
70;336
70;337
70;338
70;339
70;340
70;341
70;342
70;343
70;344
70;345
70;346
70;347
70;348
70;349
70;350
70;351
70;352
70;353
70;354
70;355
70;356
70;357
70;358
70;359
70;360
70;361
70;362
70;363
70;364
70;365
70;366
70;367
70;368
70;369
70;370
70;371
70;372
70;373
70;374
70;375
70;376
70;377
70;378
70;379
70;380
70;381
70;382
70;383
70;384
70;385
70;386
70;387
70;388
70;389
70;390
70;391
70;392
70;393
70;394
70;395
70;396
70;397
70;398
70;399
70;400
70;401
70;402
70;403
70;404
70;405
70;406
70;407
70;408
70;409
70;410
70;411
70;412
70;413
70;414
70;415
70;416
70;417
70;418
70;419
70;420
70;421
70;422
70;423
70;424
70;425
70;426
70;427
70;428
70;514
70;515
70;516
70;517
70;518
70;519
70;520
70;521
70;522
70;523
70;524
70;525
70;526
70;527
70;528
70;529
70;530
70;531
70;532
70;533
70;534
70;535
70;536
71;130
71;131
71;132
71;133
71;134
71;135
71;136
71;137
71;138
71;139
71;140
71;141
71;142
71;143
71;144
71;145
71;146
71;147
71;148
71;149
71;150
71;151
71;152
71;153
71;154
71;155
71;156
71;157
71;158
71;159
71;160
71;161
71;162
71;163
71;164
71;165
71;166
71;167
71;168
71;169
71;170
71;171
71;172
71;173
71;174
71;175
71;176
71;177
71;178
71;179
71;180
71;181
71;182
71;183
71;184
71;185
71;186
71;187
71;188
71;189
71;190
71;191
71;192
71;193
71;194
71;195
71;196
71;197
71;198
71;199
71;200
71;201
71;202
71;203
71;204
71;205
71;206
71;207
71;208
71;209
71;210
71;280
71;281
71;282
71;283
71;284
71;285
71;286
71;287
71;288
71;289
71;290
71;291
71;292
71;293
71;294
71;295
71;296
71;297
71;298
71;299
71;300
71;301
71;302
71;303
71;304
71;305
71;306
71;307
71;308
71;309
71;310
71;311
71;312
71;313
71;314
71;315
71;316
71;317
71;318
71;319
71;320
71;321
71;322
71;323
71;324
71;325
71;326
71;327
71;328
71;329
71;330
71;331
71;332
71;333
71;334
71;335
71;336
71;337
71;338
71;339
71;340
71;341
71;342
71;343
71;344
71;345
71;346
71;347
71;348
71;349
71;350
71;351
71;352
71;353
71;354
71;355
71;356
71;357
71;358
71;359
71;360
71;361
71;362
71;363
71;364
71;365
71;366
71;367
71;368
71;369
71;370
71;371
71;372
71;373
71;374
71;375
71;376
71;377
71;378
71;379
71;380
71;381
71;382
71;383
71;384
71;385
71;386
71;387
71;388
71;389
71;390
71;391
71;392
71;393
71;394
71;395
71;396
71;397
71;398
71;399
71;400
71;401
71;402
71;403
71;404
71;405
71;406
71;407
71;408
71;409
71;410
71;411
71;412
71;413
71;414
71;415
71;416
71;417
71;418
71;419
71;420
71;421
71;422
71;423
71;424
71;425
71;426
71;427
71;428
71;429
71;515
71;516
71;517
71;518
71;519
71;520
71;521
71;522
71;523
71;524
71;525
71;526
71;527
71;528
71;529
71;530
71;531
71;532
71;533
71;534
71;535
71;536
72;130
72;131
72;132
72;133
72;134
72;135
72;136
72;137
72;138
72;139
72;140
72;141
72;142
72;143
72;144
72;145
72;146
72;147
72;148
72;149
72;150
72;151
72;152
72;153
72;154
72;155
72;156
72;157
72;158
72;159
72;160
72;161
72;162
72;163
72;164
72;165
72;166
72;167
72;168
72;169
72;170
72;171
72;172
72;173
72;174
72;175
72;176
72;177
72;178
72;179
72;180
72;181
72;182
72;183
72;184
72;185
72;186
72;187
72;188
72;189
72;190
72;191
72;192
72;193
72;194
72;195
72;196
72;197
72;198
72;199
72;200
72;201
72;202
72;203
72;204
72;205
72;206
72;207
72;208
72;209
72;210
72;280
72;281
72;282
72;283
72;284
72;285
72;286
72;287
72;288
72;289
72;290
72;291
72;292
72;293
72;294
72;295
72;296
72;297
72;298
72;299
72;300
72;301
72;302
72;303
72;304
72;305
72;306
72;307
72;308
72;309
72;310
72;311
72;312
72;313
72;314
72;315
72;316
72;317
72;318
72;319
72;320
72;321
72;322
72;323
72;324
72;325
72;326
72;327
72;328
72;329
72;330
72;331
72;332
72;333
72;334
72;335
72;336
72;337
72;338
72;339
72;340
72;341
72;342
72;343
72;344
72;345
72;346
72;347
72;348
72;349
72;350
72;351
72;352
72;353
72;354
72;355
72;356
72;357
72;358
72;359
72;360
72;361
72;362
72;363
72;364
72;365
72;366
72;367
72;368
72;369
72;370
72;371
72;372
72;373
72;374
72;375
72;376
72;377
72;378
72;379
72;380
72;381
72;382
72;383
72;384
72;385
72;386
72;387
72;388
72;389
72;390
72;391
72;392
72;393
72;394
72;395
72;396
72;397
72;398
72;399
72;400
72;401
72;402
72;403
72;404
72;405
72;406
72;407
72;408
72;409
72;410
72;411
72;412
72;413
72;414
72;415
72;416
72;417
72;418
72;419
72;420
72;421
72;422
72;423
72;424
72;425
72;426
72;427
72;428
72;429
72;516
72;517
72;518
72;519
72;520
72;521
72;522
72;523
72;524
72;525
72;526
72;527
72;528
72;529
72;530
72;531
72;532
72;533
72;534
72;535
72;536
73;132
73;133
73;134
73;135
73;136
73;137
73;138
73;139
73;140
73;141
73;142
73;143
73;144
73;145
73;146
73;147
73;148
73;149
73;150
73;151
73;152
73;153
73;154
73;155
73;156
73;157
73;158
73;159
73;160
73;161
73;162
73;163
73;164
73;165
73;166
73;167
73;168
73;169
73;170
73;171
73;172
73;173
73;174
73;175
73;176
73;177
73;178
73;179
73;180
73;181
73;182
73;183
73;184
73;185
73;186
73;187
73;188
73;189
73;190
73;191
73;192
73;193
73;194
73;195
73;196
73;197
73;198
73;199
73;200
73;201
73;202
73;203
73;204
73;205
73;206
73;207
73;208
73;280
73;281
73;282
73;283
73;284
73;285
73;286
73;287
73;288
73;289
73;290
73;291
73;292
73;293
73;294
73;295
73;296
73;297
73;298
73;299
73;300
73;301
73;302
73;303
73;304
73;305
73;306
73;307
73;308
73;309
73;310
73;311
73;312
73;313
73;314
73;315
73;316
73;317
73;318
73;319
73;320
73;321
73;322
73;323
73;324
73;325
73;326
73;327
73;328
73;329
73;330
73;331
73;332
73;333
73;334
73;335
73;336
73;337
73;338
73;339
73;340
73;341
73;342
73;343
73;344
73;345
73;346
73;347
73;348
73;349
73;350
73;351
73;352
73;353
73;354
73;355
73;356
73;357
73;358
73;359
73;360
73;361
73;362
73;363
73;364
73;365
73;366
73;367
73;368
73;369
73;370
73;371
73;372
73;373
73;374
73;375
73;376
73;377
73;378
73;379
73;380
73;381
73;382
73;383
73;384
73;385
73;386
73;387
73;388
73;389
73;390
73;391
73;392
73;393
73;394
73;395
73;396
73;397
73;398
73;399
73;400
73;401
73;402
73;403
73;404
73;405
73;406
73;407
73;408
73;409
73;410
73;411
73;412
73;413
73;414
73;415
73;416
73;417
73;418
73;419
73;420
73;421
73;422
73;423
73;424
73;425
73;426
73;427
73;428
73;429
73;430
73;517
73;518
73;519
73;520
73;521
73;522
73;523
73;524
73;525
73;526
73;527
73;528
73;529
73;530
73;531
73;532
73;533
73;534
74;132
74;133
74;134
74;135
74;136
74;137
74;138
74;139
74;140
74;141
74;142
74;143
74;144
74;145
74;146
74;147
74;148
74;149
74;150
74;151
74;152
74;153
74;154
74;155
74;156
74;157
74;158
74;159
74;160
74;161
74;162
74;163
74;164
74;165
74;166
74;167
74;168
74;169
74;170
74;171
74;172
74;173
74;174
74;175
74;176
74;177
74;178
74;179
74;180
74;181
74;182
74;183
74;184
74;185
74;186
74;187
74;188
74;189
74;190
74;191
74;192
74;193
74;194
74;195
74;196
74;197
74;198
74;199
74;200
74;201
74;202
74;203
74;204
74;205
74;206
74;280
74;281
74;282
74;283
74;284
74;285
74;286
74;287
74;288
74;289
74;290
74;291
74;292
74;293
74;294
74;295
74;296
74;297
74;298
74;299
74;300
74;301
74;302
74;303
74;304
74;305
74;306
74;307
74;308
74;309
74;310
74;311
74;312
74;313
74;314
74;315
74;316
74;317
74;318
74;319
74;320
74;321
74;322
74;323
74;324
74;325
74;326
74;327
74;328
74;329
74;330
74;331
74;332
74;333
74;334
74;335
74;336
74;337
74;338
74;339
74;340
74;341
74;342
74;343
74;344
74;345
74;346
74;347
74;348
74;349
74;350
74;351
74;352
74;353
74;354
74;355
74;356
74;357
74;358
74;359
74;360
74;361
74;362
74;363
74;364
74;365
74;366
74;367
74;368
74;369
74;370
74;371
74;372
74;373
74;374
74;375
74;376
74;377
74;378
74;379
74;380
74;381
74;382
74;383
74;384
74;385
74;386
74;387
74;388
74;389
74;390
74;391
74;392
74;393
74;394
74;395
74;396
74;397
74;398
74;399
74;400
74;401
74;402
74;403
74;404
74;405
74;406
74;407
74;408
74;409
74;410
74;411
74;412
74;413
74;414
74;415
74;416
74;417
74;418
74;419
74;420
74;421
74;422
74;423
74;424
74;425
74;426
74;427
74;428
74;429
74;430
74;431
74;518
74;519
74;520
74;521
74;522
74;523
74;524
74;525
74;526
74;527
74;528
74;529
74;530
74;531
74;532
74;533
75;133
75;134
75;135
75;136
75;137
75;138
75;139
75;140
75;141
75;142
75;143
75;144
75;145
75;146
75;147
75;148
75;149
75;150
75;151
75;152
75;153
75;154
75;155
75;156
75;157
75;158
75;159
75;160
75;161
75;162
75;163
75;164
75;165
75;166
75;167
75;168
75;169
75;170
75;171
75;172
75;173
75;174
75;175
75;176
75;177
75;178
75;179
75;180
75;181
75;182
75;183
75;184
75;185
75;186
75;187
75;188
75;189
75;190
75;191
75;192
75;193
75;194
75;195
75;196
75;197
75;198
75;199
75;200
75;201
75;202
75;203
75;204
75;280
75;281
75;282
75;283
75;284
75;285
75;286
75;287
75;288
75;289
75;290
75;291
75;292
75;293
75;294
75;295
75;296
75;297
75;298
75;299
75;300
75;301
75;302
75;303
75;304
75;305
75;306
75;307
75;308
75;309
75;310
75;311
75;312
75;313
75;314
75;315
75;316
75;317
75;318
75;319
75;320
75;321
75;322
75;323
75;324
75;325
75;326
75;327
75;328
75;329
75;330
75;331
75;332
75;333
75;334
75;335
75;336
75;337
75;338
75;339
75;340
75;341
75;342
75;343
75;344
75;345
75;346
75;347
75;348
75;349
75;350
75;351
75;352
75;353
75;354
75;355
75;356
75;357
75;358
75;359
75;360
75;361
75;362
75;363
75;364
75;365
75;366
75;367
75;368
75;369
75;370
75;371
75;372
75;373
75;374
75;375
75;376
75;377
75;378
75;379
75;380
75;381
75;382
75;383
75;384
75;385
75;386
75;387
75;388
75;389
75;390
75;391
75;392
75;393
75;394
75;395
75;396
75;397
75;398
75;399
75;400
75;401
75;402
75;403
75;404
75;405
75;406
75;407
75;408
75;409
75;410
75;411
75;412
75;413
75;414
75;415
75;416
75;417
75;418
75;419
75;420
75;421
75;422
75;423
75;424
75;425
75;426
75;427
75;428
75;429
75;430
75;431
75;519
75;520
75;521
75;522
75;523
75;524
75;525
75;526
75;527
75;528
75;529
75;530
75;531
75;532
76;134
76;135
76;136
76;137
76;138
76;139
76;140
76;141
76;142
76;143
76;144
76;145
76;146
76;147
76;148
76;149
76;150
76;151
76;152
76;153
76;154
76;155
76;156
76;157
76;158
76;159
76;160
76;161
76;162
76;163
76;164
76;165
76;166
76;167
76;168
76;169
76;170
76;171
76;172
76;173
76;174
76;175
76;176
76;177
76;178
76;179
76;180
76;181
76;182
76;183
76;184
76;185
76;186
76;187
76;188
76;189
76;190
76;191
76;192
76;193
76;194
76;195
76;196
76;197
76;198
76;199
76;200
76;201
76;202
76;203
76;281
76;282
76;283
76;284
76;285
76;286
76;287
76;288
76;289
76;290
76;291
76;292
76;293
76;294
76;295
76;296
76;297
76;298
76;299
76;300
76;301
76;302
76;303
76;304
76;305
76;306
76;307
76;308
76;309
76;310
76;311
76;312
76;313
76;314
76;315
76;316
76;317
76;318
76;319
76;320
76;321
76;322
76;323
76;324
76;325
76;326
76;327
76;328
76;329
76;330
76;331
76;332
76;333
76;334
76;335
76;336
76;337
76;338
76;339
76;340
76;341
76;342
76;343
76;344
76;345
76;346
76;347
76;348
76;349
76;350
76;351
76;352
76;353
76;354
76;355
76;356
76;357
76;358
76;359
76;360
76;361
76;362
76;363
76;364
76;365
76;366
76;367
76;368
76;369
76;370
76;371
76;372
76;373
76;374
76;375
76;376
76;377
76;378
76;379
76;380
76;381
76;382
76;383
76;384
76;385
76;386
76;387
76;388
76;389
76;390
76;391
76;392
76;393
76;394
76;395
76;396
76;397
76;398
76;399
76;400
76;401
76;402
76;403
76;404
76;405
76;406
76;407
76;408
76;409
76;410
76;411
76;412
76;413
76;414
76;415
76;416
76;417
76;418
76;419
76;420
76;421
76;422
76;423
76;424
76;425
76;426
76;427
76;428
76;429
76;430
76;431
76;432
76;433
76;520
76;521
76;522
76;523
76;524
76;525
76;526
76;527
76;528
76;529
76;530
77;135
77;136
77;137
77;138
77;139
77;140
77;141
77;142
77;143
77;144
77;145
77;146
77;147
77;148
77;149
77;150
77;151
77;152
77;153
77;154
77;155
77;156
77;157
77;158
77;159
77;160
77;161
77;162
77;163
77;164
77;165
77;166
77;167
77;168
77;169
77;170
77;171
77;172
77;173
77;174
77;175
77;176
77;177
77;178
77;179
77;180
77;181
77;182
77;183
77;184
77;185
77;186
77;187
77;188
77;189
77;190
77;191
77;192
77;193
77;194
77;195
77;196
77;197
77;198
77;199
77;200
77;201
77;202
77;281
77;282
77;283
77;284
77;285
77;286
77;287
77;288
77;289
77;290
77;291
77;292
77;293
77;294
77;295
77;296
77;297
77;298
77;299
77;300
77;301
77;302
77;303
77;304
77;305
77;306
77;307
77;308
77;309
77;310
77;311
77;312
77;313
77;314
77;315
77;316
77;317
77;318
77;319
77;320
77;321
77;322
77;323
77;324
77;325
77;326
77;327
77;328
77;329
77;330
77;331
77;332
77;333
77;334
77;335
77;336
77;337
77;338
77;339
77;340
77;341
77;342
77;343
77;344
77;345
77;346
77;347
77;348
77;349
77;350
77;351
77;352
77;353
77;354
77;355
77;356
77;357
77;358
77;359
77;360
77;361
77;362
77;363
77;364
77;365
77;366
77;367
77;368
77;369
77;370
77;371
77;372
77;373
77;374
77;375
77;376
77;377
77;378
77;379
77;380
77;381
77;382
77;383
77;384
77;385
77;386
77;387
77;388
77;389
77;390
77;391
77;392
77;393
77;394
77;395
77;396
77;397
77;398
77;399
77;400
77;401
77;402
77;403
77;404
77;405
77;406
77;407
77;408
77;409
77;410
77;411
77;412
77;413
77;414
77;415
77;416
77;417
77;418
77;419
77;420
77;421
77;422
77;423
77;424
77;425
77;426
77;427
77;428
77;429
77;430
77;431
77;432
77;433
77;521
77;522
77;523
77;524
77;525
77;526
77;527
77;528
77;529
77;530
78;136
78;137
78;138
78;139
78;140
78;141
78;142
78;143
78;144
78;145
78;146
78;147
78;148
78;149
78;150
78;151
78;152
78;153
78;154
78;155
78;156
78;157
78;158
78;159
78;160
78;161
78;162
78;163
78;164
78;165
78;166
78;167
78;168
78;169
78;170
78;171
78;172
78;173
78;174
78;175
78;176
78;177
78;178
78;179
78;180
78;181
78;182
78;183
78;184
78;185
78;186
78;187
78;188
78;189
78;190
78;191
78;192
78;193
78;194
78;195
78;196
78;197
78;198
78;199
78;200
78;281
78;282
78;283
78;284
78;285
78;286
78;287
78;288
78;289
78;290
78;291
78;292
78;293
78;294
78;295
78;296
78;297
78;298
78;299
78;300
78;301
78;302
78;303
78;304
78;305
78;306
78;307
78;308
78;309
78;310
78;311
78;312
78;313
78;314
78;315
78;316
78;317
78;318
78;319
78;320
78;321
78;322
78;323
78;324
78;325
78;326
78;327
78;328
78;329
78;330
78;331
78;332
78;333
78;334
78;335
78;336
78;337
78;338
78;339
78;340
78;341
78;342
78;343
78;344
78;345
78;346
78;347
78;348
78;349
78;350
78;351
78;352
78;353
78;354
78;355
78;356
78;357
78;358
78;359
78;360
78;361
78;362
78;363
78;364
78;365
78;366
78;367
78;368
78;369
78;370
78;371
78;372
78;373
78;374
78;375
78;376
78;377
78;378
78;379
78;380
78;381
78;382
78;383
78;384
78;385
78;386
78;387
78;388
78;389
78;390
78;391
78;392
78;393
78;394
78;395
78;396
78;397
78;398
78;399
78;400
78;401
78;402
78;403
78;404
78;405
78;406
78;407
78;408
78;409
78;410
78;411
78;412
78;413
78;414
78;415
78;416
78;417
78;418
78;419
78;420
78;421
78;422
78;423
78;424
78;425
78;426
78;427
78;428
78;429
78;430
78;431
78;432
78;433
78;434
78;522
78;523
78;524
78;525
78;526
78;527
78;528
79;136
79;137
79;138
79;139
79;140
79;141
79;142
79;143
79;144
79;145
79;146
79;147
79;148
79;149
79;150
79;151
79;152
79;153
79;154
79;155
79;156
79;157
79;158
79;159
79;160
79;161
79;162
79;163
79;164
79;165
79;166
79;167
79;168
79;169
79;170
79;171
79;172
79;173
79;174
79;175
79;176
79;177
79;178
79;179
79;180
79;181
79;182
79;183
79;184
79;185
79;186
79;187
79;188
79;189
79;190
79;191
79;192
79;193
79;194
79;195
79;196
79;197
79;198
79;281
79;282
79;283
79;284
79;285
79;286
79;287
79;288
79;289
79;290
79;291
79;292
79;293
79;294
79;295
79;296
79;297
79;298
79;299
79;300
79;301
79;302
79;303
79;304
79;305
79;306
79;307
79;308
79;309
79;310
79;311
79;312
79;313
79;314
79;315
79;316
79;317
79;318
79;319
79;320
79;321
79;322
79;323
79;324
79;325
79;326
79;327
79;328
79;329
79;330
79;331
79;332
79;333
79;334
79;335
79;336
79;337
79;338
79;339
79;340
79;341
79;342
79;343
79;344
79;345
79;346
79;347
79;348
79;349
79;350
79;351
79;352
79;353
79;354
79;355
79;356
79;357
79;358
79;359
79;360
79;361
79;362
79;363
79;364
79;365
79;366
79;367
79;368
79;369
79;370
79;371
79;372
79;373
79;374
79;375
79;376
79;377
79;378
79;379
79;380
79;381
79;382
79;383
79;384
79;385
79;386
79;387
79;388
79;389
79;390
79;391
79;392
79;393
79;394
79;395
79;396
79;397
79;398
79;399
79;400
79;401
79;402
79;403
79;404
79;405
79;406
79;407
79;408
79;409
79;410
79;411
79;412
79;413
79;414
79;415
79;416
79;417
79;418
79;419
79;420
79;421
79;422
79;423
79;424
79;425
79;426
79;427
79;428
79;429
79;430
79;431
79;432
79;433
79;434
79;435
79;523
79;524
79;525
79;526
80;11
80;13
80;15
80;17
80;19
80;21
80;138
80;139
80;140
80;141
80;142
80;143
80;144
80;145
80;146
80;147
80;148
80;149
80;150
80;151
80;152
80;153
80;154
80;155
80;156
80;157
80;158
80;159
80;160
80;161
80;162
80;163
80;164
80;165
80;166
80;167
80;168
80;169
80;170
80;171
80;172
80;173
80;174
80;175
80;176
80;177
80;178
80;179
80;180
80;181
80;182
80;183
80;184
80;185
80;186
80;187
80;188
80;189
80;190
80;191
80;192
80;193
80;194
80;195
80;196
80;282
80;283
80;284
80;285
80;286
80;287
80;288
80;289
80;290
80;291
80;292
80;293
80;294
80;295
80;296
80;297
80;298
80;299
80;300
80;301
80;302
80;303
80;304
80;305
80;306
80;307
80;308
80;309
80;310
80;311
80;312
80;313
80;314
80;315
80;316
80;317
80;318
80;319
80;320
80;321
80;322
80;323
80;324
80;325
80;326
80;327
80;328
80;329
80;330
80;331
80;332
80;333
80;334
80;335
80;336
80;337
80;338
80;339
80;340
80;341
80;342
80;343
80;344
80;345
80;346
80;347
80;348
80;349
80;350
80;351
80;352
80;353
80;354
80;355
80;356
80;357
80;358
80;359
80;360
80;361
80;362
80;363
80;364
80;365
80;366
80;367
80;368
80;369
80;370
80;371
80;372
80;373
80;374
80;375
80;376
80;377
80;378
80;379
80;380
80;381
80;382
80;383
80;384
80;385
80;386
80;387
80;388
80;389
80;390
80;391
80;392
80;393
80;394
80;395
80;396
80;397
80;398
80;399
80;400
80;401
80;402
80;403
80;404
80;405
80;406
80;407
80;408
80;409
80;410
80;411
80;412
80;413
80;414
80;415
80;416
80;417
80;418
80;419
80;420
80;421
80;422
80;423
80;424
80;425
80;426
80;427
80;428
80;429
80;430
80;431
80;432
80;433
80;434
80;435
80;524
80;525
80;526
81;5
81;7
81;8
81;9
81;10
81;11
81;12
81;13
81;14
81;15
81;16
81;17
81;18
81;19
81;20
81;21
81;22
81;23
81;24
81;25
81;27
81;138
81;139
81;140
81;141
81;142
81;143
81;144
81;145
81;146
81;147
81;148
81;149
81;150
81;151
81;152
81;153
81;154
81;155
81;156
81;157
81;158
81;159
81;160
81;161
81;162
81;163
81;164
81;165
81;166
81;167
81;168
81;169
81;170
81;171
81;172
81;173
81;174
81;175
81;176
81;177
81;178
81;179
81;180
81;181
81;182
81;183
81;184
81;185
81;186
81;187
81;188
81;189
81;190
81;191
81;192
81;193
81;194
81;195
81;196
81;282
81;283
81;284
81;285
81;286
81;287
81;288
81;289
81;290
81;291
81;292
81;293
81;294
81;295
81;296
81;297
81;298
81;299
81;300
81;301
81;302
81;303
81;304
81;305
81;306
81;307
81;308
81;309
81;310
81;311
81;312
81;313
81;314
81;315
81;316
81;317
81;318
81;319
81;320
81;321
81;322
81;323
81;324
81;325
81;326
81;327
81;328
81;329
81;330
81;331
81;332
81;333
81;334
81;335
81;336
81;337
81;338
81;339
81;340
81;341
81;342
81;343
81;344
81;345
81;346
81;347
81;348
81;349
81;350
81;351
81;352
81;353
81;354
81;355
81;356
81;357
81;358
81;359
81;360
81;361
81;362
81;363
81;364
81;365
81;366
81;367
81;368
81;369
81;370
81;371
81;372
81;373
81;374
81;375
81;376
81;377
81;378
81;379
81;380
81;381
81;382
81;383
81;384
81;385
81;386
81;387
81;388
81;389
81;390
81;391
81;392
81;393
81;394
81;395
81;396
81;397
81;398
81;399
81;400
81;401
81;402
81;403
81;404
81;405
81;406
81;407
81;408
81;409
81;410
81;411
81;412
81;413
81;414
81;415
81;416
81;417
81;418
81;419
81;420
81;421
81;422
81;423
81;424
81;425
81;426
81;427
81;428
81;429
81;430
81;431
81;432
81;433
81;434
81;435
81;436
82;1
82;3
82;4
82;5
82;6
82;7
82;8
82;9
82;10
82;11
82;12
82;13
82;14
82;15
82;16
82;17
82;18
82;19
82;20
82;21
82;22
82;23
82;24
82;25
82;26
82;27
82;28
82;29
82;139
82;140
82;141
82;142
82;143
82;144
82;145
82;146
82;147
82;148
82;149
82;150
82;151
82;152
82;153
82;154
82;155
82;156
82;157
82;158
82;159
82;160
82;161
82;162
82;163
82;164
82;165
82;166
82;167
82;168
82;169
82;170
82;171
82;172
82;173
82;174
82;175
82;176
82;177
82;178
82;179
82;180
82;181
82;182
82;183
82;184
82;185
82;186
82;187
82;188
82;189
82;190
82;191
82;192
82;193
82;194
82;282
82;283
82;284
82;285
82;286
82;287
82;288
82;289
82;290
82;291
82;292
82;293
82;294
82;295
82;296
82;297
82;298
82;299
82;300
82;301
82;302
82;303
82;304
82;305
82;306
82;307
82;308
82;309
82;310
82;311
82;312
82;313
82;314
82;315
82;316
82;317
82;318
82;319
82;320
82;321
82;322
82;323
82;324
82;325
82;326
82;327
82;328
82;329
82;330
82;331
82;332
82;333
82;334
82;335
82;336
82;337
82;338
82;339
82;340
82;341
82;342
82;343
82;344
82;345
82;346
82;347
82;348
82;349
82;350
82;351
82;352
82;353
82;354
82;355
82;356
82;357
82;358
82;359
82;360
82;361
82;362
82;363
82;364
82;365
82;366
82;367
82;368
82;369
82;370
82;371
82;372
82;373
82;374
82;375
82;376
82;377
82;378
82;379
82;380
82;381
82;382
82;383
82;384
82;385
82;386
82;387
82;388
82;389
82;390
82;391
82;392
82;393
82;394
82;395
82;396
82;397
82;398
82;399
82;400
82;401
82;402
82;403
82;404
82;405
82;406
82;407
82;408
82;409
82;410
82;411
82;412
82;413
82;414
82;415
82;416
82;417
82;418
82;419
82;420
82;421
82;422
82;423
82;424
82;425
82;426
82;427
82;428
82;429
82;430
82;431
82;432
82;433
82;434
82;435
82;436
82;437
83;0
83;1
83;2
83;3
83;4
83;5
83;6
83;7
83;8
83;9
83;10
83;11
83;12
83;13
83;14
83;15
83;16
83;17
83;18
83;19
83;20
83;21
83;22
83;23
83;24
83;25
83;26
83;27
83;28
83;29
83;30
83;31
83;140
83;141
83;142
83;143
83;144
83;145
83;146
83;147
83;148
83;149
83;150
83;151
83;152
83;153
83;154
83;155
83;156
83;157
83;158
83;159
83;160
83;161
83;162
83;163
83;164
83;165
83;166
83;167
83;168
83;169
83;170
83;171
83;172
83;173
83;174
83;175
83;176
83;177
83;178
83;179
83;180
83;181
83;182
83;183
83;184
83;185
83;186
83;187
83;188
83;189
83;190
83;191
83;192
83;282
83;283
83;284
83;285
83;286
83;287
83;288
83;289
83;290
83;291
83;292
83;293
83;294
83;295
83;296
83;297
83;298
83;299
83;300
83;301
83;302
83;303
83;304
83;305
83;306
83;307
83;308
83;309
83;310
83;311
83;312
83;313
83;314
83;315
83;316
83;317
83;318
83;319
83;320
83;321
83;322
83;323
83;324
83;325
83;326
83;327
83;328
83;329
83;330
83;331
83;332
83;333
83;334
83;335
83;336
83;337
83;338
83;339
83;340
83;341
83;342
83;343
83;344
83;345
83;346
83;347
83;348
83;349
83;350
83;351
83;352
83;353
83;354
83;355
83;356
83;357
83;358
83;359
83;360
83;361
83;362
83;363
83;364
83;365
83;366
83;367
83;368
83;369
83;370
83;371
83;372
83;373
83;374
83;375
83;376
83;377
83;378
83;379
83;380
83;381
83;382
83;383
83;384
83;385
83;386
83;387
83;388
83;389
83;390
83;391
83;392
83;393
83;394
83;395
83;396
83;397
83;398
83;399
83;400
83;401
83;402
83;403
83;404
83;405
83;406
83;407
83;408
83;409
83;410
83;411
83;412
83;413
83;414
83;415
83;416
83;418
83;420
83;422
83;424
83;426
84;0
84;1
84;2
84;3
84;4
84;5
84;6
84;7
84;8
84;9
84;10
84;11
84;12
84;13
84;14
84;15
84;16
84;17
84;18
84;19
84;20
84;21
84;22
84;23
84;24
84;25
84;26
84;27
84;28
84;29
84;30
84;31
84;32
84;33
84;34
84;35
84;141
84;142
84;143
84;144
84;145
84;146
84;147
84;148
84;149
84;150
84;151
84;152
84;153
84;154
84;155
84;156
84;157
84;158
84;159
84;160
84;161
84;162
84;163
84;164
84;165
84;166
84;167
84;168
84;169
84;170
84;171
84;172
84;173
84;174
84;175
84;176
84;177
84;178
84;179
84;180
84;181
84;182
84;183
84;184
84;185
84;186
84;187
84;188
84;189
84;190
84;282
84;283
84;284
84;285
84;286
84;287
84;288
84;289
84;290
84;291
84;292
84;293
84;294
84;295
84;296
84;297
84;298
84;299
84;300
84;301
84;302
84;303
84;304
84;305
84;306
84;307
84;308
84;309
84;310
84;311
84;312
84;313
84;314
84;315
84;316
84;317
84;318
84;319
84;320
84;321
84;322
84;323
84;324
84;325
84;326
84;327
84;328
84;329
84;330
84;331
84;332
84;333
84;334
84;335
84;336
84;337
84;338
84;339
84;340
84;341
84;342
84;343
84;344
84;345
84;346
84;347
84;348
84;349
84;350
84;351
84;352
84;353
84;354
84;355
84;356
84;357
84;358
84;359
84;360
84;361
84;362
84;363
84;364
84;365
84;366
84;367
84;368
84;369
84;370
84;371
84;372
84;373
84;374
84;375
84;376
84;377
84;378
84;379
84;380
84;381
84;382
84;383
84;384
84;385
84;386
84;387
84;388
84;389
84;390
84;391
84;392
84;393
84;394
84;396
84;398
84;400
84;402
84;404
85;0
85;1
85;2
85;3
85;4
85;5
85;6
85;7
85;8
85;9
85;10
85;11
85;12
85;13
85;14
85;15
85;16
85;17
85;18
85;19
85;20
85;21
85;22
85;23
85;24
85;25
85;26
85;27
85;28
85;29
85;30
85;31
85;32
85;33
85;34
85;35
85;36
85;37
85;142
85;143
85;144
85;145
85;146
85;147
85;148
85;149
85;150
85;151
85;152
85;153
85;154
85;155
85;156
85;157
85;158
85;159
85;160
85;161
85;162
85;163
85;164
85;165
85;166
85;167
85;168
85;169
85;170
85;171
85;172
85;173
85;174
85;175
85;176
85;177
85;178
85;179
85;180
85;181
85;182
85;183
85;184
85;185
85;186
85;187
85;188
85;189
85;283
85;284
85;285
85;286
85;287
85;288
85;289
85;290
85;291
85;292
85;293
85;294
85;295
85;296
85;297
85;298
85;299
85;300
85;301
85;302
85;303
85;304
85;305
85;306
85;307
85;308
85;309
85;310
85;311
85;312
85;313
85;314
85;315
85;316
85;317
85;318
85;319
85;320
85;321
85;322
85;323
85;324
85;325
85;326
85;327
85;328
85;329
85;330
85;331
85;332
85;333
85;334
85;335
85;336
85;337
85;338
85;339
85;340
85;341
85;342
85;343
85;344
85;345
85;346
85;347
85;348
85;349
85;350
85;351
85;352
85;353
85;354
85;355
85;356
85;357
85;358
85;359
85;360
85;361
85;362
85;363
85;364
85;365
85;366
85;367
85;368
85;369
85;370
85;371
85;372
85;373
85;374
85;375
85;376
85;378
85;380
85;382
86;0
86;1
86;2
86;3
86;4
86;5
86;6
86;7
86;8
86;9
86;10
86;11
86;12
86;13
86;14
86;15
86;16
86;17
86;18
86;19
86;20
86;21
86;22
86;23
86;24
86;25
86;26
86;27
86;28
86;29
86;30
86;31
86;32
86;33
86;34
86;35
86;36
86;37
86;142
86;143
86;144
86;145
86;146
86;147
86;148
86;149
86;150
86;151
86;152
86;153
86;154
86;155
86;156
86;157
86;158
86;159
86;160
86;161
86;162
86;163
86;164
86;165
86;166
86;167
86;168
86;169
86;170
86;171
86;172
86;173
86;174
86;175
86;176
86;177
86;178
86;179
86;180
86;181
86;182
86;183
86;184
86;185
86;186
86;187
86;188
86;283
86;284
86;285
86;286
86;287
86;288
86;289
86;290
86;291
86;292
86;293
86;294
86;295
86;296
86;297
86;298
86;299
86;300
86;301
86;302
86;303
86;304
86;305
86;306
86;307
86;308
86;309
86;310
86;311
86;312
86;313
86;314
86;315
86;316
86;317
86;318
86;319
86;320
86;321
86;322
86;323
86;324
86;325
86;326
86;327
86;328
86;329
86;330
86;331
86;332
86;333
86;334
86;335
86;336
86;337
86;338
86;339
86;340
86;341
86;342
86;343
86;344
86;345
86;346
86;347
86;348
86;349
86;350
86;351
86;352
86;353
86;354
86;355
86;356
86;357
86;358
86;359
86;360
86;361
86;362
86;363
86;364
86;365
86;366
86;367
86;368
86;369
86;370
86;371
86;372
86;373
86;374
86;375
86;376
86;377
87;0
87;1
87;2
87;3
87;4
87;5
87;6
87;7
87;8
87;9
87;10
87;11
87;12
87;13
87;14
87;15
87;16
87;17
87;18
87;19
87;20
87;21
87;22
87;23
87;24
87;25
87;26
87;27
87;28
87;29
87;30
87;31
87;32
87;33
87;34
87;35
87;36
87;37
87;38
87;39
87;144
87;145
87;146
87;147
87;148
87;149
87;150
87;151
87;152
87;153
87;154
87;155
87;156
87;157
87;158
87;159
87;160
87;161
87;162
87;163
87;164
87;165
87;166
87;167
87;168
87;169
87;170
87;171
87;172
87;173
87;174
87;175
87;176
87;177
87;178
87;179
87;180
87;181
87;182
87;183
87;184
87;185
87;186
87;283
87;284
87;285
87;286
87;287
87;288
87;289
87;290
87;291
87;292
87;293
87;294
87;295
87;296
87;297
87;298
87;299
87;300
87;301
87;302
87;303
87;304
87;305
87;306
87;307
87;308
87;309
87;310
87;311
87;312
87;313
87;314
87;315
87;316
87;317
87;318
87;319
87;320
87;321
87;322
87;323
87;324
87;325
87;326
87;327
87;328
87;329
87;330
87;331
87;332
87;333
87;334
87;335
87;336
87;337
87;338
87;339
87;340
87;341
87;342
87;343
87;344
87;345
87;346
87;347
87;348
87;349
87;350
87;351
87;352
87;353
87;354
87;355
87;356
87;357
87;358
87;359
87;360
87;361
87;362
87;363
87;364
87;365
87;366
87;367
87;368
87;369
87;370
87;371
87;372
87;373
87;374
87;375
87;376
87;377
88;0
88;1
88;2
88;3
88;4
88;5
88;6
88;7
88;8
88;9
88;10
88;11
88;12
88;13
88;14
88;15
88;16
88;17
88;18
88;19
88;20
88;21
88;22
88;23
88;24
88;25
88;26
88;27
88;28
88;29
88;30
88;31
88;32
88;33
88;34
88;35
88;36
88;37
88;38
88;39
88;40
88;41
88;144
88;145
88;146
88;147
88;148
88;149
88;150
88;151
88;152
88;153
88;154
88;155
88;156
88;157
88;158
88;159
88;160
88;161
88;162
88;163
88;164
88;165
88;166
88;167
88;168
88;169
88;170
88;171
88;172
88;173
88;174
88;175
88;176
88;177
88;178
88;179
88;180
88;181
88;182
88;183
88;184
88;283
88;284
88;285
88;286
88;287
88;288
88;289
88;290
88;291
88;292
88;293
88;294
88;295
88;296
88;297
88;298
88;299
88;300
88;301
88;302
88;303
88;304
88;305
88;306
88;307
88;308
88;309
88;310
88;311
88;312
88;313
88;314
88;315
88;316
88;317
88;318
88;319
88;320
88;321
88;322
88;323
88;324
88;325
88;326
88;327
88;328
88;329
88;330
88;331
88;332
88;333
88;334
88;335
88;336
88;337
88;338
88;339
88;340
88;341
88;342
88;343
88;344
88;345
88;346
88;347
88;348
88;349
88;350
88;351
88;352
88;353
88;354
88;355
88;356
88;357
88;358
88;359
88;360
88;361
88;362
88;363
88;364
88;365
88;366
88;367
88;368
88;369
88;370
88;371
88;372
88;373
88;374
88;375
88;376
88;377
88;378
88;379
89;0
89;1
89;2
89;3
89;4
89;5
89;6
89;7
89;8
89;9
89;10
89;11
89;12
89;13
89;14
89;15
89;16
89;17
89;18
89;19
89;20
89;21
89;22
89;23
89;24
89;25
89;26
89;27
89;28
89;29
89;30
89;31
89;32
89;33
89;34
89;35
89;36
89;37
89;38
89;39
89;40
89;41
89;42
89;145
89;146
89;147
89;148
89;149
89;150
89;151
89;152
89;153
89;154
89;155
89;156
89;157
89;158
89;159
89;160
89;161
89;162
89;163
89;164
89;165
89;166
89;167
89;168
89;169
89;170
89;171
89;172
89;173
89;174
89;175
89;176
89;177
89;178
89;179
89;180
89;181
89;182
89;283
89;284
89;285
89;286
89;287
89;288
89;289
89;290
89;291
89;292
89;293
89;294
89;295
89;296
89;297
89;298
89;299
89;300
89;301
89;302
89;303
89;304
89;305
89;306
89;307
89;308
89;309
89;310
89;311
89;312
89;313
89;314
89;315
89;316
89;317
89;318
89;319
89;320
89;321
89;322
89;323
89;324
89;325
89;326
89;327
89;328
89;329
89;330
89;331
89;332
89;333
89;334
89;335
89;336
89;337
89;338
89;339
89;340
89;341
89;342
89;343
89;344
89;345
89;346
89;347
89;348
89;349
89;350
89;351
89;352
89;353
89;354
89;355
89;356
89;357
89;358
89;359
89;360
89;361
89;362
89;363
89;364
89;365
89;366
89;367
89;368
89;369
89;370
89;371
89;372
89;373
89;374
89;375
89;376
89;377
89;378
89;379
89;380
90;0
90;1
90;2
90;3
90;4
90;5
90;6
90;7
90;8
90;9
90;10
90;11
90;12
90;13
90;14
90;15
90;16
90;17
90;18
90;19
90;20
90;21
90;22
90;23
90;24
90;25
90;26
90;27
90;28
90;29
90;30
90;31
90;32
90;33
90;34
90;35
90;36
90;37
90;38
90;39
90;40
90;41
90;42
90;43
90;146
90;147
90;148
90;149
90;150
90;151
90;152
90;153
90;154
90;155
90;156
90;157
90;158
90;159
90;160
90;161
90;162
90;163
90;164
90;165
90;166
90;167
90;168
90;169
90;170
90;171
90;172
90;173
90;174
90;175
90;176
90;177
90;178
90;179
90;180
90;181
90;182
90;281
90;282
90;283
90;284
90;285
90;286
90;287
90;288
90;289
90;290
90;291
90;292
90;293
90;294
90;295
90;296
90;297
90;298
90;299
90;300
90;301
90;302
90;303
90;304
90;305
90;306
90;307
90;308
90;309
90;310
90;311
90;312
90;313
90;314
90;315
90;316
90;317
90;318
90;319
90;320
90;321
90;322
90;323
90;324
90;325
90;326
90;327
90;328
90;329
90;330
90;331
90;332
90;333
90;334
90;335
90;336
90;337
90;338
90;339
90;340
90;341
90;342
90;343
90;344
90;345
90;346
90;347
90;348
90;349
90;350
90;351
90;352
90;353
90;354
90;355
90;356
90;357
90;358
90;359
90;360
90;361
90;362
90;363
90;364
90;365
90;366
90;367
90;368
90;369
90;370
90;371
90;372
90;373
90;374
90;375
90;376
90;377
90;378
90;379
90;380
90;381
91;0
91;1
91;2
91;3
91;4
91;5
91;6
91;7
91;8
91;9
91;10
91;11
91;12
91;13
91;14
91;15
91;16
91;17
91;18
91;19
91;20
91;21
91;22
91;23
91;24
91;25
91;26
91;27
91;28
91;29
91;30
91;31
91;32
91;33
91;34
91;35
91;36
91;37
91;38
91;39
91;40
91;41
91;42
91;43
91;44
91;45
91;147
91;148
91;149
91;150
91;151
91;152
91;153
91;154
91;155
91;156
91;157
91;158
91;159
91;160
91;161
91;162
91;163
91;164
91;165
91;166
91;167
91;168
91;169
91;170
91;171
91;172
91;173
91;174
91;175
91;176
91;177
91;178
91;179
91;180
91;280
91;281
91;282
91;283
91;284
91;285
91;286
91;287
91;288
91;289
91;290
91;291
91;292
91;293
91;294
91;295
91;296
91;297
91;298
91;299
91;300
91;301
91;302
91;303
91;304
91;305
91;306
91;307
91;308
91;309
91;310
91;311
91;312
91;313
91;314
91;315
91;316
91;317
91;318
91;319
91;320
91;321
91;322
91;323
91;324
91;325
91;326
91;327
91;328
91;329
91;330
91;331
91;332
91;333
91;334
91;335
91;336
91;337
91;338
91;339
91;340
91;341
91;342
91;343
91;344
91;345
91;346
91;347
91;348
91;349
91;350
91;351
91;352
91;353
91;354
91;355
91;356
91;357
91;358
91;359
91;360
91;361
91;362
91;363
91;364
91;365
91;366
91;367
91;368
91;369
91;370
91;371
91;372
91;373
91;374
91;375
91;376
91;377
91;378
91;379
91;380
91;381
91;382
92;0
92;1
92;2
92;3
92;4
92;5
92;6
92;7
92;8
92;9
92;10
92;11
92;12
92;13
92;14
92;15
92;16
92;17
92;18
92;19
92;20
92;21
92;22
92;23
92;24
92;25
92;26
92;27
92;28
92;29
92;30
92;31
92;32
92;33
92;34
92;35
92;36
92;37
92;38
92;39
92;40
92;41
92;42
92;43
92;44
92;45
92;148
92;149
92;150
92;151
92;152
92;153
92;154
92;155
92;156
92;157
92;158
92;159
92;160
92;161
92;162
92;163
92;164
92;165
92;166
92;167
92;168
92;169
92;170
92;171
92;172
92;173
92;174
92;175
92;176
92;177
92;178
92;279
92;280
92;281
92;282
92;283
92;284
92;285
92;286
92;287
92;288
92;289
92;290
92;291
92;292
92;293
92;294
92;295
92;296
92;297
92;298
92;299
92;300
92;301
92;302
92;303
92;304
92;305
92;306
92;307
92;308
92;309
92;310
92;311
92;312
92;313
92;314
92;315
92;316
92;317
92;318
92;319
92;320
92;321
92;322
92;323
92;324
92;325
92;326
92;327
92;328
92;329
92;330
92;331
92;332
92;333
92;334
92;335
92;336
92;337
92;338
92;339
92;340
92;341
92;342
92;343
92;344
92;345
92;346
92;347
92;348
92;349
92;350
92;351
92;352
92;353
92;354
92;355
92;356
92;357
92;358
92;359
92;360
92;361
92;362
92;363
92;364
92;365
92;366
92;367
92;368
92;369
92;370
92;371
92;372
92;373
92;374
92;375
92;376
92;377
92;378
92;379
92;380
92;381
92;382
92;383
93;0
93;1
93;2
93;3
93;4
93;5
93;6
93;7
93;8
93;9
93;10
93;11
93;12
93;13
93;14
93;15
93;16
93;17
93;18
93;19
93;20
93;21
93;22
93;23
93;24
93;25
93;26
93;27
93;28
93;29
93;30
93;31
93;32
93;33
93;34
93;35
93;36
93;37
93;38
93;39
93;40
93;41
93;42
93;43
93;44
93;45
93;46
93;47
93;148
93;149
93;150
93;151
93;152
93;153
93;154
93;155
93;156
93;157
93;158
93;159
93;160
93;161
93;162
93;163
93;164
93;165
93;166
93;167
93;168
93;169
93;170
93;171
93;172
93;173
93;174
93;175
93;176
93;277
93;278
93;279
93;280
93;281
93;282
93;283
93;284
93;285
93;286
93;287
93;288
93;289
93;290
93;291
93;292
93;293
93;294
93;295
93;296
93;297
93;298
93;299
93;300
93;301
93;302
93;303
93;304
93;305
93;306
93;307
93;308
93;309
93;310
93;311
93;312
93;313
93;314
93;315
93;316
93;317
93;318
93;319
93;320
93;321
93;322
93;323
93;324
93;325
93;326
93;327
93;328
93;329
93;330
93;331
93;332
93;333
93;334
93;335
93;336
93;337
93;338
93;339
93;340
93;341
93;342
93;343
93;344
93;345
93;346
93;347
93;348
93;349
93;350
93;351
93;352
93;353
93;354
93;355
93;356
93;357
93;358
93;359
93;360
93;361
93;362
93;363
93;364
93;365
93;366
93;367
93;368
93;369
93;370
93;371
93;372
93;373
93;374
93;375
93;376
93;377
93;378
93;379
93;380
93;381
93;382
93;383
93;384
94;0
94;1
94;2
94;3
94;4
94;5
94;6
94;7
94;8
94;9
94;10
94;11
94;12
94;13
94;14
94;15
94;16
94;17
94;18
94;19
94;20
94;21
94;22
94;23
94;24
94;25
94;26
94;27
94;28
94;29
94;30
94;31
94;32
94;33
94;34
94;35
94;36
94;37
94;38
94;39
94;40
94;41
94;42
94;43
94;44
94;45
94;46
94;47
94;150
94;151
94;152
94;153
94;154
94;155
94;156
94;157
94;158
94;159
94;160
94;161
94;162
94;163
94;164
94;165
94;166
94;167
94;168
94;169
94;170
94;171
94;172
94;173
94;174
94;276
94;277
94;278
94;279
94;280
94;281
94;282
94;283
94;284
94;285
94;286
94;287
94;288
94;289
94;290
94;291
94;292
94;293
94;294
94;295
94;296
94;297
94;298
94;299
94;300
94;301
94;302
94;303
94;304
94;305
94;306
94;307
94;308
94;309
94;310
94;311
94;312
94;313
94;314
94;315
94;316
94;317
94;318
94;319
94;320
94;321
94;322
94;323
94;324
94;325
94;326
94;327
94;328
94;329
94;330
94;331
94;332
94;333
94;334
94;335
94;336
94;337
94;338
94;339
94;340
94;341
94;342
94;343
94;344
94;345
94;346
94;347
94;348
94;349
94;350
94;351
94;352
94;353
94;354
94;355
94;356
94;357
94;358
94;359
94;360
94;361
94;362
94;363
94;364
94;365
94;366
94;367
94;368
94;369
94;370
94;371
94;372
94;373
94;374
94;375
94;376
94;377
94;378
94;379
94;380
94;381
94;382
94;383
94;384
94;385
95;0
95;1
95;2
95;3
95;4
95;5
95;6
95;7
95;8
95;9
95;10
95;11
95;12
95;13
95;14
95;15
95;16
95;17
95;18
95;19
95;20
95;21
95;22
95;23
95;24
95;25
95;26
95;27
95;28
95;29
95;30
95;31
95;32
95;33
95;34
95;35
95;36
95;37
95;38
95;39
95;40
95;41
95;42
95;43
95;44
95;45
95;46
95;47
95;48
95;150
95;151
95;152
95;153
95;154
95;155
95;156
95;157
95;158
95;159
95;160
95;161
95;162
95;163
95;164
95;165
95;166
95;167
95;168
95;169
95;170
95;171
95;172
95;173
95;174
95;275
95;276
95;277
95;278
95;279
95;280
95;281
95;282
95;283
95;284
95;285
95;286
95;287
95;288
95;289
95;290
95;291
95;292
95;293
95;294
95;295
95;296
95;297
95;298
95;299
95;300
95;301
95;302
95;303
95;304
95;305
95;306
95;307
95;308
95;309
95;310
95;311
95;312
95;313
95;314
95;315
95;316
95;317
95;318
95;319
95;320
95;321
95;322
95;323
95;324
95;325
95;326
95;327
95;328
95;329
95;330
95;331
95;332
95;333
95;334
95;335
95;336
95;337
95;338
95;339
95;340
95;341
95;342
95;343
95;344
95;345
95;346
95;347
95;348
95;349
95;350
95;351
95;352
95;353
95;354
95;355
95;356
95;357
95;358
95;359
95;360
95;361
95;362
95;363
95;364
95;365
95;366
95;367
95;368
95;369
95;370
95;371
95;372
95;373
95;374
95;375
95;376
95;377
95;378
95;379
95;380
95;381
95;382
95;383
95;384
95;385
95;386
96;0
96;1
96;2
96;3
96;4
96;5
96;6
96;7
96;8
96;9
96;10
96;11
96;12
96;13
96;14
96;15
96;16
96;17
96;18
96;19
96;20
96;21
96;22
96;23
96;24
96;25
96;26
96;27
96;28
96;29
96;30
96;31
96;32
96;33
96;34
96;35
96;36
96;37
96;38
96;39
96;40
96;41
96;42
96;43
96;44
96;45
96;46
96;47
96;48
96;49
96;151
96;152
96;153
96;154
96;155
96;156
96;157
96;158
96;159
96;160
96;161
96;162
96;163
96;164
96;165
96;166
96;167
96;168
96;169
96;170
96;171
96;172
96;273
96;274
96;275
96;276
96;277
96;278
96;279
96;280
96;281
96;282
96;283
96;284
96;285
96;286
96;287
96;288
96;289
96;290
96;291
96;292
96;293
96;294
96;295
96;296
96;297
96;298
96;299
96;300
96;301
96;302
96;303
96;304
96;305
96;306
96;307
96;308
96;309
96;310
96;311
96;312
96;313
96;314
96;315
96;316
96;317
96;318
96;319
96;320
96;321
96;322
96;323
96;324
96;325
96;326
96;327
96;328
96;329
96;330
96;331
96;332
96;333
96;334
96;335
96;336
96;337
96;338
96;339
96;340
96;341
96;342
96;343
96;344
96;345
96;346
96;347
96;348
96;349
96;350
96;351
96;352
96;353
96;354
96;355
96;356
96;357
96;358
96;359
96;360
96;361
96;362
96;363
96;364
96;365
96;366
96;367
96;368
96;369
96;370
96;371
96;372
96;373
96;374
96;375
96;376
96;377
96;378
96;379
96;380
96;381
96;382
96;383
96;384
96;385
96;386
96;387
97;0
97;1
97;2
97;3
97;4
97;5
97;6
97;7
97;8
97;9
97;10
97;11
97;12
97;13
97;14
97;15
97;16
97;17
97;18
97;19
97;20
97;21
97;22
97;23
97;24
97;25
97;26
97;27
97;28
97;29
97;30
97;31
97;32
97;33
97;34
97;35
97;36
97;37
97;38
97;39
97;40
97;41
97;42
97;43
97;44
97;45
97;46
97;47
97;48
97;49
97;152
97;153
97;154
97;155
97;156
97;157
97;158
97;159
97;160
97;161
97;162
97;163
97;164
97;165
97;166
97;167
97;168
97;169
97;170
97;273
97;274
97;275
97;276
97;277
97;278
97;279
97;280
97;281
97;282
97;283
97;284
97;285
97;286
97;287
97;288
97;289
97;290
97;291
97;292
97;293
97;294
97;295
97;296
97;297
97;298
97;299
97;300
97;301
97;302
97;303
97;304
97;305
97;306
97;307
97;308
97;309
97;310
97;311
97;312
97;313
97;314
97;315
97;316
97;317
97;318
97;319
97;320
97;321
97;322
97;323
97;324
97;325
97;326
97;327
97;328
97;329
97;330
97;331
97;332
97;333
97;334
97;335
97;336
97;337
97;338
97;339
97;340
97;341
97;342
97;343
97;344
97;345
97;346
97;347
97;348
97;349
97;350
97;351
97;352
97;353
97;354
97;355
97;356
97;357
97;358
97;359
97;360
97;361
97;362
97;363
97;364
97;365
97;366
97;367
97;368
97;369
97;370
97;371
97;372
97;373
97;374
97;375
97;376
97;377
97;378
97;379
97;380
97;381
97;382
97;383
97;384
97;385
97;386
97;387
97;388
98;0
98;1
98;2
98;3
98;4
98;5
98;6
98;7
98;8
98;9
98;10
98;11
98;12
98;13
98;14
98;15
98;16
98;17
98;18
98;19
98;20
98;21
98;22
98;23
98;24
98;25
98;26
98;27
98;28
98;29
98;30
98;31
98;32
98;33
98;34
98;35
98;36
98;37
98;38
98;39
98;40
98;41
98;42
98;43
98;44
98;45
98;46
98;47
98;48
98;49
98;50
98;153
98;154
98;155
98;156
98;157
98;158
98;159
98;160
98;161
98;162
98;163
98;164
98;165
98;166
98;167
98;168
98;271
98;272
98;273
98;274
98;275
98;276
98;277
98;278
98;279
98;280
98;281
98;282
98;283
98;284
98;285
98;286
98;287
98;288
98;289
98;290
98;291
98;292
98;293
98;294
98;295
98;296
98;297
98;298
98;299
98;300
98;301
98;302
98;303
98;304
98;305
98;306
98;307
98;308
98;309
98;310
98;311
98;312
98;313
98;314
98;315
98;316
98;317
98;318
98;319
98;320
98;321
98;322
98;323
98;324
98;325
98;326
98;327
98;328
98;329
98;330
98;331
98;332
98;333
98;334
98;335
98;336
98;337
98;338
98;339
98;340
98;341
98;342
98;343
98;344
98;345
98;346
98;347
98;348
98;349
98;350
98;351
98;352
98;353
98;354
98;355
98;356
98;357
98;358
98;359
98;360
98;361
98;362
98;363
98;364
98;365
98;366
98;367
98;368
98;369
98;370
98;371
98;372
98;373
98;374
98;375
98;376
98;377
98;378
98;379
98;380
98;381
98;382
98;383
98;384
98;385
98;386
98;387
98;388
98;389
99;0
99;1
99;2
99;3
99;4
99;5
99;6
99;7
99;8
99;9
99;10
99;11
99;12
99;13
99;14
99;15
99;16
99;17
99;18
99;19
99;20
99;21
99;22
99;23
99;24
99;25
99;26
99;27
99;28
99;29
99;30
99;31
99;32
99;33
99;34
99;35
99;36
99;37
99;38
99;39
99;40
99;41
99;42
99;43
99;44
99;45
99;46
99;47
99;48
99;49
99;50
99;51
99;154
99;155
99;156
99;157
99;158
99;159
99;160
99;161
99;162
99;163
99;164
99;165
99;166
99;167
99;271
99;272
99;273
99;274
99;275
99;276
99;277
99;278
99;279
99;280
99;281
99;282
99;283
99;284
99;285
99;286
99;287
99;288
99;289
99;290
99;291
99;292
99;293
99;294
99;295
99;296
99;297
99;298
99;299
99;300
99;301
99;302
99;303
99;304
99;305
99;306
99;307
99;308
99;309
99;310
99;311
99;312
99;313
99;314
99;315
99;316
99;317
99;318
99;319
99;320
99;321
99;322
99;323
99;324
99;325
99;326
99;327
99;328
99;329
99;330
99;331
99;332
99;333
99;334
99;335
99;336
99;337
99;338
99;339
99;340
99;341
99;342
99;343
99;344
99;345
99;346
99;347
99;348
99;349
99;350
99;351
99;352
99;353
99;354
99;355
99;356
99;357
99;358
99;359
99;360
99;361
99;362
99;363
99;364
99;365
99;366
99;367
99;368
99;369
99;370
99;371
99;372
99;373
99;374
99;375
99;376
99;377
99;378
99;379
99;380
99;381
99;382
99;383
99;384
99;385
99;386
99;387
99;388
99;389
99;390
99;391
100;0
100;1
100;2
100;3
100;4
100;5
100;6
100;7
100;8
100;9
100;10
100;11
100;12
100;13
100;14
100;15
100;16
100;17
100;18
100;19
100;20
100;21
100;22
100;23
100;24
100;25
100;26
100;27
100;28
100;29
100;30
100;31
100;32
100;33
100;34
100;35
100;36
100;37
100;38
100;39
100;40
100;41
100;42
100;43
100;44
100;45
100;46
100;47
100;48
100;49
100;50
100;51
100;154
100;155
100;156
100;157
100;158
100;159
100;160
100;161
100;162
100;163
100;164
100;165
100;166
100;272
100;273
100;274
100;275
100;276
100;277
100;278
100;279
100;280
100;281
100;282
100;283
100;284
100;285
100;286
100;287
100;288
100;289
100;290
100;291
100;292
100;293
100;294
100;295
100;296
100;297
100;298
100;299
100;300
100;301
100;302
100;303
100;304
100;305
100;306
100;307
100;308
100;309
100;310
100;311
100;312
100;313
100;314
100;315
100;316
100;317
100;318
100;319
100;320
100;321
100;322
100;323
100;324
100;325
100;326
100;327
100;328
100;329
100;330
100;331
100;332
100;333
100;334
100;335
100;336
100;337
100;338
100;339
100;340
100;341
100;342
100;343
100;344
100;345
100;346
100;347
100;348
100;349
100;350
100;351
100;352
100;353
100;354
100;355
100;356
100;357
100;358
100;359
100;360
100;361
100;362
100;363
100;364
100;365
100;366
100;367
100;368
100;369
100;370
100;371
100;372
100;373
100;374
100;375
100;376
100;377
100;378
100;379
100;380
100;381
100;382
100;383
100;384
100;385
100;386
100;387
100;388
100;389
100;390
100;391
101;0
101;1
101;2
101;3
101;4
101;5
101;6
101;7
101;8
101;9
101;10
101;11
101;12
101;13
101;14
101;15
101;16
101;17
101;18
101;19
101;20
101;21
101;22
101;23
101;24
101;25
101;26
101;27
101;28
101;29
101;30
101;31
101;32
101;33
101;34
101;35
101;36
101;37
101;38
101;39
101;40
101;41
101;42
101;43
101;44
101;45
101;46
101;47
101;48
101;49
101;50
101;51
101;52
101;156
101;157
101;158
101;159
101;160
101;161
101;162
101;163
101;164
101;273
101;274
101;275
101;276
101;277
101;278
101;279
101;280
101;281
101;282
101;283
101;284
101;285
101;286
101;287
101;288
101;289
101;290
101;291
101;292
101;293
101;294
101;295
101;296
101;297
101;298
101;299
101;300
101;301
101;302
101;303
101;304
101;305
101;306
101;307
101;308
101;309
101;310
101;311
101;312
101;313
101;314
101;315
101;316
101;317
101;318
101;319
101;320
101;321
101;322
101;323
101;324
101;325
101;326
101;327
101;328
101;329
101;330
101;331
101;332
101;333
101;334
101;335
101;336
101;337
101;338
101;339
101;340
101;341
101;342
101;343
101;344
101;345
101;346
101;347
101;348
101;349
101;350
101;351
101;352
101;353
101;354
101;355
101;356
101;357
101;358
101;359
101;360
101;361
101;362
101;363
101;364
101;365
101;366
101;367
101;368
101;369
101;370
101;371
101;372
101;373
101;374
101;375
101;376
101;377
101;378
101;379
101;380
101;381
101;382
101;383
101;384
101;385
101;386
101;387
101;388
101;389
101;390
101;391
101;392
101;393
102;0
102;1
102;2
102;3
102;4
102;5
102;6
102;7
102;8
102;9
102;10
102;11
102;12
102;13
102;14
102;15
102;16
102;17
102;18
102;19
102;20
102;21
102;22
102;23
102;24
102;25
102;26
102;27
102;28
102;29
102;30
102;31
102;32
102;33
102;34
102;35
102;36
102;37
102;38
102;39
102;40
102;41
102;42
102;43
102;44
102;45
102;46
102;47
102;48
102;49
102;50
102;51
102;52
102;156
102;157
102;158
102;159
102;160
102;161
102;162
102;274
102;275
102;276
102;277
102;278
102;279
102;280
102;281
102;282
102;283
102;284
102;285
102;286
102;287
102;288
102;289
102;290
102;291
102;292
102;293
102;294
102;295
102;296
102;297
102;298
102;299
102;300
102;301
102;302
102;303
102;304
102;305
102;306
102;307
102;308
102;309
102;310
102;311
102;312
102;313
102;314
102;315
102;316
102;317
102;318
102;319
102;320
102;321
102;322
102;323
102;324
102;325
102;326
102;327
102;328
102;329
102;330
102;331
102;332
102;333
102;334
102;335
102;336
102;337
102;338
102;339
102;340
102;341
102;342
102;343
102;344
102;345
102;346
102;347
102;348
102;349
102;350
102;351
102;352
102;353
102;354
102;355
102;356
102;357
102;358
102;359
102;360
102;361
102;362
102;363
102;364
102;365
102;366
102;367
102;368
102;369
102;370
102;371
102;372
102;373
102;374
102;375
102;376
102;377
102;378
102;379
102;380
102;381
102;382
102;383
102;384
102;385
102;386
102;387
102;388
102;389
102;390
102;391
102;392
102;393
102;498
102;499
102;500
102;501
103;0
103;1
103;2
103;3
103;4
103;5
103;6
103;7
103;8
103;9
103;10
103;11
103;12
103;13
103;14
103;15
103;16
103;17
103;18
103;19
103;20
103;21
103;22
103;23
103;24
103;25
103;26
103;27
103;28
103;29
103;30
103;31
103;32
103;33
103;34
103;35
103;36
103;37
103;38
103;39
103;40
103;41
103;42
103;43
103;44
103;45
103;46
103;47
103;48
103;49
103;50
103;51
103;52
103;53
103;157
103;158
103;159
103;160
103;275
103;276
103;277
103;278
103;279
103;280
103;281
103;282
103;283
103;284
103;285
103;286
103;287
103;288
103;289
103;290
103;291
103;292
103;293
103;294
103;295
103;296
103;297
103;298
103;299
103;300
103;301
103;302
103;303
103;304
103;305
103;306
103;307
103;308
103;309
103;310
103;311
103;312
103;313
103;314
103;315
103;316
103;317
103;318
103;319
103;320
103;321
103;322
103;323
103;324
103;325
103;326
103;327
103;328
103;329
103;330
103;331
103;332
103;333
103;334
103;335
103;336
103;337
103;338
103;339
103;340
103;341
103;342
103;343
103;344
103;345
103;346
103;347
103;348
103;349
103;350
103;351
103;352
103;353
103;354
103;355
103;356
103;357
103;358
103;359
103;360
103;361
103;362
103;363
103;364
103;365
103;366
103;367
103;368
103;369
103;370
103;371
103;372
103;373
103;374
103;375
103;376
103;377
103;378
103;379
103;380
103;381
103;382
103;383
103;384
103;385
103;386
103;387
103;388
103;389
103;390
103;391
103;392
103;393
103;394
103;395
103;497
103;498
103;499
103;500
103;501
103;502
103;503
103;504
103;505
104;0
104;1
104;2
104;3
104;4
104;5
104;6
104;7
104;8
104;9
104;10
104;11
104;12
104;13
104;14
104;15
104;16
104;17
104;18
104;19
104;20
104;21
104;22
104;23
104;24
104;25
104;26
104;27
104;28
104;29
104;30
104;31
104;32
104;33
104;34
104;35
104;36
104;37
104;38
104;39
104;40
104;41
104;42
104;43
104;44
104;45
104;46
104;47
104;48
104;49
104;50
104;51
104;52
104;53
104;158
104;159
104;160
104;276
104;277
104;278
104;279
104;280
104;281
104;282
104;283
104;284
104;285
104;286
104;287
104;288
104;289
104;290
104;291
104;292
104;293
104;294
104;295
104;296
104;297
104;298
104;299
104;300
104;301
104;302
104;303
104;304
104;305
104;306
104;307
104;308
104;309
104;310
104;311
104;312
104;313
104;314
104;315
104;316
104;317
104;318
104;319
104;320
104;321
104;322
104;323
104;324
104;325
104;326
104;327
104;328
104;329
104;330
104;331
104;332
104;333
104;334
104;335
104;336
104;337
104;338
104;339
104;340
104;341
104;342
104;343
104;344
104;345
104;346
104;347
104;348
104;349
104;350
104;351
104;352
104;353
104;354
104;355
104;356
104;357
104;358
104;359
104;360
104;361
104;362
104;363
104;364
104;365
104;366
104;367
104;368
104;369
104;370
104;371
104;372
104;373
104;374
104;375
104;376
104;377
104;378
104;379
104;380
104;381
104;382
104;383
104;384
104;385
104;386
104;387
104;388
104;389
104;390
104;391
104;392
104;393
104;394
104;497
104;498
104;499
104;500
104;501
104;502
104;503
104;504
104;505
104;506
104;507
104;509
105;0
105;1
105;2
105;3
105;4
105;5
105;6
105;7
105;8
105;9
105;10
105;11
105;12
105;13
105;14
105;15
105;16
105;17
105;18
105;19
105;20
105;21
105;22
105;23
105;24
105;25
105;26
105;27
105;28
105;29
105;30
105;31
105;32
105;33
105;34
105;35
105;36
105;37
105;38
105;39
105;40
105;41
105;42
105;43
105;44
105;45
105;46
105;47
105;48
105;49
105;50
105;51
105;52
105;53
105;278
105;279
105;280
105;281
105;282
105;283
105;284
105;285
105;286
105;287
105;288
105;289
105;290
105;291
105;292
105;293
105;294
105;295
105;296
105;297
105;298
105;299
105;300
105;301
105;302
105;303
105;304
105;305
105;306
105;307
105;308
105;309
105;310
105;311
105;312
105;313
105;314
105;315
105;316
105;317
105;318
105;319
105;320
105;321
105;322
105;323
105;324
105;325
105;326
105;327
105;328
105;329
105;330
105;331
105;332
105;333
105;334
105;335
105;336
105;337
105;338
105;339
105;340
105;341
105;342
105;343
105;344
105;345
105;346
105;347
105;348
105;349
105;350
105;351
105;352
105;353
105;354
105;355
105;356
105;357
105;358
105;359
105;360
105;361
105;362
105;363
105;364
105;365
105;366
105;367
105;368
105;369
105;370
105;371
105;372
105;373
105;374
105;375
105;376
105;377
105;378
105;379
105;380
105;381
105;382
105;383
105;384
105;385
105;386
105;387
105;388
105;389
105;390
105;391
105;392
105;393
105;394
105;497
105;498
105;499
105;500
105;501
105;502
105;503
105;504
105;505
105;506
105;507
105;508
105;509
105;510
105;511
105;513
106;0
106;1
106;2
106;3
106;4
106;5
106;6
106;7
106;8
106;9
106;10
106;11
106;12
106;13
106;14
106;15
106;16
106;17
106;18
106;19
106;20
106;21
106;22
106;23
106;24
106;25
106;26
106;27
106;28
106;29
106;30
106;31
106;32
106;33
106;34
106;35
106;36
106;37
106;38
106;39
106;40
106;41
106;42
106;43
106;44
106;45
106;46
106;47
106;48
106;49
106;50
106;51
106;52
106;53
106;54
106;278
106;279
106;280
106;281
106;282
106;283
106;284
106;285
106;286
106;287
106;288
106;289
106;290
106;291
106;292
106;293
106;294
106;295
106;296
106;297
106;298
106;299
106;300
106;301
106;302
106;303
106;304
106;305
106;306
106;307
106;308
106;309
106;310
106;311
106;312
106;313
106;314
106;315
106;316
106;317
106;318
106;319
106;320
106;321
106;322
106;323
106;324
106;325
106;326
106;327
106;328
106;329
106;330
106;331
106;332
106;333
106;334
106;335
106;336
106;337
106;338
106;339
106;340
106;341
106;342
106;343
106;344
106;345
106;346
106;347
106;348
106;349
106;350
106;351
106;352
106;353
106;354
106;355
106;356
106;357
106;358
106;359
106;360
106;361
106;362
106;363
106;364
106;365
106;366
106;367
106;368
106;369
106;370
106;371
106;372
106;373
106;374
106;375
106;376
106;377
106;378
106;379
106;380
106;381
106;382
106;383
106;384
106;385
106;386
106;387
106;388
106;389
106;390
106;391
106;392
106;496
106;497
106;498
106;499
106;500
106;501
106;502
106;503
106;504
106;505
106;506
106;507
106;508
106;509
106;510
106;511
106;512
106;513
106;514
106;515
107;0
107;1
107;2
107;3
107;4
107;5
107;6
107;7
107;8
107;9
107;10
107;11
107;12
107;13
107;14
107;15
107;16
107;17
107;18
107;19
107;20
107;21
107;22
107;23
107;24
107;25
107;26
107;27
107;28
107;29
107;30
107;31
107;32
107;33
107;34
107;35
107;36
107;37
107;38
107;39
107;40
107;41
107;42
107;43
107;44
107;45
107;46
107;47
107;48
107;49
107;50
107;51
107;52
107;53
107;54
107;280
107;281
107;282
107;283
107;284
107;285
107;286
107;287
107;288
107;289
107;290
107;291
107;292
107;293
107;294
107;295
107;296
107;297
107;298
107;299
107;300
107;301
107;302
107;303
107;304
107;305
107;306
107;307
107;308
107;309
107;310
107;311
107;312
107;313
107;314
107;315
107;316
107;317
107;318
107;319
107;320
107;321
107;322
107;323
107;324
107;325
107;326
107;327
107;328
107;329
107;330
107;331
107;332
107;333
107;334
107;335
107;336
107;337
107;338
107;339
107;340
107;341
107;342
107;343
107;344
107;345
107;346
107;347
107;348
107;349
107;350
107;351
107;352
107;353
107;354
107;355
107;356
107;357
107;358
107;359
107;360
107;361
107;362
107;363
107;364
107;365
107;366
107;367
107;368
107;369
107;370
107;371
107;372
107;373
107;374
107;375
107;376
107;377
107;378
107;379
107;380
107;381
107;382
107;383
107;384
107;385
107;386
107;387
107;388
107;389
107;390
107;391
107;496
107;497
107;498
107;499
107;500
107;501
107;502
107;503
107;504
107;505
107;506
107;507
107;508
107;509
107;510
107;511
107;512
107;513
107;514
107;515
107;516
107;517
107;518
107;519
108;0
108;1
108;2
108;3
108;4
108;5
108;6
108;7
108;8
108;9
108;10
108;11
108;12
108;13
108;14
108;15
108;16
108;17
108;18
108;19
108;20
108;21
108;22
108;23
108;24
108;25
108;26
108;27
108;28
108;29
108;30
108;31
108;32
108;33
108;34
108;35
108;36
108;37
108;38
108;39
108;40
108;41
108;42
108;43
108;44
108;45
108;46
108;47
108;48
108;49
108;50
108;51
108;52
108;53
108;54
108;280
108;281
108;282
108;283
108;284
108;285
108;286
108;287
108;288
108;289
108;290
108;291
108;292
108;293
108;294
108;295
108;296
108;297
108;298
108;299
108;300
108;301
108;302
108;303
108;304
108;305
108;306
108;307
108;308
108;309
108;310
108;311
108;312
108;313
108;314
108;315
108;316
108;317
108;318
108;319
108;320
108;321
108;322
108;323
108;324
108;325
108;326
108;327
108;328
108;329
108;330
108;331
108;332
108;333
108;334
108;335
108;336
108;337
108;338
108;339
108;340
108;341
108;342
108;343
108;344
108;345
108;346
108;347
108;348
108;349
108;350
108;351
108;352
108;353
108;354
108;355
108;356
108;357
108;358
108;359
108;360
108;361
108;362
108;363
108;364
108;365
108;366
108;367
108;368
108;369
108;370
108;371
108;372
108;373
108;374
108;375
108;376
108;377
108;378
108;379
108;380
108;381
108;382
108;383
108;384
108;385
108;386
108;387
108;388
108;389
108;390
108;495
108;496
108;497
108;498
108;499
108;500
108;501
108;502
108;503
108;504
108;505
108;506
108;507
108;508
108;509
108;510
108;511
108;512
108;513
108;514
108;515
108;516
108;517
108;518
108;519
108;520
108;521
108;522
108;523
109;0
109;1
109;2
109;3
109;4
109;5
109;6
109;7
109;8
109;9
109;10
109;11
109;12
109;13
109;14
109;15
109;16
109;17
109;18
109;19
109;20
109;21
109;22
109;23
109;24
109;25
109;26
109;27
109;28
109;29
109;30
109;31
109;32
109;33
109;34
109;35
109;36
109;37
109;38
109;39
109;40
109;41
109;42
109;43
109;44
109;45
109;46
109;47
109;48
109;49
109;50
109;51
109;52
109;53
109;54
109;282
109;283
109;284
109;285
109;286
109;287
109;288
109;289
109;290
109;291
109;292
109;293
109;294
109;295
109;296
109;297
109;298
109;299
109;300
109;301
109;302
109;303
109;304
109;305
109;306
109;307
109;308
109;309
109;310
109;311
109;312
109;313
109;314
109;315
109;316
109;317
109;318
109;319
109;320
109;321
109;322
109;323
109;324
109;325
109;326
109;327
109;328
109;329
109;330
109;331
109;332
109;333
109;334
109;335
109;336
109;337
109;338
109;339
109;340
109;341
109;342
109;343
109;344
109;345
109;346
109;347
109;348
109;349
109;350
109;351
109;352
109;353
109;354
109;355
109;356
109;357
109;358
109;359
109;360
109;361
109;362
109;363
109;364
109;365
109;366
109;367
109;368
109;369
109;370
109;371
109;372
109;373
109;374
109;375
109;376
109;377
109;378
109;379
109;380
109;381
109;382
109;383
109;384
109;385
109;386
109;387
109;388
109;495
109;496
109;497
109;498
109;499
109;500
109;501
109;502
109;503
109;504
109;505
109;506
109;507
109;508
109;509
109;510
109;511
109;512
109;513
109;514
109;515
109;516
109;517
109;518
109;519
109;520
109;521
109;522
109;523
109;524
109;525
109;527
110;0
110;1
110;2
110;3
110;4
110;5
110;6
110;7
110;8
110;9
110;10
110;11
110;12
110;13
110;14
110;15
110;16
110;17
110;18
110;19
110;20
110;21
110;22
110;23
110;24
110;25
110;26
110;27
110;28
110;29
110;30
110;31
110;32
110;33
110;34
110;35
110;36
110;37
110;38
110;39
110;40
110;41
110;42
110;43
110;44
110;45
110;46
110;47
110;48
110;49
110;50
110;51
110;52
110;53
110;54
110;55
110;282
110;283
110;284
110;285
110;286
110;287
110;288
110;289
110;290
110;291
110;292
110;293
110;294
110;295
110;296
110;297
110;298
110;299
110;300
110;301
110;302
110;303
110;304
110;305
110;306
110;307
110;308
110;309
110;310
110;311
110;312
110;313
110;314
110;315
110;316
110;317
110;318
110;319
110;320
110;321
110;322
110;323
110;324
110;325
110;326
110;327
110;328
110;329
110;330
110;331
110;332
110;333
110;334
110;335
110;336
110;337
110;338
110;339
110;340
110;341
110;342
110;343
110;344
110;345
110;346
110;347
110;348
110;349
110;350
110;351
110;352
110;353
110;354
110;355
110;356
110;357
110;358
110;359
110;360
110;361
110;362
110;363
110;364
110;365
110;366
110;367
110;368
110;369
110;370
110;371
110;372
110;373
110;374
110;375
110;376
110;377
110;378
110;379
110;380
110;381
110;382
110;383
110;384
110;385
110;386
110;387
110;495
110;496
110;497
110;498
110;499
110;500
110;501
110;502
110;503
110;504
110;505
110;506
110;507
110;508
110;509
110;510
110;511
110;512
110;513
110;514
110;515
110;516
110;517
110;518
110;519
110;520
110;521
110;522
110;523
110;524
110;525
110;526
110;527
110;528
110;529
110;531
111;0
111;1
111;2
111;3
111;4
111;5
111;6
111;7
111;8
111;9
111;10
111;11
111;12
111;13
111;14
111;15
111;16
111;17
111;18
111;19
111;20
111;21
111;22
111;23
111;24
111;25
111;26
111;27
111;28
111;29
111;30
111;31
111;32
111;33
111;34
111;35
111;36
111;37
111;38
111;39
111;40
111;41
111;42
111;43
111;44
111;45
111;46
111;47
111;48
111;49
111;50
111;51
111;52
111;53
111;54
111;55
111;281
111;282
111;283
111;284
111;285
111;286
111;287
111;288
111;289
111;290
111;291
111;292
111;293
111;294
111;295
111;296
111;297
111;298
111;299
111;300
111;301
111;302
111;303
111;304
111;305
111;306
111;307
111;308
111;309
111;310
111;311
111;312
111;313
111;314
111;315
111;316
111;317
111;318
111;319
111;320
111;321
111;322
111;323
111;324
111;325
111;326
111;327
111;328
111;329
111;330
111;331
111;332
111;333
111;334
111;335
111;336
111;337
111;338
111;339
111;340
111;341
111;342
111;343
111;344
111;345
111;346
111;347
111;348
111;349
111;350
111;351
111;352
111;353
111;354
111;355
111;356
111;357
111;358
111;359
111;360
111;361
111;362
111;363
111;364
111;365
111;366
111;367
111;368
111;369
111;370
111;371
111;372
111;373
111;374
111;375
111;376
111;377
111;378
111;379
111;380
111;381
111;382
111;383
111;384
111;385
111;386
111;494
111;495
111;496
111;497
111;498
111;499
111;500
111;501
111;502
111;503
111;504
111;505
111;506
111;507
111;508
111;509
111;510
111;511
111;512
111;513
111;514
111;515
111;516
111;517
111;518
111;519
111;520
111;521
111;522
111;523
111;524
111;525
111;526
111;527
111;528
111;529
111;530
111;531
111;532
111;533
112;0
112;1
112;2
112;3
112;4
112;5
112;6
112;7
112;8
112;9
112;10
112;11
112;12
112;13
112;14
112;15
112;16
112;17
112;18
112;19
112;20
112;21
112;22
112;23
112;24
112;25
112;26
112;27
112;28
112;29
112;30
112;31
112;32
112;33
112;34
112;35
112;36
112;37
112;38
112;39
112;40
112;41
112;42
112;43
112;44
112;45
112;46
112;47
112;48
112;49
112;50
112;51
112;52
112;53
112;54
112;55
112;280
112;281
112;282
112;283
112;284
112;285
112;286
112;287
112;288
112;289
112;290
112;291
112;292
112;293
112;294
112;295
112;296
112;297
112;298
112;299
112;300
112;301
112;302
112;303
112;304
112;305
112;306
112;307
112;308
112;309
112;310
112;311
112;312
112;313
112;314
112;315
112;316
112;317
112;318
112;319
112;320
112;321
112;322
112;323
112;324
112;325
112;326
112;327
112;328
112;329
112;330
112;331
112;332
112;333
112;334
112;335
112;336
112;337
112;338
112;339
112;340
112;341
112;342
112;343
112;344
112;345
112;346
112;347
112;348
112;349
112;350
112;351
112;352
112;353
112;354
112;355
112;356
112;357
112;358
112;359
112;360
112;361
112;362
112;363
112;364
112;365
112;366
112;367
112;368
112;369
112;370
112;371
112;372
112;373
112;374
112;375
112;376
112;377
112;378
112;379
112;380
112;381
112;382
112;383
112;384
112;494
112;495
112;496
112;497
112;498
112;499
112;500
112;501
112;502
112;503
112;504
112;505
112;506
112;507
112;508
112;509
112;510
112;511
112;512
112;513
112;514
112;515
112;516
112;517
112;518
112;519
112;520
112;521
112;522
112;523
112;524
112;525
112;526
112;527
112;528
112;529
112;530
112;531
112;532
112;533
112;534
112;535
112;536
113;0
113;1
113;2
113;3
113;4
113;5
113;6
113;7
113;8
113;9
113;10
113;11
113;12
113;13
113;14
113;15
113;16
113;17
113;18
113;19
113;20
113;21
113;22
113;23
113;24
113;25
113;26
113;27
113;28
113;29
113;30
113;31
113;32
113;33
113;34
113;35
113;36
113;37
113;38
113;39
113;40
113;41
113;42
113;43
113;44
113;45
113;46
113;47
113;48
113;49
113;50
113;51
113;52
113;53
113;54
113;55
113;279
113;280
113;281
113;282
113;283
113;284
113;285
113;286
113;287
113;288
113;289
113;290
113;291
113;292
113;293
113;294
113;295
113;296
113;297
113;298
113;299
113;300
113;301
113;302
113;303
113;304
113;305
113;306
113;307
113;308
113;309
113;310
113;311
113;312
113;313
113;314
113;315
113;316
113;317
113;318
113;319
113;320
113;321
113;322
113;323
113;324
113;325
113;326
113;327
113;328
113;329
113;330
113;331
113;332
113;333
113;334
113;335
113;336
113;337
113;338
113;339
113;340
113;341
113;342
113;343
113;344
113;345
113;346
113;347
113;348
113;349
113;350
113;351
113;352
113;353
113;354
113;355
113;356
113;357
113;358
113;359
113;360
113;361
113;362
113;363
113;364
113;365
113;366
113;367
113;368
113;369
113;370
113;371
113;372
113;373
113;374
113;375
113;376
113;377
113;378
113;379
113;380
113;381
113;382
113;383
113;384
113;494
113;495
113;496
113;497
113;498
113;499
113;500
113;501
113;502
113;503
113;504
113;505
113;506
113;507
113;508
113;509
113;510
113;511
113;512
113;513
113;514
113;515
113;516
113;517
113;518
113;519
113;520
113;521
113;522
113;523
113;524
113;525
113;526
113;527
113;528
113;529
113;530
113;531
113;532
113;533
113;534
113;535
113;536
114;0
114;1
114;2
114;3
114;4
114;5
114;6
114;7
114;8
114;9
114;10
114;11
114;12
114;13
114;14
114;15
114;16
114;17
114;18
114;19
114;20
114;21
114;22
114;23
114;24
114;25
114;26
114;27
114;28
114;29
114;30
114;31
114;32
114;33
114;34
114;35
114;36
114;37
114;38
114;39
114;40
114;41
114;42
114;43
114;44
114;45
114;46
114;47
114;48
114;49
114;50
114;51
114;52
114;53
114;54
114;55
114;278
114;279
114;280
114;281
114;282
114;283
114;284
114;285
114;286
114;287
114;288
114;289
114;290
114;291
114;292
114;293
114;294
114;295
114;296
114;297
114;298
114;299
114;300
114;301
114;302
114;303
114;304
114;305
114;306
114;307
114;308
114;309
114;310
114;311
114;312
114;313
114;314
114;315
114;316
114;317
114;318
114;319
114;320
114;321
114;322
114;323
114;324
114;325
114;326
114;327
114;328
114;329
114;330
114;331
114;332
114;333
114;334
114;335
114;336
114;337
114;338
114;339
114;340
114;341
114;342
114;343
114;344
114;345
114;346
114;347
114;348
114;349
114;350
114;351
114;352
114;353
114;354
114;355
114;356
114;357
114;358
114;359
114;360
114;361
114;362
114;363
114;364
114;365
114;366
114;367
114;368
114;369
114;370
114;371
114;372
114;373
114;374
114;375
114;376
114;377
114;378
114;379
114;380
114;381
114;382
114;493
114;494
114;495
114;496
114;497
114;498
114;499
114;500
114;501
114;502
114;503
114;504
114;505
114;506
114;507
114;508
114;509
114;510
114;511
114;512
114;513
114;514
114;515
114;516
114;517
114;518
114;519
114;520
114;521
114;522
114;523
114;524
114;525
114;526
114;527
114;528
114;529
114;530
114;531
114;532
114;533
114;534
114;535
114;536
115;0
115;1
115;2
115;3
115;4
115;5
115;6
115;7
115;8
115;9
115;10
115;11
115;12
115;13
115;14
115;15
115;16
115;17
115;18
115;19
115;20
115;21
115;22
115;23
115;24
115;25
115;26
115;27
115;28
115;29
115;30
115;31
115;32
115;33
115;34
115;35
115;36
115;37
115;38
115;39
115;40
115;41
115;42
115;43
115;44
115;45
115;46
115;47
115;48
115;49
115;50
115;51
115;52
115;53
115;54
115;55
115;277
115;278
115;279
115;280
115;281
115;282
115;283
115;284
115;285
115;286
115;287
115;288
115;289
115;290
115;291
115;292
115;293
115;294
115;295
115;296
115;297
115;298
115;299
115;300
115;301
115;302
115;303
115;304
115;305
115;306
115;307
115;308
115;309
115;310
115;311
115;312
115;313
115;314
115;315
115;316
115;317
115;318
115;319
115;320
115;321
115;322
115;323
115;324
115;325
115;326
115;327
115;328
115;329
115;330
115;331
115;332
115;333
115;334
115;335
115;336
115;337
115;338
115;339
115;340
115;341
115;342
115;343
115;344
115;345
115;346
115;347
115;348
115;349
115;350
115;351
115;352
115;353
115;354
115;355
115;356
115;357
115;358
115;359
115;360
115;361
115;362
115;363
115;364
115;365
115;366
115;367
115;368
115;369
115;370
115;371
115;372
115;373
115;374
115;375
115;376
115;377
115;378
115;379
115;380
115;493
115;494
115;495
115;496
115;497
115;498
115;499
115;500
115;501
115;502
115;503
115;504
115;505
115;506
115;507
115;508
115;509
115;510
115;511
115;512
115;513
115;514
115;515
115;516
115;517
115;518
115;519
115;520
115;521
115;522
115;523
115;524
115;525
115;526
115;527
115;528
115;529
115;530
115;531
115;532
115;533
115;534
115;535
115;536
116;0
116;1
116;2
116;3
116;4
116;5
116;6
116;7
116;8
116;9
116;10
116;11
116;12
116;13
116;14
116;15
116;16
116;17
116;18
116;19
116;20
116;21
116;22
116;23
116;24
116;25
116;26
116;27
116;28
116;29
116;30
116;31
116;32
116;33
116;34
116;35
116;36
116;37
116;38
116;39
116;40
116;41
116;42
116;43
116;44
116;45
116;46
116;47
116;48
116;49
116;50
116;51
116;52
116;53
116;54
116;55
116;277
116;278
116;279
116;280
116;281
116;282
116;283
116;284
116;285
116;286
116;287
116;288
116;289
116;290
116;291
116;292
116;293
116;294
116;295
116;296
116;297
116;298
116;299
116;300
116;301
116;302
116;303
116;304
116;305
116;306
116;307
116;308
116;309
116;310
116;311
116;312
116;313
116;314
116;315
116;316
116;317
116;318
116;319
116;320
116;321
116;322
116;323
116;324
116;325
116;326
116;327
116;328
116;329
116;330
116;331
116;332
116;333
116;334
116;335
116;336
116;337
116;338
116;339
116;340
116;341
116;342
116;343
116;344
116;345
116;346
116;347
116;348
116;349
116;350
116;351
116;352
116;353
116;354
116;355
116;356
116;357
116;358
116;359
116;360
116;361
116;362
116;363
116;364
116;365
116;366
116;367
116;368
116;369
116;370
116;371
116;372
116;373
116;374
116;375
116;376
116;377
116;378
116;379
116;380
116;493
116;494
116;495
116;496
116;497
116;498
116;499
116;500
116;501
116;502
116;503
116;504
116;505
116;506
116;507
116;508
116;509
116;510
116;511
116;512
116;513
116;514
116;515
116;516
116;517
116;518
116;519
116;520
116;521
116;522
116;523
116;524
116;525
116;526
116;527
116;528
116;529
116;530
116;531
116;532
116;533
116;534
116;535
116;536
117;0
117;1
117;2
117;3
117;4
117;5
117;6
117;7
117;8
117;9
117;10
117;11
117;12
117;13
117;14
117;15
117;16
117;17
117;18
117;19
117;20
117;21
117;22
117;23
117;24
117;25
117;26
117;27
117;28
117;29
117;30
117;31
117;32
117;33
117;34
117;35
117;36
117;37
117;38
117;39
117;40
117;41
117;42
117;43
117;44
117;45
117;46
117;47
117;48
117;49
117;50
117;51
117;52
117;53
117;54
117;55
117;276
117;277
117;278
117;279
117;280
117;281
117;282
117;283
117;284
117;285
117;286
117;287
117;288
117;289
117;290
117;291
117;292
117;293
117;294
117;295
117;296
117;297
117;298
117;299
117;300
117;301
117;302
117;303
117;304
117;305
117;306
117;307
117;308
117;309
117;310
117;311
117;312
117;313
117;314
117;315
117;316
117;317
117;318
117;319
117;320
117;321
117;322
117;323
117;324
117;325
117;326
117;327
117;328
117;329
117;330
117;331
117;332
117;333
117;334
117;335
117;336
117;337
117;338
117;339
117;340
117;341
117;342
117;343
117;344
117;345
117;346
117;347
117;348
117;349
117;350
117;351
117;352
117;353
117;354
117;355
117;356
117;357
117;358
117;359
117;360
117;361
117;362
117;363
117;364
117;365
117;366
117;367
117;368
117;369
117;370
117;371
117;372
117;373
117;374
117;375
117;376
117;377
117;378
117;492
117;493
117;494
117;495
117;496
117;497
117;498
117;499
117;500
117;501
117;502
117;503
117;504
117;505
117;506
117;507
117;508
117;509
117;510
117;511
117;512
117;513
117;514
117;515
117;516
117;517
117;518
117;519
117;520
117;521
117;522
117;523
117;524
117;525
117;526
117;527
117;528
117;529
117;530
117;531
117;532
117;533
117;534
117;535
117;536
118;0
118;1
118;2
118;3
118;4
118;5
118;6
118;7
118;8
118;9
118;10
118;11
118;12
118;13
118;14
118;15
118;16
118;17
118;18
118;19
118;20
118;21
118;22
118;23
118;24
118;25
118;26
118;27
118;28
118;29
118;30
118;31
118;32
118;33
118;34
118;35
118;36
118;37
118;38
118;39
118;40
118;41
118;42
118;43
118;44
118;45
118;46
118;47
118;48
118;49
118;50
118;51
118;52
118;53
118;54
118;55
118;275
118;276
118;277
118;278
118;279
118;280
118;281
118;282
118;283
118;284
118;285
118;286
118;287
118;288
118;289
118;290
118;291
118;292
118;293
118;294
118;295
118;296
118;297
118;298
118;299
118;300
118;301
118;302
118;303
118;304
118;305
118;306
118;307
118;308
118;309
118;310
118;311
118;312
118;313
118;314
118;315
118;316
118;317
118;318
118;319
118;320
118;321
118;322
118;323
118;324
118;325
118;326
118;327
118;328
118;329
118;330
118;331
118;332
118;333
118;334
118;335
118;336
118;337
118;338
118;339
118;340
118;341
118;342
118;343
118;344
118;345
118;346
118;347
118;348
118;349
118;350
118;351
118;352
118;353
118;354
118;355
118;356
118;357
118;358
118;359
118;360
118;361
118;362
118;363
118;364
118;365
118;366
118;367
118;368
118;369
118;370
118;371
118;372
118;373
118;374
118;375
118;376
118;377
118;492
118;493
118;494
118;495
118;496
118;497
118;498
118;499
118;500
118;501
118;502
118;503
118;504
118;505
118;506
118;507
118;508
118;509
118;510
118;511
118;512
118;513
118;514
118;515
118;516
118;517
118;518
118;519
118;520
118;521
118;522
118;523
118;524
118;525
118;526
118;527
118;528
118;529
118;530
118;531
118;532
118;533
118;534
118;535
118;536
119;0
119;1
119;2
119;3
119;4
119;5
119;6
119;7
119;8
119;9
119;10
119;11
119;12
119;13
119;14
119;15
119;16
119;17
119;18
119;19
119;20
119;21
119;22
119;23
119;24
119;25
119;26
119;27
119;28
119;29
119;30
119;31
119;32
119;33
119;34
119;35
119;36
119;37
119;38
119;39
119;40
119;41
119;42
119;43
119;44
119;45
119;46
119;47
119;48
119;49
119;50
119;51
119;52
119;53
119;54
119;275
119;276
119;277
119;278
119;279
119;280
119;281
119;282
119;283
119;284
119;285
119;286
119;287
119;288
119;289
119;290
119;291
119;292
119;293
119;294
119;295
119;296
119;297
119;298
119;299
119;300
119;301
119;302
119;303
119;304
119;305
119;306
119;307
119;308
119;309
119;310
119;311
119;312
119;313
119;314
119;315
119;316
119;317
119;318
119;319
119;320
119;321
119;322
119;323
119;324
119;325
119;326
119;327
119;328
119;329
119;330
119;331
119;332
119;333
119;334
119;335
119;336
119;337
119;338
119;339
119;340
119;341
119;342
119;343
119;344
119;345
119;346
119;347
119;348
119;349
119;350
119;351
119;352
119;353
119;354
119;355
119;356
119;357
119;358
119;359
119;360
119;361
119;362
119;363
119;364
119;365
119;366
119;367
119;368
119;369
119;370
119;371
119;372
119;373
119;374
119;375
119;376
119;491
119;492
119;493
119;494
119;495
119;496
119;497
119;498
119;499
119;500
119;501
119;502
119;503
119;504
119;505
119;506
119;507
119;508
119;509
119;510
119;511
119;512
119;513
119;514
119;515
119;516
119;517
119;518
119;519
119;520
119;521
119;522
119;523
119;524
119;525
119;526
119;527
119;528
119;529
119;530
119;531
119;532
119;533
119;534
119;535
119;536
120;0
120;1
120;2
120;3
120;4
120;5
120;6
120;7
120;8
120;9
120;10
120;11
120;12
120;13
120;14
120;15
120;16
120;17
120;18
120;19
120;20
120;21
120;22
120;23
120;24
120;25
120;26
120;27
120;28
120;29
120;30
120;31
120;32
120;33
120;34
120;35
120;36
120;37
120;38
120;39
120;40
120;41
120;42
120;43
120;44
120;45
120;46
120;47
120;48
120;49
120;50
120;51
120;52
120;53
120;54
120;274
120;275
120;276
120;277
120;278
120;279
120;280
120;281
120;282
120;283
120;284
120;285
120;286
120;287
120;288
120;289
120;290
120;291
120;292
120;293
120;294
120;295
120;296
120;297
120;298
120;299
120;300
120;301
120;302
120;303
120;304
120;305
120;306
120;307
120;308
120;309
120;310
120;311
120;312
120;313
120;314
120;315
120;316
120;317
120;318
120;319
120;320
120;321
120;322
120;323
120;324
120;325
120;326
120;327
120;328
120;329
120;330
120;331
120;332
120;333
120;334
120;335
120;336
120;337
120;338
120;339
120;340
120;341
120;342
120;343
120;344
120;345
120;346
120;347
120;348
120;349
120;350
120;351
120;352
120;353
120;354
120;355
120;356
120;357
120;358
120;359
120;360
120;361
120;362
120;363
120;364
120;365
120;366
120;367
120;368
120;369
120;370
120;371
120;372
120;373
120;374
120;491
120;492
120;493
120;494
120;495
120;496
120;497
120;498
120;499
120;500
120;501
120;502
120;503
120;504
120;505
120;506
120;507
120;508
120;509
120;510
120;511
120;512
120;513
120;514
120;515
120;516
120;517
120;518
120;519
120;520
120;521
120;522
120;523
120;524
120;525
120;526
120;527
120;528
120;529
120;530
120;531
120;532
120;533
120;534
120;535
120;536
121;0
121;1
121;2
121;3
121;4
121;5
121;6
121;7
121;8
121;9
121;10
121;11
121;12
121;13
121;14
121;15
121;16
121;17
121;18
121;19
121;20
121;21
121;22
121;23
121;24
121;25
121;26
121;27
121;28
121;29
121;30
121;31
121;32
121;33
121;34
121;35
121;36
121;37
121;38
121;39
121;40
121;41
121;42
121;43
121;44
121;45
121;46
121;47
121;48
121;49
121;50
121;51
121;52
121;53
121;54
121;274
121;275
121;276
121;277
121;278
121;279
121;280
121;281
121;282
121;283
121;284
121;285
121;286
121;287
121;288
121;289
121;290
121;291
121;292
121;293
121;294
121;295
121;296
121;297
121;298
121;299
121;300
121;301
121;302
121;303
121;304
121;305
121;306
121;307
121;308
121;309
121;310
121;311
121;312
121;313
121;314
121;315
121;316
121;317
121;318
121;319
121;320
121;321
121;322
121;323
121;324
121;325
121;326
121;327
121;328
121;329
121;330
121;331
121;332
121;333
121;334
121;335
121;336
121;337
121;338
121;339
121;340
121;341
121;342
121;343
121;344
121;345
121;346
121;347
121;348
121;349
121;350
121;351
121;352
121;353
121;354
121;355
121;356
121;357
121;358
121;359
121;360
121;361
121;362
121;363
121;364
121;365
121;366
121;367
121;368
121;369
121;370
121;371
121;372
121;373
121;491
121;492
121;493
121;494
121;495
121;496
121;497
121;498
121;499
121;500
121;501
121;502
121;503
121;504
121;505
121;506
121;507
121;508
121;509
121;510
121;511
121;512
121;513
121;514
121;515
121;516
121;517
121;518
121;519
121;520
121;521
121;522
121;523
121;524
121;525
121;526
121;527
121;528
121;529
121;530
121;531
121;532
121;533
121;534
121;535
121;536
122;0
122;1
122;2
122;3
122;4
122;5
122;6
122;7
122;8
122;9
122;10
122;11
122;12
122;13
122;14
122;15
122;16
122;17
122;18
122;19
122;20
122;21
122;22
122;23
122;24
122;25
122;26
122;27
122;28
122;29
122;30
122;31
122;32
122;33
122;34
122;35
122;36
122;37
122;38
122;39
122;40
122;41
122;42
122;43
122;44
122;45
122;46
122;47
122;48
122;49
122;50
122;51
122;52
122;53
122;54
122;273
122;274
122;275
122;276
122;277
122;278
122;279
122;280
122;281
122;282
122;283
122;284
122;285
122;286
122;287
122;288
122;289
122;290
122;291
122;292
122;293
122;294
122;295
122;296
122;297
122;298
122;299
122;300
122;301
122;302
122;303
122;304
122;305
122;306
122;307
122;308
122;309
122;310
122;311
122;312
122;313
122;314
122;315
122;316
122;317
122;318
122;319
122;320
122;321
122;322
122;323
122;324
122;325
122;326
122;327
122;328
122;329
122;330
122;331
122;332
122;333
122;334
122;335
122;336
122;337
122;338
122;339
122;340
122;341
122;342
122;343
122;344
122;345
122;346
122;347
122;348
122;349
122;350
122;351
122;352
122;353
122;354
122;355
122;356
122;357
122;358
122;359
122;360
122;361
122;362
122;363
122;364
122;365
122;366
122;367
122;368
122;369
122;370
122;371
122;372
122;490
122;491
122;492
122;493
122;494
122;495
122;496
122;497
122;498
122;499
122;500
122;501
122;502
122;503
122;504
122;505
122;506
122;507
122;508
122;509
122;510
122;511
122;512
122;513
122;514
122;515
122;516
122;517
122;518
122;519
122;520
122;521
122;522
122;523
122;524
122;525
122;526
122;527
122;528
122;529
122;530
122;531
122;532
122;533
122;534
122;535
122;536
123;0
123;1
123;2
123;3
123;4
123;5
123;6
123;7
123;8
123;9
123;10
123;11
123;12
123;13
123;14
123;15
123;16
123;17
123;18
123;19
123;20
123;21
123;22
123;23
123;24
123;25
123;26
123;27
123;28
123;29
123;30
123;31
123;32
123;33
123;34
123;35
123;36
123;37
123;38
123;39
123;40
123;41
123;42
123;43
123;44
123;45
123;46
123;47
123;48
123;49
123;50
123;51
123;52
123;53
123;54
123;273
123;274
123;275
123;276
123;277
123;278
123;279
123;280
123;281
123;282
123;283
123;284
123;285
123;286
123;287
123;288
123;289
123;290
123;291
123;292
123;293
123;294
123;295
123;296
123;297
123;298
123;299
123;300
123;301
123;302
123;303
123;304
123;305
123;306
123;307
123;308
123;309
123;310
123;311
123;312
123;313
123;314
123;315
123;316
123;317
123;318
123;319
123;320
123;321
123;322
123;323
123;324
123;325
123;326
123;327
123;328
123;329
123;330
123;331
123;332
123;333
123;334
123;335
123;336
123;337
123;338
123;339
123;340
123;341
123;342
123;343
123;344
123;345
123;346
123;347
123;348
123;349
123;350
123;351
123;352
123;353
123;354
123;355
123;356
123;357
123;358
123;359
123;360
123;361
123;362
123;363
123;364
123;365
123;366
123;367
123;368
123;369
123;370
123;490
123;491
123;492
123;493
123;494
123;495
123;496
123;497
123;498
123;499
123;500
123;501
123;502
123;503
123;504
123;505
123;506
123;507
123;508
123;509
123;510
123;511
123;512
123;513
123;514
123;515
123;516
123;517
123;518
123;519
123;520
123;521
123;522
123;523
123;524
123;525
123;526
123;527
123;528
123;529
123;530
123;531
123;532
123;533
123;534
123;535
123;536
124;0
124;1
124;2
124;3
124;4
124;5
124;6
124;7
124;8
124;9
124;10
124;11
124;12
124;13
124;14
124;15
124;16
124;17
124;18
124;19
124;20
124;21
124;22
124;23
124;24
124;25
124;26
124;27
124;28
124;29
124;30
124;31
124;32
124;33
124;34
124;35
124;36
124;37
124;38
124;39
124;40
124;41
124;42
124;43
124;44
124;45
124;46
124;47
124;48
124;49
124;50
124;51
124;52
124;53
124;273
124;274
124;275
124;276
124;277
124;278
124;279
124;280
124;281
124;282
124;283
124;284
124;285
124;286
124;287
124;288
124;289
124;290
124;291
124;292
124;293
124;294
124;295
124;296
124;297
124;298
124;299
124;300
124;301
124;302
124;303
124;304
124;305
124;306
124;307
124;308
124;309
124;310
124;311
124;312
124;313
124;314
124;315
124;316
124;317
124;318
124;319
124;320
124;321
124;322
124;323
124;324
124;325
124;326
124;327
124;328
124;329
124;330
124;331
124;332
124;333
124;334
124;335
124;336
124;337
124;338
124;339
124;340
124;341
124;342
124;343
124;344
124;345
124;346
124;347
124;348
124;349
124;350
124;351
124;352
124;353
124;354
124;355
124;356
124;357
124;358
124;359
124;360
124;361
124;362
124;363
124;364
124;365
124;366
124;367
124;368
124;369
124;370
124;489
124;490
124;491
124;492
124;493
124;494
124;495
124;496
124;497
124;498
124;499
124;500
124;501
124;502
124;503
124;504
124;505
124;506
124;507
124;508
124;509
124;510
124;511
124;512
124;513
124;514
124;515
124;516
124;517
124;518
124;519
124;520
124;521
124;522
124;523
124;524
124;525
124;526
124;527
124;528
124;529
124;530
124;531
124;532
124;533
124;534
124;535
124;536
125;0
125;1
125;2
125;3
125;4
125;5
125;6
125;7
125;8
125;9
125;10
125;11
125;12
125;13
125;14
125;15
125;16
125;17
125;18
125;19
125;20
125;21
125;22
125;23
125;24
125;25
125;26
125;27
125;28
125;29
125;30
125;31
125;32
125;33
125;34
125;35
125;36
125;37
125;38
125;39
125;40
125;41
125;42
125;43
125;44
125;45
125;46
125;47
125;48
125;49
125;50
125;51
125;52
125;53
125;272
125;273
125;274
125;275
125;276
125;277
125;278
125;279
125;280
125;281
125;282
125;283
125;284
125;285
125;286
125;287
125;288
125;289
125;290
125;291
125;292
125;293
125;294
125;295
125;296
125;297
125;298
125;299
125;300
125;301
125;302
125;303
125;304
125;305
125;306
125;307
125;308
125;309
125;310
125;311
125;312
125;313
125;314
125;315
125;316
125;317
125;318
125;319
125;320
125;321
125;322
125;323
125;324
125;325
125;326
125;327
125;328
125;329
125;330
125;331
125;332
125;333
125;334
125;335
125;336
125;337
125;338
125;339
125;340
125;341
125;342
125;343
125;344
125;345
125;346
125;347
125;348
125;349
125;350
125;351
125;352
125;353
125;354
125;355
125;356
125;357
125;358
125;359
125;360
125;361
125;362
125;363
125;364
125;365
125;366
125;367
125;368
125;489
125;490
125;491
125;492
125;493
125;494
125;495
125;496
125;497
125;498
125;499
125;500
125;501
125;502
125;503
125;504
125;505
125;506
125;507
125;508
125;509
125;510
125;511
125;512
125;513
125;514
125;515
125;516
125;517
125;518
125;519
125;520
125;521
125;522
125;523
125;524
125;525
125;526
125;527
125;528
125;529
125;530
125;531
125;532
125;533
125;534
125;535
125;536
126;0
126;1
126;2
126;3
126;4
126;5
126;6
126;7
126;8
126;9
126;10
126;11
126;12
126;13
126;14
126;15
126;16
126;17
126;18
126;19
126;20
126;21
126;22
126;23
126;24
126;25
126;26
126;27
126;28
126;29
126;30
126;31
126;32
126;33
126;34
126;35
126;36
126;37
126;38
126;39
126;40
126;41
126;42
126;43
126;44
126;45
126;46
126;47
126;48
126;49
126;50
126;51
126;52
126;272
126;273
126;274
126;275
126;276
126;277
126;278
126;279
126;280
126;281
126;282
126;283
126;284
126;285
126;286
126;287
126;288
126;289
126;290
126;291
126;292
126;293
126;294
126;295
126;296
126;297
126;298
126;299
126;300
126;301
126;302
126;303
126;304
126;305
126;306
126;307
126;308
126;309
126;310
126;311
126;312
126;313
126;314
126;315
126;316
126;317
126;318
126;319
126;320
126;321
126;322
126;323
126;324
126;325
126;326
126;327
126;328
126;329
126;330
126;331
126;332
126;333
126;334
126;335
126;336
126;337
126;338
126;339
126;340
126;341
126;342
126;343
126;344
126;345
126;346
126;347
126;348
126;349
126;350
126;351
126;352
126;353
126;354
126;355
126;356
126;357
126;358
126;359
126;360
126;361
126;362
126;363
126;364
126;365
126;366
126;489
126;490
126;491
126;492
126;493
126;494
126;495
126;496
126;497
126;498
126;499
126;500
126;501
126;502
126;503
126;504
126;505
126;506
126;507
126;508
126;509
126;510
126;511
126;512
126;513
126;514
126;515
126;516
126;517
126;518
126;519
126;520
126;521
126;522
126;523
126;524
126;525
126;526
126;527
126;528
126;529
126;530
126;531
126;532
126;533
126;534
126;535
126;536
127;0
127;1
127;2
127;3
127;4
127;5
127;6
127;7
127;8
127;9
127;10
127;11
127;12
127;13
127;14
127;15
127;16
127;17
127;18
127;19
127;20
127;21
127;22
127;23
127;24
127;25
127;26
127;27
127;28
127;29
127;30
127;31
127;32
127;33
127;34
127;35
127;36
127;37
127;38
127;39
127;40
127;41
127;42
127;43
127;44
127;45
127;46
127;47
127;48
127;49
127;50
127;51
127;52
127;272
127;273
127;274
127;275
127;276
127;277
127;278
127;279
127;280
127;281
127;282
127;283
127;284
127;285
127;286
127;287
127;288
127;289
127;290
127;291
127;292
127;293
127;294
127;295
127;296
127;297
127;298
127;299
127;300
127;301
127;302
127;303
127;304
127;305
127;306
127;307
127;308
127;309
127;310
127;311
127;312
127;313
127;314
127;315
127;316
127;317
127;318
127;319
127;320
127;321
127;322
127;323
127;324
127;325
127;326
127;327
127;328
127;329
127;330
127;331
127;332
127;333
127;334
127;335
127;336
127;337
127;338
127;339
127;340
127;341
127;342
127;343
127;344
127;345
127;346
127;347
127;348
127;349
127;350
127;351
127;352
127;353
127;354
127;355
127;356
127;357
127;358
127;359
127;360
127;361
127;362
127;363
127;364
127;365
127;366
127;489
127;490
127;491
127;492
127;493
127;494
127;495
127;496
127;497
127;498
127;499
127;500
127;501
127;502
127;503
127;504
127;505
127;506
127;507
127;508
127;509
127;510
127;511
127;512
127;513
127;514
127;515
127;516
127;517
127;518
127;519
127;520
127;521
127;522
127;523
127;524
127;525
127;526
127;527
127;528
127;529
127;530
127;531
127;532
127;533
127;534
127;535
127;536
128;0
128;1
128;2
128;3
128;4
128;5
128;6
128;7
128;8
128;9
128;10
128;11
128;12
128;13
128;14
128;15
128;16
128;17
128;18
128;19
128;20
128;21
128;22
128;23
128;24
128;25
128;26
128;27
128;28
128;29
128;30
128;31
128;32
128;33
128;34
128;35
128;36
128;37
128;38
128;39
128;40
128;41
128;42
128;43
128;44
128;45
128;46
128;47
128;48
128;49
128;50
128;51
128;52
128;272
128;273
128;274
128;275
128;276
128;277
128;278
128;279
128;280
128;281
128;282
128;283
128;284
128;285
128;286
128;287
128;288
128;289
128;290
128;291
128;292
128;293
128;294
128;295
128;296
128;297
128;298
128;299
128;300
128;301
128;302
128;303
128;304
128;305
128;306
128;307
128;308
128;309
128;310
128;311
128;312
128;313
128;314
128;315
128;316
128;317
128;318
128;319
128;320
128;321
128;322
128;323
128;324
128;325
128;326
128;327
128;328
128;329
128;330
128;331
128;332
128;333
128;334
128;335
128;336
128;337
128;338
128;339
128;340
128;341
128;342
128;343
128;344
128;345
128;346
128;347
128;348
128;349
128;350
128;351
128;352
128;353
128;354
128;355
128;356
128;357
128;358
128;359
128;360
128;361
128;362
128;363
128;364
128;488
128;489
128;490
128;491
128;492
128;493
128;494
128;495
128;496
128;497
128;498
128;499
128;500
128;501
128;502
128;503
128;504
128;505
128;506
128;507
128;508
128;509
128;510
128;511
128;512
128;513
128;514
128;515
128;516
128;517
128;518
128;519
128;520
128;521
128;522
128;523
128;524
128;525
128;526
128;527
128;528
128;529
128;530
128;531
128;532
128;533
128;534
128;535
128;536
129;0
129;1
129;2
129;3
129;4
129;5
129;6
129;7
129;8
129;9
129;10
129;11
129;12
129;13
129;14
129;15
129;16
129;17
129;18
129;19
129;20
129;21
129;22
129;23
129;24
129;25
129;26
129;27
129;28
129;29
129;30
129;31
129;32
129;33
129;34
129;35
129;36
129;37
129;38
129;39
129;40
129;41
129;42
129;43
129;44
129;45
129;46
129;47
129;48
129;49
129;50
129;51
129;271
129;272
129;273
129;274
129;275
129;276
129;277
129;278
129;279
129;280
129;281
129;282
129;283
129;284
129;285
129;286
129;287
129;288
129;289
129;290
129;291
129;292
129;293
129;294
129;295
129;296
129;297
129;298
129;299
129;300
129;301
129;302
129;303
129;304
129;305
129;306
129;307
129;308
129;309
129;310
129;311
129;312
129;313
129;314
129;315
129;316
129;317
129;318
129;319
129;320
129;321
129;322
129;323
129;324
129;325
129;326
129;327
129;328
129;329
129;330
129;331
129;332
129;333
129;334
129;335
129;336
129;337
129;338
129;339
129;340
129;341
129;342
129;343
129;344
129;345
129;346
129;347
129;348
129;349
129;350
129;351
129;352
129;353
129;354
129;355
129;356
129;357
129;358
129;359
129;360
129;361
129;362
129;363
129;488
129;489
129;490
129;491
129;492
129;493
129;494
129;495
129;496
129;497
129;498
129;499
129;500
129;501
129;502
129;503
129;504
129;505
129;506
129;507
129;508
129;509
129;510
129;511
129;512
129;513
129;514
129;515
129;516
129;517
129;518
129;519
129;520
129;521
129;522
129;523
129;524
129;525
129;526
129;527
129;528
129;529
129;530
129;531
129;532
129;533
129;534
129;535
129;536
130;0
130;1
130;2
130;3
130;4
130;5
130;6
130;7
130;8
130;9
130;10
130;11
130;12
130;13
130;14
130;15
130;16
130;17
130;18
130;19
130;20
130;21
130;22
130;23
130;24
130;25
130;26
130;27
130;28
130;29
130;30
130;31
130;32
130;33
130;34
130;35
130;36
130;37
130;38
130;39
130;40
130;41
130;42
130;43
130;44
130;45
130;46
130;47
130;48
130;49
130;50
130;271
130;272
130;273
130;274
130;275
130;276
130;277
130;278
130;279
130;280
130;281
130;282
130;283
130;284
130;285
130;286
130;287
130;288
130;289
130;290
130;291
130;292
130;293
130;294
130;295
130;296
130;297
130;298
130;299
130;300
130;301
130;302
130;303
130;304
130;305
130;306
130;307
130;308
130;309
130;310
130;311
130;312
130;313
130;314
130;315
130;316
130;317
130;318
130;319
130;320
130;321
130;322
130;323
130;324
130;325
130;326
130;327
130;328
130;329
130;330
130;331
130;332
130;333
130;334
130;335
130;336
130;337
130;338
130;339
130;340
130;341
130;342
130;343
130;344
130;345
130;346
130;347
130;348
130;349
130;350
130;351
130;352
130;353
130;354
130;355
130;356
130;357
130;358
130;359
130;360
130;361
130;362
130;487
130;488
130;489
130;490
130;491
130;492
130;493
130;494
130;495
130;496
130;497
130;498
130;499
130;500
130;501
130;502
130;503
130;504
130;505
130;506
130;507
130;508
130;509
130;510
130;511
130;512
130;513
130;514
130;515
130;516
130;517
130;518
130;519
130;520
130;521
130;522
130;523
130;524
130;525
130;526
130;527
130;528
130;529
130;530
130;531
130;532
130;533
130;534
130;535
130;536
131;0
131;1
131;2
131;3
131;4
131;5
131;6
131;7
131;8
131;9
131;10
131;11
131;12
131;13
131;14
131;15
131;16
131;17
131;18
131;19
131;20
131;21
131;22
131;23
131;24
131;25
131;26
131;27
131;28
131;29
131;30
131;31
131;32
131;33
131;34
131;35
131;36
131;37
131;38
131;39
131;40
131;41
131;42
131;43
131;44
131;45
131;46
131;47
131;48
131;49
131;50
131;271
131;272
131;273
131;274
131;275
131;276
131;277
131;278
131;279
131;280
131;281
131;282
131;283
131;284
131;285
131;286
131;287
131;288
131;289
131;290
131;291
131;292
131;293
131;294
131;295
131;296
131;297
131;298
131;299
131;300
131;301
131;302
131;303
131;304
131;305
131;306
131;307
131;308
131;309
131;310
131;311
131;312
131;313
131;314
131;315
131;316
131;317
131;318
131;319
131;320
131;321
131;322
131;323
131;324
131;325
131;326
131;327
131;328
131;329
131;330
131;331
131;332
131;333
131;334
131;335
131;336
131;337
131;338
131;339
131;340
131;341
131;342
131;343
131;344
131;345
131;346
131;347
131;348
131;349
131;350
131;351
131;352
131;353
131;354
131;355
131;356
131;357
131;358
131;359
131;360
131;487
131;488
131;489
131;490
131;491
131;492
131;493
131;494
131;495
131;496
131;497
131;498
131;499
131;500
131;501
131;502
131;503
131;504
131;505
131;506
131;507
131;508
131;509
131;510
131;511
131;512
131;513
131;514
131;515
131;516
131;517
131;518
131;519
131;520
131;521
131;522
131;523
131;524
131;525
131;526
131;527
131;528
131;529
131;530
131;531
131;532
131;533
131;534
131;535
131;536
132;0
132;1
132;2
132;3
132;4
132;5
132;6
132;7
132;8
132;9
132;10
132;11
132;12
132;13
132;14
132;15
132;16
132;17
132;18
132;19
132;20
132;21
132;22
132;23
132;24
132;25
132;26
132;27
132;28
132;29
132;30
132;31
132;32
132;33
132;34
132;35
132;36
132;37
132;38
132;39
132;40
132;41
132;42
132;43
132;44
132;45
132;46
132;47
132;48
132;49
132;271
132;272
132;273
132;274
132;275
132;276
132;277
132;278
132;279
132;280
132;281
132;282
132;283
132;284
132;285
132;286
132;287
132;288
132;289
132;290
132;291
132;292
132;293
132;294
132;295
132;296
132;297
132;298
132;299
132;300
132;301
132;302
132;303
132;304
132;305
132;306
132;307
132;308
132;309
132;310
132;311
132;312
132;313
132;314
132;315
132;316
132;317
132;318
132;319
132;320
132;321
132;322
132;323
132;324
132;325
132;326
132;327
132;328
132;329
132;330
132;331
132;332
132;333
132;334
132;335
132;336
132;337
132;338
132;339
132;340
132;341
132;342
132;343
132;344
132;345
132;346
132;347
132;348
132;349
132;350
132;351
132;352
132;353
132;354
132;355
132;356
132;357
132;358
132;359
132;487
132;488
132;489
132;490
132;491
132;492
132;493
132;494
132;495
132;496
132;497
132;498
132;499
132;500
132;501
132;502
132;503
132;504
132;505
132;506
132;507
132;508
132;509
132;510
132;511
132;512
132;513
132;514
132;515
132;516
132;517
132;518
132;519
132;520
132;521
132;522
132;523
132;524
132;525
132;526
132;527
132;528
132;529
132;530
132;531
132;532
132;533
132;534
132;535
132;536
133;0
133;1
133;2
133;3
133;4
133;5
133;6
133;7
133;8
133;9
133;10
133;11
133;12
133;13
133;14
133;15
133;16
133;17
133;18
133;19
133;20
133;21
133;22
133;23
133;24
133;25
133;26
133;27
133;28
133;29
133;30
133;31
133;32
133;33
133;34
133;35
133;36
133;37
133;38
133;39
133;40
133;41
133;42
133;43
133;44
133;45
133;46
133;47
133;48
133;271
133;272
133;273
133;274
133;275
133;276
133;277
133;278
133;279
133;280
133;281
133;282
133;283
133;284
133;285
133;286
133;287
133;288
133;289
133;290
133;291
133;292
133;293
133;294
133;295
133;296
133;297
133;298
133;299
133;300
133;301
133;302
133;303
133;304
133;305
133;306
133;307
133;308
133;309
133;310
133;311
133;312
133;313
133;314
133;315
133;316
133;317
133;318
133;319
133;320
133;321
133;322
133;323
133;324
133;325
133;326
133;327
133;328
133;329
133;330
133;331
133;332
133;333
133;334
133;335
133;336
133;337
133;338
133;339
133;340
133;341
133;342
133;343
133;344
133;345
133;346
133;347
133;348
133;349
133;350
133;351
133;352
133;353
133;354
133;355
133;356
133;357
133;358
133;486
133;487
133;488
133;489
133;490
133;491
133;492
133;493
133;494
133;495
133;496
133;497
133;498
133;499
133;500
133;501
133;502
133;503
133;504
133;505
133;506
133;507
133;508
133;509
133;510
133;511
133;512
133;513
133;514
133;515
133;516
133;517
133;518
133;519
133;520
133;521
133;522
133;523
133;524
133;525
133;526
133;527
133;528
133;529
133;530
133;531
133;532
133;533
133;534
133;535
133;536
134;0
134;1
134;2
134;3
134;4
134;5
134;6
134;7
134;8
134;9
134;10
134;11
134;12
134;13
134;14
134;15
134;16
134;17
134;18
134;19
134;20
134;21
134;22
134;23
134;24
134;25
134;26
134;27
134;28
134;29
134;30
134;31
134;32
134;33
134;34
134;35
134;36
134;37
134;38
134;39
134;40
134;41
134;42
134;43
134;44
134;45
134;46
134;47
134;48
134;271
134;272
134;273
134;274
134;275
134;276
134;277
134;278
134;279
134;280
134;281
134;282
134;283
134;284
134;285
134;286
134;287
134;288
134;289
134;290
134;291
134;292
134;293
134;294
134;295
134;296
134;297
134;298
134;299
134;300
134;301
134;302
134;303
134;304
134;305
134;306
134;307
134;308
134;309
134;310
134;311
134;312
134;313
134;314
134;315
134;316
134;317
134;318
134;319
134;320
134;321
134;322
134;323
134;324
134;325
134;326
134;327
134;328
134;329
134;330
134;331
134;332
134;333
134;334
134;335
134;336
134;337
134;338
134;339
134;340
134;341
134;342
134;343
134;344
134;345
134;346
134;347
134;348
134;349
134;350
134;351
134;352
134;353
134;354
134;355
134;356
134;486
134;487
134;488
134;489
134;490
134;491
134;492
134;493
134;494
134;495
134;496
134;497
134;498
134;499
134;500
134;501
134;502
134;503
134;504
134;505
134;506
134;507
134;508
134;509
134;510
134;511
134;512
134;513
134;514
134;515
134;516
134;517
134;518
134;519
134;520
134;521
134;522
134;523
134;524
134;525
134;526
134;527
134;528
134;529
134;530
134;531
134;532
134;533
134;534
134;535
134;536
135;0
135;1
135;2
135;3
135;4
135;5
135;6
135;7
135;8
135;9
135;10
135;11
135;12
135;13
135;14
135;15
135;16
135;17
135;18
135;19
135;20
135;21
135;22
135;23
135;24
135;25
135;26
135;27
135;28
135;29
135;30
135;31
135;32
135;33
135;34
135;35
135;36
135;37
135;38
135;39
135;40
135;41
135;42
135;43
135;44
135;45
135;46
135;271
135;272
135;273
135;274
135;275
135;276
135;277
135;278
135;279
135;280
135;281
135;282
135;283
135;284
135;285
135;286
135;287
135;288
135;289
135;290
135;291
135;292
135;293
135;294
135;295
135;296
135;297
135;298
135;299
135;300
135;301
135;302
135;303
135;304
135;305
135;306
135;307
135;308
135;309
135;310
135;311
135;312
135;313
135;314
135;315
135;316
135;317
135;318
135;319
135;320
135;321
135;322
135;323
135;324
135;325
135;326
135;327
135;328
135;329
135;330
135;331
135;332
135;333
135;334
135;335
135;336
135;337
135;338
135;339
135;340
135;341
135;342
135;343
135;344
135;345
135;346
135;347
135;348
135;349
135;350
135;351
135;352
135;353
135;354
135;355
135;356
135;485
135;486
135;487
135;488
135;489
135;490
135;491
135;492
135;493
135;494
135;495
135;496
135;497
135;498
135;499
135;500
135;501
135;502
135;503
135;504
135;505
135;506
135;507
135;508
135;509
135;510
135;511
135;512
135;513
135;514
135;515
135;516
135;517
135;518
135;519
135;520
135;521
135;522
135;523
135;524
135;525
135;526
135;527
135;528
135;529
135;530
135;531
135;532
135;533
135;534
135;535
135;536
136;0
136;1
136;2
136;3
136;4
136;5
136;6
136;7
136;8
136;9
136;10
136;11
136;12
136;13
136;14
136;15
136;16
136;17
136;18
136;19
136;20
136;21
136;22
136;23
136;24
136;25
136;26
136;27
136;28
136;29
136;30
136;31
136;32
136;33
136;34
136;35
136;36
136;37
136;38
136;39
136;40
136;41
136;42
136;43
136;44
136;45
136;46
136;272
136;273
136;274
136;275
136;276
136;277
136;278
136;279
136;280
136;281
136;282
136;283
136;284
136;285
136;286
136;287
136;288
136;289
136;290
136;291
136;292
136;293
136;294
136;295
136;296
136;297
136;298
136;299
136;300
136;301
136;302
136;303
136;304
136;305
136;306
136;307
136;308
136;309
136;310
136;311
136;312
136;313
136;314
136;315
136;316
136;317
136;318
136;319
136;320
136;321
136;322
136;323
136;324
136;325
136;326
136;327
136;328
136;329
136;330
136;331
136;332
136;333
136;334
136;335
136;336
136;337
136;338
136;339
136;340
136;341
136;342
136;343
136;344
136;345
136;346
136;347
136;348
136;349
136;350
136;351
136;352
136;353
136;354
136;485
136;486
136;487
136;488
136;489
136;490
136;491
136;492
136;493
136;494
136;495
136;496
136;497
136;498
136;499
136;500
136;501
136;502
136;503
136;504
136;505
136;506
136;507
136;508
136;509
136;510
136;511
136;512
136;513
136;514
136;515
136;516
136;517
136;518
136;519
136;520
136;521
136;522
136;523
136;524
136;525
136;526
136;527
136;528
136;529
136;530
136;531
136;532
136;533
136;534
136;535
136;536
137;0
137;1
137;2
137;3
137;4
137;5
137;6
137;7
137;8
137;9
137;10
137;11
137;12
137;13
137;14
137;15
137;16
137;17
137;18
137;19
137;20
137;21
137;22
137;23
137;24
137;25
137;26
137;27
137;28
137;29
137;30
137;31
137;32
137;33
137;34
137;35
137;36
137;37
137;38
137;39
137;40
137;41
137;42
137;43
137;44
137;45
137;272
137;273
137;274
137;275
137;276
137;277
137;278
137;279
137;280
137;281
137;282
137;283
137;284
137;285
137;286
137;287
137;288
137;289
137;290
137;291
137;292
137;293
137;294
137;295
137;296
137;297
137;298
137;299
137;300
137;301
137;302
137;303
137;304
137;305
137;306
137;307
137;308
137;309
137;310
137;311
137;312
137;313
137;314
137;315
137;316
137;317
137;318
137;319
137;320
137;321
137;322
137;323
137;324
137;325
137;326
137;327
137;328
137;329
137;330
137;331
137;332
137;333
137;334
137;335
137;336
137;337
137;338
137;339
137;340
137;341
137;342
137;343
137;344
137;345
137;346
137;347
137;348
137;349
137;350
137;351
137;352
137;485
137;486
137;487
137;488
137;489
137;490
137;491
137;492
137;493
137;494
137;495
137;496
137;497
137;498
137;499
137;500
137;501
137;502
137;503
137;504
137;505
137;506
137;507
137;508
137;509
137;510
137;511
137;512
137;513
137;514
137;515
137;516
137;517
137;518
137;519
137;520
137;521
137;522
137;523
137;524
137;525
137;526
137;527
137;528
137;529
137;530
137;531
137;532
137;533
137;534
137;535
137;536
138;0
138;1
138;2
138;3
138;4
138;5
138;6
138;7
138;8
138;9
138;10
138;11
138;12
138;13
138;14
138;15
138;16
138;17
138;18
138;19
138;20
138;21
138;22
138;23
138;24
138;25
138;26
138;27
138;28
138;29
138;30
138;31
138;32
138;33
138;34
138;35
138;36
138;37
138;38
138;39
138;40
138;41
138;42
138;43
138;44
138;272
138;273
138;274
138;275
138;276
138;277
138;278
138;279
138;280
138;281
138;282
138;283
138;284
138;285
138;286
138;287
138;288
138;289
138;290
138;291
138;292
138;293
138;294
138;295
138;296
138;297
138;298
138;299
138;300
138;301
138;302
138;303
138;304
138;305
138;306
138;307
138;308
138;309
138;310
138;311
138;312
138;313
138;314
138;315
138;316
138;317
138;318
138;319
138;320
138;321
138;322
138;323
138;324
138;325
138;326
138;327
138;328
138;329
138;330
138;331
138;332
138;333
138;334
138;335
138;336
138;337
138;338
138;339
138;340
138;341
138;342
138;343
138;344
138;345
138;346
138;347
138;348
138;349
138;350
138;351
138;352
138;484
138;485
138;486
138;487
138;488
138;489
138;490
138;491
138;492
138;493
138;494
138;495
138;496
138;497
138;498
138;499
138;500
138;501
138;502
138;503
138;504
138;505
138;506
138;507
138;508
138;509
138;510
138;511
138;512
138;513
138;514
138;515
138;516
138;517
138;518
138;519
138;520
138;521
138;522
138;523
138;524
138;525
138;526
138;527
138;528
138;529
138;530
138;531
138;532
138;533
138;534
138;535
138;536
139;0
139;1
139;2
139;3
139;4
139;5
139;6
139;7
139;8
139;9
139;10
139;11
139;12
139;13
139;14
139;15
139;16
139;17
139;18
139;19
139;20
139;21
139;22
139;23
139;24
139;25
139;26
139;27
139;28
139;29
139;30
139;31
139;32
139;33
139;34
139;35
139;36
139;37
139;38
139;39
139;40
139;41
139;42
139;272
139;273
139;274
139;275
139;276
139;277
139;278
139;279
139;280
139;281
139;282
139;283
139;284
139;285
139;286
139;287
139;288
139;289
139;290
139;291
139;292
139;293
139;294
139;295
139;296
139;297
139;298
139;299
139;300
139;301
139;302
139;303
139;304
139;305
139;306
139;307
139;308
139;309
139;310
139;311
139;312
139;313
139;314
139;315
139;316
139;317
139;318
139;319
139;320
139;321
139;322
139;323
139;324
139;325
139;326
139;327
139;328
139;329
139;330
139;331
139;332
139;333
139;334
139;335
139;336
139;337
139;338
139;339
139;340
139;341
139;342
139;343
139;344
139;345
139;346
139;347
139;348
139;349
139;350
139;484
139;485
139;486
139;487
139;488
139;489
139;490
139;491
139;492
139;493
139;494
139;495
139;496
139;497
139;498
139;499
139;500
139;501
139;502
139;503
139;504
139;505
139;506
139;507
139;508
139;509
139;510
139;511
139;512
139;513
139;514
139;515
139;516
139;517
139;518
139;519
139;520
139;521
139;522
139;523
139;524
139;525
139;526
139;527
139;528
139;529
139;530
139;531
139;532
139;533
139;534
139;535
139;536
140;0
140;1
140;2
140;3
140;4
140;5
140;6
140;7
140;8
140;9
140;10
140;11
140;12
140;13
140;14
140;15
140;16
140;17
140;18
140;19
140;20
140;21
140;22
140;23
140;24
140;25
140;26
140;27
140;28
140;29
140;30
140;31
140;32
140;33
140;34
140;35
140;36
140;37
140;38
140;39
140;40
140;41
140;42
140;272
140;273
140;274
140;275
140;276
140;277
140;278
140;279
140;280
140;281
140;282
140;283
140;284
140;285
140;286
140;287
140;288
140;289
140;290
140;291
140;292
140;293
140;294
140;295
140;296
140;297
140;298
140;299
140;300
140;301
140;302
140;303
140;304
140;305
140;306
140;307
140;308
140;309
140;310
140;311
140;312
140;313
140;314
140;315
140;316
140;317
140;318
140;319
140;320
140;321
140;322
140;323
140;324
140;325
140;326
140;327
140;328
140;329
140;330
140;331
140;332
140;333
140;334
140;335
140;336
140;337
140;338
140;339
140;340
140;341
140;342
140;343
140;344
140;345
140;346
140;347
140;348
140;349
140;484
140;485
140;486
140;487
140;488
140;489
140;490
140;491
140;492
140;493
140;494
140;495
140;496
140;497
140;498
140;499
140;500
140;501
140;502
140;503
140;504
140;505
140;506
140;507
140;508
140;509
140;510
140;511
140;512
140;513
140;514
140;515
140;516
140;517
140;518
140;519
140;520
140;521
140;522
140;523
140;524
140;525
140;526
140;527
140;528
140;529
140;530
140;531
140;532
140;533
140;534
140;535
140;536
141;0
141;1
141;2
141;3
141;4
141;5
141;6
141;7
141;8
141;9
141;10
141;11
141;12
141;13
141;14
141;15
141;16
141;17
141;18
141;19
141;20
141;21
141;22
141;23
141;24
141;25
141;26
141;27
141;28
141;29
141;30
141;31
141;32
141;33
141;34
141;35
141;36
141;37
141;38
141;39
141;40
141;273
141;274
141;275
141;276
141;277
141;278
141;279
141;280
141;281
141;282
141;283
141;284
141;285
141;286
141;287
141;288
141;289
141;290
141;291
141;292
141;293
141;294
141;295
141;296
141;297
141;298
141;299
141;300
141;301
141;302
141;303
141;304
141;305
141;306
141;307
141;308
141;309
141;310
141;311
141;312
141;313
141;314
141;315
141;316
141;317
141;318
141;319
141;320
141;321
141;322
141;323
141;324
141;325
141;326
141;327
141;328
141;329
141;330
141;331
141;332
141;333
141;334
141;335
141;336
141;337
141;338
141;339
141;340
141;341
141;342
141;343
141;344
141;345
141;346
141;347
141;348
141;484
141;485
141;486
141;487
141;488
141;489
141;490
141;491
141;492
141;493
141;494
141;495
141;496
141;497
141;498
141;499
141;500
141;501
141;502
141;503
141;504
141;505
141;506
141;507
141;508
141;509
141;510
141;511
141;512
141;513
141;514
141;515
141;516
141;517
141;518
141;519
141;520
141;521
141;522
141;523
141;524
141;525
141;526
141;527
141;528
141;529
141;530
141;531
141;532
141;533
141;534
141;535
141;536
142;0
142;1
142;2
142;3
142;4
142;5
142;6
142;7
142;8
142;9
142;10
142;11
142;12
142;13
142;14
142;15
142;16
142;17
142;18
142;19
142;20
142;21
142;22
142;23
142;24
142;25
142;26
142;27
142;28
142;29
142;30
142;31
142;32
142;33
142;34
142;35
142;36
142;37
142;38
142;273
142;274
142;275
142;276
142;277
142;278
142;279
142;280
142;281
142;282
142;283
142;284
142;285
142;286
142;287
142;288
142;289
142;290
142;291
142;292
142;293
142;294
142;295
142;296
142;297
142;298
142;299
142;300
142;301
142;302
142;303
142;304
142;305
142;306
142;307
142;308
142;309
142;310
142;311
142;312
142;313
142;314
142;315
142;316
142;317
142;318
142;319
142;320
142;321
142;322
142;323
142;324
142;325
142;326
142;327
142;328
142;329
142;330
142;331
142;332
142;333
142;334
142;335
142;336
142;337
142;338
142;339
142;340
142;341
142;342
142;343
142;344
142;345
142;346
142;486
142;487
142;488
142;489
142;490
142;491
142;492
142;493
142;494
142;495
142;496
142;497
142;498
142;499
142;500
142;501
142;502
142;503
142;504
142;505
142;506
142;507
142;508
142;509
142;510
142;511
142;512
142;513
142;514
142;515
142;516
142;517
142;518
142;519
142;520
142;521
142;522
142;523
142;524
142;525
142;526
142;527
142;528
142;529
142;530
142;531
142;532
142;533
142;534
142;535
142;536
143;0
143;1
143;2
143;3
143;4
143;5
143;6
143;7
143;8
143;9
143;10
143;11
143;12
143;13
143;14
143;15
143;16
143;17
143;18
143;19
143;20
143;21
143;22
143;23
143;24
143;25
143;26
143;27
143;28
143;29
143;30
143;31
143;32
143;33
143;34
143;35
143;36
143;274
143;275
143;276
143;277
143;278
143;279
143;280
143;281
143;282
143;283
143;284
143;285
143;286
143;287
143;288
143;289
143;290
143;291
143;292
143;293
143;294
143;295
143;296
143;297
143;298
143;299
143;300
143;301
143;302
143;303
143;304
143;305
143;306
143;307
143;308
143;309
143;310
143;311
143;312
143;313
143;314
143;315
143;316
143;317
143;318
143;319
143;320
143;321
143;322
143;323
143;324
143;325
143;326
143;327
143;328
143;329
143;330
143;331
143;332
143;333
143;334
143;335
143;336
143;337
143;338
143;339
143;340
143;341
143;342
143;343
143;344
143;345
143;346
143;487
143;488
143;489
143;490
143;491
143;492
143;493
143;494
143;495
143;496
143;497
143;498
143;499
143;500
143;501
143;502
143;503
143;504
143;505
143;506
143;507
143;508
143;509
143;510
143;511
143;512
143;513
143;514
143;515
143;516
143;517
143;518
143;519
143;520
143;521
143;522
143;523
143;524
143;525
143;526
143;527
143;528
143;529
143;530
143;531
143;532
143;533
143;534
143;535
143;536
144;0
144;1
144;2
144;3
144;4
144;5
144;6
144;7
144;8
144;9
144;10
144;11
144;12
144;13
144;14
144;15
144;16
144;17
144;18
144;19
144;20
144;21
144;22
144;23
144;24
144;25
144;26
144;27
144;28
144;29
144;30
144;31
144;32
144;33
144;34
144;274
144;275
144;276
144;277
144;278
144;279
144;280
144;281
144;282
144;283
144;284
144;285
144;286
144;287
144;288
144;289
144;290
144;291
144;292
144;293
144;294
144;295
144;296
144;297
144;298
144;299
144;300
144;301
144;302
144;303
144;304
144;305
144;306
144;307
144;308
144;309
144;310
144;311
144;312
144;313
144;314
144;315
144;316
144;317
144;318
144;319
144;320
144;321
144;322
144;323
144;324
144;325
144;326
144;327
144;328
144;329
144;330
144;331
144;332
144;333
144;334
144;335
144;336
144;337
144;338
144;339
144;340
144;341
144;342
144;343
144;344
144;485
144;486
144;487
144;488
144;489
144;490
144;491
144;492
144;493
144;494
144;495
144;496
144;497
144;498
144;499
144;500
144;501
144;502
144;503
144;504
144;505
144;506
144;507
144;508
144;509
144;510
144;511
144;512
144;513
144;514
144;515
144;516
144;517
144;518
144;519
144;520
144;521
144;522
144;523
144;524
144;525
144;526
144;527
144;528
144;529
144;530
144;531
144;532
144;533
144;534
144;535
144;536
145;0
145;1
145;2
145;3
145;4
145;5
145;6
145;7
145;8
145;9
145;10
145;11
145;12
145;13
145;14
145;15
145;16
145;17
145;18
145;19
145;20
145;21
145;22
145;23
145;24
145;25
145;26
145;27
145;28
145;29
145;30
145;31
145;32
145;274
145;275
145;276
145;277
145;278
145;279
145;280
145;281
145;282
145;283
145;284
145;285
145;286
145;287
145;288
145;289
145;290
145;291
145;292
145;293
145;294
145;295
145;296
145;297
145;298
145;299
145;300
145;301
145;302
145;303
145;304
145;305
145;306
145;307
145;308
145;309
145;310
145;311
145;312
145;313
145;314
145;315
145;316
145;317
145;318
145;319
145;320
145;321
145;322
145;323
145;324
145;325
145;326
145;327
145;328
145;329
145;330
145;331
145;332
145;333
145;334
145;335
145;336
145;337
145;338
145;339
145;340
145;341
145;342
145;485
145;486
145;487
145;488
145;489
145;490
145;491
145;492
145;493
145;494
145;495
145;496
145;497
145;498
145;499
145;500
145;501
145;502
145;503
145;504
145;505
145;506
145;507
145;508
145;509
145;510
145;511
145;512
145;513
145;514
145;515
145;516
145;517
145;518
145;519
145;520
145;521
145;522
145;523
145;524
145;525
145;526
145;527
145;528
145;529
145;530
145;531
145;532
145;533
145;534
145;535
145;536
146;2
146;3
146;4
146;5
146;6
146;7
146;8
146;9
146;10
146;11
146;12
146;13
146;14
146;15
146;16
146;17
146;18
146;19
146;20
146;21
146;22
146;23
146;24
146;25
146;26
146;27
146;28
146;29
146;30
146;275
146;276
146;277
146;278
146;279
146;280
146;281
146;282
146;283
146;284
146;285
146;286
146;287
146;288
146;289
146;290
146;291
146;292
146;293
146;294
146;295
146;296
146;297
146;298
146;299
146;300
146;301
146;302
146;303
146;304
146;305
146;306
146;307
146;308
146;309
146;310
146;311
146;312
146;313
146;314
146;315
146;316
146;317
146;318
146;319
146;320
146;321
146;322
146;323
146;324
146;325
146;326
146;327
146;328
146;329
146;330
146;331
146;332
146;333
146;334
146;335
146;336
146;337
146;338
146;339
146;340
146;341
146;342
146;484
146;485
146;486
146;487
146;488
146;489
146;490
146;491
146;492
146;493
146;494
146;495
146;496
146;497
146;498
146;499
146;500
146;501
146;502
146;503
146;504
146;505
146;506
146;507
146;508
146;509
146;510
146;511
146;512
146;513
146;514
146;515
146;516
146;517
146;518
146;519
146;520
146;521
146;522
146;523
146;524
146;525
146;526
146;527
146;528
146;529
146;530
146;531
146;532
146;533
146;534
146;535
146;536
147;4
147;5
147;6
147;7
147;8
147;9
147;10
147;11
147;12
147;13
147;14
147;15
147;16
147;17
147;18
147;19
147;20
147;21
147;22
147;23
147;24
147;25
147;26
147;28
147;276
147;277
147;278
147;279
147;280
147;281
147;282
147;283
147;284
147;285
147;286
147;287
147;288
147;289
147;290
147;291
147;292
147;293
147;294
147;295
147;296
147;297
147;298
147;299
147;300
147;301
147;302
147;303
147;304
147;305
147;306
147;307
147;308
147;309
147;310
147;311
147;312
147;313
147;314
147;315
147;316
147;317
147;318
147;319
147;320
147;321
147;322
147;323
147;324
147;325
147;326
147;327
147;328
147;329
147;330
147;331
147;332
147;333
147;334
147;335
147;336
147;337
147;338
147;339
147;340
147;483
147;484
147;485
147;486
147;487
147;488
147;489
147;490
147;491
147;492
147;493
147;494
147;495
147;496
147;497
147;498
147;499
147;500
147;501
147;502
147;503
147;504
147;505
147;506
147;507
147;508
147;509
147;510
147;511
147;512
147;513
147;514
147;515
147;516
147;517
147;518
147;519
147;520
147;521
147;522
147;523
147;524
147;525
147;526
147;527
147;528
147;529
147;530
147;531
147;532
147;533
147;534
147;535
147;536
148;8
148;10
148;11
148;12
148;13
148;14
148;15
148;16
148;17
148;18
148;19
148;20
148;22
148;24
148;276
148;277
148;278
148;279
148;280
148;281
148;282
148;283
148;284
148;285
148;286
148;287
148;288
148;289
148;290
148;291
148;292
148;293
148;294
148;295
148;296
148;297
148;298
148;299
148;300
148;301
148;302
148;303
148;304
148;305
148;306
148;307
148;308
148;309
148;310
148;311
148;312
148;313
148;314
148;315
148;316
148;317
148;318
148;319
148;320
148;321
148;322
148;323
148;324
148;325
148;326
148;327
148;328
148;329
148;330
148;331
148;332
148;333
148;334
148;335
148;336
148;337
148;338
148;339
148;483
148;484
148;485
148;486
148;487
148;488
148;489
148;490
148;491
148;492
148;493
148;494
148;495
148;496
148;497
148;498
148;499
148;500
148;501
148;502
148;503
148;504
148;505
148;506
148;507
148;508
148;509
148;510
148;511
148;512
148;513
148;514
148;515
148;516
148;517
148;518
148;519
148;520
148;521
148;522
148;523
148;524
148;525
148;526
148;527
148;528
148;529
148;530
148;531
148;532
148;533
148;534
148;535
148;536
149;277
149;278
149;279
149;280
149;281
149;282
149;283
149;284
149;285
149;286
149;287
149;288
149;289
149;290
149;291
149;292
149;293
149;294
149;295
149;296
149;297
149;298
149;299
149;300
149;301
149;302
149;303
149;304
149;305
149;306
149;307
149;308
149;309
149;310
149;311
149;312
149;313
149;314
149;315
149;316
149;317
149;318
149;319
149;320
149;321
149;322
149;323
149;324
149;325
149;326
149;327
149;328
149;329
149;330
149;331
149;332
149;333
149;334
149;335
149;336
149;337
149;338
149;482
149;483
149;484
149;485
149;486
149;487
149;488
149;489
149;490
149;491
149;492
149;493
149;494
149;495
149;496
149;497
149;498
149;499
149;500
149;501
149;502
149;503
149;504
149;505
149;506
149;507
149;508
149;509
149;510
149;511
149;512
149;513
149;514
149;515
149;516
149;517
149;518
149;519
149;520
149;521
149;522
149;523
149;524
149;525
149;526
149;527
149;528
149;529
149;530
149;531
149;532
149;533
149;534
149;535
149;536
150;278
150;279
150;280
150;281
150;282
150;283
150;284
150;285
150;286
150;287
150;288
150;289
150;290
150;291
150;292
150;293
150;294
150;295
150;296
150;297
150;298
150;299
150;300
150;301
150;302
150;303
150;304
150;305
150;306
150;307
150;308
150;309
150;310
150;311
150;312
150;313
150;314
150;315
150;316
150;317
150;318
150;319
150;320
150;321
150;322
150;323
150;324
150;325
150;326
150;327
150;328
150;329
150;330
150;331
150;332
150;333
150;334
150;335
150;336
150;482
150;483
150;484
150;485
150;486
150;487
150;488
150;489
150;490
150;491
150;492
150;493
150;494
150;495
150;496
150;497
150;498
150;499
150;500
150;501
150;502
150;503
150;504
150;505
150;506
150;507
150;508
150;509
150;510
150;511
150;512
150;513
150;514
150;515
150;516
150;517
150;518
150;519
150;520
150;521
150;522
150;523
150;524
150;525
150;526
150;527
150;528
150;529
150;530
150;531
150;532
150;533
150;534
150;535
150;536
151;279
151;280
151;281
151;282
151;283
151;284
151;285
151;286
151;287
151;288
151;289
151;290
151;291
151;292
151;293
151;294
151;295
151;296
151;297
151;298
151;299
151;300
151;301
151;302
151;303
151;304
151;305
151;306
151;307
151;308
151;309
151;310
151;311
151;312
151;313
151;314
151;315
151;316
151;317
151;318
151;319
151;320
151;321
151;322
151;323
151;324
151;325
151;326
151;327
151;328
151;329
151;330
151;331
151;332
151;333
151;334
151;335
151;481
151;482
151;483
151;484
151;485
151;486
151;487
151;488
151;489
151;490
151;491
151;492
151;493
151;494
151;495
151;496
151;497
151;498
151;499
151;500
151;501
151;502
151;503
151;504
151;505
151;506
151;507
151;508
151;509
151;510
151;511
151;512
151;513
151;514
151;515
151;516
151;517
151;518
151;519
151;520
151;521
151;522
151;523
151;524
151;525
151;526
151;527
151;528
151;529
151;530
151;531
151;532
151;533
151;534
151;535
151;536
152;280
152;281
152;282
152;283
152;284
152;285
152;286
152;287
152;288
152;289
152;290
152;291
152;292
152;293
152;294
152;295
152;296
152;297
152;298
152;299
152;300
152;301
152;302
152;303
152;304
152;305
152;306
152;307
152;308
152;309
152;310
152;311
152;312
152;313
152;314
152;315
152;316
152;317
152;318
152;319
152;320
152;321
152;322
152;323
152;324
152;325
152;326
152;327
152;328
152;329
152;330
152;331
152;332
152;333
152;334
152;481
152;482
152;483
152;484
152;485
152;486
152;487
152;488
152;489
152;490
152;491
152;492
152;493
152;494
152;495
152;496
152;497
152;498
152;499
152;500
152;501
152;502
152;503
152;504
152;505
152;506
152;507
152;508
152;509
152;510
152;511
152;512
152;513
152;514
152;515
152;516
152;517
152;518
152;519
152;520
152;521
152;522
152;523
152;524
152;525
152;526
152;527
152;528
152;529
152;530
152;531
152;532
152;533
152;534
152;535
152;536
153;280
153;281
153;282
153;283
153;284
153;285
153;286
153;287
153;288
153;289
153;290
153;291
153;292
153;293
153;294
153;295
153;296
153;297
153;298
153;299
153;300
153;301
153;302
153;303
153;304
153;305
153;306
153;307
153;308
153;309
153;310
153;311
153;312
153;313
153;314
153;315
153;316
153;317
153;318
153;319
153;320
153;321
153;322
153;323
153;324
153;325
153;326
153;327
153;328
153;329
153;330
153;331
153;332
153;480
153;481
153;482
153;483
153;484
153;485
153;486
153;487
153;488
153;489
153;490
153;491
153;492
153;493
153;494
153;495
153;496
153;497
153;498
153;499
153;500
153;501
153;502
153;503
153;504
153;505
153;506
153;507
153;508
153;509
153;510
153;511
153;512
153;513
153;514
153;515
153;516
153;517
153;518
153;519
153;520
153;521
153;522
153;523
153;524
153;525
153;526
153;527
153;528
153;529
153;530
153;531
153;532
153;533
153;534
153;535
153;536
154;282
154;283
154;284
154;285
154;286
154;287
154;288
154;289
154;290
154;291
154;292
154;293
154;294
154;295
154;296
154;297
154;298
154;299
154;300
154;301
154;302
154;303
154;304
154;305
154;306
154;307
154;308
154;309
154;310
154;311
154;312
154;313
154;314
154;315
154;316
154;317
154;318
154;319
154;320
154;321
154;322
154;323
154;324
154;325
154;326
154;327
154;328
154;329
154;330
154;331
154;332
154;480
154;481
154;482
154;483
154;484
154;485
154;486
154;487
154;488
154;489
154;490
154;491
154;492
154;493
154;494
154;495
154;496
154;497
154;498
154;499
154;500
154;501
154;502
154;503
154;504
154;505
154;506
154;507
154;508
154;509
154;510
154;511
154;512
154;513
154;514
154;515
154;516
154;517
154;518
154;519
154;520
154;521
154;522
154;523
154;524
154;525
154;526
154;527
154;528
154;529
154;530
154;531
154;532
154;533
154;534
154;535
154;536
155;283
155;284
155;285
155;286
155;287
155;288
155;289
155;290
155;291
155;292
155;293
155;294
155;295
155;296
155;297
155;298
155;299
155;300
155;301
155;302
155;303
155;304
155;305
155;306
155;307
155;308
155;309
155;310
155;311
155;312
155;313
155;314
155;315
155;316
155;317
155;318
155;319
155;320
155;321
155;322
155;323
155;324
155;325
155;326
155;327
155;328
155;329
155;330
155;479
155;480
155;481
155;482
155;483
155;484
155;485
155;486
155;487
155;488
155;489
155;490
155;491
155;492
155;493
155;494
155;495
155;496
155;497
155;498
155;499
155;500
155;501
155;502
155;503
155;504
155;505
155;506
155;507
155;508
155;509
155;510
155;511
155;512
155;513
155;514
155;515
155;516
155;517
155;518
155;519
155;520
155;521
155;522
155;523
155;524
155;525
155;526
155;527
155;528
155;529
155;530
155;531
155;532
155;533
155;534
155;535
155;536
156;284
156;285
156;286
156;287
156;288
156;289
156;290
156;291
156;292
156;293
156;294
156;295
156;296
156;297
156;298
156;299
156;300
156;301
156;302
156;303
156;304
156;305
156;306
156;307
156;308
156;309
156;310
156;311
156;312
156;313
156;314
156;315
156;316
156;317
156;318
156;319
156;320
156;321
156;322
156;323
156;324
156;325
156;326
156;327
156;328
156;479
156;480
156;481
156;482
156;483
156;484
156;485
156;486
156;487
156;488
156;489
156;490
156;491
156;492
156;493
156;494
156;495
156;496
156;497
156;498
156;499
156;500
156;501
156;502
156;503
156;504
156;505
156;506
156;507
156;508
156;509
156;510
156;511
156;512
156;513
156;514
156;515
156;516
156;517
156;518
156;519
156;520
156;521
156;522
156;523
156;524
156;525
156;526
156;527
156;528
156;529
156;530
156;531
156;532
156;533
156;534
156;535
156;536
157;286
157;287
157;288
157;289
157;290
157;291
157;292
157;293
157;294
157;295
157;296
157;297
157;298
157;299
157;300
157;301
157;302
157;303
157;304
157;305
157;306
157;307
157;308
157;309
157;310
157;311
157;312
157;313
157;314
157;315
157;316
157;317
157;318
157;319
157;320
157;321
157;322
157;323
157;324
157;325
157;326
157;479
157;480
157;481
157;482
157;483
157;484
157;485
157;486
157;487
157;488
157;489
157;490
157;491
157;492
157;493
157;494
157;495
157;496
157;497
157;498
157;499
157;500
157;501
157;502
157;503
157;504
157;505
157;506
157;507
157;508
157;509
157;510
157;511
157;512
157;513
157;514
157;515
157;516
157;517
157;518
157;519
157;520
157;521
157;522
157;523
157;524
157;525
157;526
157;527
157;528
157;529
157;530
157;531
157;532
157;533
157;534
157;535
157;536
158;288
158;289
158;290
158;291
158;292
158;293
158;294
158;295
158;296
158;297
158;298
158;299
158;300
158;301
158;302
158;303
158;304
158;305
158;306
158;307
158;308
158;309
158;310
158;311
158;312
158;313
158;314
158;315
158;316
158;317
158;318
158;319
158;320
158;321
158;322
158;323
158;324
158;325
158;478
158;479
158;480
158;481
158;482
158;483
158;484
158;485
158;486
158;487
158;488
158;489
158;490
158;491
158;492
158;493
158;494
158;495
158;496
158;497
158;498
158;499
158;500
158;501
158;502
158;503
158;504
158;505
158;506
158;507
158;508
158;509
158;510
158;511
158;512
158;513
158;514
158;515
158;516
158;517
158;518
158;519
158;520
158;521
158;522
158;523
158;524
158;525
158;526
158;527
158;528
158;529
158;530
158;531
158;532
158;533
158;534
158;535
158;536
159;290
159;291
159;292
159;293
159;294
159;295
159;296
159;297
159;298
159;299
159;300
159;301
159;302
159;303
159;304
159;305
159;306
159;307
159;308
159;309
159;310
159;311
159;312
159;313
159;314
159;315
159;316
159;317
159;318
159;319
159;320
159;321
159;322
159;323
159;324
159;478
159;479
159;480
159;481
159;482
159;483
159;484
159;485
159;486
159;487
159;488
159;489
159;490
159;491
159;492
159;493
159;494
159;495
159;496
159;497
159;498
159;499
159;500
159;501
159;502
159;503
159;504
159;505
159;506
159;507
159;508
159;509
159;510
159;511
159;512
159;513
159;514
159;515
159;516
159;517
159;518
159;519
159;520
159;521
159;522
159;523
159;524
159;525
159;526
159;527
159;528
159;529
159;530
159;531
159;532
159;533
159;534
159;535
159;536
160;292
160;293
160;294
160;295
160;296
160;297
160;298
160;299
160;300
160;301
160;302
160;303
160;304
160;305
160;306
160;307
160;308
160;309
160;310
160;311
160;312
160;313
160;314
160;315
160;316
160;317
160;318
160;319
160;320
160;478
160;479
160;480
160;481
160;482
160;483
160;484
160;485
160;486
160;487
160;488
160;489
160;490
160;491
160;492
160;493
160;494
160;495
160;496
160;497
160;498
160;499
160;500
160;501
160;502
160;503
160;504
160;505
160;506
160;507
160;508
160;509
160;510
160;511
160;512
160;513
160;514
160;515
160;516
160;517
160;518
160;519
160;520
160;521
160;522
160;523
160;524
160;525
160;526
160;527
160;528
160;529
160;530
160;531
160;532
160;533
160;534
160;535
160;536
161;294
161;295
161;296
161;297
161;298
161;299
161;300
161;301
161;302
161;303
161;304
161;305
161;306
161;307
161;308
161;309
161;310
161;311
161;312
161;313
161;314
161;315
161;316
161;317
161;318
161;478
161;479
161;480
161;481
161;482
161;483
161;484
161;485
161;486
161;487
161;488
161;489
161;490
161;491
161;492
161;493
161;494
161;495
161;496
161;497
161;498
161;499
161;500
161;501
161;502
161;503
161;504
161;505
161;506
161;507
161;508
161;509
161;510
161;511
161;512
161;513
161;514
161;515
161;516
161;517
161;518
161;519
161;520
161;521
161;522
161;523
161;524
161;525
161;526
161;527
161;528
161;529
161;530
161;531
161;532
161;533
161;534
161;535
161;536
162;298
162;299
162;300
162;301
162;302
162;303
162;304
162;305
162;306
162;307
162;308
162;309
162;310
162;311
162;312
162;313
162;314
162;477
162;478
162;479
162;480
162;481
162;482
162;483
162;484
162;485
162;486
162;487
162;488
162;489
162;490
162;491
162;492
162;493
162;494
162;495
162;496
162;497
162;498
162;499
162;500
162;501
162;502
162;503
162;504
162;505
162;506
162;507
162;508
162;509
162;510
162;511
162;512
162;513
162;514
162;515
162;516
162;517
162;518
162;519
162;520
162;521
162;522
162;523
162;524
162;525
162;526
162;527
162;528
162;529
162;530
162;531
162;532
162;533
162;534
162;535
162;536
163;304
163;306
163;308
163;477
163;478
163;479
163;480
163;481
163;482
163;483
163;484
163;485
163;486
163;487
163;488
163;489
163;490
163;491
163;492
163;493
163;494
163;495
163;496
163;497
163;498
163;499
163;500
163;501
163;502
163;503
163;504
163;505
163;506
163;507
163;508
163;509
163;510
163;511
163;512
163;513
163;514
163;515
163;516
163;517
163;518
163;519
163;520
163;521
163;522
163;523
163;524
163;525
163;526
163;527
163;528
163;529
163;530
163;531
163;532
163;533
163;534
163;535
163;536
164;477
164;478
164;479
164;480
164;481
164;482
164;483
164;484
164;485
164;486
164;487
164;488
164;489
164;490
164;491
164;492
164;493
164;494
164;495
164;496
164;497
164;498
164;499
164;500
164;501
164;502
164;503
164;504
164;505
164;506
164;507
164;508
164;509
164;510
164;511
164;512
164;513
164;514
164;515
164;516
164;517
164;518
164;519
164;520
164;521
164;522
164;523
164;524
164;525
164;526
164;527
164;528
164;529
164;530
164;531
164;532
164;533
164;534
164;535
164;536
165;477
165;478
165;479
165;480
165;481
165;482
165;483
165;484
165;485
165;486
165;487
165;488
165;489
165;490
165;491
165;492
165;493
165;494
165;495
165;496
165;497
165;498
165;499
165;500
165;501
165;502
165;503
165;504
165;505
165;506
165;507
165;508
165;509
165;510
165;511
165;512
165;513
165;514
165;515
165;516
165;517
165;518
165;519
165;520
165;521
165;522
165;523
165;524
165;525
165;526
165;527
165;528
165;529
165;530
165;531
165;532
165;533
165;534
165;535
165;536
166;477
166;478
166;479
166;480
166;481
166;482
166;483
166;484
166;485
166;486
166;487
166;488
166;489
166;490
166;491
166;492
166;493
166;494
166;495
166;496
166;497
166;498
166;499
166;500
166;501
166;502
166;503
166;504
166;505
166;506
166;507
166;508
166;509
166;510
166;511
166;512
166;513
166;514
166;515
166;516
166;517
166;518
166;519
166;520
166;521
166;522
166;523
166;524
166;525
166;526
166;527
166;528
166;529
166;530
166;531
166;532
166;533
166;534
166;535
166;536
167;477
167;478
167;479
167;480
167;481
167;482
167;483
167;484
167;485
167;486
167;487
167;488
167;489
167;490
167;491
167;492
167;493
167;494
167;495
167;496
167;497
167;498
167;499
167;500
167;501
167;502
167;503
167;504
167;505
167;506
167;507
167;508
167;509
167;510
167;511
167;512
167;513
167;514
167;515
167;516
167;517
167;518
167;519
167;520
167;521
167;522
167;523
167;524
167;525
167;526
167;527
167;528
167;529
167;530
167;531
167;532
167;533
167;534
167;535
167;536
168;477
168;478
168;479
168;480
168;481
168;482
168;483
168;484
168;485
168;486
168;487
168;488
168;489
168;490
168;491
168;492
168;493
168;494
168;495
168;496
168;497
168;498
168;499
168;500
168;501
168;502
168;503
168;504
168;505
168;506
168;507
168;508
168;509
168;510
168;511
168;512
168;513
168;514
168;515
168;516
168;517
168;518
168;519
168;520
168;521
168;522
168;523
168;524
168;525
168;526
168;527
168;528
168;529
168;530
168;531
168;532
168;533
168;534
168;535
168;536
169;477
169;478
169;479
169;480
169;481
169;482
169;483
169;484
169;485
169;486
169;487
169;488
169;489
169;490
169;491
169;492
169;493
169;494
169;495
169;496
169;497
169;498
169;499
169;500
169;501
169;502
169;503
169;504
169;505
169;506
169;507
169;508
169;509
169;510
169;511
169;512
169;513
169;514
169;515
169;516
169;517
169;518
169;519
169;520
169;521
169;522
169;523
169;524
169;525
169;526
169;527
169;528
169;529
169;530
169;531
169;532
169;533
169;534
169;535
169;536
170;477
170;478
170;479
170;480
170;481
170;482
170;483
170;484
170;485
170;486
170;487
170;488
170;489
170;490
170;491
170;492
170;493
170;494
170;495
170;496
170;497
170;498
170;499
170;500
170;501
170;502
170;503
170;504
170;505
170;506
170;507
170;508
170;509
170;510
170;511
170;512
170;513
170;514
170;515
170;516
170;517
170;518
170;519
170;520
170;521
170;522
170;523
170;524
170;525
170;526
170;527
170;528
170;529
170;530
170;531
170;532
170;533
170;534
170;535
170;536
171;477
171;478
171;479
171;480
171;481
171;482
171;483
171;484
171;485
171;486
171;487
171;488
171;489
171;490
171;491
171;492
171;493
171;494
171;495
171;496
171;497
171;498
171;499
171;500
171;501
171;502
171;503
171;504
171;505
171;506
171;507
171;508
171;509
171;510
171;511
171;512
171;513
171;514
171;515
171;516
171;517
171;518
171;519
171;520
171;521
171;522
171;523
171;524
171;525
171;526
171;527
171;528
171;529
171;530
171;531
171;532
171;533
171;534
171;535
171;536
172;477
172;478
172;479
172;480
172;481
172;482
172;483
172;484
172;485
172;486
172;487
172;488
172;489
172;490
172;491
172;492
172;493
172;494
172;495
172;496
172;497
172;498
172;499
172;500
172;501
172;502
172;503
172;504
172;505
172;506
172;507
172;508
172;509
172;510
172;511
172;512
172;513
172;514
172;515
172;516
172;517
172;518
172;519
172;520
172;521
172;522
172;523
172;524
172;525
172;526
172;527
172;528
172;529
172;530
172;531
172;532
172;533
172;534
172;535
172;536
173;0
173;1
173;2
173;3
173;4
173;5
173;7
173;477
173;478
173;479
173;480
173;481
173;482
173;483
173;484
173;485
173;486
173;487
173;488
173;489
173;490
173;491
173;492
173;493
173;494
173;495
173;496
173;497
173;498
173;499
173;500
173;501
173;502
173;503
173;504
173;505
173;506
173;507
173;508
173;509
173;510
173;511
173;512
173;513
173;514
173;515
173;516
173;517
173;518
173;519
173;520
173;521
173;522
173;523
173;524
173;525
173;526
173;527
173;528
173;529
173;530
173;531
173;532
173;533
173;534
173;535
173;536
174;0
174;1
174;2
174;3
174;4
174;5
174;6
174;7
174;8
174;9
174;477
174;478
174;479
174;480
174;481
174;482
174;483
174;484
174;485
174;486
174;487
174;488
174;489
174;490
174;491
174;492
174;493
174;494
174;495
174;496
174;497
174;498
174;499
174;500
174;501
174;502
174;503
174;504
174;505
174;506
174;507
174;508
174;509
174;510
174;511
174;512
174;513
174;514
174;515
174;516
174;517
174;518
174;519
174;520
174;521
174;522
174;523
174;524
174;525
174;526
174;527
174;528
174;529
174;530
174;531
174;532
174;533
174;534
174;535
174;536
175;0
175;1
175;2
175;3
175;4
175;5
175;6
175;7
175;8
175;9
175;10
175;11
175;477
175;478
175;479
175;480
175;481
175;482
175;483
175;484
175;485
175;486
175;487
175;488
175;489
175;490
175;491
175;492
175;493
175;494
175;495
175;496
175;497
175;498
175;499
175;500
175;501
175;502
175;503
175;504
175;505
175;506
175;507
175;508
175;509
175;510
175;511
175;512
175;513
175;514
175;515
175;516
175;517
175;518
175;519
175;520
175;521
175;522
175;523
175;524
175;525
175;526
175;527
175;528
175;529
175;530
175;531
175;532
175;533
175;534
175;535
175;536
176;0
176;1
176;2
176;3
176;4
176;5
176;6
176;7
176;8
176;9
176;10
176;11
176;12
176;13
176;478
176;479
176;480
176;481
176;482
176;483
176;484
176;485
176;486
176;487
176;488
176;489
176;490
176;491
176;492
176;493
176;494
176;495
176;496
176;497
176;498
176;499
176;500
176;501
176;502
176;503
176;504
176;505
176;506
176;507
176;508
176;509
176;510
176;511
176;512
176;513
176;514
176;515
176;516
176;517
176;518
176;519
176;520
176;521
176;522
176;523
176;524
176;525
176;526
176;527
176;528
176;529
176;530
176;531
176;532
176;533
176;534
176;535
176;536
177;0
177;1
177;2
177;3
177;4
177;5
177;6
177;7
177;8
177;9
177;10
177;11
177;12
177;13
177;14
177;15
177;478
177;479
177;480
177;481
177;482
177;483
177;484
177;485
177;486
177;487
177;488
177;489
177;490
177;491
177;492
177;493
177;494
177;495
177;496
177;497
177;498
177;499
177;500
177;501
177;502
177;503
177;504
177;505
177;506
177;507
177;508
177;509
177;510
177;511
177;512
177;513
177;514
177;515
177;516
177;517
177;518
177;519
177;520
177;521
177;522
177;523
177;524
177;525
177;526
177;527
177;528
177;529
177;530
177;531
177;532
177;533
177;534
177;535
177;536
178;0
178;1
178;2
178;3
178;4
178;5
178;6
178;7
178;8
178;9
178;10
178;11
178;12
178;13
178;14
178;15
178;16
178;17
178;478
178;479
178;480
178;481
178;482
178;483
178;484
178;485
178;486
178;487
178;488
178;489
178;490
178;491
178;492
178;493
178;494
178;495
178;496
178;497
178;498
178;499
178;500
178;501
178;502
178;503
178;504
178;505
178;506
178;507
178;508
178;509
178;510
178;511
178;512
178;513
178;514
178;515
178;516
178;517
178;518
178;519
178;520
178;521
178;522
178;523
178;524
178;525
178;526
178;527
178;528
178;529
178;530
178;531
178;532
178;533
178;534
178;535
178;536
179;0
179;1
179;2
179;3
179;4
179;5
179;6
179;7
179;8
179;9
179;10
179;11
179;12
179;13
179;14
179;15
179;16
179;17
179;478
179;479
179;480
179;481
179;482
179;483
179;484
179;485
179;486
179;487
179;488
179;489
179;490
179;491
179;492
179;493
179;494
179;495
179;496
179;497
179;498
179;499
179;500
179;501
179;502
179;503
179;504
179;505
179;506
179;507
179;508
179;509
179;510
179;511
179;512
179;513
179;514
179;515
179;516
179;517
179;518
179;519
179;520
179;521
179;522
179;523
179;524
179;525
179;526
179;527
179;528
179;529
179;530
179;531
179;532
179;533
179;534
179;535
179;536
180;0
180;1
180;2
180;3
180;4
180;5
180;6
180;7
180;8
180;9
180;10
180;11
180;12
180;13
180;14
180;15
180;16
180;17
180;18
180;19
180;479
180;480
180;481
180;482
180;483
180;484
180;485
180;486
180;487
180;488
180;489
180;490
180;491
180;492
180;493
180;494
180;495
180;496
180;497
180;498
180;499
180;500
180;501
180;502
180;503
180;504
180;505
180;506
180;507
180;508
180;509
180;510
180;511
180;512
180;513
180;514
180;515
180;516
180;517
180;518
180;519
180;520
180;521
180;522
180;523
180;524
180;525
180;526
180;527
180;528
180;529
180;530
180;531
180;532
180;533
180;534
180;535
180;536
181;0
181;1
181;2
181;3
181;4
181;5
181;6
181;7
181;8
181;9
181;10
181;11
181;12
181;13
181;14
181;15
181;16
181;17
181;18
181;19
181;479
181;480
181;481
181;482
181;483
181;484
181;485
181;486
181;487
181;488
181;489
181;490
181;491
181;492
181;493
181;494
181;495
181;496
181;497
181;498
181;499
181;500
181;501
181;502
181;503
181;504
181;505
181;506
181;507
181;508
181;509
181;510
181;511
181;512
181;513
181;514
181;515
181;516
181;517
181;518
181;519
181;520
181;521
181;522
181;523
181;524
181;525
181;526
181;527
181;528
181;529
181;530
181;531
181;532
181;533
181;534
181;535
181;536
182;0
182;1
182;2
182;3
182;4
182;5
182;6
182;7
182;8
182;9
182;10
182;11
182;12
182;13
182;14
182;15
182;16
182;17
182;18
182;19
182;20
182;479
182;480
182;481
182;482
182;483
182;484
182;485
182;486
182;487
182;488
182;489
182;490
182;491
182;492
182;493
182;494
182;495
182;496
182;497
182;498
182;499
182;500
182;501
182;502
182;503
182;504
182;505
182;506
182;507
182;508
182;509
182;510
182;511
182;512
182;513
182;514
182;515
182;516
182;517
182;518
182;519
182;520
182;521
182;522
182;523
182;524
182;525
182;526
182;527
182;528
182;529
182;530
182;531
182;532
182;533
182;534
182;535
182;536
183;0
183;1
183;2
183;3
183;4
183;5
183;6
183;7
183;8
183;9
183;10
183;11
183;12
183;13
183;14
183;15
183;16
183;17
183;18
183;19
183;20
183;21
183;101
183;317
183;319
183;320
183;321
183;322
183;323
183;324
183;325
183;326
183;327
183;328
183;329
183;330
183;331
183;333
183;480
183;481
183;482
183;483
183;484
183;485
183;486
183;487
183;488
183;489
183;490
183;491
183;492
183;493
183;494
183;495
183;496
183;497
183;498
183;499
183;500
183;501
183;502
183;503
183;504
183;505
183;506
183;507
183;508
183;509
183;510
183;511
183;512
183;513
183;514
183;515
183;516
183;517
183;518
183;519
183;520
183;521
183;522
183;523
183;524
183;525
183;526
183;527
183;528
183;529
183;530
183;531
183;532
183;533
183;534
183;535
183;536
184;0
184;1
184;2
184;3
184;4
184;5
184;6
184;7
184;8
184;9
184;10
184;11
184;12
184;13
184;14
184;15
184;16
184;17
184;18
184;19
184;20
184;21
184;100
184;101
184;102
184;103
184;311
184;313
184;314
184;315
184;316
184;317
184;318
184;319
184;320
184;321
184;322
184;323
184;324
184;325
184;326
184;327
184;328
184;329
184;330
184;331
184;332
184;333
184;334
184;335
184;336
184;337
184;339
184;480
184;481
184;482
184;483
184;484
184;485
184;486
184;487
184;488
184;489
184;490
184;491
184;492
184;493
184;494
184;495
184;496
184;497
184;498
184;499
184;500
184;501
184;502
184;503
184;504
184;505
184;506
184;507
184;508
184;509
184;510
184;511
184;512
184;513
184;514
184;515
184;516
184;517
184;518
184;519
184;520
184;521
184;522
184;523
184;524
184;525
184;526
184;527
184;528
184;529
184;530
184;531
184;532
184;533
184;534
184;535
184;536
185;0
185;1
185;2
185;3
185;4
185;5
185;6
185;7
185;8
185;9
185;10
185;11
185;12
185;13
185;14
185;15
185;16
185;17
185;18
185;19
185;20
185;21
185;22
185;99
185;100
185;101
185;102
185;103
185;104
185;105
185;309
185;310
185;311
185;312
185;313
185;314
185;315
185;316
185;317
185;318
185;319
185;320
185;321
185;322
185;323
185;324
185;325
185;326
185;327
185;328
185;329
185;330
185;331
185;332
185;333
185;334
185;335
185;336
185;337
185;338
185;339
185;340
185;341
185;480
185;481
185;482
185;483
185;484
185;485
185;486
185;487
185;488
185;489
185;490
185;491
185;492
185;493
185;494
185;495
185;496
185;497
185;498
185;499
185;500
185;501
185;502
185;503
185;504
185;505
185;506
185;507
185;508
185;509
185;510
185;511
185;512
185;513
185;514
185;515
185;516
185;517
185;518
185;519
185;520
185;521
185;522
185;523
185;524
185;525
185;526
185;527
185;528
185;529
185;530
185;531
185;532
185;533
185;534
185;535
185;536
186;0
186;1
186;2
186;3
186;4
186;5
186;6
186;7
186;8
186;9
186;10
186;11
186;12
186;13
186;14
186;15
186;16
186;17
186;18
186;19
186;20
186;21
186;22
186;98
186;99
186;100
186;101
186;102
186;103
186;104
186;105
186;106
186;305
186;306
186;307
186;308
186;309
186;310
186;311
186;312
186;313
186;314
186;315
186;316
186;317
186;318
186;319
186;320
186;321
186;322
186;323
186;324
186;325
186;326
186;327
186;328
186;329
186;330
186;331
186;332
186;333
186;334
186;335
186;336
186;337
186;338
186;339
186;340
186;341
186;342
186;343
186;344
186;345
186;481
186;482
186;483
186;484
186;485
186;486
186;487
186;488
186;489
186;490
186;491
186;492
186;493
186;494
186;495
186;496
186;497
186;498
186;499
186;500
186;501
186;502
186;503
186;504
186;505
186;506
186;507
186;508
186;509
186;510
186;511
186;512
186;513
186;514
186;515
186;516
186;517
186;518
186;519
186;520
186;521
186;522
186;523
186;524
186;525
186;526
186;527
186;528
186;529
186;530
186;531
186;532
186;533
186;534
186;535
186;536
187;0
187;1
187;2
187;3
187;4
187;5
187;6
187;7
187;8
187;9
187;10
187;11
187;12
187;13
187;14
187;15
187;16
187;17
187;18
187;19
187;20
187;21
187;22
187;23
187;97
187;98
187;99
187;100
187;101
187;102
187;103
187;104
187;105
187;106
187;107
187;303
187;304
187;305
187;306
187;307
187;308
187;309
187;310
187;311
187;312
187;313
187;314
187;315
187;316
187;317
187;318
187;319
187;320
187;321
187;322
187;323
187;324
187;325
187;326
187;327
187;328
187;329
187;330
187;331
187;332
187;333
187;334
187;335
187;336
187;337
187;338
187;339
187;340
187;341
187;342
187;343
187;344
187;345
187;346
187;347
187;482
187;483
187;484
187;485
187;486
187;487
187;488
187;489
187;490
187;491
187;492
187;493
187;494
187;495
187;496
187;497
187;498
187;499
187;500
187;501
187;502
187;503
187;504
187;505
187;506
187;507
187;508
187;509
187;510
187;511
187;512
187;513
187;514
187;515
187;516
187;517
187;518
187;519
187;520
187;521
187;522
187;523
187;524
187;525
187;526
187;527
187;528
187;529
187;530
187;531
187;532
187;533
187;534
187;535
187;536
188;0
188;1
188;2
188;3
188;4
188;5
188;6
188;7
188;8
188;9
188;10
188;11
188;12
188;13
188;14
188;15
188;16
188;17
188;18
188;19
188;20
188;21
188;22
188;23
188;97
188;98
188;99
188;100
188;101
188;102
188;103
188;104
188;105
188;106
188;107
188;108
188;109
188;301
188;302
188;303
188;304
188;305
188;306
188;307
188;308
188;309
188;310
188;311
188;312
188;313
188;314
188;315
188;316
188;317
188;318
188;319
188;320
188;321
188;322
188;323
188;324
188;325
188;326
188;327
188;328
188;329
188;330
188;331
188;332
188;333
188;334
188;335
188;336
188;337
188;338
188;339
188;340
188;341
188;342
188;343
188;344
188;345
188;346
188;347
188;348
188;349
188;482
188;483
188;484
188;485
188;486
188;487
188;488
188;489
188;490
188;491
188;492
188;493
188;494
188;495
188;496
188;497
188;498
188;499
188;500
188;501
188;502
188;503
188;504
188;505
188;506
188;507
188;508
188;509
188;510
188;511
188;512
188;513
188;514
188;515
188;516
188;517
188;518
188;519
188;520
188;521
188;522
188;523
188;524
188;525
188;526
188;527
188;528
188;529
188;530
188;531
188;532
188;533
188;534
188;535
188;536
189;0
189;1
189;2
189;3
189;4
189;5
189;6
189;7
189;8
189;9
189;10
189;11
189;12
189;13
189;14
189;15
189;16
189;17
189;18
189;19
189;20
189;21
189;22
189;23
189;95
189;96
189;97
189;98
189;99
189;100
189;101
189;102
189;103
189;104
189;105
189;106
189;107
189;108
189;109
189;110
189;111
189;299
189;300
189;301
189;302
189;303
189;304
189;305
189;306
189;307
189;308
189;309
189;310
189;311
189;312
189;313
189;314
189;315
189;316
189;317
189;318
189;319
189;320
189;321
189;322
189;323
189;324
189;325
189;326
189;327
189;328
189;329
189;330
189;331
189;332
189;333
189;334
189;335
189;336
189;337
189;338
189;339
189;340
189;341
189;342
189;343
189;344
189;345
189;346
189;347
189;348
189;349
189;350
189;351
189;483
189;484
189;485
189;486
189;487
189;488
189;489
189;490
189;491
189;492
189;493
189;494
189;495
189;496
189;497
189;498
189;499
189;500
189;501
189;502
189;503
189;504
189;505
189;506
189;507
189;508
189;509
189;510
189;511
189;512
189;513
189;514
189;515
189;516
189;517
189;518
189;519
189;520
189;521
189;522
189;523
189;524
189;525
189;526
189;527
189;528
189;529
189;530
189;531
189;532
189;533
189;534
189;535
189;536
190;0
190;1
190;2
190;3
190;4
190;5
190;6
190;7
190;8
190;9
190;10
190;11
190;12
190;13
190;14
190;15
190;16
190;17
190;18
190;19
190;20
190;21
190;22
190;23
190;95
190;96
190;97
190;98
190;99
190;100
190;101
190;102
190;103
190;104
190;105
190;106
190;107
190;108
190;109
190;110
190;111
190;112
190;297
190;298
190;299
190;300
190;301
190;302
190;303
190;304
190;305
190;306
190;307
190;308
190;309
190;310
190;311
190;312
190;313
190;314
190;315
190;316
190;317
190;318
190;319
190;320
190;321
190;322
190;323
190;324
190;325
190;326
190;327
190;328
190;329
190;330
190;331
190;332
190;333
190;334
190;335
190;336
190;337
190;338
190;339
190;340
190;341
190;342
190;343
190;344
190;345
190;346
190;347
190;348
190;349
190;350
190;351
190;352
190;353
190;483
190;484
190;485
190;486
190;487
190;488
190;489
190;490
190;491
190;492
190;493
190;494
190;495
190;496
190;497
190;498
190;499
190;500
190;501
190;502
190;503
190;504
190;505
190;506
190;507
190;508
190;509
190;510
190;511
190;512
190;513
190;514
190;515
190;516
190;517
190;518
190;519
190;520
190;521
190;522
190;523
190;524
190;525
190;526
190;527
190;528
190;529
190;530
190;531
190;532
190;533
190;534
190;535
190;536
191;0
191;1
191;2
191;3
191;4
191;5
191;6
191;7
191;8
191;9
191;10
191;11
191;12
191;13
191;14
191;15
191;16
191;17
191;18
191;19
191;20
191;21
191;22
191;23
191;24
191;94
191;95
191;96
191;97
191;98
191;99
191;100
191;101
191;102
191;103
191;104
191;105
191;106
191;107
191;108
191;109
191;110
191;111
191;112
191;113
191;295
191;296
191;297
191;298
191;299
191;300
191;301
191;302
191;303
191;304
191;305
191;306
191;307
191;308
191;309
191;310
191;311
191;312
191;313
191;314
191;315
191;316
191;317
191;318
191;319
191;320
191;321
191;322
191;323
191;324
191;325
191;326
191;327
191;328
191;329
191;330
191;331
191;332
191;333
191;334
191;335
191;336
191;337
191;338
191;339
191;340
191;341
191;342
191;343
191;344
191;345
191;346
191;347
191;348
191;349
191;350
191;351
191;352
191;353
191;354
191;355
191;484
191;485
191;486
191;487
191;488
191;489
191;490
191;491
191;492
191;493
191;494
191;495
191;496
191;497
191;498
191;499
191;500
191;501
191;502
191;503
191;504
191;505
191;506
191;507
191;508
191;509
191;510
191;511
191;512
191;513
191;514
191;515
191;516
191;517
191;518
191;519
191;520
191;521
191;522
191;523
191;524
191;525
191;526
191;527
191;528
191;529
191;530
191;531
191;532
191;533
191;534
191;535
191;536
192;0
192;1
192;2
192;3
192;4
192;5
192;6
192;7
192;8
192;9
192;10
192;11
192;12
192;13
192;14
192;15
192;16
192;17
192;18
192;19
192;20
192;21
192;22
192;23
192;24
192;93
192;94
192;95
192;96
192;97
192;98
192;99
192;100
192;101
192;102
192;103
192;104
192;105
192;106
192;107
192;108
192;109
192;110
192;111
192;112
192;113
192;114
192;115
192;293
192;294
192;295
192;296
192;297
192;298
192;299
192;300
192;301
192;302
192;303
192;304
192;305
192;306
192;307
192;308
192;309
192;310
192;311
192;312
192;313
192;314
192;315
192;316
192;317
192;318
192;319
192;320
192;321
192;322
192;323
192;324
192;325
192;326
192;327
192;328
192;329
192;330
192;331
192;332
192;333
192;334
192;335
192;336
192;337
192;338
192;339
192;340
192;341
192;342
192;343
192;344
192;345
192;346
192;347
192;348
192;349
192;350
192;351
192;352
192;353
192;354
192;355
192;356
192;357
192;484
192;485
192;486
192;487
192;488
192;489
192;490
192;491
192;492
192;493
192;494
192;495
192;496
192;497
192;498
192;499
192;500
192;501
192;502
192;503
192;504
192;505
192;506
192;507
192;508
192;509
192;510
192;511
192;512
192;513
192;514
192;515
192;516
192;517
192;518
192;519
192;520
192;521
192;522
192;523
192;524
192;525
192;526
192;527
192;528
192;529
192;530
192;531
192;532
192;533
192;534
192;535
192;536
193;0
193;1
193;2
193;3
193;4
193;5
193;6
193;7
193;8
193;9
193;10
193;11
193;12
193;13
193;14
193;15
193;16
193;17
193;18
193;19
193;20
193;21
193;22
193;23
193;24
193;92
193;93
193;94
193;95
193;96
193;97
193;98
193;99
193;100
193;101
193;102
193;103
193;104
193;105
193;106
193;107
193;108
193;109
193;110
193;111
193;112
193;113
193;114
193;115
193;116
193;117
193;293
193;294
193;295
193;296
193;297
193;298
193;299
193;300
193;301
193;302
193;303
193;304
193;305
193;306
193;307
193;308
193;309
193;310
193;311
193;312
193;313
193;314
193;315
193;316
193;317
193;318
193;319
193;320
193;321
193;322
193;323
193;324
193;325
193;326
193;327
193;328
193;329
193;330
193;331
193;332
193;333
193;334
193;335
193;336
193;337
193;338
193;339
193;340
193;341
193;342
193;343
193;344
193;345
193;346
193;347
193;348
193;349
193;350
193;351
193;352
193;353
193;354
193;355
193;356
193;357
193;358
193;486
193;487
193;488
193;489
193;490
193;491
193;492
193;493
193;494
193;495
193;496
193;497
193;498
193;499
193;500
193;501
193;502
193;503
193;504
193;505
193;506
193;507
193;508
193;509
193;510
193;511
193;512
193;513
193;514
193;515
193;516
193;517
193;518
193;519
193;520
193;521
193;522
193;523
193;524
193;525
193;526
193;527
193;528
193;529
193;530
193;531
193;532
193;533
193;534
193;535
193;536
194;0
194;1
194;2
194;3
194;4
194;5
194;6
194;7
194;8
194;9
194;10
194;11
194;12
194;13
194;14
194;15
194;16
194;17
194;18
194;19
194;20
194;21
194;22
194;23
194;24
194;91
194;92
194;93
194;94
194;95
194;96
194;97
194;98
194;99
194;100
194;101
194;102
194;103
194;104
194;105
194;106
194;107
194;108
194;109
194;110
194;111
194;112
194;113
194;114
194;115
194;116
194;117
194;118
194;291
194;292
194;293
194;294
194;295
194;296
194;297
194;298
194;299
194;300
194;301
194;302
194;303
194;304
194;305
194;306
194;307
194;308
194;309
194;310
194;311
194;312
194;313
194;314
194;315
194;316
194;317
194;318
194;319
194;320
194;321
194;322
194;323
194;324
194;325
194;326
194;327
194;328
194;329
194;330
194;331
194;332
194;333
194;334
194;335
194;336
194;337
194;338
194;339
194;340
194;341
194;342
194;343
194;344
194;345
194;346
194;347
194;348
194;349
194;350
194;351
194;352
194;353
194;354
194;355
194;356
194;357
194;358
194;359
194;486
194;487
194;488
194;489
194;490
194;491
194;492
194;493
194;494
194;495
194;496
194;497
194;498
194;499
194;500
194;501
194;502
194;503
194;504
194;505
194;506
194;507
194;508
194;509
194;510
194;511
194;512
194;513
194;514
194;515
194;516
194;517
194;518
194;519
194;520
194;521
194;522
194;523
194;524
194;525
194;526
194;527
194;528
194;529
194;530
194;531
194;532
194;533
194;534
194;535
194;536
195;0
195;1
195;2
195;3
195;4
195;5
195;6
195;7
195;8
195;9
195;10
195;11
195;12
195;13
195;14
195;15
195;16
195;17
195;18
195;19
195;20
195;21
195;22
195;23
195;24
195;91
195;92
195;93
195;94
195;95
195;96
195;97
195;98
195;99
195;100
195;101
195;102
195;103
195;104
195;105
195;106
195;107
195;108
195;109
195;110
195;111
195;112
195;113
195;114
195;115
195;116
195;117
195;118
195;119
195;289
195;290
195;291
195;292
195;293
195;294
195;295
195;296
195;297
195;298
195;299
195;300
195;301
195;302
195;303
195;304
195;305
195;306
195;307
195;308
195;309
195;310
195;311
195;312
195;313
195;314
195;315
195;316
195;317
195;318
195;319
195;320
195;321
195;322
195;323
195;324
195;325
195;326
195;327
195;328
195;329
195;330
195;331
195;332
195;333
195;334
195;335
195;336
195;337
195;338
195;339
195;340
195;341
195;342
195;343
195;344
195;345
195;346
195;347
195;348
195;349
195;350
195;351
195;352
195;353
195;354
195;355
195;356
195;357
195;358
195;359
195;360
195;361
195;487
195;488
195;489
195;490
195;491
195;492
195;493
195;494
195;495
195;496
195;497
195;498
195;499
195;500
195;501
195;502
195;503
195;504
195;505
195;506
195;507
195;508
195;509
195;510
195;511
195;512
195;513
195;514
195;515
195;516
195;517
195;518
195;519
195;520
195;521
195;522
195;523
195;524
195;525
195;526
195;527
195;528
195;529
195;530
195;531
195;532
195;533
195;534
195;535
195;536
196;0
196;1
196;2
196;3
196;4
196;5
196;6
196;7
196;8
196;9
196;10
196;11
196;12
196;13
196;14
196;15
196;16
196;17
196;18
196;19
196;20
196;21
196;22
196;23
196;89
196;90
196;91
196;92
196;93
196;94
196;95
196;96
196;97
196;98
196;99
196;100
196;101
196;102
196;103
196;104
196;105
196;106
196;107
196;108
196;109
196;110
196;111
196;112
196;113
196;114
196;115
196;116
196;117
196;118
196;119
196;120
196;121
196;289
196;290
196;291
196;292
196;293
196;294
196;295
196;296
196;297
196;298
196;299
196;300
196;301
196;302
196;303
196;304
196;305
196;306
196;307
196;308
196;309
196;310
196;311
196;312
196;313
196;314
196;315
196;316
196;317
196;318
196;319
196;320
196;321
196;322
196;323
196;324
196;325
196;326
196;327
196;328
196;329
196;330
196;331
196;332
196;333
196;334
196;335
196;336
196;337
196;338
196;339
196;340
196;341
196;342
196;343
196;344
196;345
196;346
196;347
196;348
196;349
196;350
196;351
196;352
196;353
196;354
196;355
196;356
196;357
196;358
196;359
196;360
196;361
196;488
196;489
196;490
196;491
196;492
196;493
196;494
196;495
196;496
196;497
196;498
196;499
196;500
196;501
196;502
196;503
196;504
196;505
196;506
196;507
196;508
196;509
196;510
196;511
196;512
196;513
196;514
196;515
196;516
196;517
196;518
196;519
196;520
196;521
196;522
196;523
196;524
196;525
196;526
196;527
196;528
196;529
196;530
196;531
196;532
196;533
196;534
196;535
196;536
197;0
197;1
197;2
197;3
197;4
197;5
197;6
197;7
197;8
197;9
197;10
197;11
197;12
197;13
197;14
197;15
197;16
197;17
197;18
197;19
197;20
197;21
197;22
197;23
197;89
197;90
197;91
197;92
197;93
197;94
197;95
197;96
197;97
197;98
197;99
197;100
197;101
197;102
197;103
197;104
197;105
197;106
197;107
197;108
197;109
197;110
197;111
197;112
197;113
197;114
197;115
197;116
197;117
197;118
197;119
197;120
197;121
197;122
197;123
197;287
197;288
197;289
197;290
197;291
197;292
197;293
197;294
197;295
197;296
197;297
197;298
197;299
197;300
197;301
197;302
197;303
197;304
197;305
197;306
197;307
197;308
197;309
197;310
197;311
197;312
197;313
197;314
197;315
197;316
197;317
197;318
197;319
197;320
197;321
197;322
197;323
197;324
197;325
197;326
197;327
197;328
197;329
197;330
197;331
197;332
197;333
197;334
197;335
197;336
197;337
197;338
197;339
197;340
197;341
197;342
197;343
197;344
197;345
197;346
197;347
197;348
197;349
197;350
197;351
197;352
197;353
197;354
197;355
197;356
197;357
197;358
197;359
197;360
197;361
197;362
197;363
197;489
197;490
197;491
197;492
197;493
197;494
197;495
197;496
197;497
197;498
197;499
197;500
197;501
197;502
197;503
197;504
197;505
197;506
197;507
197;508
197;509
197;510
197;511
197;512
197;513
197;514
197;515
197;516
197;517
197;518
197;519
197;520
197;521
197;522
197;523
197;524
197;525
197;526
197;527
197;528
197;529
197;530
197;531
197;532
197;533
197;534
197;535
197;536
198;0
198;1
198;2
198;3
198;4
198;5
198;6
198;7
198;8
198;9
198;10
198;11
198;12
198;13
198;14
198;15
198;16
198;17
198;18
198;19
198;20
198;21
198;22
198;23
198;87
198;88
198;89
198;90
198;91
198;92
198;93
198;94
198;95
198;96
198;97
198;98
198;99
198;100
198;101
198;102
198;103
198;104
198;105
198;106
198;107
198;108
198;109
198;110
198;111
198;112
198;113
198;114
198;115
198;116
198;117
198;118
198;119
198;120
198;121
198;122
198;123
198;124
198;125
198;287
198;288
198;289
198;290
198;291
198;292
198;293
198;294
198;295
198;296
198;297
198;298
198;299
198;300
198;301
198;302
198;303
198;304
198;305
198;306
198;307
198;308
198;309
198;310
198;311
198;312
198;313
198;314
198;315
198;316
198;317
198;318
198;319
198;320
198;321
198;322
198;323
198;324
198;325
198;326
198;327
198;328
198;329
198;330
198;331
198;332
198;333
198;334
198;335
198;336
198;337
198;338
198;339
198;340
198;341
198;342
198;343
198;344
198;345
198;346
198;347
198;348
198;349
198;350
198;351
198;352
198;353
198;354
198;355
198;356
198;357
198;358
198;359
198;360
198;361
198;362
198;363
198;364
198;490
198;491
198;492
198;493
198;494
198;495
198;496
198;497
198;498
198;499
198;500
198;501
198;502
198;503
198;504
198;505
198;506
198;507
198;508
198;509
198;510
198;511
198;512
198;513
198;514
198;515
198;516
198;517
198;518
198;519
198;520
198;521
198;522
198;523
198;524
198;525
198;526
198;527
198;528
198;529
198;530
198;531
198;532
198;533
198;534
198;535
198;536
199;0
199;1
199;2
199;3
199;4
199;5
199;6
199;7
199;8
199;9
199;10
199;11
199;12
199;13
199;14
199;15
199;16
199;17
199;18
199;19
199;20
199;21
199;22
199;23
199;87
199;88
199;89
199;90
199;91
199;92
199;93
199;94
199;95
199;96
199;97
199;98
199;99
199;100
199;101
199;102
199;103
199;104
199;105
199;106
199;107
199;108
199;109
199;110
199;111
199;112
199;113
199;114
199;115
199;116
199;117
199;118
199;119
199;120
199;121
199;122
199;123
199;124
199;125
199;285
199;286
199;287
199;288
199;289
199;290
199;291
199;292
199;293
199;294
199;295
199;296
199;297
199;298
199;299
199;300
199;301
199;302
199;303
199;304
199;305
199;306
199;307
199;308
199;309
199;310
199;311
199;312
199;313
199;314
199;315
199;316
199;317
199;318
199;319
199;320
199;321
199;322
199;323
199;324
199;325
199;326
199;327
199;328
199;329
199;330
199;331
199;332
199;333
199;334
199;335
199;336
199;337
199;338
199;339
199;340
199;341
199;342
199;343
199;344
199;345
199;346
199;347
199;348
199;349
199;350
199;351
199;352
199;353
199;354
199;355
199;356
199;357
199;358
199;359
199;360
199;361
199;362
199;363
199;364
199;365
199;491
199;492
199;493
199;494
199;495
199;496
199;497
199;498
199;499
199;500
199;501
199;502
199;503
199;504
199;505
199;506
199;507
199;508
199;509
199;510
199;511
199;512
199;513
199;514
199;515
199;516
199;517
199;518
199;519
199;520
199;521
199;522
199;523
199;524
199;525
199;526
199;527
199;528
199;529
199;530
199;531
199;532
199;533
199;534
199;535
199;536
200;0
200;1
200;2
200;3
200;4
200;5
200;6
200;7
200;8
200;9
200;10
200;11
200;12
200;13
200;14
200;15
200;16
200;17
200;18
200;19
200;20
200;21
200;22
200;86
200;87
200;88
200;89
200;90
200;91
200;92
200;93
200;94
200;95
200;96
200;97
200;98
200;99
200;100
200;101
200;102
200;103
200;104
200;105
200;106
200;107
200;108
200;109
200;110
200;111
200;112
200;113
200;114
200;115
200;116
200;117
200;118
200;119
200;120
200;121
200;122
200;123
200;124
200;125
200;126
200;127
200;285
200;286
200;287
200;288
200;289
200;290
200;291
200;292
200;293
200;294
200;295
200;296
200;297
200;298
200;299
200;300
200;301
200;302
200;303
200;304
200;305
200;306
200;307
200;308
200;309
200;310
200;311
200;312
200;313
200;314
200;315
200;316
200;317
200;318
200;319
200;320
200;321
200;322
200;323
200;324
200;325
200;326
200;327
200;328
200;329
200;330
200;331
200;332
200;333
200;334
200;335
200;336
200;337
200;338
200;339
200;340
200;341
200;342
200;343
200;344
200;345
200;346
200;347
200;348
200;349
200;350
200;351
200;352
200;353
200;354
200;355
200;356
200;357
200;358
200;359
200;360
200;361
200;362
200;363
200;364
200;365
200;492
200;493
200;494
200;495
200;496
200;497
200;498
200;499
200;500
200;501
200;502
200;503
200;504
200;505
200;506
200;507
200;508
200;509
200;510
200;511
200;512
200;513
200;514
200;515
200;516
200;517
200;518
200;519
200;520
200;521
200;522
200;523
200;524
200;525
200;526
200;527
200;528
200;529
200;530
200;531
200;532
200;533
200;534
200;535
200;536
201;0
201;1
201;2
201;3
201;4
201;5
201;6
201;7
201;8
201;9
201;10
201;11
201;12
201;13
201;14
201;15
201;16
201;17
201;18
201;19
201;20
201;21
201;22
201;85
201;86
201;87
201;88
201;89
201;90
201;91
201;92
201;93
201;94
201;95
201;96
201;97
201;98
201;99
201;100
201;101
201;102
201;103
201;104
201;105
201;106
201;107
201;108
201;109
201;110
201;111
201;112
201;113
201;114
201;115
201;116
201;117
201;118
201;119
201;120
201;121
201;122
201;123
201;124
201;125
201;126
201;127
201;128
201;129
201;283
201;284
201;285
201;286
201;287
201;288
201;289
201;290
201;291
201;292
201;293
201;294
201;295
201;296
201;297
201;298
201;299
201;300
201;301
201;302
201;303
201;304
201;305
201;306
201;307
201;308
201;309
201;310
201;311
201;312
201;313
201;314
201;315
201;316
201;317
201;318
201;319
201;320
201;321
201;322
201;323
201;324
201;325
201;326
201;327
201;328
201;329
201;330
201;331
201;332
201;333
201;334
201;335
201;336
201;337
201;338
201;339
201;340
201;341
201;342
201;343
201;344
201;345
201;346
201;347
201;348
201;349
201;350
201;351
201;352
201;353
201;354
201;355
201;356
201;357
201;358
201;359
201;360
201;361
201;362
201;363
201;364
201;365
201;366
201;367
201;494
201;495
201;496
201;497
201;498
201;499
201;500
201;501
201;502
201;503
201;504
201;505
201;506
201;507
201;508
201;509
201;510
201;511
201;512
201;513
201;514
201;515
201;516
201;517
201;518
201;519
201;520
201;521
201;522
201;523
201;524
201;525
201;526
201;527
201;528
201;529
201;530
201;531
201;532
201;533
201;534
201;535
201;536
202;0
202;1
202;2
202;3
202;4
202;5
202;6
202;7
202;8
202;9
202;10
202;11
202;12
202;13
202;14
202;15
202;16
202;17
202;18
202;19
202;20
202;21
202;84
202;85
202;86
202;87
202;88
202;89
202;90
202;91
202;92
202;93
202;94
202;95
202;96
202;97
202;98
202;99
202;100
202;101
202;102
202;103
202;104
202;105
202;106
202;107
202;108
202;109
202;110
202;111
202;112
202;113
202;114
202;115
202;116
202;117
202;118
202;119
202;120
202;121
202;122
202;123
202;124
202;125
202;126
202;127
202;128
202;129
202;130
202;131
202;283
202;284
202;285
202;286
202;287
202;288
202;289
202;290
202;291
202;292
202;293
202;294
202;295
202;296
202;297
202;298
202;299
202;300
202;301
202;302
202;303
202;304
202;305
202;306
202;307
202;308
202;309
202;310
202;311
202;312
202;313
202;314
202;315
202;316
202;317
202;318
202;319
202;320
202;321
202;322
202;323
202;324
202;325
202;326
202;327
202;328
202;329
202;330
202;331
202;332
202;333
202;334
202;335
202;336
202;337
202;338
202;339
202;340
202;341
202;342
202;343
202;344
202;345
202;346
202;347
202;348
202;349
202;350
202;351
202;352
202;353
202;354
202;355
202;356
202;357
202;358
202;359
202;360
202;361
202;362
202;363
202;364
202;365
202;366
202;367
202;494
202;495
202;496
202;497
202;498
202;499
202;500
202;501
202;502
202;503
202;504
202;505
202;506
202;507
202;508
202;509
202;510
202;511
202;512
202;513
202;514
202;515
202;516
202;517
202;518
202;519
202;520
202;521
202;522
202;523
202;524
202;525
202;526
202;527
202;528
202;529
202;530
202;531
202;532
202;533
202;534
202;535
202;536
203;0
203;1
203;2
203;3
203;4
203;5
203;6
203;7
203;8
203;9
203;10
203;11
203;12
203;13
203;14
203;15
203;16
203;17
203;18
203;19
203;20
203;21
203;83
203;84
203;85
203;86
203;87
203;88
203;89
203;90
203;91
203;92
203;93
203;94
203;95
203;96
203;97
203;98
203;99
203;100
203;101
203;102
203;103
203;104
203;105
203;106
203;107
203;108
203;109
203;110
203;111
203;112
203;113
203;114
203;115
203;116
203;117
203;118
203;119
203;120
203;121
203;122
203;123
203;124
203;125
203;126
203;127
203;128
203;129
203;130
203;131
203;282
203;283
203;284
203;285
203;286
203;287
203;288
203;289
203;290
203;291
203;292
203;293
203;294
203;295
203;296
203;297
203;298
203;299
203;300
203;301
203;302
203;303
203;304
203;305
203;306
203;307
203;308
203;309
203;310
203;311
203;312
203;313
203;314
203;315
203;316
203;317
203;318
203;319
203;320
203;321
203;322
203;323
203;324
203;325
203;326
203;327
203;328
203;329
203;330
203;331
203;332
203;333
203;334
203;335
203;336
203;337
203;338
203;339
203;340
203;341
203;342
203;343
203;344
203;345
203;346
203;347
203;348
203;349
203;350
203;351
203;352
203;353
203;354
203;355
203;356
203;357
203;358
203;359
203;360
203;361
203;362
203;363
203;364
203;365
203;366
203;367
203;368
203;496
203;497
203;498
203;499
203;500
203;501
203;502
203;503
203;504
203;505
203;506
203;507
203;508
203;509
203;510
203;511
203;512
203;513
203;514
203;515
203;516
203;517
203;518
203;519
203;520
203;521
203;522
203;523
203;524
203;525
203;526
203;527
203;528
203;529
203;530
203;531
203;532
203;533
203;534
203;535
203;536
204;0
204;1
204;2
204;3
204;4
204;5
204;6
204;7
204;8
204;9
204;10
204;11
204;12
204;13
204;14
204;15
204;16
204;17
204;18
204;19
204;20
204;83
204;84
204;85
204;86
204;87
204;88
204;89
204;90
204;91
204;92
204;93
204;94
204;95
204;96
204;97
204;98
204;99
204;100
204;101
204;102
204;103
204;104
204;105
204;106
204;107
204;108
204;109
204;110
204;111
204;112
204;113
204;114
204;115
204;116
204;117
204;118
204;119
204;120
204;121
204;122
204;123
204;124
204;125
204;126
204;127
204;128
204;129
204;130
204;131
204;132
204;133
204;281
204;282
204;283
204;284
204;285
204;286
204;287
204;288
204;289
204;290
204;291
204;292
204;293
204;294
204;295
204;296
204;297
204;298
204;299
204;300
204;301
204;302
204;303
204;304
204;305
204;306
204;307
204;308
204;309
204;310
204;311
204;312
204;313
204;314
204;315
204;316
204;317
204;318
204;319
204;320
204;321
204;322
204;323
204;324
204;325
204;326
204;327
204;328
204;329
204;330
204;331
204;332
204;333
204;334
204;335
204;336
204;337
204;338
204;339
204;340
204;341
204;342
204;343
204;344
204;345
204;346
204;347
204;348
204;349
204;350
204;351
204;352
204;353
204;354
204;355
204;356
204;357
204;358
204;359
204;360
204;361
204;362
204;363
204;364
204;365
204;366
204;367
204;368
204;369
204;498
204;499
204;500
204;501
204;502
204;503
204;504
204;505
204;506
204;507
204;508
204;509
204;510
204;511
204;512
204;513
204;514
204;515
204;516
204;517
204;518
204;519
204;520
204;521
204;522
204;523
204;524
204;525
204;526
204;527
204;528
204;529
204;530
204;531
204;532
204;533
204;534
204;535
204;536
205;0
205;1
205;2
205;3
205;4
205;5
205;6
205;7
205;8
205;9
205;10
205;11
205;12
205;13
205;14
205;15
205;16
205;17
205;18
205;19
205;81
205;82
205;83
205;84
205;85
205;86
205;87
205;88
205;89
205;90
205;91
205;92
205;93
205;94
205;95
205;96
205;97
205;98
205;99
205;100
205;101
205;102
205;103
205;104
205;105
205;106
205;107
205;108
205;109
205;110
205;111
205;112
205;113
205;114
205;115
205;116
205;117
205;118
205;119
205;120
205;121
205;122
205;123
205;124
205;125
205;126
205;127
205;128
205;129
205;130
205;131
205;132
205;133
205;134
205;281
205;282
205;283
205;284
205;285
205;286
205;287
205;288
205;289
205;290
205;291
205;292
205;293
205;294
205;295
205;296
205;297
205;298
205;299
205;300
205;301
205;302
205;303
205;304
205;305
205;306
205;307
205;308
205;309
205;310
205;311
205;312
205;313
205;314
205;315
205;316
205;317
205;318
205;319
205;320
205;321
205;322
205;323
205;324
205;325
205;326
205;327
205;328
205;329
205;330
205;331
205;332
205;333
205;334
205;335
205;336
205;337
205;338
205;339
205;340
205;341
205;342
205;343
205;344
205;345
205;346
205;347
205;348
205;349
205;350
205;351
205;352
205;353
205;354
205;355
205;356
205;357
205;358
205;359
205;360
205;361
205;362
205;363
205;364
205;365
205;366
205;367
205;368
205;369
205;500
205;501
205;502
205;503
205;504
205;505
205;506
205;507
205;508
205;509
205;510
205;511
205;512
205;513
205;514
205;515
205;516
205;517
205;518
205;519
205;520
205;521
205;522
205;523
205;524
205;525
205;526
205;527
205;528
205;529
205;530
205;531
205;532
205;533
205;534
205;535
205;536
206;0
206;1
206;2
206;3
206;4
206;5
206;6
206;7
206;8
206;9
206;10
206;11
206;12
206;13
206;14
206;15
206;16
206;17
206;18
206;81
206;82
206;83
206;84
206;85
206;86
206;87
206;88
206;89
206;90
206;91
206;92
206;93
206;94
206;95
206;96
206;97
206;98
206;99
206;100
206;101
206;102
206;103
206;104
206;105
206;106
206;107
206;108
206;109
206;110
206;111
206;112
206;113
206;114
206;115
206;116
206;117
206;118
206;119
206;120
206;121
206;122
206;123
206;124
206;125
206;126
206;127
206;128
206;129
206;130
206;131
206;132
206;280
206;281
206;282
206;283
206;284
206;285
206;286
206;287
206;288
206;289
206;290
206;291
206;292
206;293
206;294
206;295
206;296
206;297
206;298
206;299
206;300
206;301
206;302
206;303
206;304
206;305
206;306
206;307
206;308
206;309
206;310
206;311
206;312
206;313
206;314
206;315
206;316
206;317
206;318
206;319
206;320
206;321
206;322
206;323
206;324
206;325
206;326
206;327
206;328
206;329
206;330
206;331
206;332
206;333
206;334
206;335
206;336
206;337
206;338
206;339
206;340
206;341
206;342
206;343
206;344
206;345
206;346
206;347
206;348
206;349
206;350
206;351
206;352
206;353
206;354
206;355
206;356
206;357
206;358
206;359
206;360
206;361
206;362
206;363
206;364
206;365
206;366
206;367
206;368
206;369
206;370
206;502
206;503
206;504
206;505
206;506
206;507
206;508
206;509
206;510
206;511
206;512
206;513
206;514
206;515
206;516
206;517
206;518
206;519
206;520
206;521
206;522
206;523
206;524
206;525
206;526
206;527
206;528
206;529
206;530
206;531
206;532
206;533
206;534
206;535
206;536
207;0
207;1
207;2
207;3
207;4
207;5
207;6
207;7
207;8
207;9
207;10
207;11
207;12
207;13
207;14
207;15
207;16
207;17
207;18
207;80
207;81
207;82
207;83
207;84
207;85
207;86
207;87
207;88
207;89
207;90
207;91
207;92
207;93
207;94
207;95
207;96
207;97
207;98
207;99
207;100
207;101
207;102
207;103
207;104
207;105
207;106
207;107
207;108
207;109
207;110
207;111
207;112
207;113
207;114
207;115
207;116
207;117
207;118
207;119
207;120
207;121
207;122
207;123
207;124
207;125
207;126
207;127
207;128
207;129
207;130
207;131
207;132
207;279
207;280
207;281
207;282
207;283
207;284
207;285
207;286
207;287
207;288
207;289
207;290
207;291
207;292
207;293
207;294
207;295
207;296
207;297
207;298
207;299
207;300
207;301
207;302
207;303
207;304
207;305
207;306
207;307
207;308
207;309
207;310
207;311
207;312
207;313
207;314
207;315
207;316
207;317
207;318
207;319
207;320
207;321
207;322
207;323
207;324
207;325
207;326
207;327
207;328
207;329
207;330
207;331
207;332
207;333
207;334
207;335
207;336
207;337
207;338
207;339
207;340
207;341
207;342
207;343
207;344
207;345
207;346
207;347
207;348
207;349
207;350
207;351
207;352
207;353
207;354
207;355
207;356
207;357
207;358
207;359
207;360
207;361
207;362
207;363
207;364
207;365
207;366
207;367
207;368
207;369
207;370
207;371
207;504
207;505
207;506
207;507
207;508
207;509
207;510
207;511
207;512
207;513
207;514
207;515
207;516
207;517
207;518
207;519
207;520
207;521
207;522
207;523
207;524
207;525
207;526
207;527
207;528
207;529
207;530
207;531
207;532
207;533
207;534
207;535
207;536
208;0
208;1
208;2
208;3
208;4
208;5
208;6
208;7
208;8
208;9
208;10
208;11
208;12
208;13
208;14
208;15
208;16
208;79
208;80
208;81
208;82
208;83
208;84
208;85
208;86
208;87
208;88
208;89
208;90
208;91
208;92
208;93
208;94
208;95
208;96
208;97
208;98
208;99
208;100
208;101
208;102
208;103
208;104
208;105
208;106
208;107
208;108
208;109
208;110
208;111
208;112
208;113
208;114
208;115
208;116
208;117
208;118
208;119
208;120
208;121
208;122
208;123
208;124
208;125
208;126
208;127
208;128
208;129
208;130
208;279
208;280
208;281
208;282
208;283
208;284
208;285
208;286
208;287
208;288
208;289
208;290
208;291
208;292
208;293
208;294
208;295
208;296
208;297
208;298
208;299
208;300
208;301
208;302
208;303
208;304
208;305
208;306
208;307
208;308
208;309
208;310
208;311
208;312
208;313
208;314
208;315
208;316
208;317
208;318
208;319
208;320
208;321
208;322
208;323
208;324
208;325
208;326
208;327
208;328
208;329
208;330
208;331
208;332
208;333
208;334
208;335
208;336
208;337
208;338
208;339
208;340
208;341
208;342
208;343
208;344
208;345
208;346
208;347
208;348
208;349
208;350
208;351
208;352
208;353
208;354
208;355
208;356
208;357
208;358
208;359
208;360
208;361
208;362
208;363
208;364
208;365
208;366
208;367
208;368
208;369
208;370
208;371
208;506
208;507
208;508
208;509
208;510
208;511
208;512
208;513
208;514
208;515
208;516
208;517
208;518
208;519
208;520
208;521
208;522
208;523
208;524
208;525
208;526
208;527
208;528
208;529
208;530
208;531
208;532
208;533
208;534
208;535
208;536
209;0
209;1
209;2
209;3
209;4
209;5
209;6
209;7
209;8
209;9
209;10
209;11
209;12
209;13
209;14
209;15
209;78
209;79
209;80
209;81
209;82
209;83
209;84
209;85
209;86
209;87
209;88
209;89
209;90
209;91
209;92
209;93
209;94
209;95
209;96
209;97
209;98
209;99
209;100
209;101
209;102
209;103
209;104
209;105
209;106
209;107
209;108
209;109
209;110
209;111
209;112
209;113
209;114
209;115
209;116
209;117
209;118
209;119
209;120
209;121
209;122
209;123
209;124
209;125
209;126
209;127
209;128
209;129
209;130
209;278
209;279
209;280
209;281
209;282
209;283
209;284
209;285
209;286
209;287
209;288
209;289
209;290
209;291
209;292
209;293
209;294
209;295
209;296
209;297
209;298
209;299
209;300
209;301
209;302
209;303
209;304
209;305
209;306
209;307
209;308
209;309
209;310
209;311
209;312
209;313
209;314
209;315
209;316
209;317
209;318
209;319
209;320
209;321
209;322
209;323
209;324
209;325
209;326
209;327
209;328
209;329
209;330
209;331
209;332
209;333
209;334
209;335
209;336
209;337
209;338
209;339
209;340
209;341
209;342
209;343
209;344
209;345
209;346
209;347
209;348
209;349
209;350
209;351
209;352
209;353
209;354
209;355
209;356
209;357
209;358
209;359
209;360
209;361
209;362
209;363
209;364
209;365
209;366
209;367
209;368
209;369
209;370
209;371
209;372
209;508
209;509
209;510
209;511
209;512
209;513
209;514
209;515
209;516
209;517
209;518
209;519
209;520
209;521
209;522
209;523
209;524
209;525
209;526
209;527
209;528
209;529
209;530
209;531
209;532
209;533
209;534
209;535
209;536
210;0
210;1
210;2
210;3
210;4
210;5
210;6
210;7
210;8
210;9
210;10
210;11
210;12
210;13
210;14
210;77
210;78
210;79
210;80
210;81
210;82
210;83
210;84
210;85
210;86
210;87
210;88
210;89
210;90
210;91
210;92
210;93
210;94
210;95
210;96
210;97
210;98
210;99
210;100
210;101
210;102
210;103
210;104
210;105
210;106
210;107
210;108
210;109
210;110
210;111
210;112
210;113
210;114
210;115
210;116
210;117
210;118
210;119
210;120
210;121
210;122
210;123
210;124
210;125
210;126
210;127
210;128
210;129
210;278
210;279
210;280
210;281
210;282
210;283
210;284
210;285
210;286
210;287
210;288
210;289
210;290
210;291
210;292
210;293
210;294
210;295
210;296
210;297
210;298
210;299
210;300
210;301
210;302
210;303
210;304
210;305
210;306
210;307
210;308
210;309
210;310
210;311
210;312
210;313
210;314
210;315
210;316
210;317
210;318
210;319
210;320
210;321
210;322
210;323
210;324
210;325
210;326
210;327
210;328
210;329
210;330
210;331
210;332
210;333
210;334
210;335
210;336
210;337
210;338
210;339
210;340
210;341
210;342
210;343
210;344
210;345
210;346
210;347
210;348
210;349
210;350
210;351
210;352
210;353
210;354
210;355
210;356
210;357
210;358
210;359
210;360
210;361
210;362
210;363
210;364
210;365
210;366
210;367
210;368
210;369
210;370
210;371
210;372
210;373
210;510
210;512
210;513
210;514
210;515
210;516
210;517
210;518
210;519
210;520
210;521
210;522
210;523
210;524
210;525
210;526
210;527
210;528
210;529
210;530
210;531
210;532
210;533
210;534
210;535
210;536
211;0
211;1
211;2
211;3
211;4
211;5
211;6
211;7
211;8
211;9
211;10
211;11
211;12
211;77
211;78
211;79
211;80
211;81
211;82
211;83
211;84
211;85
211;86
211;87
211;88
211;89
211;90
211;91
211;92
211;93
211;94
211;95
211;96
211;97
211;98
211;99
211;100
211;101
211;102
211;103
211;104
211;105
211;106
211;107
211;108
211;109
211;110
211;111
211;112
211;113
211;114
211;115
211;116
211;117
211;118
211;119
211;120
211;121
211;122
211;123
211;124
211;125
211;126
211;127
211;128
211;277
211;278
211;279
211;280
211;281
211;282
211;283
211;284
211;285
211;286
211;287
211;288
211;289
211;290
211;291
211;292
211;293
211;294
211;295
211;296
211;297
211;298
211;299
211;300
211;301
211;302
211;303
211;304
211;305
211;306
211;307
211;308
211;309
211;310
211;311
211;312
211;313
211;314
211;315
211;316
211;317
211;318
211;319
211;320
211;321
211;322
211;323
211;324
211;325
211;326
211;327
211;328
211;329
211;330
211;331
211;332
211;333
211;334
211;335
211;336
211;337
211;338
211;339
211;340
211;341
211;342
211;343
211;344
211;345
211;346
211;347
211;348
211;349
211;350
211;351
211;352
211;353
211;354
211;355
211;356
211;357
211;358
211;359
211;360
211;361
211;362
211;363
211;364
211;365
211;366
211;367
211;368
211;369
211;370
211;371
211;372
211;373
211;514
211;516
211;517
211;518
211;519
211;520
211;521
211;522
211;523
211;524
211;525
211;526
211;527
211;528
211;529
211;530
211;531
211;532
211;533
211;534
211;535
211;536
212;0
212;1
212;2
212;3
212;4
212;5
212;6
212;7
212;8
212;10
212;77
212;78
212;79
212;80
212;81
212;82
212;83
212;84
212;85
212;86
212;87
212;88
212;89
212;90
212;91
212;92
212;93
212;94
212;95
212;96
212;97
212;98
212;99
212;100
212;101
212;102
212;103
212;104
212;105
212;106
212;107
212;108
212;109
212;110
212;111
212;112
212;113
212;114
212;115
212;116
212;117
212;118
212;119
212;120
212;121
212;122
212;123
212;124
212;125
212;126
212;127
212;277
212;278
212;279
212;280
212;281
212;282
212;283
212;284
212;285
212;286
212;287
212;288
212;289
212;290
212;291
212;292
212;293
212;294
212;295
212;296
212;297
212;298
212;299
212;300
212;301
212;302
212;303
212;304
212;305
212;306
212;307
212;308
212;309
212;310
212;311
212;312
212;313
212;314
212;315
212;316
212;317
212;318
212;319
212;320
212;321
212;322
212;323
212;324
212;325
212;326
212;327
212;328
212;329
212;330
212;331
212;332
212;333
212;334
212;335
212;336
212;337
212;338
212;339
212;340
212;341
212;342
212;343
212;344
212;345
212;346
212;347
212;348
212;349
212;350
212;351
212;352
212;353
212;354
212;355
212;356
212;357
212;358
212;359
212;360
212;361
212;362
212;363
212;364
212;365
212;366
212;367
212;368
212;369
212;370
212;371
212;372
212;373
212;520
212;522
212;524
212;525
212;526
212;527
212;528
212;529
212;530
212;532
212;534
213;0
213;1
213;2
213;3
213;4
213;6
213;78
213;79
213;80
213;81
213;82
213;83
213;84
213;85
213;86
213;87
213;88
213;89
213;90
213;91
213;92
213;93
213;94
213;95
213;96
213;97
213;98
213;99
213;100
213;101
213;102
213;103
213;104
213;105
213;106
213;107
213;108
213;109
213;110
213;111
213;112
213;113
213;114
213;115
213;116
213;117
213;118
213;119
213;120
213;121
213;122
213;123
213;124
213;125
213;126
213;276
213;277
213;278
213;279
213;280
213;281
213;282
213;283
213;284
213;285
213;286
213;287
213;288
213;289
213;290
213;291
213;292
213;293
213;294
213;295
213;296
213;297
213;298
213;299
213;300
213;301
213;302
213;303
213;304
213;305
213;306
213;307
213;308
213;309
213;310
213;311
213;312
213;313
213;314
213;315
213;316
213;317
213;318
213;319
213;320
213;321
213;322
213;323
213;324
213;325
213;326
213;327
213;328
213;329
213;330
213;331
213;332
213;333
213;334
213;335
213;336
213;337
213;338
213;339
213;340
213;341
213;342
213;343
213;344
213;345
213;346
213;347
213;348
213;349
213;350
213;351
213;352
213;353
213;354
213;355
213;356
213;357
213;358
213;359
213;360
213;361
213;362
213;363
213;364
213;365
213;366
213;367
213;368
213;369
213;370
213;371
213;372
213;373
213;374
214;80
214;81
214;82
214;83
214;84
214;85
214;86
214;87
214;88
214;89
214;90
214;91
214;92
214;93
214;94
214;95
214;96
214;97
214;98
214;99
214;100
214;101
214;102
214;103
214;104
214;105
214;106
214;107
214;108
214;109
214;110
214;111
214;112
214;113
214;114
214;115
214;116
214;117
214;118
214;119
214;120
214;121
214;122
214;123
214;124
214;125
214;126
214;276
214;277
214;278
214;279
214;280
214;281
214;282
214;283
214;284
214;285
214;286
214;287
214;288
214;289
214;290
214;291
214;292
214;293
214;294
214;295
214;296
214;297
214;298
214;299
214;300
214;301
214;302
214;303
214;304
214;305
214;306
214;307
214;308
214;309
214;310
214;311
214;312
214;313
214;314
214;315
214;316
214;317
214;318
214;319
214;320
214;321
214;322
214;323
214;324
214;325
214;326
214;327
214;328
214;329
214;330
214;331
214;332
214;333
214;334
214;335
214;336
214;337
214;338
214;339
214;340
214;341
214;342
214;343
214;344
214;345
214;346
214;347
214;348
214;349
214;350
214;351
214;352
214;353
214;354
214;355
214;356
214;357
214;358
214;359
214;360
214;361
214;362
214;363
214;364
214;365
214;366
214;367
214;368
214;369
214;370
214;371
214;372
214;373
214;374
215;82
215;83
215;84
215;85
215;86
215;87
215;88
215;89
215;90
215;91
215;92
215;93
215;94
215;95
215;96
215;97
215;98
215;99
215;100
215;101
215;102
215;103
215;104
215;105
215;106
215;107
215;108
215;109
215;110
215;111
215;112
215;113
215;114
215;115
215;116
215;117
215;118
215;119
215;120
215;121
215;122
215;123
215;124
215;276
215;277
215;278
215;279
215;280
215;281
215;282
215;283
215;284
215;285
215;286
215;287
215;288
215;289
215;290
215;291
215;292
215;293
215;294
215;295
215;296
215;297
215;298
215;299
215;300
215;301
215;302
215;303
215;304
215;305
215;306
215;307
215;308
215;309
215;310
215;311
215;312
215;313
215;314
215;315
215;316
215;317
215;318
215;319
215;320
215;321
215;322
215;323
215;324
215;325
215;326
215;327
215;328
215;329
215;330
215;331
215;332
215;333
215;334
215;335
215;336
215;337
215;338
215;339
215;340
215;341
215;342
215;343
215;344
215;345
215;346
215;347
215;348
215;349
215;350
215;351
215;352
215;353
215;354
215;355
215;356
215;357
215;358
215;359
215;360
215;361
215;362
215;363
215;364
215;365
215;366
215;367
215;368
215;369
215;370
215;371
215;372
215;373
215;374
215;375
216;83
216;84
216;85
216;86
216;87
216;88
216;89
216;90
216;91
216;92
216;93
216;94
216;95
216;96
216;97
216;98
216;99
216;100
216;101
216;102
216;103
216;104
216;105
216;106
216;107
216;108
216;109
216;110
216;111
216;112
216;113
216;114
216;115
216;116
216;117
216;118
216;119
216;120
216;121
216;122
216;123
216;124
216;275
216;276
216;277
216;278
216;279
216;280
216;281
216;282
216;283
216;284
216;285
216;286
216;287
216;288
216;289
216;290
216;291
216;292
216;293
216;294
216;295
216;296
216;297
216;298
216;299
216;300
216;301
216;302
216;303
216;304
216;305
216;306
216;307
216;308
216;309
216;310
216;311
216;312
216;313
216;314
216;315
216;316
216;317
216;318
216;319
216;320
216;321
216;322
216;323
216;324
216;325
216;326
216;327
216;328
216;329
216;330
216;331
216;332
216;333
216;334
216;335
216;336
216;337
216;338
216;339
216;340
216;341
216;342
216;343
216;344
216;345
216;346
216;347
216;348
216;349
216;350
216;351
216;352
216;353
216;354
216;355
216;356
216;357
216;358
216;359
216;360
216;361
216;362
216;363
216;364
216;365
216;366
216;367
216;368
216;369
216;370
216;371
216;372
216;373
216;374
216;375
217;84
217;85
217;86
217;87
217;88
217;89
217;90
217;91
217;92
217;93
217;94
217;95
217;96
217;97
217;98
217;99
217;100
217;101
217;102
217;103
217;104
217;105
217;106
217;107
217;108
217;109
217;110
217;111
217;112
217;113
217;114
217;115
217;116
217;117
217;118
217;119
217;120
217;121
217;122
217;123
217;275
217;276
217;277
217;278
217;279
217;280
217;281
217;282
217;283
217;284
217;285
217;286
217;287
217;288
217;289
217;290
217;291
217;292
217;293
217;294
217;295
217;296
217;297
217;298
217;299
217;300
217;301
217;302
217;303
217;304
217;305
217;306
217;307
217;308
217;309
217;310
217;311
217;312
217;313
217;314
217;315
217;316
217;317
217;318
217;319
217;320
217;321
217;322
217;323
217;324
217;325
217;326
217;327
217;328
217;329
217;330
217;331
217;332
217;333
217;334
217;335
217;336
217;337
217;338
217;339
217;340
217;341
217;342
217;343
217;344
217;345
217;346
217;347
217;348
217;349
217;350
217;351
217;352
217;353
217;354
217;355
217;356
217;357
217;358
217;359
217;360
217;361
217;362
217;363
217;364
217;365
217;366
217;367
217;368
217;369
217;370
217;371
217;372
217;373
217;374
217;375
218;86
218;87
218;88
218;89
218;90
218;91
218;92
218;93
218;94
218;95
218;96
218;97
218;98
218;99
218;100
218;101
218;102
218;103
218;104
218;105
218;106
218;107
218;108
218;109
218;110
218;111
218;112
218;113
218;114
218;115
218;116
218;117
218;118
218;119
218;120
218;121
218;122
218;275
218;276
218;277
218;278
218;279
218;280
218;281
218;282
218;283
218;284
218;285
218;286
218;287
218;288
218;289
218;290
218;291
218;292
218;293
218;294
218;295
218;296
218;297
218;298
218;299
218;300
218;301
218;302
218;303
218;304
218;305
218;306
218;307
218;308
218;309
218;310
218;311
218;312
218;313
218;314
218;315
218;316
218;317
218;318
218;319
218;320
218;321
218;322
218;323
218;324
218;325
218;326
218;327
218;328
218;329
218;330
218;331
218;332
218;333
218;334
218;335
218;336
218;337
218;338
218;339
218;340
218;341
218;342
218;343
218;344
218;345
218;346
218;347
218;348
218;349
218;350
218;351
218;352
218;353
218;354
218;355
218;356
218;357
218;358
218;359
218;360
218;361
218;362
218;363
218;364
218;365
218;366
218;367
218;368
218;369
218;370
218;371
218;372
218;373
218;374
218;375
218;376
218;377
219;18
219;88
219;89
219;90
219;91
219;92
219;93
219;94
219;95
219;96
219;97
219;98
219;99
219;100
219;101
219;102
219;103
219;104
219;105
219;106
219;107
219;108
219;109
219;110
219;111
219;112
219;113
219;114
219;115
219;116
219;117
219;118
219;119
219;120
219;121
219;137
219;275
219;276
219;277
219;278
219;279
219;280
219;281
219;282
219;283
219;284
219;285
219;286
219;287
219;288
219;289
219;290
219;291
219;292
219;293
219;294
219;295
219;296
219;297
219;298
219;299
219;300
219;301
219;302
219;303
219;304
219;305
219;306
219;307
219;308
219;309
219;310
219;311
219;312
219;313
219;314
219;315
219;316
219;317
219;318
219;319
219;320
219;321
219;322
219;323
219;324
219;325
219;326
219;327
219;328
219;329
219;330
219;331
219;332
219;333
219;334
219;335
219;336
219;337
219;338
219;339
219;340
219;341
219;342
219;343
219;344
219;345
219;346
219;347
219;348
219;349
219;350
219;351
219;352
219;353
219;354
219;355
219;356
219;357
219;358
219;359
219;360
219;361
219;362
219;363
219;364
219;365
219;366
219;367
219;368
219;369
219;370
219;371
219;372
219;373
219;374
219;375
219;376
219;377
220;18
220;19
220;89
220;90
220;91
220;92
220;93
220;94
220;95
220;96
220;97
220;98
220;99
220;100
220;101
220;102
220;103
220;104
220;105
220;106
220;107
220;108
220;109
220;110
220;111
220;112
220;113
220;114
220;115
220;116
220;117
220;118
220;119
220;120
220;135
220;136
220;137
220;138
220;139
220;274
220;275
220;276
220;277
220;278
220;279
220;280
220;281
220;282
220;283
220;284
220;285
220;286
220;287
220;288
220;289
220;290
220;291
220;292
220;293
220;294
220;295
220;296
220;297
220;298
220;299
220;300
220;301
220;302
220;303
220;304
220;305
220;306
220;307
220;308
220;309
220;310
220;311
220;312
220;313
220;314
220;315
220;316
220;317
220;318
220;319
220;320
220;321
220;322
220;323
220;324
220;325
220;326
220;327
220;328
220;329
220;330
220;331
220;332
220;333
220;334
220;335
220;336
220;337
220;338
220;339
220;340
220;341
220;342
220;343
220;344
220;345
220;346
220;347
220;348
220;349
220;350
220;351
220;352
220;353
220;354
220;355
220;356
220;357
220;358
220;359
220;360
220;361
220;362
220;363
220;364
220;365
220;366
220;367
220;368
220;369
220;370
220;371
220;372
220;373
220;374
220;375
220;376
220;377
220;378
221;17
221;18
221;19
221;20
221;90
221;91
221;92
221;93
221;94
221;95
221;96
221;97
221;98
221;99
221;100
221;101
221;102
221;103
221;104
221;105
221;106
221;107
221;108
221;109
221;110
221;111
221;112
221;113
221;114
221;115
221;116
221;117
221;118
221;119
221;120
221;135
221;136
221;137
221;138
221;139
221;274
221;275
221;276
221;277
221;278
221;279
221;280
221;281
221;282
221;283
221;284
221;285
221;286
221;287
221;288
221;289
221;290
221;291
221;292
221;293
221;294
221;295
221;296
221;297
221;298
221;299
221;300
221;301
221;302
221;303
221;304
221;305
221;306
221;307
221;308
221;309
221;310
221;311
221;312
221;313
221;314
221;315
221;316
221;317
221;318
221;319
221;320
221;321
221;322
221;323
221;324
221;325
221;326
221;327
221;328
221;329
221;330
221;331
221;332
221;333
221;334
221;335
221;336
221;337
221;338
221;339
221;340
221;341
221;342
221;343
221;344
221;345
221;346
221;347
221;348
221;349
221;350
221;351
221;352
221;353
221;354
221;355
221;356
221;357
221;358
221;359
221;360
221;361
221;362
221;363
221;364
221;365
221;366
221;367
221;368
221;369
221;370
221;371
221;372
221;373
221;374
221;375
221;376
221;377
221;378
221;379
222;17
222;18
222;19
222;20
222;21
222;92
222;93
222;94
222;95
222;96
222;97
222;98
222;99
222;100
222;101
222;102
222;103
222;104
222;105
222;106
222;107
222;108
222;109
222;110
222;111
222;112
222;113
222;114
222;115
222;116
222;117
222;118
222;133
222;134
222;135
222;136
222;137
222;138
222;139
222;140
222;141
222;274
222;275
222;276
222;277
222;278
222;279
222;280
222;281
222;282
222;283
222;284
222;285
222;286
222;287
222;288
222;289
222;290
222;291
222;292
222;293
222;294
222;295
222;296
222;297
222;298
222;299
222;300
222;301
222;302
222;303
222;304
222;305
222;306
222;307
222;308
222;309
222;310
222;311
222;312
222;313
222;314
222;315
222;316
222;317
222;318
222;319
222;320
222;321
222;322
222;323
222;324
222;325
222;326
222;327
222;328
222;329
222;330
222;331
222;332
222;333
222;334
222;335
222;336
222;337
222;338
222;339
222;340
222;341
222;342
222;343
222;344
222;345
222;346
222;347
222;348
222;349
222;350
222;351
222;352
222;353
222;354
222;355
222;356
222;357
222;358
222;359
222;360
222;361
222;362
222;363
222;364
222;365
222;366
222;367
222;368
222;369
222;370
222;371
222;372
222;373
222;374
222;375
222;376
222;377
222;378
222;379
223;17
223;18
223;19
223;20
223;21
223;22
223;94
223;95
223;96
223;97
223;98
223;99
223;100
223;101
223;102
223;103
223;104
223;105
223;106
223;107
223;108
223;109
223;110
223;111
223;112
223;113
223;114
223;115
223;116
223;117
223;118
223;133
223;134
223;135
223;136
223;137
223;138
223;139
223;140
223;141
223;142
223;143
223;274
223;275
223;276
223;277
223;278
223;279
223;280
223;281
223;282
223;283
223;284
223;285
223;286
223;287
223;288
223;289
223;290
223;291
223;292
223;293
223;294
223;295
223;296
223;297
223;298
223;299
223;300
223;301
223;302
223;303
223;304
223;305
223;306
223;307
223;308
223;309
223;310
223;311
223;312
223;313
223;314
223;315
223;316
223;317
223;318
223;319
223;320
223;321
223;322
223;323
223;324
223;325
223;326
223;327
223;328
223;329
223;330
223;331
223;332
223;333
223;334
223;335
223;336
223;337
223;338
223;339
223;340
223;341
223;342
223;343
223;344
223;345
223;346
223;347
223;348
223;349
223;350
223;351
223;352
223;353
223;354
223;355
223;356
223;357
223;358
223;359
223;360
223;361
223;362
223;363
223;364
223;365
223;366
223;367
223;368
223;369
223;370
223;371
223;372
223;373
223;374
223;375
223;376
223;377
223;378
223;379
223;380
223;381
224;16
224;17
224;18
224;19
224;20
224;21
224;22
224;23
224;96
224;97
224;98
224;99
224;100
224;101
224;102
224;103
224;104
224;105
224;106
224;107
224;108
224;109
224;110
224;111
224;112
224;113
224;114
224;115
224;116
224;131
224;132
224;133
224;134
224;135
224;136
224;137
224;138
224;139
224;140
224;141
224;142
224;143
224;144
224;274
224;275
224;276
224;277
224;278
224;279
224;280
224;281
224;282
224;283
224;284
224;285
224;286
224;287
224;288
224;289
224;290
224;291
224;292
224;293
224;294
224;295
224;296
224;297
224;298
224;299
224;300
224;301
224;302
224;303
224;304
224;305
224;306
224;307
224;308
224;309
224;310
224;311
224;312
224;313
224;314
224;315
224;316
224;317
224;318
224;319
224;320
224;321
224;322
224;323
224;324
224;325
224;326
224;327
224;328
224;329
224;330
224;331
224;332
224;333
224;334
224;335
224;336
224;337
224;338
224;339
224;340
224;341
224;342
224;343
224;344
224;345
224;346
224;347
224;348
224;349
224;350
224;351
224;352
224;353
224;354
224;355
224;356
224;357
224;358
224;359
224;360
224;361
224;362
224;363
224;364
224;365
224;366
224;367
224;368
224;369
224;370
224;371
224;372
224;373
224;374
224;375
224;376
224;377
224;378
224;379
224;380
224;381
225;16
225;17
225;18
225;19
225;20
225;21
225;22
225;23
225;24
225;96
225;97
225;98
225;99
225;100
225;101
225;102
225;103
225;104
225;105
225;106
225;107
225;108
225;109
225;110
225;111
225;112
225;113
225;114
225;115
225;116
225;131
225;132
225;133
225;134
225;135
225;136
225;137
225;138
225;139
225;140
225;141
225;142
225;143
225;144
225;145
225;274
225;275
225;276
225;277
225;278
225;279
225;280
225;281
225;282
225;283
225;284
225;285
225;286
225;287
225;288
225;289
225;290
225;291
225;292
225;293
225;294
225;295
225;296
225;297
225;298
225;299
225;300
225;301
225;302
225;303
225;304
225;305
225;306
225;307
225;308
225;309
225;310
225;311
225;312
225;313
225;314
225;315
225;316
225;317
225;318
225;319
225;320
225;321
225;322
225;323
225;324
225;325
225;326
225;327
225;328
225;329
225;330
225;331
225;332
225;333
225;334
225;335
225;336
225;337
225;338
225;339
225;340
225;341
225;342
225;343
225;344
225;345
225;346
225;347
225;348
225;349
225;350
225;351
225;352
225;353
225;354
225;355
225;356
225;357
225;358
225;359
225;360
225;361
225;362
225;363
225;364
225;365
225;366
225;367
225;368
225;369
225;370
225;371
225;372
225;373
225;374
225;375
225;376
225;377
225;378
225;379
225;380
225;381
225;382
226;15
226;16
226;17
226;18
226;19
226;20
226;21
226;22
226;23
226;24
226;25
226;98
226;99
226;100
226;101
226;102
226;103
226;104
226;105
226;106
226;107
226;108
226;109
226;110
226;111
226;112
226;113
226;114
226;115
226;129
226;130
226;131
226;132
226;133
226;134
226;135
226;136
226;137
226;138
226;139
226;140
226;141
226;142
226;143
226;144
226;145
226;146
226;147
226;274
226;275
226;276
226;277
226;278
226;279
226;280
226;281
226;282
226;283
226;284
226;285
226;286
226;287
226;288
226;289
226;290
226;291
226;292
226;293
226;294
226;295
226;296
226;297
226;298
226;299
226;300
226;301
226;302
226;303
226;304
226;305
226;306
226;307
226;308
226;309
226;310
226;311
226;312
226;313
226;314
226;315
226;316
226;317
226;318
226;319
226;320
226;321
226;322
226;323
226;324
226;325
226;326
226;327
226;328
226;329
226;330
226;331
226;332
226;333
226;334
226;335
226;336
226;337
226;338
226;339
226;340
226;341
226;342
226;343
226;344
226;345
226;346
226;347
226;348
226;349
226;350
226;351
226;352
226;353
226;354
226;355
226;356
226;357
226;358
226;359
226;360
226;361
226;362
226;363
226;364
226;365
226;366
226;367
226;368
226;369
226;370
226;371
226;372
226;373
226;374
226;375
226;376
226;377
226;378
226;379
226;380
226;381
226;382
226;383
227;15
227;16
227;17
227;18
227;19
227;20
227;21
227;22
227;23
227;24
227;25
227;100
227;101
227;102
227;103
227;104
227;105
227;106
227;107
227;108
227;109
227;110
227;111
227;112
227;113
227;114
227;129
227;130
227;131
227;132
227;133
227;134
227;135
227;136
227;137
227;138
227;139
227;140
227;141
227;142
227;143
227;144
227;145
227;146
227;147
227;148
227;274
227;275
227;276
227;277
227;278
227;279
227;280
227;281
227;282
227;283
227;284
227;285
227;286
227;287
227;288
227;289
227;290
227;291
227;292
227;293
227;294
227;295
227;296
227;297
227;298
227;299
227;300
227;301
227;302
227;303
227;304
227;305
227;306
227;307
227;308
227;309
227;310
227;311
227;312
227;313
227;314
227;315
227;316
227;317
227;318
227;319
227;320
227;321
227;322
227;323
227;324
227;325
227;326
227;327
227;328
227;329
227;330
227;331
227;332
227;333
227;334
227;335
227;336
227;337
227;338
227;339
227;340
227;341
227;342
227;343
227;344
227;345
227;346
227;347
227;348
227;349
227;350
227;351
227;352
227;353
227;354
227;355
227;356
227;357
227;358
227;359
227;360
227;361
227;362
227;363
227;364
227;365
227;366
227;367
227;368
227;369
227;370
227;371
227;372
227;373
227;374
227;375
227;376
227;377
227;378
227;379
227;380
227;381
227;382
227;383
228;15
228;16
228;17
228;18
228;19
228;20
228;21
228;22
228;23
228;24
228;25
228;26
228;27
228;102
228;103
228;104
228;105
228;106
228;107
228;108
228;109
228;110
228;111
228;112
228;113
228;128
228;129
228;130
228;131
228;132
228;133
228;134
228;135
228;136
228;137
228;138
228;139
228;140
228;141
228;142
228;143
228;144
228;145
228;146
228;147
228;148
228;149
228;274
228;275
228;276
228;277
228;278
228;279
228;280
228;281
228;282
228;283
228;284
228;285
228;286
228;287
228;288
228;289
228;290
228;291
228;292
228;293
228;294
228;295
228;296
228;297
228;298
228;299
228;300
228;301
228;302
228;303
228;304
228;305
228;306
228;307
228;308
228;309
228;310
228;311
228;312
228;313
228;314
228;315
228;316
228;317
228;318
228;319
228;320
228;321
228;322
228;323
228;324
228;325
228;326
228;327
228;328
228;329
228;330
228;331
228;332
228;333
228;334
228;335
228;336
228;337
228;338
228;339
228;340
228;341
228;342
228;343
228;344
228;345
228;346
228;347
228;348
228;349
228;350
228;351
228;352
228;353
228;354
228;355
228;356
228;357
228;358
228;359
228;360
228;361
228;362
228;363
228;364
228;365
228;366
228;367
228;368
228;369
228;370
228;371
228;372
228;373
228;374
228;375
228;376
228;377
228;378
228;379
228;380
228;381
228;382
228;383
228;384
229;14
229;15
229;16
229;17
229;18
229;19
229;20
229;21
229;22
229;23
229;24
229;25
229;26
229;27
229;102
229;103
229;104
229;105
229;106
229;107
229;108
229;109
229;110
229;111
229;112
229;127
229;128
229;129
229;130
229;131
229;132
229;133
229;134
229;135
229;136
229;137
229;138
229;139
229;140
229;141
229;142
229;143
229;144
229;145
229;146
229;147
229;148
229;149
229;150
229;151
229;274
229;275
229;276
229;277
229;278
229;279
229;280
229;281
229;282
229;283
229;284
229;285
229;286
229;287
229;288
229;289
229;290
229;291
229;292
229;293
229;294
229;295
229;296
229;297
229;298
229;299
229;300
229;301
229;302
229;303
229;304
229;305
229;306
229;307
229;308
229;309
229;310
229;311
229;312
229;313
229;314
229;315
229;316
229;317
229;318
229;319
229;320
229;321
229;322
229;323
229;324
229;325
229;326
229;327
229;328
229;329
229;330
229;331
229;332
229;333
229;334
229;335
229;336
229;337
229;338
229;339
229;340
229;341
229;342
229;343
229;344
229;345
229;346
229;347
229;348
229;349
229;350
229;351
229;352
229;353
229;354
229;355
229;356
229;357
229;358
229;359
229;360
229;361
229;362
229;363
229;364
229;365
229;366
229;367
229;368
229;369
229;370
229;371
229;372
229;373
229;374
229;375
229;376
229;377
229;378
229;379
229;380
229;381
229;382
229;383
229;384
229;385
230;14
230;15
230;16
230;17
230;18
230;19
230;20
230;21
230;22
230;23
230;24
230;25
230;26
230;27
230;28
230;29
230;104
230;105
230;106
230;107
230;108
230;109
230;110
230;111
230;112
230;126
230;127
230;128
230;129
230;130
230;131
230;132
230;133
230;134
230;135
230;136
230;137
230;138
230;139
230;140
230;141
230;142
230;143
230;144
230;145
230;146
230;147
230;148
230;149
230;150
230;151
230;152
230;153
230;274
230;275
230;276
230;277
230;278
230;279
230;280
230;281
230;282
230;283
230;284
230;285
230;286
230;287
230;288
230;289
230;290
230;291
230;292
230;293
230;294
230;295
230;296
230;297
230;298
230;299
230;300
230;301
230;302
230;303
230;304
230;305
230;306
230;307
230;308
230;309
230;310
230;311
230;312
230;313
230;314
230;315
230;316
230;317
230;318
230;319
230;320
230;321
230;322
230;323
230;324
230;325
230;326
230;327
230;328
230;329
230;330
230;331
230;332
230;333
230;334
230;335
230;336
230;337
230;338
230;339
230;340
230;341
230;342
230;343
230;344
230;345
230;346
230;347
230;348
230;349
230;350
230;351
230;352
230;353
230;354
230;355
230;356
230;357
230;358
230;359
230;360
230;361
230;362
230;363
230;364
230;365
230;366
230;367
230;368
230;369
230;370
230;371
230;372
230;373
230;374
230;375
230;376
230;377
230;378
230;379
230;380
230;381
230;382
230;383
230;384
230;385
230;386
231;13
231;14
231;15
231;16
231;17
231;18
231;19
231;20
231;21
231;22
231;23
231;24
231;25
231;26
231;27
231;28
231;29
231;106
231;107
231;108
231;109
231;110
231;125
231;126
231;127
231;128
231;129
231;130
231;131
231;132
231;133
231;134
231;135
231;136
231;137
231;138
231;139
231;140
231;141
231;142
231;143
231;144
231;145
231;146
231;147
231;148
231;149
231;150
231;151
231;152
231;153
231;274
231;275
231;276
231;277
231;278
231;279
231;280
231;281
231;282
231;283
231;284
231;285
231;286
231;287
231;288
231;289
231;290
231;291
231;292
231;293
231;294
231;295
231;296
231;297
231;298
231;299
231;300
231;301
231;302
231;303
231;304
231;305
231;306
231;307
231;308
231;309
231;310
231;311
231;312
231;313
231;314
231;315
231;316
231;317
231;318
231;319
231;320
231;321
231;322
231;323
231;324
231;325
231;326
231;327
231;328
231;329
231;330
231;331
231;332
231;333
231;334
231;335
231;336
231;337
231;338
231;339
231;340
231;341
231;342
231;343
231;344
231;345
231;346
231;347
231;348
231;349
231;350
231;351
231;352
231;353
231;354
231;355
231;356
231;357
231;358
231;359
231;360
231;361
231;362
231;363
231;364
231;365
231;366
231;367
231;368
231;369
231;370
231;371
231;372
231;373
231;374
231;375
231;376
231;377
231;378
231;379
231;380
231;381
231;382
231;383
231;384
231;385
231;386
231;387
232;13
232;14
232;15
232;16
232;17
232;18
232;19
232;20
232;21
232;22
232;23
232;24
232;25
232;26
232;27
232;28
232;29
232;30
232;31
232;108
232;109
232;110
232;124
232;125
232;126
232;127
232;128
232;129
232;130
232;131
232;132
232;133
232;134
232;135
232;136
232;137
232;138
232;139
232;140
232;141
232;142
232;143
232;144
232;145
232;146
232;147
232;148
232;149
232;150
232;151
232;152
232;153
232;154
232;155
232;274
232;275
232;276
232;277
232;278
232;279
232;280
232;281
232;282
232;283
232;284
232;285
232;286
232;287
232;288
232;289
232;290
232;291
232;292
232;293
232;294
232;295
232;296
232;297
232;298
232;299
232;300
232;301
232;302
232;303
232;304
232;305
232;306
232;307
232;308
232;309
232;310
232;311
232;312
232;313
232;314
232;315
232;316
232;317
232;318
232;319
232;320
232;321
232;322
232;323
232;324
232;325
232;326
232;327
232;328
232;329
232;330
232;331
232;332
232;333
232;334
232;335
232;336
232;337
232;338
232;339
232;340
232;341
232;342
232;343
232;344
232;345
232;346
232;347
232;348
232;349
232;350
232;351
232;352
232;353
232;354
232;355
232;356
232;357
232;358
232;359
232;360
232;361
232;362
232;363
232;364
232;365
232;366
232;367
232;368
232;369
232;370
232;371
232;372
232;373
232;374
232;375
232;376
232;377
232;378
232;379
232;380
232;381
232;382
232;383
232;384
232;385
232;386
232;387
233;13
233;14
233;15
233;16
233;17
233;18
233;19
233;20
233;21
233;22
233;23
233;24
233;25
233;26
233;27
233;28
233;29
233;30
233;31
233;109
233;123
233;124
233;125
233;126
233;127
233;128
233;129
233;130
233;131
233;132
233;133
233;134
233;135
233;136
233;137
233;138
233;139
233;140
233;141
233;142
233;143
233;144
233;145
233;146
233;147
233;148
233;149
233;150
233;151
233;152
233;153
233;154
233;155
233;156
233;157
233;274
233;275
233;276
233;277
233;278
233;279
233;280
233;281
233;282
233;283
233;284
233;285
233;286
233;287
233;288
233;289
233;290
233;291
233;292
233;293
233;294
233;295
233;296
233;297
233;298
233;299
233;300
233;301
233;302
233;303
233;304
233;305
233;306
233;307
233;308
233;309
233;310
233;311
233;312
233;313
233;314
233;315
233;316
233;317
233;318
233;319
233;320
233;321
233;322
233;323
233;324
233;325
233;326
233;327
233;328
233;329
233;330
233;331
233;332
233;333
233;334
233;335
233;336
233;337
233;338
233;339
233;340
233;341
233;342
233;343
233;344
233;345
233;346
233;347
233;348
233;349
233;350
233;351
233;352
233;353
233;354
233;355
233;356
233;357
233;358
233;359
233;360
233;361
233;362
233;363
233;364
233;365
233;366
233;367
233;368
233;369
233;370
233;371
233;372
233;373
233;374
233;375
233;376
233;377
233;378
233;379
233;380
233;381
233;382
233;383
233;384
233;385
233;386
233;387
233;388
234;12
234;13
234;14
234;15
234;16
234;17
234;18
234;19
234;20
234;21
234;22
234;23
234;24
234;25
234;26
234;27
234;28
234;29
234;30
234;31
234;32
234;33
234;122
234;123
234;124
234;125
234;126
234;127
234;128
234;129
234;130
234;131
234;132
234;133
234;134
234;135
234;136
234;137
234;138
234;139
234;140
234;141
234;142
234;143
234;144
234;145
234;146
234;147
234;148
234;149
234;150
234;151
234;152
234;153
234;154
234;155
234;156
234;157
234;158
234;274
234;275
234;276
234;277
234;278
234;279
234;280
234;281
234;282
234;283
234;284
234;285
234;286
234;287
234;288
234;289
234;290
234;291
234;292
234;293
234;294
234;295
234;296
234;297
234;298
234;299
234;300
234;301
234;302
234;303
234;304
234;305
234;306
234;307
234;308
234;309
234;310
234;311
234;312
234;313
234;314
234;315
234;316
234;317
234;318
234;319
234;320
234;321
234;322
234;323
234;324
234;325
234;326
234;327
234;328
234;329
234;330
234;331
234;332
234;333
234;334
234;335
234;336
234;337
234;338
234;339
234;340
234;341
234;342
234;343
234;344
234;345
234;346
234;347
234;348
234;349
234;350
234;351
234;352
234;353
234;354
234;355
234;356
234;357
234;358
234;359
234;360
234;361
234;362
234;363
234;364
234;365
234;366
234;367
234;368
234;369
234;370
234;371
234;372
234;373
234;374
234;375
234;376
234;377
234;378
234;379
234;380
234;381
234;382
234;383
234;384
234;385
234;386
234;387
234;388
234;389
235;12
235;13
235;14
235;15
235;16
235;17
235;18
235;19
235;20
235;21
235;22
235;23
235;24
235;25
235;26
235;27
235;28
235;29
235;30
235;31
235;32
235;33
235;121
235;122
235;123
235;124
235;125
235;126
235;127
235;128
235;129
235;130
235;131
235;132
235;133
235;134
235;135
235;136
235;137
235;138
235;139
235;140
235;141
235;142
235;143
235;144
235;145
235;146
235;147
235;148
235;149
235;150
235;151
235;152
235;153
235;154
235;155
235;156
235;157
235;158
235;159
235;274
235;275
235;276
235;277
235;278
235;279
235;280
235;281
235;282
235;283
235;284
235;285
235;286
235;287
235;288
235;289
235;290
235;291
235;292
235;293
235;294
235;295
235;296
235;297
235;298
235;299
235;300
235;301
235;302
235;303
235;304
235;305
235;306
235;307
235;308
235;309
235;310
235;311
235;312
235;313
235;314
235;315
235;316
235;317
235;318
235;319
235;320
235;321
235;322
235;323
235;324
235;325
235;326
235;327
235;328
235;329
235;330
235;331
235;332
235;333
235;334
235;335
235;336
235;337
235;338
235;339
235;340
235;341
235;342
235;343
235;344
235;345
235;346
235;347
235;348
235;349
235;350
235;351
235;352
235;353
235;354
235;355
235;356
235;357
235;358
235;359
235;360
235;361
235;362
235;363
235;364
235;365
235;366
235;367
235;368
235;369
235;370
235;371
235;372
235;373
235;374
235;375
235;376
235;377
235;378
235;379
235;380
235;381
235;382
235;383
235;384
235;385
235;386
235;387
235;388
235;389
236;11
236;12
236;13
236;14
236;15
236;16
236;17
236;18
236;19
236;20
236;21
236;22
236;23
236;24
236;25
236;26
236;27
236;28
236;29
236;30
236;31
236;32
236;33
236;34
236;35
236;120
236;121
236;122
236;123
236;124
236;125
236;126
236;127
236;128
236;129
236;130
236;131
236;132
236;133
236;134
236;135
236;136
236;137
236;138
236;139
236;140
236;141
236;142
236;143
236;144
236;145
236;146
236;147
236;148
236;149
236;150
236;151
236;152
236;153
236;154
236;155
236;156
236;157
236;158
236;159
236;160
236;161
236;274
236;275
236;276
236;277
236;278
236;279
236;280
236;281
236;282
236;283
236;284
236;285
236;286
236;287
236;288
236;289
236;290
236;291
236;292
236;293
236;294
236;295
236;296
236;297
236;298
236;299
236;300
236;301
236;302
236;303
236;304
236;305
236;306
236;307
236;308
236;309
236;310
236;311
236;312
236;313
236;314
236;315
236;316
236;317
236;318
236;319
236;320
236;321
236;322
236;323
236;324
236;325
236;326
236;327
236;328
236;329
236;330
236;331
236;332
236;333
236;334
236;335
236;336
236;337
236;338
236;339
236;340
236;341
236;342
236;343
236;344
236;345
236;346
236;347
236;348
236;349
236;350
236;351
236;352
236;353
236;354
236;355
236;356
236;357
236;358
236;359
236;360
236;361
236;362
236;363
236;364
236;365
236;366
236;367
236;368
236;369
236;370
236;371
236;372
236;373
236;374
236;375
236;376
236;377
236;378
236;379
236;380
236;381
236;382
236;383
236;384
236;385
236;386
236;387
236;388
236;389
236;390
236;391
237;11
237;12
237;13
237;14
237;15
237;16
237;17
237;18
237;19
237;20
237;21
237;22
237;23
237;24
237;25
237;26
237;27
237;28
237;29
237;30
237;31
237;32
237;33
237;34
237;35
237;119
237;120
237;121
237;122
237;123
237;124
237;125
237;126
237;127
237;128
237;129
237;130
237;131
237;132
237;133
237;134
237;135
237;136
237;137
237;138
237;139
237;140
237;141
237;142
237;143
237;144
237;145
237;146
237;147
237;148
237;149
237;150
237;151
237;152
237;153
237;154
237;155
237;156
237;157
237;158
237;159
237;160
237;161
237;162
237;163
237;275
237;276
237;277
237;278
237;279
237;280
237;281
237;282
237;283
237;284
237;285
237;286
237;287
237;288
237;289
237;290
237;291
237;292
237;293
237;294
237;295
237;296
237;297
237;298
237;299
237;300
237;301
237;302
237;303
237;304
237;305
237;306
237;307
237;308
237;309
237;310
237;311
237;312
237;313
237;314
237;315
237;316
237;317
237;318
237;319
237;320
237;321
237;322
237;323
237;324
237;325
237;326
237;327
237;328
237;329
237;330
237;331
237;332
237;333
237;334
237;335
237;336
237;337
237;338
237;339
237;340
237;341
237;342
237;343
237;344
237;345
237;346
237;347
237;348
237;349
237;350
237;351
237;352
237;353
237;354
237;355
237;356
237;357
237;358
237;359
237;360
237;361
237;362
237;363
237;364
237;365
237;366
237;367
237;368
237;369
237;370
237;371
237;372
237;373
237;374
237;375
237;376
237;377
237;378
237;379
237;380
237;381
237;382
237;383
237;384
237;385
237;386
237;387
237;388
237;389
237;390
237;391
237;441
237;443
237;445
237;447
237;449
238;10
238;11
238;12
238;13
238;14
238;15
238;16
238;17
238;18
238;19
238;20
238;21
238;22
238;23
238;24
238;25
238;26
238;27
238;28
238;29
238;30
238;31
238;32
238;33
238;34
238;35
238;36
238;37
238;119
238;120
238;121
238;122
238;123
238;124
238;125
238;126
238;127
238;128
238;129
238;130
238;131
238;132
238;133
238;134
238;135
238;136
238;137
238;138
238;139
238;140
238;141
238;142
238;143
238;144
238;145
238;146
238;147
238;148
238;149
238;150
238;151
238;152
238;153
238;154
238;155
238;156
238;157
238;158
238;159
238;160
238;161
238;162
238;163
238;275
238;276
238;277
238;278
238;279
238;280
238;281
238;282
238;283
238;284
238;285
238;286
238;287
238;288
238;289
238;290
238;291
238;292
238;293
238;294
238;295
238;296
238;297
238;298
238;299
238;300
238;301
238;302
238;303
238;304
238;305
238;306
238;307
238;308
238;309
238;310
238;311
238;312
238;313
238;314
238;315
238;316
238;317
238;318
238;319
238;320
238;321
238;322
238;323
238;324
238;325
238;326
238;327
238;328
238;329
238;330
238;331
238;332
238;333
238;334
238;335
238;336
238;337
238;338
238;339
238;340
238;341
238;342
238;343
238;344
238;345
238;346
238;347
238;348
238;349
238;350
238;351
238;352
238;353
238;354
238;355
238;356
238;357
238;358
238;359
238;360
238;361
238;362
238;363
238;364
238;365
238;366
238;367
238;368
238;369
238;370
238;371
238;372
238;373
238;374
238;375
238;376
238;377
238;378
238;379
238;380
238;381
238;382
238;383
238;384
238;385
238;386
238;387
238;388
238;389
238;390
238;391
238;392
238;437
238;438
238;439
238;440
238;441
238;442
238;443
238;444
238;445
238;446
238;447
238;448
238;449
238;450
238;451
238;453
239;10
239;11
239;12
239;13
239;14
239;15
239;16
239;17
239;18
239;19
239;20
239;21
239;22
239;23
239;24
239;25
239;26
239;27
239;28
239;29
239;30
239;31
239;32
239;33
239;34
239;35
239;36
239;37
239;117
239;118
239;119
239;120
239;121
239;122
239;123
239;124
239;125
239;126
239;127
239;128
239;129
239;130
239;131
239;132
239;133
239;134
239;135
239;136
239;137
239;138
239;139
239;140
239;141
239;142
239;143
239;144
239;145
239;146
239;147
239;148
239;149
239;150
239;151
239;152
239;153
239;154
239;155
239;156
239;157
239;158
239;159
239;160
239;161
239;162
239;163
239;164
239;165
239;275
239;276
239;277
239;278
239;279
239;280
239;281
239;282
239;283
239;284
239;285
239;286
239;287
239;288
239;289
239;290
239;291
239;292
239;293
239;294
239;295
239;296
239;297
239;298
239;299
239;300
239;301
239;302
239;303
239;304
239;305
239;306
239;307
239;308
239;309
239;310
239;311
239;312
239;313
239;314
239;315
239;316
239;317
239;318
239;319
239;320
239;321
239;322
239;323
239;324
239;325
239;326
239;327
239;328
239;329
239;330
239;331
239;332
239;333
239;334
239;335
239;336
239;337
239;338
239;339
239;340
239;341
239;342
239;343
239;344
239;345
239;346
239;347
239;348
239;349
239;350
239;351
239;352
239;353
239;354
239;355
239;356
239;357
239;358
239;359
239;360
239;361
239;362
239;363
239;364
239;365
239;366
239;367
239;368
239;369
239;370
239;371
239;372
239;373
239;374
239;375
239;376
239;377
239;378
239;379
239;380
239;381
239;382
239;383
239;384
239;385
239;386
239;387
239;388
239;389
239;390
239;391
239;392
239;393
239;435
239;436
239;437
239;438
239;439
239;440
239;441
239;442
239;443
239;444
239;445
239;446
239;447
239;448
239;449
239;450
239;451
239;452
239;453
239;454
239;455
240;9
240;10
240;11
240;12
240;13
240;14
240;15
240;16
240;17
240;18
240;19
240;20
240;21
240;22
240;23
240;24
240;25
240;26
240;27
240;28
240;29
240;30
240;31
240;32
240;33
240;34
240;35
240;36
240;37
240;38
240;117
240;118
240;119
240;120
240;121
240;122
240;123
240;124
240;125
240;126
240;127
240;128
240;129
240;130
240;131
240;132
240;133
240;134
240;135
240;136
240;137
240;138
240;139
240;140
240;141
240;142
240;143
240;144
240;145
240;146
240;147
240;148
240;149
240;150
240;151
240;152
240;153
240;154
240;155
240;156
240;157
240;158
240;159
240;160
240;161
240;162
240;163
240;164
240;165
240;166
240;167
240;276
240;277
240;278
240;279
240;280
240;281
240;282
240;283
240;284
240;285
240;286
240;287
240;288
240;289
240;290
240;291
240;292
240;293
240;294
240;295
240;296
240;297
240;298
240;299
240;300
240;301
240;302
240;303
240;304
240;305
240;306
240;307
240;308
240;309
240;310
240;311
240;312
240;313
240;314
240;315
240;316
240;317
240;318
240;319
240;320
240;321
240;322
240;323
240;324
240;325
240;326
240;327
240;328
240;329
240;330
240;331
240;332
240;333
240;334
240;335
240;336
240;337
240;338
240;339
240;340
240;341
240;342
240;343
240;344
240;345
240;346
240;347
240;348
240;349
240;350
240;351
240;352
240;353
240;354
240;355
240;356
240;357
240;358
240;359
240;360
240;361
240;362
240;363
240;364
240;365
240;366
240;367
240;368
240;369
240;370
240;371
240;372
240;373
240;374
240;375
240;376
240;377
240;378
240;379
240;380
240;381
240;382
240;383
240;384
240;385
240;386
240;387
240;388
240;389
240;390
240;391
240;392
240;393
240;431
240;432
240;433
240;434
240;435
240;436
240;437
240;438
240;439
240;440
240;441
240;442
240;443
240;444
240;445
240;446
240;447
240;448
240;449
240;450
240;451
240;452
240;453
240;454
240;455
240;456
240;457
241;9
241;10
241;11
241;12
241;13
241;14
241;15
241;16
241;17
241;18
241;19
241;20
241;21
241;22
241;23
241;24
241;25
241;26
241;27
241;28
241;29
241;30
241;31
241;32
241;33
241;34
241;35
241;36
241;37
241;38
241;39
241;115
241;116
241;117
241;118
241;119
241;120
241;121
241;122
241;123
241;124
241;125
241;126
241;127
241;128
241;129
241;130
241;131
241;132
241;133
241;134
241;135
241;136
241;137
241;138
241;139
241;140
241;141
241;142
241;143
241;144
241;145
241;146
241;147
241;148
241;149
241;150
241;151
241;152
241;153
241;154
241;155
241;156
241;157
241;158
241;159
241;160
241;161
241;162
241;163
241;164
241;165
241;166
241;167
241;276
241;277
241;278
241;279
241;280
241;281
241;282
241;283
241;284
241;285
241;286
241;287
241;288
241;289
241;290
241;291
241;292
241;293
241;294
241;295
241;296
241;297
241;298
241;299
241;300
241;301
241;302
241;303
241;304
241;305
241;306
241;307
241;308
241;309
241;310
241;311
241;312
241;313
241;314
241;315
241;316
241;317
241;318
241;319
241;320
241;321
241;322
241;323
241;324
241;325
241;326
241;327
241;328
241;329
241;330
241;331
241;332
241;333
241;334
241;335
241;336
241;337
241;338
241;339
241;340
241;341
241;342
241;343
241;344
241;345
241;346
241;347
241;348
241;349
241;350
241;351
241;352
241;353
241;354
241;355
241;356
241;357
241;358
241;359
241;360
241;361
241;362
241;363
241;364
241;365
241;366
241;367
241;368
241;369
241;370
241;371
241;372
241;373
241;374
241;375
241;376
241;377
241;378
241;379
241;380
241;381
241;382
241;383
241;384
241;385
241;386
241;387
241;388
241;389
241;390
241;391
241;392
241;393
241;394
241;431
241;432
241;433
241;434
241;435
241;436
241;437
241;438
241;439
241;440
241;441
241;442
241;443
241;444
241;445
241;446
241;447
241;448
241;449
241;450
241;451
241;452
241;453
241;454
241;455
241;456
241;457
241;458
241;459
242;9
242;10
242;11
242;12
242;13
242;14
242;15
242;16
242;17
242;18
242;19
242;20
242;21
242;22
242;23
242;24
242;25
242;26
242;27
242;28
242;29
242;30
242;31
242;32
242;33
242;34
242;35
242;36
242;37
242;38
242;39
242;40
242;115
242;116
242;117
242;118
242;119
242;120
242;121
242;122
242;123
242;124
242;125
242;126
242;127
242;128
242;129
242;130
242;131
242;132
242;133
242;134
242;135
242;136
242;137
242;138
242;139
242;140
242;141
242;142
242;143
242;144
242;145
242;146
242;147
242;148
242;149
242;150
242;151
242;152
242;153
242;154
242;155
242;156
242;157
242;158
242;159
242;160
242;161
242;162
242;163
242;164
242;165
242;166
242;167
242;168
242;169
242;276
242;277
242;278
242;279
242;280
242;281
242;282
242;283
242;284
242;285
242;286
242;287
242;288
242;289
242;290
242;291
242;292
242;293
242;294
242;295
242;296
242;297
242;298
242;299
242;300
242;301
242;302
242;303
242;304
242;305
242;306
242;307
242;308
242;309
242;310
242;311
242;312
242;313
242;314
242;315
242;316
242;317
242;318
242;319
242;320
242;321
242;322
242;323
242;324
242;325
242;326
242;327
242;328
242;329
242;330
242;331
242;332
242;333
242;334
242;335
242;336
242;337
242;338
242;339
242;340
242;341
242;342
242;343
242;344
242;345
242;346
242;347
242;348
242;349
242;350
242;351
242;352
242;353
242;354
242;355
242;356
242;357
242;358
242;359
242;360
242;361
242;362
242;363
242;364
242;365
242;366
242;367
242;368
242;369
242;370
242;371
242;372
242;373
242;374
242;375
242;376
242;377
242;378
242;379
242;380
242;381
242;382
242;383
242;384
242;385
242;386
242;387
242;388
242;389
242;390
242;391
242;392
242;393
242;394
242;395
242;429
242;430
242;431
242;432
242;433
242;434
242;435
242;436
242;437
242;438
242;439
242;440
242;441
242;442
242;443
242;444
242;445
242;446
242;447
242;448
242;449
242;450
242;451
242;452
242;453
242;454
242;455
242;456
242;457
242;458
242;459
242;460
242;461
243;8
243;9
243;10
243;11
243;12
243;13
243;14
243;15
243;16
243;17
243;18
243;19
243;20
243;21
243;22
243;23
243;24
243;25
243;26
243;27
243;28
243;29
243;30
243;31
243;32
243;33
243;34
243;35
243;36
243;37
243;38
243;39
243;40
243;41
243;113
243;114
243;115
243;116
243;117
243;118
243;119
243;120
243;121
243;122
243;123
243;124
243;125
243;126
243;127
243;128
243;129
243;130
243;131
243;132
243;133
243;134
243;135
243;136
243;137
243;138
243;139
243;140
243;141
243;142
243;143
243;144
243;145
243;146
243;147
243;148
243;149
243;150
243;151
243;152
243;153
243;154
243;155
243;156
243;157
243;158
243;159
243;160
243;161
243;162
243;163
243;164
243;165
243;166
243;167
243;168
243;169
243;170
243;171
243;277
243;278
243;279
243;280
243;281
243;282
243;283
243;284
243;285
243;286
243;287
243;288
243;289
243;290
243;291
243;292
243;293
243;294
243;295
243;296
243;297
243;298
243;299
243;300
243;301
243;302
243;303
243;304
243;305
243;306
243;307
243;308
243;309
243;310
243;311
243;312
243;313
243;314
243;315
243;316
243;317
243;318
243;319
243;320
243;321
243;322
243;323
243;324
243;325
243;326
243;327
243;328
243;329
243;330
243;331
243;332
243;333
243;334
243;335
243;336
243;337
243;338
243;339
243;340
243;341
243;342
243;343
243;344
243;345
243;346
243;347
243;348
243;349
243;350
243;351
243;352
243;353
243;354
243;355
243;356
243;357
243;358
243;359
243;360
243;361
243;362
243;363
243;364
243;365
243;366
243;367
243;368
243;369
243;370
243;371
243;372
243;373
243;374
243;375
243;376
243;377
243;378
243;379
243;380
243;381
243;382
243;383
243;384
243;385
243;386
243;387
243;388
243;389
243;390
243;391
243;392
243;393
243;394
243;395
243;396
243;427
243;428
243;429
243;430
243;431
243;432
243;433
243;434
243;435
243;436
243;437
243;438
243;439
243;440
243;441
243;442
243;443
243;444
243;445
243;446
243;447
243;448
243;449
243;450
243;451
243;452
243;453
243;454
243;455
243;456
243;457
243;458
243;459
243;460
243;461
244;8
244;9
244;10
244;11
244;12
244;13
244;14
244;15
244;16
244;17
244;18
244;19
244;20
244;21
244;22
244;23
244;24
244;25
244;26
244;27
244;28
244;29
244;30
244;31
244;32
244;33
244;34
244;35
244;36
244;37
244;38
244;39
244;40
244;41
244;42
244;113
244;114
244;115
244;116
244;117
244;118
244;119
244;120
244;121
244;122
244;123
244;124
244;125
244;126
244;127
244;128
244;129
244;130
244;131
244;132
244;133
244;134
244;135
244;136
244;137
244;138
244;139
244;140
244;141
244;142
244;143
244;144
244;145
244;146
244;147
244;148
244;149
244;150
244;151
244;152
244;153
244;154
244;155
244;156
244;157
244;158
244;159
244;160
244;161
244;162
244;163
244;164
244;165
244;166
244;167
244;168
244;169
244;170
244;171
244;172
244;277
244;278
244;279
244;280
244;281
244;282
244;283
244;284
244;285
244;286
244;287
244;288
244;289
244;290
244;291
244;292
244;293
244;294
244;295
244;296
244;297
244;298
244;299
244;300
244;301
244;302
244;303
244;304
244;305
244;306
244;307
244;308
244;309
244;310
244;311
244;312
244;313
244;314
244;315
244;316
244;317
244;318
244;319
244;320
244;321
244;322
244;323
244;324
244;325
244;326
244;327
244;328
244;329
244;330
244;331
244;332
244;333
244;334
244;335
244;336
244;337
244;338
244;339
244;340
244;341
244;342
244;343
244;344
244;345
244;346
244;347
244;348
244;349
244;350
244;351
244;352
244;353
244;354
244;355
244;356
244;357
244;358
244;359
244;360
244;361
244;362
244;363
244;364
244;365
244;366
244;367
244;368
244;369
244;370
244;371
244;372
244;373
244;374
244;375
244;376
244;377
244;378
244;379
244;380
244;381
244;382
244;383
244;384
244;385
244;386
244;387
244;388
244;389
244;390
244;391
244;392
244;393
244;394
244;395
244;396
244;397
244;426
244;427
244;428
244;429
244;430
244;431
244;432
244;433
244;434
244;435
244;436
244;437
244;438
244;439
244;440
244;441
244;442
244;443
244;444
244;445
244;446
244;447
244;448
244;449
244;450
244;451
244;452
244;453
244;454
244;455
244;456
244;457
244;458
244;459
244;460
244;461
244;462
244;463
244;535
245;7
245;8
245;9
245;10
245;11
245;12
245;13
245;14
245;15
245;16
245;17
245;18
245;19
245;20
245;21
245;22
245;23
245;24
245;25
245;26
245;27
245;28
245;29
245;30
245;31
245;32
245;33
245;34
245;35
245;36
245;37
245;38
245;39
245;40
245;41
245;42
245;43
245;112
245;113
245;114
245;115
245;116
245;117
245;118
245;119
245;120
245;121
245;122
245;123
245;124
245;125
245;126
245;127
245;128
245;129
245;130
245;131
245;132
245;133
245;134
245;135
245;136
245;137
245;138
245;139
245;140
245;141
245;142
245;143
245;144
245;145
245;146
245;147
245;148
245;149
245;150
245;151
245;152
245;153
245;154
245;155
245;156
245;157
245;158
245;159
245;160
245;161
245;162
245;163
245;164
245;165
245;166
245;167
245;168
245;169
245;170
245;171
245;172
245;173
245;278
245;279
245;280
245;281
245;282
245;283
245;284
245;285
245;286
245;287
245;288
245;289
245;290
245;291
245;292
245;293
245;294
245;295
245;296
245;297
245;298
245;299
245;300
245;301
245;302
245;303
245;304
245;305
245;306
245;307
245;308
245;309
245;310
245;311
245;312
245;313
245;314
245;315
245;316
245;317
245;318
245;319
245;320
245;321
245;322
245;323
245;324
245;325
245;326
245;327
245;328
245;329
245;330
245;331
245;332
245;333
245;334
245;335
245;336
245;337
245;338
245;339
245;340
245;341
245;342
245;343
245;344
245;345
245;346
245;347
245;348
245;349
245;350
245;351
245;352
245;353
245;354
245;355
245;356
245;357
245;358
245;359
245;360
245;361
245;362
245;363
245;364
245;365
245;366
245;367
245;368
245;369
245;370
245;371
245;372
245;373
245;374
245;375
245;376
245;377
245;378
245;379
245;380
245;381
245;382
245;383
245;384
245;385
245;386
245;387
245;388
245;389
245;390
245;391
245;392
245;393
245;394
245;395
245;396
245;397
245;425
245;426
245;427
245;428
245;429
245;430
245;431
245;432
245;433
245;434
245;435
245;436
245;437
245;438
245;439
245;440
245;441
245;442
245;443
245;444
245;445
245;446
245;447
245;448
245;449
245;450
245;451
245;452
245;453
245;454
245;455
245;456
245;457
245;458
245;459
245;460
245;461
245;462
245;463
245;464
245;533
245;534
245;535
245;536
246;7
246;8
246;9
246;10
246;11
246;12
246;13
246;14
246;15
246;16
246;17
246;18
246;19
246;20
246;21
246;22
246;23
246;24
246;25
246;26
246;27
246;28
246;29
246;30
246;31
246;32
246;33
246;34
246;35
246;36
246;37
246;38
246;39
246;40
246;41
246;42
246;43
246;44
246;111
246;112
246;113
246;114
246;115
246;116
246;117
246;118
246;119
246;120
246;121
246;122
246;123
246;124
246;125
246;126
246;127
246;128
246;129
246;130
246;131
246;132
246;133
246;134
246;135
246;136
246;137
246;138
246;139
246;140
246;141
246;142
246;143
246;144
246;145
246;146
246;147
246;148
246;149
246;150
246;151
246;152
246;153
246;154
246;155
246;156
246;157
246;158
246;159
246;160
246;161
246;162
246;163
246;164
246;165
246;166
246;167
246;168
246;169
246;170
246;171
246;172
246;173
246;278
246;279
246;280
246;281
246;282
246;283
246;284
246;285
246;286
246;287
246;288
246;289
246;290
246;291
246;292
246;293
246;294
246;295
246;296
246;297
246;298
246;299
246;300
246;301
246;302
246;303
246;304
246;305
246;306
246;307
246;308
246;309
246;310
246;311
246;312
246;313
246;314
246;315
246;316
246;317
246;318
246;319
246;320
246;321
246;322
246;323
246;324
246;325
246;326
246;327
246;328
246;329
246;330
246;331
246;332
246;333
246;334
246;335
246;336
246;337
246;338
246;339
246;340
246;341
246;342
246;343
246;344
246;345
246;346
246;347
246;348
246;349
246;350
246;351
246;352
246;353
246;354
246;355
246;356
246;357
246;358
246;359
246;360
246;361
246;362
246;363
246;364
246;365
246;366
246;367
246;368
246;369
246;370
246;371
246;372
246;373
246;374
246;375
246;376
246;377
246;378
246;379
246;380
246;381
246;382
246;383
246;384
246;385
246;386
246;387
246;388
246;389
246;390
246;391
246;392
246;393
246;394
246;395
246;396
246;397
246;398
246;424
246;425
246;426
246;427
246;428
246;429
246;430
246;431
246;432
246;433
246;434
246;435
246;436
246;437
246;438
246;439
246;440
246;441
246;442
246;443
246;444
246;445
246;446
246;447
246;448
246;449
246;450
246;451
246;452
246;453
246;454
246;455
246;456
246;457
246;458
246;459
246;460
246;461
246;462
246;463
246;464
246;465
246;529
246;530
246;531
246;532
246;533
246;534
246;535
246;536
247;7
247;8
247;9
247;10
247;11
247;12
247;13
247;14
247;15
247;16
247;17
247;18
247;19
247;20
247;21
247;22
247;23
247;24
247;25
247;26
247;27
247;28
247;29
247;30
247;31
247;32
247;33
247;34
247;35
247;36
247;37
247;38
247;39
247;40
247;41
247;42
247;43
247;44
247;45
247;110
247;111
247;112
247;113
247;114
247;115
247;116
247;117
247;118
247;119
247;120
247;121
247;122
247;123
247;124
247;125
247;126
247;127
247;128
247;129
247;130
247;131
247;132
247;133
247;134
247;135
247;136
247;137
247;138
247;139
247;140
247;141
247;142
247;143
247;144
247;145
247;146
247;147
247;148
247;149
247;150
247;151
247;152
247;153
247;154
247;155
247;156
247;157
247;158
247;159
247;160
247;161
247;162
247;163
247;164
247;165
247;166
247;167
247;168
247;169
247;170
247;171
247;172
247;279
247;280
247;281
247;282
247;283
247;284
247;285
247;286
247;287
247;288
247;289
247;290
247;291
247;292
247;293
247;294
247;295
247;296
247;297
247;298
247;299
247;300
247;301
247;302
247;303
247;304
247;305
247;306
247;307
247;308
247;309
247;310
247;311
247;312
247;313
247;314
247;315
247;316
247;317
247;318
247;319
247;320
247;321
247;322
247;323
247;324
247;325
247;326
247;327
247;328
247;329
247;330
247;331
247;332
247;333
247;334
247;335
247;336
247;337
247;338
247;339
247;340
247;341
247;342
247;343
247;344
247;345
247;346
247;347
247;348
247;349
247;350
247;351
247;352
247;353
247;354
247;355
247;356
247;357
247;358
247;359
247;360
247;361
247;362
247;363
247;364
247;365
247;366
247;367
247;368
247;369
247;370
247;371
247;372
247;373
247;374
247;375
247;376
247;377
247;378
247;379
247;380
247;381
247;382
247;383
247;384
247;385
247;386
247;387
247;388
247;389
247;390
247;391
247;392
247;393
247;394
247;395
247;396
247;397
247;398
247;399
247;423
247;424
247;425
247;426
247;427
247;428
247;429
247;430
247;431
247;432
247;433
247;434
247;435
247;436
247;437
247;438
247;439
247;440
247;441
247;442
247;443
247;444
247;445
247;446
247;447
247;448
247;449
247;450
247;451
247;452
247;453
247;454
247;455
247;456
247;457
247;458
247;459
247;460
247;461
247;462
247;463
247;464
247;465
247;525
247;527
247;528
247;529
247;530
247;531
247;532
247;533
247;534
247;535
247;536
248;6
248;7
248;8
248;9
248;10
248;11
248;12
248;13
248;14
248;15
248;16
248;17
248;18
248;19
248;20
248;21
248;22
248;23
248;24
248;25
248;26
248;27
248;28
248;29
248;30
248;31
248;32
248;33
248;34
248;35
248;36
248;37
248;38
248;39
248;40
248;41
248;42
248;43
248;44
248;45
248;46
248;109
248;110
248;111
248;112
248;113
248;114
248;115
248;116
248;117
248;118
248;119
248;120
248;121
248;122
248;123
248;124
248;125
248;126
248;127
248;128
248;129
248;130
248;131
248;132
248;133
248;134
248;135
248;136
248;137
248;138
248;139
248;140
248;141
248;142
248;143
248;144
248;145
248;146
248;147
248;148
248;149
248;150
248;151
248;152
248;153
248;154
248;155
248;156
248;157
248;158
248;159
248;160
248;161
248;162
248;163
248;164
248;165
248;166
248;167
248;168
248;169
248;170
248;171
248;279
248;280
248;281
248;282
248;283
248;284
248;285
248;286
248;287
248;288
248;289
248;290
248;291
248;292
248;293
248;294
248;295
248;296
248;297
248;298
248;299
248;300
248;301
248;302
248;303
248;304
248;305
248;306
248;307
248;308
248;309
248;310
248;311
248;312
248;313
248;314
248;315
248;316
248;317
248;318
248;319
248;320
248;321
248;322
248;323
248;324
248;325
248;326
248;327
248;328
248;329
248;330
248;331
248;332
248;333
248;334
248;335
248;336
248;337
248;338
248;339
248;340
248;341
248;342
248;343
248;344
248;345
248;346
248;347
248;348
248;349
248;350
248;351
248;352
248;353
248;354
248;355
248;356
248;357
248;358
248;359
248;360
248;361
248;362
248;363
248;364
248;365
248;366
248;367
248;368
248;369
248;370
248;371
248;372
248;373
248;374
248;375
248;376
248;377
248;378
248;379
248;380
248;381
248;382
248;383
248;384
248;385
248;386
248;387
248;388
248;389
248;390
248;391
248;392
248;393
248;394
248;395
248;396
248;397
248;398
248;399
248;400
248;423
248;424
248;425
248;426
248;427
248;428
248;429
248;430
248;431
248;432
248;433
248;434
248;435
248;436
248;437
248;438
248;439
248;440
248;441
248;442
248;443
248;444
248;445
248;446
248;447
248;448
248;449
248;450
248;451
248;452
248;453
248;454
248;455
248;456
248;457
248;458
248;459
248;460
248;461
248;462
248;463
248;464
248;465
248;466
248;467
248;523
248;524
248;525
248;526
248;527
248;528
248;529
248;530
248;531
248;532
248;533
248;534
248;535
248;536
249;6
249;7
249;8
249;9
249;10
249;11
249;12
249;13
249;14
249;15
249;16
249;17
249;18
249;19
249;20
249;21
249;22
249;23
249;24
249;25
249;26
249;27
249;28
249;29
249;30
249;31
249;32
249;33
249;34
249;35
249;36
249;37
249;38
249;39
249;40
249;41
249;42
249;43
249;44
249;45
249;46
249;47
249;108
249;109
249;110
249;111
249;112
249;113
249;114
249;115
249;116
249;117
249;118
249;119
249;120
249;121
249;122
249;123
249;124
249;125
249;126
249;127
249;128
249;129
249;130
249;131
249;132
249;133
249;134
249;135
249;136
249;137
249;138
249;139
249;140
249;141
249;142
249;143
249;144
249;145
249;146
249;147
249;148
249;149
249;150
249;151
249;152
249;153
249;154
249;155
249;156
249;157
249;158
249;159
249;160
249;161
249;162
249;163
249;164
249;165
249;166
249;167
249;168
249;169
249;170
249;280
249;281
249;282
249;283
249;284
249;285
249;286
249;287
249;288
249;289
249;290
249;291
249;292
249;293
249;294
249;295
249;296
249;297
249;298
249;299
249;300
249;301
249;302
249;303
249;304
249;305
249;306
249;307
249;308
249;309
249;310
249;311
249;312
249;313
249;314
249;315
249;316
249;317
249;318
249;319
249;320
249;321
249;322
249;323
249;324
249;325
249;326
249;327
249;328
249;329
249;330
249;331
249;332
249;333
249;334
249;335
249;336
249;337
249;338
249;339
249;340
249;341
249;342
249;343
249;344
249;345
249;346
249;347
249;348
249;349
249;350
249;351
249;352
249;353
249;354
249;355
249;356
249;357
249;358
249;359
249;360
249;361
249;362
249;363
249;364
249;365
249;366
249;367
249;368
249;369
249;370
249;371
249;372
249;373
249;374
249;375
249;376
249;377
249;378
249;379
249;380
249;381
249;382
249;383
249;384
249;385
249;386
249;387
249;388
249;389
249;390
249;391
249;392
249;393
249;394
249;395
249;396
249;397
249;398
249;399
249;400
249;401
249;422
249;423
249;424
249;425
249;426
249;427
249;428
249;429
249;430
249;431
249;432
249;433
249;434
249;435
249;436
249;437
249;438
249;439
249;440
249;441
249;442
249;443
249;444
249;445
249;446
249;447
249;448
249;449
249;450
249;451
249;452
249;453
249;454
249;455
249;456
249;457
249;458
249;459
249;460
249;461
249;462
249;463
249;464
249;465
249;466
249;467
249;519
249;520
249;521
249;522
249;523
249;524
249;525
249;526
249;527
249;528
249;529
249;530
249;531
249;532
249;533
249;534
249;535
249;536
250;5
250;6
250;7
250;8
250;9
250;10
250;11
250;12
250;13
250;14
250;15
250;16
250;17
250;18
250;19
250;20
250;21
250;22
250;23
250;24
250;25
250;26
250;27
250;28
250;29
250;30
250;31
250;32
250;33
250;34
250;35
250;36
250;37
250;38
250;39
250;40
250;41
250;42
250;43
250;44
250;45
250;46
250;47
250;48
250;107
250;108
250;109
250;110
250;111
250;112
250;113
250;114
250;115
250;116
250;117
250;118
250;119
250;120
250;121
250;122
250;123
250;124
250;125
250;126
250;127
250;128
250;129
250;130
250;131
250;132
250;133
250;134
250;135
250;136
250;137
250;138
250;139
250;140
250;141
250;142
250;143
250;144
250;145
250;146
250;147
250;148
250;149
250;150
250;151
250;152
250;153
250;154
250;155
250;156
250;157
250;158
250;159
250;160
250;161
250;162
250;163
250;164
250;165
250;166
250;167
250;168
250;169
250;280
250;281
250;282
250;283
250;284
250;285
250;286
250;287
250;288
250;289
250;290
250;291
250;292
250;293
250;294
250;295
250;296
250;297
250;298
250;299
250;300
250;301
250;302
250;303
250;304
250;305
250;306
250;307
250;308
250;309
250;310
250;311
250;312
250;313
250;314
250;315
250;316
250;317
250;318
250;319
250;320
250;321
250;322
250;323
250;324
250;325
250;326
250;327
250;328
250;329
250;330
250;331
250;332
250;333
250;334
250;335
250;336
250;337
250;338
250;339
250;340
250;341
250;342
250;343
250;344
250;345
250;346
250;347
250;348
250;349
250;350
250;351
250;352
250;353
250;354
250;355
250;356
250;357
250;358
250;359
250;360
250;361
250;362
250;363
250;364
250;365
250;366
250;367
250;368
250;369
250;370
250;371
250;372
250;373
250;374
250;375
250;376
250;377
250;378
250;379
250;380
250;381
250;382
250;383
250;384
250;385
250;386
250;387
250;388
250;389
250;390
250;391
250;392
250;393
250;394
250;395
250;396
250;397
250;398
250;399
250;400
250;401
250;421
250;422
250;423
250;424
250;425
250;426
250;427
250;428
250;429
250;430
250;431
250;432
250;433
250;434
250;435
250;436
250;437
250;438
250;439
250;440
250;441
250;442
250;443
250;444
250;445
250;446
250;447
250;448
250;449
250;450
250;451
250;452
250;453
250;454
250;455
250;456
250;457
250;458
250;459
250;460
250;461
250;462
250;463
250;464
250;465
250;466
250;467
250;515
250;517
250;518
250;519
250;520
250;521
250;522
250;523
250;524
250;525
250;526
250;527
250;528
250;529
250;530
250;531
250;532
250;533
250;534
250;535
250;536
251;5
251;6
251;7
251;8
251;9
251;10
251;11
251;12
251;13
251;14
251;15
251;16
251;17
251;18
251;19
251;20
251;21
251;22
251;23
251;24
251;25
251;26
251;27
251;28
251;29
251;30
251;31
251;32
251;33
251;34
251;35
251;36
251;37
251;38
251;39
251;40
251;41
251;42
251;43
251;44
251;45
251;46
251;47
251;48
251;49
251;106
251;107
251;108
251;109
251;110
251;111
251;112
251;113
251;114
251;115
251;116
251;117
251;118
251;119
251;120
251;121
251;122
251;123
251;124
251;125
251;126
251;127
251;128
251;129
251;130
251;131
251;132
251;133
251;134
251;135
251;136
251;137
251;138
251;139
251;140
251;141
251;142
251;143
251;144
251;145
251;146
251;147
251;148
251;149
251;150
251;151
251;152
251;153
251;154
251;155
251;156
251;157
251;158
251;159
251;160
251;161
251;162
251;163
251;164
251;165
251;166
251;167
251;168
251;281
251;282
251;283
251;284
251;285
251;286
251;287
251;288
251;289
251;290
251;291
251;292
251;293
251;294
251;295
251;296
251;297
251;298
251;299
251;300
251;301
251;302
251;303
251;304
251;305
251;306
251;307
251;308
251;309
251;310
251;311
251;312
251;313
251;314
251;315
251;316
251;317
251;318
251;319
251;320
251;321
251;322
251;323
251;324
251;325
251;326
251;327
251;328
251;329
251;330
251;331
251;332
251;333
251;334
251;335
251;336
251;337
251;338
251;339
251;340
251;341
251;342
251;343
251;344
251;345
251;346
251;347
251;348
251;349
251;350
251;351
251;352
251;353
251;354
251;355
251;356
251;357
251;358
251;359
251;360
251;361
251;362
251;363
251;364
251;365
251;366
251;367
251;368
251;369
251;370
251;371
251;372
251;373
251;374
251;375
251;376
251;377
251;378
251;379
251;380
251;381
251;382
251;383
251;384
251;385
251;386
251;387
251;388
251;389
251;390
251;391
251;392
251;393
251;394
251;395
251;396
251;397
251;398
251;399
251;400
251;401
251;402
251;421
251;422
251;423
251;424
251;425
251;426
251;427
251;428
251;429
251;430
251;431
251;432
251;433
251;434
251;435
251;436
251;437
251;438
251;439
251;440
251;441
251;442
251;443
251;444
251;445
251;446
251;447
251;448
251;449
251;450
251;451
251;452
251;453
251;454
251;455
251;456
251;457
251;458
251;459
251;460
251;461
251;462
251;463
251;464
251;465
251;466
251;467
251;468
251;513
251;514
251;515
251;516
251;517
251;518
251;519
251;520
251;521
251;522
251;523
251;524
251;525
251;526
251;527
251;528
251;529
251;530
251;531
251;532
251;533
251;534
251;535
251;536
252;5
252;6
252;7
252;8
252;9
252;10
252;11
252;12
252;13
252;14
252;15
252;16
252;17
252;18
252;19
252;20
252;21
252;22
252;23
252;24
252;25
252;26
252;27
252;28
252;29
252;30
252;31
252;32
252;33
252;34
252;35
252;36
252;37
252;38
252;39
252;40
252;41
252;42
252;43
252;44
252;45
252;46
252;47
252;48
252;49
252;50
252;108
252;109
252;110
252;111
252;112
252;113
252;114
252;115
252;116
252;117
252;118
252;119
252;120
252;121
252;122
252;123
252;124
252;125
252;126
252;127
252;128
252;129
252;130
252;131
252;132
252;133
252;134
252;135
252;136
252;137
252;138
252;139
252;140
252;141
252;142
252;143
252;144
252;145
252;146
252;147
252;148
252;149
252;150
252;151
252;152
252;153
252;154
252;155
252;156
252;157
252;158
252;159
252;160
252;161
252;162
252;163
252;164
252;165
252;166
252;167
252;282
252;283
252;284
252;285
252;286
252;287
252;288
252;289
252;290
252;291
252;292
252;293
252;294
252;295
252;296
252;297
252;298
252;299
252;300
252;301
252;302
252;303
252;304
252;305
252;306
252;307
252;308
252;309
252;310
252;311
252;312
252;313
252;314
252;315
252;316
252;317
252;318
252;319
252;320
252;321
252;322
252;323
252;324
252;325
252;326
252;327
252;328
252;329
252;330
252;331
252;332
252;333
252;334
252;335
252;336
252;337
252;338
252;339
252;340
252;341
252;342
252;343
252;344
252;345
252;346
252;347
252;348
252;349
252;350
252;351
252;352
252;353
252;354
252;355
252;356
252;357
252;358
252;359
252;360
252;361
252;362
252;363
252;364
252;365
252;366
252;367
252;368
252;369
252;370
252;371
252;372
252;373
252;374
252;375
252;376
252;377
252;378
252;379
252;380
252;381
252;382
252;383
252;384
252;385
252;386
252;387
252;388
252;389
252;390
252;391
252;392
252;393
252;394
252;395
252;396
252;397
252;398
252;399
252;400
252;401
252;402
252;403
252;421
252;422
252;423
252;424
252;425
252;426
252;427
252;428
252;429
252;430
252;431
252;432
252;433
252;434
252;435
252;436
252;437
252;438
252;439
252;440
252;441
252;442
252;443
252;444
252;445
252;446
252;447
252;448
252;449
252;450
252;451
252;452
252;453
252;454
252;455
252;456
252;457
252;458
252;459
252;460
252;461
252;462
252;463
252;464
252;465
252;466
252;467
252;468
252;469
252;509
252;510
252;511
252;512
252;513
252;514
252;515
252;516
252;517
252;518
252;519
252;520
252;521
252;522
252;523
252;524
252;525
252;526
252;527
252;528
252;529
252;530
252;531
252;532
252;533
252;534
252;535
252;536
253;4
253;5
253;6
253;7
253;8
253;9
253;10
253;11
253;12
253;13
253;14
253;15
253;16
253;17
253;18
253;19
253;20
253;21
253;22
253;23
253;24
253;25
253;26
253;27
253;28
253;29
253;30
253;31
253;32
253;33
253;34
253;35
253;36
253;37
253;38
253;39
253;40
253;41
253;42
253;43
253;44
253;45
253;46
253;47
253;48
253;49
253;50
253;51
253;108
253;109
253;110
253;111
253;112
253;113
253;114
253;115
253;116
253;117
253;118
253;119
253;120
253;121
253;122
253;123
253;124
253;125
253;126
253;127
253;128
253;129
253;130
253;131
253;132
253;133
253;134
253;135
253;136
253;137
253;138
253;139
253;140
253;141
253;142
253;143
253;144
253;145
253;146
253;147
253;148
253;149
253;150
253;151
253;152
253;153
253;154
253;155
253;156
253;157
253;158
253;159
253;160
253;161
253;162
253;163
253;164
253;165
253;166
253;282
253;283
253;284
253;285
253;286
253;287
253;288
253;289
253;290
253;291
253;292
253;293
253;294
253;295
253;296
253;297
253;298
253;299
253;300
253;301
253;302
253;303
253;304
253;305
253;306
253;307
253;308
253;309
253;310
253;311
253;312
253;313
253;314
253;315
253;316
253;317
253;318
253;319
253;320
253;321
253;322
253;323
253;324
253;325
253;326
253;327
253;328
253;329
253;330
253;331
253;332
253;333
253;334
253;335
253;336
253;337
253;338
253;339
253;340
253;341
253;342
253;343
253;344
253;345
253;346
253;347
253;348
253;349
253;350
253;351
253;352
253;353
253;354
253;355
253;356
253;357
253;358
253;359
253;360
253;361
253;362
253;363
253;364
253;365
253;366
253;367
253;368
253;369
253;370
253;371
253;372
253;373
253;374
253;375
253;376
253;377
253;378
253;379
253;380
253;381
253;382
253;383
253;384
253;385
253;386
253;387
253;388
253;389
253;390
253;391
253;392
253;393
253;394
253;395
253;396
253;397
253;398
253;399
253;400
253;401
253;402
253;403
253;420
253;421
253;422
253;423
253;424
253;425
253;426
253;427
253;428
253;429
253;430
253;431
253;432
253;433
253;434
253;435
253;436
253;437
253;438
253;439
253;440
253;441
253;442
253;443
253;444
253;445
253;446
253;447
253;448
253;449
253;450
253;451
253;452
253;453
253;454
253;455
253;456
253;457
253;458
253;459
253;460
253;461
253;462
253;463
253;464
253;465
253;466
253;467
253;468
253;469
253;505
253;507
253;508
253;509
253;510
253;511
253;512
253;513
253;514
253;515
253;516
253;517
253;518
253;519
253;520
253;521
253;522
253;523
253;524
253;525
253;526
253;527
253;528
253;529
253;530
253;531
253;532
253;533
253;534
253;535
253;536
254;3
254;4
254;5
254;6
254;7
254;8
254;9
254;10
254;11
254;12
254;13
254;14
254;15
254;16
254;17
254;18
254;19
254;20
254;21
254;22
254;23
254;24
254;25
254;26
254;27
254;28
254;29
254;30
254;31
254;32
254;33
254;34
254;35
254;36
254;37
254;38
254;39
254;40
254;41
254;42
254;43
254;44
254;45
254;46
254;47
254;48
254;49
254;50
254;51
254;110
254;111
254;112
254;113
254;114
254;115
254;116
254;117
254;118
254;119
254;120
254;121
254;122
254;123
254;124
254;125
254;126
254;127
254;128
254;129
254;130
254;131
254;132
254;133
254;134
254;135
254;136
254;137
254;138
254;139
254;140
254;141
254;142
254;143
254;144
254;145
254;146
254;147
254;148
254;149
254;150
254;151
254;152
254;153
254;154
254;155
254;156
254;157
254;158
254;159
254;160
254;161
254;162
254;163
254;164
254;165
254;166
254;284
254;285
254;286
254;287
254;288
254;289
254;290
254;291
254;292
254;293
254;294
254;295
254;296
254;297
254;298
254;299
254;300
254;301
254;302
254;303
254;304
254;305
254;306
254;307
254;308
254;309
254;310
254;311
254;312
254;313
254;314
254;315
254;316
254;317
254;318
254;319
254;320
254;321
254;322
254;323
254;324
254;325
254;326
254;327
254;328
254;329
254;330
254;331
254;332
254;333
254;334
254;335
254;336
254;337
254;338
254;339
254;340
254;341
254;342
254;343
254;344
254;345
254;346
254;347
254;348
254;349
254;350
254;351
254;352
254;353
254;354
254;355
254;356
254;357
254;358
254;359
254;360
254;361
254;362
254;363
254;364
254;365
254;366
254;367
254;368
254;369
254;370
254;371
254;372
254;373
254;374
254;375
254;376
254;377
254;378
254;379
254;380
254;381
254;382
254;383
254;384
254;385
254;386
254;387
254;388
254;389
254;390
254;391
254;392
254;393
254;394
254;395
254;396
254;397
254;398
254;399
254;400
254;401
254;402
254;403
254;404
254;405
254;420
254;421
254;422
254;423
254;424
254;425
254;426
254;427
254;428
254;429
254;430
254;431
254;432
254;433
254;434
254;435
254;436
254;437
254;438
254;439
254;440
254;441
254;442
254;443
254;444
254;445
254;446
254;447
254;448
254;449
254;450
254;451
254;452
254;453
254;454
254;455
254;456
254;457
254;458
254;459
254;460
254;461
254;462
254;463
254;464
254;465
254;466
254;467
254;468
254;469
254;501
254;503
254;504
254;505
254;506
254;507
254;508
254;509
254;510
254;511
254;512
254;513
254;514
254;515
254;516
254;517
254;518
254;519
254;520
254;521
254;522
254;523
254;524
254;525
254;526
254;527
254;528
254;529
254;530
254;531
254;532
254;533
254;534
254;535
254;536
255;3
255;4
255;5
255;6
255;7
255;8
255;9
255;10
255;11
255;12
255;13
255;14
255;15
255;16
255;17
255;18
255;19
255;20
255;21
255;22
255;23
255;24
255;25
255;26
255;27
255;28
255;29
255;30
255;31
255;32
255;33
255;34
255;35
255;36
255;37
255;38
255;39
255;40
255;41
255;42
255;43
255;44
255;45
255;46
255;47
255;48
255;49
255;50
255;51
255;52
255;53
255;112
255;113
255;114
255;115
255;116
255;117
255;118
255;119
255;120
255;121
255;122
255;123
255;124
255;125
255;126
255;127
255;128
255;129
255;130
255;131
255;132
255;133
255;134
255;135
255;136
255;137
255;138
255;139
255;140
255;141
255;142
255;143
255;144
255;145
255;146
255;147
255;148
255;149
255;150
255;151
255;152
255;153
255;154
255;155
255;156
255;157
255;158
255;159
255;160
255;161
255;162
255;163
255;164
255;284
255;285
255;286
255;287
255;288
255;289
255;290
255;291
255;292
255;293
255;294
255;295
255;296
255;297
255;298
255;299
255;300
255;301
255;302
255;303
255;304
255;305
255;306
255;307
255;308
255;309
255;310
255;311
255;312
255;313
255;314
255;315
255;316
255;317
255;318
255;319
255;320
255;321
255;322
255;323
255;324
255;325
255;326
255;327
255;328
255;329
255;330
255;331
255;332
255;333
255;334
255;335
255;336
255;337
255;338
255;339
255;340
255;341
255;342
255;343
255;344
255;345
255;346
255;347
255;348
255;349
255;350
255;351
255;352
255;353
255;354
255;355
255;356
255;357
255;358
255;359
255;360
255;361
255;362
255;363
255;364
255;365
255;366
255;367
255;368
255;369
255;370
255;371
255;372
255;373
255;374
255;375
255;376
255;377
255;378
255;379
255;380
255;381
255;382
255;383
255;384
255;385
255;386
255;387
255;388
255;389
255;390
255;391
255;392
255;393
255;394
255;395
255;396
255;397
255;398
255;399
255;400
255;401
255;402
255;403
255;404
255;405
255;420
255;421
255;422
255;423
255;424
255;425
255;426
255;427
255;428
255;429
255;430
255;431
255;432
255;433
255;434
255;435
255;436
255;437
255;438
255;439
255;440
255;441
255;442
255;443
255;444
255;445
255;446
255;447
255;448
255;449
255;450
255;451
255;452
255;453
255;454
255;455
255;456
255;457
255;458
255;459
255;460
255;461
255;462
255;463
255;464
255;465
255;466
255;467
255;468
255;469
255;499
255;500
255;501
255;502
255;503
255;504
255;505
255;506
255;507
255;508
255;509
255;510
255;511
255;512
255;513
255;514
255;515
255;516
255;517
255;518
255;519
255;520
255;521
255;522
255;523
255;524
255;525
255;526
255;527
255;528
255;529
255;530
255;531
255;532
255;533
255;534
255;535
255;536
256;3
256;4
256;5
256;6
256;7
256;8
256;9
256;10
256;11
256;12
256;13
256;14
256;15
256;16
256;17
256;18
256;19
256;20
256;21
256;22
256;23
256;24
256;25
256;26
256;27
256;28
256;29
256;30
256;31
256;32
256;33
256;34
256;35
256;36
256;37
256;38
256;39
256;40
256;41
256;42
256;43
256;44
256;45
256;46
256;47
256;48
256;49
256;50
256;51
256;52
256;53
256;113
256;114
256;115
256;116
256;117
256;118
256;119
256;120
256;121
256;122
256;123
256;124
256;125
256;126
256;127
256;128
256;129
256;130
256;131
256;132
256;133
256;134
256;135
256;136
256;137
256;138
256;139
256;140
256;141
256;142
256;143
256;144
256;145
256;146
256;147
256;148
256;149
256;150
256;151
256;152
256;153
256;154
256;155
256;156
256;157
256;158
256;159
256;160
256;161
256;162
256;163
256;164
256;285
256;286
256;287
256;288
256;289
256;290
256;291
256;292
256;293
256;294
256;295
256;296
256;297
256;298
256;299
256;300
256;301
256;302
256;303
256;304
256;305
256;306
256;307
256;308
256;309
256;310
256;311
256;312
256;313
256;314
256;315
256;316
256;317
256;318
256;319
256;320
256;321
256;322
256;323
256;324
256;325
256;326
256;327
256;328
256;329
256;330
256;331
256;332
256;333
256;334
256;335
256;336
256;337
256;338
256;339
256;340
256;341
256;342
256;343
256;344
256;345
256;346
256;347
256;348
256;349
256;350
256;351
256;352
256;353
256;354
256;355
256;356
256;357
256;358
256;359
256;360
256;361
256;362
256;363
256;364
256;365
256;366
256;367
256;368
256;369
256;370
256;371
256;372
256;373
256;374
256;375
256;376
256;377
256;378
256;379
256;380
256;381
256;382
256;383
256;384
256;385
256;386
256;387
256;388
256;389
256;390
256;391
256;392
256;393
256;394
256;395
256;396
256;397
256;398
256;399
256;400
256;401
256;402
256;403
256;404
256;405
256;406
256;419
256;420
256;421
256;422
256;423
256;424
256;425
256;426
256;427
256;428
256;429
256;430
256;431
256;432
256;433
256;434
256;435
256;436
256;437
256;438
256;439
256;440
256;441
256;442
256;443
256;444
256;445
256;446
256;447
256;448
256;449
256;450
256;451
256;452
256;453
256;454
256;455
256;456
256;457
256;458
256;459
256;460
256;461
256;462
256;463
256;464
256;465
256;466
256;467
256;468
256;469
256;470
256;495
256;496
256;497
256;498
256;499
256;500
256;501
256;502
256;503
256;504
256;505
256;506
256;507
256;508
256;509
256;510
256;511
256;512
256;513
256;514
256;515
256;516
256;517
256;518
256;519
256;520
256;521
256;522
256;523
256;524
256;525
256;526
256;527
256;528
256;529
256;530
256;531
256;532
256;533
256;534
256;535
256;536
257;2
257;3
257;4
257;5
257;6
257;7
257;8
257;9
257;10
257;11
257;12
257;13
257;14
257;15
257;16
257;17
257;18
257;19
257;20
257;21
257;22
257;23
257;24
257;25
257;26
257;27
257;28
257;29
257;30
257;31
257;32
257;33
257;34
257;35
257;36
257;37
257;38
257;39
257;40
257;41
257;42
257;43
257;44
257;45
257;46
257;47
257;48
257;49
257;50
257;51
257;52
257;53
257;54
257;55
257;114
257;115
257;116
257;117
257;118
257;119
257;120
257;121
257;122
257;123
257;124
257;125
257;126
257;127
257;128
257;129
257;130
257;131
257;132
257;133
257;134
257;135
257;136
257;137
257;138
257;139
257;140
257;141
257;142
257;143
257;144
257;145
257;146
257;147
257;148
257;149
257;150
257;151
257;152
257;153
257;154
257;155
257;156
257;157
257;158
257;159
257;160
257;161
257;162
257;286
257;287
257;288
257;289
257;290
257;291
257;292
257;293
257;294
257;295
257;296
257;297
257;298
257;299
257;300
257;301
257;302
257;303
257;304
257;305
257;306
257;307
257;308
257;309
257;310
257;311
257;312
257;313
257;314
257;315
257;316
257;317
257;318
257;319
257;320
257;321
257;322
257;323
257;324
257;325
257;326
257;327
257;328
257;329
257;330
257;331
257;332
257;333
257;334
257;335
257;336
257;337
257;338
257;339
257;340
257;341
257;342
257;343
257;344
257;345
257;346
257;347
257;348
257;349
257;350
257;351
257;352
257;353
257;354
257;355
257;356
257;357
257;358
257;359
257;360
257;361
257;362
257;363
257;364
257;365
257;366
257;367
257;368
257;369
257;370
257;371
257;372
257;373
257;374
257;375
257;376
257;377
257;378
257;379
257;380
257;381
257;382
257;383
257;384
257;385
257;386
257;387
257;388
257;389
257;390
257;391
257;392
257;393
257;394
257;395
257;396
257;397
257;398
257;399
257;400
257;401
257;402
257;403
257;404
257;405
257;406
257;407
257;419
257;420
257;421
257;422
257;423
257;424
257;425
257;426
257;427
257;428
257;429
257;430
257;431
257;432
257;433
257;434
257;435
257;436
257;437
257;438
257;439
257;440
257;441
257;442
257;443
257;444
257;445
257;446
257;447
257;448
257;449
257;450
257;451
257;452
257;453
257;454
257;455
257;456
257;457
257;458
257;459
257;460
257;461
257;462
257;463
257;464
257;465
257;466
257;467
257;468
257;469
257;470
257;491
257;493
257;494
257;495
257;496
257;497
257;498
257;499
257;500
257;501
257;502
257;503
257;504
257;505
257;506
257;507
257;508
257;509
257;510
257;511
257;512
257;513
257;514
257;515
257;516
257;517
257;518
257;519
257;520
257;521
257;522
257;523
257;524
257;525
257;526
257;527
257;528
257;529
257;530
257;531
257;532
257;533
257;534
257;535
257;536
258;2
258;3
258;4
258;5
258;6
258;7
258;8
258;9
258;10
258;11
258;12
258;13
258;14
258;15
258;16
258;17
258;18
258;19
258;20
258;21
258;22
258;23
258;24
258;25
258;26
258;27
258;28
258;29
258;30
258;31
258;32
258;33
258;34
258;35
258;36
258;37
258;38
258;39
258;40
258;41
258;42
258;43
258;44
258;45
258;46
258;47
258;48
258;49
258;50
258;51
258;52
258;53
258;54
258;55
258;116
258;117
258;118
258;119
258;120
258;121
258;122
258;123
258;124
258;125
258;126
258;127
258;128
258;129
258;130
258;131
258;132
258;133
258;134
258;135
258;136
258;137
258;138
258;139
258;140
258;141
258;142
258;143
258;144
258;145
258;146
258;147
258;148
258;149
258;150
258;151
258;152
258;153
258;154
258;155
258;156
258;157
258;158
258;159
258;160
258;161
258;162
258;287
258;288
258;289
258;290
258;291
258;292
258;293
258;294
258;295
258;296
258;297
258;298
258;299
258;300
258;301
258;302
258;303
258;304
258;305
258;306
258;307
258;308
258;309
258;310
258;311
258;312
258;313
258;314
258;315
258;316
258;317
258;318
258;319
258;320
258;321
258;322
258;323
258;324
258;325
258;326
258;327
258;328
258;329
258;330
258;331
258;332
258;333
258;334
258;335
258;336
258;337
258;338
258;339
258;340
258;341
258;342
258;343
258;344
258;345
258;346
258;347
258;348
258;349
258;350
258;351
258;352
258;353
258;354
258;355
258;356
258;357
258;358
258;359
258;360
258;361
258;362
258;363
258;364
258;365
258;366
258;367
258;368
258;369
258;370
258;371
258;372
258;373
258;374
258;375
258;376
258;377
258;378
258;379
258;380
258;381
258;382
258;383
258;384
258;385
258;386
258;387
258;388
258;389
258;390
258;391
258;392
258;393
258;394
258;395
258;396
258;397
258;398
258;399
258;400
258;401
258;402
258;403
258;404
258;405
258;406
258;407
258;419
258;420
258;421
258;422
258;423
258;424
258;425
258;426
258;427
258;428
258;429
258;430
258;431
258;432
258;433
258;434
258;435
258;436
258;437
258;438
258;439
258;440
258;441
258;442
258;443
258;444
258;445
258;446
258;447
258;448
258;449
258;450
258;451
258;452
258;453
258;454
258;455
258;456
258;457
258;458
258;459
258;460
258;461
258;462
258;463
258;464
258;465
258;466
258;467
258;468
258;469
258;470
258;489
258;490
258;491
258;492
258;493
258;494
258;495
258;496
258;497
258;498
258;499
258;500
258;501
258;502
258;503
258;504
258;505
258;506
258;507
258;508
258;509
258;510
258;511
258;512
258;513
258;514
258;515
258;516
258;517
258;518
258;519
258;520
258;521
258;522
258;523
258;524
258;525
258;526
258;527
258;528
258;529
258;530
258;531
258;532
258;533
258;534
258;535
258;536
259;1
259;2
259;3
259;4
259;5
259;6
259;7
259;8
259;9
259;10
259;11
259;12
259;13
259;14
259;15
259;16
259;17
259;18
259;19
259;20
259;21
259;22
259;23
259;24
259;25
259;26
259;27
259;28
259;29
259;30
259;31
259;32
259;33
259;34
259;35
259;36
259;37
259;38
259;39
259;40
259;41
259;42
259;43
259;44
259;45
259;46
259;47
259;48
259;49
259;50
259;51
259;52
259;53
259;54
259;55
259;56
259;57
259;118
259;119
259;120
259;121
259;122
259;123
259;124
259;125
259;126
259;127
259;128
259;129
259;130
259;131
259;132
259;133
259;134
259;135
259;136
259;137
259;138
259;139
259;140
259;141
259;142
259;143
259;144
259;145
259;146
259;147
259;148
259;149
259;150
259;151
259;152
259;153
259;154
259;155
259;156
259;157
259;158
259;159
259;160
259;288
259;289
259;290
259;291
259;292
259;293
259;294
259;295
259;296
259;297
259;298
259;299
259;300
259;301
259;302
259;303
259;304
259;305
259;306
259;307
259;308
259;309
259;310
259;311
259;312
259;313
259;314
259;315
259;316
259;317
259;318
259;319
259;320
259;321
259;322
259;323
259;324
259;325
259;326
259;327
259;328
259;329
259;330
259;331
259;332
259;333
259;334
259;335
259;336
259;337
259;338
259;339
259;340
259;341
259;342
259;343
259;344
259;345
259;346
259;347
259;348
259;349
259;350
259;351
259;352
259;353
259;354
259;355
259;356
259;357
259;358
259;359
259;360
259;361
259;362
259;363
259;364
259;365
259;366
259;367
259;368
259;369
259;370
259;371
259;372
259;373
259;374
259;375
259;376
259;377
259;378
259;379
259;380
259;381
259;382
259;383
259;384
259;385
259;386
259;387
259;388
259;389
259;390
259;391
259;392
259;393
259;394
259;395
259;396
259;397
259;398
259;399
259;400
259;401
259;402
259;403
259;404
259;405
259;406
259;419
259;420
259;421
259;422
259;423
259;424
259;425
259;426
259;427
259;428
259;429
259;430
259;431
259;432
259;433
259;434
259;435
259;436
259;437
259;438
259;439
259;440
259;441
259;442
259;443
259;444
259;445
259;446
259;447
259;448
259;449
259;450
259;451
259;452
259;453
259;454
259;455
259;456
259;457
259;458
259;459
259;460
259;461
259;462
259;463
259;464
259;465
259;466
259;467
259;468
259;469
259;470
259;485
259;486
259;487
259;488
259;489
259;490
259;491
259;492
259;493
259;494
259;495
259;496
259;497
259;498
259;499
259;500
259;501
259;502
259;503
259;504
259;505
259;506
259;507
259;508
259;509
259;510
259;511
259;512
259;513
259;514
259;515
259;516
259;517
259;518
259;519
259;520
259;521
259;522
259;523
259;524
259;525
259;526
259;527
259;528
259;529
259;530
259;531
259;532
259;533
259;534
259;535
259;536
260;1
260;2
260;3
260;4
260;5
260;6
260;7
260;8
260;9
260;10
260;11
260;12
260;13
260;14
260;15
260;16
260;17
260;18
260;19
260;20
260;21
260;22
260;23
260;24
260;25
260;26
260;27
260;28
260;29
260;30
260;31
260;32
260;33
260;34
260;35
260;36
260;37
260;38
260;39
260;40
260;41
260;42
260;43
260;44
260;45
260;46
260;47
260;48
260;49
260;50
260;51
260;52
260;53
260;54
260;55
260;56
260;57
260;118
260;119
260;120
260;121
260;122
260;123
260;124
260;125
260;126
260;127
260;128
260;129
260;130
260;131
260;132
260;133
260;134
260;135
260;136
260;137
260;138
260;139
260;140
260;141
260;142
260;143
260;144
260;145
260;146
260;147
260;148
260;149
260;150
260;151
260;152
260;153
260;154
260;155
260;156
260;157
260;158
260;159
260;160
260;290
260;291
260;292
260;293
260;294
260;295
260;296
260;297
260;298
260;299
260;300
260;301
260;302
260;303
260;304
260;305
260;306
260;307
260;308
260;309
260;310
260;311
260;312
260;313
260;314
260;315
260;316
260;317
260;318
260;319
260;320
260;321
260;322
260;323
260;324
260;325
260;326
260;327
260;328
260;329
260;330
260;331
260;332
260;333
260;334
260;335
260;336
260;337
260;338
260;339
260;340
260;341
260;342
260;343
260;344
260;345
260;346
260;347
260;348
260;349
260;350
260;351
260;352
260;353
260;354
260;355
260;356
260;357
260;358
260;359
260;360
260;361
260;362
260;363
260;364
260;365
260;366
260;367
260;368
260;369
260;370
260;371
260;372
260;373
260;374
260;375
260;376
260;377
260;378
260;379
260;380
260;381
260;382
260;383
260;384
260;385
260;386
260;387
260;388
260;389
260;390
260;391
260;392
260;393
260;394
260;395
260;396
260;397
260;398
260;399
260;400
260;401
260;402
260;403
260;404
260;419
260;420
260;421
260;422
260;423
260;424
260;425
260;426
260;427
260;428
260;429
260;430
260;431
260;432
260;433
260;434
260;435
260;436
260;437
260;438
260;439
260;440
260;441
260;442
260;443
260;444
260;445
260;446
260;447
260;448
260;449
260;450
260;451
260;452
260;453
260;454
260;455
260;456
260;457
260;458
260;459
260;460
260;461
260;462
260;463
260;464
260;465
260;466
260;467
260;468
260;469
260;470
260;486
260;487
260;488
260;489
260;490
260;491
260;492
260;493
260;494
260;495
260;496
260;497
260;498
260;499
260;500
260;501
260;502
260;503
260;504
260;505
260;506
260;507
260;508
260;509
260;510
260;511
260;512
260;513
260;514
260;515
260;516
260;517
260;518
260;519
260;520
260;521
260;522
260;523
260;524
260;525
260;526
260;527
260;528
260;529
260;530
260;531
260;532
260;533
260;534
260;535
260;536
261;1
261;2
261;3
261;4
261;5
261;6
261;7
261;8
261;9
261;10
261;11
261;12
261;13
261;14
261;15
261;16
261;17
261;18
261;19
261;20
261;21
261;22
261;23
261;24
261;25
261;26
261;27
261;28
261;29
261;30
261;31
261;32
261;33
261;34
261;35
261;36
261;37
261;38
261;39
261;40
261;41
261;42
261;43
261;44
261;45
261;46
261;47
261;48
261;49
261;50
261;51
261;52
261;53
261;54
261;55
261;56
261;57
261;58
261;59
261;120
261;121
261;122
261;123
261;124
261;125
261;126
261;127
261;128
261;129
261;130
261;131
261;132
261;133
261;134
261;135
261;136
261;137
261;138
261;139
261;140
261;141
261;142
261;143
261;144
261;145
261;146
261;147
261;148
261;149
261;150
261;151
261;152
261;153
261;154
261;155
261;156
261;157
261;158
261;290
261;291
261;292
261;293
261;294
261;295
261;296
261;297
261;298
261;299
261;300
261;301
261;302
261;303
261;304
261;305
261;306
261;307
261;308
261;309
261;310
261;311
261;312
261;313
261;314
261;315
261;316
261;317
261;318
261;319
261;320
261;321
261;322
261;323
261;324
261;325
261;326
261;327
261;328
261;329
261;330
261;331
261;332
261;333
261;334
261;335
261;336
261;337
261;338
261;339
261;340
261;341
261;342
261;343
261;344
261;345
261;346
261;347
261;348
261;349
261;350
261;351
261;352
261;353
261;354
261;355
261;356
261;357
261;358
261;359
261;360
261;361
261;362
261;363
261;364
261;365
261;366
261;367
261;368
261;369
261;370
261;371
261;372
261;373
261;374
261;375
261;376
261;377
261;378
261;379
261;380
261;381
261;382
261;383
261;384
261;385
261;386
261;387
261;388
261;389
261;390
261;391
261;392
261;393
261;394
261;395
261;396
261;397
261;398
261;399
261;400
261;401
261;402
261;419
261;420
261;421
261;422
261;423
261;424
261;425
261;426
261;427
261;428
261;429
261;430
261;431
261;432
261;433
261;434
261;435
261;436
261;437
261;438
261;439
261;440
261;441
261;442
261;443
261;444
261;445
261;446
261;447
261;448
261;449
261;450
261;451
261;452
261;453
261;454
261;455
261;456
261;457
261;458
261;459
261;460
261;461
261;462
261;463
261;464
261;465
261;466
261;467
261;468
261;469
261;470
261;486
261;487
261;488
261;489
261;490
261;491
261;492
261;493
261;494
261;495
261;496
261;497
261;498
261;499
261;500
261;501
261;502
261;503
261;504
261;505
261;506
261;507
261;508
261;509
261;510
261;511
261;512
261;513
261;514
261;515
261;516
261;517
261;518
261;519
261;520
261;521
261;522
261;523
261;524
261;525
261;526
261;527
261;528
261;529
261;530
261;531
261;532
261;533
261;534
261;535
261;536
262;0
262;1
262;2
262;3
262;4
262;5
262;6
262;7
262;8
262;9
262;10
262;11
262;12
262;13
262;14
262;15
262;16
262;17
262;18
262;19
262;20
262;21
262;22
262;23
262;24
262;25
262;26
262;27
262;28
262;29
262;30
262;31
262;32
262;33
262;34
262;35
262;36
262;37
262;38
262;39
262;40
262;41
262;42
262;43
262;44
262;45
262;46
262;47
262;48
262;49
262;50
262;51
262;52
262;53
262;54
262;55
262;56
262;57
262;58
262;59
262;122
262;123
262;124
262;125
262;126
262;127
262;128
262;129
262;130
262;131
262;132
262;133
262;134
262;135
262;136
262;137
262;138
262;139
262;140
262;141
262;142
262;143
262;144
262;145
262;146
262;147
262;148
262;149
262;150
262;151
262;152
262;153
262;154
262;155
262;156
262;157
262;158
262;292
262;293
262;294
262;295
262;296
262;297
262;298
262;299
262;300
262;301
262;302
262;303
262;304
262;305
262;306
262;307
262;308
262;309
262;310
262;311
262;312
262;313
262;314
262;315
262;316
262;317
262;318
262;319
262;320
262;321
262;322
262;323
262;324
262;325
262;326
262;327
262;328
262;329
262;330
262;331
262;332
262;333
262;334
262;335
262;336
262;337
262;338
262;339
262;340
262;341
262;342
262;343
262;344
262;345
262;346
262;347
262;348
262;349
262;350
262;351
262;352
262;353
262;354
262;355
262;356
262;357
262;358
262;359
262;360
262;361
262;362
262;363
262;364
262;365
262;366
262;367
262;368
262;369
262;370
262;371
262;372
262;373
262;374
262;375
262;376
262;377
262;378
262;379
262;380
262;381
262;382
262;383
262;384
262;385
262;386
262;387
262;388
262;389
262;390
262;391
262;392
262;393
262;394
262;395
262;396
262;397
262;398
262;399
262;400
262;419
262;420
262;421
262;422
262;423
262;424
262;425
262;426
262;427
262;428
262;429
262;430
262;431
262;432
262;433
262;434
262;435
262;436
262;437
262;438
262;439
262;440
262;441
262;442
262;443
262;444
262;445
262;446
262;447
262;448
262;449
262;450
262;451
262;452
262;453
262;454
262;455
262;456
262;457
262;458
262;459
262;460
262;461
262;462
262;463
262;464
262;465
262;466
262;467
262;468
262;469
262;470
262;486
262;487
262;488
262;489
262;490
262;491
262;492
262;493
262;494
262;495
262;496
262;497
262;498
262;499
262;500
262;501
262;502
262;503
262;504
262;505
262;506
262;507
262;508
262;509
262;510
262;511
262;512
262;513
262;514
262;515
262;516
262;517
262;518
262;519
262;520
262;521
262;522
262;523
262;524
262;525
262;526
262;527
262;528
262;529
262;530
262;531
262;532
262;533
262;534
262;535
262;536
263;0
263;1
263;2
263;3
263;4
263;5
263;6
263;7
263;8
263;9
263;10
263;11
263;12
263;13
263;14
263;15
263;16
263;17
263;18
263;19
263;20
263;21
263;22
263;23
263;24
263;25
263;26
263;27
263;28
263;29
263;30
263;31
263;32
263;33
263;34
263;35
263;36
263;37
263;38
263;39
263;40
263;41
263;42
263;43
263;44
263;45
263;46
263;47
263;48
263;49
263;50
263;51
263;52
263;53
263;54
263;55
263;56
263;57
263;58
263;59
263;60
263;61
263;122
263;123
263;124
263;125
263;126
263;127
263;128
263;129
263;130
263;131
263;132
263;133
263;134
263;135
263;136
263;137
263;138
263;139
263;140
263;141
263;142
263;143
263;144
263;145
263;146
263;147
263;148
263;149
263;150
263;151
263;152
263;153
263;154
263;155
263;156
263;157
263;294
263;295
263;296
263;297
263;298
263;299
263;300
263;301
263;302
263;303
263;304
263;305
263;306
263;307
263;308
263;309
263;310
263;311
263;312
263;313
263;314
263;315
263;316
263;317
263;318
263;319
263;320
263;321
263;322
263;323
263;324
263;325
263;326
263;327
263;328
263;329
263;330
263;331
263;332
263;333
263;334
263;335
263;336
263;337
263;338
263;339
263;340
263;341
263;342
263;343
263;344
263;345
263;346
263;347
263;348
263;349
263;350
263;351
263;352
263;353
263;354
263;355
263;356
263;357
263;358
263;359
263;360
263;361
263;362
263;363
263;364
263;365
263;366
263;367
263;368
263;369
263;370
263;371
263;372
263;373
263;374
263;375
263;376
263;377
263;378
263;379
263;380
263;381
263;382
263;383
263;384
263;385
263;386
263;387
263;388
263;389
263;390
263;391
263;392
263;393
263;394
263;395
263;396
263;397
263;398
263;399
263;420
263;421
263;422
263;423
263;424
263;425
263;426
263;427
263;428
263;429
263;430
263;431
263;432
263;433
263;434
263;435
263;436
263;437
263;438
263;439
263;440
263;441
263;442
263;443
263;444
263;445
263;446
263;447
263;448
263;449
263;450
263;451
263;452
263;453
263;454
263;455
263;456
263;457
263;458
263;459
263;460
263;461
263;462
263;463
263;464
263;465
263;466
263;467
263;468
263;469
263;470
263;487
263;488
263;489
263;490
263;491
263;492
263;493
263;494
263;495
263;496
263;497
263;498
263;499
263;500
263;501
263;502
263;503
263;504
263;505
263;506
263;507
263;508
263;509
263;510
263;511
263;512
263;513
263;514
263;515
263;516
263;517
263;518
263;519
263;520
263;521
263;522
263;523
263;524
263;525
263;526
263;527
263;528
263;529
263;530
263;531
263;532
263;533
263;534
263;535
263;536
264;0
264;1
264;2
264;3
264;4
264;5
264;6
264;7
264;8
264;9
264;10
264;11
264;12
264;13
264;14
264;15
264;16
264;17
264;18
264;19
264;20
264;21
264;22
264;23
264;24
264;25
264;26
264;27
264;28
264;29
264;30
264;31
264;32
264;33
264;34
264;35
264;36
264;37
264;38
264;39
264;40
264;41
264;42
264;43
264;44
264;45
264;46
264;47
264;48
264;49
264;50
264;51
264;52
264;53
264;54
264;55
264;56
264;57
264;58
264;59
264;60
264;61
264;124
264;125
264;126
264;127
264;128
264;129
264;130
264;131
264;132
264;133
264;134
264;135
264;136
264;137
264;138
264;139
264;140
264;141
264;142
264;143
264;144
264;145
264;146
264;147
264;148
264;149
264;150
264;151
264;152
264;153
264;154
264;155
264;156
264;295
264;296
264;297
264;298
264;299
264;300
264;301
264;302
264;303
264;304
264;305
264;306
264;307
264;308
264;309
264;310
264;311
264;312
264;313
264;314
264;315
264;316
264;317
264;318
264;319
264;320
264;321
264;322
264;323
264;324
264;325
264;326
264;327
264;328
264;329
264;330
264;331
264;332
264;333
264;334
264;335
264;336
264;337
264;338
264;339
264;340
264;341
264;342
264;343
264;344
264;345
264;346
264;347
264;348
264;349
264;350
264;351
264;352
264;353
264;354
264;355
264;356
264;357
264;358
264;359
264;360
264;361
264;362
264;363
264;364
264;365
264;366
264;367
264;368
264;369
264;370
264;371
264;372
264;373
264;374
264;375
264;376
264;377
264;378
264;379
264;380
264;381
264;382
264;383
264;384
264;385
264;386
264;387
264;388
264;389
264;390
264;391
264;392
264;393
264;394
264;395
264;396
264;397
264;398
264;420
264;421
264;422
264;423
264;424
264;425
264;426
264;427
264;428
264;429
264;430
264;431
264;432
264;433
264;434
264;435
264;436
264;437
264;438
264;439
264;440
264;441
264;442
264;443
264;444
264;445
264;446
264;447
264;448
264;449
264;450
264;451
264;452
264;453
264;454
264;455
264;456
264;457
264;458
264;459
264;460
264;461
264;462
264;463
264;464
264;465
264;466
264;467
264;468
264;469
264;487
264;488
264;489
264;490
264;491
264;492
264;493
264;494
264;495
264;496
264;497
264;498
264;499
264;500
264;501
264;502
264;503
264;504
264;505
264;506
264;507
264;508
264;509
264;510
264;511
264;512
264;513
264;514
264;515
264;516
264;517
264;518
264;519
264;520
264;521
264;522
264;523
264;524
264;525
264;526
264;527
264;528
264;529
264;530
264;531
264;532
264;533
264;534
264;535
264;536
265;0
265;1
265;2
265;3
265;4
265;5
265;6
265;7
265;8
265;9
265;10
265;11
265;12
265;13
265;14
265;15
265;16
265;17
265;18
265;19
265;20
265;21
265;22
265;23
265;24
265;25
265;26
265;27
265;28
265;29
265;30
265;31
265;32
265;33
265;34
265;35
265;36
265;37
265;38
265;39
265;40
265;41
265;42
265;43
265;44
265;45
265;46
265;47
265;48
265;49
265;50
265;51
265;52
265;53
265;54
265;55
265;56
265;57
265;58
265;59
265;60
265;61
265;62
265;63
265;126
265;127
265;128
265;129
265;130
265;131
265;132
265;133
265;134
265;135
265;136
265;137
265;138
265;139
265;140
265;141
265;142
265;143
265;144
265;145
265;146
265;147
265;148
265;149
265;150
265;151
265;152
265;153
265;154
265;155
265;296
265;297
265;298
265;299
265;300
265;301
265;302
265;303
265;304
265;305
265;306
265;307
265;308
265;309
265;310
265;311
265;312
265;313
265;314
265;315
265;316
265;317
265;318
265;319
265;320
265;321
265;322
265;323
265;324
265;325
265;326
265;327
265;328
265;329
265;330
265;331
265;332
265;333
265;334
265;335
265;336
265;337
265;338
265;339
265;340
265;341
265;342
265;343
265;344
265;345
265;346
265;347
265;348
265;349
265;350
265;351
265;352
265;353
265;354
265;355
265;356
265;357
265;358
265;359
265;360
265;361
265;362
265;363
265;364
265;365
265;366
265;367
265;368
265;369
265;370
265;371
265;372
265;373
265;374
265;375
265;376
265;377
265;378
265;379
265;380
265;381
265;382
265;383
265;384
265;385
265;386
265;387
265;388
265;389
265;390
265;391
265;392
265;393
265;394
265;395
265;396
265;420
265;421
265;422
265;423
265;424
265;425
265;426
265;427
265;428
265;429
265;430
265;431
265;432
265;433
265;434
265;435
265;436
265;437
265;438
265;439
265;440
265;441
265;442
265;443
265;444
265;445
265;446
265;447
265;448
265;449
265;450
265;451
265;452
265;453
265;454
265;455
265;456
265;457
265;458
265;459
265;460
265;461
265;462
265;463
265;464
265;465
265;466
265;467
265;468
265;469
265;488
265;489
265;490
265;491
265;492
265;493
265;494
265;495
265;496
265;497
265;498
265;499
265;500
265;501
265;502
265;503
265;504
265;505
265;506
265;507
265;508
265;509
265;510
265;511
265;512
265;513
265;514
265;515
265;516
265;517
265;518
265;519
265;520
265;521
265;522
265;523
265;524
265;525
265;526
265;527
265;528
265;529
265;530
265;531
265;532
265;533
265;534
265;535
265;536
266;0
266;1
266;2
266;3
266;4
266;5
266;6
266;7
266;8
266;9
266;10
266;11
266;12
266;13
266;14
266;15
266;16
266;17
266;18
266;19
266;20
266;21
266;22
266;23
266;24
266;25
266;26
266;27
266;28
266;29
266;30
266;31
266;32
266;33
266;34
266;35
266;36
266;37
266;38
266;39
266;40
266;41
266;42
266;43
266;44
266;45
266;46
266;47
266;48
266;49
266;50
266;51
266;52
266;53
266;54
266;55
266;56
266;57
266;58
266;59
266;60
266;61
266;62
266;63
266;127
266;128
266;129
266;130
266;131
266;132
266;133
266;134
266;135
266;136
266;137
266;138
266;139
266;140
266;141
266;142
266;143
266;144
266;145
266;146
266;147
266;148
266;149
266;150
266;151
266;152
266;153
266;154
266;298
266;299
266;300
266;301
266;302
266;303
266;304
266;305
266;306
266;307
266;308
266;309
266;310
266;311
266;312
266;313
266;314
266;315
266;316
266;317
266;318
266;319
266;320
266;321
266;322
266;323
266;324
266;325
266;326
266;327
266;328
266;329
266;330
266;331
266;332
266;333
266;334
266;335
266;336
266;337
266;338
266;339
266;340
266;341
266;342
266;343
266;344
266;345
266;346
266;347
266;348
266;349
266;350
266;351
266;352
266;353
266;354
266;355
266;356
266;357
266;358
266;359
266;360
266;361
266;362
266;363
266;364
266;365
266;366
266;367
266;368
266;369
266;370
266;371
266;372
266;373
266;374
266;375
266;376
266;377
266;378
266;379
266;380
266;381
266;382
266;383
266;384
266;385
266;386
266;387
266;388
266;389
266;390
266;391
266;392
266;393
266;394
266;420
266;421
266;422
266;423
266;424
266;425
266;426
266;427
266;428
266;429
266;430
266;431
266;432
266;433
266;434
266;435
266;436
266;437
266;438
266;439
266;440
266;441
266;442
266;443
266;444
266;445
266;446
266;447
266;448
266;449
266;450
266;451
266;452
266;453
266;454
266;455
266;456
266;457
266;458
266;459
266;460
266;461
266;462
266;463
266;464
266;465
266;466
266;467
266;468
266;469
266;488
266;489
266;490
266;491
266;492
266;493
266;494
266;495
266;496
266;497
266;498
266;499
266;500
266;501
266;502
266;503
266;504
266;505
266;506
266;507
266;508
266;509
266;510
266;511
266;512
266;513
266;514
266;515
266;516
266;517
266;518
266;519
266;520
266;521
266;522
266;523
266;524
266;525
266;526
266;527
266;528
266;529
266;530
266;531
266;532
266;533
266;534
266;535
266;536
267;0
267;1
267;2
267;3
267;4
267;5
267;6
267;7
267;8
267;9
267;10
267;11
267;12
267;13
267;14
267;15
267;16
267;17
267;18
267;19
267;20
267;21
267;22
267;23
267;24
267;25
267;26
267;27
267;28
267;29
267;30
267;31
267;32
267;33
267;34
267;35
267;36
267;37
267;38
267;39
267;40
267;41
267;42
267;43
267;44
267;45
267;46
267;47
267;48
267;49
267;50
267;51
267;52
267;53
267;54
267;55
267;56
267;57
267;58
267;59
267;60
267;61
267;62
267;63
267;64
267;65
267;128
267;129
267;130
267;131
267;132
267;133
267;134
267;135
267;136
267;137
267;138
267;139
267;140
267;141
267;142
267;143
267;144
267;145
267;146
267;147
267;148
267;149
267;150
267;151
267;152
267;153
267;300
267;301
267;302
267;303
267;304
267;305
267;306
267;307
267;308
267;309
267;310
267;311
267;312
267;313
267;314
267;315
267;316
267;317
267;318
267;319
267;320
267;321
267;322
267;323
267;324
267;325
267;326
267;327
267;328
267;329
267;330
267;331
267;332
267;333
267;334
267;335
267;336
267;337
267;338
267;339
267;340
267;341
267;342
267;343
267;344
267;345
267;346
267;347
267;348
267;349
267;350
267;351
267;352
267;353
267;354
267;355
267;356
267;357
267;358
267;359
267;360
267;361
267;362
267;363
267;364
267;365
267;366
267;367
267;368
267;369
267;370
267;371
267;372
267;373
267;374
267;375
267;376
267;377
267;378
267;379
267;380
267;381
267;382
267;383
267;384
267;385
267;386
267;387
267;388
267;389
267;390
267;391
267;392
267;421
267;422
267;423
267;424
267;425
267;426
267;427
267;428
267;429
267;430
267;431
267;432
267;433
267;434
267;435
267;436
267;437
267;438
267;439
267;440
267;441
267;442
267;443
267;444
267;445
267;446
267;447
267;448
267;449
267;450
267;451
267;452
267;453
267;454
267;455
267;456
267;457
267;458
267;459
267;460
267;461
267;462
267;463
267;464
267;465
267;466
267;467
267;468
267;488
267;489
267;490
267;491
267;492
267;493
267;494
267;495
267;496
267;497
267;498
267;499
267;500
267;501
267;502
267;503
267;504
267;505
267;506
267;507
267;508
267;509
267;510
267;511
267;512
267;513
267;514
267;515
267;516
267;517
267;518
267;519
267;520
267;521
267;522
267;523
267;524
267;525
267;526
267;527
267;528
267;529
267;530
267;531
267;532
267;533
267;534
267;535
267;536
268;0
268;1
268;2
268;3
268;4
268;5
268;6
268;7
268;8
268;9
268;10
268;11
268;12
268;13
268;14
268;15
268;16
268;17
268;18
268;19
268;20
268;21
268;22
268;23
268;24
268;25
268;26
268;27
268;28
268;29
268;30
268;31
268;32
268;33
268;34
268;35
268;36
268;37
268;38
268;39
268;40
268;41
268;42
268;43
268;44
268;45
268;46
268;47
268;48
268;49
268;50
268;51
268;52
268;53
268;54
268;55
268;56
268;57
268;58
268;59
268;60
268;61
268;62
268;63
268;64
268;65
268;130
268;131
268;132
268;133
268;134
268;135
268;136
268;137
268;138
268;139
268;140
268;141
268;142
268;143
268;144
268;145
268;146
268;147
268;148
268;149
268;150
268;151
268;152
268;302
268;303
268;304
268;305
268;306
268;307
268;308
268;309
268;310
268;311
268;312
268;313
268;314
268;315
268;316
268;317
268;318
268;319
268;320
268;321
268;322
268;323
268;324
268;325
268;326
268;327
268;328
268;329
268;330
268;331
268;332
268;333
268;334
268;335
268;336
268;337
268;338
268;339
268;340
268;341
268;342
268;343
268;344
268;345
268;346
268;347
268;348
268;349
268;350
268;351
268;352
268;353
268;354
268;355
268;356
268;357
268;358
268;359
268;360
268;361
268;362
268;363
268;364
268;365
268;366
268;367
268;368
268;369
268;370
268;371
268;372
268;373
268;374
268;375
268;376
268;377
268;378
268;379
268;380
268;381
268;382
268;383
268;384
268;385
268;386
268;387
268;388
268;389
268;390
268;421
268;422
268;423
268;424
268;425
268;426
268;427
268;428
268;429
268;430
268;431
268;432
268;433
268;434
268;435
268;436
268;437
268;438
268;439
268;440
268;441
268;442
268;443
268;444
268;445
268;446
268;447
268;448
268;449
268;450
268;451
268;452
268;453
268;454
268;455
268;456
268;457
268;458
268;459
268;460
268;461
268;462
268;463
268;464
268;465
268;466
268;467
268;468
268;489
268;490
268;491
268;492
268;493
268;494
268;495
268;496
268;497
268;498
268;499
268;500
268;501
268;502
268;503
268;504
268;505
268;506
268;507
268;508
268;509
268;510
268;511
268;512
268;513
268;514
268;515
268;516
268;517
268;518
268;519
268;520
268;521
268;522
268;523
268;524
268;525
268;526
268;527
268;528
268;529
268;530
268;531
268;532
268;533
268;534
268;535
268;536
269;0
269;1
269;2
269;3
269;4
269;5
269;6
269;7
269;8
269;9
269;10
269;11
269;12
269;13
269;14
269;15
269;16
269;17
269;18
269;19
269;20
269;21
269;22
269;23
269;24
269;25
269;26
269;27
269;28
269;29
269;30
269;31
269;32
269;33
269;34
269;35
269;36
269;37
269;38
269;39
269;40
269;41
269;42
269;43
269;44
269;45
269;46
269;47
269;48
269;49
269;50
269;51
269;52
269;53
269;54
269;55
269;56
269;57
269;58
269;59
269;60
269;61
269;62
269;63
269;64
269;65
269;66
269;132
269;133
269;134
269;135
269;136
269;137
269;138
269;139
269;140
269;141
269;142
269;143
269;144
269;145
269;146
269;147
269;148
269;149
269;150
269;151
269;304
269;306
269;307
269;308
269;309
269;310
269;311
269;312
269;313
269;314
269;315
269;316
269;317
269;318
269;319
269;320
269;321
269;322
269;323
269;324
269;325
269;326
269;327
269;328
269;329
269;330
269;331
269;332
269;333
269;334
269;335
269;336
269;337
269;338
269;339
269;340
269;341
269;342
269;343
269;344
269;345
269;346
269;347
269;348
269;349
269;350
269;351
269;352
269;353
269;354
269;355
269;356
269;357
269;358
269;359
269;360
269;361
269;362
269;363
269;364
269;365
269;366
269;367
269;368
269;369
269;370
269;371
269;372
269;373
269;374
269;375
269;376
269;377
269;378
269;379
269;380
269;381
269;382
269;383
269;384
269;385
269;386
269;387
269;388
269;422
269;423
269;424
269;425
269;426
269;427
269;428
269;429
269;430
269;431
269;432
269;433
269;434
269;435
269;436
269;437
269;438
269;439
269;440
269;441
269;442
269;443
269;444
269;445
269;446
269;447
269;448
269;449
269;450
269;451
269;452
269;453
269;454
269;455
269;456
269;457
269;458
269;459
269;460
269;461
269;462
269;463
269;464
269;465
269;466
269;467
269;489
269;490
269;491
269;492
269;493
269;494
269;495
269;496
269;497
269;498
269;499
269;500
269;501
269;502
269;503
269;504
269;505
269;506
269;507
269;508
269;509
269;510
269;511
269;512
269;513
269;514
269;515
269;516
269;517
269;518
269;519
269;520
269;521
269;522
269;523
269;524
269;525
269;526
269;527
269;528
269;529
269;530
269;531
269;532
269;533
269;534
269;535
269;536
270;0
270;1
270;2
270;3
270;4
270;5
270;6
270;7
270;8
270;9
270;10
270;11
270;12
270;13
270;14
270;15
270;16
270;17
270;18
270;19
270;20
270;21
270;22
270;23
270;24
270;25
270;26
270;27
270;28
270;29
270;30
270;31
270;32
270;33
270;34
270;35
270;36
270;37
270;38
270;39
270;40
270;41
270;42
270;43
270;44
270;45
270;46
270;47
270;48
270;49
270;50
270;51
270;52
270;53
270;54
270;55
270;56
270;57
270;58
270;59
270;60
270;61
270;62
270;63
270;64
270;65
270;66
270;67
270;132
270;133
270;134
270;135
270;136
270;137
270;138
270;139
270;140
270;141
270;142
270;143
270;144
270;145
270;146
270;147
270;148
270;149
270;150
270;308
270;309
270;310
270;311
270;312
270;313
270;314
270;315
270;316
270;317
270;318
270;319
270;320
270;321
270;322
270;323
270;324
270;325
270;326
270;327
270;328
270;329
270;330
270;331
270;332
270;333
270;334
270;335
270;336
270;337
270;338
270;339
270;340
270;341
270;342
270;346
270;347
270;348
270;349
270;350
270;351
270;352
270;353
270;354
270;355
270;356
270;357
270;358
270;359
270;360
270;361
270;362
270;363
270;364
270;365
270;366
270;367
270;368
270;369
270;370
270;371
270;372
270;373
270;374
270;375
270;376
270;377
270;378
270;379
270;380
270;381
270;382
270;383
270;384
270;385
270;386
270;387
270;422
270;423
270;424
270;425
270;426
270;427
270;428
270;429
270;430
270;431
270;432
270;433
270;434
270;435
270;436
270;437
270;438
270;439
270;440
270;441
270;442
270;443
270;444
270;445
270;446
270;447
270;448
270;449
270;450
270;451
270;452
270;453
270;454
270;455
270;456
270;457
270;458
270;459
270;460
270;461
270;462
270;463
270;464
270;465
270;466
270;467
270;490
270;491
270;492
270;493
270;494
270;495
270;496
270;497
270;498
270;499
270;500
270;501
270;502
270;503
270;504
270;505
270;506
270;507
270;508
270;509
270;510
270;511
270;512
270;513
270;514
270;515
270;516
270;517
270;518
270;519
270;520
270;521
270;522
270;523
270;524
270;525
270;526
270;527
270;528
270;529
270;530
270;531
270;532
270;533
270;534
270;535
270;536
271;0
271;1
271;2
271;3
271;4
271;5
271;6
271;7
271;8
271;9
271;10
271;11
271;12
271;13
271;14
271;15
271;16
271;17
271;18
271;19
271;20
271;21
271;22
271;23
271;24
271;25
271;26
271;27
271;28
271;29
271;30
271;31
271;32
271;33
271;34
271;35
271;36
271;37
271;38
271;39
271;40
271;41
271;42
271;43
271;44
271;45
271;46
271;47
271;48
271;49
271;50
271;51
271;52
271;53
271;54
271;55
271;56
271;57
271;58
271;59
271;60
271;61
271;62
271;63
271;64
271;65
271;66
271;67
271;68
271;134
271;135
271;136
271;137
271;138
271;139
271;140
271;141
271;142
271;143
271;144
271;145
271;146
271;147
271;148
271;149
271;312
271;313
271;314
271;315
271;316
271;317
271;318
271;319
271;320
271;321
271;322
271;323
271;324
271;325
271;326
271;327
271;328
271;329
271;330
271;331
271;332
271;333
271;334
271;335
271;336
271;337
271;338
271;346
271;347
271;348
271;349
271;350
271;351
271;352
271;353
271;354
271;355
271;356
271;357
271;358
271;359
271;360
271;361
271;362
271;363
271;364
271;365
271;366
271;367
271;368
271;369
271;370
271;371
271;372
271;373
271;374
271;375
271;376
271;377
271;378
271;379
271;380
271;381
271;382
271;383
271;384
271;385
271;386
271;423
271;424
271;425
271;426
271;427
271;428
271;429
271;430
271;431
271;432
271;433
271;434
271;435
271;436
271;437
271;438
271;439
271;440
271;441
271;442
271;443
271;444
271;445
271;446
271;447
271;448
271;449
271;450
271;451
271;452
271;453
271;454
271;455
271;456
271;457
271;458
271;459
271;460
271;461
271;462
271;463
271;464
271;465
271;466
271;490
271;491
271;492
271;493
271;494
271;495
271;496
271;497
271;498
271;499
271;500
271;501
271;502
271;503
271;504
271;505
271;506
271;507
271;508
271;509
271;510
271;511
271;512
271;513
271;514
271;515
271;516
271;517
271;518
271;519
271;520
271;521
271;522
271;523
271;524
271;525
271;526
271;527
271;528
271;529
271;530
271;531
271;532
271;533
271;534
271;535
271;536
272;0
272;1
272;2
272;3
272;4
272;5
272;6
272;7
272;8
272;9
272;10
272;11
272;12
272;13
272;14
272;15
272;16
272;17
272;18
272;19
272;20
272;21
272;22
272;23
272;24
272;25
272;26
272;27
272;28
272;29
272;30
272;31
272;32
272;33
272;34
272;35
272;36
272;37
272;38
272;39
272;40
272;41
272;42
272;43
272;44
272;45
272;46
272;47
272;48
272;49
272;50
272;51
272;52
272;53
272;54
272;55
272;56
272;57
272;58
272;59
272;60
272;61
272;62
272;63
272;64
272;65
272;66
272;67
272;68
272;69
272;136
272;137
272;138
272;139
272;140
272;141
272;142
272;143
272;144
272;145
272;146
272;147
272;148
272;316
272;318
272;319
272;320
272;321
272;322
272;323
272;324
272;325
272;326
272;327
272;328
272;329
272;330
272;331
272;332
272;334
272;347
272;348
272;349
272;350
272;351
272;352
272;353
272;354
272;355
272;356
272;357
272;358
272;359
272;360
272;361
272;362
272;363
272;364
272;365
272;366
272;367
272;368
272;369
272;370
272;371
272;372
272;373
272;374
272;375
272;376
272;377
272;378
272;379
272;380
272;381
272;382
272;383
272;384
272;424
272;425
272;426
272;427
272;428
272;429
272;430
272;431
272;432
272;433
272;434
272;435
272;436
272;437
272;438
272;439
272;440
272;441
272;442
272;443
272;444
272;445
272;446
272;447
272;448
272;449
272;450
272;451
272;452
272;453
272;454
272;455
272;456
272;457
272;458
272;459
272;460
272;461
272;462
272;463
272;464
272;465
272;466
272;490
272;491
272;492
272;493
272;494
272;495
272;496
272;497
272;498
272;499
272;500
272;501
272;502
272;503
272;504
272;505
272;506
272;507
272;508
272;509
272;510
272;511
272;512
272;513
272;514
272;515
272;516
272;517
272;518
272;519
272;520
272;521
272;522
272;523
272;524
272;525
272;526
272;527
272;528
272;529
272;530
272;531
272;532
272;533
272;534
272;535
272;536
273;0
273;1
273;2
273;3
273;4
273;5
273;6
273;7
273;8
273;9
273;10
273;11
273;12
273;13
273;14
273;15
273;16
273;17
273;18
273;19
273;20
273;21
273;22
273;23
273;24
273;25
273;26
273;27
273;28
273;29
273;30
273;31
273;32
273;33
273;34
273;35
273;36
273;37
273;38
273;39
273;40
273;41
273;42
273;43
273;44
273;45
273;46
273;47
273;48
273;49
273;50
273;51
273;52
273;53
273;54
273;55
273;56
273;57
273;58
273;59
273;60
273;61
273;62
273;63
273;64
273;65
273;66
273;67
273;68
273;69
273;70
273;137
273;138
273;139
273;140
273;141
273;142
273;143
273;144
273;145
273;146
273;147
273;148
273;348
273;349
273;350
273;351
273;352
273;353
273;354
273;355
273;356
273;357
273;358
273;359
273;360
273;361
273;362
273;363
273;364
273;365
273;366
273;367
273;368
273;369
273;370
273;371
273;372
273;373
273;374
273;375
273;376
273;377
273;378
273;379
273;380
273;381
273;382
273;424
273;425
273;426
273;427
273;428
273;429
273;430
273;431
273;432
273;433
273;434
273;435
273;436
273;437
273;438
273;439
273;440
273;441
273;442
273;443
273;444
273;445
273;446
273;447
273;448
273;449
273;450
273;451
273;452
273;453
273;454
273;455
273;456
273;457
273;458
273;459
273;460
273;461
273;462
273;463
273;464
273;491
273;492
273;493
273;494
273;495
273;496
273;497
273;498
273;499
273;500
273;501
273;502
273;503
273;504
273;505
273;506
273;507
273;508
273;509
273;510
273;511
273;512
273;513
273;514
273;515
273;516
273;517
273;518
273;519
273;520
273;521
273;522
273;523
273;524
273;525
273;526
273;527
273;528
273;529
273;530
273;531
273;532
273;533
273;534
273;535
273;536
274;0
274;1
274;2
274;3
274;4
274;5
274;6
274;7
274;8
274;9
274;10
274;11
274;12
274;13
274;14
274;15
274;16
274;17
274;18
274;19
274;20
274;21
274;22
274;23
274;24
274;25
274;26
274;27
274;28
274;29
274;30
274;31
274;32
274;33
274;34
274;35
274;36
274;37
274;38
274;39
274;40
274;41
274;42
274;43
274;44
274;45
274;46
274;47
274;48
274;49
274;50
274;51
274;52
274;53
274;54
274;55
274;56
274;57
274;58
274;59
274;60
274;61
274;62
274;63
274;64
274;65
274;66
274;67
274;68
274;69
274;70
274;71
274;138
274;139
274;140
274;141
274;142
274;143
274;144
274;145
274;146
274;348
274;349
274;350
274;351
274;352
274;353
274;354
274;355
274;356
274;357
274;358
274;359
274;360
274;361
274;362
274;363
274;364
274;365
274;366
274;367
274;368
274;369
274;370
274;371
274;372
274;373
274;374
274;375
274;376
274;377
274;378
274;379
274;380
274;423
274;424
274;425
274;426
274;427
274;428
274;429
274;430
274;431
274;432
274;433
274;434
274;435
274;436
274;437
274;438
274;439
274;440
274;441
274;442
274;443
274;444
274;445
274;446
274;447
274;448
274;449
274;450
274;451
274;452
274;453
274;454
274;455
274;456
274;457
274;458
274;459
274;460
274;461
274;462
274;463
274;464
274;491
274;492
274;493
274;494
274;495
274;496
274;497
274;498
274;499
274;500
274;501
274;502
274;503
274;504
274;505
274;506
274;507
274;508
274;509
274;510
274;511
274;512
274;513
274;514
274;515
274;516
274;517
274;518
274;519
274;520
274;521
274;522
274;523
274;524
274;525
274;526
274;527
274;528
274;529
274;530
274;531
274;532
274;533
274;534
274;535
274;536
275;0
275;1
275;2
275;3
275;4
275;5
275;6
275;7
275;8
275;9
275;10
275;11
275;12
275;13
275;14
275;15
275;16
275;17
275;18
275;19
275;20
275;21
275;22
275;23
275;24
275;25
275;26
275;27
275;28
275;29
275;30
275;31
275;32
275;33
275;34
275;35
275;36
275;37
275;38
275;39
275;40
275;41
275;42
275;43
275;44
275;45
275;46
275;47
275;48
275;49
275;50
275;51
275;52
275;53
275;54
275;55
275;56
275;57
275;58
275;59
275;60
275;61
275;62
275;63
275;64
275;65
275;66
275;67
275;68
275;69
275;70
275;71
275;72
275;140
275;141
275;142
275;143
275;144
275;145
275;146
275;350
275;351
275;352
275;353
275;354
275;355
275;356
275;357
275;358
275;359
275;360
275;361
275;362
275;363
275;364
275;365
275;366
275;367
275;368
275;369
275;370
275;371
275;372
275;373
275;374
275;375
275;376
275;377
275;378
275;423
275;424
275;425
275;426
275;427
275;428
275;429
275;430
275;431
275;432
275;433
275;434
275;435
275;436
275;437
275;438
275;439
275;440
275;441
275;442
275;443
275;444
275;445
275;446
275;447
275;448
275;449
275;450
275;451
275;452
275;453
275;454
275;455
275;456
275;457
275;458
275;459
275;460
275;461
275;462
275;491
275;492
275;493
275;494
275;495
275;496
275;497
275;498
275;499
275;500
275;501
275;502
275;503
275;504
275;505
275;506
275;507
275;508
275;509
275;510
275;511
275;512
275;513
275;514
275;515
275;516
275;517
275;518
275;519
275;520
275;521
275;522
275;523
275;524
275;525
275;526
275;527
275;528
275;529
275;530
275;531
275;532
275;533
275;534
275;535
275;536
276;0
276;1
276;2
276;3
276;4
276;5
276;6
276;7
276;8
276;9
276;10
276;11
276;12
276;13
276;14
276;15
276;16
276;17
276;18
276;19
276;20
276;21
276;22
276;23
276;24
276;25
276;26
276;27
276;28
276;29
276;30
276;31
276;32
276;33
276;34
276;35
276;36
276;37
276;38
276;39
276;40
276;41
276;42
276;43
276;44
276;45
276;46
276;47
276;48
276;49
276;50
276;51
276;52
276;53
276;54
276;55
276;56
276;57
276;58
276;59
276;60
276;61
276;62
276;63
276;64
276;65
276;66
276;67
276;68
276;69
276;70
276;71
276;72
276;73
276;141
276;142
276;143
276;144
276;350
276;351
276;352
276;353
276;354
276;355
276;356
276;357
276;358
276;359
276;360
276;361
276;362
276;363
276;364
276;365
276;366
276;367
276;368
276;369
276;370
276;371
276;372
276;373
276;374
276;375
276;376
276;422
276;423
276;424
276;425
276;426
276;427
276;428
276;429
276;430
276;431
276;432
276;433
276;434
276;435
276;436
276;437
276;438
276;439
276;440
276;441
276;442
276;443
276;444
276;445
276;446
276;447
276;448
276;449
276;450
276;451
276;452
276;453
276;454
276;455
276;456
276;457
276;458
276;459
276;460
276;461
276;462
276;492
276;493
276;494
276;495
276;496
276;497
276;498
276;499
276;500
276;501
276;502
276;503
276;504
276;505
276;506
276;507
276;508
276;509
276;510
276;511
276;512
276;513
276;514
276;515
276;516
276;517
276;518
276;519
276;520
276;521
276;522
276;523
276;524
276;525
276;526
276;527
276;528
276;529
276;530
276;531
276;532
276;533
276;534
276;535
276;536
277;0
277;1
277;2
277;3
277;4
277;5
277;6
277;7
277;8
277;9
277;10
277;11
277;12
277;13
277;14
277;15
277;16
277;17
277;18
277;19
277;20
277;21
277;22
277;23
277;24
277;25
277;26
277;27
277;28
277;29
277;30
277;31
277;32
277;33
277;34
277;35
277;36
277;37
277;38
277;39
277;40
277;41
277;42
277;43
277;44
277;45
277;46
277;47
277;48
277;49
277;50
277;51
277;52
277;53
277;54
277;55
277;56
277;57
277;58
277;59
277;60
277;61
277;62
277;63
277;64
277;65
277;66
277;67
277;68
277;69
277;70
277;71
277;72
277;73
277;74
277;142
277;143
277;144
277;351
277;352
277;353
277;354
277;355
277;356
277;357
277;358
277;359
277;360
277;361
277;362
277;363
277;364
277;365
277;366
277;367
277;368
277;369
277;370
277;371
277;372
277;373
277;374
277;421
277;422
277;423
277;424
277;425
277;426
277;427
277;428
277;429
277;430
277;431
277;432
277;433
277;434
277;435
277;436
277;437
277;438
277;439
277;440
277;441
277;442
277;443
277;444
277;445
277;446
277;447
277;448
277;449
277;450
277;451
277;452
277;453
277;454
277;455
277;456
277;457
277;458
277;459
277;460
277;492
277;493
277;494
277;495
277;496
277;497
277;498
277;499
277;500
277;501
277;502
277;503
277;504
277;505
277;506
277;507
277;508
277;509
277;510
277;511
277;512
277;513
277;514
277;515
277;516
277;517
277;518
277;519
277;520
277;521
277;522
277;523
277;524
277;525
277;526
277;527
277;528
277;529
277;530
277;531
277;532
277;533
277;534
277;535
277;536
278;0
278;1
278;2
278;3
278;4
278;5
278;6
278;7
278;8
278;9
278;10
278;11
278;12
278;13
278;14
278;15
278;16
278;17
278;18
278;19
278;20
278;21
278;22
278;23
278;24
278;25
278;26
278;27
278;28
278;29
278;30
278;31
278;32
278;33
278;34
278;35
278;36
278;37
278;38
278;39
278;40
278;41
278;42
278;43
278;44
278;45
278;46
278;47
278;48
278;49
278;50
278;51
278;52
278;53
278;54
278;55
278;56
278;57
278;58
278;59
278;60
278;61
278;62
278;63
278;64
278;65
278;66
278;67
278;68
278;69
278;70
278;71
278;72
278;73
278;74
278;75
278;352
278;353
278;354
278;355
278;356
278;357
278;358
278;359
278;360
278;361
278;362
278;363
278;364
278;365
278;366
278;367
278;368
278;369
278;370
278;371
278;372
278;373
278;374
278;420
278;421
278;422
278;423
278;424
278;425
278;426
278;427
278;428
278;429
278;430
278;431
278;432
278;433
278;434
278;435
278;436
278;437
278;438
278;439
278;440
278;441
278;442
278;443
278;444
278;445
278;446
278;447
278;448
278;449
278;450
278;451
278;452
278;453
278;454
278;455
278;456
278;457
278;458
278;492
278;493
278;494
278;495
278;496
278;497
278;498
278;499
278;500
278;501
278;502
278;503
278;504
278;505
278;506
278;507
278;508
278;509
278;510
278;511
278;512
278;513
278;514
278;515
278;516
278;517
278;518
278;519
278;520
278;521
278;522
278;523
278;524
278;525
278;526
278;527
278;528
278;529
278;530
278;531
278;532
278;533
278;534
278;535
278;536
279;0
279;1
279;2
279;3
279;4
279;5
279;6
279;7
279;8
279;9
279;10
279;11
279;12
279;13
279;14
279;15
279;16
279;17
279;18
279;19
279;20
279;21
279;22
279;23
279;24
279;25
279;26
279;27
279;28
279;29
279;30
279;31
279;32
279;33
279;34
279;35
279;36
279;37
279;38
279;39
279;40
279;41
279;42
279;43
279;44
279;45
279;46
279;47
279;48
279;49
279;50
279;51
279;52
279;53
279;54
279;55
279;56
279;57
279;58
279;59
279;60
279;61
279;62
279;63
279;64
279;65
279;66
279;67
279;68
279;69
279;70
279;71
279;72
279;73
279;74
279;75
279;76
279;352
279;353
279;354
279;355
279;356
279;357
279;358
279;359
279;360
279;361
279;362
279;363
279;364
279;365
279;366
279;367
279;368
279;369
279;370
279;371
279;372
279;419
279;420
279;421
279;422
279;423
279;424
279;425
279;426
279;427
279;428
279;429
279;430
279;431
279;432
279;433
279;434
279;435
279;436
279;437
279;438
279;439
279;440
279;441
279;442
279;443
279;444
279;445
279;446
279;447
279;448
279;449
279;450
279;451
279;452
279;453
279;454
279;455
279;456
279;493
279;494
279;495
279;496
279;497
279;498
279;499
279;500
279;501
279;502
279;503
279;504
279;505
279;506
279;507
279;508
279;509
279;510
279;511
279;512
279;513
279;514
279;515
279;516
279;517
279;518
279;519
279;520
279;521
279;522
279;523
279;524
279;525
279;526
279;527
279;528
279;529
279;530
279;531
279;532
279;533
279;534
279;535
279;536
280;0
280;1
280;2
280;3
280;4
280;5
280;6
280;7
280;8
280;9
280;10
280;11
280;12
280;13
280;14
280;15
280;16
280;17
280;18
280;19
280;20
280;21
280;22
280;23
280;24
280;25
280;26
280;27
280;28
280;29
280;30
280;31
280;32
280;33
280;34
280;35
280;36
280;37
280;38
280;39
280;40
280;41
280;42
280;43
280;44
280;45
280;46
280;47
280;48
280;49
280;50
280;51
280;52
280;53
280;54
280;55
280;56
280;57
280;58
280;59
280;60
280;61
280;62
280;63
280;64
280;65
280;66
280;67
280;68
280;69
280;70
280;71
280;72
280;73
280;74
280;75
280;76
280;77
280;353
280;354
280;355
280;356
280;357
280;358
280;359
280;360
280;361
280;362
280;363
280;364
280;365
280;366
280;367
280;368
280;369
280;370
280;419
280;420
280;421
280;422
280;423
280;424
280;425
280;426
280;427
280;428
280;429
280;430
280;431
280;432
280;433
280;434
280;435
280;436
280;437
280;438
280;439
280;440
280;441
280;442
280;443
280;444
280;445
280;446
280;447
280;448
280;449
280;450
280;451
280;452
280;453
280;454
280;493
280;494
280;495
280;496
280;497
280;498
280;499
280;500
280;501
280;502
280;503
280;504
280;505
280;506
280;507
280;508
280;509
280;510
280;511
280;512
280;513
280;514
280;515
280;516
280;517
280;518
280;519
280;520
280;521
280;522
280;523
280;524
280;525
280;526
280;527
280;528
280;529
280;530
280;531
280;532
280;533
280;534
280;535
280;536
281;0
281;1
281;2
281;3
281;4
281;5
281;6
281;7
281;8
281;9
281;10
281;11
281;12
281;13
281;14
281;15
281;16
281;17
281;18
281;19
281;20
281;21
281;22
281;23
281;24
281;25
281;26
281;27
281;28
281;29
281;30
281;31
281;32
281;33
281;34
281;35
281;36
281;37
281;38
281;39
281;40
281;41
281;42
281;43
281;44
281;45
281;46
281;47
281;48
281;49
281;50
281;51
281;52
281;53
281;54
281;55
281;56
281;57
281;58
281;59
281;60
281;61
281;62
281;63
281;64
281;65
281;66
281;67
281;68
281;69
281;70
281;71
281;72
281;73
281;74
281;75
281;76
281;77
281;78
281;354
281;355
281;356
281;357
281;358
281;359
281;360
281;361
281;362
281;363
281;364
281;365
281;366
281;367
281;368
281;418
281;419
281;420
281;421
281;422
281;423
281;424
281;425
281;426
281;427
281;428
281;429
281;430
281;431
281;432
281;433
281;434
281;435
281;436
281;437
281;438
281;439
281;440
281;441
281;442
281;443
281;444
281;445
281;446
281;447
281;448
281;449
281;450
281;494
281;495
281;496
281;497
281;498
281;499
281;500
281;501
281;502
281;503
281;504
281;505
281;506
281;507
281;508
281;509
281;510
281;511
281;512
281;513
281;514
281;515
281;516
281;517
281;518
281;519
281;520
281;521
281;522
281;523
281;524
281;525
281;526
281;527
281;528
281;529
281;530
281;531
281;532
281;533
281;534
281;535
281;536
282;0
282;1
282;2
282;3
282;4
282;5
282;6
282;7
282;8
282;9
282;10
282;11
282;12
282;13
282;14
282;15
282;16
282;17
282;18
282;19
282;20
282;21
282;22
282;23
282;24
282;25
282;26
282;27
282;28
282;29
282;30
282;31
282;32
282;33
282;34
282;35
282;36
282;37
282;38
282;39
282;40
282;41
282;42
282;43
282;44
282;45
282;46
282;47
282;48
282;49
282;50
282;51
282;52
282;53
282;54
282;55
282;56
282;57
282;58
282;59
282;60
282;61
282;62
282;63
282;64
282;65
282;66
282;67
282;68
282;69
282;70
282;71
282;72
282;73
282;74
282;75
282;76
282;77
282;78
282;79
282;355
282;356
282;357
282;358
282;359
282;360
282;361
282;362
282;363
282;364
282;365
282;366
282;417
282;418
282;419
282;420
282;421
282;422
282;423
282;424
282;425
282;426
282;427
282;428
282;429
282;430
282;431
282;432
282;433
282;434
282;435
282;436
282;437
282;438
282;439
282;440
282;441
282;442
282;443
282;444
282;445
282;446
282;447
282;494
282;495
282;496
282;497
282;498
282;499
282;500
282;501
282;502
282;503
282;504
282;505
282;506
282;507
282;508
282;509
282;510
282;511
282;512
282;513
282;514
282;515
282;516
282;517
282;518
282;519
282;520
282;521
282;522
282;523
282;524
282;525
282;526
282;527
282;528
282;529
282;530
282;531
282;532
282;533
282;534
282;535
282;536
283;0
283;1
283;2
283;3
283;4
283;5
283;6
283;7
283;8
283;9
283;10
283;11
283;12
283;13
283;14
283;15
283;16
283;17
283;18
283;19
283;20
283;21
283;22
283;23
283;24
283;25
283;26
283;27
283;28
283;29
283;30
283;31
283;32
283;33
283;34
283;35
283;36
283;37
283;38
283;39
283;40
283;41
283;42
283;43
283;44
283;45
283;46
283;47
283;48
283;49
283;50
283;51
283;52
283;53
283;54
283;55
283;56
283;57
283;58
283;59
283;60
283;61
283;62
283;63
283;64
283;65
283;66
283;67
283;68
283;69
283;70
283;71
283;72
283;73
283;74
283;75
283;76
283;77
283;78
283;79
283;356
283;357
283;358
283;359
283;360
283;361
283;362
283;363
283;364
283;417
283;418
283;419
283;420
283;421
283;422
283;423
283;424
283;425
283;426
283;427
283;428
283;429
283;430
283;431
283;432
283;433
283;434
283;435
283;436
283;437
283;438
283;439
283;440
283;441
283;442
283;443
283;444
283;445
283;446
283;447
283;494
283;495
283;496
283;497
283;498
283;499
283;500
283;501
283;502
283;503
283;504
283;505
283;506
283;507
283;508
283;509
283;510
283;511
283;512
283;513
283;514
283;515
283;516
283;517
283;518
283;519
283;520
283;521
283;522
283;523
283;524
283;525
283;526
283;527
283;528
283;529
283;530
283;531
283;532
283;533
283;534
283;535
283;536
284;0
284;1
284;2
284;3
284;4
284;5
284;6
284;7
284;8
284;9
284;10
284;11
284;12
284;13
284;14
284;15
284;16
284;17
284;18
284;19
284;20
284;21
284;22
284;23
284;24
284;25
284;26
284;27
284;28
284;29
284;30
284;31
284;32
284;33
284;34
284;35
284;36
284;37
284;38
284;39
284;40
284;41
284;42
284;43
284;44
284;45
284;46
284;47
284;48
284;49
284;50
284;51
284;52
284;53
284;54
284;55
284;56
284;57
284;58
284;59
284;60
284;61
284;62
284;63
284;64
284;65
284;66
284;67
284;68
284;69
284;70
284;71
284;72
284;73
284;74
284;75
284;76
284;77
284;78
284;79
284;80
284;81
284;356
284;357
284;358
284;359
284;360
284;361
284;362
284;416
284;417
284;418
284;419
284;420
284;421
284;422
284;423
284;424
284;425
284;426
284;427
284;428
284;429
284;430
284;431
284;432
284;433
284;434
284;435
284;436
284;437
284;438
284;439
284;440
284;441
284;442
284;443
284;444
284;445
284;446
284;447
284;448
284;495
284;496
284;497
284;498
284;499
284;500
284;501
284;502
284;503
284;504
284;505
284;506
284;507
284;508
284;509
284;510
284;511
284;512
284;513
284;514
284;515
284;516
284;517
284;518
284;519
284;520
284;521
284;522
284;523
284;524
284;525
284;526
284;527
284;528
284;529
284;530
284;531
284;532
284;533
284;534
284;535
284;536
285;0
285;1
285;2
285;3
285;4
285;5
285;6
285;7
285;8
285;9
285;10
285;11
285;12
285;13
285;14
285;15
285;16
285;17
285;18
285;19
285;20
285;21
285;22
285;23
285;24
285;25
285;26
285;27
285;28
285;29
285;30
285;31
285;32
285;33
285;34
285;35
285;36
285;37
285;38
285;39
285;40
285;41
285;42
285;43
285;44
285;45
285;46
285;47
285;48
285;49
285;50
285;51
285;52
285;53
285;54
285;55
285;56
285;57
285;58
285;59
285;60
285;61
285;62
285;63
285;64
285;65
285;66
285;67
285;68
285;69
285;70
285;71
285;72
285;73
285;74
285;75
285;76
285;77
285;78
285;79
285;80
285;81
285;357
285;358
285;359
285;360
285;361
285;362
285;415
285;416
285;417
285;418
285;419
285;420
285;421
285;422
285;423
285;424
285;425
285;426
285;427
285;428
285;429
285;430
285;431
285;432
285;433
285;434
285;435
285;436
285;437
285;438
285;439
285;440
285;441
285;442
285;443
285;444
285;445
285;446
285;447
285;448
285;449
285;495
285;496
285;497
285;498
285;499
285;500
285;501
285;502
285;503
285;504
285;505
285;506
285;507
285;508
285;509
285;510
285;511
285;512
285;513
285;514
285;515
285;516
285;517
285;518
285;519
285;520
285;521
285;522
285;523
285;524
285;525
285;526
285;527
285;528
285;529
285;530
285;531
285;532
285;533
285;534
285;535
285;536
286;0
286;1
286;2
286;3
286;4
286;5
286;6
286;7
286;8
286;9
286;10
286;11
286;12
286;13
286;14
286;15
286;16
286;17
286;18
286;19
286;20
286;21
286;22
286;23
286;24
286;25
286;26
286;27
286;28
286;29
286;30
286;31
286;32
286;33
286;34
286;35
286;36
286;37
286;38
286;39
286;40
286;41
286;42
286;43
286;44
286;45
286;46
286;47
286;48
286;49
286;50
286;51
286;52
286;53
286;54
286;55
286;56
286;57
286;58
286;59
286;60
286;61
286;62
286;63
286;64
286;65
286;66
286;67
286;68
286;69
286;70
286;71
286;72
286;73
286;74
286;75
286;76
286;77
286;78
286;79
286;80
286;81
286;82
286;83
286;358
286;359
286;360
286;415
286;416
286;417
286;418
286;419
286;420
286;421
286;422
286;423
286;424
286;425
286;426
286;427
286;428
286;429
286;430
286;431
286;432
286;433
286;434
286;435
286;436
286;437
286;438
286;439
286;440
286;441
286;442
286;443
286;444
286;445
286;446
286;447
286;448
286;449
286;496
286;497
286;498
286;499
286;500
286;501
286;502
286;503
286;504
286;505
286;506
286;507
286;508
286;509
286;510
286;511
286;512
286;513
286;514
286;515
286;516
286;517
286;518
286;519
286;520
286;521
286;522
286;523
286;524
286;525
286;526
286;527
286;528
286;529
286;530
286;531
286;532
286;533
286;534
286;535
286;536
287;0
287;1
287;2
287;3
287;4
287;5
287;6
287;7
287;8
287;9
287;10
287;11
287;12
287;13
287;14
287;15
287;16
287;17
287;18
287;19
287;20
287;21
287;22
287;23
287;24
287;25
287;26
287;27
287;28
287;29
287;30
287;31
287;32
287;33
287;34
287;35
287;36
287;37
287;38
287;39
287;40
287;41
287;42
287;43
287;44
287;45
287;46
287;47
287;48
287;49
287;50
287;51
287;52
287;53
287;54
287;55
287;56
287;57
287;58
287;59
287;60
287;61
287;62
287;63
287;64
287;65
287;66
287;67
287;68
287;69
287;70
287;71
287;72
287;73
287;74
287;75
287;76
287;77
287;78
287;79
287;80
287;81
287;82
287;83
287;358
287;413
287;414
287;415
287;416
287;417
287;418
287;419
287;420
287;421
287;422
287;423
287;424
287;425
287;426
287;427
287;428
287;429
287;430
287;431
287;432
287;433
287;434
287;435
287;436
287;437
287;438
287;439
287;440
287;441
287;442
287;443
287;444
287;445
287;446
287;447
287;448
287;449
287;450
287;496
287;497
287;498
287;499
287;500
287;501
287;502
287;503
287;504
287;505
287;506
287;507
287;508
287;509
287;510
287;511
287;512
287;513
287;514
287;515
287;516
287;517
287;518
287;519
287;520
287;521
287;522
287;523
287;524
287;525
287;526
287;527
287;528
287;529
287;530
287;531
287;532
287;533
287;534
287;535
287;536
288;0
288;1
288;2
288;3
288;4
288;5
288;6
288;7
288;8
288;9
288;10
288;11
288;12
288;13
288;14
288;15
288;16
288;17
288;18
288;19
288;20
288;21
288;22
288;23
288;24
288;25
288;26
288;27
288;28
288;29
288;30
288;31
288;32
288;33
288;34
288;35
288;36
288;37
288;38
288;39
288;40
288;41
288;42
288;43
288;44
288;45
288;46
288;47
288;48
288;49
288;50
288;51
288;52
288;53
288;54
288;55
288;56
288;57
288;58
288;59
288;60
288;61
288;62
288;63
288;64
288;65
288;66
288;67
288;68
288;69
288;70
288;71
288;72
288;73
288;74
288;75
288;76
288;77
288;78
288;79
288;80
288;81
288;82
288;83
288;84
288;85
288;413
288;414
288;415
288;416
288;417
288;418
288;419
288;420
288;421
288;422
288;423
288;424
288;425
288;426
288;427
288;428
288;429
288;430
288;431
288;432
288;433
288;434
288;435
288;436
288;437
288;438
288;439
288;440
288;441
288;442
288;443
288;444
288;445
288;446
288;447
288;448
288;449
288;450
288;451
288;496
288;497
288;498
288;499
288;500
288;501
288;502
288;503
288;504
288;505
288;506
288;507
288;508
288;509
288;510
288;511
288;512
288;513
288;514
288;515
288;516
288;517
288;518
288;519
288;520
288;521
288;522
288;523
288;524
288;525
288;526
288;527
288;528
288;529
288;530
288;531
288;532
288;533
288;534
288;535
288;536
289;0
289;1
289;2
289;3
289;4
289;5
289;6
289;7
289;8
289;9
289;10
289;11
289;12
289;13
289;14
289;15
289;16
289;17
289;18
289;19
289;20
289;21
289;22
289;23
289;24
289;25
289;26
289;27
289;28
289;29
289;30
289;31
289;32
289;33
289;34
289;35
289;36
289;37
289;38
289;39
289;40
289;41
289;42
289;43
289;44
289;45
289;46
289;47
289;48
289;49
289;50
289;51
289;52
289;53
289;54
289;55
289;56
289;57
289;58
289;59
289;60
289;61
289;62
289;63
289;64
289;65
289;66
289;67
289;68
289;69
289;70
289;71
289;72
289;73
289;74
289;75
289;76
289;77
289;78
289;79
289;80
289;81
289;82
289;83
289;84
289;85
289;412
289;413
289;414
289;415
289;416
289;417
289;418
289;419
289;420
289;421
289;422
289;423
289;424
289;425
289;426
289;427
289;428
289;429
289;430
289;431
289;432
289;433
289;434
289;435
289;436
289;437
289;438
289;439
289;440
289;441
289;442
289;443
289;444
289;445
289;446
289;447
289;448
289;449
289;450
289;451
289;497
289;498
289;499
289;500
289;501
289;502
289;503
289;504
289;505
289;506
289;507
289;508
289;509
289;510
289;511
289;512
289;513
289;514
289;515
289;516
289;517
289;518
289;519
289;520
289;521
289;522
289;523
289;524
289;525
289;526
289;527
289;528
289;529
289;530
289;531
289;532
289;533
289;534
289;535
289;536
290;0
290;1
290;2
290;3
290;4
290;5
290;6
290;7
290;8
290;9
290;10
290;11
290;12
290;13
290;14
290;15
290;16
290;17
290;18
290;19
290;20
290;21
290;22
290;23
290;24
290;25
290;26
290;27
290;28
290;29
290;30
290;31
290;32
290;33
290;34
290;35
290;36
290;37
290;38
290;39
290;40
290;41
290;42
290;43
290;44
290;45
290;46
290;47
290;48
290;49
290;50
290;51
290;52
290;53
290;54
290;55
290;56
290;57
290;58
290;59
290;60
290;61
290;62
290;63
290;64
290;65
290;66
290;67
290;68
290;69
290;70
290;71
290;72
290;73
290;74
290;75
290;76
290;77
290;78
290;79
290;80
290;81
290;82
290;83
290;84
290;85
290;86
290;87
290;411
290;412
290;413
290;414
290;415
290;416
290;417
290;418
290;419
290;420
290;421
290;422
290;423
290;424
290;425
290;426
290;427
290;428
290;429
290;430
290;431
290;432
290;433
290;434
290;435
290;436
290;437
290;438
290;439
290;440
290;441
290;442
290;443
290;444
290;445
290;446
290;447
290;448
290;449
290;450
290;451
290;452
290;497
290;498
290;499
290;500
290;501
290;502
290;503
290;504
290;505
290;506
290;507
290;508
290;509
290;510
290;511
290;512
290;513
290;514
290;515
290;516
290;517
290;518
290;519
290;520
290;521
290;522
290;523
290;524
290;525
290;526
290;527
290;528
290;529
290;530
290;531
290;532
290;533
290;534
290;535
290;536
291;0
291;1
291;2
291;3
291;4
291;5
291;6
291;7
291;8
291;9
291;10
291;11
291;12
291;13
291;14
291;15
291;16
291;17
291;18
291;19
291;20
291;21
291;22
291;23
291;24
291;25
291;26
291;27
291;28
291;29
291;30
291;31
291;32
291;33
291;34
291;35
291;36
291;37
291;38
291;39
291;40
291;41
291;42
291;43
291;44
291;45
291;46
291;47
291;48
291;49
291;50
291;51
291;52
291;53
291;54
291;55
291;56
291;57
291;58
291;59
291;60
291;61
291;62
291;63
291;64
291;65
291;66
291;67
291;68
291;69
291;70
291;71
291;72
291;73
291;74
291;75
291;76
291;77
291;78
291;79
291;80
291;81
291;82
291;83
291;84
291;85
291;86
291;87
291;411
291;412
291;413
291;414
291;415
291;416
291;417
291;418
291;419
291;420
291;421
291;422
291;423
291;424
291;425
291;426
291;427
291;428
291;429
291;430
291;431
291;432
291;433
291;434
291;435
291;436
291;437
291;438
291;439
291;440
291;441
291;442
291;443
291;444
291;445
291;446
291;447
291;448
291;449
291;450
291;451
291;452
291;453
291;498
291;499
291;500
291;501
291;502
291;503
291;504
291;505
291;506
291;507
291;508
291;509
291;510
291;511
291;512
291;513
291;514
291;515
291;516
291;517
291;518
291;519
291;520
291;521
291;522
291;523
291;524
291;525
291;526
291;527
291;528
291;529
291;530
291;531
291;532
291;533
291;534
291;535
291;536
292;0
292;1
292;2
292;3
292;4
292;5
292;6
292;7
292;8
292;9
292;10
292;11
292;12
292;13
292;14
292;15
292;16
292;17
292;18
292;19
292;20
292;21
292;22
292;23
292;24
292;25
292;26
292;27
292;28
292;29
292;30
292;31
292;32
292;33
292;34
292;35
292;36
292;37
292;38
292;39
292;40
292;41
292;42
292;43
292;44
292;45
292;46
292;47
292;48
292;49
292;50
292;51
292;52
292;53
292;54
292;55
292;56
292;57
292;58
292;59
292;60
292;61
292;62
292;63
292;64
292;65
292;66
292;67
292;68
292;69
292;70
292;71
292;72
292;73
292;74
292;75
292;76
292;77
292;78
292;79
292;80
292;81
292;82
292;83
292;84
292;85
292;86
292;87
292;88
292;89
292;410
292;411
292;412
292;413
292;414
292;415
292;416
292;417
292;418
292;419
292;420
292;421
292;422
292;423
292;424
292;425
292;426
292;427
292;428
292;429
292;430
292;431
292;432
292;433
292;434
292;435
292;436
292;437
292;438
292;439
292;440
292;441
292;442
292;443
292;444
292;445
292;446
292;447
292;448
292;449
292;450
292;451
292;452
292;453
292;498
292;499
292;500
292;501
292;502
292;503
292;504
292;505
292;506
292;507
292;508
292;509
292;510
292;511
292;512
292;513
292;514
292;515
292;516
292;517
292;518
292;519
292;520
292;521
292;522
292;523
292;524
292;525
292;526
292;527
292;528
292;529
292;530
292;531
292;532
292;533
292;534
292;535
292;536
293;0
293;1
293;2
293;3
293;4
293;5
293;6
293;7
293;8
293;9
293;10
293;11
293;12
293;13
293;14
293;15
293;16
293;17
293;18
293;19
293;20
293;21
293;22
293;23
293;24
293;25
293;26
293;27
293;28
293;29
293;30
293;31
293;32
293;33
293;34
293;35
293;36
293;37
293;38
293;39
293;40
293;41
293;42
293;43
293;44
293;45
293;46
293;47
293;48
293;49
293;50
293;51
293;52
293;53
293;54
293;55
293;56
293;57
293;58
293;59
293;60
293;61
293;62
293;63
293;64
293;65
293;66
293;67
293;68
293;69
293;70
293;71
293;72
293;73
293;74
293;75
293;76
293;77
293;78
293;79
293;80
293;81
293;82
293;83
293;84
293;85
293;86
293;88
293;409
293;410
293;411
293;412
293;413
293;414
293;415
293;416
293;417
293;418
293;419
293;420
293;421
293;422
293;423
293;424
293;425
293;426
293;427
293;428
293;429
293;430
293;431
293;432
293;433
293;434
293;435
293;436
293;437
293;438
293;439
293;440
293;441
293;442
293;443
293;444
293;445
293;446
293;447
293;448
293;449
293;450
293;451
293;452
293;453
293;498
293;499
293;500
293;501
293;502
293;503
293;504
293;505
293;506
293;507
293;508
293;509
293;510
293;511
293;512
293;513
293;514
293;515
293;516
293;517
293;518
293;519
293;520
293;521
293;522
293;523
293;524
293;525
293;526
293;527
293;528
293;529
293;530
293;531
293;532
293;533
293;534
293;535
293;536
294;0
294;1
294;2
294;3
294;4
294;5
294;6
294;7
294;8
294;9
294;10
294;11
294;12
294;13
294;14
294;15
294;16
294;17
294;18
294;19
294;20
294;21
294;22
294;23
294;24
294;25
294;26
294;27
294;28
294;29
294;30
294;31
294;32
294;33
294;34
294;35
294;36
294;37
294;38
294;39
294;40
294;41
294;42
294;43
294;44
294;45
294;46
294;47
294;48
294;49
294;50
294;51
294;52
294;53
294;54
294;55
294;56
294;57
294;58
294;59
294;60
294;61
294;62
294;63
294;64
294;65
294;66
294;67
294;68
294;69
294;70
294;71
294;72
294;73
294;74
294;75
294;76
294;77
294;78
294;80
294;409
294;410
294;411
294;412
294;413
294;414
294;415
294;416
294;417
294;418
294;419
294;420
294;421
294;422
294;423
294;424
294;425
294;426
294;427
294;428
294;429
294;430
294;431
294;432
294;433
294;434
294;435
294;436
294;437
294;438
294;439
294;440
294;441
294;442
294;443
294;444
294;445
294;446
294;447
294;448
294;449
294;450
294;451
294;452
294;453
294;454
294;499
294;500
294;501
294;502
294;503
294;504
294;505
294;506
294;507
294;508
294;509
294;510
294;511
294;512
294;513
294;514
294;515
294;516
294;517
294;518
294;519
294;520
294;521
294;522
294;523
294;524
294;525
294;526
294;527
294;528
294;529
294;530
294;531
294;532
294;533
294;534
294;535
294;536
295;0
295;1
295;2
295;3
295;4
295;5
295;6
295;7
295;8
295;9
295;10
295;11
295;12
295;13
295;14
295;15
295;16
295;17
295;18
295;19
295;20
295;21
295;22
295;23
295;24
295;25
295;26
295;27
295;28
295;29
295;30
295;31
295;32
295;33
295;34
295;35
295;36
295;37
295;38
295;39
295;40
295;41
295;42
295;43
295;44
295;45
295;46
295;47
295;48
295;49
295;50
295;51
295;52
295;53
295;54
295;55
295;56
295;57
295;58
295;59
295;60
295;61
295;62
295;63
295;64
295;65
295;66
295;67
295;68
295;69
295;70
295;71
295;72
295;74
295;408
295;409
295;410
295;411
295;412
295;413
295;414
295;415
295;416
295;417
295;418
295;419
295;420
295;421
295;422
295;423
295;424
295;425
295;426
295;427
295;428
295;429
295;430
295;431
295;432
295;433
295;434
295;435
295;436
295;437
295;438
295;439
295;440
295;441
295;442
295;443
295;444
295;445
295;446
295;447
295;448
295;449
295;450
295;451
295;452
295;453
295;454
295;455
295;499
295;500
295;501
295;502
295;503
295;504
295;505
295;506
295;507
295;508
295;509
295;510
295;511
295;512
295;513
295;514
295;515
295;516
295;517
295;518
295;519
295;520
295;521
295;522
295;523
295;524
295;525
295;526
295;527
295;528
295;529
295;530
295;531
295;532
295;533
295;534
295;535
295;536
296;0
296;1
296;2
296;3
296;4
296;5
296;6
296;7
296;8
296;9
296;10
296;11
296;12
296;13
296;14
296;15
296;16
296;17
296;18
296;19
296;20
296;21
296;22
296;23
296;24
296;25
296;26
296;27
296;28
296;29
296;30
296;31
296;32
296;33
296;34
296;35
296;36
296;37
296;38
296;39
296;40
296;41
296;42
296;43
296;44
296;45
296;46
296;47
296;48
296;49
296;50
296;51
296;52
296;53
296;54
296;55
296;56
296;57
296;58
296;59
296;60
296;61
296;62
296;63
296;64
296;65
296;66
296;68
296;407
296;408
296;409
296;410
296;411
296;412
296;413
296;414
296;415
296;416
296;417
296;418
296;419
296;420
296;421
296;422
296;423
296;424
296;425
296;426
296;427
296;428
296;429
296;430
296;431
296;432
296;433
296;434
296;435
296;436
296;437
296;438
296;439
296;440
296;441
296;442
296;443
296;444
296;445
296;446
296;447
296;448
296;449
296;450
296;451
296;452
296;453
296;454
296;455
296;500
296;501
296;502
296;503
296;504
296;505
296;506
296;507
296;508
296;509
296;510
296;511
296;512
296;513
296;514
296;515
296;516
296;517
296;518
296;519
296;520
296;521
296;522
296;523
296;524
296;525
296;526
296;527
296;528
296;529
296;530
296;531
296;532
296;533
296;534
296;535
296;536
297;0
297;1
297;2
297;3
297;4
297;5
297;6
297;7
297;8
297;9
297;10
297;11
297;12
297;13
297;14
297;15
297;16
297;17
297;18
297;19
297;20
297;21
297;22
297;23
297;24
297;25
297;26
297;27
297;28
297;29
297;30
297;31
297;32
297;33
297;34
297;35
297;36
297;37
297;38
297;39
297;40
297;41
297;42
297;43
297;44
297;45
297;46
297;47
297;48
297;49
297;50
297;51
297;52
297;53
297;54
297;55
297;56
297;57
297;58
297;60
297;406
297;407
297;408
297;409
297;410
297;411
297;412
297;413
297;414
297;415
297;416
297;417
297;418
297;419
297;420
297;421
297;422
297;423
297;424
297;425
297;426
297;427
297;428
297;429
297;430
297;431
297;432
297;433
297;434
297;435
297;436
297;437
297;438
297;439
297;440
297;441
297;442
297;443
297;444
297;445
297;446
297;447
297;448
297;449
297;450
297;451
297;452
297;453
297;454
297;455
297;456
297;500
297;501
297;502
297;503
297;504
297;505
297;506
297;507
297;508
297;509
297;510
297;511
297;512
297;513
297;514
297;515
297;516
297;517
297;518
297;519
297;520
297;521
297;522
297;523
297;524
297;525
297;526
297;527
297;528
297;529
297;530
297;531
297;532
298;0
298;1
298;2
298;3
298;4
298;5
298;6
298;7
298;8
298;9
298;10
298;11
298;12
298;13
298;14
298;15
298;16
298;17
298;18
298;19
298;20
298;21
298;22
298;23
298;24
298;25
298;26
298;27
298;28
298;29
298;30
298;31
298;32
298;33
298;34
298;35
298;36
298;37
298;38
298;39
298;40
298;41
298;42
298;43
298;44
298;45
298;46
298;47
298;48
298;49
298;50
298;51
298;52
298;54
298;405
298;406
298;407
298;408
298;409
298;410
298;411
298;412
298;413
298;414
298;415
298;416
298;417
298;418
298;419
298;420
298;421
298;422
298;423
298;424
298;425
298;426
298;427
298;428
298;429
298;430
298;431
298;432
298;433
298;434
298;435
298;436
298;437
298;438
298;439
298;440
298;441
298;442
298;443
298;444
298;445
298;446
298;447
298;448
298;449
298;450
298;451
298;452
298;453
298;454
298;455
298;456
298;457
298;500
298;501
298;502
298;503
298;504
298;505
298;506
298;507
298;508
298;509
298;510
298;511
298;512
298;513
298;514
298;515
298;516
298;517
298;518
298;519
298;520
298;521
298;522
298;523
298;524
298;525
298;526
298;527
298;528
298;530
299;0
299;1
299;2
299;3
299;4
299;5
299;6
299;7
299;8
299;9
299;10
299;11
299;12
299;13
299;14
299;15
299;16
299;17
299;18
299;19
299;20
299;21
299;22
299;23
299;24
299;25
299;26
299;27
299;28
299;29
299;30
299;31
299;32
299;33
299;34
299;35
299;36
299;37
299;38
299;39
299;40
299;41
299;42
299;43
299;44
299;45
299;46
299;48
299;405
299;406
299;407
299;408
299;409
299;410
299;411
299;412
299;413
299;414
299;415
299;416
299;417
299;418
299;419
299;420
299;421
299;422
299;423
299;424
299;425
299;426
299;427
299;428
299;429
299;430
299;431
299;432
299;433
299;434
299;435
299;436
299;437
299;438
299;439
299;440
299;441
299;442
299;443
299;444
299;445
299;446
299;447
299;448
299;449
299;450
299;451
299;452
299;453
299;454
299;455
299;456
299;457
299;501
299;502
299;503
299;504
299;505
299;506
299;507
299;508
299;509
299;510
299;511
299;512
299;513
299;514
299;515
299;516
299;517
299;518
299;519
299;520
299;521
299;522
299;523
299;524
299;525
299;526
300;0
300;1
300;2
300;3
300;4
300;5
300;6
300;7
300;8
300;9
300;10
300;11
300;12
300;13
300;14
300;15
300;16
300;17
300;18
300;19
300;20
300;21
300;22
300;23
300;24
300;25
300;26
300;27
300;28
300;29
300;30
300;31
300;32
300;33
300;34
300;35
300;36
300;37
300;38
300;40
300;42
300;404
300;405
300;406
300;407
300;408
300;409
300;410
300;411
300;412
300;413
300;414
300;415
300;416
300;417
300;418
300;419
300;420
300;421
300;422
300;423
300;424
300;425
300;426
300;427
300;428
300;429
300;430
300;431
300;432
300;433
300;434
300;435
300;436
300;437
300;438
300;439
300;440
300;441
300;442
300;443
300;444
300;445
300;446
300;447
300;448
300;449
300;450
300;451
300;452
300;453
300;454
300;455
300;456
300;457
300;458
300;501
300;502
300;503
300;504
300;505
300;506
300;507
300;508
300;509
300;510
300;511
300;512
300;513
300;514
300;515
300;516
300;517
300;518
300;519
300;520
300;521
300;522
301;0
301;1
301;2
301;3
301;4
301;5
301;6
301;7
301;8
301;9
301;10
301;11
301;12
301;13
301;14
301;15
301;16
301;17
301;18
301;19
301;20
301;21
301;22
301;23
301;24
301;25
301;26
301;27
301;28
301;29
301;30
301;31
301;32
301;34
301;403
301;404
301;405
301;406
301;407
301;408
301;409
301;410
301;411
301;412
301;413
301;414
301;415
301;416
301;417
301;418
301;419
301;420
301;421
301;422
301;423
301;424
301;425
301;426
301;427
301;428
301;429
301;430
301;431
301;432
301;433
301;434
301;435
301;436
301;437
301;438
301;439
301;440
301;441
301;442
301;443
301;444
301;445
301;446
301;447
301;448
301;449
301;450
301;451
301;452
301;453
301;454
301;455
301;456
301;457
301;458
301;459
301;502
301;503
301;504
301;505
301;506
301;507
301;508
301;509
301;510
301;511
301;512
301;513
301;514
301;515
301;516
301;517
301;518
301;520
302;0
302;1
302;2
302;3
302;4
302;5
302;6
302;7
302;8
302;9
302;10
302;11
302;12
302;13
302;14
302;15
302;16
302;17
302;18
302;19
302;20
302;21
302;22
302;23
302;24
302;25
302;26
302;28
302;403
302;404
302;405
302;406
302;407
302;408
302;409
302;410
302;411
302;412
302;413
302;414
302;415
302;416
302;417
302;418
302;419
302;420
302;421
302;422
302;423
302;424
302;425
302;426
302;427
302;428
302;429
302;430
302;431
302;432
302;433
302;434
302;435
302;436
302;437
302;438
302;439
302;440
302;441
302;442
302;443
302;444
302;445
302;446
302;447
302;448
302;449
302;450
302;451
302;452
302;453
302;454
302;455
302;456
302;457
302;458
302;459
302;502
302;503
302;504
302;505
302;506
302;507
302;508
302;509
302;510
302;511
302;512
302;513
302;514
302;515
302;516
303;0
303;1
303;2
303;3
303;4
303;5
303;6
303;7
303;8
303;9
303;10
303;11
303;12
303;13
303;14
303;15
303;16
303;17
303;18
303;20
303;22
303;402
303;403
303;404
303;405
303;406
303;407
303;408
303;409
303;410
303;411
303;412
303;413
303;414
303;415
303;416
303;417
303;418
303;419
303;420
303;421
303;422
303;423
303;424
303;425
303;426
303;427
303;428
303;429
303;430
303;431
303;432
303;433
303;434
303;435
303;436
303;437
303;438
303;439
303;440
303;441
303;442
303;443
303;444
303;445
303;446
303;447
303;448
303;449
303;450
303;451
303;452
303;453
303;454
303;455
303;456
303;457
303;458
303;459
303;502
303;503
303;504
303;505
303;506
303;507
303;508
303;509
303;510
303;511
303;512
304;0
304;1
304;2
304;3
304;4
304;5
304;6
304;7
304;8
304;9
304;10
304;11
304;12
304;14
304;401
304;402
304;403
304;404
304;405
304;406
304;407
304;408
304;409
304;410
304;411
304;412
304;413
304;414
304;415
304;416
304;417
304;418
304;419
304;420
304;421
304;422
304;423
304;424
304;425
304;426
304;427
304;428
304;429
304;430
304;431
304;432
304;433
304;434
304;435
304;436
304;437
304;438
304;439
304;440
304;441
304;442
304;443
304;444
304;445
304;446
304;447
304;448
304;449
304;450
304;451
304;452
304;453
304;454
304;455
304;456
304;457
304;458
304;459
304;460
304;503
304;504
304;505
304;506
304;507
304;508
305;0
305;1
305;2
305;3
305;4
305;5
305;6
305;8
305;401
305;402
305;403
305;404
305;405
305;406
305;407
305;408
305;409
305;410
305;411
305;412
305;413
305;414
305;415
305;416
305;417
305;418
305;419
305;420
305;421
305;422
305;423
305;424
305;425
305;426
305;427
305;428
305;429
305;430
305;431
305;432
305;433
305;434
305;435
305;436
305;437
305;438
305;439
305;440
305;441
305;442
305;443
305;444
305;445
305;446
305;447
305;448
305;449
305;450
305;451
305;452
305;453
305;454
305;455
305;456
305;457
305;458
305;459
305;460
305;461
305;503
305;504
305;506
306;0
306;2
306;400
306;401
306;402
306;403
306;404
306;405
306;406
306;407
306;408
306;409
306;410
306;411
306;412
306;413
306;414
306;415
306;416
306;417
306;418
306;419
306;420
306;421
306;422
306;423
306;424
306;425
306;426
306;427
306;428
306;429
306;430
306;431
306;432
306;433
306;434
306;435
306;436
306;437
306;438
306;439
306;440
306;441
306;442
306;443
306;444
306;445
306;446
306;447
306;448
306;449
306;450
306;451
306;452
306;453
306;454
306;455
306;456
306;457
306;458
306;459
306;460
306;461
307;186
307;187
307;404
307;406
307;408
307;410
307;412
307;414
307;416
307;418
307;419
307;420
307;421
307;422
307;423
307;424
307;425
307;426
307;427
307;428
307;429
307;430
307;431
307;432
307;433
307;434
307;435
307;436
307;437
307;438
307;439
307;440
307;441
307;442
307;443
307;444
307;445
307;446
307;447
307;448
307;449
307;450
307;451
307;452
307;453
307;454
307;455
307;456
307;457
307;458
307;459
307;460
307;461
307;462
308;185
308;186
308;187
308;432
308;434
308;436
308;438
308;440
308;442
308;444
308;446
308;447
308;448
308;449
308;450
308;451
308;452
308;453
308;454
308;455
308;456
308;457
308;458
308;459
308;460
308;461
308;462
308;463
309;185
309;186
309;187
309;188
309;460
309;462
310;184
310;185
310;186
310;187
310;188
310;189
311;184
311;185
311;186
311;187
311;188
311;189
312;183
312;184
312;185
312;186
312;187
312;188
312;189
312;190
313;183
313;184
313;185
313;186
313;187
313;188
313;189
313;190
313;191
314;182
314;183
314;184
314;185
314;186
314;187
314;188
314;189
314;190
314;191
314;192
315;181
315;182
315;183
315;184
315;185
315;186
315;187
315;188
315;189
315;190
315;191
315;192
315;193
316;181
316;182
316;183
316;184
316;185
316;186
316;187
316;188
316;189
316;190
316;191
316;192
316;193
317;180
317;181
317;182
317;183
317;184
317;185
317;186
317;187
317;188
317;189
317;190
317;191
317;192
317;193
317;194
317;291
318;179
318;180
318;181
318;182
318;183
318;184
318;185
318;186
318;187
318;188
318;189
318;190
318;191
318;192
318;193
318;194
318;195
318;285
318;287
318;288
318;289
318;290
318;291
318;292
318;293
318;294
318;295
318;296
318;297
318;299
319;179
319;180
319;181
319;182
319;183
319;184
319;185
319;186
319;187
319;188
319;189
319;190
319;191
319;192
319;193
319;194
319;195
319;281
319;283
319;284
319;285
319;286
319;287
319;288
319;289
319;290
319;291
319;292
319;293
319;294
319;295
319;296
319;297
319;298
319;299
319;300
319;301
320;178
320;179
320;180
320;181
320;182
320;183
320;184
320;185
320;186
320;187
320;188
320;189
320;190
320;191
320;192
320;193
320;194
320;195
320;196
320;279
320;280
320;281
320;282
320;283
320;284
320;285
320;286
320;287
320;288
320;289
320;290
320;291
320;292
320;293
320;294
320;295
320;296
320;297
320;298
320;299
320;300
320;301
320;302
320;303
320;305
321;177
321;178
321;179
321;180
321;181
321;182
321;183
321;184
321;185
321;186
321;187
321;188
321;189
321;190
321;191
321;192
321;193
321;194
321;195
321;196
321;197
321;277
321;278
321;279
321;280
321;281
321;282
321;283
321;284
321;285
321;286
321;287
321;288
321;289
321;290
321;291
321;292
321;293
321;294
321;295
321;296
321;297
321;298
321;299
321;300
321;301
321;302
321;303
321;304
321;305
321;306
322;177
322;178
322;179
322;180
322;181
322;182
322;183
322;184
322;185
322;186
322;187
322;188
322;189
322;190
322;191
322;192
322;193
322;194
322;195
322;196
322;197
322;276
322;277
322;278
322;279
322;280
322;281
322;282
322;283
322;284
322;285
322;286
322;287
322;288
322;289
322;290
322;291
322;292
322;293
322;294
322;295
322;296
322;297
322;298
322;299
322;300
322;301
322;302
322;303
322;304
322;305
322;306
322;307
323;177
323;178
323;179
323;180
323;181
323;182
323;183
323;184
323;185
323;186
323;187
323;188
323;189
323;190
323;191
323;192
323;193
323;194
323;195
323;196
323;197
323;198
323;275
323;276
323;277
323;278
323;279
323;280
323;281
323;282
323;283
323;284
323;285
323;286
323;287
323;288
323;289
323;290
323;291
323;292
323;293
323;294
323;295
323;296
323;297
323;298
323;299
323;300
323;301
323;302
323;303
323;304
323;305
323;306
323;307
323;308
323;309
324;176
324;177
324;178
324;179
324;180
324;181
324;182
324;183
324;184
324;185
324;186
324;187
324;188
324;189
324;190
324;191
324;192
324;193
324;194
324;195
324;196
324;197
324;198
324;199
324;273
324;274
324;275
324;276
324;277
324;278
324;279
324;280
324;281
324;282
324;283
324;284
324;285
324;286
324;287
324;288
324;289
324;290
324;291
324;292
324;293
324;294
324;295
324;296
324;297
324;298
324;299
324;300
324;301
324;302
324;303
324;304
324;305
324;306
324;307
324;308
324;309
324;310
324;311
325;175
325;176
325;177
325;178
325;179
325;180
325;181
325;182
325;183
325;184
325;185
325;186
325;187
325;188
325;189
325;190
325;191
325;192
325;193
325;194
325;195
325;196
325;197
325;198
325;199
325;273
325;274
325;275
325;276
325;277
325;278
325;279
325;280
325;281
325;282
325;283
325;284
325;285
325;286
325;287
325;288
325;289
325;290
325;291
325;292
325;293
325;294
325;295
325;296
325;297
325;298
325;299
325;300
325;301
325;302
325;303
325;304
325;305
325;306
325;307
325;308
325;309
325;310
325;311
326;175
326;176
326;177
326;178
326;179
326;180
326;181
326;182
326;183
326;184
326;185
326;186
326;187
326;188
326;189
326;190
326;191
326;192
326;193
326;194
326;195
326;196
326;197
326;198
326;199
326;200
326;201
326;271
326;272
326;273
326;274
326;275
326;276
326;277
326;278
326;279
326;280
326;281
326;282
326;283
326;284
326;285
326;286
326;287
326;288
326;289
326;290
326;291
326;292
326;293
326;294
326;295
326;296
326;297
326;298
326;299
326;300
326;301
326;302
326;303
326;304
326;305
326;306
326;307
326;308
326;309
326;310
326;311
326;312
326;313
327;174
327;175
327;176
327;177
327;178
327;179
327;180
327;181
327;182
327;183
327;184
327;185
327;186
327;187
327;188
327;189
327;190
327;191
327;192
327;193
327;194
327;195
327;196
327;197
327;198
327;199
327;200
327;201
327;271
327;272
327;273
327;274
327;275
327;276
327;277
327;278
327;279
327;280
327;281
327;282
327;283
327;284
327;285
327;286
327;287
327;288
327;289
327;290
327;291
327;292
327;293
327;294
327;295
327;296
327;297
327;298
327;299
327;300
327;301
327;302
327;303
327;304
327;305
327;306
327;307
327;308
327;309
327;310
327;311
327;312
327;313
328;173
328;174
328;175
328;176
328;177
328;178
328;179
328;180
328;181
328;182
328;183
328;184
328;185
328;186
328;187
328;188
328;189
328;190
328;191
328;192
328;193
328;194
328;195
328;196
328;197
328;198
328;199
328;200
328;201
328;202
328;270
328;271
328;272
328;273
328;274
328;275
328;276
328;277
328;278
328;279
328;280
328;281
328;282
328;283
328;284
328;285
328;286
328;287
328;288
328;289
328;290
328;291
328;292
328;293
328;294
328;295
328;296
328;297
328;298
328;299
328;300
328;301
328;302
328;303
328;304
328;305
328;306
328;307
328;308
328;309
328;310
328;311
328;312
328;313
328;314
329;173
329;174
329;175
329;176
329;177
329;178
329;179
329;180
329;181
329;182
329;183
329;184
329;185
329;186
329;187
329;188
329;189
329;190
329;191
329;192
329;193
329;194
329;195
329;196
329;197
329;198
329;199
329;200
329;201
329;202
329;203
329;269
329;270
329;271
329;272
329;273
329;274
329;275
329;276
329;277
329;278
329;279
329;280
329;281
329;282
329;283
329;284
329;285
329;286
329;287
329;288
329;289
329;290
329;291
329;292
329;293
329;294
329;295
329;296
329;297
329;298
329;299
329;300
329;301
329;302
329;303
329;304
329;305
329;306
329;307
329;308
329;309
329;310
329;311
329;312
329;313
329;314
329;315
329;381
329;382
329;383
330;172
330;173
330;174
330;175
330;176
330;177
330;178
330;179
330;180
330;181
330;182
330;183
330;184
330;185
330;186
330;187
330;188
330;189
330;190
330;191
330;192
330;193
330;194
330;195
330;196
330;197
330;198
330;199
330;200
330;201
330;202
330;203
330;269
330;270
330;271
330;272
330;273
330;274
330;275
330;276
330;277
330;278
330;279
330;280
330;281
330;282
330;283
330;284
330;285
330;286
330;287
330;288
330;289
330;290
330;291
330;292
330;293
330;294
330;295
330;296
330;297
330;298
330;299
330;300
330;301
330;302
330;303
330;304
330;305
330;306
330;307
330;308
330;309
330;310
330;311
330;312
330;313
330;314
330;315
330;379
330;380
330;381
330;382
330;383
331;171
331;172
331;173
331;174
331;175
331;176
331;177
331;178
331;179
331;180
331;181
331;182
331;183
331;184
331;185
331;186
331;187
331;188
331;189
331;190
331;191
331;192
331;193
331;194
331;195
331;196
331;197
331;198
331;199
331;200
331;201
331;202
331;203
331;204
331;268
331;269
331;270
331;271
331;272
331;273
331;274
331;275
331;276
331;277
331;278
331;279
331;280
331;281
331;282
331;283
331;284
331;285
331;286
331;287
331;288
331;289
331;290
331;291
331;292
331;293
331;294
331;295
331;296
331;297
331;298
331;299
331;300
331;301
331;302
331;303
331;304
331;305
331;306
331;307
331;308
331;309
331;310
331;311
331;312
331;313
331;314
331;315
331;316
331;377
331;378
331;379
331;380
331;381
331;382
331;383
331;384
331;385
332;171
332;172
332;173
332;174
332;175
332;176
332;177
332;178
332;179
332;180
332;181
332;182
332;183
332;184
332;185
332;186
332;187
332;188
332;189
332;190
332;191
332;192
332;193
332;194
332;195
332;196
332;197
332;198
332;199
332;200
332;201
332;202
332;203
332;204
332;205
332;267
332;268
332;269
332;270
332;271
332;272
332;273
332;274
332;275
332;276
332;277
332;278
332;279
332;280
332;281
332;282
332;283
332;284
332;285
332;286
332;287
332;288
332;289
332;290
332;291
332;292
332;293
332;294
332;295
332;296
332;297
332;298
332;299
332;300
332;301
332;302
332;303
332;304
332;305
332;306
332;307
332;308
332;309
332;310
332;311
332;312
332;313
332;314
332;315
332;316
332;377
332;378
332;379
332;380
332;381
332;382
332;383
332;384
332;385
333;170
333;171
333;172
333;173
333;174
333;175
333;176
333;177
333;178
333;179
333;180
333;181
333;182
333;183
333;184
333;185
333;186
333;187
333;188
333;189
333;190
333;191
333;192
333;193
333;194
333;195
333;196
333;197
333;198
333;199
333;200
333;201
333;202
333;203
333;204
333;205
333;267
333;268
333;269
333;270
333;271
333;272
333;273
333;274
333;275
333;276
333;277
333;278
333;279
333;280
333;281
333;282
333;283
333;284
333;285
333;286
333;287
333;288
333;289
333;290
333;291
333;292
333;293
333;294
333;295
333;296
333;297
333;298
333;299
333;300
333;301
333;302
333;303
333;304
333;305
333;306
333;307
333;308
333;309
333;310
333;311
333;312
333;313
333;314
333;315
333;316
333;317
333;375
333;376
333;377
333;378
333;379
333;380
333;381
333;382
333;383
333;384
333;385
333;386
334;170
334;171
334;172
334;173
334;174
334;175
334;176
334;177
334;178
334;179
334;180
334;181
334;182
334;183
334;184
334;185
334;186
334;187
334;188
334;189
334;190
334;191
334;192
334;193
334;194
334;195
334;196
334;197
334;198
334;199
334;200
334;201
334;202
334;203
334;204
334;205
334;206
334;267
334;268
334;269
334;270
334;271
334;272
334;273
334;274
334;275
334;276
334;277
334;278
334;279
334;280
334;281
334;282
334;283
334;284
334;285
334;286
334;287
334;288
334;289
334;290
334;291
334;292
334;293
334;294
334;295
334;296
334;297
334;298
334;299
334;300
334;301
334;302
334;303
334;304
334;305
334;306
334;307
334;308
334;309
334;310
334;311
334;312
334;313
334;314
334;315
334;316
334;317
334;373
334;374
334;375
334;376
334;377
334;378
334;379
334;380
334;381
334;382
334;383
334;384
334;385
334;386
334;387
335;169
335;170
335;171
335;172
335;173
335;174
335;175
335;176
335;177
335;178
335;179
335;180
335;181
335;182
335;183
335;184
335;185
335;186
335;187
335;188
335;189
335;190
335;191
335;192
335;193
335;194
335;195
335;196
335;197
335;198
335;199
335;200
335;201
335;202
335;203
335;204
335;205
335;206
335;207
335;266
335;267
335;268
335;269
335;270
335;271
335;272
335;273
335;274
335;275
335;276
335;277
335;278
335;279
335;280
335;281
335;282
335;283
335;284
335;285
335;286
335;287
335;288
335;289
335;290
335;291
335;292
335;293
335;294
335;295
335;296
335;297
335;298
335;299
335;300
335;301
335;302
335;303
335;304
335;305
335;306
335;307
335;308
335;309
335;310
335;311
335;312
335;313
335;314
335;315
335;316
335;317
335;371
335;372
335;373
335;374
335;375
335;376
335;377
335;378
335;379
335;380
335;381
335;382
335;383
335;384
335;385
335;386
335;387
336;169
336;170
336;171
336;172
336;173
336;174
336;175
336;176
336;177
336;178
336;179
336;180
336;181
336;182
336;183
336;184
336;185
336;186
336;187
336;188
336;189
336;190
336;191
336;192
336;193
336;194
336;195
336;196
336;197
336;198
336;199
336;200
336;201
336;202
336;203
336;204
336;205
336;206
336;207
336;266
336;267
336;268
336;269
336;270
336;271
336;272
336;273
336;274
336;275
336;276
336;277
336;278
336;279
336;280
336;281
336;282
336;283
336;284
336;285
336;286
336;287
336;288
336;289
336;290
336;291
336;292
336;293
336;294
336;295
336;296
336;297
336;298
336;299
336;300
336;301
336;302
336;303
336;304
336;305
336;306
336;307
336;308
336;309
336;310
336;311
336;312
336;313
336;314
336;315
336;316
336;317
336;318
336;369
336;370
336;371
336;372
336;373
336;374
336;375
336;376
336;377
336;378
336;379
336;380
336;381
336;382
336;383
336;384
336;385
336;386
336;387
336;388
337;168
337;169
337;170
337;171
337;172
337;173
337;174
337;175
337;176
337;177
337;178
337;179
337;180
337;181
337;182
337;183
337;184
337;185
337;186
337;187
337;188
337;189
337;190
337;191
337;192
337;193
337;194
337;195
337;196
337;197
337;198
337;199
337;200
337;201
337;202
337;203
337;204
337;205
337;206
337;207
337;208
337;209
337;266
337;267
337;268
337;269
337;270
337;271
337;272
337;273
337;274
337;275
337;276
337;277
337;278
337;279
337;280
337;281
337;282
337;283
337;284
337;285
337;286
337;287
337;288
337;289
337;290
337;291
337;292
337;293
337;294
337;295
337;296
337;297
337;298
337;299
337;300
337;301
337;302
337;303
337;304
337;305
337;306
337;307
337;308
337;309
337;310
337;311
337;312
337;313
337;314
337;315
337;316
337;317
337;318
337;367
337;368
337;369
337;370
337;371
337;372
337;373
337;374
337;375
337;376
337;377
337;378
337;379
337;380
337;381
337;382
337;383
337;384
337;385
337;386
337;387
337;388
337;389
338;167
338;168
338;169
338;170
338;171
338;172
338;173
338;174
338;175
338;176
338;177
338;178
338;179
338;180
338;181
338;182
338;183
338;184
338;185
338;186
338;187
338;188
338;189
338;190
338;191
338;192
338;193
338;194
338;195
338;196
338;197
338;198
338;199
338;200
338;201
338;202
338;203
338;204
338;205
338;206
338;207
338;208
338;209
338;266
338;267
338;268
338;269
338;270
338;271
338;272
338;273
338;274
338;275
338;276
338;277
338;278
338;279
338;280
338;281
338;282
338;283
338;284
338;285
338;286
338;287
338;288
338;289
338;290
338;291
338;292
338;293
338;294
338;295
338;296
338;297
338;298
338;299
338;300
338;301
338;302
338;303
338;304
338;305
338;306
338;307
338;308
338;309
338;310
338;311
338;312
338;313
338;314
338;315
338;316
338;317
338;318
338;365
338;366
338;367
338;368
338;369
338;370
338;371
338;372
338;373
338;374
338;375
338;376
338;377
338;378
338;379
338;380
338;381
338;382
338;383
338;384
338;385
338;386
338;387
338;388
338;389
338;395
338;397
338;399
338;400
338;401
338;402
338;403
338;404
338;405
338;406
338;407
338;408
338;409
338;410
338;411
338;413
339;167
339;168
339;169
339;170
339;171
339;172
339;173
339;174
339;175
339;176
339;177
339;178
339;179
339;180
339;181
339;182
339;183
339;184
339;185
339;186
339;187
339;188
339;189
339;190
339;191
339;192
339;193
339;194
339;195
339;196
339;197
339;198
339;199
339;200
339;201
339;202
339;203
339;204
339;205
339;206
339;207
339;208
339;209
339;210
339;266
339;267
339;268
339;269
339;270
339;271
339;272
339;273
339;274
339;275
339;276
339;277
339;278
339;279
339;280
339;281
339;282
339;283
339;284
339;285
339;286
339;287
339;288
339;289
339;290
339;291
339;292
339;293
339;294
339;295
339;296
339;297
339;298
339;299
339;300
339;301
339;302
339;303
339;304
339;305
339;306
339;307
339;308
339;309
339;310
339;311
339;312
339;313
339;314
339;315
339;316
339;317
339;318
339;363
339;364
339;365
339;366
339;367
339;368
339;369
339;370
339;371
339;372
339;373
339;374
339;375
339;376
339;377
339;378
339;379
339;380
339;381
339;382
339;383
339;384
339;385
339;386
339;387
339;388
339;389
339;390
339;391
339;393
339;394
339;395
339;396
339;397
339;398
339;399
339;400
339;401
339;402
339;403
339;404
339;405
339;406
339;407
339;408
339;409
339;410
339;411
339;412
339;413
339;414
339;415
339;416
339;417
339;419
340;166
340;167
340;168
340;169
340;170
340;171
340;172
340;173
340;174
340;175
340;176
340;177
340;178
340;179
340;180
340;181
340;182
340;183
340;184
340;185
340;186
340;187
340;188
340;189
340;190
340;191
340;192
340;193
340;194
340;195
340;196
340;197
340;198
340;199
340;200
340;201
340;202
340;203
340;204
340;205
340;206
340;207
340;208
340;209
340;210
340;211
340;266
340;267
340;268
340;269
340;270
340;271
340;272
340;273
340;274
340;275
340;276
340;277
340;278
340;279
340;280
340;281
340;282
340;283
340;284
340;285
340;286
340;287
340;288
340;289
340;290
340;291
340;292
340;293
340;294
340;295
340;296
340;297
340;298
340;299
340;300
340;301
340;302
340;303
340;304
340;305
340;306
340;307
340;308
340;309
340;310
340;311
340;312
340;313
340;314
340;315
340;316
340;317
340;318
340;361
340;362
340;363
340;364
340;365
340;366
340;367
340;368
340;369
340;370
340;371
340;372
340;373
340;374
340;375
340;376
340;377
340;378
340;379
340;380
340;381
340;382
340;383
340;384
340;385
340;386
340;387
340;388
340;389
340;390
340;391
340;392
340;393
340;394
340;395
340;396
340;397
340;398
340;399
340;400
340;401
340;402
340;403
340;404
340;405
340;406
340;407
340;408
340;409
340;410
340;411
340;412
340;413
340;414
340;415
340;416
340;417
340;418
340;419
340;420
340;421
341;165
341;166
341;167
341;168
341;169
341;170
341;171
341;172
341;173
341;174
341;175
341;176
341;177
341;178
341;179
341;180
341;181
341;182
341;183
341;184
341;185
341;186
341;187
341;188
341;189
341;190
341;191
341;192
341;193
341;194
341;195
341;196
341;197
341;198
341;199
341;200
341;201
341;202
341;203
341;204
341;205
341;206
341;207
341;208
341;209
341;210
341;211
341;266
341;267
341;268
341;269
341;270
341;271
341;272
341;273
341;274
341;275
341;276
341;277
341;278
341;279
341;280
341;281
341;282
341;283
341;284
341;285
341;286
341;287
341;288
341;289
341;290
341;291
341;292
341;293
341;294
341;295
341;296
341;297
341;298
341;299
341;300
341;301
341;302
341;303
341;304
341;305
341;306
341;307
341;308
341;309
341;310
341;311
341;312
341;313
341;314
341;315
341;316
341;317
341;318
341;359
341;360
341;361
341;362
341;363
341;364
341;365
341;366
341;367
341;368
341;369
341;370
341;371
341;372
341;373
341;374
341;375
341;376
341;377
341;378
341;379
341;380
341;381
341;382
341;383
341;384
341;385
341;386
341;387
341;388
341;389
341;390
341;391
341;392
341;393
341;394
341;395
341;396
341;397
341;398
341;399
341;400
341;401
341;402
341;403
341;404
341;405
341;406
341;407
341;408
341;409
341;410
341;411
341;412
341;413
341;414
341;415
341;416
341;417
341;418
341;419
341;420
341;421
341;422
341;423
341;424
341;425
342;165
342;166
342;167
342;168
342;169
342;170
342;171
342;172
342;173
342;174
342;175
342;176
342;177
342;178
342;179
342;180
342;181
342;182
342;183
342;184
342;185
342;186
342;187
342;188
342;189
342;190
342;191
342;192
342;193
342;194
342;195
342;196
342;197
342;198
342;199
342;200
342;201
342;202
342;203
342;204
342;205
342;206
342;207
342;208
342;209
342;210
342;211
342;212
342;266
342;267
342;268
342;269
342;270
342;271
342;272
342;273
342;274
342;275
342;276
342;277
342;278
342;279
342;280
342;281
342;282
342;283
342;284
342;285
342;286
342;287
342;288
342;289
342;290
342;291
342;292
342;293
342;294
342;295
342;296
342;297
342;298
342;299
342;300
342;301
342;302
342;303
342;304
342;305
342;306
342;307
342;308
342;309
342;310
342;311
342;312
342;313
342;314
342;315
342;316
342;317
342;318
342;357
342;358
342;359
342;360
342;361
342;362
342;363
342;364
342;365
342;366
342;367
342;368
342;369
342;370
342;371
342;372
342;373
342;374
342;375
342;376
342;377
342;378
342;379
342;380
342;381
342;382
342;383
342;384
342;385
342;386
342;387
342;388
342;389
342;390
342;391
342;392
342;393
342;394
342;395
342;396
342;397
342;398
342;399
342;400
342;401
342;402
342;403
342;404
342;405
342;406
342;407
342;408
342;409
342;410
342;411
342;412
342;413
342;414
342;415
342;416
342;417
342;418
342;419
342;420
342;421
342;422
342;423
342;424
342;425
342;426
342;427
343;164
343;165
343;166
343;167
343;168
343;169
343;170
343;171
343;172
343;173
343;174
343;175
343;176
343;177
343;178
343;179
343;180
343;181
343;182
343;183
343;184
343;185
343;186
343;187
343;188
343;189
343;190
343;191
343;192
343;193
343;194
343;195
343;196
343;197
343;198
343;199
343;200
343;201
343;202
343;203
343;204
343;205
343;206
343;207
343;208
343;209
343;210
343;211
343;212
343;213
343;266
343;267
343;268
343;269
343;270
343;271
343;272
343;273
343;274
343;275
343;276
343;277
343;278
343;279
343;280
343;281
343;282
343;283
343;284
343;285
343;286
343;287
343;288
343;289
343;290
343;291
343;292
343;293
343;294
343;295
343;296
343;297
343;298
343;299
343;300
343;301
343;302
343;303
343;304
343;305
343;306
343;307
343;308
343;309
343;310
343;311
343;312
343;313
343;314
343;315
343;316
343;317
343;318
343;355
343;356
343;357
343;358
343;359
343;360
343;361
343;362
343;363
343;364
343;365
343;366
343;367
343;368
343;369
343;370
343;371
343;372
343;373
343;374
343;375
343;376
343;377
343;378
343;379
343;380
343;381
343;382
343;383
343;384
343;385
343;386
343;387
343;388
343;389
343;390
343;391
343;392
343;393
343;394
343;395
343;396
343;397
343;398
343;399
343;400
343;401
343;402
343;403
343;404
343;405
343;406
343;407
343;408
343;409
343;410
343;411
343;412
343;413
343;414
343;415
343;416
343;417
343;418
343;419
343;420
343;421
343;422
343;423
343;424
343;425
343;426
343;427
343;428
343;429
344;163
344;164
344;165
344;166
344;167
344;168
344;169
344;170
344;171
344;172
344;173
344;174
344;175
344;176
344;177
344;178
344;179
344;180
344;181
344;182
344;183
344;184
344;185
344;186
344;187
344;188
344;189
344;190
344;191
344;192
344;193
344;194
344;195
344;196
344;197
344;198
344;199
344;200
344;201
344;202
344;203
344;204
344;205
344;206
344;207
344;208
344;209
344;210
344;211
344;212
344;213
344;266
344;267
344;268
344;269
344;270
344;271
344;272
344;273
344;274
344;275
344;276
344;277
344;278
344;279
344;280
344;281
344;282
344;283
344;284
344;285
344;286
344;287
344;288
344;289
344;290
344;291
344;292
344;293
344;294
344;295
344;296
344;297
344;298
344;299
344;300
344;301
344;302
344;303
344;304
344;305
344;306
344;307
344;308
344;309
344;310
344;311
344;312
344;313
344;314
344;315
344;316
344;317
344;318
344;355
344;356
344;357
344;358
344;359
344;360
344;361
344;362
344;363
344;364
344;365
344;366
344;367
344;368
344;369
344;370
344;371
344;372
344;373
344;374
344;375
344;376
344;377
344;378
344;379
344;380
344;381
344;382
344;383
344;384
344;385
344;386
344;387
344;388
344;389
344;390
344;391
344;392
344;393
344;394
344;395
344;396
344;397
344;398
344;399
344;400
344;401
344;402
344;403
344;404
344;405
344;406
344;407
344;408
344;409
344;410
344;411
344;412
344;413
344;414
344;415
344;416
344;417
344;418
344;419
344;420
344;421
344;422
344;423
344;424
344;425
344;426
344;427
344;428
344;429
344;430
344;431
345;163
345;164
345;165
345;166
345;167
345;168
345;169
345;170
345;171
345;172
345;173
345;174
345;175
345;176
345;177
345;178
345;179
345;180
345;181
345;182
345;183
345;184
345;185
345;186
345;187
345;188
345;189
345;190
345;191
345;192
345;193
345;194
345;195
345;196
345;197
345;198
345;199
345;200
345;201
345;202
345;203
345;204
345;205
345;206
345;207
345;208
345;209
345;210
345;211
345;212
345;213
345;214
345;266
345;267
345;268
345;269
345;270
345;271
345;272
345;273
345;274
345;275
345;276
345;277
345;278
345;279
345;280
345;281
345;282
345;283
345;284
345;285
345;286
345;287
345;288
345;289
345;290
345;291
345;292
345;293
345;294
345;295
345;296
345;297
345;298
345;299
345;300
345;301
345;302
345;303
345;304
345;305
345;306
345;307
345;308
345;309
345;310
345;311
345;312
345;313
345;314
345;315
345;316
345;317
345;318
345;353
345;354
345;355
345;356
345;357
345;358
345;359
345;360
345;361
345;362
345;363
345;364
345;365
345;366
345;367
345;368
345;369
345;370
345;371
345;372
345;373
345;374
345;375
345;376
345;377
345;378
345;379
345;380
345;381
345;382
345;383
345;384
345;385
345;386
345;387
345;388
345;389
345;390
345;391
345;392
345;393
345;394
345;395
345;396
345;397
345;398
345;399
345;400
345;401
345;402
345;403
345;404
345;405
345;406
345;407
345;408
345;409
345;410
345;411
345;412
345;413
345;414
345;415
345;416
345;417
345;418
345;419
345;420
345;421
345;422
345;423
345;424
345;425
345;426
345;427
345;428
345;429
345;430
345;431
345;432
345;433
346;163
346;164
346;165
346;166
346;167
346;168
346;169
346;170
346;171
346;172
346;173
346;174
346;175
346;176
346;177
346;178
346;179
346;180
346;181
346;182
346;183
346;184
346;185
346;186
346;187
346;188
346;189
346;190
346;191
346;192
346;193
346;194
346;195
346;196
346;197
346;198
346;199
346;200
346;201
346;202
346;203
346;204
346;205
346;206
346;207
346;208
346;209
346;210
346;211
346;212
346;213
346;214
346;215
346;266
346;267
346;268
346;269
346;270
346;271
346;272
346;273
346;274
346;275
346;276
346;277
346;278
346;279
346;280
346;281
346;282
346;283
346;284
346;285
346;286
346;287
346;288
346;289
346;290
346;291
346;292
346;293
346;294
346;295
346;296
346;297
346;298
346;299
346;300
346;301
346;302
346;303
346;304
346;305
346;306
346;307
346;308
346;309
346;310
346;311
346;312
346;313
346;314
346;315
346;316
346;317
346;351
346;352
346;353
346;354
346;355
346;356
346;357
346;358
346;359
346;360
346;361
346;362
346;363
346;364
346;365
346;366
346;367
346;368
346;369
346;370
346;371
346;372
346;373
346;374
346;375
346;376
346;377
346;378
346;379
346;380
346;381
346;382
346;383
346;384
346;385
346;386
346;387
346;388
346;389
346;390
346;391
346;392
346;393
346;394
346;395
346;396
346;397
346;398
346;399
346;400
346;401
346;402
346;403
346;404
346;405
346;406
346;407
346;408
346;409
346;410
346;411
346;412
346;413
346;414
346;415
346;416
346;417
346;418
346;419
346;420
346;421
346;422
346;423
346;424
346;425
346;426
346;427
346;428
346;429
346;430
346;431
346;432
346;433
346;434
346;435
347;162
347;163
347;164
347;165
347;166
347;167
347;168
347;169
347;170
347;171
347;172
347;173
347;174
347;175
347;176
347;177
347;178
347;179
347;180
347;181
347;182
347;183
347;184
347;185
347;186
347;187
347;188
347;189
347;190
347;191
347;192
347;193
347;194
347;195
347;196
347;197
347;198
347;199
347;200
347;201
347;202
347;203
347;204
347;205
347;206
347;207
347;208
347;209
347;210
347;211
347;212
347;213
347;214
347;215
347;266
347;267
347;268
347;269
347;270
347;271
347;272
347;273
347;274
347;275
347;276
347;277
347;278
347;279
347;280
347;281
347;282
347;283
347;284
347;285
347;286
347;287
347;288
347;289
347;290
347;291
347;292
347;293
347;294
347;295
347;296
347;297
347;298
347;299
347;300
347;301
347;302
347;303
347;304
347;305
347;306
347;307
347;308
347;309
347;310
347;311
347;312
347;313
347;314
347;315
347;316
347;317
347;349
347;350
347;351
347;352
347;353
347;354
347;355
347;356
347;357
347;358
347;359
347;360
347;361
347;362
347;363
347;364
347;365
347;366
347;367
347;368
347;369
347;370
347;371
347;372
347;373
347;374
347;375
347;376
347;377
347;378
347;379
347;380
347;381
347;382
347;383
347;384
347;385
347;386
347;387
347;388
347;389
347;390
347;391
347;392
347;393
347;394
347;395
347;396
347;397
347;398
347;399
347;400
347;401
347;402
347;403
347;404
347;405
347;406
347;407
347;408
347;409
347;410
347;411
347;412
347;413
347;414
347;415
347;416
347;417
347;418
347;419
347;420
347;421
347;422
347;423
347;424
347;425
347;426
347;427
347;428
347;429
347;430
347;431
347;432
347;433
347;434
347;435
347;436
348;161
348;162
348;163
348;164
348;165
348;166
348;167
348;168
348;169
348;170
348;171
348;172
348;173
348;174
348;175
348;176
348;177
348;178
348;179
348;180
348;181
348;182
348;183
348;184
348;185
348;186
348;187
348;188
348;189
348;190
348;191
348;192
348;193
348;194
348;195
348;196
348;197
348;198
348;199
348;200
348;201
348;202
348;203
348;204
348;205
348;206
348;207
348;208
348;209
348;210
348;211
348;212
348;213
348;214
348;215
348;216
348;217
348;267
348;268
348;269
348;270
348;271
348;272
348;273
348;274
348;275
348;276
348;277
348;278
348;279
348;280
348;281
348;282
348;283
348;284
348;285
348;286
348;287
348;288
348;289
348;290
348;291
348;292
348;293
348;294
348;295
348;296
348;297
348;298
348;299
348;300
348;301
348;302
348;303
348;304
348;305
348;306
348;307
348;308
348;309
348;310
348;311
348;312
348;313
348;314
348;315
348;316
348;317
348;347
348;348
348;349
348;350
348;351
348;352
348;353
348;354
348;355
348;356
348;357
348;358
348;359
348;360
348;361
348;362
348;363
348;364
348;365
348;366
348;367
348;368
348;369
348;370
348;371
348;372
348;373
348;374
348;375
348;376
348;377
348;378
348;379
348;380
348;381
348;382
348;383
348;384
348;385
348;386
348;387
348;388
348;389
348;390
348;391
348;392
348;393
348;394
348;395
348;396
348;397
348;398
348;399
348;400
348;401
348;402
348;403
348;404
348;405
348;406
348;407
348;408
348;409
348;410
348;411
348;412
348;413
348;414
348;415
348;416
348;417
348;418
348;419
348;420
348;421
348;422
348;423
348;424
348;425
348;426
348;427
348;428
348;429
348;430
348;431
348;432
348;433
348;434
348;435
348;436
348;437
349;161
349;162
349;163
349;164
349;165
349;166
349;167
349;168
349;169
349;170
349;171
349;172
349;173
349;174
349;175
349;176
349;177
349;178
349;179
349;180
349;181
349;182
349;183
349;184
349;185
349;186
349;187
349;188
349;189
349;190
349;191
349;192
349;193
349;194
349;195
349;196
349;197
349;198
349;199
349;200
349;201
349;202
349;203
349;204
349;205
349;206
349;207
349;208
349;209
349;210
349;211
349;212
349;213
349;214
349;215
349;216
349;217
349;267
349;268
349;269
349;270
349;271
349;272
349;273
349;274
349;275
349;276
349;277
349;278
349;279
349;280
349;281
349;282
349;283
349;284
349;285
349;286
349;287
349;288
349;289
349;290
349;291
349;292
349;293
349;294
349;295
349;296
349;297
349;298
349;299
349;300
349;301
349;302
349;303
349;304
349;305
349;306
349;307
349;308
349;309
349;310
349;311
349;312
349;313
349;314
349;315
349;316
349;345
349;346
349;347
349;348
349;349
349;350
349;351
349;352
349;353
349;354
349;355
349;356
349;357
349;358
349;359
349;360
349;361
349;362
349;363
349;364
349;365
349;366
349;367
349;368
349;369
349;370
349;371
349;372
349;373
349;374
349;375
349;376
349;377
349;378
349;379
349;380
349;381
349;382
349;383
349;384
349;385
349;386
349;387
349;388
349;389
349;390
349;391
349;392
349;393
349;394
349;395
349;396
349;397
349;398
349;399
349;400
349;401
349;402
349;403
349;404
349;405
349;406
349;407
349;408
349;409
349;410
349;411
349;412
349;413
349;414
349;415
349;416
349;417
349;418
349;419
349;420
349;421
349;422
349;423
349;424
349;425
349;426
349;427
349;428
349;429
349;430
349;431
349;432
349;433
349;434
349;435
349;436
349;437
349;438
349;439
350;160
350;161
350;162
350;163
350;164
350;165
350;166
350;167
350;168
350;169
350;170
350;171
350;172
350;173
350;174
350;175
350;176
350;177
350;178
350;179
350;180
350;181
350;182
350;183
350;184
350;185
350;186
350;187
350;188
350;189
350;190
350;191
350;192
350;193
350;194
350;195
350;196
350;197
350;198
350;199
350;200
350;201
350;202
350;203
350;204
350;205
350;206
350;207
350;208
350;209
350;210
350;211
350;212
350;213
350;214
350;215
350;216
350;217
350;218
350;268
350;269
350;270
350;271
350;272
350;273
350;274
350;275
350;276
350;277
350;278
350;279
350;280
350;281
350;282
350;283
350;284
350;285
350;286
350;287
350;288
350;289
350;290
350;291
350;292
350;293
350;294
350;295
350;296
350;297
350;298
350;299
350;300
350;301
350;302
350;303
350;304
350;305
350;306
350;307
350;308
350;309
350;310
350;311
350;312
350;313
350;314
350;315
350;316
350;343
350;344
350;345
350;346
350;347
350;348
350;349
350;350
350;351
350;352
350;353
350;354
350;355
350;356
350;357
350;358
350;359
350;360
350;361
350;362
350;363
350;364
350;365
350;366
350;367
350;368
350;369
350;370
350;371
350;372
350;373
350;374
350;375
350;376
350;377
350;378
350;379
350;380
350;381
350;382
350;383
350;384
350;385
350;386
350;387
350;388
350;389
350;390
350;391
350;392
350;393
350;394
350;395
350;396
350;397
350;398
350;399
350;400
350;401
350;402
350;403
350;404
350;405
350;406
350;407
350;408
350;409
350;410
350;411
350;412
350;413
350;414
350;415
350;416
350;417
350;418
350;419
350;420
350;421
350;422
350;423
350;424
350;425
350;426
350;427
350;428
350;429
350;430
350;431
350;432
350;433
350;434
350;435
350;436
350;437
350;438
350;439
350;440
351;159
351;160
351;161
351;162
351;163
351;164
351;165
351;166
351;167
351;168
351;169
351;170
351;171
351;172
351;173
351;174
351;175
351;176
351;177
351;178
351;179
351;180
351;181
351;182
351;183
351;184
351;185
351;186
351;187
351;188
351;189
351;190
351;191
351;192
351;193
351;194
351;195
351;196
351;197
351;198
351;199
351;200
351;201
351;202
351;203
351;204
351;205
351;206
351;207
351;208
351;209
351;210
351;211
351;212
351;213
351;214
351;215
351;216
351;217
351;218
351;219
351;268
351;269
351;270
351;271
351;272
351;273
351;274
351;275
351;276
351;277
351;278
351;279
351;280
351;281
351;282
351;283
351;284
351;285
351;286
351;287
351;288
351;289
351;290
351;291
351;292
351;293
351;294
351;295
351;296
351;297
351;298
351;299
351;300
351;301
351;302
351;303
351;304
351;305
351;306
351;307
351;308
351;309
351;310
351;311
351;312
351;313
351;314
351;315
351;341
351;342
351;343
351;344
351;345
351;346
351;347
351;348
351;349
351;350
351;351
351;352
351;353
351;354
351;355
351;356
351;357
351;358
351;359
351;360
351;361
351;362
351;363
351;364
351;365
351;366
351;367
351;368
351;369
351;370
351;371
351;372
351;373
351;374
351;375
351;376
351;377
351;378
351;379
351;380
351;381
351;382
351;383
351;384
351;385
351;386
351;387
351;388
351;389
351;390
351;391
351;392
351;393
351;394
351;395
351;396
351;397
351;398
351;399
351;400
351;401
351;402
351;403
351;404
351;405
351;406
351;407
351;408
351;409
351;410
351;411
351;412
351;413
351;414
351;415
351;416
351;417
351;418
351;419
351;420
351;421
351;422
351;423
351;424
351;425
351;426
351;427
351;428
351;429
351;430
351;431
351;432
351;433
351;434
351;435
351;436
351;437
351;438
351;439
351;440
351;441
352;159
352;160
352;161
352;162
352;163
352;164
352;165
352;166
352;167
352;168
352;169
352;170
352;171
352;172
352;173
352;174
352;175
352;176
352;177
352;178
352;179
352;180
352;181
352;182
352;183
352;184
352;185
352;186
352;187
352;188
352;189
352;190
352;191
352;192
352;193
352;194
352;195
352;196
352;197
352;198
352;199
352;200
352;201
352;202
352;203
352;204
352;205
352;206
352;207
352;208
352;209
352;210
352;211
352;212
352;213
352;214
352;215
352;216
352;217
352;218
352;219
352;269
352;270
352;271
352;272
352;273
352;274
352;275
352;276
352;277
352;278
352;279
352;280
352;281
352;282
352;283
352;284
352;285
352;286
352;287
352;288
352;289
352;290
352;291
352;292
352;293
352;294
352;295
352;296
352;297
352;298
352;299
352;300
352;301
352;302
352;303
352;304
352;305
352;306
352;307
352;308
352;309
352;310
352;311
352;312
352;313
352;314
352;315
352;339
352;340
352;341
352;342
352;343
352;344
352;345
352;346
352;347
352;348
352;349
352;350
352;351
352;352
352;353
352;354
352;355
352;356
352;357
352;358
352;359
352;360
352;361
352;362
352;363
352;364
352;365
352;366
352;367
352;368
352;369
352;370
352;371
352;372
352;373
352;374
352;375
352;376
352;377
352;378
352;379
352;380
352;381
352;382
352;383
352;384
352;385
352;386
352;387
352;388
352;389
352;390
352;391
352;392
352;393
352;394
352;395
352;396
352;397
352;398
352;399
352;400
352;401
352;402
352;403
352;404
352;405
352;406
352;407
352;408
352;409
352;410
352;411
352;412
352;413
352;414
352;415
352;416
352;417
352;418
352;419
352;420
352;421
352;422
352;423
352;424
352;425
352;426
352;427
352;428
352;429
352;430
352;431
352;432
352;433
352;434
352;435
352;436
352;437
352;438
352;439
352;440
352;441
352;442
353;158
353;159
353;160
353;161
353;162
353;163
353;164
353;165
353;166
353;167
353;168
353;169
353;170
353;171
353;172
353;173
353;174
353;175
353;176
353;177
353;178
353;179
353;180
353;181
353;182
353;183
353;184
353;185
353;186
353;187
353;188
353;189
353;190
353;191
353;192
353;193
353;194
353;195
353;196
353;197
353;198
353;199
353;200
353;201
353;202
353;203
353;204
353;205
353;206
353;207
353;208
353;209
353;210
353;211
353;212
353;213
353;214
353;215
353;216
353;217
353;218
353;219
353;220
353;270
353;271
353;272
353;273
353;274
353;275
353;276
353;277
353;278
353;279
353;280
353;281
353;282
353;283
353;284
353;285
353;286
353;287
353;288
353;289
353;290
353;291
353;292
353;293
353;294
353;295
353;296
353;297
353;298
353;299
353;300
353;301
353;302
353;303
353;304
353;305
353;306
353;307
353;308
353;309
353;310
353;311
353;312
353;313
353;314
353;337
353;338
353;339
353;340
353;341
353;342
353;343
353;344
353;345
353;346
353;347
353;348
353;349
353;350
353;351
353;352
353;353
353;354
353;355
353;356
353;357
353;358
353;359
353;360
353;361
353;362
353;363
353;364
353;365
353;366
353;367
353;368
353;369
353;370
353;371
353;372
353;373
353;374
353;375
353;376
353;377
353;378
353;379
353;380
353;381
353;382
353;383
353;384
353;385
353;386
353;387
353;388
353;389
353;390
353;391
353;392
353;393
353;394
353;395
353;396
353;397
353;398
353;399
353;400
353;401
353;402
353;403
353;404
353;405
353;406
353;407
353;408
353;409
353;410
353;411
353;412
353;413
353;414
353;415
353;416
353;417
353;418
353;419
353;420
353;421
353;422
353;423
353;424
353;425
353;426
353;427
353;428
353;429
353;430
353;431
353;432
353;433
353;434
353;435
353;436
353;437
353;438
353;439
353;440
353;441
353;442
353;443
354;157
354;158
354;159
354;160
354;161
354;162
354;163
354;164
354;165
354;166
354;167
354;168
354;169
354;170
354;171
354;172
354;173
354;174
354;175
354;176
354;177
354;178
354;179
354;180
354;181
354;182
354;183
354;184
354;185
354;186
354;187
354;188
354;189
354;190
354;191
354;192
354;193
354;194
354;195
354;196
354;197
354;198
354;199
354;200
354;201
354;202
354;203
354;204
354;205
354;206
354;207
354;208
354;209
354;210
354;211
354;212
354;213
354;214
354;215
354;216
354;217
354;218
354;219
354;220
354;221
354;270
354;271
354;272
354;273
354;274
354;275
354;276
354;277
354;278
354;279
354;280
354;281
354;282
354;283
354;284
354;285
354;286
354;287
354;288
354;289
354;290
354;291
354;292
354;293
354;294
354;295
354;296
354;297
354;298
354;299
354;300
354;301
354;302
354;303
354;304
354;305
354;306
354;307
354;308
354;309
354;310
354;311
354;312
354;313
354;335
354;336
354;337
354;338
354;339
354;340
354;341
354;342
354;343
354;344
354;345
354;346
354;347
354;348
354;349
354;350
354;351
354;352
354;353
354;354
354;355
354;356
354;357
354;358
354;359
354;360
354;361
354;362
354;363
354;364
354;365
354;366
354;367
354;368
354;369
354;370
354;371
354;372
354;373
354;374
354;375
354;376
354;377
354;378
354;379
354;380
354;381
354;382
354;383
354;384
354;385
354;386
354;387
354;388
354;389
354;390
354;391
354;392
354;393
354;394
354;395
354;396
354;397
354;398
354;399
354;400
354;401
354;402
354;403
354;404
354;405
354;406
354;407
354;408
354;409
354;410
354;411
354;412
354;413
354;414
354;415
354;416
354;417
354;418
354;419
354;420
354;421
354;422
354;423
354;424
354;425
354;426
354;427
354;428
354;429
354;430
354;431
354;432
354;433
354;434
354;435
354;436
354;437
354;438
354;439
354;440
354;441
354;442
354;443
354;444
355;157
355;158
355;159
355;160
355;161
355;162
355;163
355;164
355;165
355;166
355;167
355;168
355;169
355;170
355;171
355;172
355;173
355;174
355;175
355;176
355;177
355;178
355;179
355;180
355;181
355;182
355;183
355;184
355;185
355;186
355;187
355;188
355;189
355;190
355;191
355;192
355;193
355;194
355;195
355;196
355;197
355;198
355;199
355;200
355;201
355;202
355;203
355;204
355;205
355;206
355;207
355;208
355;209
355;210
355;211
355;212
355;213
355;214
355;215
355;216
355;217
355;218
355;219
355;220
355;221
355;272
355;273
355;274
355;275
355;276
355;277
355;278
355;279
355;280
355;281
355;282
355;283
355;284
355;285
355;286
355;287
355;288
355;289
355;290
355;291
355;292
355;293
355;294
355;295
355;296
355;297
355;298
355;299
355;300
355;301
355;302
355;303
355;304
355;305
355;306
355;307
355;308
355;309
355;310
355;311
355;312
355;333
355;334
355;335
355;336
355;337
355;338
355;339
355;340
355;341
355;342
355;343
355;344
355;345
355;346
355;347
355;348
355;349
355;350
355;351
355;352
355;353
355;354
355;355
355;356
355;357
355;358
355;359
355;360
355;361
355;362
355;363
355;364
355;365
355;366
355;367
355;368
355;369
355;370
355;371
355;372
355;373
355;374
355;375
355;376
355;377
355;378
355;379
355;380
355;381
355;382
355;383
355;384
355;385
355;386
355;387
355;388
355;389
355;390
355;391
355;392
355;393
355;394
355;395
355;396
355;397
355;398
355;399
355;400
355;401
355;402
355;403
355;404
355;405
355;406
355;407
355;408
355;409
355;410
355;411
355;412
355;413
355;414
355;415
355;416
355;417
355;418
355;419
355;420
355;421
355;422
355;423
355;424
355;425
355;426
355;427
355;428
355;429
355;430
355;431
355;432
355;433
355;434
355;435
355;436
355;437
355;438
355;439
355;440
355;441
355;442
355;443
355;444
355;445
356;156
356;157
356;158
356;159
356;160
356;161
356;162
356;163
356;164
356;165
356;166
356;167
356;168
356;169
356;170
356;171
356;172
356;173
356;174
356;175
356;176
356;177
356;178
356;179
356;180
356;181
356;182
356;183
356;184
356;185
356;186
356;187
356;188
356;189
356;190
356;191
356;192
356;193
356;194
356;195
356;196
356;197
356;198
356;199
356;200
356;201
356;202
356;203
356;204
356;205
356;206
356;207
356;208
356;209
356;210
356;211
356;212
356;213
356;214
356;215
356;216
356;217
356;218
356;219
356;220
356;221
356;222
356;272
356;273
356;274
356;275
356;276
356;277
356;278
356;279
356;280
356;281
356;282
356;283
356;284
356;285
356;286
356;287
356;288
356;289
356;290
356;291
356;292
356;293
356;294
356;295
356;296
356;297
356;298
356;299
356;300
356;301
356;302
356;303
356;304
356;305
356;306
356;307
356;308
356;309
356;310
356;311
356;312
356;333
356;334
356;335
356;336
356;337
356;338
356;339
356;340
356;341
356;342
356;343
356;344
356;345
356;346
356;347
356;348
356;349
356;350
356;351
356;352
356;353
356;354
356;355
356;356
356;357
356;358
356;359
356;360
356;361
356;362
356;363
356;364
356;365
356;366
356;367
356;368
356;369
356;370
356;371
356;372
356;373
356;374
356;375
356;376
356;377
356;378
356;379
356;380
356;381
356;382
356;383
356;384
356;385
356;386
356;387
356;388
356;389
356;390
356;391
356;392
356;393
356;394
356;395
356;396
356;397
356;398
356;399
356;400
356;401
356;402
356;403
356;404
356;405
356;406
356;407
356;408
356;409
356;410
356;411
356;412
356;413
356;414
356;415
356;416
356;417
356;418
356;419
356;420
356;421
356;422
356;423
356;424
356;425
356;426
356;427
356;428
356;429
356;430
356;431
356;432
356;433
356;434
356;435
356;436
356;437
356;438
356;439
356;440
356;441
356;442
356;443
356;444
356;445
356;446
357;155
357;156
357;157
357;158
357;159
357;160
357;161
357;162
357;163
357;164
357;165
357;166
357;167
357;168
357;169
357;170
357;171
357;172
357;173
357;174
357;175
357;176
357;177
357;178
357;179
357;180
357;181
357;182
357;183
357;184
357;185
357;186
357;187
357;188
357;189
357;190
357;191
357;192
357;193
357;194
357;195
357;196
357;197
357;198
357;199
357;200
357;201
357;202
357;203
357;204
357;205
357;206
357;207
357;208
357;209
357;210
357;211
357;212
357;213
357;214
357;215
357;216
357;217
357;218
357;219
357;220
357;221
357;222
357;223
357;274
357;275
357;276
357;277
357;278
357;279
357;280
357;281
357;282
357;283
357;284
357;285
357;286
357;287
357;288
357;289
357;290
357;291
357;292
357;293
357;294
357;295
357;296
357;297
357;298
357;299
357;300
357;301
357;302
357;303
357;304
357;305
357;306
357;307
357;308
357;309
357;310
357;331
357;332
357;333
357;334
357;335
357;336
357;337
357;338
357;339
357;340
357;341
357;342
357;343
357;344
357;345
357;346
357;347
357;348
357;349
357;350
357;351
357;352
357;353
357;354
357;355
357;356
357;357
357;358
357;359
357;360
357;361
357;362
357;363
357;364
357;365
357;366
357;367
357;368
357;369
357;370
357;371
357;372
357;373
357;374
357;375
357;376
357;377
357;378
357;379
357;380
357;381
357;382
357;383
357;384
357;385
357;386
357;387
357;388
357;389
357;390
357;391
357;392
357;393
357;394
357;395
357;396
357;397
357;398
357;399
357;400
357;401
357;402
357;403
357;404
357;405
357;406
357;407
357;408
357;409
357;410
357;411
357;412
357;413
357;414
357;415
357;416
357;417
357;418
357;419
357;420
357;421
357;422
357;423
357;424
357;425
357;426
357;427
357;428
357;429
357;430
357;431
357;432
357;433
357;434
357;435
357;436
357;437
357;438
357;439
357;440
357;441
357;442
357;443
357;444
357;445
357;446
357;447
358;155
358;156
358;157
358;158
358;159
358;160
358;161
358;162
358;163
358;164
358;165
358;166
358;167
358;168
358;169
358;170
358;171
358;172
358;173
358;174
358;175
358;176
358;177
358;178
358;179
358;180
358;181
358;182
358;183
358;184
358;185
358;186
358;187
358;188
358;189
358;190
358;191
358;192
358;193
358;194
358;195
358;196
358;197
358;198
358;199
358;200
358;201
358;202
358;203
358;204
358;205
358;206
358;207
358;208
358;209
358;210
358;211
358;212
358;213
358;214
358;215
358;216
358;217
358;218
358;219
358;220
358;221
358;222
358;223
358;274
358;275
358;276
358;277
358;278
358;279
358;280
358;281
358;282
358;283
358;284
358;285
358;286
358;287
358;288
358;289
358;290
358;291
358;292
358;293
358;294
358;295
358;296
358;297
358;298
358;299
358;300
358;301
358;302
358;303
358;304
358;305
358;306
358;307
358;308
358;309
358;329
358;330
358;331
358;332
358;333
358;334
358;335
358;336
358;337
358;338
358;339
358;340
358;341
358;342
358;343
358;344
358;345
358;346
358;347
358;348
358;349
358;350
358;351
358;352
358;353
358;354
358;355
358;356
358;357
358;358
358;359
358;360
358;361
358;362
358;363
358;364
358;365
358;366
358;367
358;368
358;369
358;370
358;371
358;372
358;373
358;374
358;375
358;376
358;377
358;378
358;379
358;380
358;381
358;382
358;383
358;384
358;385
358;386
358;387
358;388
358;389
358;390
358;391
358;392
358;393
358;394
358;395
358;396
358;397
358;398
358;399
358;400
358;401
358;402
358;403
358;404
358;405
358;406
358;407
358;408
358;409
358;410
358;411
358;412
358;413
358;414
358;415
358;416
358;417
358;418
358;419
358;420
358;421
358;422
358;423
358;424
358;425
358;426
358;427
358;428
358;429
358;430
358;431
358;432
358;433
358;434
358;435
358;436
358;437
358;438
358;439
358;440
358;441
358;442
358;443
358;444
358;445
358;446
358;447
359;155
359;156
359;157
359;158
359;159
359;160
359;161
359;162
359;163
359;164
359;165
359;166
359;167
359;168
359;169
359;170
359;171
359;172
359;173
359;174
359;175
359;176
359;177
359;178
359;179
359;180
359;181
359;182
359;183
359;184
359;185
359;186
359;187
359;188
359;189
359;190
359;191
359;192
359;193
359;194
359;195
359;196
359;197
359;198
359;199
359;200
359;201
359;202
359;203
359;204
359;205
359;206
359;207
359;208
359;209
359;210
359;211
359;212
359;213
359;214
359;215
359;216
359;217
359;218
359;219
359;220
359;221
359;222
359;223
359;224
359;276
359;277
359;278
359;279
359;280
359;281
359;282
359;283
359;284
359;285
359;286
359;287
359;288
359;289
359;290
359;291
359;292
359;293
359;294
359;295
359;296
359;297
359;298
359;299
359;300
359;301
359;302
359;303
359;304
359;305
359;306
359;307
359;308
359;327
359;328
359;329
359;330
359;331
359;332
359;333
359;334
359;335
359;336
359;337
359;338
359;339
359;340
359;341
359;342
359;343
359;344
359;345
359;346
359;347
359;348
359;349
359;350
359;351
359;352
359;353
359;354
359;355
359;356
359;357
359;358
359;359
359;360
359;361
359;362
359;363
359;364
359;365
359;366
359;367
359;368
359;369
359;370
359;371
359;372
359;373
359;374
359;375
359;376
359;377
359;378
359;379
359;380
359;381
359;382
359;383
359;384
359;385
359;386
359;387
359;388
359;389
359;390
359;391
359;392
359;393
359;394
359;395
359;396
359;397
359;398
359;399
359;400
359;401
359;402
359;403
359;404
359;405
359;406
359;407
359;408
359;409
359;410
359;411
359;412
359;413
359;414
359;415
359;416
359;417
359;418
359;419
359;420
359;421
359;422
359;423
359;424
359;425
359;426
359;427
359;428
359;429
359;430
359;431
359;432
359;433
359;434
359;435
359;436
359;437
359;438
359;439
359;440
359;441
359;442
359;443
359;444
359;445
359;446
359;447
359;448
360;154
360;155
360;156
360;157
360;158
360;159
360;160
360;161
360;162
360;163
360;164
360;165
360;166
360;167
360;168
360;169
360;170
360;171
360;172
360;173
360;174
360;175
360;176
360;177
360;178
360;179
360;180
360;181
360;182
360;183
360;184
360;185
360;186
360;187
360;188
360;189
360;190
360;191
360;192
360;193
360;194
360;195
360;196
360;197
360;198
360;199
360;200
360;201
360;202
360;203
360;204
360;205
360;206
360;207
360;208
360;209
360;210
360;211
360;212
360;213
360;214
360;215
360;216
360;217
360;218
360;219
360;220
360;221
360;222
360;223
360;224
360;225
360;278
360;279
360;280
360;281
360;282
360;283
360;284
360;285
360;286
360;287
360;288
360;289
360;290
360;291
360;292
360;293
360;294
360;295
360;296
360;297
360;298
360;299
360;300
360;301
360;302
360;303
360;304
360;305
360;306
360;325
360;326
360;327
360;328
360;329
360;330
360;331
360;332
360;333
360;334
360;335
360;336
360;337
360;338
360;339
360;340
360;341
360;342
360;343
360;344
360;345
360;346
360;347
360;348
360;349
360;350
360;351
360;352
360;353
360;354
360;355
360;356
360;357
360;358
360;359
360;360
360;361
360;362
360;363
360;364
360;365
360;366
360;367
360;368
360;369
360;370
360;371
360;372
360;373
360;374
360;375
360;376
360;377
360;378
360;379
360;380
360;381
360;382
360;383
360;384
360;385
360;386
360;387
360;388
360;389
360;390
360;391
360;392
360;393
360;394
360;395
360;396
360;397
360;398
360;399
360;400
360;401
360;402
360;403
360;404
360;405
360;406
360;407
360;408
360;409
360;410
360;411
360;412
360;413
360;414
360;415
360;416
360;417
360;418
360;419
360;420
360;421
360;422
360;423
360;424
360;425
360;426
360;427
360;428
360;429
360;430
360;431
360;432
360;433
360;434
360;435
360;436
360;437
360;438
360;439
360;440
360;441
360;442
360;443
360;444
360;445
360;446
360;447
360;448
360;449
361;153
361;154
361;155
361;156
361;157
361;158
361;159
361;160
361;161
361;162
361;163
361;164
361;165
361;166
361;167
361;168
361;169
361;170
361;171
361;172
361;173
361;174
361;175
361;176
361;177
361;178
361;179
361;180
361;181
361;182
361;183
361;184
361;185
361;186
361;187
361;188
361;189
361;190
361;191
361;192
361;193
361;194
361;195
361;196
361;197
361;198
361;199
361;200
361;201
361;202
361;203
361;204
361;205
361;206
361;207
361;208
361;209
361;210
361;211
361;212
361;213
361;214
361;215
361;216
361;217
361;218
361;219
361;220
361;221
361;222
361;223
361;224
361;225
361;226
361;280
361;281
361;282
361;283
361;284
361;285
361;286
361;287
361;288
361;289
361;290
361;291
361;292
361;293
361;294
361;295
361;296
361;297
361;298
361;299
361;300
361;301
361;302
361;303
361;304
361;323
361;324
361;325
361;326
361;327
361;328
361;329
361;330
361;331
361;332
361;333
361;334
361;335
361;336
361;337
361;338
361;339
361;340
361;341
361;342
361;343
361;344
361;345
361;346
361;347
361;348
361;349
361;350
361;351
361;352
361;353
361;354
361;355
361;356
361;357
361;358
361;359
361;360
361;361
361;362
361;363
361;364
361;365
361;366
361;367
361;368
361;369
361;370
361;371
361;372
361;373
361;374
361;375
361;376
361;377
361;378
361;379
361;380
361;381
361;382
361;383
361;384
361;385
361;386
361;387
361;388
361;389
361;390
361;391
361;392
361;393
361;394
361;395
361;396
361;397
361;398
361;399
361;400
361;401
361;402
361;403
361;404
361;405
361;406
361;407
361;408
361;409
361;410
361;411
361;412
361;413
361;414
361;415
361;416
361;417
361;418
361;419
361;420
361;421
361;422
361;423
361;424
361;425
361;426
361;427
361;428
361;429
361;430
361;431
361;432
361;433
361;434
361;435
361;436
361;437
361;438
361;439
361;440
361;441
361;442
361;443
361;444
361;445
361;446
361;447
361;448
361;449
362;153
362;154
362;155
362;156
362;157
362;158
362;159
362;160
362;161
362;162
362;163
362;164
362;165
362;166
362;167
362;168
362;169
362;170
362;171
362;172
362;173
362;174
362;175
362;176
362;177
362;178
362;179
362;180
362;181
362;182
362;183
362;184
362;185
362;186
362;187
362;188
362;189
362;190
362;191
362;192
362;193
362;194
362;195
362;196
362;197
362;198
362;199
362;200
362;201
362;202
362;203
362;204
362;205
362;206
362;207
362;208
362;209
362;210
362;211
362;212
362;213
362;214
362;215
362;216
362;217
362;218
362;219
362;220
362;221
362;222
362;223
362;224
362;225
362;226
362;227
362;282
362;283
362;284
362;285
362;286
362;287
362;288
362;289
362;290
362;291
362;292
362;293
362;294
362;295
362;296
362;297
362;298
362;299
362;300
362;301
362;302
362;321
362;322
362;323
362;324
362;325
362;326
362;327
362;328
362;329
362;330
362;331
362;332
362;333
362;334
362;335
362;336
362;337
362;338
362;339
362;340
362;341
362;342
362;343
362;344
362;345
362;346
362;347
362;348
362;349
362;350
362;351
362;352
362;353
362;354
362;355
362;356
362;357
362;358
362;359
362;360
362;361
362;362
362;363
362;364
362;365
362;366
362;367
362;368
362;369
362;370
362;371
362;372
362;373
362;374
362;375
362;376
362;377
362;378
362;379
362;380
362;381
362;382
362;383
362;384
362;385
362;386
362;387
362;388
362;389
362;390
362;391
362;392
362;393
362;394
362;395
362;396
362;397
362;398
362;399
362;400
362;401
362;402
362;403
362;404
362;405
362;406
362;407
362;408
362;409
362;410
362;411
362;412
362;413
362;414
362;415
362;416
362;417
362;418
362;419
362;420
362;421
362;422
362;423
362;424
362;425
362;426
362;427
362;428
362;429
362;430
362;431
362;432
362;433
362;434
362;435
362;436
362;437
362;438
362;439
362;440
362;441
362;442
362;443
362;444
362;445
362;446
362;447
362;448
362;449
362;450
363;152
363;153
363;154
363;155
363;156
363;157
363;158
363;159
363;160
363;161
363;162
363;163
363;164
363;165
363;166
363;167
363;168
363;169
363;170
363;171
363;172
363;173
363;174
363;175
363;176
363;177
363;178
363;179
363;180
363;181
363;182
363;183
363;184
363;185
363;186
363;187
363;188
363;189
363;190
363;191
363;192
363;193
363;194
363;195
363;196
363;197
363;198
363;199
363;200
363;201
363;202
363;203
363;204
363;205
363;206
363;207
363;208
363;209
363;210
363;211
363;212
363;213
363;214
363;215
363;216
363;217
363;218
363;219
363;220
363;221
363;222
363;223
363;224
363;225
363;226
363;227
363;286
363;287
363;288
363;289
363;290
363;291
363;292
363;293
363;294
363;295
363;296
363;297
363;298
363;319
363;320
363;321
363;322
363;323
363;324
363;325
363;326
363;327
363;328
363;329
363;330
363;331
363;332
363;333
363;334
363;335
363;336
363;337
363;338
363;339
363;340
363;341
363;342
363;343
363;344
363;345
363;346
363;347
363;348
363;349
363;350
363;351
363;352
363;353
363;354
363;355
363;356
363;357
363;358
363;359
363;360
363;361
363;362
363;363
363;364
363;365
363;366
363;367
363;368
363;369
363;370
363;371
363;372
363;373
363;374
363;375
363;376
363;377
363;378
363;379
363;380
363;381
363;382
363;383
363;384
363;385
363;386
363;387
363;388
363;389
363;390
363;391
363;392
363;393
363;394
363;395
363;396
363;397
363;398
363;399
363;400
363;401
363;402
363;403
363;404
363;405
363;406
363;407
363;408
363;409
363;410
363;411
363;412
363;413
363;414
363;415
363;416
363;417
363;418
363;419
363;420
363;421
363;422
363;423
363;424
363;425
363;426
363;427
363;428
363;429
363;430
363;431
363;432
363;433
363;434
363;435
363;436
363;437
363;438
363;439
363;440
363;441
363;442
363;443
363;444
363;445
363;446
363;447
363;448
363;449
363;450
363;451
364;151
364;152
364;153
364;154
364;155
364;156
364;157
364;158
364;159
364;160
364;161
364;162
364;163
364;164
364;165
364;166
364;167
364;168
364;169
364;170
364;171
364;172
364;173
364;174
364;175
364;176
364;177
364;178
364;179
364;180
364;181
364;182
364;183
364;184
364;185
364;186
364;187
364;188
364;189
364;190
364;191
364;192
364;193
364;194
364;195
364;196
364;197
364;198
364;199
364;200
364;201
364;202
364;203
364;204
364;205
364;206
364;207
364;208
364;209
364;210
364;211
364;212
364;213
364;214
364;215
364;216
364;217
364;218
364;219
364;220
364;221
364;222
364;223
364;224
364;225
364;226
364;227
364;228
364;320
364;321
364;322
364;323
364;324
364;325
364;326
364;327
364;328
364;329
364;330
364;331
364;332
364;333
364;334
364;335
364;336
364;337
364;338
364;339
364;340
364;341
364;342
364;343
364;344
364;345
364;346
364;347
364;348
364;349
364;350
364;351
364;352
364;353
364;354
364;355
364;356
364;357
364;358
364;359
364;360
364;361
364;362
364;363
364;364
364;365
364;366
364;367
364;368
364;369
364;370
364;371
364;372
364;373
364;374
364;375
364;376
364;377
364;378
364;379
364;380
364;381
364;382
364;383
364;384
364;385
364;386
364;387
364;388
364;389
364;390
364;391
364;392
364;393
364;394
364;395
364;396
364;397
364;398
364;399
364;400
364;401
364;402
364;403
364;404
364;405
364;406
364;407
364;408
364;409
364;410
364;411
364;412
364;413
364;414
364;415
364;416
364;417
364;418
364;419
364;420
364;421
364;422
364;423
364;424
364;425
364;426
364;427
364;428
364;429
364;430
364;431
364;432
364;433
364;434
364;435
364;436
364;437
364;438
364;439
364;440
364;441
364;442
364;443
364;444
364;445
364;446
364;447
364;448
364;449
364;450
364;451
365;151
365;152
365;153
365;154
365;155
365;156
365;157
365;158
365;159
365;160
365;161
365;162
365;163
365;164
365;165
365;166
365;167
365;168
365;169
365;170
365;171
365;172
365;173
365;174
365;175
365;176
365;177
365;178
365;179
365;180
365;181
365;182
365;183
365;184
365;185
365;186
365;187
365;188
365;189
365;190
365;191
365;192
365;193
365;194
365;195
365;196
365;197
365;198
365;199
365;200
365;201
365;202
365;203
365;204
365;205
365;206
365;207
365;208
365;209
365;210
365;211
365;212
365;213
365;214
365;215
365;216
365;217
365;218
365;219
365;220
365;221
365;222
365;223
365;224
365;225
365;226
365;227
365;228
365;229
365;320
365;321
365;322
365;323
365;324
365;325
365;326
365;327
365;328
365;329
365;330
365;331
365;332
365;333
365;334
365;335
365;336
365;337
365;338
365;339
365;340
365;341
365;342
365;343
365;344
365;345
365;346
365;347
365;348
365;349
365;350
365;351
365;352
365;353
365;354
365;355
365;356
365;357
365;358
365;359
365;360
365;361
365;362
365;363
365;364
365;365
365;366
365;367
365;368
365;369
365;370
365;371
365;372
365;373
365;374
365;375
365;376
365;377
365;378
365;379
365;380
365;381
365;382
365;383
365;384
365;385
365;386
365;387
365;388
365;389
365;390
365;391
365;392
365;393
365;394
365;395
365;396
365;397
365;398
365;399
365;400
365;401
365;402
365;403
365;404
365;405
365;406
365;407
365;408
365;409
365;410
365;411
365;412
365;413
365;414
365;415
365;416
365;417
365;418
365;419
365;420
365;421
365;422
365;423
365;424
365;425
365;426
365;427
365;428
365;429
365;430
365;431
365;432
365;433
365;434
365;435
365;436
365;437
365;438
365;439
365;440
365;441
365;442
365;443
365;444
365;445
365;446
365;447
365;448
365;449
365;450
365;451
366;150
366;151
366;152
366;153
366;154
366;155
366;156
366;157
366;158
366;159
366;160
366;161
366;162
366;163
366;164
366;165
366;166
366;167
366;168
366;169
366;170
366;171
366;172
366;173
366;174
366;175
366;176
366;177
366;178
366;179
366;180
366;181
366;182
366;183
366;184
366;185
366;186
366;187
366;188
366;189
366;190
366;191
366;192
366;193
366;194
366;195
366;196
366;197
366;198
366;199
366;200
366;201
366;202
366;203
366;204
366;205
366;206
366;207
366;208
366;209
366;210
366;211
366;212
366;213
366;214
366;215
366;216
366;217
366;218
366;219
366;220
366;221
366;222
366;223
366;224
366;225
366;226
366;227
366;228
366;229
366;322
366;323
366;324
366;325
366;326
366;327
366;328
366;329
366;330
366;331
366;332
366;333
366;334
366;335
366;336
366;337
366;338
366;339
366;340
366;341
366;342
366;343
366;344
366;345
366;346
366;347
366;348
366;349
366;350
366;351
366;352
366;353
366;354
366;355
366;356
366;357
366;358
366;359
366;360
366;361
366;362
366;363
366;364
366;365
366;366
366;367
366;368
366;369
366;370
366;371
366;372
366;373
366;374
366;375
366;376
366;377
366;378
366;379
366;380
366;381
366;382
366;383
366;384
366;385
366;386
366;387
366;388
366;389
366;390
366;391
366;392
366;393
366;394
366;395
366;396
366;397
366;398
366;399
366;400
366;401
366;402
366;403
366;404
366;405
366;406
366;407
366;408
366;409
366;410
366;411
366;412
366;413
366;414
366;415
366;416
366;417
366;418
366;419
366;420
366;421
366;422
366;423
366;424
366;425
366;426
366;427
366;428
366;429
366;430
366;431
366;432
366;433
366;434
366;435
366;436
366;437
366;438
366;439
366;440
366;441
366;442
366;443
366;444
366;445
366;446
366;447
366;448
366;449
366;450
366;451
366;452
367;149
367;150
367;151
367;152
367;153
367;154
367;155
367;156
367;157
367;158
367;159
367;160
367;161
367;162
367;163
367;164
367;165
367;166
367;167
367;168
367;169
367;170
367;171
367;172
367;173
367;174
367;175
367;176
367;177
367;178
367;179
367;180
367;181
367;182
367;183
367;184
367;185
367;186
367;187
367;188
367;189
367;190
367;191
367;192
367;193
367;194
367;195
367;196
367;197
367;198
367;199
367;200
367;201
367;202
367;203
367;204
367;205
367;206
367;207
367;208
367;209
367;210
367;211
367;212
367;213
367;214
367;215
367;216
367;217
367;218
367;219
367;220
367;221
367;222
367;223
367;224
367;225
367;226
367;227
367;228
367;229
367;230
367;322
367;323
367;324
367;325
367;326
367;327
367;328
367;329
367;330
367;331
367;332
367;333
367;334
367;335
367;336
367;337
367;338
367;339
367;340
367;341
367;342
367;343
367;344
367;345
367;346
367;347
367;348
367;349
367;350
367;351
367;352
367;353
367;354
367;355
367;356
367;357
367;358
367;359
367;360
367;361
367;362
367;363
367;364
367;365
367;366
367;367
367;368
367;369
367;370
367;371
367;372
367;373
367;374
367;375
367;376
367;377
367;378
367;379
367;380
367;381
367;382
367;383
367;384
367;385
367;386
367;387
367;388
367;389
367;390
367;391
367;392
367;393
367;394
367;395
367;396
367;397
367;398
367;399
367;400
367;401
367;402
367;403
367;404
367;405
367;406
367;407
367;408
367;409
367;410
367;411
367;412
367;413
367;414
367;415
367;416
367;417
367;418
367;419
367;420
367;421
367;422
367;423
367;424
367;425
367;426
367;427
367;428
367;429
367;430
367;431
367;432
367;433
367;434
367;435
367;436
367;437
367;438
367;439
367;440
367;441
367;442
367;443
367;444
367;445
367;446
367;447
367;448
367;449
367;450
367;451
367;452
368;149
368;150
368;151
368;152
368;153
368;154
368;155
368;156
368;157
368;158
368;159
368;160
368;161
368;162
368;163
368;164
368;165
368;166
368;167
368;168
368;169
368;170
368;171
368;172
368;173
368;174
368;175
368;176
368;177
368;178
368;179
368;180
368;181
368;182
368;183
368;184
368;185
368;186
368;187
368;188
368;189
368;190
368;191
368;192
368;193
368;194
368;195
368;196
368;197
368;198
368;199
368;200
368;201
368;202
368;203
368;204
368;205
368;206
368;207
368;208
368;209
368;210
368;211
368;212
368;213
368;214
368;215
368;216
368;217
368;218
368;219
368;220
368;221
368;222
368;223
368;224
368;225
368;226
368;227
368;228
368;229
368;230
368;231
368;323
368;324
368;325
368;326
368;327
368;328
368;329
368;330
368;331
368;332
368;333
368;334
368;335
368;336
368;337
368;338
368;339
368;340
368;341
368;342
368;343
368;344
368;345
368;346
368;347
368;348
368;349
368;350
368;351
368;352
368;353
368;354
368;355
368;356
368;357
368;358
368;359
368;360
368;361
368;362
368;363
368;364
368;365
368;366
368;367
368;368
368;369
368;370
368;371
368;372
368;373
368;374
368;375
368;376
368;377
368;378
368;379
368;380
368;381
368;382
368;383
368;384
368;385
368;386
368;387
368;388
368;389
368;390
368;391
368;392
368;393
368;394
368;395
368;396
368;397
368;398
368;399
368;400
368;401
368;402
368;403
368;404
368;405
368;406
368;407
368;408
368;409
368;410
368;411
368;412
368;413
368;414
368;415
368;416
368;417
368;418
368;419
368;420
368;421
368;422
368;423
368;424
368;425
368;426
368;427
368;428
368;429
368;430
368;431
368;432
368;433
368;434
368;435
368;436
368;437
368;438
368;439
368;440
368;441
368;442
368;443
368;444
368;445
368;446
368;447
368;448
368;449
368;450
368;451
368;452
368;453
369;148
369;149
369;150
369;151
369;152
369;153
369;154
369;155
369;156
369;157
369;158
369;159
369;160
369;161
369;162
369;163
369;164
369;165
369;166
369;167
369;168
369;169
369;170
369;171
369;172
369;173
369;174
369;175
369;176
369;177
369;178
369;179
369;180
369;181
369;182
369;183
369;184
369;185
369;186
369;187
369;188
369;189
369;190
369;191
369;192
369;193
369;194
369;195
369;196
369;197
369;198
369;199
369;200
369;201
369;202
369;203
369;204
369;205
369;206
369;207
369;208
369;209
369;210
369;211
369;212
369;213
369;214
369;215
369;216
369;217
369;218
369;219
369;220
369;221
369;222
369;223
369;224
369;225
369;226
369;227
369;228
369;229
369;230
369;231
369;324
369;325
369;326
369;327
369;328
369;329
369;330
369;331
369;332
369;333
369;334
369;335
369;336
369;337
369;338
369;339
369;340
369;341
369;342
369;343
369;344
369;345
369;346
369;347
369;348
369;349
369;350
369;351
369;352
369;353
369;354
369;355
369;356
369;357
369;358
369;359
369;360
369;361
369;362
369;363
369;364
369;365
369;366
369;367
369;368
369;369
369;370
369;371
369;372
369;373
369;374
369;375
369;376
369;377
369;378
369;379
369;380
369;381
369;382
369;383
369;384
369;385
369;386
369;387
369;388
369;389
369;390
369;391
369;392
369;393
369;394
369;395
369;396
369;397
369;398
369;399
369;400
369;401
369;402
369;403
369;404
369;405
369;406
369;407
369;408
369;409
369;410
369;411
369;412
369;413
369;414
369;415
369;416
369;417
369;418
369;419
369;420
369;421
369;422
369;423
369;424
369;425
369;426
369;427
369;428
369;429
369;430
369;431
369;432
369;433
369;434
369;435
369;436
369;437
369;438
369;439
369;440
369;441
369;442
369;443
369;444
369;445
369;446
369;447
369;448
369;449
369;450
369;451
369;452
369;453
370;148
370;149
370;150
370;151
370;152
370;153
370;154
370;155
370;156
370;157
370;158
370;159
370;160
370;161
370;162
370;163
370;164
370;165
370;166
370;167
370;168
370;169
370;170
370;171
370;172
370;173
370;174
370;175
370;176
370;177
370;178
370;179
370;180
370;181
370;182
370;183
370;184
370;185
370;186
370;187
370;188
370;189
370;190
370;191
370;192
370;193
370;194
370;195
370;196
370;197
370;198
370;199
370;200
370;201
370;202
370;203
370;204
370;205
370;206
370;207
370;208
370;209
370;210
370;211
370;212
370;213
370;214
370;215
370;216
370;217
370;218
370;219
370;220
370;221
370;222
370;223
370;224
370;225
370;226
370;227
370;228
370;229
370;230
370;231
370;232
370;324
370;325
370;326
370;327
370;328
370;329
370;330
370;331
370;332
370;333
370;334
370;335
370;336
370;337
370;338
370;339
370;340
370;341
370;342
370;343
370;344
370;345
370;346
370;347
370;348
370;349
370;350
370;351
370;352
370;353
370;354
370;355
370;356
370;357
370;358
370;359
370;360
370;361
370;362
370;363
370;364
370;365
370;366
370;367
370;368
370;369
370;370
370;371
370;372
370;373
370;374
370;375
370;376
370;377
370;378
370;379
370;380
370;381
370;382
370;383
370;384
370;385
370;386
370;387
370;388
370;389
370;390
370;391
370;392
370;393
370;394
370;395
370;396
370;397
370;398
370;399
370;400
370;401
370;402
370;403
370;404
370;405
370;406
370;407
370;408
370;409
370;410
370;411
370;412
370;413
370;414
370;415
370;416
370;417
370;418
370;419
370;420
370;421
370;422
370;423
370;424
370;425
370;426
370;427
370;428
370;429
370;430
370;431
370;432
370;433
370;434
370;435
370;436
370;437
370;438
370;439
370;440
370;441
370;442
370;443
370;444
370;445
370;446
370;447
370;448
370;449
370;450
370;451
370;452
370;453
371;147
371;148
371;149
371;150
371;151
371;152
371;153
371;154
371;155
371;156
371;157
371;158
371;159
371;160
371;161
371;162
371;163
371;164
371;165
371;166
371;167
371;168
371;169
371;170
371;171
371;172
371;173
371;174
371;175
371;176
371;177
371;178
371;179
371;180
371;181
371;182
371;183
371;184
371;185
371;186
371;187
371;188
371;189
371;190
371;191
371;192
371;193
371;194
371;195
371;196
371;197
371;198
371;199
371;200
371;201
371;202
371;203
371;204
371;205
371;206
371;207
371;208
371;209
371;210
371;211
371;212
371;213
371;214
371;215
371;216
371;217
371;218
371;219
371;220
371;221
371;222
371;223
371;224
371;225
371;226
371;227
371;228
371;229
371;230
371;231
371;232
371;233
371;325
371;326
371;327
371;328
371;329
371;330
371;331
371;332
371;333
371;334
371;335
371;336
371;337
371;338
371;339
371;340
371;341
371;342
371;343
371;344
371;345
371;346
371;347
371;348
371;349
371;350
371;351
371;352
371;353
371;354
371;355
371;356
371;357
371;358
371;359
371;360
371;361
371;362
371;363
371;364
371;365
371;366
371;367
371;368
371;369
371;370
371;371
371;372
371;373
371;374
371;375
371;376
371;377
371;378
371;379
371;380
371;381
371;382
371;383
371;384
371;385
371;386
371;387
371;388
371;389
371;390
371;391
371;392
371;393
371;394
371;395
371;396
371;397
371;398
371;399
371;400
371;401
371;402
371;403
371;404
371;405
371;406
371;407
371;408
371;409
371;410
371;411
371;412
371;413
371;414
371;415
371;416
371;417
371;418
371;419
371;420
371;421
371;422
371;423
371;424
371;425
371;426
371;427
371;428
371;429
371;430
371;431
371;432
371;433
371;434
371;435
371;436
371;437
371;438
371;439
371;440
371;441
371;442
371;443
371;444
371;445
371;446
371;447
371;448
371;449
371;450
371;451
371;452
371;453
371;454
371;533
371;535
372;147
372;148
372;149
372;150
372;151
372;152
372;153
372;154
372;155
372;156
372;157
372;158
372;159
372;160
372;161
372;162
372;163
372;164
372;165
372;166
372;167
372;168
372;169
372;170
372;171
372;172
372;173
372;174
372;175
372;176
372;177
372;178
372;179
372;180
372;181
372;182
372;183
372;184
372;185
372;186
372;187
372;188
372;189
372;190
372;191
372;192
372;193
372;194
372;195
372;196
372;197
372;198
372;199
372;200
372;201
372;202
372;203
372;204
372;205
372;206
372;207
372;208
372;209
372;210
372;211
372;212
372;213
372;214
372;215
372;216
372;217
372;218
372;219
372;220
372;221
372;222
372;223
372;224
372;225
372;226
372;227
372;228
372;229
372;230
372;231
372;232
372;233
372;234
372;326
372;327
372;328
372;329
372;330
372;331
372;332
372;333
372;334
372;335
372;336
372;337
372;338
372;339
372;340
372;341
372;342
372;343
372;344
372;345
372;346
372;347
372;348
372;349
372;350
372;351
372;352
372;353
372;354
372;355
372;356
372;357
372;358
372;359
372;360
372;361
372;362
372;363
372;364
372;365
372;366
372;367
372;368
372;369
372;370
372;371
372;372
372;373
372;374
372;375
372;376
372;377
372;378
372;379
372;380
372;381
372;382
372;383
372;384
372;385
372;386
372;387
372;388
372;389
372;390
372;391
372;392
372;393
372;394
372;395
372;396
372;397
372;398
372;399
372;400
372;401
372;402
372;403
372;404
372;405
372;406
372;407
372;408
372;409
372;410
372;411
372;412
372;413
372;414
372;415
372;416
372;417
372;418
372;419
372;420
372;421
372;422
372;423
372;424
372;425
372;426
372;427
372;428
372;429
372;430
372;431
372;432
372;433
372;434
372;435
372;436
372;437
372;438
372;439
372;440
372;441
372;442
372;443
372;444
372;445
372;446
372;447
372;448
372;449
372;450
372;451
372;452
372;453
372;454
372;527
372;529
372;530
372;531
372;532
372;533
372;534
372;535
372;536
373;146
373;147
373;148
373;149
373;150
373;151
373;152
373;153
373;154
373;155
373;156
373;157
373;158
373;159
373;160
373;161
373;162
373;163
373;164
373;165
373;166
373;167
373;168
373;169
373;170
373;171
373;172
373;173
373;174
373;175
373;176
373;177
373;178
373;179
373;180
373;181
373;182
373;183
373;184
373;185
373;186
373;187
373;188
373;189
373;190
373;191
373;192
373;193
373;194
373;195
373;196
373;197
373;198
373;199
373;200
373;201
373;202
373;203
373;204
373;205
373;206
373;207
373;208
373;209
373;210
373;211
373;212
373;213
373;214
373;215
373;216
373;217
373;218
373;219
373;220
373;221
373;222
373;223
373;224
373;225
373;226
373;227
373;228
373;229
373;230
373;231
373;232
373;233
373;234
373;235
373;326
373;327
373;328
373;329
373;330
373;331
373;332
373;333
373;334
373;335
373;336
373;337
373;338
373;339
373;340
373;341
373;342
373;343
373;344
373;345
373;346
373;347
373;348
373;349
373;350
373;351
373;352
373;353
373;354
373;355
373;356
373;357
373;358
373;359
373;360
373;361
373;362
373;363
373;364
373;365
373;366
373;367
373;368
373;369
373;370
373;371
373;372
373;373
373;374
373;375
373;376
373;377
373;378
373;379
373;380
373;381
373;382
373;383
373;384
373;385
373;386
373;387
373;388
373;389
373;390
373;391
373;392
373;393
373;394
373;395
373;396
373;397
373;398
373;399
373;400
373;401
373;402
373;403
373;404
373;405
373;406
373;407
373;408
373;409
373;410
373;411
373;412
373;413
373;414
373;415
373;416
373;417
373;418
373;419
373;420
373;421
373;422
373;423
373;424
373;425
373;426
373;427
373;428
373;429
373;430
373;431
373;432
373;433
373;434
373;435
373;436
373;437
373;438
373;439
373;440
373;441
373;442
373;443
373;444
373;445
373;446
373;447
373;448
373;449
373;450
373;451
373;452
373;453
373;454
373;521
373;523
373;524
373;525
373;526
373;527
373;528
373;529
373;530
373;531
373;532
373;533
373;534
373;535
373;536
374;145
374;146
374;147
374;148
374;149
374;150
374;151
374;152
374;153
374;154
374;155
374;156
374;157
374;158
374;159
374;160
374;161
374;162
374;163
374;164
374;165
374;166
374;167
374;168
374;169
374;170
374;171
374;172
374;173
374;174
374;175
374;176
374;177
374;178
374;179
374;180
374;181
374;182
374;183
374;184
374;185
374;186
374;187
374;188
374;189
374;190
374;191
374;192
374;193
374;194
374;195
374;196
374;197
374;198
374;199
374;200
374;201
374;202
374;203
374;204
374;205
374;206
374;207
374;208
374;209
374;210
374;211
374;212
374;213
374;214
374;215
374;216
374;217
374;218
374;219
374;220
374;221
374;222
374;223
374;224
374;225
374;226
374;227
374;228
374;229
374;230
374;231
374;232
374;233
374;234
374;235
374;327
374;328
374;329
374;330
374;331
374;332
374;333
374;334
374;335
374;336
374;337
374;338
374;339
374;340
374;341
374;342
374;343
374;344
374;345
374;346
374;347
374;348
374;349
374;350
374;351
374;352
374;353
374;354
374;355
374;356
374;357
374;358
374;359
374;360
374;361
374;362
374;363
374;364
374;365
374;366
374;367
374;368
374;369
374;370
374;371
374;372
374;373
374;374
374;375
374;376
374;377
374;378
374;379
374;380
374;381
374;382
374;383
374;384
374;385
374;386
374;387
374;388
374;389
374;390
374;391
374;392
374;393
374;394
374;395
374;396
374;397
374;398
374;399
374;400
374;401
374;402
374;403
374;404
374;405
374;406
374;407
374;408
374;409
374;410
374;411
374;412
374;413
374;414
374;415
374;416
374;417
374;418
374;419
374;420
374;421
374;422
374;423
374;424
374;425
374;426
374;427
374;428
374;429
374;430
374;431
374;432
374;433
374;434
374;435
374;436
374;437
374;438
374;439
374;440
374;441
374;442
374;443
374;444
374;445
374;446
374;447
374;448
374;449
374;450
374;451
374;452
374;453
374;454
374;455
374;515
374;517
374;518
374;519
374;520
374;521
374;522
374;523
374;524
374;525
374;526
374;527
374;528
374;529
374;530
374;531
374;532
374;533
374;534
374;535
374;536
375;145
375;146
375;147
375;148
375;149
375;150
375;151
375;152
375;153
375;154
375;155
375;156
375;157
375;158
375;159
375;160
375;161
375;162
375;163
375;164
375;165
375;166
375;167
375;168
375;169
375;170
375;171
375;172
375;173
375;174
375;175
375;176
375;177
375;178
375;179
375;180
375;181
375;182
375;183
375;184
375;185
375;186
375;187
375;188
375;189
375;190
375;191
375;192
375;193
375;194
375;195
375;196
375;197
375;198
375;199
375;200
375;201
375;202
375;203
375;204
375;205
375;206
375;207
375;208
375;209
375;210
375;211
375;212
375;213
375;214
375;215
375;216
375;217
375;218
375;219
375;220
375;221
375;222
375;223
375;224
375;225
375;226
375;227
375;228
375;229
375;230
375;231
375;232
375;233
375;234
375;235
375;236
375;328
375;329
375;330
375;331
375;332
375;333
375;334
375;335
375;336
375;337
375;338
375;339
375;340
375;341
375;342
375;343
375;344
375;345
375;346
375;347
375;348
375;349
375;350
375;351
375;352
375;353
375;354
375;355
375;356
375;357
375;358
375;359
375;360
375;361
375;362
375;363
375;364
375;365
375;366
375;367
375;368
375;369
375;370
375;371
375;372
375;373
375;374
375;375
375;376
375;377
375;378
375;379
375;380
375;381
375;382
375;383
375;384
375;385
375;386
375;387
375;388
375;389
375;390
375;391
375;392
375;393
375;394
375;395
375;396
375;397
375;398
375;399
375;400
375;401
375;402
375;403
375;404
375;405
375;406
375;407
375;408
375;409
375;410
375;411
375;412
375;413
375;414
375;415
375;416
375;417
375;418
375;419
375;420
375;421
375;422
375;423
375;424
375;425
375;426
375;427
375;428
375;429
375;430
375;431
375;432
375;433
375;434
375;435
375;436
375;437
375;438
375;439
375;440
375;441
375;442
375;443
375;444
375;445
375;446
375;447
375;448
375;449
375;450
375;451
375;452
375;453
375;454
375;455
375;507
375;509
375;511
375;512
375;513
375;514
375;515
375;516
375;517
375;518
375;519
375;520
375;521
375;522
375;523
375;524
375;525
375;526
375;527
375;528
375;529
375;530
375;531
375;532
375;533
375;534
375;535
375;536
376;144
376;145
376;146
376;147
376;148
376;149
376;150
376;151
376;152
376;153
376;154
376;155
376;156
376;157
376;158
376;159
376;160
376;161
376;162
376;163
376;164
376;165
376;166
376;167
376;168
376;169
376;170
376;171
376;172
376;173
376;174
376;175
376;176
376;177
376;178
376;179
376;180
376;181
376;182
376;183
376;184
376;185
376;186
376;187
376;188
376;189
376;190
376;191
376;192
376;193
376;194
376;195
376;196
376;197
376;198
376;199
376;200
376;201
376;202
376;203
376;204
376;205
376;206
376;207
376;208
376;209
376;210
376;211
376;212
376;213
376;214
376;215
376;216
376;217
376;218
376;219
376;220
376;221
376;222
376;223
376;224
376;225
376;226
376;227
376;228
376;229
376;230
376;231
376;232
376;233
376;234
376;235
376;236
376;237
376;328
376;329
376;330
376;331
376;332
376;333
376;334
376;335
376;336
376;337
376;338
376;339
376;340
376;341
376;342
376;343
376;344
376;345
376;346
376;347
376;348
376;349
376;350
376;351
376;352
376;353
376;354
376;355
376;356
376;357
376;358
376;359
376;360
376;361
376;362
376;363
376;364
376;365
376;366
376;367
376;368
376;369
376;370
376;371
376;372
376;373
376;374
376;375
376;376
376;377
376;378
376;379
376;380
376;381
376;382
376;383
376;384
376;385
376;386
376;387
376;388
376;389
376;390
376;391
376;392
376;393
376;394
376;395
376;396
376;397
376;398
376;399
376;400
376;401
376;402
376;403
376;404
376;405
376;406
376;407
376;408
376;409
376;410
376;411
376;412
376;413
376;414
376;415
376;416
376;417
376;418
376;419
376;420
376;421
376;422
376;423
376;424
376;425
376;426
376;427
376;428
376;429
376;430
376;431
376;432
376;433
376;434
376;435
376;436
376;437
376;438
376;439
376;440
376;441
376;442
376;443
376;444
376;445
376;446
376;447
376;448
376;449
376;450
376;451
376;452
376;453
376;454
376;455
376;501
376;503
376;504
376;505
376;506
376;507
376;508
376;509
376;510
376;511
376;512
376;513
376;514
376;515
376;516
376;517
376;518
376;519
376;520
376;521
376;522
376;523
376;524
376;525
376;526
376;527
376;528
376;529
376;530
376;531
376;532
376;533
376;534
376;535
376;536
377;143
377;144
377;145
377;146
377;147
377;148
377;149
377;150
377;151
377;152
377;153
377;154
377;155
377;156
377;157
377;158
377;159
377;160
377;161
377;162
377;163
377;164
377;165
377;166
377;167
377;168
377;169
377;170
377;171
377;172
377;173
377;174
377;175
377;176
377;177
377;178
377;179
377;180
377;181
377;182
377;183
377;184
377;185
377;186
377;187
377;188
377;189
377;190
377;191
377;192
377;193
377;194
377;195
377;196
377;197
377;198
377;199
377;200
377;201
377;202
377;203
377;204
377;205
377;206
377;207
377;208
377;209
377;210
377;211
377;212
377;213
377;214
377;215
377;216
377;217
377;218
377;219
377;220
377;221
377;222
377;223
377;224
377;225
377;226
377;227
377;228
377;229
377;230
377;231
377;232
377;233
377;234
377;235
377;236
377;237
377;330
377;331
377;332
377;333
377;334
377;335
377;336
377;337
377;338
377;339
377;340
377;341
377;342
377;343
377;344
377;345
377;346
377;347
377;348
377;349
377;350
377;351
377;352
377;353
377;354
377;355
377;356
377;357
377;358
377;359
377;360
377;361
377;362
377;363
377;364
377;365
377;366
377;367
377;368
377;369
377;370
377;371
377;372
377;373
377;374
377;375
377;376
377;377
377;378
377;379
377;380
377;381
377;382
377;383
377;384
377;385
377;386
377;387
377;388
377;389
377;390
377;391
377;392
377;393
377;394
377;395
377;396
377;397
377;398
377;399
377;400
377;401
377;402
377;403
377;404
377;405
377;406
377;407
377;408
377;409
377;410
377;411
377;412
377;413
377;414
377;415
377;416
377;417
377;418
377;419
377;420
377;421
377;422
377;423
377;424
377;425
377;426
377;427
377;428
377;429
377;430
377;431
377;432
377;433
377;434
377;435
377;436
377;437
377;438
377;439
377;440
377;441
377;442
377;443
377;444
377;445
377;446
377;447
377;448
377;449
377;450
377;451
377;452
377;453
377;454
377;455
377;495
377;497
377;498
377;499
377;500
377;501
377;502
377;503
377;504
377;505
377;506
377;507
377;508
377;509
377;510
377;511
377;512
377;513
377;514
377;515
377;516
377;517
377;518
377;519
377;520
377;521
377;522
377;523
377;524
377;525
377;526
377;527
377;528
377;529
377;530
377;531
377;532
377;533
377;534
377;535
377;536
378;143
378;144
378;145
378;146
378;147
378;148
378;149
378;150
378;151
378;152
378;153
378;154
378;155
378;156
378;157
378;158
378;159
378;160
378;161
378;162
378;163
378;164
378;165
378;166
378;167
378;168
378;169
378;170
378;171
378;172
378;173
378;174
378;175
378;176
378;177
378;178
378;179
378;180
378;181
378;182
378;183
378;184
378;185
378;186
378;187
378;188
378;189
378;190
378;191
378;192
378;193
378;194
378;195
378;196
378;197
378;198
378;199
378;200
378;201
378;202
378;203
378;204
378;205
378;206
378;207
378;208
378;209
378;210
378;211
378;212
378;213
378;214
378;215
378;216
378;217
378;218
378;219
378;220
378;221
378;222
378;223
378;224
378;225
378;226
378;227
378;228
378;229
378;230
378;231
378;232
378;233
378;234
378;235
378;236
378;237
378;238
378;330
378;331
378;332
378;333
378;334
378;335
378;336
378;337
378;338
378;339
378;340
378;341
378;342
378;343
378;344
378;345
378;346
378;347
378;348
378;349
378;350
378;351
378;352
378;353
378;354
378;355
378;356
378;357
378;358
378;359
378;360
378;361
378;362
378;363
378;364
378;365
378;366
378;367
378;368
378;369
378;370
378;371
378;372
378;373
378;374
378;375
378;376
378;377
378;378
378;379
378;380
378;381
378;382
378;383
378;384
378;385
378;386
378;387
378;388
378;389
378;390
378;391
378;392
378;393
378;394
378;395
378;396
378;397
378;398
378;399
378;400
378;401
378;402
378;403
378;404
378;405
378;406
378;407
378;408
378;409
378;410
378;411
378;412
378;413
378;414
378;415
378;416
378;417
378;418
378;419
378;420
378;421
378;422
378;423
378;424
378;425
378;426
378;427
378;428
378;429
378;430
378;431
378;432
378;433
378;434
378;435
378;436
378;437
378;438
378;439
378;440
378;441
378;442
378;443
378;444
378;445
378;446
378;447
378;448
378;449
378;450
378;451
378;452
378;453
378;454
378;455
378;489
378;491
378;492
378;493
378;494
378;495
378;496
378;497
378;498
378;499
378;500
378;501
378;502
378;503
378;504
378;505
378;506
378;507
378;508
378;509
378;510
378;511
378;512
378;513
378;514
378;515
378;516
378;517
378;518
378;519
378;520
378;521
378;522
378;523
378;524
378;525
378;526
378;527
378;528
378;529
378;530
378;531
378;532
378;533
378;534
378;535
378;536
379;142
379;143
379;144
379;145
379;146
379;147
379;148
379;149
379;150
379;151
379;152
379;153
379;154
379;155
379;156
379;157
379;158
379;159
379;160
379;161
379;162
379;163
379;164
379;165
379;166
379;167
379;168
379;169
379;170
379;171
379;172
379;173
379;174
379;175
379;176
379;177
379;178
379;179
379;180
379;181
379;182
379;183
379;184
379;185
379;186
379;187
379;188
379;189
379;190
379;191
379;192
379;193
379;194
379;195
379;196
379;197
379;198
379;199
379;200
379;201
379;202
379;203
379;204
379;205
379;206
379;207
379;208
379;209
379;210
379;211
379;212
379;213
379;214
379;215
379;216
379;217
379;218
379;219
379;220
379;221
379;222
379;223
379;224
379;225
379;226
379;227
379;228
379;229
379;230
379;231
379;232
379;233
379;234
379;235
379;236
379;237
379;238
379;239
379;331
379;332
379;333
379;334
379;335
379;336
379;337
379;338
379;339
379;340
379;341
379;342
379;343
379;344
379;345
379;346
379;347
379;348
379;349
379;350
379;351
379;352
379;353
379;354
379;355
379;356
379;357
379;358
379;359
379;360
379;361
379;362
379;363
379;364
379;365
379;366
379;367
379;368
379;369
379;370
379;371
379;372
379;373
379;374
379;375
379;376
379;377
379;378
379;379
379;380
379;381
379;382
379;383
379;384
379;385
379;386
379;387
379;388
379;389
379;390
379;391
379;392
379;393
379;394
379;395
379;396
379;397
379;398
379;399
379;400
379;401
379;402
379;403
379;404
379;405
379;406
379;407
379;408
379;409
379;410
379;411
379;412
379;413
379;414
379;415
379;416
379;417
379;418
379;419
379;420
379;421
379;422
379;423
379;424
379;425
379;426
379;427
379;428
379;429
379;430
379;431
379;432
379;433
379;434
379;435
379;436
379;437
379;438
379;439
379;440
379;441
379;442
379;443
379;444
379;445
379;446
379;447
379;448
379;449
379;450
379;451
379;452
379;453
379;454
379;455
379;481
379;483
379;484
379;485
379;486
379;487
379;488
379;489
379;490
379;491
379;492
379;493
379;494
379;495
379;496
379;497
379;498
379;499
379;500
379;501
379;502
379;503
379;504
379;505
379;506
379;507
379;508
379;509
379;510
379;511
379;512
379;513
379;514
379;515
379;516
379;517
379;518
379;519
379;520
379;521
379;522
379;523
379;524
379;525
379;526
379;527
379;528
379;529
379;530
379;531
379;532
379;533
379;534
379;535
379;536
380;141
380;142
380;143
380;144
380;145
380;146
380;147
380;148
380;149
380;150
380;151
380;152
380;153
380;154
380;155
380;156
380;157
380;158
380;159
380;160
380;161
380;162
380;163
380;164
380;165
380;166
380;167
380;168
380;169
380;170
380;171
380;172
380;173
380;174
380;175
380;176
380;177
380;178
380;179
380;180
380;181
380;182
380;183
380;184
380;185
380;186
380;187
380;188
380;189
380;190
380;191
380;192
380;193
380;194
380;195
380;196
380;197
380;198
380;199
380;200
380;201
380;202
380;203
380;204
380;205
380;206
380;207
380;208
380;209
380;210
380;211
380;212
380;213
380;214
380;215
380;216
380;217
380;218
380;219
380;220
380;221
380;222
380;223
380;224
380;225
380;226
380;227
380;228
380;229
380;230
380;231
380;232
380;233
380;234
380;235
380;236
380;237
380;238
380;239
380;332
380;333
380;334
380;335
380;336
380;337
380;338
380;339
380;340
380;341
380;342
380;343
380;344
380;345
380;346
380;347
380;348
380;349
380;350
380;351
380;352
380;353
380;354
380;355
380;356
380;357
380;358
380;359
380;360
380;361
380;362
380;363
380;364
380;365
380;366
380;367
380;368
380;369
380;370
380;371
380;372
380;373
380;374
380;375
380;376
380;377
380;378
380;379
380;380
380;381
380;382
380;383
380;384
380;385
380;386
380;387
380;388
380;389
380;390
380;391
380;392
380;393
380;394
380;395
380;396
380;397
380;398
380;399
380;400
380;401
380;402
380;403
380;404
380;405
380;406
380;407
380;408
380;409
380;410
380;411
380;412
380;413
380;414
380;415
380;416
380;417
380;418
380;419
380;420
380;421
380;422
380;423
380;424
380;425
380;426
380;427
380;428
380;429
380;430
380;431
380;432
380;433
380;434
380;435
380;436
380;437
380;438
380;439
380;440
380;441
380;442
380;443
380;444
380;445
380;446
380;447
380;448
380;449
380;450
380;451
380;452
380;453
380;454
380;455
380;475
380;477
380;478
380;479
380;480
380;481
380;482
380;483
380;484
380;485
380;486
380;487
380;488
380;489
380;490
380;491
380;492
380;493
380;494
380;495
380;496
380;497
380;498
380;499
380;500
380;501
380;502
380;503
380;504
380;505
380;506
380;507
380;508
380;509
380;510
380;511
380;512
380;513
380;514
380;515
380;516
380;517
380;518
380;519
380;520
380;521
380;522
380;523
380;524
380;525
380;526
380;527
380;528
380;529
380;530
380;531
380;532
380;533
380;534
380;535
380;536
381;141
381;142
381;143
381;144
381;145
381;146
381;147
381;148
381;149
381;150
381;151
381;152
381;153
381;154
381;155
381;156
381;157
381;158
381;159
381;160
381;161
381;162
381;163
381;164
381;165
381;166
381;167
381;168
381;169
381;170
381;171
381;172
381;173
381;174
381;175
381;176
381;177
381;178
381;179
381;180
381;181
381;182
381;183
381;184
381;185
381;186
381;187
381;188
381;189
381;190
381;191
381;192
381;193
381;194
381;195
381;196
381;197
381;198
381;199
381;200
381;201
381;202
381;203
381;204
381;205
381;206
381;207
381;208
381;209
381;210
381;211
381;212
381;213
381;214
381;215
381;216
381;217
381;218
381;219
381;220
381;221
381;222
381;223
381;224
381;225
381;226
381;227
381;228
381;229
381;230
381;231
381;232
381;233
381;234
381;235
381;236
381;237
381;238
381;239
381;240
381;332
381;333
381;334
381;335
381;336
381;337
381;338
381;339
381;340
381;341
381;342
381;343
381;344
381;345
381;346
381;347
381;348
381;349
381;350
381;351
381;352
381;353
381;354
381;355
381;356
381;357
381;358
381;359
381;360
381;361
381;362
381;363
381;364
381;365
381;366
381;367
381;368
381;369
381;370
381;371
381;372
381;373
381;374
381;375
381;376
381;377
381;378
381;379
381;380
381;381
381;382
381;383
381;384
381;385
381;386
381;387
381;388
381;389
381;390
381;391
381;392
381;393
381;394
381;395
381;396
381;397
381;398
381;399
381;400
381;401
381;402
381;403
381;404
381;405
381;406
381;407
381;408
381;409
381;410
381;411
381;412
381;413
381;414
381;415
381;416
381;417
381;418
381;419
381;420
381;421
381;422
381;423
381;424
381;425
381;426
381;427
381;428
381;429
381;430
381;431
381;432
381;433
381;434
381;435
381;436
381;437
381;438
381;439
381;440
381;441
381;442
381;443
381;444
381;445
381;446
381;447
381;448
381;449
381;450
381;451
381;452
381;453
381;454
381;455
381;469
381;471
381;472
381;473
381;474
381;475
381;476
381;477
381;478
381;479
381;480
381;481
381;482
381;483
381;484
381;485
381;486
381;487
381;488
381;489
381;490
381;491
381;492
381;493
381;494
381;495
381;496
381;497
381;498
381;499
381;500
381;501
381;502
381;503
381;504
381;505
381;506
381;507
381;508
381;509
381;510
381;511
381;512
381;513
381;514
381;515
381;516
381;517
381;518
381;519
381;520
381;521
381;522
381;523
381;524
381;525
381;526
381;527
381;528
381;529
381;530
381;531
381;532
381;533
381;534
381;535
381;536
382;141
382;142
382;143
382;144
382;145
382;146
382;147
382;148
382;149
382;150
382;151
382;152
382;153
382;154
382;155
382;156
382;157
382;158
382;159
382;160
382;161
382;162
382;163
382;164
382;165
382;166
382;167
382;168
382;169
382;170
382;171
382;172
382;173
382;174
382;175
382;176
382;177
382;178
382;179
382;180
382;181
382;182
382;183
382;184
382;185
382;186
382;187
382;188
382;189
382;190
382;191
382;192
382;193
382;194
382;195
382;196
382;197
382;198
382;199
382;200
382;201
382;202
382;203
382;204
382;205
382;206
382;207
382;208
382;209
382;210
382;211
382;212
382;213
382;214
382;215
382;216
382;217
382;218
382;219
382;220
382;221
382;222
382;223
382;224
382;225
382;226
382;227
382;228
382;229
382;230
382;231
382;232
382;233
382;234
382;235
382;236
382;237
382;238
382;239
382;240
382;241
382;333
382;334
382;335
382;336
382;337
382;338
382;339
382;340
382;341
382;342
382;343
382;344
382;345
382;346
382;347
382;348
382;349
382;350
382;351
382;352
382;353
382;354
382;355
382;356
382;357
382;358
382;359
382;360
382;361
382;362
382;363
382;364
382;365
382;366
382;367
382;368
382;369
382;370
382;371
382;372
382;373
382;374
382;375
382;376
382;377
382;378
382;379
382;380
382;381
382;382
382;383
382;384
382;385
382;386
382;387
382;388
382;389
382;390
382;391
382;392
382;393
382;394
382;395
382;396
382;397
382;398
382;399
382;400
382;401
382;402
382;403
382;404
382;405
382;406
382;407
382;408
382;409
382;410
382;411
382;412
382;413
382;414
382;415
382;416
382;417
382;418
382;419
382;420
382;421
382;422
382;423
382;424
382;425
382;426
382;427
382;428
382;429
382;430
382;431
382;432
382;433
382;434
382;435
382;436
382;437
382;438
382;439
382;440
382;441
382;442
382;443
382;444
382;445
382;446
382;447
382;448
382;449
382;450
382;451
382;452
382;453
382;454
382;455
382;463
382;465
382;466
382;467
382;468
382;469
382;470
382;471
382;472
382;473
382;474
382;475
382;476
382;477
382;478
382;479
382;480
382;481
382;482
382;483
382;484
382;485
382;486
382;487
382;488
382;489
382;490
382;491
382;492
382;493
382;494
382;495
382;496
382;497
382;498
382;499
382;500
382;501
382;502
382;503
382;504
382;505
382;506
382;507
382;508
382;509
382;510
382;511
382;512
382;513
382;514
382;515
382;516
382;517
382;518
382;519
382;520
382;521
382;522
382;523
382;524
382;525
382;526
382;527
382;528
382;529
382;530
382;531
382;532
382;533
382;534
382;535
382;536
383;140
383;141
383;142
383;143
383;144
383;145
383;146
383;147
383;148
383;149
383;150
383;151
383;152
383;153
383;154
383;155
383;156
383;157
383;158
383;159
383;160
383;161
383;162
383;163
383;164
383;165
383;166
383;167
383;168
383;169
383;170
383;171
383;172
383;173
383;174
383;175
383;176
383;177
383;178
383;179
383;180
383;181
383;182
383;183
383;184
383;185
383;186
383;187
383;188
383;189
383;190
383;191
383;192
383;193
383;194
383;195
383;196
383;197
383;198
383;199
383;200
383;201
383;202
383;203
383;204
383;205
383;206
383;207
383;208
383;209
383;210
383;211
383;212
383;213
383;214
383;215
383;216
383;217
383;218
383;219
383;220
383;221
383;222
383;223
383;224
383;225
383;226
383;227
383;228
383;229
383;230
383;231
383;232
383;233
383;234
383;235
383;236
383;237
383;238
383;239
383;240
383;241
383;242
383;334
383;335
383;336
383;337
383;338
383;339
383;340
383;341
383;342
383;343
383;344
383;345
383;346
383;347
383;348
383;349
383;350
383;351
383;352
383;353
383;354
383;355
383;356
383;357
383;358
383;359
383;360
383;361
383;362
383;363
383;364
383;365
383;366
383;367
383;368
383;369
383;370
383;371
383;372
383;373
383;374
383;375
383;376
383;377
383;378
383;379
383;380
383;381
383;382
383;383
383;384
383;385
383;386
383;387
383;388
383;389
383;390
383;391
383;392
383;393
383;394
383;395
383;396
383;397
383;398
383;399
383;400
383;401
383;402
383;403
383;404
383;405
383;406
383;407
383;408
383;409
383;410
383;411
383;412
383;413
383;414
383;415
383;416
383;417
383;418
383;419
383;420
383;421
383;422
383;423
383;424
383;425
383;426
383;427
383;428
383;429
383;430
383;431
383;432
383;433
383;434
383;435
383;436
383;437
383;438
383;439
383;440
383;441
383;442
383;443
383;444
383;445
383;446
383;447
383;448
383;449
383;450
383;451
383;452
383;453
383;454
383;455
383;457
383;458
383;459
383;460
383;461
383;462
383;463
383;464
383;465
383;466
383;467
383;468
383;469
383;470
383;471
383;472
383;473
383;474
383;475
383;476
383;477
383;478
383;479
383;480
383;481
383;482
383;483
383;484
383;485
383;486
383;487
383;488
383;489
383;490
383;491
383;492
383;493
383;494
383;495
383;496
383;497
383;498
383;499
383;500
383;501
383;502
383;503
383;504
383;505
383;506
383;507
383;508
383;509
383;510
383;511
383;512
383;513
383;514
383;515
383;516
383;517
383;518
383;519
383;520
383;521
383;522
383;523
383;524
383;525
383;526
383;527
383;528
383;529
383;530
383;531
383;532
383;533
383;534
383;535
383;536
384;139
384;140
384;141
384;142
384;143
384;144
384;145
384;146
384;147
384;148
384;149
384;150
384;151
384;152
384;153
384;154
384;155
384;156
384;157
384;158
384;159
384;160
384;161
384;162
384;163
384;164
384;165
384;166
384;167
384;168
384;169
384;170
384;171
384;172
384;173
384;174
384;175
384;176
384;177
384;178
384;179
384;180
384;181
384;182
384;183
384;184
384;185
384;186
384;187
384;188
384;189
384;190
384;191
384;192
384;193
384;194
384;195
384;196
384;197
384;198
384;199
384;200
384;201
384;202
384;203
384;204
384;205
384;206
384;207
384;208
384;209
384;210
384;211
384;212
384;213
384;214
384;215
384;216
384;217
384;218
384;219
384;220
384;221
384;222
384;223
384;224
384;225
384;226
384;227
384;228
384;229
384;230
384;231
384;232
384;233
384;234
384;235
384;236
384;237
384;238
384;239
384;240
384;241
384;242
384;243
384;334
384;335
384;336
384;337
384;338
384;339
384;340
384;341
384;342
384;343
384;344
384;345
384;346
384;347
384;348
384;349
384;350
384;351
384;352
384;353
384;354
384;355
384;356
384;357
384;358
384;359
384;360
384;361
384;362
384;363
384;364
384;365
384;366
384;367
384;368
384;369
384;370
384;371
384;372
384;373
384;374
384;375
384;376
384;377
384;378
384;379
384;380
384;381
384;382
384;383
384;384
384;385
384;386
384;387
384;388
384;389
384;390
384;391
384;392
384;393
384;394
384;395
384;396
384;397
384;398
384;399
384;400
384;401
384;402
384;403
384;404
384;405
384;406
384;407
384;408
384;409
384;410
384;411
384;412
384;413
384;414
384;415
384;416
384;417
384;418
384;419
384;420
384;421
384;422
384;423
384;424
384;425
384;426
384;427
384;428
384;429
384;430
384;431
384;432
384;433
384;434
384;435
384;436
384;437
384;438
384;439
384;440
384;441
384;442
384;443
384;444
384;445
384;446
384;447
384;448
384;449
384;450
384;451
384;452
384;453
384;454
384;455
384;456
384;457
384;458
384;459
384;460
384;461
384;462
384;463
384;464
384;465
384;466
384;467
384;468
384;469
384;470
384;471
384;472
384;473
384;474
384;475
384;476
384;477
384;478
384;479
384;480
384;481
384;482
384;483
384;484
384;485
384;486
384;487
384;488
384;489
384;490
384;491
384;492
384;493
384;494
384;495
384;496
384;497
384;498
384;499
384;500
384;501
384;502
384;503
384;504
384;505
384;506
384;507
384;508
384;509
384;510
384;511
384;512
384;513
384;514
384;515
384;516
384;517
384;518
384;519
384;520
384;521
384;522
384;523
384;524
384;525
384;526
384;527
384;528
384;529
384;530
384;531
384;532
384;533
384;534
384;535
384;536
385;139
385;140
385;141
385;142
385;143
385;144
385;145
385;146
385;147
385;148
385;149
385;150
385;151
385;152
385;153
385;154
385;155
385;156
385;157
385;158
385;159
385;160
385;161
385;162
385;163
385;164
385;165
385;166
385;167
385;168
385;169
385;170
385;171
385;172
385;173
385;174
385;175
385;176
385;177
385;178
385;179
385;180
385;181
385;182
385;183
385;184
385;185
385;186
385;187
385;188
385;189
385;190
385;191
385;192
385;193
385;194
385;195
385;196
385;197
385;198
385;199
385;200
385;201
385;202
385;203
385;204
385;205
385;206
385;207
385;208
385;209
385;210
385;211
385;212
385;213
385;214
385;215
385;216
385;217
385;218
385;219
385;220
385;221
385;222
385;223
385;224
385;225
385;226
385;227
385;228
385;229
385;230
385;231
385;232
385;233
385;234
385;235
385;236
385;237
385;238
385;239
385;240
385;241
385;242
385;243
385;335
385;336
385;337
385;338
385;339
385;340
385;341
385;342
385;343
385;344
385;345
385;346
385;347
385;348
385;349
385;350
385;351
385;352
385;353
385;354
385;355
385;356
385;357
385;358
385;359
385;360
385;361
385;362
385;363
385;364
385;365
385;366
385;367
385;368
385;369
385;370
385;371
385;372
385;373
385;374
385;375
385;376
385;377
385;378
385;379
385;380
385;381
385;382
385;383
385;384
385;385
385;386
385;387
385;388
385;389
385;390
385;391
385;392
385;393
385;394
385;395
385;396
385;397
385;398
385;399
385;400
385;401
385;402
385;403
385;404
385;405
385;406
385;407
385;408
385;409
385;410
385;411
385;412
385;413
385;414
385;415
385;416
385;417
385;418
385;419
385;420
385;421
385;422
385;423
385;424
385;425
385;426
385;427
385;428
385;429
385;430
385;431
385;432
385;433
385;434
385;435
385;436
385;437
385;438
385;439
385;440
385;441
385;442
385;443
385;444
385;445
385;446
385;447
385;448
385;449
385;450
385;451
385;452
385;453
385;454
385;455
385;456
385;457
385;458
385;459
385;460
385;461
385;462
385;463
385;464
385;465
385;466
385;467
385;468
385;469
385;470
385;471
385;472
385;473
385;474
385;475
385;476
385;477
385;478
385;479
385;480
385;481
385;482
385;483
385;484
385;485
385;486
385;487
385;488
385;489
385;490
385;491
385;492
385;493
385;494
385;495
385;496
385;497
385;498
385;499
385;500
385;501
385;502
385;503
385;504
385;505
385;506
385;507
385;508
385;509
385;510
385;511
385;512
385;513
385;514
385;515
385;516
385;517
385;518
385;519
385;520
385;521
385;522
385;523
385;524
385;525
385;526
385;527
385;528
385;529
385;530
385;531
385;532
385;533
385;534
385;535
385;536
386;138
386;139
386;140
386;141
386;142
386;143
386;144
386;145
386;146
386;147
386;148
386;149
386;150
386;151
386;152
386;153
386;154
386;155
386;156
386;157
386;158
386;159
386;160
386;161
386;162
386;163
386;164
386;165
386;166
386;167
386;168
386;169
386;170
386;171
386;172
386;173
386;174
386;175
386;176
386;177
386;178
386;179
386;180
386;181
386;182
386;183
386;184
386;185
386;186
386;187
386;188
386;189
386;190
386;191
386;192
386;193
386;194
386;195
386;196
386;197
386;198
386;199
386;200
386;201
386;202
386;203
386;204
386;205
386;206
386;207
386;208
386;209
386;210
386;211
386;212
386;213
386;214
386;215
386;216
386;217
386;218
386;219
386;220
386;221
386;222
386;223
386;224
386;225
386;226
386;227
386;228
386;229
386;230
386;231
386;232
386;233
386;234
386;235
386;236
386;237
386;238
386;239
386;240
386;241
386;242
386;243
386;244
386;336
386;337
386;338
386;339
386;340
386;341
386;342
386;343
386;344
386;345
386;346
386;347
386;348
386;349
386;350
386;351
386;352
386;353
386;354
386;355
386;356
386;357
386;358
386;359
386;360
386;361
386;362
386;363
386;364
386;365
386;366
386;367
386;368
386;369
386;370
386;371
386;372
386;373
386;374
386;375
386;376
386;377
386;378
386;379
386;380
386;381
386;382
386;383
386;384
386;385
386;386
386;387
386;388
386;389
386;390
386;391
386;392
386;393
386;394
386;395
386;396
386;397
386;398
386;399
386;400
386;401
386;402
386;403
386;404
386;405
386;406
386;407
386;408
386;409
386;410
386;411
386;412
386;413
386;414
386;415
386;416
386;417
386;418
386;419
386;420
386;421
386;422
386;423
386;424
386;425
386;426
386;427
386;428
386;429
386;430
386;431
386;432
386;433
386;434
386;435
386;436
386;437
386;438
386;439
386;440
386;441
386;442
386;443
386;444
386;445
386;446
386;447
386;448
386;449
386;450
386;451
386;452
386;453
386;454
386;455
386;456
386;457
386;458
386;459
386;460
386;461
386;462
386;463
386;464
386;465
386;466
386;467
386;468
386;469
386;470
386;471
386;472
386;473
386;474
386;475
386;476
386;477
386;478
386;479
386;480
386;481
386;482
386;483
386;484
386;485
386;486
386;487
386;488
386;489
386;490
386;491
386;492
386;493
386;494
386;495
386;496
386;497
386;498
386;499
386;500
386;501
386;502
386;503
386;504
386;505
386;506
386;507
386;508
386;509
386;510
386;511
386;512
386;513
386;514
386;515
386;516
386;517
386;518
386;519
386;520
386;521
386;522
386;523
386;524
386;525
386;526
386;527
386;528
386;529
386;530
386;531
386;532
386;533
386;534
386;535
386;536
387;137
387;138
387;139
387;140
387;141
387;142
387;143
387;144
387;145
387;146
387;147
387;148
387;149
387;150
387;151
387;152
387;153
387;154
387;155
387;156
387;157
387;158
387;159
387;160
387;161
387;162
387;163
387;164
387;165
387;166
387;167
387;168
387;169
387;170
387;171
387;172
387;173
387;174
387;175
387;176
387;177
387;178
387;179
387;180
387;181
387;182
387;183
387;184
387;185
387;186
387;187
387;188
387;189
387;190
387;191
387;192
387;193
387;194
387;195
387;196
387;197
387;198
387;199
387;200
387;201
387;202
387;203
387;204
387;205
387;206
387;207
387;208
387;209
387;210
387;211
387;212
387;213
387;214
387;215
387;216
387;217
387;218
387;219
387;220
387;221
387;222
387;223
387;224
387;225
387;226
387;227
387;228
387;229
387;230
387;231
387;232
387;233
387;234
387;235
387;236
387;237
387;238
387;239
387;240
387;241
387;242
387;243
387;244
387;245
387;336
387;337
387;338
387;339
387;340
387;341
387;342
387;343
387;344
387;345
387;346
387;347
387;348
387;349
387;350
387;351
387;352
387;353
387;354
387;355
387;356
387;357
387;358
387;359
387;360
387;361
387;362
387;363
387;364
387;365
387;366
387;367
387;368
387;369
387;370
387;371
387;372
387;373
387;374
387;375
387;376
387;377
387;378
387;379
387;380
387;381
387;382
387;383
387;384
387;385
387;386
387;387
387;388
387;389
387;390
387;391
387;392
387;393
387;394
387;395
387;396
387;397
387;398
387;399
387;400
387;401
387;402
387;403
387;404
387;405
387;406
387;407
387;408
387;409
387;410
387;411
387;412
387;413
387;414
387;415
387;416
387;417
387;418
387;419
387;420
387;421
387;422
387;423
387;424
387;425
387;426
387;427
387;428
387;429
387;430
387;431
387;432
387;433
387;434
387;435
387;436
387;437
387;438
387;439
387;440
387;441
387;442
387;443
387;444
387;445
387;446
387;447
387;448
387;449
387;450
387;451
387;452
387;453
387;454
387;455
387;456
387;457
387;458
387;459
387;460
387;461
387;462
387;463
387;464
387;465
387;466
387;467
387;468
387;469
387;470
387;471
387;472
387;473
387;474
387;475
387;476
387;477
387;478
387;479
387;480
387;481
387;482
387;483
387;484
387;485
387;486
387;487
387;488
387;489
387;490
387;491
387;492
387;493
387;494
387;495
387;496
387;497
387;498
387;499
387;500
387;501
387;502
387;503
387;504
387;505
387;506
387;507
387;508
387;509
387;510
387;511
387;512
387;513
387;514
387;515
387;516
387;517
387;518
387;519
387;520
387;521
387;522
387;523
387;524
387;525
387;526
387;527
387;528
387;529
387;530
387;531
387;532
387;533
387;534
387;535
387;536
388;137
388;138
388;139
388;140
388;141
388;142
388;143
388;144
388;145
388;146
388;147
388;148
388;149
388;150
388;151
388;152
388;153
388;154
388;155
388;156
388;157
388;158
388;159
388;160
388;161
388;162
388;163
388;164
388;165
388;166
388;167
388;168
388;169
388;170
388;171
388;172
388;173
388;174
388;175
388;176
388;177
388;178
388;179
388;180
388;181
388;182
388;183
388;184
388;185
388;186
388;187
388;188
388;189
388;190
388;191
388;192
388;193
388;194
388;195
388;196
388;197
388;198
388;199
388;200
388;201
388;202
388;203
388;204
388;205
388;206
388;207
388;208
388;209
388;210
388;211
388;212
388;213
388;214
388;215
388;216
388;217
388;218
388;219
388;220
388;221
388;222
388;223
388;224
388;225
388;226
388;227
388;228
388;229
388;230
388;231
388;232
388;233
388;234
388;235
388;236
388;237
388;238
388;239
388;240
388;241
388;242
388;243
388;244
388;245
388;338
388;339
388;340
388;341
388;342
388;343
388;344
388;345
388;346
388;347
388;348
388;349
388;350
388;351
388;352
388;353
388;354
388;355
388;356
388;357
388;358
388;359
388;360
388;361
388;362
388;363
388;364
388;365
388;366
388;367
388;368
388;369
388;370
388;371
388;372
388;373
388;374
388;375
388;376
388;377
388;378
388;379
388;380
388;381
388;382
388;383
388;384
388;385
388;386
388;387
388;388
388;389
388;390
388;391
388;392
388;393
388;394
388;395
388;396
388;397
388;398
388;399
388;400
388;401
388;402
388;403
388;404
388;405
388;406
388;407
388;408
388;409
388;410
388;411
388;412
388;413
388;414
388;415
388;416
388;417
388;418
388;419
388;420
388;421
388;422
388;423
388;424
388;425
388;426
388;427
388;428
388;429
388;430
388;431
388;432
388;433
388;434
388;435
388;436
388;437
388;438
388;439
388;440
388;441
388;442
388;443
388;444
388;445
388;446
388;447
388;448
388;449
388;450
388;451
388;452
388;453
388;454
388;455
388;456
388;457
388;458
388;459
388;460
388;461
388;462
388;463
388;464
388;465
388;466
388;467
388;468
388;469
388;470
388;471
388;472
388;473
388;474
388;475
388;476
388;477
388;478
388;479
388;480
388;481
388;482
388;483
388;484
388;485
388;486
388;487
388;488
388;489
388;490
388;491
388;492
388;493
388;494
388;495
388;496
388;497
388;498
388;499
388;500
388;501
388;502
388;503
388;504
388;505
388;506
388;507
388;508
388;509
388;510
388;511
388;512
388;513
388;514
388;515
388;516
388;517
388;518
388;519
388;520
388;521
388;522
388;523
388;524
388;525
388;526
388;527
388;528
388;529
388;530
388;531
388;532
388;533
388;534
388;535
389;136
389;137
389;138
389;139
389;140
389;141
389;142
389;143
389;144
389;145
389;146
389;147
389;148
389;149
389;150
389;151
389;152
389;153
389;154
389;155
389;156
389;157
389;158
389;159
389;160
389;161
389;162
389;163
389;164
389;165
389;166
389;167
389;168
389;169
389;170
389;171
389;172
389;173
389;174
389;175
389;176
389;177
389;178
389;179
389;180
389;181
389;182
389;183
389;184
389;185
389;186
389;187
389;188
389;189
389;190
389;191
389;192
389;193
389;194
389;195
389;196
389;197
389;198
389;199
389;200
389;201
389;202
389;203
389;204
389;205
389;206
389;207
389;208
389;209
389;210
389;211
389;212
389;213
389;214
389;215
389;216
389;217
389;218
389;219
389;220
389;221
389;222
389;223
389;224
389;225
389;226
389;227
389;228
389;229
389;230
389;231
389;232
389;233
389;234
389;235
389;236
389;237
389;238
389;239
389;240
389;241
389;242
389;243
389;244
389;245
389;246
389;266
389;267
389;268
389;269
389;271
389;338
389;339
389;340
389;341
389;342
389;343
389;344
389;345
389;346
389;347
389;348
389;349
389;350
389;351
389;352
389;353
389;354
389;355
389;356
389;357
389;358
389;359
389;360
389;361
389;362
389;363
389;364
389;365
389;366
389;367
389;368
389;369
389;370
389;371
389;372
389;373
389;374
389;375
389;376
389;377
389;378
389;379
389;380
389;381
389;382
389;383
389;384
389;385
389;386
389;387
389;388
389;389
389;390
389;391
389;392
389;393
389;394
389;395
389;396
389;397
389;398
389;399
389;400
389;401
389;402
389;403
389;404
389;405
389;406
389;407
389;408
389;409
389;410
389;411
389;412
389;413
389;414
389;415
389;416
389;417
389;418
389;419
389;420
389;421
389;422
389;423
389;424
389;425
389;426
389;427
389;428
389;429
389;430
389;431
389;432
389;433
389;434
389;435
389;436
389;437
389;438
389;439
389;440
389;441
389;442
389;443
389;444
389;445
389;446
389;447
389;448
389;449
389;450
389;451
389;452
389;453
389;454
389;455
389;456
389;457
389;458
389;459
389;460
389;461
389;462
389;463
389;464
389;465
389;466
389;467
389;468
389;469
389;470
389;471
389;472
389;473
389;474
389;475
389;476
389;477
389;478
389;479
389;480
389;481
389;482
389;483
389;484
389;485
389;486
389;487
389;488
389;489
389;490
389;491
389;492
389;493
389;494
389;495
389;496
389;497
389;498
389;499
389;500
389;501
389;502
389;503
389;504
389;505
389;506
389;507
389;508
389;509
389;510
389;511
389;512
389;513
389;514
389;515
389;516
389;517
389;518
389;519
389;520
389;521
389;522
389;523
389;524
389;525
389;526
389;527
389;528
389;529
389;530
389;531
389;532
389;533
389;534
389;535
390;135
390;136
390;137
390;138
390;139
390;140
390;141
390;142
390;143
390;144
390;145
390;146
390;147
390;148
390;149
390;150
390;151
390;152
390;153
390;154
390;155
390;156
390;157
390;158
390;159
390;160
390;161
390;162
390;163
390;164
390;165
390;166
390;167
390;168
390;169
390;170
390;171
390;172
390;173
390;174
390;175
390;176
390;177
390;178
390;179
390;180
390;181
390;182
390;183
390;184
390;185
390;186
390;187
390;188
390;189
390;190
390;191
390;192
390;193
390;194
390;195
390;196
390;197
390;198
390;199
390;200
390;201
390;202
390;203
390;204
390;205
390;206
390;207
390;208
390;209
390;210
390;211
390;212
390;213
390;214
390;215
390;216
390;217
390;218
390;219
390;220
390;221
390;222
390;223
390;224
390;225
390;226
390;227
390;228
390;229
390;230
390;231
390;232
390;233
390;234
390;235
390;236
390;237
390;238
390;239
390;240
390;241
390;242
390;243
390;244
390;245
390;246
390;247
390;266
390;267
390;268
390;269
390;270
390;271
390;272
390;273
390;274
390;275
390;277
390;339
390;340
390;341
390;342
390;343
390;344
390;345
390;346
390;347
390;348
390;349
390;350
390;351
390;352
390;353
390;354
390;355
390;356
390;357
390;358
390;359
390;360
390;361
390;362
390;363
390;364
390;365
390;366
390;367
390;368
390;369
390;370
390;371
390;372
390;373
390;374
390;375
390;376
390;377
390;378
390;379
390;380
390;381
390;382
390;383
390;384
390;385
390;386
390;387
390;388
390;389
390;390
390;391
390;392
390;393
390;394
390;395
390;396
390;397
390;398
390;399
390;400
390;401
390;402
390;403
390;404
390;405
390;406
390;407
390;408
390;409
390;410
390;411
390;412
390;413
390;414
390;415
390;416
390;417
390;418
390;419
390;420
390;421
390;422
390;423
390;424
390;425
390;426
390;427
390;428
390;429
390;430
390;431
390;432
390;433
390;434
390;435
390;436
390;437
390;438
390;439
390;440
390;441
390;442
390;443
390;444
390;445
390;446
390;447
390;448
390;449
390;450
390;451
390;452
390;453
390;454
390;455
390;456
390;457
390;458
390;459
390;460
390;461
390;462
390;463
390;464
390;465
390;466
390;467
390;468
390;469
390;470
390;471
390;472
390;473
390;474
390;475
390;476
390;477
390;478
390;479
390;480
390;481
390;482
390;483
390;484
390;485
390;486
390;487
390;488
390;489
390;490
390;491
390;492
390;493
390;494
390;495
390;496
390;497
390;498
390;499
390;500
390;501
390;502
390;503
390;504
390;505
390;506
390;507
390;508
390;509
390;510
390;511
390;512
390;513
390;514
390;515
390;516
390;517
390;518
390;519
390;520
390;521
390;522
390;523
390;524
390;525
390;526
390;527
390;528
390;529
390;530
390;531
390;532
390;533
390;534
391;135
391;136
391;137
391;138
391;139
391;140
391;141
391;142
391;143
391;144
391;145
391;146
391;147
391;148
391;149
391;150
391;151
391;152
391;153
391;154
391;155
391;156
391;157
391;158
391;159
391;160
391;161
391;162
391;163
391;164
391;165
391;166
391;167
391;168
391;169
391;170
391;171
391;172
391;173
391;174
391;175
391;176
391;177
391;178
391;179
391;180
391;181
391;182
391;183
391;184
391;185
391;186
391;187
391;188
391;189
391;190
391;191
391;192
391;193
391;194
391;195
391;196
391;197
391;198
391;199
391;200
391;201
391;202
391;203
391;204
391;205
391;206
391;207
391;208
391;209
391;210
391;211
391;212
391;213
391;214
391;215
391;216
391;217
391;218
391;219
391;220
391;221
391;222
391;223
391;224
391;225
391;226
391;227
391;228
391;229
391;230
391;231
391;232
391;233
391;234
391;235
391;236
391;237
391;238
391;239
391;240
391;241
391;242
391;243
391;244
391;245
391;246
391;247
391;266
391;267
391;268
391;269
391;270
391;271
391;272
391;273
391;274
391;275
391;276
391;277
391;278
391;279
391;280
391;281
391;283
391;340
391;341
391;342
391;343
391;344
391;345
391;346
391;347
391;348
391;349
391;350
391;351
391;352
391;353
391;354
391;355
391;356
391;357
391;358
391;359
391;360
391;361
391;362
391;363
391;364
391;365
391;366
391;367
391;368
391;369
391;370
391;371
391;372
391;373
391;374
391;375
391;376
391;377
391;378
391;379
391;380
391;381
391;382
391;383
391;384
391;385
391;386
391;387
391;388
391;389
391;390
391;391
391;392
391;393
391;394
391;395
391;396
391;397
391;398
391;399
391;400
391;401
391;402
391;403
391;404
391;405
391;406
391;407
391;408
391;409
391;410
391;411
391;412
391;413
391;414
391;415
391;416
391;417
391;418
391;419
391;420
391;421
391;422
391;423
391;424
391;425
391;426
391;427
391;428
391;429
391;430
391;431
391;432
391;433
391;434
391;435
391;436
391;437
391;438
391;439
391;440
391;441
391;442
391;443
391;444
391;445
391;446
391;447
391;448
391;449
391;450
391;451
391;452
391;453
391;454
391;455
391;456
391;457
391;458
391;459
391;460
391;461
391;462
391;463
391;464
391;465
391;466
391;467
391;468
391;469
391;470
391;471
391;472
391;473
391;474
391;475
391;476
391;477
391;478
391;479
391;480
391;481
391;482
391;483
391;484
391;485
391;486
391;487
391;488
391;489
391;490
391;491
391;492
391;493
391;494
391;495
391;496
391;497
391;498
391;499
391;500
391;501
391;502
391;503
391;504
391;505
391;506
391;507
391;508
391;509
391;510
391;511
391;512
391;513
391;514
391;515
391;516
391;517
391;518
391;519
391;520
391;521
391;522
391;523
391;524
391;525
391;526
391;527
391;528
391;529
391;530
391;531
391;532
391;533
391;534
392;134
392;135
392;136
392;137
392;138
392;139
392;140
392;141
392;142
392;143
392;144
392;145
392;146
392;147
392;148
392;149
392;150
392;151
392;152
392;153
392;154
392;155
392;156
392;157
392;158
392;159
392;160
392;161
392;162
392;163
392;164
392;165
392;166
392;167
392;168
392;169
392;170
392;171
392;172
392;173
392;174
392;175
392;176
392;177
392;178
392;179
392;180
392;181
392;182
392;183
392;184
392;185
392;186
392;187
392;188
392;189
392;190
392;191
392;192
392;193
392;194
392;195
392;196
392;197
392;198
392;199
392;200
392;201
392;202
392;203
392;204
392;205
392;206
392;207
392;208
392;209
392;210
392;211
392;212
392;213
392;214
392;215
392;216
392;217
392;218
392;219
392;220
392;221
392;222
392;223
392;224
392;225
392;226
392;227
392;228
392;229
392;230
392;231
392;232
392;233
392;234
392;235
392;236
392;237
392;238
392;239
392;240
392;241
392;242
392;243
392;244
392;245
392;246
392;247
392;248
392;266
392;267
392;268
392;269
392;270
392;271
392;272
392;273
392;274
392;275
392;276
392;277
392;278
392;279
392;280
392;281
392;282
392;283
392;284
392;285
392;286
392;287
392;289
392;340
392;341
392;342
392;343
392;344
392;345
392;346
392;347
392;348
392;349
392;350
392;351
392;352
392;353
392;354
392;355
392;356
392;357
392;358
392;359
392;360
392;361
392;362
392;363
392;364
392;365
392;366
392;367
392;368
392;369
392;370
392;371
392;372
392;373
392;374
392;375
392;376
392;377
392;378
392;379
392;380
392;381
392;382
392;383
392;384
392;385
392;386
392;387
392;388
392;389
392;390
392;391
392;392
392;393
392;394
392;395
392;396
392;397
392;398
392;399
392;400
392;401
392;402
392;403
392;404
392;405
392;406
392;407
392;408
392;409
392;410
392;411
392;412
392;413
392;414
392;415
392;416
392;417
392;418
392;419
392;420
392;421
392;422
392;423
392;424
392;425
392;426
392;427
392;428
392;429
392;430
392;431
392;432
392;433
392;434
392;435
392;436
392;437
392;438
392;439
392;440
392;441
392;442
392;443
392;444
392;445
392;446
392;447
392;448
392;449
392;450
392;451
392;452
392;453
392;454
392;455
392;456
392;457
392;458
392;459
392;460
392;461
392;462
392;463
392;464
392;465
392;466
392;467
392;468
392;469
392;470
392;471
392;472
392;473
392;474
392;475
392;476
392;477
392;478
392;479
392;480
392;481
392;482
392;483
392;484
392;485
392;486
392;487
392;488
392;489
392;490
392;491
392;492
392;493
392;494
392;495
392;496
392;497
392;498
392;499
392;500
392;501
392;502
392;503
392;504
392;505
392;506
392;507
392;508
392;509
392;510
392;511
392;512
392;513
392;514
392;515
392;516
392;517
392;518
392;519
392;520
392;521
392;522
392;523
392;524
392;525
392;526
392;527
392;528
392;529
392;530
392;531
392;532
392;533
393;133
393;134
393;135
393;136
393;137
393;138
393;139
393;140
393;141
393;142
393;143
393;144
393;145
393;146
393;147
393;148
393;149
393;150
393;151
393;152
393;153
393;154
393;155
393;156
393;157
393;158
393;159
393;160
393;161
393;162
393;163
393;164
393;165
393;166
393;167
393;168
393;169
393;170
393;171
393;172
393;173
393;174
393;175
393;176
393;177
393;178
393;179
393;180
393;181
393;182
393;183
393;184
393;185
393;186
393;187
393;188
393;189
393;190
393;191
393;192
393;193
393;194
393;195
393;196
393;197
393;198
393;199
393;200
393;201
393;202
393;203
393;204
393;205
393;206
393;207
393;208
393;209
393;210
393;211
393;212
393;213
393;214
393;215
393;216
393;217
393;218
393;219
393;220
393;221
393;222
393;223
393;224
393;225
393;226
393;227
393;228
393;229
393;230
393;231
393;232
393;233
393;234
393;235
393;236
393;237
393;238
393;239
393;240
393;241
393;242
393;243
393;244
393;245
393;246
393;247
393;248
393;249
393;265
393;266
393;267
393;268
393;269
393;270
393;271
393;272
393;273
393;274
393;275
393;276
393;277
393;278
393;279
393;280
393;281
393;282
393;283
393;284
393;285
393;286
393;287
393;288
393;289
393;290
393;291
393;292
393;293
393;295
393;341
393;342
393;343
393;344
393;345
393;346
393;347
393;348
393;349
393;350
393;351
393;352
393;353
393;354
393;355
393;356
393;357
393;358
393;359
393;360
393;361
393;362
393;363
393;364
393;365
393;366
393;367
393;368
393;369
393;370
393;371
393;372
393;373
393;374
393;375
393;376
393;377
393;378
393;379
393;380
393;381
393;382
393;383
393;384
393;385
393;386
393;387
393;388
393;389
393;390
393;391
393;392
393;393
393;394
393;395
393;396
393;397
393;398
393;399
393;400
393;401
393;402
393;403
393;404
393;405
393;406
393;407
393;408
393;409
393;410
393;411
393;412
393;413
393;414
393;415
393;416
393;417
393;418
393;419
393;420
393;421
393;422
393;423
393;424
393;425
393;426
393;427
393;428
393;429
393;430
393;431
393;432
393;433
393;434
393;435
393;436
393;437
393;438
393;439
393;440
393;441
393;442
393;443
393;444
393;445
393;446
393;447
393;448
393;449
393;450
393;451
393;452
393;453
393;454
393;455
393;456
393;457
393;458
393;459
393;460
393;461
393;462
393;463
393;464
393;465
393;466
393;467
393;468
393;469
393;470
393;471
393;472
393;473
393;474
393;475
393;476
393;477
393;478
393;479
393;480
393;481
393;482
393;483
393;484
393;485
393;486
393;487
393;488
393;489
393;490
393;491
393;492
393;493
393;494
393;495
393;496
393;497
393;498
393;499
393;500
393;501
393;502
393;503
393;504
393;505
393;506
393;507
393;508
393;509
393;510
393;511
393;512
393;513
393;514
393;515
393;516
393;517
393;518
393;519
393;520
393;521
393;522
393;523
393;524
393;525
393;526
393;527
393;528
393;529
393;530
393;531
393;532
393;533
394;133
394;134
394;135
394;136
394;137
394;138
394;139
394;140
394;141
394;142
394;143
394;144
394;145
394;146
394;147
394;148
394;149
394;150
394;151
394;152
394;153
394;154
394;155
394;156
394;157
394;158
394;159
394;160
394;161
394;162
394;163
394;164
394;165
394;166
394;167
394;168
394;169
394;170
394;171
394;172
394;173
394;174
394;175
394;176
394;177
394;178
394;179
394;180
394;181
394;182
394;183
394;184
394;185
394;186
394;187
394;188
394;189
394;190
394;191
394;192
394;193
394;194
394;195
394;196
394;197
394;198
394;199
394;200
394;201
394;202
394;203
394;204
394;205
394;206
394;207
394;208
394;209
394;210
394;211
394;212
394;213
394;214
394;215
394;216
394;217
394;218
394;219
394;220
394;221
394;222
394;223
394;224
394;225
394;226
394;227
394;228
394;229
394;230
394;231
394;232
394;233
394;234
394;235
394;236
394;237
394;238
394;239
394;240
394;241
394;242
394;243
394;244
394;245
394;246
394;247
394;248
394;249
394;250
394;265
394;266
394;267
394;268
394;269
394;270
394;271
394;272
394;273
394;274
394;275
394;276
394;277
394;278
394;279
394;280
394;281
394;282
394;283
394;284
394;285
394;286
394;287
394;288
394;289
394;290
394;291
394;292
394;293
394;294
394;295
394;296
394;297
394;298
394;299
394;301
394;342
394;343
394;344
394;345
394;346
394;347
394;348
394;349
394;350
394;351
394;352
394;353
394;354
394;355
394;356
394;357
394;358
394;359
394;360
394;361
394;362
394;363
394;364
394;365
394;366
394;367
394;368
394;369
394;370
394;371
394;372
394;373
394;374
394;375
394;376
394;377
394;378
394;379
394;380
394;381
394;382
394;383
394;384
394;385
394;386
394;387
394;388
394;389
394;390
394;391
394;392
394;393
394;394
394;395
394;396
394;397
394;398
394;399
394;400
394;401
394;402
394;403
394;404
394;405
394;406
394;407
394;408
394;409
394;410
394;411
394;412
394;413
394;414
394;415
394;416
394;417
394;418
394;419
394;420
394;421
394;422
394;423
394;424
394;425
394;426
394;427
394;428
394;429
394;430
394;431
394;432
394;433
394;434
394;435
394;436
394;437
394;438
394;439
394;440
394;441
394;442
394;443
394;444
394;445
394;446
394;447
394;448
394;449
394;450
394;451
394;452
394;453
394;454
394;455
394;456
394;457
394;458
394;459
394;460
394;461
394;462
394;463
394;464
394;465
394;466
394;467
394;468
394;469
394;470
394;471
394;472
394;473
394;474
394;475
394;476
394;477
394;478
394;479
394;480
394;481
394;482
394;483
394;484
394;485
394;486
394;487
394;488
394;489
394;490
394;491
394;492
394;493
394;494
394;495
394;496
394;497
394;498
394;499
394;500
394;501
394;502
394;503
394;504
394;505
394;506
394;507
394;508
394;509
394;510
394;511
394;512
394;513
394;514
394;515
394;516
394;517
394;518
394;519
394;520
394;521
394;522
394;523
394;524
394;525
394;526
394;527
394;528
394;529
394;530
394;531
394;532
395;133
395;134
395;135
395;136
395;137
395;138
395;139
395;140
395;141
395;142
395;143
395;144
395;145
395;146
395;147
395;148
395;149
395;150
395;151
395;152
395;153
395;154
395;155
395;156
395;157
395;158
395;159
395;160
395;161
395;162
395;163
395;164
395;165
395;166
395;167
395;168
395;169
395;170
395;171
395;172
395;173
395;174
395;175
395;176
395;177
395;178
395;179
395;180
395;181
395;182
395;183
395;184
395;185
395;186
395;187
395;188
395;189
395;190
395;191
395;192
395;193
395;194
395;195
395;196
395;197
395;198
395;199
395;200
395;201
395;202
395;203
395;204
395;205
395;206
395;207
395;208
395;209
395;210
395;211
395;212
395;213
395;214
395;215
395;216
395;217
395;218
395;219
395;220
395;221
395;222
395;223
395;224
395;225
395;226
395;227
395;228
395;229
395;230
395;231
395;232
395;233
395;234
395;235
395;236
395;237
395;238
395;239
395;240
395;241
395;242
395;243
395;244
395;245
395;246
395;247
395;248
395;249
395;250
395;251
395;265
395;266
395;267
395;268
395;269
395;270
395;271
395;272
395;273
395;274
395;275
395;276
395;277
395;278
395;279
395;280
395;281
395;282
395;283
395;284
395;285
395;286
395;287
395;288
395;289
395;290
395;291
395;292
395;293
395;294
395;295
395;296
395;297
395;298
395;299
395;300
395;301
395;302
395;303
395;304
395;305
395;307
395;342
395;343
395;344
395;345
395;346
395;347
395;348
395;349
395;350
395;351
395;352
395;353
395;354
395;355
395;356
395;357
395;358
395;359
395;360
395;361
395;362
395;363
395;364
395;365
395;366
395;367
395;368
395;369
395;370
395;371
395;372
395;373
395;374
395;375
395;376
395;377
395;378
395;379
395;380
395;381
395;382
395;383
395;384
395;385
395;386
395;387
395;388
395;389
395;390
395;391
395;392
395;393
395;394
395;395
395;396
395;397
395;398
395;399
395;400
395;401
395;402
395;403
395;404
395;405
395;406
395;407
395;408
395;409
395;410
395;411
395;412
395;413
395;414
395;415
395;416
395;417
395;418
395;419
395;420
395;421
395;422
395;423
395;424
395;425
395;426
395;427
395;428
395;429
395;430
395;431
395;432
395;433
395;434
395;435
395;436
395;437
395;438
395;439
395;440
395;441
395;442
395;443
395;444
395;445
395;446
395;447
395;448
395;449
395;450
395;451
395;452
395;453
395;454
395;455
395;456
395;457
395;458
395;459
395;460
395;461
395;462
395;463
395;464
395;465
395;466
395;467
395;468
395;469
395;470
395;471
395;472
395;473
395;474
395;475
395;476
395;477
395;478
395;479
395;480
395;481
395;482
395;483
395;484
395;485
395;486
395;487
395;488
395;489
395;490
395;491
395;492
395;493
395;494
395;495
395;496
395;497
395;498
395;499
395;500
395;501
395;502
395;503
395;504
395;505
395;506
395;507
395;508
395;509
395;510
395;511
395;512
395;513
395;514
395;515
395;516
395;517
395;518
395;519
395;520
395;521
395;522
395;523
395;524
395;525
395;526
395;527
395;528
395;529
395;530
395;531
395;532
396;132
396;133
396;134
396;135
396;136
396;137
396;138
396;139
396;140
396;141
396;142
396;143
396;144
396;145
396;146
396;147
396;148
396;149
396;150
396;151
396;152
396;153
396;154
396;155
396;156
396;157
396;158
396;159
396;160
396;161
396;162
396;163
396;164
396;165
396;166
396;167
396;168
396;169
396;170
396;171
396;172
396;173
396;174
396;175
396;176
396;177
396;178
396;179
396;180
396;181
396;182
396;183
396;184
396;185
396;186
396;187
396;188
396;189
396;190
396;191
396;192
396;193
396;194
396;195
396;196
396;197
396;198
396;199
396;200
396;201
396;202
396;203
396;204
396;205
396;206
396;207
396;208
396;209
396;210
396;211
396;212
396;213
396;214
396;215
396;216
396;217
396;218
396;219
396;220
396;221
396;222
396;223
396;224
396;225
396;226
396;227
396;228
396;229
396;230
396;231
396;232
396;233
396;234
396;235
396;236
396;237
396;238
396;239
396;240
396;241
396;242
396;243
396;244
396;245
396;246
396;247
396;248
396;249
396;250
396;251
396;265
396;266
396;267
396;268
396;269
396;270
396;271
396;272
396;273
396;274
396;275
396;276
396;277
396;278
396;279
396;280
396;281
396;282
396;283
396;284
396;285
396;286
396;287
396;288
396;289
396;290
396;291
396;292
396;293
396;294
396;295
396;296
396;297
396;298
396;299
396;300
396;301
396;302
396;303
396;304
396;305
396;306
396;307
396;308
396;309
396;310
396;311
396;313
396;343
396;344
396;345
396;346
396;347
396;348
396;349
396;350
396;351
396;352
396;353
396;354
396;355
396;356
396;357
396;358
396;359
396;360
396;361
396;362
396;363
396;364
396;365
396;366
396;367
396;368
396;369
396;370
396;371
396;372
396;373
396;374
396;375
396;376
396;377
396;378
396;379
396;380
396;381
396;382
396;383
396;384
396;385
396;386
396;387
396;388
396;389
396;390
396;391
396;392
396;393
396;394
396;395
396;396
396;397
396;398
396;399
396;400
396;401
396;402
396;403
396;404
396;405
396;406
396;407
396;408
396;409
396;410
396;411
396;412
396;413
396;414
396;415
396;416
396;417
396;418
396;419
396;420
396;421
396;422
396;423
396;424
396;425
396;426
396;427
396;428
396;429
396;430
396;431
396;432
396;433
396;434
396;435
396;436
396;437
396;438
396;439
396;440
396;441
396;442
396;443
396;444
396;445
396;446
396;447
396;448
396;449
396;450
396;451
396;452
396;453
396;454
396;455
396;456
396;457
396;458
396;459
396;460
396;461
396;462
396;463
396;464
396;465
396;466
396;467
396;468
396;469
396;470
396;471
396;472
396;473
396;474
396;475
396;476
396;477
396;478
396;479
396;480
396;481
396;482
396;483
396;484
396;485
396;486
396;487
396;488
396;489
396;490
396;491
396;492
396;493
396;494
396;495
396;496
396;497
396;498
396;499
396;500
396;501
396;502
396;503
396;504
396;505
396;506
396;507
396;508
396;509
396;510
396;511
396;512
396;513
396;514
396;515
396;516
396;517
396;518
396;519
396;520
396;521
396;522
396;523
396;524
396;525
396;526
396;527
396;528
396;529
396;530
396;531
396;532
397;131
397;132
397;133
397;134
397;135
397;136
397;137
397;138
397;139
397;140
397;141
397;142
397;143
397;144
397;145
397;146
397;147
397;148
397;149
397;150
397;151
397;152
397;153
397;154
397;155
397;156
397;157
397;158
397;159
397;160
397;161
397;162
397;163
397;164
397;165
397;166
397;167
397;168
397;169
397;170
397;171
397;172
397;173
397;174
397;175
397;176
397;177
397;178
397;179
397;180
397;181
397;182
397;183
397;184
397;185
397;186
397;187
397;188
397;189
397;190
397;191
397;192
397;193
397;194
397;195
397;196
397;197
397;198
397;199
397;200
397;201
397;202
397;203
397;204
397;205
397;206
397;207
397;208
397;209
397;210
397;211
397;212
397;213
397;214
397;215
397;216
397;217
397;218
397;219
397;220
397;221
397;222
397;223
397;224
397;225
397;226
397;227
397;228
397;229
397;230
397;231
397;232
397;233
397;234
397;235
397;236
397;237
397;238
397;239
397;240
397;241
397;242
397;243
397;244
397;245
397;246
397;247
397;248
397;249
397;250
397;251
397;252
397;265
397;266
397;267
397;268
397;269
397;270
397;271
397;272
397;273
397;274
397;275
397;276
397;277
397;278
397;279
397;280
397;281
397;282
397;283
397;284
397;285
397;286
397;287
397;288
397;289
397;290
397;291
397;292
397;293
397;294
397;295
397;296
397;297
397;298
397;299
397;300
397;301
397;302
397;303
397;304
397;305
397;306
397;307
397;308
397;309
397;310
397;311
397;312
397;313
397;314
397;315
397;316
397;317
397;344
397;345
397;346
397;347
397;348
397;349
397;350
397;351
397;352
397;353
397;354
397;355
397;356
397;357
397;358
397;359
397;360
397;361
397;362
397;363
397;364
397;365
397;366
397;367
397;368
397;369
397;370
397;371
397;372
397;373
397;374
397;375
397;376
397;377
397;378
397;379
397;380
397;381
397;382
397;383
397;384
397;385
397;386
397;387
397;388
397;389
397;390
397;391
397;392
397;393
397;394
397;395
397;396
397;397
397;398
397;399
397;400
397;401
397;402
397;403
397;404
397;405
397;406
397;407
397;408
397;409
397;410
397;411
397;412
397;413
397;414
397;415
397;416
397;417
397;418
397;419
397;420
397;421
397;422
397;423
397;424
397;425
397;426
397;427
397;428
397;429
397;430
397;431
397;432
397;433
397;434
397;435
397;436
397;437
397;438
397;439
397;440
397;441
397;442
397;443
397;444
397;445
397;446
397;447
397;448
397;449
397;450
397;451
397;452
397;453
397;454
397;455
397;456
397;457
397;458
397;459
397;460
397;461
397;462
397;463
397;464
397;465
397;466
397;467
397;468
397;469
397;470
397;471
397;472
397;473
397;474
397;475
397;476
397;477
397;478
397;479
397;480
397;481
397;482
397;483
397;484
397;485
397;486
397;487
397;488
397;489
397;490
397;491
397;492
397;493
397;494
397;495
397;496
397;497
397;498
397;499
397;500
397;501
397;502
397;503
397;504
397;505
397;506
397;507
397;508
397;509
397;510
397;511
397;512
397;513
397;514
397;515
397;516
397;517
397;518
397;519
397;520
397;521
397;522
397;523
397;524
397;525
397;526
397;527
397;528
397;529
397;530
397;531
398;131
398;132
398;133
398;134
398;135
398;136
398;137
398;138
398;139
398;140
398;141
398;142
398;143
398;144
398;145
398;146
398;147
398;148
398;149
398;150
398;151
398;152
398;153
398;154
398;155
398;156
398;157
398;158
398;159
398;160
398;161
398;162
398;163
398;164
398;165
398;166
398;167
398;168
398;169
398;170
398;171
398;172
398;173
398;174
398;175
398;176
398;177
398;178
398;179
398;180
398;181
398;182
398;183
398;184
398;185
398;186
398;187
398;188
398;189
398;190
398;191
398;192
398;193
398;194
398;195
398;196
398;197
398;198
398;199
398;200
398;201
398;202
398;203
398;204
398;205
398;206
398;207
398;208
398;209
398;210
398;211
398;212
398;213
398;214
398;215
398;216
398;217
398;218
398;219
398;220
398;221
398;222
398;223
398;224
398;225
398;226
398;227
398;228
398;229
398;230
398;231
398;232
398;233
398;234
398;235
398;236
398;237
398;238
398;239
398;240
398;241
398;242
398;243
398;244
398;245
398;246
398;247
398;248
398;249
398;250
398;251
398;252
398;253
398;264
398;265
398;266
398;267
398;268
398;269
398;270
398;271
398;272
398;273
398;274
398;275
398;276
398;277
398;278
398;279
398;280
398;281
398;282
398;283
398;284
398;285
398;286
398;287
398;288
398;289
398;290
398;291
398;292
398;293
398;294
398;295
398;296
398;297
398;298
398;299
398;300
398;301
398;302
398;303
398;304
398;305
398;306
398;307
398;308
398;309
398;310
398;311
398;312
398;313
398;314
398;315
398;316
398;317
398;318
398;319
398;320
398;321
398;323
398;344
398;345
398;346
398;347
398;348
398;349
398;350
398;351
398;352
398;353
398;354
398;355
398;356
398;357
398;358
398;359
398;360
398;361
398;362
398;363
398;364
398;365
398;366
398;367
398;368
398;369
398;370
398;371
398;372
398;373
398;374
398;375
398;376
398;377
398;378
398;379
398;380
398;381
398;382
398;383
398;384
398;385
398;386
398;387
398;388
398;389
398;390
398;391
398;392
398;393
398;394
398;395
398;396
398;397
398;398
398;399
398;400
398;401
398;402
398;403
398;404
398;405
398;406
398;407
398;408
398;409
398;410
398;411
398;412
398;413
398;414
398;415
398;416
398;417
398;418
398;419
398;420
398;421
398;422
398;423
398;424
398;425
398;426
398;427
398;428
398;429
398;430
398;431
398;432
398;433
398;434
398;435
398;436
398;437
398;438
398;439
398;440
398;441
398;442
398;443
398;444
398;445
398;446
398;447
398;448
398;449
398;450
398;451
398;452
398;453
398;454
398;455
398;456
398;457
398;458
398;459
398;460
398;461
398;462
398;463
398;464
398;465
398;466
398;467
398;468
398;469
398;470
398;471
398;472
398;473
398;474
398;475
398;476
398;477
398;478
398;479
398;480
398;481
398;482
398;483
398;484
398;485
398;486
398;487
398;488
398;489
398;490
398;491
398;492
398;493
398;494
398;495
398;496
398;497
398;498
398;499
398;500
398;501
398;502
398;503
398;504
398;505
398;506
398;507
398;508
398;509
398;510
398;511
398;512
398;513
398;514
398;515
398;516
398;517
398;518
398;519
398;520
398;521
398;522
398;523
398;524
398;525
398;526
398;527
398;528
398;529
398;530
398;531
399;130
399;131
399;132
399;133
399;134
399;135
399;136
399;137
399;138
399;139
399;140
399;141
399;142
399;143
399;144
399;145
399;146
399;147
399;148
399;149
399;150
399;151
399;152
399;153
399;154
399;155
399;156
399;157
399;158
399;159
399;160
399;161
399;162
399;163
399;164
399;165
399;166
399;167
399;168
399;169
399;170
399;171
399;172
399;173
399;174
399;175
399;176
399;177
399;178
399;179
399;180
399;181
399;182
399;183
399;184
399;185
399;186
399;187
399;188
399;189
399;190
399;191
399;192
399;193
399;194
399;195
399;196
399;197
399;198
399;199
399;200
399;201
399;202
399;203
399;204
399;205
399;206
399;207
399;208
399;209
399;210
399;211
399;212
399;213
399;214
399;215
399;216
399;217
399;218
399;219
399;220
399;221
399;222
399;223
399;224
399;225
399;226
399;227
399;228
399;229
399;230
399;231
399;232
399;233
399;234
399;235
399;236
399;237
399;238
399;239
399;240
399;241
399;242
399;243
399;244
399;245
399;246
399;247
399;248
399;249
399;250
399;251
399;252
399;253
399;264
399;265
399;266
399;267
399;268
399;269
399;270
399;271
399;272
399;273
399;274
399;275
399;276
399;277
399;278
399;279
399;280
399;281
399;282
399;283
399;284
399;285
399;286
399;287
399;288
399;289
399;290
399;291
399;292
399;293
399;294
399;295
399;296
399;297
399;298
399;299
399;300
399;301
399;302
399;303
399;304
399;305
399;306
399;307
399;308
399;309
399;310
399;311
399;312
399;313
399;314
399;315
399;316
399;317
399;318
399;319
399;320
399;321
399;322
399;323
399;324
399;325
399;326
399;327
399;329
399;346
399;347
399;348
399;349
399;350
399;351
399;352
399;353
399;354
399;355
399;356
399;357
399;358
399;359
399;360
399;361
399;362
399;363
399;364
399;365
399;366
399;367
399;368
399;369
399;370
399;371
399;372
399;373
399;374
399;375
399;376
399;377
399;378
399;379
399;380
399;381
399;382
399;383
399;384
399;385
399;386
399;387
399;388
399;389
399;390
399;391
399;392
399;393
399;394
399;395
399;396
399;397
399;398
399;399
399;400
399;401
399;402
399;403
399;404
399;405
399;406
399;407
399;408
399;409
399;410
399;411
399;412
399;413
399;414
399;415
399;416
399;417
399;418
399;419
399;420
399;421
399;422
399;423
399;424
399;425
399;426
399;427
399;428
399;429
399;430
399;431
399;432
399;433
399;434
399;435
399;436
399;437
399;438
399;439
399;440
399;441
399;442
399;443
399;444
399;445
399;446
399;447
399;448
399;449
399;450
399;451
399;452
399;453
399;454
399;455
399;456
399;457
399;458
399;459
399;460
399;461
399;462
399;463
399;464
399;465
399;466
399;467
399;468
399;469
399;470
399;471
399;472
399;473
399;474
399;475
399;476
399;477
399;478
399;479
399;480
399;481
399;482
399;483
399;484
399;485
399;486
399;487
399;488
399;489
399;490
399;491
399;492
399;493
399;494
399;495
399;496
399;497
399;498
399;499
399;500
399;501
399;502
399;503
399;504
399;505
399;506
399;507
399;508
399;509
399;510
399;511
399;512
399;513
399;514
399;515
399;516
399;517
399;518
399;519
399;520
399;521
399;522
399;523
399;524
399;525
399;526
399;527
399;528
399;529
399;530
400;129
400;130
400;131
400;132
400;133
400;134
400;135
400;136
400;137
400;138
400;139
400;140
400;141
400;142
400;143
400;144
400;145
400;146
400;147
400;148
400;149
400;150
400;151
400;152
400;153
400;154
400;155
400;156
400;157
400;158
400;159
400;160
400;161
400;162
400;163
400;164
400;165
400;166
400;167
400;168
400;169
400;170
400;171
400;172
400;173
400;174
400;175
400;176
400;177
400;178
400;179
400;180
400;181
400;182
400;183
400;184
400;185
400;186
400;187
400;188
400;189
400;190
400;191
400;192
400;193
400;194
400;195
400;196
400;197
400;198
400;199
400;200
400;201
400;202
400;203
400;204
400;205
400;206
400;207
400;208
400;209
400;210
400;211
400;212
400;213
400;214
400;215
400;216
400;217
400;218
400;219
400;220
400;221
400;222
400;223
400;224
400;225
400;226
400;227
400;228
400;229
400;230
400;231
400;232
400;233
400;234
400;235
400;236
400;237
400;238
400;239
400;240
400;241
400;242
400;243
400;244
400;245
400;246
400;247
400;248
400;249
400;250
400;251
400;252
400;253
400;254
400;264
400;265
400;266
400;267
400;268
400;269
400;270
400;271
400;272
400;273
400;274
400;275
400;276
400;277
400;278
400;279
400;280
400;281
400;282
400;283
400;284
400;285
400;286
400;287
400;288
400;289
400;290
400;291
400;292
400;293
400;294
400;295
400;296
400;297
400;298
400;299
400;300
400;301
400;302
400;303
400;304
400;305
400;306
400;307
400;308
400;309
400;310
400;311
400;312
400;313
400;314
400;315
400;316
400;317
400;318
400;319
400;320
400;321
400;322
400;323
400;324
400;325
400;326
400;327
400;328
400;329
400;330
400;331
400;332
400;333
400;335
400;346
400;347
400;348
400;349
400;350
400;351
400;352
400;353
400;354
400;355
400;356
400;357
400;358
400;359
400;360
400;361
400;362
400;363
400;364
400;365
400;366
400;367
400;368
400;369
400;370
400;371
400;372
400;373
400;374
400;375
400;376
400;377
400;378
400;379
400;380
400;381
400;382
400;383
400;384
400;385
400;386
400;387
400;388
400;389
400;390
400;391
400;392
400;393
400;394
400;395
400;396
400;397
400;398
400;399
400;400
400;401
400;402
400;403
400;404
400;405
400;406
400;407
400;408
400;409
400;410
400;411
400;412
400;413
400;414
400;415
400;416
400;417
400;418
400;419
400;420
400;421
400;422
400;423
400;424
400;425
400;426
400;427
400;428
400;429
400;430
400;431
400;432
400;433
400;434
400;435
400;436
400;437
400;438
400;439
400;440
400;441
400;442
400;443
400;444
400;445
400;446
400;447
400;448
400;449
400;450
400;451
400;452
400;453
400;454
400;455
400;456
400;457
400;458
400;459
400;460
400;461
400;462
400;463
400;464
400;465
400;466
400;467
400;468
400;469
400;470
400;471
400;472
400;473
400;474
400;475
400;476
400;477
400;478
400;479
400;480
400;481
400;482
400;483
400;484
400;485
400;486
400;487
400;488
400;489
400;490
400;491
400;492
400;493
400;494
400;495
400;496
400;497
400;498
400;499
400;500
400;501
400;502
400;503
400;504
400;505
400;506
400;507
400;508
400;509
400;510
400;511
400;512
400;513
400;514
400;515
400;516
400;517
400;518
400;519
400;520
400;521
400;522
400;523
400;524
400;525
400;526
400;527
400;528
400;529
400;530
401;129
401;130
401;131
401;132
401;133
401;134
401;135
401;136
401;137
401;138
401;139
401;140
401;141
401;142
401;143
401;144
401;145
401;146
401;147
401;148
401;149
401;150
401;151
401;152
401;153
401;154
401;155
401;156
401;157
401;158
401;159
401;160
401;161
401;162
401;163
401;164
401;165
401;166
401;167
401;168
401;169
401;170
401;171
401;172
401;173
401;174
401;175
401;176
401;177
401;178
401;179
401;180
401;181
401;182
401;183
401;184
401;185
401;186
401;187
401;188
401;189
401;190
401;191
401;192
401;193
401;194
401;195
401;196
401;197
401;198
401;199
401;200
401;201
401;202
401;203
401;204
401;205
401;206
401;207
401;208
401;209
401;210
401;211
401;212
401;213
401;214
401;215
401;216
401;217
401;218
401;219
401;220
401;221
401;222
401;223
401;224
401;225
401;226
401;227
401;228
401;229
401;230
401;231
401;232
401;233
401;234
401;235
401;236
401;237
401;238
401;239
401;240
401;241
401;242
401;243
401;244
401;245
401;246
401;247
401;248
401;249
401;250
401;251
401;252
401;253
401;254
401;255
401;264
401;265
401;266
401;267
401;268
401;269
401;270
401;271
401;272
401;273
401;274
401;275
401;276
401;277
401;278
401;279
401;280
401;281
401;282
401;283
401;284
401;285
401;286
401;287
401;288
401;289
401;290
401;291
401;292
401;293
401;294
401;295
401;296
401;297
401;298
401;299
401;300
401;301
401;302
401;303
401;304
401;305
401;306
401;307
401;308
401;309
401;310
401;311
401;312
401;313
401;314
401;315
401;316
401;317
401;318
401;319
401;320
401;321
401;322
401;323
401;324
401;325
401;326
401;327
401;328
401;329
401;330
401;331
401;332
401;333
401;334
401;335
401;336
401;337
401;338
401;339
401;341
401;347
401;348
401;349
401;350
401;351
401;352
401;353
401;354
401;355
401;356
401;357
401;358
401;359
401;360
401;361
401;362
401;363
401;364
401;365
401;366
401;367
401;368
401;369
401;370
401;371
401;372
401;373
401;374
401;375
401;376
401;377
401;378
401;379
401;380
401;381
401;382
401;383
401;384
401;385
401;386
401;387
401;388
401;389
401;390
401;391
401;392
401;393
401;394
401;395
401;396
401;397
401;398
401;399
401;400
401;401
401;402
401;403
401;404
401;405
401;406
401;407
401;408
401;409
401;410
401;411
401;412
401;413
401;414
401;415
401;416
401;417
401;418
401;419
401;420
401;421
401;422
401;423
401;424
401;425
401;426
401;427
401;428
401;429
401;430
401;431
401;432
401;433
401;434
401;435
401;436
401;437
401;438
401;439
401;440
401;441
401;442
401;443
401;444
401;445
401;446
401;447
401;448
401;449
401;450
401;452
401;453
401;454
401;455
401;456
401;457
401;458
401;459
401;460
401;461
401;462
401;463
401;464
401;465
401;466
401;467
401;468
401;469
401;470
401;471
401;472
401;473
401;474
401;475
401;476
401;477
401;478
401;479
401;480
401;481
401;482
401;483
401;484
401;485
401;486
401;487
401;488
401;489
401;490
401;491
401;492
401;493
401;494
401;495
401;496
401;497
401;498
401;499
401;500
401;501
401;502
401;503
401;504
401;505
401;506
401;507
401;508
401;509
401;510
401;511
401;512
401;513
401;514
401;515
401;516
401;517
401;518
401;519
401;520
401;521
401;522
401;523
401;524
401;525
401;526
401;527
401;528
401;529
401;530
402;86
402;87
402;128
402;129
402;130
402;131
402;132
402;133
402;134
402;135
402;136
402;137
402;138
402;139
402;140
402;141
402;142
402;143
402;144
402;145
402;146
402;147
402;148
402;149
402;150
402;151
402;152
402;153
402;154
402;155
402;156
402;157
402;158
402;159
402;160
402;161
402;162
402;163
402;164
402;165
402;166
402;167
402;168
402;169
402;170
402;171
402;172
402;173
402;174
402;175
402;176
402;177
402;178
402;179
402;180
402;181
402;182
402;183
402;184
402;185
402;186
402;187
402;188
402;189
402;190
402;191
402;192
402;193
402;194
402;195
402;196
402;197
402;198
402;199
402;200
402;201
402;202
402;203
402;204
402;205
402;206
402;207
402;208
402;209
402;210
402;211
402;212
402;213
402;214
402;215
402;216
402;217
402;218
402;219
402;220
402;221
402;222
402;223
402;224
402;225
402;226
402;227
402;228
402;229
402;230
402;231
402;232
402;233
402;234
402;235
402;236
402;237
402;238
402;239
402;240
402;241
402;242
402;243
402;244
402;245
402;246
402;247
402;248
402;249
402;250
402;251
402;252
402;253
402;254
402;255
402;263
402;264
402;265
402;266
402;267
402;268
402;269
402;270
402;271
402;272
402;273
402;274
402;275
402;276
402;277
402;278
402;279
402;280
402;281
402;282
402;283
402;284
402;285
402;286
402;287
402;288
402;289
402;290
402;291
402;292
402;293
402;294
402;295
402;296
402;297
402;298
402;299
402;300
402;301
402;302
402;303
402;304
402;305
402;306
402;307
402;308
402;309
402;310
402;311
402;312
402;313
402;314
402;315
402;316
402;317
402;318
402;319
402;320
402;321
402;322
402;323
402;324
402;325
402;326
402;327
402;328
402;329
402;330
402;331
402;332
402;333
402;334
402;335
402;336
402;337
402;338
402;339
402;340
402;341
402;342
402;343
402;344
402;345
402;348
402;349
402;350
402;351
402;352
402;353
402;354
402;355
402;356
402;357
402;358
402;359
402;360
402;361
402;362
402;363
402;364
402;365
402;366
402;367
402;368
402;369
402;370
402;371
402;372
402;373
402;374
402;375
402;376
402;377
402;378
402;379
402;380
402;381
402;382
402;383
402;384
402;385
402;386
402;387
402;388
402;389
402;390
402;391
402;392
402;393
402;394
402;395
402;396
402;397
402;398
402;399
402;400
402;401
402;402
402;403
402;404
402;405
402;406
402;407
402;408
402;409
402;410
402;411
402;412
402;413
402;414
402;415
402;416
402;417
402;418
402;419
402;420
402;421
402;422
402;423
402;424
402;425
402;426
402;427
402;428
402;429
402;430
402;431
402;432
402;433
402;434
402;435
402;436
402;437
402;438
402;439
402;440
402;441
402;442
402;443
402;444
402;445
402;446
402;447
402;448
402;449
402;450
402;453
402;454
402;455
402;456
402;457
402;458
402;459
402;460
402;461
402;462
402;463
402;464
402;465
402;466
402;467
402;468
402;469
402;470
402;471
402;472
402;473
402;474
402;475
402;476
402;477
402;478
402;479
402;480
402;481
402;482
402;483
402;484
402;485
402;486
402;487
402;488
402;489
402;490
402;491
402;492
402;493
402;494
402;495
402;496
402;497
402;498
402;499
402;500
402;501
402;502
402;503
402;504
402;505
402;506
402;507
402;508
402;509
402;510
402;511
402;512
402;513
402;514
402;515
402;516
402;517
402;518
402;519
402;520
402;521
402;522
402;523
402;524
402;525
402;526
402;527
402;528
402;529
403;86
403;87
403;88
403;89
403;90
403;91
403;127
403;128
403;129
403;130
403;131
403;132
403;133
403;134
403;135
403;136
403;137
403;138
403;139
403;140
403;141
403;142
403;143
403;144
403;145
403;146
403;147
403;148
403;149
403;150
403;151
403;152
403;153
403;154
403;155
403;156
403;157
403;158
403;159
403;160
403;161
403;162
403;163
403;164
403;165
403;166
403;167
403;168
403;169
403;170
403;171
403;172
403;173
403;174
403;175
403;176
403;177
403;178
403;179
403;180
403;181
403;182
403;183
403;184
403;185
403;186
403;187
403;188
403;189
403;190
403;191
403;192
403;193
403;194
403;195
403;196
403;197
403;198
403;199
403;200
403;201
403;202
403;203
403;204
403;205
403;206
403;207
403;208
403;209
403;210
403;211
403;212
403;213
403;214
403;215
403;216
403;217
403;218
403;219
403;220
403;221
403;222
403;223
403;224
403;225
403;226
403;227
403;228
403;229
403;230
403;231
403;232
403;233
403;234
403;235
403;236
403;237
403;238
403;239
403;240
403;241
403;242
403;243
403;244
403;245
403;246
403;247
403;248
403;249
403;250
403;251
403;252
403;253
403;254
403;255
403;256
403;263
403;264
403;265
403;266
403;267
403;268
403;269
403;270
403;271
403;272
403;273
403;274
403;275
403;276
403;277
403;278
403;279
403;280
403;281
403;282
403;283
403;284
403;285
403;286
403;287
403;288
403;289
403;290
403;291
403;292
403;293
403;294
403;295
403;296
403;297
403;298
403;299
403;300
403;301
403;302
403;303
403;304
403;305
403;306
403;307
403;308
403;309
403;310
403;311
403;312
403;313
403;314
403;315
403;316
403;317
403;318
403;319
403;320
403;321
403;322
403;323
403;324
403;325
403;326
403;327
403;328
403;329
403;330
403;331
403;332
403;333
403;334
403;335
403;336
403;337
403;338
403;339
403;340
403;341
403;342
403;343
403;344
403;348
403;349
403;350
403;351
403;352
403;353
403;354
403;355
403;356
403;357
403;358
403;359
403;360
403;361
403;362
403;363
403;364
403;365
403;366
403;367
403;368
403;369
403;370
403;371
403;372
403;373
403;374
403;375
403;376
403;377
403;378
403;379
403;380
403;381
403;382
403;383
403;384
403;385
403;386
403;387
403;388
403;389
403;390
403;391
403;392
403;393
403;394
403;395
403;396
403;397
403;398
403;399
403;400
403;401
403;402
403;403
403;404
403;405
403;406
403;407
403;408
403;409
403;410
403;411
403;412
403;413
403;414
403;415
403;416
403;417
403;418
403;419
403;420
403;421
403;422
403;423
403;424
403;425
403;426
403;427
403;428
403;429
403;430
403;431
403;432
403;433
403;434
403;435
403;436
403;437
403;438
403;439
403;440
403;441
403;442
403;443
403;444
403;445
403;446
403;447
403;448
403;449
403;454
403;455
403;456
403;457
403;458
403;459
403;460
403;461
403;462
403;463
403;464
403;465
403;466
403;467
403;468
403;469
403;470
403;471
403;472
403;473
403;474
403;475
403;476
403;477
403;478
403;479
403;480
403;481
403;482
403;483
403;484
403;485
403;486
403;487
403;488
403;489
403;490
403;491
403;492
403;493
403;494
403;495
403;496
403;497
403;498
403;499
403;500
403;501
403;502
403;503
403;504
403;505
403;506
403;507
403;508
403;509
403;510
403;511
403;512
403;513
403;514
403;515
403;516
403;517
403;518
403;519
403;520
403;521
403;522
403;523
403;524
403;525
403;526
403;527
403;528
403;529
404;86
404;87
404;88
404;89
404;90
404;91
404;92
404;93
404;95
404;127
404;128
404;129
404;130
404;131
404;132
404;133
404;134
404;135
404;136
404;137
404;138
404;139
404;140
404;141
404;142
404;143
404;144
404;145
404;146
404;147
404;148
404;149
404;150
404;151
404;152
404;153
404;154
404;155
404;156
404;157
404;158
404;159
404;160
404;161
404;162
404;163
404;164
404;165
404;166
404;167
404;168
404;169
404;170
404;171
404;172
404;173
404;174
404;175
404;176
404;177
404;178
404;179
404;180
404;181
404;182
404;183
404;184
404;185
404;186
404;187
404;188
404;189
404;190
404;191
404;192
404;193
404;194
404;195
404;196
404;197
404;198
404;199
404;200
404;201
404;202
404;203
404;204
404;205
404;206
404;207
404;208
404;209
404;210
404;211
404;212
404;213
404;214
404;215
404;216
404;217
404;218
404;219
404;220
404;221
404;222
404;223
404;224
404;225
404;226
404;227
404;228
404;229
404;230
404;231
404;232
404;233
404;234
404;235
404;236
404;237
404;238
404;239
404;240
404;241
404;242
404;243
404;244
404;245
404;246
404;247
404;248
404;249
404;250
404;251
404;252
404;253
404;254
404;255
404;256
404;257
404;263
404;264
404;265
404;266
404;267
404;268
404;269
404;270
404;271
404;272
404;273
404;274
404;275
404;276
404;277
404;278
404;279
404;280
404;281
404;282
404;283
404;284
404;285
404;286
404;287
404;288
404;289
404;290
404;291
404;292
404;293
404;294
404;295
404;296
404;297
404;298
404;299
404;300
404;301
404;302
404;303
404;304
404;305
404;306
404;307
404;308
404;309
404;310
404;311
404;312
404;313
404;314
404;315
404;316
404;317
404;318
404;319
404;320
404;321
404;322
404;323
404;324
404;325
404;326
404;327
404;328
404;329
404;330
404;331
404;332
404;333
404;334
404;335
404;336
404;337
404;338
404;339
404;340
404;341
404;342
404;343
404;344
404;349
404;350
404;351
404;352
404;353
404;354
404;355
404;356
404;357
404;358
404;359
404;360
404;361
404;362
404;363
404;364
404;365
404;366
404;367
404;368
404;369
404;370
404;371
404;372
404;373
404;374
404;375
404;376
404;377
404;378
404;379
404;380
404;381
404;382
404;383
404;384
404;385
404;386
404;387
404;388
404;389
404;390
404;391
404;392
404;393
404;394
404;395
404;396
404;397
404;398
404;399
404;400
404;401
404;402
404;403
404;404
404;405
404;406
404;407
404;408
404;409
404;410
404;411
404;412
404;413
404;414
404;415
404;416
404;417
404;418
404;419
404;420
404;421
404;422
404;423
404;424
404;425
404;426
404;427
404;428
404;429
404;430
404;431
404;432
404;433
404;434
404;435
404;436
404;437
404;438
404;439
404;440
404;441
404;442
404;443
404;444
404;445
404;446
404;447
404;448
404;455
404;456
404;457
404;458
404;459
404;460
404;461
404;462
404;463
404;464
404;465
404;466
404;467
404;468
404;469
404;470
404;471
404;472
404;473
404;474
404;475
404;476
404;477
404;478
404;479
404;480
404;481
404;482
404;483
404;484
404;485
404;486
404;487
404;488
404;489
404;490
404;491
404;492
404;493
404;494
404;495
404;496
404;497
404;498
404;499
404;500
404;501
404;502
404;503
404;504
404;505
404;506
404;507
404;508
404;509
404;510
404;511
404;512
404;513
404;514
404;515
404;516
404;517
404;518
404;519
404;520
404;521
404;522
404;523
404;524
404;525
404;526
404;527
404;528
405;86
405;87
405;88
405;89
405;90
405;91
405;92
405;93
405;94
405;95
405;96
405;97
405;126
405;127
405;128
405;129
405;130
405;131
405;132
405;133
405;134
405;135
405;136
405;137
405;138
405;139
405;140
405;141
405;142
405;143
405;144
405;145
405;146
405;147
405;148
405;149
405;150
405;151
405;152
405;153
405;154
405;155
405;156
405;157
405;158
405;159
405;160
405;161
405;162
405;163
405;164
405;165
405;166
405;167
405;168
405;169
405;170
405;171
405;172
405;173
405;174
405;175
405;176
405;177
405;178
405;179
405;180
405;181
405;182
405;183
405;184
405;185
405;186
405;187
405;188
405;189
405;190
405;191
405;192
405;193
405;194
405;195
405;196
405;197
405;198
405;199
405;200
405;201
405;202
405;203
405;204
405;205
405;206
405;207
405;208
405;209
405;210
405;211
405;212
405;213
405;214
405;215
405;216
405;217
405;218
405;219
405;220
405;221
405;222
405;223
405;224
405;225
405;226
405;227
405;228
405;229
405;230
405;231
405;232
405;233
405;234
405;235
405;236
405;237
405;238
405;239
405;240
405;241
405;242
405;243
405;244
405;245
405;246
405;247
405;248
405;249
405;250
405;251
405;252
405;253
405;254
405;255
405;256
405;257
405;263
405;264
405;265
405;266
405;267
405;268
405;269
405;270
405;271
405;272
405;273
405;274
405;275
405;276
405;277
405;278
405;279
405;280
405;281
405;282
405;283
405;284
405;285
405;286
405;287
405;288
405;289
405;290
405;291
405;292
405;293
405;294
405;295
405;296
405;297
405;298
405;299
405;300
405;301
405;302
405;303
405;304
405;305
405;306
405;307
405;308
405;309
405;310
405;311
405;312
405;313
405;314
405;315
405;316
405;317
405;318
405;319
405;320
405;321
405;322
405;323
405;324
405;325
405;326
405;327
405;328
405;329
405;330
405;331
405;332
405;333
405;334
405;335
405;336
405;337
405;338
405;339
405;340
405;341
405;342
405;343
405;344
405;350
405;351
405;352
405;353
405;354
405;355
405;356
405;357
405;358
405;359
405;360
405;361
405;362
405;363
405;364
405;365
405;366
405;367
405;368
405;369
405;370
405;371
405;372
405;373
405;374
405;375
405;376
405;377
405;378
405;379
405;380
405;381
405;382
405;383
405;384
405;385
405;386
405;387
405;388
405;389
405;390
405;391
405;392
405;393
405;394
405;395
405;396
405;397
405;398
405;399
405;400
405;401
405;402
405;403
405;404
405;405
405;406
405;407
405;408
405;409
405;410
405;411
405;412
405;413
405;414
405;415
405;416
405;417
405;418
405;419
405;420
405;421
405;422
405;423
405;424
405;425
405;426
405;427
405;428
405;429
405;430
405;431
405;432
405;433
405;434
405;435
405;436
405;437
405;438
405;439
405;440
405;441
405;442
405;443
405;444
405;445
405;446
405;447
405;448
405;456
405;457
405;458
405;459
405;460
405;461
405;462
405;463
405;464
405;465
405;466
405;467
405;468
405;469
405;470
405;471
405;472
405;473
405;474
405;475
405;476
405;477
405;478
405;479
405;480
405;481
405;482
405;483
405;484
405;485
405;486
405;487
405;488
405;489
405;490
405;491
405;492
405;493
405;494
405;495
405;496
405;497
405;498
405;499
405;500
405;501
405;502
405;503
405;504
405;505
405;506
405;507
405;508
405;509
405;510
405;511
405;512
405;513
405;514
405;515
405;516
405;517
405;518
405;519
405;520
405;521
405;522
405;523
405;524
405;525
405;526
405;527
405;528
406;87
406;88
406;89
406;90
406;91
406;92
406;93
406;94
406;95
406;96
406;97
406;98
406;99
406;101
406;126
406;127
406;128
406;129
406;130
406;131
406;132
406;133
406;134
406;135
406;136
406;137
406;138
406;139
406;140
406;141
406;142
406;143
406;144
406;145
406;146
406;147
406;148
406;149
406;150
406;151
406;152
406;153
406;154
406;155
406;156
406;157
406;158
406;159
406;160
406;161
406;162
406;163
406;164
406;165
406;166
406;167
406;168
406;169
406;170
406;171
406;172
406;173
406;174
406;175
406;176
406;177
406;178
406;179
406;180
406;181
406;182
406;183
406;184
406;185
406;186
406;187
406;188
406;189
406;190
406;191
406;192
406;193
406;194
406;195
406;196
406;197
406;198
406;199
406;200
406;201
406;202
406;203
406;204
406;205
406;206
406;207
406;208
406;209
406;210
406;211
406;212
406;213
406;214
406;215
406;216
406;217
406;218
406;219
406;220
406;221
406;222
406;223
406;224
406;225
406;226
406;227
406;228
406;229
406;230
406;231
406;232
406;233
406;234
406;235
406;236
406;237
406;238
406;239
406;240
406;241
406;242
406;243
406;244
406;245
406;246
406;247
406;248
406;249
406;250
406;251
406;252
406;253
406;254
406;255
406;256
406;257
406;258
406;259
406;263
406;264
406;265
406;266
406;267
406;268
406;269
406;270
406;271
406;272
406;273
406;274
406;275
406;276
406;277
406;278
406;279
406;280
406;281
406;282
406;283
406;284
406;285
406;286
406;287
406;288
406;289
406;290
406;291
406;292
406;293
406;294
406;295
406;296
406;297
406;298
406;299
406;300
406;301
406;302
406;303
406;304
406;305
406;306
406;307
406;308
406;309
406;310
406;311
406;312
406;313
406;314
406;315
406;316
406;317
406;318
406;319
406;320
406;321
406;322
406;323
406;324
406;325
406;326
406;327
406;328
406;329
406;330
406;331
406;332
406;333
406;334
406;335
406;336
406;337
406;338
406;339
406;340
406;341
406;342
406;343
406;344
406;350
406;351
406;352
406;353
406;354
406;355
406;356
406;357
406;358
406;359
406;360
406;361
406;362
406;363
406;364
406;365
406;366
406;367
406;368
406;369
406;370
406;371
406;372
406;373
406;374
406;375
406;376
406;377
406;378
406;379
406;380
406;381
406;382
406;383
406;384
406;385
406;386
406;387
406;388
406;389
406;390
406;391
406;392
406;393
406;394
406;395
406;396
406;397
406;398
406;399
406;400
406;401
406;402
406;403
406;404
406;405
406;406
406;407
406;408
406;409
406;410
406;411
406;412
406;413
406;414
406;415
406;416
406;417
406;418
406;419
406;420
406;421
406;422
406;423
406;424
406;425
406;426
406;427
406;428
406;429
406;430
406;431
406;432
406;433
406;434
406;435
406;436
406;437
406;438
406;439
406;440
406;441
406;442
406;443
406;444
406;445
406;446
406;457
406;458
406;459
406;460
406;461
406;462
406;463
406;464
406;465
406;466
406;467
406;468
406;469
406;470
406;471
406;472
406;473
406;474
406;475
406;476
406;477
406;478
406;479
406;480
406;481
406;482
406;483
406;484
406;485
406;486
406;487
406;488
406;489
406;490
406;491
406;492
406;493
406;494
406;495
406;496
406;497
406;498
406;499
406;500
406;501
406;502
406;503
406;504
406;505
406;506
406;507
406;508
406;509
406;510
406;511
406;512
406;513
406;514
406;515
406;516
406;517
406;518
406;519
406;520
406;521
406;522
406;523
406;524
406;525
406;526
406;527
406;528
407;87
407;88
407;89
407;90
407;91
407;92
407;93
407;94
407;95
407;96
407;97
407;98
407;99
407;100
407;101
407;102
407;103
407;125
407;126
407;127
407;128
407;129
407;130
407;131
407;132
407;133
407;134
407;135
407;136
407;137
407;138
407;139
407;140
407;141
407;142
407;143
407;144
407;145
407;146
407;147
407;148
407;149
407;150
407;151
407;152
407;153
407;154
407;155
407;156
407;157
407;158
407;159
407;160
407;161
407;162
407;163
407;164
407;165
407;166
407;167
407;168
407;169
407;170
407;171
407;172
407;173
407;174
407;175
407;176
407;177
407;178
407;179
407;180
407;181
407;182
407;183
407;184
407;185
407;186
407;187
407;188
407;189
407;190
407;191
407;192
407;193
407;194
407;195
407;196
407;197
407;198
407;199
407;200
407;201
407;202
407;203
407;204
407;205
407;206
407;207
407;208
407;209
407;210
407;211
407;212
407;213
407;214
407;215
407;216
407;217
407;218
407;219
407;220
407;221
407;222
407;223
407;224
407;225
407;226
407;227
407;228
407;229
407;230
407;231
407;232
407;233
407;234
407;235
407;236
407;237
407;238
407;239
407;240
407;241
407;242
407;243
407;244
407;245
407;246
407;247
407;248
407;249
407;250
407;251
407;252
407;253
407;254
407;255
407;256
407;257
407;258
407;259
407;262
407;263
407;264
407;265
407;266
407;267
407;268
407;269
407;270
407;271
407;272
407;273
407;274
407;275
407;276
407;277
407;278
407;279
407;280
407;281
407;282
407;283
407;284
407;285
407;286
407;287
407;288
407;289
407;290
407;291
407;292
407;293
407;294
407;295
407;296
407;297
407;298
407;299
407;300
407;301
407;302
407;303
407;304
407;305
407;306
407;307
407;308
407;309
407;310
407;311
407;312
407;313
407;314
407;315
407;316
407;317
407;318
407;319
407;320
407;321
407;322
407;323
407;324
407;325
407;326
407;327
407;328
407;329
407;330
407;331
407;332
407;333
407;334
407;335
407;336
407;337
407;338
407;339
407;340
407;341
407;342
407;343
407;344
407;351
407;352
407;353
407;354
407;355
407;356
407;357
407;358
407;359
407;360
407;361
407;362
407;363
407;364
407;365
407;366
407;367
407;368
407;369
407;370
407;371
407;372
407;373
407;374
407;375
407;376
407;377
407;378
407;379
407;380
407;381
407;382
407;383
407;384
407;385
407;386
407;387
407;388
407;389
407;390
407;391
407;392
407;393
407;394
407;395
407;396
407;397
407;398
407;399
407;400
407;401
407;402
407;403
407;404
407;405
407;406
407;407
407;408
407;409
407;410
407;411
407;412
407;413
407;414
407;415
407;416
407;417
407;418
407;419
407;420
407;421
407;422
407;423
407;424
407;425
407;426
407;427
407;428
407;429
407;430
407;431
407;432
407;433
407;434
407;435
407;436
407;437
407;438
407;439
407;440
407;441
407;442
407;443
407;444
407;445
407;446
407;458
407;459
407;460
407;461
407;462
407;463
407;464
407;465
407;466
407;467
407;468
407;469
407;470
407;471
407;472
407;473
407;474
407;475
407;476
407;477
407;478
407;479
407;480
407;481
407;482
407;483
407;484
407;485
407;486
407;487
407;488
407;489
407;490
407;491
407;492
407;493
407;494
407;495
407;496
407;497
407;498
407;499
407;500
407;501
407;502
407;503
407;504
407;505
407;506
407;507
407;508
407;509
407;510
407;511
407;512
407;513
407;514
407;515
407;516
407;517
407;518
407;519
407;520
407;521
407;522
407;523
407;524
407;525
407;526
407;527
408;87
408;88
408;89
408;90
408;91
408;92
408;93
408;94
408;95
408;96
408;97
408;98
408;99
408;100
408;101
408;102
408;103
408;104
408;105
408;107
408;125
408;126
408;127
408;128
408;129
408;130
408;131
408;132
408;133
408;134
408;135
408;136
408;137
408;138
408;139
408;140
408;141
408;142
408;143
408;144
408;145
408;146
408;147
408;148
408;149
408;150
408;151
408;152
408;153
408;154
408;155
408;156
408;157
408;158
408;159
408;160
408;161
408;162
408;163
408;164
408;165
408;166
408;167
408;168
408;169
408;170
408;171
408;172
408;173
408;174
408;175
408;176
408;177
408;178
408;179
408;180
408;181
408;182
408;183
408;184
408;185
408;186
408;187
408;188
408;189
408;190
408;191
408;192
408;193
408;194
408;195
408;196
408;197
408;198
408;199
408;200
408;201
408;202
408;203
408;204
408;205
408;206
408;207
408;208
408;209
408;210
408;211
408;212
408;213
408;214
408;215
408;216
408;217
408;218
408;219
408;220
408;221
408;222
408;223
408;224
408;225
408;226
408;227
408;228
408;229
408;230
408;231
408;232
408;233
408;234
408;235
408;236
408;237
408;238
408;239
408;240
408;241
408;242
408;243
408;244
408;245
408;246
408;247
408;248
408;249
408;250
408;251
408;252
408;253
408;254
408;255
408;256
408;257
408;258
408;259
408;260
408;262
408;263
408;264
408;265
408;266
408;267
408;268
408;269
408;270
408;271
408;272
408;273
408;274
408;275
408;276
408;277
408;278
408;279
408;280
408;281
408;282
408;283
408;284
408;285
408;286
408;287
408;288
408;289
408;290
408;291
408;292
408;293
408;294
408;295
408;296
408;297
408;298
408;299
408;300
408;301
408;302
408;303
408;304
408;305
408;306
408;307
408;308
408;309
408;310
408;311
408;312
408;313
408;314
408;315
408;316
408;317
408;318
408;319
408;320
408;321
408;322
408;323
408;324
408;325
408;326
408;327
408;328
408;329
408;330
408;331
408;332
408;333
408;334
408;335
408;336
408;337
408;338
408;339
408;340
408;341
408;342
408;343
408;352
408;353
408;354
408;355
408;356
408;357
408;358
408;359
408;360
408;361
408;362
408;363
408;364
408;365
408;366
408;367
408;368
408;369
408;370
408;371
408;372
408;373
408;374
408;375
408;376
408;377
408;378
408;379
408;380
408;381
408;382
408;383
408;384
408;385
408;386
408;387
408;388
408;389
408;390
408;391
408;392
408;393
408;394
408;395
408;396
408;397
408;398
408;399
408;400
408;401
408;402
408;403
408;404
408;405
408;406
408;407
408;408
408;409
408;410
408;411
408;412
408;413
408;414
408;415
408;416
408;417
408;418
408;419
408;420
408;421
408;422
408;423
408;424
408;425
408;426
408;427
408;428
408;429
408;430
408;431
408;432
408;433
408;434
408;435
408;436
408;437
408;438
408;439
408;440
408;441
408;442
408;443
408;444
408;445
408;458
408;459
408;460
408;461
408;462
408;463
408;464
408;465
408;466
408;467
408;468
408;469
408;470
408;471
408;472
408;473
408;474
408;475
408;476
408;477
408;478
408;479
408;480
408;481
408;482
408;483
408;484
408;485
408;486
408;487
408;488
408;489
408;490
408;491
408;492
408;493
408;494
408;495
408;496
408;497
408;498
408;499
408;500
408;501
408;502
408;503
408;504
408;505
408;506
408;507
408;508
408;509
408;510
408;511
408;512
408;513
408;514
408;515
408;516
408;517
408;518
408;519
408;520
408;521
408;522
408;523
408;524
408;525
408;526
408;527
409;87
409;88
409;89
409;90
409;91
409;92
409;93
409;94
409;95
409;96
409;97
409;98
409;99
409;100
409;101
409;102
409;103
409;104
409;105
409;106
409;107
409;108
409;109
409;124
409;125
409;126
409;127
409;128
409;129
409;130
409;131
409;132
409;133
409;134
409;135
409;136
409;137
409;138
409;139
409;140
409;141
409;142
409;143
409;144
409;145
409;146
409;147
409;148
409;149
409;150
409;151
409;152
409;153
409;154
409;155
409;156
409;157
409;158
409;159
409;160
409;161
409;162
409;163
409;164
409;165
409;166
409;167
409;168
409;169
409;170
409;171
409;172
409;173
409;174
409;175
409;176
409;177
409;178
409;179
409;180
409;181
409;182
409;183
409;184
409;185
409;186
409;187
409;188
409;189
409;190
409;191
409;192
409;193
409;194
409;195
409;196
409;197
409;198
409;199
409;200
409;201
409;202
409;203
409;204
409;205
409;206
409;207
409;208
409;209
409;210
409;211
409;212
409;213
409;214
409;215
409;216
409;217
409;218
409;219
409;220
409;221
409;222
409;223
409;224
409;225
409;226
409;227
409;228
409;229
409;230
409;231
409;232
409;233
409;234
409;235
409;236
409;238
409;240
409;242
409;244
409;246
409;248
409;250
409;262
409;263
409;264
409;265
409;266
409;267
409;268
409;269
409;270
409;271
409;272
409;273
409;274
409;275
409;276
409;277
409;278
409;279
409;280
409;281
409;282
409;283
409;284
409;285
409;286
409;287
409;288
409;289
409;290
409;291
409;292
409;293
409;294
409;295
409;296
409;297
409;298
409;299
409;300
409;301
409;302
409;303
409;304
409;305
409;306
409;307
409;308
409;309
409;310
409;311
409;312
409;313
409;314
409;315
409;316
409;317
409;318
409;319
409;320
409;321
409;322
409;323
409;324
409;325
409;326
409;327
409;328
409;329
409;330
409;331
409;332
409;333
409;334
409;335
409;336
409;337
409;338
409;339
409;340
409;341
409;342
409;343
409;352
409;353
409;354
409;355
409;356
409;357
409;358
409;359
409;360
409;361
409;362
409;363
409;364
409;365
409;366
409;367
409;368
409;369
409;370
409;371
409;372
409;373
409;374
409;375
409;376
409;377
409;378
409;379
409;380
409;381
409;382
409;383
409;384
409;385
409;386
409;387
409;388
409;389
409;390
409;391
409;392
409;393
409;394
409;395
409;396
409;397
409;398
409;399
409;400
409;401
409;402
409;403
409;404
409;405
409;406
409;407
409;408
409;409
409;410
409;411
409;412
409;413
409;414
409;415
409;416
409;417
409;418
409;419
409;420
409;421
409;422
409;423
409;424
409;425
409;426
409;427
409;428
409;429
409;430
409;431
409;432
409;433
409;434
409;435
409;436
409;437
409;438
409;439
409;440
409;441
409;442
409;443
409;444
409;460
409;461
409;462
409;463
409;464
409;465
409;466
409;467
409;468
409;469
409;470
409;471
409;472
409;473
409;474
409;475
409;476
409;477
409;478
409;479
409;480
409;481
409;482
409;483
409;484
409;485
409;486
409;487
409;488
409;489
409;490
409;491
409;492
409;493
409;494
409;495
409;496
409;497
409;498
409;499
409;500
409;501
409;502
409;503
409;504
409;505
409;506
409;507
409;508
409;509
409;510
409;511
409;512
409;513
409;514
409;515
409;516
409;517
409;518
409;519
409;520
409;521
409;522
409;523
409;524
409;525
409;526
410;87
410;88
410;89
410;90
410;91
410;92
410;93
410;94
410;95
410;96
410;97
410;98
410;99
410;100
410;101
410;102
410;103
410;104
410;105
410;106
410;107
410;108
410;109
410;110
410;111
410;113
410;123
410;124
410;125
410;126
410;127
410;128
410;129
410;130
410;131
410;132
410;133
410;134
410;135
410;136
410;137
410;138
410;139
410;140
410;141
410;142
410;143
410;144
410;145
410;146
410;147
410;148
410;149
410;150
410;151
410;152
410;153
410;154
410;155
410;156
410;157
410;158
410;159
410;160
410;161
410;162
410;163
410;164
410;165
410;166
410;167
410;168
410;169
410;170
410;171
410;172
410;173
410;174
410;175
410;176
410;177
410;178
410;179
410;180
410;181
410;182
410;183
410;184
410;185
410;186
410;187
410;188
410;189
410;190
410;191
410;192
410;193
410;194
410;195
410;196
410;197
410;198
410;199
410;200
410;201
410;202
410;203
410;204
410;206
410;208
410;210
410;212
410;214
410;216
410;218
410;220
410;262
410;263
410;264
410;265
410;266
410;267
410;268
410;269
410;270
410;271
410;272
410;273
410;274
410;275
410;276
410;277
410;278
410;279
410;280
410;281
410;282
410;283
410;284
410;285
410;286
410;287
410;288
410;289
410;290
410;291
410;292
410;293
410;294
410;295
410;296
410;297
410;298
410;299
410;300
410;301
410;302
410;303
410;304
410;305
410;306
410;307
410;308
410;309
410;310
410;311
410;312
410;313
410;314
410;315
410;316
410;317
410;318
410;319
410;320
410;321
410;322
410;323
410;324
410;325
410;326
410;327
410;328
410;329
410;330
410;331
410;332
410;333
410;334
410;335
410;336
410;337
410;338
410;339
410;340
410;341
410;342
410;343
410;354
410;355
410;356
410;357
410;358
410;359
410;360
410;361
410;362
410;363
410;364
410;365
410;366
410;367
410;368
410;369
410;370
410;371
410;372
410;373
410;374
410;375
410;376
410;377
410;378
410;379
410;380
410;381
410;382
410;383
410;384
410;385
410;386
410;387
410;388
410;389
410;390
410;391
410;392
410;393
410;394
410;395
410;396
410;397
410;398
410;399
410;400
410;401
410;402
410;403
410;404
410;405
410;406
410;407
410;408
410;409
410;410
410;411
410;412
410;413
410;414
410;415
410;416
410;417
410;418
410;419
410;420
410;421
410;422
410;423
410;424
410;425
410;426
410;427
410;428
410;429
410;430
410;431
410;432
410;433
410;434
410;435
410;436
410;437
410;438
410;439
410;440
410;441
410;442
410;443
410;460
410;461
410;462
410;463
410;464
410;465
410;466
410;467
410;468
410;469
410;470
410;471
410;472
410;473
410;474
410;475
410;476
410;477
410;478
410;479
410;480
410;481
410;482
410;483
410;484
410;485
410;486
410;487
410;488
410;489
410;490
410;491
410;492
410;493
410;494
410;495
410;496
410;497
410;498
410;499
410;500
410;501
410;502
410;503
410;504
410;505
410;506
410;507
410;508
410;509
410;510
410;511
410;512
410;513
410;514
410;515
410;516
410;517
410;518
410;519
410;520
410;521
410;522
410;523
410;524
410;525
410;526
411;88
411;89
411;90
411;91
411;92
411;93
411;94
411;95
411;96
411;97
411;98
411;99
411;100
411;101
411;102
411;103
411;104
411;105
411;106
411;107
411;108
411;109
411;110
411;111
411;112
411;113
411;114
411;115
411;123
411;124
411;125
411;126
411;127
411;128
411;129
411;130
411;131
411;132
411;133
411;134
411;135
411;136
411;137
411;138
411;139
411;140
411;141
411;142
411;143
411;144
411;145
411;146
411;147
411;148
411;149
411;150
411;151
411;152
411;153
411;154
411;155
411;156
411;157
411;158
411;159
411;160
411;161
411;162
411;163
411;164
411;165
411;166
411;167
411;168
411;169
411;170
411;171
411;172
411;173
411;174
411;175
411;176
411;177
411;178
411;179
411;180
411;181
411;182
411;183
411;184
411;185
411;186
411;187
411;188
411;189
411;190
411;191
411;192
411;193
411;194
411;195
411;196
411;197
411;198
411;199
411;200
411;201
411;202
411;203
411;205
411;261
411;262
411;263
411;264
411;265
411;266
411;267
411;268
411;269
411;270
411;271
411;272
411;273
411;274
411;275
411;276
411;277
411;278
411;279
411;280
411;281
411;282
411;283
411;284
411;285
411;286
411;287
411;288
411;289
411;290
411;291
411;292
411;293
411;294
411;295
411;296
411;297
411;298
411;299
411;300
411;301
411;302
411;303
411;304
411;305
411;306
411;307
411;308
411;309
411;310
411;311
411;312
411;313
411;314
411;315
411;316
411;317
411;318
411;319
411;320
411;321
411;322
411;323
411;324
411;325
411;326
411;327
411;328
411;329
411;330
411;331
411;332
411;333
411;334
411;335
411;336
411;337
411;338
411;339
411;340
411;341
411;342
411;343
411;354
411;355
411;356
411;357
411;358
411;359
411;360
411;361
411;362
411;363
411;364
411;365
411;366
411;367
411;368
411;369
411;370
411;371
411;372
411;373
411;374
411;375
411;376
411;377
411;378
411;379
411;380
411;381
411;382
411;383
411;384
411;385
411;386
411;387
411;388
411;389
411;390
411;391
411;392
411;393
411;394
411;395
411;396
411;397
411;398
411;399
411;400
411;401
411;402
411;403
411;404
411;405
411;406
411;407
411;408
411;409
411;410
411;411
411;412
411;413
411;414
411;415
411;416
411;417
411;418
411;419
411;420
411;421
411;422
411;423
411;424
411;425
411;426
411;427
411;428
411;429
411;430
411;431
411;432
411;433
411;434
411;435
411;436
411;437
411;438
411;439
411;440
411;441
411;442
411;462
411;463
411;464
411;465
411;466
411;467
411;468
411;469
411;470
411;471
411;472
411;473
411;474
411;475
411;476
411;477
411;478
411;479
411;480
411;481
411;482
411;483
411;484
411;485
411;486
411;487
411;488
411;489
411;490
411;491
411;492
411;493
411;494
411;495
411;496
411;497
411;498
411;499
411;500
411;501
411;502
411;503
411;504
411;505
411;506
411;507
411;508
411;509
411;510
411;511
411;512
411;513
411;514
411;515
411;516
411;517
411;518
411;519
411;520
411;521
411;522
411;523
411;524
411;525
412;88
412;89
412;90
412;91
412;92
412;93
412;94
412;95
412;96
412;97
412;98
412;99
412;100
412;101
412;102
412;103
412;104
412;105
412;106
412;107
412;108
412;109
412;110
412;111
412;112
412;113
412;114
412;115
412;116
412;117
412;119
412;122
412;123
412;124
412;125
412;126
412;127
412;128
412;129
412;130
412;131
412;132
412;133
412;134
412;135
412;136
412;137
412;138
412;139
412;140
412;141
412;142
412;143
412;144
412;145
412;146
412;147
412;148
412;149
412;150
412;151
412;152
412;153
412;154
412;155
412;156
412;157
412;158
412;159
412;160
412;161
412;162
412;163
412;164
412;165
412;166
412;167
412;168
412;169
412;170
412;171
412;172
412;173
412;174
412;175
412;176
412;177
412;178
412;179
412;180
412;181
412;182
412;183
412;184
412;185
412;186
412;187
412;188
412;189
412;190
412;191
412;192
412;193
412;194
412;195
412;196
412;197
412;198
412;199
412;200
412;201
412;202
412;203
412;204
412;205
412;206
412;207
412;208
412;209
412;211
412;261
412;262
412;263
412;264
412;265
412;266
412;267
412;268
412;269
412;270
412;271
412;272
412;273
412;274
412;275
412;276
412;277
412;278
412;279
412;280
412;281
412;282
412;283
412;284
412;285
412;286
412;287
412;288
412;289
412;290
412;291
412;292
412;293
412;294
412;295
412;296
412;297
412;298
412;299
412;300
412;301
412;302
412;303
412;304
412;305
412;306
412;307
412;308
412;309
412;310
412;311
412;312
412;313
412;314
412;315
412;316
412;317
412;318
412;319
412;320
412;321
412;322
412;323
412;324
412;325
412;326
412;327
412;328
412;329
412;330
412;331
412;332
412;333
412;334
412;335
412;336
412;337
412;338
412;339
412;340
412;341
412;342
412;355
412;356
412;357
412;358
412;359
412;360
412;361
412;362
412;363
412;364
412;365
412;366
412;367
412;368
412;369
412;370
412;371
412;372
412;373
412;374
412;375
412;376
412;377
412;378
412;379
412;380
412;381
412;382
412;383
412;384
412;385
412;386
412;387
412;388
412;389
412;390
412;391
412;392
412;393
412;394
412;395
412;396
412;397
412;398
412;399
412;400
412;401
412;402
412;403
412;404
412;405
412;406
412;407
412;408
412;409
412;410
412;411
412;412
412;413
412;414
412;415
412;416
412;417
412;418
412;419
412;420
412;421
412;422
412;423
412;424
412;425
412;426
412;427
412;428
412;429
412;430
412;431
412;432
412;433
412;434
412;435
412;436
412;437
412;438
412;439
412;440
412;441
412;462
412;463
412;464
412;465
412;466
412;467
412;468
412;469
412;470
412;471
412;472
412;473
412;474
412;475
412;476
412;477
412;478
412;479
412;480
412;481
412;482
412;483
412;484
412;485
412;486
412;487
412;488
412;489
412;490
412;491
412;492
412;493
412;494
412;495
412;496
412;497
412;498
412;499
412;500
412;501
412;502
412;503
412;504
412;505
412;506
412;507
412;508
412;509
412;510
412;511
412;512
412;513
412;514
412;515
412;516
412;517
412;518
412;519
412;520
412;521
412;522
412;523
412;524
412;525
413;88
413;89
413;90
413;91
413;92
413;93
413;94
413;95
413;96
413;97
413;98
413;99
413;100
413;101
413;102
413;103
413;104
413;105
413;106
413;107
413;108
413;109
413;110
413;111
413;112
413;113
413;114
413;115
413;116
413;117
413;118
413;119
413;120
413;121
413;122
413;124
413;126
413;138
413;139
413;140
413;141
413;142
413;143
413;144
413;145
413;146
413;147
413;148
413;149
413;150
413;151
413;152
413;153
413;154
413;155
413;156
413;157
413;158
413;159
413;160
413;161
413;162
413;163
413;164
413;165
413;166
413;167
413;168
413;169
413;170
413;171
413;172
413;173
413;174
413;175
413;176
413;177
413;178
413;179
413;180
413;181
413;182
413;183
413;184
413;185
413;186
413;187
413;188
413;189
413;190
413;191
413;192
413;193
413;194
413;195
413;196
413;197
413;198
413;199
413;200
413;201
413;202
413;203
413;204
413;205
413;206
413;207
413;208
413;209
413;210
413;211
413;212
413;213
413;214
413;215
413;217
413;261
413;262
413;263
413;264
413;265
413;266
413;267
413;268
413;269
413;270
413;271
413;272
413;273
413;274
413;275
413;276
413;277
413;278
413;279
413;280
413;281
413;282
413;283
413;284
413;285
413;286
413;287
413;288
413;289
413;290
413;291
413;292
413;293
413;294
413;295
413;296
413;297
413;298
413;299
413;300
413;301
413;302
413;303
413;304
413;305
413;306
413;307
413;308
413;309
413;310
413;311
413;312
413;313
413;314
413;315
413;316
413;317
413;318
413;319
413;320
413;321
413;322
413;323
413;324
413;325
413;326
413;327
413;328
413;329
413;330
413;331
413;332
413;333
413;334
413;335
413;336
413;337
413;338
413;339
413;340
413;341
413;342
413;356
413;357
413;358
413;359
413;360
413;361
413;362
413;363
413;364
413;365
413;366
413;367
413;368
413;370
413;371
413;372
413;373
413;374
413;375
413;376
413;377
413;378
413;379
413;380
413;381
413;382
413;383
413;384
413;385
413;386
413;387
413;388
413;389
413;390
413;391
413;392
413;393
413;394
413;395
413;396
413;397
413;398
413;399
413;400
413;401
413;402
413;403
413;404
413;405
413;406
413;407
413;408
413;409
413;410
413;411
413;412
413;413
413;414
413;415
413;416
413;417
413;418
413;419
413;420
413;421
413;422
413;423
413;424
413;425
413;426
413;427
413;428
413;429
413;430
413;431
413;432
413;433
413;434
413;435
413;436
413;437
413;438
413;439
413;440
413;464
413;465
413;466
413;467
413;468
413;469
413;470
413;471
413;472
413;473
413;474
413;475
413;476
413;477
413;478
413;479
413;480
413;481
413;482
413;483
413;484
413;485
413;486
413;487
413;488
413;489
413;490
413;491
413;492
413;493
413;494
413;495
413;496
413;497
413;498
413;499
413;500
413;501
413;502
413;503
413;504
413;505
413;506
413;507
413;508
413;509
413;510
413;511
413;512
413;513
413;514
413;515
413;516
413;517
413;518
413;519
413;520
413;521
413;522
413;523
413;524
414;88
414;89
414;90
414;91
414;92
414;93
414;94
414;95
414;96
414;97
414;98
414;99
414;100
414;101
414;102
414;103
414;104
414;105
414;106
414;107
414;108
414;109
414;110
414;111
414;112
414;113
414;114
414;115
414;116
414;117
414;118
414;119
414;120
414;121
414;122
414;123
414;124
414;125
414;138
414;139
414;140
414;141
414;142
414;143
414;144
414;145
414;146
414;147
414;148
414;149
414;150
414;151
414;152
414;153
414;154
414;155
414;156
414;157
414;158
414;159
414;160
414;161
414;162
414;163
414;164
414;165
414;166
414;167
414;168
414;169
414;170
414;171
414;172
414;173
414;174
414;175
414;176
414;177
414;178
414;179
414;180
414;181
414;182
414;183
414;184
414;185
414;186
414;187
414;188
414;189
414;190
414;191
414;192
414;193
414;194
414;195
414;196
414;197
414;198
414;199
414;200
414;201
414;202
414;203
414;204
414;205
414;206
414;207
414;208
414;209
414;210
414;211
414;212
414;213
414;214
414;215
414;216
414;217
414;218
414;219
414;220
414;221
414;223
414;261
414;262
414;263
414;264
414;265
414;266
414;267
414;268
414;269
414;270
414;271
414;272
414;273
414;274
414;275
414;276
414;277
414;278
414;279
414;280
414;281
414;282
414;283
414;284
414;285
414;286
414;287
414;288
414;289
414;290
414;291
414;292
414;293
414;294
414;295
414;296
414;297
414;298
414;299
414;300
414;301
414;302
414;303
414;304
414;305
414;306
414;307
414;308
414;309
414;310
414;311
414;312
414;313
414;314
414;315
414;316
414;317
414;318
414;319
414;320
414;321
414;322
414;323
414;324
414;325
414;326
414;327
414;328
414;329
414;330
414;331
414;332
414;333
414;334
414;335
414;336
414;337
414;338
414;339
414;340
414;341
414;342
414;356
414;357
414;358
414;359
414;360
414;361
414;362
414;363
414;364
414;365
414;366
414;370
414;371
414;372
414;373
414;374
414;375
414;376
414;377
414;378
414;379
414;380
414;381
414;382
414;383
414;384
414;385
414;386
414;387
414;388
414;389
414;390
414;391
414;392
414;393
414;394
414;395
414;396
414;397
414;398
414;399
414;400
414;401
414;402
414;403
414;404
414;405
414;406
414;407
414;408
414;409
414;410
414;411
414;412
414;413
414;414
414;415
414;416
414;417
414;418
414;419
414;420
414;421
414;422
414;423
414;424
414;425
414;426
414;427
414;428
414;429
414;430
414;431
414;432
414;433
414;434
414;435
414;436
414;437
414;438
414;464
414;465
414;466
414;467
414;468
414;469
414;470
414;471
414;472
414;473
414;474
414;475
414;476
414;477
414;478
414;479
414;480
414;481
414;482
414;483
414;484
414;485
414;486
414;487
414;488
414;489
414;490
414;491
414;492
414;493
414;494
414;495
414;496
414;497
414;498
414;499
414;500
414;501
414;502
414;503
414;504
414;505
414;506
414;507
414;508
414;509
414;510
414;511
414;512
414;513
414;514
414;515
414;516
414;517
414;518
414;519
414;520
414;521
414;522
414;523
414;524
415;88
415;89
415;90
415;91
415;92
415;93
415;94
415;95
415;96
415;97
415;98
415;99
415;100
415;101
415;102
415;103
415;104
415;105
415;106
415;107
415;108
415;109
415;110
415;111
415;112
415;113
415;114
415;115
415;116
415;117
415;118
415;119
415;120
415;121
415;122
415;123
415;124
415;125
415;126
415;127
415;138
415;139
415;140
415;141
415;142
415;143
415;144
415;145
415;146
415;147
415;148
415;149
415;150
415;151
415;152
415;153
415;154
415;155
415;156
415;157
415;158
415;159
415;160
415;161
415;162
415;163
415;164
415;165
415;166
415;167
415;168
415;169
415;170
415;171
415;172
415;173
415;174
415;175
415;176
415;177
415;178
415;179
415;180
415;181
415;182
415;183
415;184
415;185
415;186
415;187
415;188
415;189
415;190
415;191
415;192
415;193
415;194
415;195
415;196
415;197
415;198
415;199
415;200
415;201
415;202
415;203
415;204
415;205
415;206
415;207
415;208
415;209
415;210
415;211
415;212
415;213
415;214
415;215
415;216
415;217
415;218
415;219
415;220
415;221
415;222
415;223
415;224
415;225
415;226
415;227
415;229
415;261
415;262
415;263
415;264
415;265
415;266
415;267
415;268
415;269
415;270
415;271
415;272
415;273
415;274
415;275
415;276
415;277
415;278
415;279
415;280
415;281
415;282
415;283
415;284
415;285
415;286
415;287
415;288
415;289
415;290
415;291
415;292
415;293
415;294
415;295
415;296
415;297
415;298
415;299
415;300
415;301
415;302
415;303
415;304
415;305
415;306
415;307
415;308
415;309
415;310
415;311
415;312
415;313
415;314
415;315
415;316
415;317
415;318
415;319
415;320
415;321
415;322
415;323
415;324
415;325
415;326
415;327
415;328
415;329
415;330
415;331
415;332
415;333
415;334
415;335
415;336
415;337
415;338
415;339
415;340
415;341
415;342
415;357
415;358
415;359
415;360
415;361
415;362
415;363
415;364
415;372
415;373
415;374
415;375
415;376
415;377
415;378
415;379
415;380
415;381
415;382
415;383
415;384
415;385
415;386
415;387
415;388
415;389
415;390
415;391
415;392
415;393
415;394
415;395
415;396
415;397
415;398
415;399
415;400
415;401
415;402
415;403
415;404
415;405
415;406
415;407
415;408
415;409
415;410
415;411
415;412
415;413
415;414
415;415
415;416
415;417
415;418
415;419
415;420
415;421
415;422
415;423
415;424
415;425
415;426
415;427
415;428
415;429
415;430
415;431
415;432
415;433
415;434
415;435
415;436
415;437
415;438
415;466
415;467
415;468
415;469
415;470
415;471
415;472
415;473
415;474
415;475
415;476
415;477
415;478
415;479
415;480
415;481
415;482
415;483
415;484
415;485
415;486
415;487
415;488
415;489
415;490
415;491
415;492
415;493
415;494
415;495
415;496
415;497
415;498
415;499
415;500
415;501
415;502
415;503
415;504
415;505
415;506
415;507
415;508
415;509
415;510
415;511
415;512
415;513
415;514
415;515
415;516
415;517
415;518
415;519
415;520
415;521
415;522
415;523
415;524
416;88
416;89
416;90
416;91
416;92
416;93
416;94
416;95
416;96
416;97
416;98
416;99
416;100
416;101
416;102
416;103
416;104
416;105
416;106
416;107
416;108
416;109
416;110
416;111
416;112
416;113
416;114
416;115
416;116
416;117
416;118
416;119
416;120
416;121
416;122
416;123
416;124
416;125
416;126
416;127
416;128
416;129
416;130
416;131
416;139
416;140
416;141
416;142
416;143
416;144
416;145
416;146
416;147
416;148
416;149
416;150
416;151
416;152
416;153
416;154
416;155
416;156
416;157
416;158
416;159
416;160
416;161
416;162
416;163
416;164
416;165
416;166
416;167
416;168
416;169
416;170
416;171
416;172
416;173
416;174
416;175
416;176
416;177
416;178
416;179
416;180
416;181
416;182
416;183
416;184
416;185
416;186
416;187
416;188
416;189
416;190
416;191
416;192
416;193
416;194
416;195
416;196
416;197
416;198
416;199
416;200
416;201
416;202
416;203
416;204
416;205
416;206
416;207
416;208
416;209
416;210
416;211
416;212
416;213
416;214
416;215
416;216
416;217
416;218
416;219
416;220
416;221
416;222
416;223
416;224
416;225
416;226
416;227
416;228
416;229
416;230
416;231
416;232
416;233
416;235
416;260
416;261
416;262
416;263
416;264
416;265
416;266
416;267
416;268
416;269
416;270
416;271
416;272
416;273
416;274
416;275
416;276
416;277
416;278
416;279
416;280
416;281
416;282
416;283
416;284
416;285
416;286
416;287
416;288
416;289
416;290
416;291
416;292
416;293
416;294
416;295
416;296
416;297
416;298
416;299
416;300
416;301
416;302
416;303
416;304
416;305
416;306
416;307
416;308
416;309
416;310
416;311
416;312
416;313
416;314
416;315
416;316
416;317
416;318
416;319
416;320
416;321
416;322
416;323
416;324
416;325
416;326
416;327
416;328
416;329
416;330
416;331
416;332
416;333
416;334
416;335
416;336
416;337
416;338
416;339
416;340
416;341
416;342
416;358
416;359
416;360
416;361
416;362
416;363
416;364
416;374
416;375
416;376
416;377
416;378
416;379
416;380
416;381
416;382
416;383
416;384
416;385
416;386
416;387
416;388
416;389
416;390
416;391
416;392
416;393
416;394
416;395
416;396
416;397
416;398
416;399
416;400
416;401
416;402
416;403
416;404
416;405
416;406
416;407
416;408
416;409
416;410
416;411
416;412
416;413
416;414
416;415
416;416
416;417
416;418
416;419
416;420
416;421
416;422
416;423
416;424
416;425
416;426
416;427
416;428
416;429
416;430
416;431
416;432
416;433
416;434
416;435
416;436
416;466
416;467
416;468
416;469
416;470
416;471
416;472
416;473
416;474
416;475
416;476
416;477
416;478
416;479
416;480
416;481
416;482
416;483
416;484
416;485
416;486
416;487
416;488
416;489
416;490
416;491
416;492
416;493
416;494
416;495
416;496
416;497
416;498
416;499
416;500
416;501
416;502
416;503
416;504
416;505
416;506
416;507
416;508
416;509
416;510
416;511
416;512
416;513
416;514
416;515
416;516
416;517
416;518
416;519
416;520
416;521
416;522
416;523
417;89
417;90
417;91
417;92
417;93
417;94
417;95
417;96
417;97
417;98
417;99
417;100
417;101
417;102
417;103
417;104
417;105
417;106
417;107
417;108
417;109
417;110
417;111
417;112
417;113
417;114
417;115
417;116
417;117
417;118
417;119
417;120
417;121
417;122
417;123
417;124
417;125
417;126
417;127
417;128
417;129
417;130
417;131
417;132
417;133
417;139
417;140
417;141
417;142
417;143
417;144
417;145
417;146
417;147
417;148
417;149
417;150
417;151
417;152
417;153
417;154
417;155
417;156
417;157
417;158
417;159
417;160
417;161
417;162
417;163
417;164
417;165
417;166
417;167
417;168
417;169
417;170
417;171
417;172
417;173
417;174
417;175
417;176
417;177
417;178
417;179
417;180
417;181
417;182
417;183
417;184
417;185
417;186
417;187
417;188
417;189
417;190
417;191
417;192
417;193
417;194
417;195
417;196
417;197
417;198
417;199
417;200
417;201
417;202
417;203
417;204
417;205
417;206
417;207
417;208
417;209
417;210
417;211
417;212
417;213
417;214
417;215
417;216
417;217
417;218
417;219
417;220
417;221
417;222
417;223
417;224
417;225
417;226
417;227
417;228
417;229
417;230
417;231
417;232
417;233
417;234
417;235
417;236
417;237
417;238
417;239
417;241
417;260
417;261
417;262
417;263
417;264
417;265
417;266
417;267
417;268
417;269
417;270
417;271
417;272
417;273
417;274
417;275
417;276
417;277
417;278
417;279
417;280
417;281
417;282
417;283
417;284
417;285
417;286
417;287
417;288
417;289
417;290
417;291
417;292
417;293
417;294
417;295
417;296
417;297
417;298
417;299
417;300
417;301
417;302
417;303
417;304
417;305
417;306
417;307
417;308
417;309
417;310
417;311
417;312
417;313
417;314
417;315
417;316
417;317
417;318
417;319
417;320
417;321
417;322
417;323
417;324
417;325
417;326
417;327
417;328
417;329
417;330
417;331
417;332
417;333
417;334
417;335
417;336
417;337
417;338
417;339
417;340
417;341
417;358
417;359
417;360
417;361
417;362
417;374
417;375
417;376
417;377
417;378
417;379
417;380
417;381
417;382
417;383
417;384
417;385
417;386
417;387
417;388
417;389
417;390
417;391
417;392
417;393
417;394
417;395
417;396
417;397
417;398
417;399
417;400
417;401
417;402
417;403
417;404
417;405
417;406
417;407
417;408
417;409
417;410
417;411
417;412
417;413
417;414
417;415
417;416
417;417
417;418
417;419
417;420
417;421
417;422
417;423
417;424
417;425
417;426
417;427
417;428
417;429
417;430
417;431
417;432
417;433
417;434
417;468
417;469
417;470
417;471
417;472
417;473
417;474
417;475
417;476
417;477
417;478
417;479
417;480
417;481
417;482
417;483
417;484
417;485
417;486
417;487
417;488
417;489
417;490
417;491
417;492
417;493
417;494
417;495
417;496
417;497
417;498
417;499
417;500
417;501
417;502
417;503
417;504
417;505
417;506
417;507
417;508
417;509
417;510
417;511
417;512
417;513
417;514
417;515
417;516
417;517
417;518
417;519
417;520
417;521
417;522
417;523
418;89
418;90
418;91
418;92
418;93
418;94
418;95
418;96
418;97
418;98
418;99
418;100
418;101
418;102
418;103
418;104
418;105
418;106
418;107
418;108
418;109
418;110
418;111
418;112
418;113
418;114
418;115
418;116
418;117
418;118
418;119
418;120
418;121
418;122
418;123
418;124
418;125
418;126
418;127
418;128
418;129
418;130
418;131
418;132
418;133
418;134
418;135
418;136
418;137
418;140
418;141
418;142
418;143
418;144
418;145
418;146
418;147
418;148
418;149
418;150
418;151
418;152
418;153
418;154
418;155
418;156
418;157
418;158
418;159
418;160
418;161
418;162
418;163
418;164
418;165
418;166
418;167
418;168
418;169
418;170
418;171
418;172
418;173
418;174
418;175
418;176
418;177
418;178
418;179
418;180
418;181
418;182
418;183
418;184
418;185
418;186
418;187
418;188
418;189
418;190
418;191
418;192
418;193
418;194
418;195
418;196
418;197
418;198
418;199
418;200
418;201
418;202
418;203
418;204
418;205
418;206
418;207
418;208
418;209
418;210
418;211
418;212
418;213
418;214
418;215
418;216
418;217
418;218
418;219
418;220
418;221
418;222
418;223
418;224
418;225
418;226
418;227
418;228
418;229
418;230
418;231
418;232
418;233
418;234
418;235
418;236
418;237
418;238
418;239
418;240
418;241
418;242
418;243
418;244
418;245
418;247
418;260
418;261
418;262
418;263
418;264
418;265
418;266
418;267
418;268
418;269
418;270
418;271
418;272
418;273
418;274
418;275
418;276
418;277
418;278
418;279
418;280
418;281
418;282
418;283
418;284
418;285
418;286
418;287
418;288
418;289
418;290
418;291
418;292
418;293
418;294
418;295
418;296
418;297
418;298
418;299
418;300
418;301
418;302
418;303
418;304
418;305
418;306
418;307
418;308
418;309
418;310
418;311
418;312
418;313
418;314
418;315
418;316
418;317
418;318
418;319
418;320
418;321
418;322
418;323
418;324
418;325
418;326
418;327
418;328
418;329
418;330
418;331
418;332
418;333
418;334
418;335
418;336
418;337
418;338
418;339
418;340
418;341
418;359
418;360
418;376
418;377
418;378
418;379
418;380
418;381
418;382
418;383
418;384
418;385
418;386
418;387
418;388
418;389
418;390
418;391
418;392
418;393
418;394
418;395
418;396
418;397
418;398
418;399
418;400
418;401
418;402
418;403
418;404
418;405
418;406
418;407
418;408
418;409
418;410
418;411
418;412
418;413
418;414
418;415
418;416
418;417
418;418
418;419
418;420
418;421
418;422
418;423
418;424
418;425
418;426
418;427
418;428
418;429
418;430
418;431
418;432
418;433
418;468
418;469
418;470
418;471
418;472
418;473
418;474
418;475
418;476
418;477
418;478
418;479
418;480
418;481
418;482
418;483
418;484
418;485
418;486
418;487
418;488
418;489
418;490
418;491
418;492
418;493
418;494
418;495
418;496
418;497
418;498
418;499
418;500
418;501
418;502
418;503
418;504
418;505
418;506
418;507
418;508
418;509
418;510
418;511
418;512
418;513
418;514
418;515
418;516
418;517
418;518
418;519
418;520
418;521
418;522
419;89
419;90
419;91
419;92
419;93
419;94
419;95
419;96
419;97
419;98
419;99
419;100
419;101
419;102
419;103
419;104
419;105
419;106
419;107
419;108
419;109
419;110
419;111
419;112
419;113
419;114
419;115
419;116
419;117
419;118
419;119
419;120
419;121
419;122
419;123
419;124
419;125
419;126
419;127
419;128
419;129
419;130
419;131
419;132
419;133
419;134
419;135
419;136
419;137
419;138
419;139
419;140
419;141
419;142
419;143
419;144
419;145
419;146
419;147
419;148
419;149
419;150
419;151
419;152
419;153
419;154
419;155
419;156
419;157
419;158
419;159
419;160
419;161
419;162
419;163
419;164
419;165
419;166
419;167
419;168
419;169
419;170
419;171
419;172
419;173
419;174
419;175
419;176
419;177
419;178
419;179
419;180
419;181
419;182
419;183
419;184
419;185
419;186
419;187
419;188
419;189
419;190
419;191
419;192
419;193
419;194
419;195
419;196
419;197
419;198
419;199
419;200
419;201
419;202
419;203
419;204
419;205
419;206
419;207
419;208
419;209
419;210
419;211
419;212
419;213
419;214
419;215
419;216
419;217
419;218
419;219
419;220
419;221
419;222
419;223
419;224
419;225
419;226
419;227
419;228
419;229
419;230
419;231
419;232
419;233
419;234
419;235
419;236
419;237
419;238
419;239
419;240
419;241
419;242
419;243
419;244
419;245
419;246
419;247
419;248
419;249
419;250
419;251
419;253
419;260
419;261
419;262
419;263
419;264
419;265
419;266
419;267
419;268
419;269
419;270
419;271
419;272
419;273
419;274
419;275
419;276
419;277
419;278
419;279
419;280
419;281
419;282
419;283
419;284
419;285
419;286
419;287
419;288
419;289
419;290
419;291
419;292
419;293
419;294
419;295
419;296
419;297
419;298
419;299
419;300
419;301
419;302
419;303
419;304
419;305
419;306
419;307
419;308
419;309
419;310
419;311
419;312
419;313
419;314
419;315
419;316
419;317
419;318
419;319
419;320
419;321
419;322
419;323
419;324
419;325
419;326
419;327
419;328
419;329
419;330
419;331
419;332
419;333
419;334
419;335
419;336
419;337
419;338
419;339
419;340
419;341
419;378
419;379
419;380
419;381
419;382
419;383
419;384
419;385
419;386
419;387
419;388
419;389
419;390
419;391
419;392
419;393
419;394
419;395
419;396
419;397
419;398
419;399
419;400
419;401
419;402
419;403
419;404
419;405
419;406
419;407
419;408
419;409
419;410
419;411
419;412
419;413
419;414
419;415
419;416
419;417
419;418
419;419
419;420
419;421
419;422
419;423
419;424
419;425
419;426
419;427
419;428
419;429
419;430
419;431
419;432
419;470
419;471
419;472
419;473
419;474
419;475
419;476
419;477
419;478
419;479
419;480
419;481
419;482
419;483
419;484
419;485
419;486
419;487
419;488
419;489
419;490
419;491
419;492
419;493
419;494
419;495
419;496
419;497
419;498
419;499
419;500
419;501
419;502
419;503
419;504
419;505
419;506
419;507
419;508
419;509
419;510
419;511
419;512
419;513
419;514
419;515
419;516
419;517
419;518
419;519
419;520
419;521
419;522
420;89
420;90
420;91
420;92
420;93
420;94
420;95
420;96
420;97
420;98
420;99
420;100
420;101
420;102
420;103
420;104
420;105
420;106
420;107
420;108
420;109
420;110
420;111
420;112
420;113
420;114
420;115
420;116
420;117
420;118
420;119
420;120
420;121
420;122
420;123
420;124
420;125
420;126
420;127
420;128
420;129
420;130
420;131
420;132
420;133
420;134
420;135
420;136
420;137
420;138
420;139
420;140
420;141
420;142
420;143
420;144
420;145
420;146
420;147
420;148
420;149
420;150
420;151
420;152
420;153
420;154
420;155
420;156
420;157
420;158
420;159
420;160
420;161
420;162
420;163
420;164
420;165
420;166
420;167
420;168
420;169
420;170
420;171
420;172
420;173
420;174
420;175
420;176
420;177
420;178
420;179
420;180
420;181
420;182
420;183
420;184
420;185
420;186
420;187
420;188
420;189
420;190
420;191
420;192
420;193
420;194
420;195
420;196
420;197
420;198
420;199
420;200
420;201
420;202
420;203
420;204
420;205
420;206
420;207
420;208
420;209
420;210
420;211
420;212
420;213
420;214
420;215
420;216
420;217
420;218
420;219
420;220
420;221
420;222
420;223
420;224
420;225
420;226
420;227
420;228
420;229
420;230
420;231
420;232
420;233
420;234
420;235
420;236
420;237
420;238
420;239
420;240
420;241
420;242
420;243
420;244
420;245
420;246
420;247
420;248
420;249
420;250
420;251
420;252
420;253
420;254
420;255
420;256
420;257
420;259
420;260
420;261
420;262
420;263
420;264
420;265
420;266
420;267
420;268
420;269
420;270
420;271
420;272
420;273
420;274
420;275
420;276
420;277
420;278
420;279
420;280
420;281
420;282
420;283
420;284
420;285
420;286
420;287
420;288
420;289
420;290
420;291
420;292
420;293
420;294
420;295
420;296
420;297
420;298
420;299
420;300
420;301
420;302
420;303
420;304
420;305
420;306
420;307
420;308
420;309
420;310
420;311
420;312
420;313
420;314
420;315
420;316
420;317
420;318
420;319
420;320
420;321
420;322
420;323
420;324
420;325
420;326
420;327
420;328
420;329
420;330
420;331
420;332
420;333
420;334
420;335
420;336
420;337
420;338
420;339
420;340
420;341
420;380
420;381
420;382
420;383
420;384
420;385
420;386
420;387
420;388
420;389
420;390
420;391
420;392
420;393
420;394
420;395
420;396
420;397
420;398
420;399
420;400
420;401
420;402
420;403
420;404
420;405
420;406
420;407
420;408
420;409
420;410
420;411
420;412
420;413
420;414
420;415
420;416
420;417
420;418
420;419
420;420
420;421
420;422
420;423
420;424
420;425
420;426
420;427
420;428
420;429
420;430
420;470
420;471
420;472
420;473
420;474
420;475
420;476
420;477
420;478
420;479
420;480
420;481
420;482
420;483
420;484
420;485
420;486
420;487
420;488
420;489
420;490
420;491
420;492
420;493
420;494
420;495
420;496
420;497
420;498
420;499
420;500
420;501
420;502
420;503
420;504
420;505
420;506
420;507
420;508
420;509
420;510
420;511
420;512
420;513
420;514
420;515
420;516
420;517
420;518
420;519
420;520
420;521
420;522
421;90
421;91
421;92
421;93
421;94
421;95
421;96
421;97
421;98
421;99
421;100
421;101
421;102
421;103
421;104
421;105
421;106
421;107
421;108
421;109
421;110
421;111
421;112
421;113
421;114
421;115
421;116
421;117
421;118
421;119
421;120
421;121
421;122
421;123
421;124
421;125
421;126
421;127
421;128
421;129
421;130
421;131
421;132
421;133
421;134
421;135
421;136
421;137
421;138
421;139
421;140
421;141
421;142
421;143
421;144
421;145
421;146
421;147
421;148
421;149
421;150
421;151
421;152
421;153
421;154
421;155
421;156
421;157
421;158
421;159
421;160
421;161
421;162
421;163
421;164
421;165
421;166
421;167
421;168
421;169
421;170
421;171
421;172
421;173
421;174
421;175
421;176
421;177
421;178
421;179
421;180
421;181
421;182
421;183
421;184
421;185
421;186
421;187
421;188
421;189
421;190
421;191
421;192
421;193
421;194
421;195
421;196
421;197
421;198
421;199
421;200
421;201
421;202
421;203
421;204
421;205
421;206
421;207
421;208
421;209
421;210
421;211
421;212
421;213
421;214
421;215
421;216
421;217
421;218
421;219
421;220
421;221
421;222
421;223
421;224
421;225
421;226
421;227
421;228
421;229
421;230
421;231
421;232
421;233
421;234
421;235
421;236
421;237
421;238
421;239
421;240
421;241
421;242
421;243
421;244
421;245
421;246
421;247
421;248
421;249
421;250
421;251
421;252
421;253
421;254
421;255
421;256
421;257
421;258
421;259
421;260
421;261
421;262
421;263
421;264
421;265
421;266
421;267
421;268
421;269
421;270
421;271
421;272
421;273
421;274
421;275
421;276
421;277
421;278
421;279
421;280
421;281
421;282
421;283
421;284
421;285
421;286
421;287
421;288
421;289
421;290
421;291
421;292
421;293
421;294
421;295
421;296
421;297
421;298
421;299
421;300
421;301
421;302
421;303
421;304
421;305
421;306
421;307
421;308
421;309
421;310
421;311
421;312
421;313
421;314
421;315
421;316
421;317
421;318
421;319
421;320
421;321
421;322
421;323
421;324
421;325
421;326
421;327
421;328
421;329
421;330
421;331
421;332
421;333
421;334
421;335
421;336
421;337
421;338
421;339
421;340
421;382
421;383
421;384
421;385
421;386
421;387
421;388
421;389
421;390
421;391
421;392
421;393
421;394
421;395
421;396
421;397
421;398
421;399
421;400
421;401
421;402
421;403
421;404
421;405
421;406
421;407
421;408
421;409
421;410
421;411
421;412
421;413
421;414
421;415
421;416
421;417
421;418
421;419
421;420
421;421
421;422
421;423
421;424
421;425
421;426
421;427
421;428
421;472
421;473
421;474
421;475
421;476
421;477
421;478
421;479
421;480
421;481
421;482
421;483
421;484
421;485
421;486
421;487
421;488
421;489
421;490
421;491
421;492
421;493
421;494
421;495
421;496
421;497
421;498
421;499
421;500
421;501
421;502
421;503
421;504
421;505
421;506
421;507
421;508
421;509
421;510
421;511
421;512
421;513
421;514
421;515
421;516
421;517
421;518
421;519
421;520
421;521
422;90
422;91
422;92
422;93
422;94
422;95
422;96
422;97
422;98
422;99
422;100
422;101
422;102
422;103
422;104
422;105
422;106
422;107
422;108
422;109
422;110
422;111
422;112
422;113
422;114
422;115
422;116
422;117
422;118
422;119
422;120
422;121
422;122
422;123
422;124
422;125
422;126
422;127
422;128
422;129
422;130
422;131
422;132
422;133
422;134
422;135
422;136
422;137
422;138
422;139
422;140
422;141
422;142
422;143
422;144
422;145
422;146
422;147
422;148
422;149
422;150
422;151
422;152
422;153
422;154
422;155
422;156
422;157
422;158
422;159
422;160
422;161
422;162
422;163
422;164
422;165
422;166
422;167
422;168
422;169
422;170
422;171
422;172
422;173
422;174
422;175
422;176
422;177
422;178
422;179
422;180
422;181
422;182
422;183
422;184
422;185
422;186
422;187
422;188
422;189
422;190
422;191
422;192
422;193
422;194
422;195
422;196
422;197
422;198
422;199
422;200
422;201
422;202
422;203
422;204
422;205
422;206
422;207
422;208
422;209
422;210
422;211
422;212
422;213
422;214
422;215
422;216
422;217
422;218
422;219
422;220
422;221
422;222
422;223
422;224
422;225
422;226
422;227
422;228
422;229
422;230
422;231
422;232
422;233
422;234
422;235
422;236
422;237
422;238
422;239
422;240
422;241
422;242
422;243
422;244
422;245
422;246
422;247
422;248
422;249
422;250
422;251
422;252
422;253
422;254
422;255
422;256
422;257
422;259
422;260
422;261
422;262
422;263
422;264
422;265
422;266
422;267
422;268
422;269
422;270
422;271
422;272
422;273
422;274
422;275
422;276
422;277
422;278
422;279
422;280
422;281
422;282
422;283
422;284
422;285
422;286
422;287
422;288
422;289
422;290
422;291
422;292
422;293
422;294
422;295
422;296
422;297
422;298
422;299
422;300
422;301
422;302
422;303
422;304
422;305
422;306
422;307
422;308
422;309
422;310
422;311
422;312
422;313
422;314
422;315
422;316
422;317
422;318
422;319
422;320
422;321
422;322
422;323
422;324
422;325
422;326
422;327
422;328
422;329
422;330
422;331
422;332
422;333
422;334
422;335
422;336
422;337
422;338
422;339
422;340
422;384
422;386
422;387
422;388
422;389
422;390
422;391
422;392
422;393
422;394
422;395
422;396
422;397
422;398
422;399
422;400
422;401
422;402
422;403
422;404
422;405
422;406
422;407
422;408
422;409
422;410
422;411
422;412
422;413
422;414
422;415
422;416
422;417
422;418
422;419
422;420
422;421
422;422
422;423
422;424
422;472
422;473
422;474
422;475
422;476
422;477
422;478
422;479
422;480
422;481
422;482
422;483
422;484
422;485
422;486
422;487
422;488
422;489
422;490
422;491
422;492
422;493
422;494
422;495
422;496
422;497
422;498
422;499
422;500
422;501
422;502
422;503
422;504
422;505
422;506
422;507
422;508
422;509
422;510
422;511
422;512
422;513
422;514
422;515
422;516
422;517
422;518
422;519
422;520
422;521
423;90
423;91
423;92
423;93
423;94
423;95
423;96
423;97
423;98
423;99
423;100
423;101
423;102
423;103
423;104
423;105
423;106
423;107
423;108
423;109
423;110
423;111
423;112
423;113
423;114
423;115
423;116
423;117
423;118
423;119
423;120
423;121
423;122
423;123
423;124
423;125
423;126
423;127
423;128
423;129
423;130
423;131
423;132
423;133
423;134
423;135
423;136
423;137
423;138
423;139
423;140
423;141
423;142
423;143
423;144
423;145
423;146
423;147
423;148
423;149
423;150
423;151
423;152
423;153
423;154
423;155
423;156
423;157
423;158
423;159
423;160
423;161
423;162
423;163
423;164
423;165
423;166
423;167
423;168
423;169
423;170
423;171
423;172
423;173
423;174
423;175
423;176
423;177
423;178
423;179
423;180
423;181
423;182
423;183
423;184
423;185
423;186
423;187
423;188
423;189
423;190
423;191
423;192
423;193
423;194
423;195
423;196
423;197
423;198
423;199
423;200
423;201
423;202
423;203
423;204
423;205
423;206
423;207
423;208
423;209
423;210
423;211
423;212
423;213
423;214
423;215
423;216
423;217
423;218
423;219
423;220
423;221
423;222
423;223
423;224
423;225
423;226
423;227
423;228
423;229
423;230
423;231
423;232
423;233
423;234
423;235
423;236
423;237
423;238
423;239
423;240
423;241
423;242
423;243
423;244
423;245
423;246
423;247
423;248
423;249
423;250
423;251
423;252
423;253
423;254
423;255
423;256
423;259
423;260
423;261
423;262
423;263
423;264
423;265
423;266
423;267
423;268
423;269
423;270
423;271
423;272
423;273
423;274
423;275
423;276
423;277
423;278
423;279
423;280
423;281
423;282
423;283
423;284
423;285
423;286
423;287
423;288
423;289
423;290
423;291
423;292
423;293
423;294
423;295
423;296
423;297
423;298
423;299
423;300
423;301
423;302
423;303
423;304
423;305
423;306
423;307
423;308
423;309
423;310
423;311
423;312
423;313
423;314
423;315
423;316
423;317
423;318
423;319
423;320
423;321
423;322
423;323
423;324
423;325
423;326
423;327
423;328
423;329
423;330
423;331
423;332
423;333
423;334
423;335
423;336
423;337
423;338
423;339
423;340
423;388
423;389
423;390
423;391
423;392
423;393
423;394
423;395
423;396
423;397
423;398
423;399
423;400
423;401
423;402
423;403
423;404
423;405
423;406
423;407
423;408
423;409
423;410
423;411
423;412
423;413
423;414
423;415
423;416
423;417
423;418
423;419
423;420
423;421
423;422
423;474
423;475
423;476
423;477
423;478
423;479
423;480
423;481
423;482
423;483
423;484
423;485
423;486
423;487
423;488
423;489
423;490
423;491
423;492
423;493
423;494
423;495
423;496
423;497
423;498
423;499
423;500
423;501
423;502
423;503
423;504
423;505
423;506
423;507
423;508
423;509
423;510
423;511
423;512
423;513
423;514
423;515
423;516
423;517
423;518
423;519
423;520
424;90
424;91
424;92
424;93
424;94
424;95
424;96
424;97
424;98
424;99
424;100
424;101
424;102
424;103
424;104
424;105
424;106
424;107
424;108
424;109
424;110
424;111
424;112
424;113
424;114
424;115
424;116
424;117
424;118
424;119
424;120
424;121
424;122
424;123
424;124
424;125
424;126
424;127
424;128
424;129
424;130
424;131
424;132
424;133
424;134
424;135
424;136
424;137
424;138
424;139
424;140
424;141
424;142
424;143
424;144
424;145
424;146
424;147
424;148
424;149
424;150
424;151
424;152
424;153
424;154
424;155
424;156
424;157
424;158
424;159
424;160
424;161
424;162
424;163
424;164
424;165
424;166
424;167
424;168
424;169
424;170
424;171
424;172
424;173
424;174
424;175
424;176
424;177
424;178
424;179
424;180
424;181
424;182
424;183
424;184
424;185
424;186
424;187
424;188
424;189
424;190
424;191
424;192
424;193
424;194
424;195
424;196
424;197
424;198
424;199
424;200
424;201
424;202
424;203
424;204
424;205
424;206
424;207
424;208
424;209
424;210
424;211
424;212
424;213
424;214
424;215
424;216
424;217
424;218
424;219
424;220
424;221
424;222
424;223
424;224
424;225
424;226
424;227
424;228
424;229
424;230
424;231
424;232
424;233
424;234
424;235
424;236
424;237
424;238
424;239
424;240
424;241
424;242
424;243
424;244
424;245
424;246
424;247
424;248
424;249
424;250
424;251
424;252
424;253
424;254
424;255
424;259
424;260
424;261
424;262
424;263
424;264
424;265
424;266
424;267
424;268
424;269
424;270
424;271
424;272
424;273
424;274
424;275
424;276
424;277
424;278
424;279
424;280
424;281
424;282
424;283
424;284
424;285
424;286
424;287
424;288
424;289
424;290
424;291
424;292
424;293
424;294
424;295
424;296
424;297
424;298
424;299
424;300
424;301
424;302
424;303
424;304
424;305
424;306
424;307
424;308
424;309
424;310
424;311
424;312
424;313
424;314
424;315
424;316
424;317
424;318
424;319
424;320
424;321
424;322
424;323
424;324
424;325
424;326
424;327
424;328
424;329
424;330
424;331
424;332
424;333
424;334
424;335
424;336
424;337
424;338
424;339
424;340
424;390
424;392
424;393
424;394
424;395
424;396
424;397
424;398
424;399
424;400
424;401
424;402
424;403
424;404
424;405
424;406
424;407
424;408
424;409
424;410
424;411
424;412
424;413
424;414
424;415
424;416
424;417
424;418
424;474
424;475
424;476
424;477
424;478
424;479
424;480
424;481
424;482
424;483
424;484
424;485
424;486
424;487
424;488
424;489
424;490
424;491
424;492
424;493
424;494
424;495
424;496
424;497
424;498
424;499
424;500
424;501
424;502
424;503
424;504
424;505
424;506
424;507
424;508
424;509
424;510
424;511
424;512
424;513
424;514
424;515
424;516
424;517
424;518
424;519
424;520
425;90
425;91
425;92
425;93
425;94
425;95
425;96
425;97
425;98
425;99
425;100
425;101
425;102
425;103
425;104
425;105
425;106
425;107
425;108
425;109
425;110
425;111
425;112
425;113
425;114
425;115
425;116
425;117
425;118
425;119
425;120
425;121
425;122
425;123
425;124
425;125
425;126
425;127
425;128
425;129
425;130
425;131
425;132
425;133
425;134
425;135
425;136
425;137
425;138
425;139
425;140
425;141
425;142
425;143
425;144
425;145
425;146
425;147
425;148
425;149
425;150
425;151
425;152
425;153
425;154
425;155
425;156
425;157
425;158
425;159
425;160
425;161
425;162
425;163
425;164
425;165
425;166
425;167
425;168
425;169
425;170
425;171
425;172
425;173
425;174
425;175
425;176
425;177
425;178
425;179
425;180
425;181
425;182
425;183
425;184
425;185
425;186
425;187
425;188
425;189
425;190
425;191
425;192
425;193
425;194
425;195
425;196
425;197
425;198
425;199
425;200
425;201
425;202
425;203
425;204
425;205
425;206
425;207
425;208
425;209
425;210
425;211
425;212
425;213
425;214
425;215
425;216
425;217
425;218
425;219
425;220
425;221
425;222
425;223
425;224
425;225
425;226
425;227
425;228
425;229
425;230
425;231
425;232
425;233
425;234
425;235
425;236
425;237
425;238
425;239
425;240
425;241
425;242
425;243
425;244
425;245
425;246
425;247
425;248
425;249
425;250
425;251
425;252
425;253
425;254
425;258
425;259
425;260
425;261
425;262
425;263
425;264
425;265
425;266
425;267
425;268
425;269
425;270
425;271
425;272
425;273
425;274
425;275
425;276
425;277
425;278
425;279
425;280
425;281
425;282
425;283
425;284
425;285
425;286
425;287
425;288
425;289
425;290
425;291
425;292
425;293
425;294
425;295
425;296
425;297
425;298
425;299
425;300
425;301
425;302
425;303
425;304
425;305
425;306
425;307
425;308
425;309
425;310
425;311
425;312
425;313
425;314
425;315
425;316
425;317
425;318
425;319
425;320
425;321
425;322
425;323
425;324
425;325
425;326
425;327
425;328
425;329
425;330
425;331
425;332
425;333
425;334
425;335
425;336
425;337
425;338
425;339
425;340
425;396
425;398
425;399
425;400
425;401
425;402
425;403
425;404
425;405
425;406
425;407
425;408
425;409
425;410
425;411
425;412
425;414
425;475
425;476
425;477
425;478
425;479
425;480
425;481
425;482
425;483
425;484
425;485
425;486
425;487
425;488
425;489
425;490
425;491
425;492
425;493
425;494
425;495
425;496
425;497
425;498
425;499
425;500
425;501
425;502
425;503
425;504
425;505
425;506
425;507
425;508
425;509
425;510
425;511
425;512
425;513
425;514
425;515
425;516
425;517
425;518
425;519
425;520
426;90
426;91
426;92
426;93
426;94
426;95
426;96
426;97
426;98
426;99
426;100
426;101
426;102
426;103
426;104
426;105
426;106
426;107
426;108
426;109
426;110
426;111
426;112
426;113
426;114
426;115
426;116
426;117
426;118
426;119
426;120
426;121
426;122
426;123
426;124
426;125
426;126
426;127
426;128
426;129
426;130
426;131
426;132
426;133
426;134
426;135
426;136
426;137
426;138
426;139
426;140
426;141
426;142
426;143
426;144
426;145
426;146
426;147
426;148
426;149
426;150
426;151
426;152
426;153
426;154
426;155
426;156
426;157
426;158
426;159
426;160
426;161
426;162
426;163
426;164
426;165
426;166
426;167
426;168
426;169
426;170
426;171
426;172
426;173
426;174
426;175
426;176
426;177
426;178
426;179
426;180
426;181
426;182
426;183
426;184
426;185
426;186
426;187
426;188
426;189
426;190
426;191
426;192
426;193
426;194
426;195
426;196
426;197
426;198
426;199
426;200
426;201
426;202
426;203
426;204
426;205
426;206
426;207
426;208
426;209
426;210
426;211
426;212
426;213
426;214
426;215
426;216
426;217
426;218
426;219
426;220
426;221
426;222
426;223
426;224
426;225
426;226
426;227
426;228
426;229
426;230
426;231
426;232
426;233
426;234
426;235
426;236
426;237
426;238
426;239
426;240
426;241
426;242
426;243
426;244
426;245
426;246
426;247
426;248
426;249
426;250
426;251
426;252
426;253
426;258
426;259
426;260
426;261
426;262
426;263
426;264
426;265
426;266
426;267
426;268
426;269
426;270
426;271
426;272
426;273
426;274
426;275
426;276
426;277
426;278
426;279
426;280
426;281
426;282
426;283
426;284
426;285
426;286
426;287
426;288
426;289
426;290
426;291
426;292
426;293
426;294
426;295
426;296
426;297
426;298
426;299
426;300
426;301
426;302
426;303
426;304
426;305
426;306
426;307
426;308
426;309
426;310
426;311
426;312
426;313
426;314
426;315
426;316
426;317
426;318
426;319
426;320
426;321
426;322
426;323
426;324
426;325
426;326
426;327
426;328
426;329
426;330
426;331
426;332
426;333
426;334
426;335
426;336
426;337
426;338
426;339
426;476
426;477
426;478
426;479
426;480
426;481
426;482
426;483
426;484
426;485
426;486
426;487
426;488
426;489
426;490
426;491
426;492
426;493
426;494
426;495
426;496
426;497
426;498
426;499
426;500
426;501
426;502
426;503
426;504
426;505
426;506
426;507
426;508
426;509
426;510
426;511
426;512
426;513
426;514
426;515
426;516
426;517
426;518
426;519
427;91
427;92
427;93
427;94
427;95
427;96
427;97
427;98
427;99
427;100
427;101
427;102
427;103
427;104
427;105
427;106
427;107
427;108
427;109
427;110
427;111
427;112
427;113
427;114
427;115
427;116
427;117
427;118
427;119
427;120
427;121
427;122
427;123
427;124
427;125
427;126
427;127
427;128
427;129
427;130
427;131
427;132
427;133
427;134
427;135
427;136
427;137
427;138
427;139
427;140
427;141
427;142
427;143
427;144
427;145
427;146
427;147
427;148
427;149
427;150
427;151
427;152
427;153
427;154
427;155
427;156
427;157
427;158
427;159
427;160
427;161
427;162
427;163
427;164
427;165
427;166
427;167
427;168
427;169
427;170
427;171
427;172
427;173
427;174
427;175
427;176
427;177
427;178
427;179
427;180
427;181
427;182
427;183
427;184
427;185
427;186
427;187
427;188
427;189
427;190
427;191
427;192
427;193
427;194
427;195
427;196
427;197
427;198
427;199
427;200
427;201
427;202
427;203
427;204
427;205
427;206
427;207
427;208
427;209
427;210
427;211
427;212
427;213
427;214
427;215
427;216
427;217
427;218
427;219
427;220
427;221
427;222
427;223
427;224
427;225
427;226
427;227
427;228
427;229
427;230
427;231
427;232
427;233
427;234
427;235
427;236
427;237
427;238
427;239
427;240
427;241
427;242
427;243
427;244
427;245
427;246
427;247
427;248
427;249
427;250
427;251
427;252
427;258
427;259
427;260
427;261
427;262
427;263
427;264
427;265
427;266
427;267
427;268
427;269
427;270
427;271
427;272
427;273
427;274
427;275
427;276
427;277
427;278
427;279
427;280
427;281
427;282
427;283
427;284
427;285
427;286
427;287
427;288
427;289
427;290
427;291
427;292
427;293
427;294
427;295
427;296
427;297
427;298
427;299
427;300
427;301
427;302
427;303
427;304
427;305
427;306
427;307
427;308
427;309
427;310
427;311
427;312
427;313
427;314
427;315
427;316
427;317
427;318
427;319
427;320
427;321
427;322
427;323
427;324
427;325
427;326
427;327
427;328
427;329
427;330
427;331
427;332
427;333
427;334
427;335
427;336
427;337
427;338
427;339
427;477
427;478
427;479
427;480
427;481
427;482
427;483
427;484
427;485
427;486
427;487
427;488
427;489
427;490
427;491
427;492
427;493
427;494
427;495
427;496
427;497
427;498
427;499
427;500
427;501
427;502
427;503
427;504
427;505
427;506
427;507
427;508
427;509
427;510
427;511
427;512
427;513
427;514
427;515
427;516
427;517
427;518
427;519
428;91
428;92
428;93
428;94
428;95
428;96
428;97
428;98
428;99
428;100
428;101
428;102
428;103
428;104
428;105
428;106
428;107
428;108
428;109
428;110
428;111
428;112
428;113
428;114
428;115
428;116
428;117
428;118
428;119
428;120
428;121
428;122
428;123
428;124
428;125
428;126
428;127
428;128
428;129
428;130
428;131
428;132
428;133
428;134
428;135
428;136
428;137
428;138
428;139
428;140
428;141
428;142
428;143
428;144
428;145
428;146
428;147
428;148
428;149
428;150
428;151
428;152
428;153
428;154
428;155
428;156
428;157
428;158
428;159
428;160
428;161
428;162
428;163
428;164
428;165
428;166
428;167
428;168
428;169
428;170
428;171
428;172
428;173
428;174
428;175
428;176
428;177
428;178
428;179
428;180
428;181
428;182
428;183
428;184
428;185
428;186
428;187
428;188
428;189
428;190
428;191
428;192
428;193
428;194
428;195
428;196
428;197
428;198
428;199
428;200
428;201
428;202
428;203
428;204
428;205
428;206
428;207
428;208
428;209
428;210
428;211
428;212
428;213
428;214
428;215
428;216
428;217
428;218
428;219
428;220
428;221
428;222
428;223
428;224
428;225
428;226
428;227
428;228
428;229
428;230
428;231
428;232
428;233
428;234
428;235
428;236
428;237
428;238
428;239
428;240
428;241
428;242
428;243
428;244
428;245
428;246
428;247
428;248
428;249
428;250
428;251
428;258
428;259
428;260
428;261
428;262
428;263
428;264
428;265
428;266
428;267
428;268
428;269
428;270
428;271
428;272
428;273
428;274
428;275
428;276
428;277
428;278
428;279
428;280
428;281
428;282
428;283
428;284
428;285
428;286
428;287
428;288
428;289
428;290
428;291
428;292
428;293
428;294
428;295
428;296
428;297
428;298
428;299
428;300
428;301
428;302
428;303
428;304
428;305
428;306
428;307
428;308
428;309
428;310
428;311
428;312
428;313
428;314
428;315
428;316
428;317
428;318
428;319
428;320
428;321
428;322
428;323
428;324
428;325
428;326
428;327
428;328
428;329
428;330
428;331
428;332
428;333
428;334
428;335
428;336
428;337
428;338
428;339
428;478
428;479
428;480
428;481
428;482
428;483
428;484
428;485
428;486
428;487
428;488
428;489
428;490
428;491
428;492
428;493
428;494
428;495
428;496
428;497
428;498
428;499
428;500
428;501
428;502
428;503
428;504
428;505
428;506
428;507
428;508
428;509
428;510
428;511
428;512
428;513
428;514
428;515
428;516
428;517
428;518
429;91
429;92
429;93
429;94
429;95
429;96
429;97
429;98
429;99
429;100
429;101
429;102
429;103
429;104
429;105
429;106
429;107
429;108
429;109
429;110
429;111
429;112
429;113
429;114
429;115
429;116
429;117
429;118
429;119
429;120
429;121
429;122
429;123
429;124
429;125
429;126
429;127
429;128
429;129
429;130
429;131
429;132
429;133
429;134
429;135
429;136
429;137
429;138
429;139
429;140
429;141
429;142
429;143
429;144
429;145
429;146
429;147
429;148
429;149
429;150
429;151
429;152
429;153
429;154
429;155
429;156
429;157
429;158
429;159
429;160
429;161
429;162
429;163
429;164
429;165
429;166
429;167
429;168
429;169
429;170
429;171
429;172
429;173
429;174
429;175
429;176
429;177
429;178
429;179
429;180
429;181
429;182
429;183
429;184
429;185
429;186
429;187
429;188
429;189
429;190
429;191
429;192
429;193
429;194
429;195
429;196
429;197
429;198
429;199
429;200
429;201
429;202
429;203
429;204
429;205
429;206
429;207
429;208
429;209
429;210
429;211
429;212
429;213
429;214
429;215
429;216
429;217
429;218
429;219
429;220
429;221
429;222
429;223
429;224
429;225
429;226
429;227
429;228
429;229
429;230
429;231
429;232
429;233
429;234
429;235
429;236
429;237
429;238
429;239
429;240
429;241
429;242
429;243
429;244
429;245
429;246
429;247
429;248
429;249
429;250
429;257
429;258
429;259
429;260
429;261
429;262
429;263
429;264
429;265
429;266
429;267
429;268
429;269
429;270
429;271
429;272
429;273
429;274
429;275
429;276
429;277
429;278
429;279
429;280
429;281
429;282
429;283
429;284
429;285
429;286
429;287
429;288
429;289
429;290
429;291
429;292
429;293
429;294
429;295
429;296
429;297
429;298
429;299
429;300
429;301
429;302
429;303
429;304
429;305
429;306
429;307
429;308
429;309
429;310
429;311
429;312
429;313
429;314
429;315
429;316
429;317
429;318
429;319
429;320
429;321
429;322
429;323
429;324
429;325
429;326
429;327
429;328
429;329
429;330
429;331
429;332
429;333
429;334
429;335
429;336
429;337
429;338
429;339
429;479
429;480
429;481
429;482
429;483
429;484
429;485
429;486
429;487
429;488
429;489
429;490
429;491
429;492
429;493
429;494
429;495
429;496
429;497
429;498
429;499
429;500
429;501
429;502
429;503
429;504
429;505
429;506
429;507
429;508
429;509
429;510
429;511
429;512
429;513
429;514
429;515
429;516
429;517
429;518
430;91
430;92
430;93
430;94
430;95
430;96
430;97
430;98
430;99
430;100
430;101
430;102
430;103
430;104
430;105
430;106
430;107
430;108
430;109
430;110
430;111
430;112
430;113
430;114
430;115
430;116
430;117
430;118
430;119
430;120
430;121
430;122
430;123
430;124
430;125
430;126
430;127
430;128
430;129
430;130
430;131
430;132
430;133
430;134
430;135
430;136
430;137
430;138
430;139
430;140
430;141
430;142
430;143
430;144
430;145
430;146
430;147
430;148
430;149
430;150
430;151
430;152
430;153
430;154
430;155
430;156
430;157
430;158
430;159
430;160
430;161
430;162
430;163
430;164
430;165
430;166
430;167
430;168
430;169
430;170
430;171
430;172
430;173
430;174
430;175
430;176
430;177
430;178
430;179
430;180
430;181
430;182
430;183
430;184
430;185
430;186
430;187
430;188
430;189
430;190
430;191
430;192
430;193
430;194
430;195
430;196
430;197
430;198
430;199
430;200
430;201
430;202
430;203
430;204
430;205
430;206
430;207
430;208
430;209
430;210
430;211
430;212
430;213
430;214
430;215
430;216
430;217
430;218
430;219
430;220
430;221
430;222
430;223
430;224
430;225
430;226
430;227
430;228
430;229
430;230
430;231
430;232
430;233
430;234
430;235
430;236
430;237
430;238
430;239
430;240
430;241
430;242
430;243
430;244
430;245
430;246
430;247
430;248
430;249
430;257
430;258
430;259
430;260
430;261
430;262
430;263
430;264
430;265
430;266
430;267
430;268
430;269
430;270
430;271
430;272
430;273
430;274
430;275
430;276
430;277
430;278
430;279
430;280
430;281
430;282
430;283
430;284
430;285
430;286
430;287
430;288
430;289
430;290
430;291
430;292
430;293
430;294
430;295
430;296
430;297
430;298
430;299
430;300
430;301
430;302
430;303
430;304
430;305
430;306
430;307
430;308
430;309
430;310
430;311
430;312
430;313
430;314
430;315
430;316
430;317
430;318
430;319
430;320
430;321
430;322
430;323
430;324
430;325
430;326
430;327
430;328
430;329
430;330
430;331
430;332
430;333
430;334
430;335
430;336
430;337
430;338
430;480
430;481
430;482
430;483
430;484
430;485
430;486
430;487
430;488
430;489
430;490
430;491
430;492
430;493
430;494
430;495
430;496
430;497
430;498
430;499
430;500
430;501
430;502
430;503
430;504
430;505
430;506
430;507
430;508
430;509
430;510
430;511
430;512
430;513
430;514
430;515
430;516
430;517
430;518
431;91
431;92
431;93
431;94
431;95
431;96
431;97
431;98
431;99
431;100
431;101
431;102
431;103
431;104
431;105
431;106
431;107
431;108
431;109
431;110
431;111
431;112
431;113
431;114
431;115
431;116
431;117
431;118
431;119
431;120
431;121
431;122
431;123
431;124
431;125
431;126
431;127
431;128
431;129
431;130
431;131
431;132
431;133
431;134
431;135
431;136
431;137
431;138
431;139
431;140
431;141
431;142
431;143
431;144
431;145
431;146
431;147
431;148
431;149
431;150
431;151
431;152
431;153
431;154
431;155
431;156
431;157
431;158
431;159
431;160
431;161
431;162
431;163
431;164
431;165
431;166
431;167
431;168
431;169
431;170
431;171
431;172
431;173
431;174
431;175
431;176
431;177
431;178
431;179
431;180
431;181
431;182
431;183
431;184
431;185
431;186
431;187
431;188
431;189
431;190
431;191
431;192
431;193
431;194
431;195
431;196
431;197
431;198
431;199
431;200
431;201
431;202
431;203
431;204
431;205
431;206
431;207
431;208
431;209
431;210
431;211
431;212
431;213
431;214
431;215
431;216
431;217
431;218
431;219
431;220
431;221
431;222
431;223
431;224
431;225
431;226
431;227
431;228
431;229
431;230
431;231
431;232
431;233
431;234
431;235
431;236
431;237
431;238
431;239
431;240
431;241
431;242
431;243
431;244
431;245
431;246
431;247
431;248
431;257
431;258
431;259
431;260
431;261
431;262
431;263
431;264
431;265
431;266
431;267
431;268
431;269
431;270
431;271
431;272
431;273
431;274
431;275
431;276
431;277
431;278
431;279
431;280
431;281
431;282
431;283
431;284
431;285
431;286
431;287
431;288
431;289
431;290
431;291
431;292
431;293
431;294
431;295
431;296
431;297
431;298
431;299
431;300
431;301
431;302
431;303
431;304
431;305
431;306
431;307
431;308
431;309
431;310
431;311
431;312
431;313
431;314
431;315
431;316
431;317
431;318
431;319
431;320
431;321
431;322
431;323
431;324
431;325
431;326
431;327
431;328
431;329
431;330
431;331
431;332
431;333
431;334
431;335
431;336
431;337
431;338
431;481
431;482
431;483
431;484
431;485
431;486
431;487
431;488
431;489
431;490
431;491
431;492
431;493
431;494
431;495
431;496
431;497
431;498
431;499
431;500
431;501
431;502
431;503
431;504
431;505
431;506
431;507
431;508
431;509
431;510
431;511
431;512
431;513
431;514
431;515
431;516
431;517
432;92
432;93
432;94
432;95
432;96
432;97
432;98
432;99
432;100
432;101
432;102
432;103
432;104
432;105
432;106
432;107
432;108
432;109
432;110
432;111
432;112
432;113
432;114
432;115
432;116
432;117
432;118
432;119
432;120
432;121
432;122
432;123
432;124
432;125
432;126
432;127
432;128
432;129
432;130
432;131
432;132
432;133
432;134
432;135
432;136
432;137
432;138
432;139
432;140
432;141
432;142
432;143
432;144
432;145
432;146
432;147
432;148
432;149
432;150
432;151
432;152
432;153
432;154
432;155
432;156
432;157
432;158
432;159
432;160
432;161
432;162
432;163
432;164
432;165
432;166
432;167
432;168
432;169
432;170
432;171
432;172
432;173
432;174
432;175
432;176
432;177
432;178
432;179
432;180
432;181
432;182
432;183
432;184
432;185
432;186
432;187
432;188
432;189
432;190
432;191
432;192
432;193
432;194
432;195
432;196
432;197
432;198
432;199
432;200
432;201
432;202
432;203
432;204
432;205
432;206
432;207
432;208
432;209
432;210
432;211
432;212
432;213
432;214
432;215
432;216
432;217
432;218
432;219
432;220
432;221
432;222
432;223
432;224
432;225
432;226
432;227
432;228
432;229
432;230
432;231
432;232
432;233
432;234
432;235
432;236
432;237
432;238
432;239
432;240
432;241
432;242
432;243
432;244
432;245
432;246
432;247
432;257
432;258
432;259
432;260
432;261
432;262
432;263
432;264
432;265
432;266
432;267
432;268
432;269
432;270
432;271
432;272
432;273
432;274
432;275
432;276
432;277
432;278
432;279
432;280
432;281
432;282
432;283
432;284
432;285
432;286
432;287
432;288
432;289
432;290
432;291
432;292
432;293
432;294
432;295
432;296
432;297
432;298
432;299
432;300
432;301
432;302
432;303
432;304
432;305
432;306
432;307
432;308
432;309
432;310
432;311
432;312
432;313
432;314
432;315
432;316
432;317
432;318
432;319
432;320
432;321
432;322
432;323
432;324
432;325
432;326
432;327
432;328
432;329
432;330
432;331
432;332
432;333
432;334
432;335
432;336
432;337
432;338
432;482
432;483
432;484
432;485
432;486
432;487
432;488
432;489
432;490
432;491
432;492
432;493
432;494
432;495
432;496
432;497
432;498
432;499
432;500
432;501
432;502
432;503
432;504
432;505
432;506
432;507
432;508
432;509
432;510
432;511
432;512
432;513
432;514
432;515
432;516
433;92
433;93
433;94
433;95
433;96
433;97
433;98
433;99
433;100
433;101
433;102
433;103
433;104
433;105
433;106
433;107
433;108
433;109
433;110
433;111
433;112
433;113
433;114
433;115
433;116
433;117
433;118
433;119
433;120
433;121
433;122
433;123
433;124
433;125
433;126
433;127
433;128
433;129
433;130
433;131
433;132
433;133
433;134
433;135
433;136
433;137
433;138
433;139
433;140
433;141
433;142
433;143
433;144
433;145
433;146
433;147
433;148
433;149
433;150
433;151
433;152
433;153
433;154
433;155
433;156
433;157
433;158
433;159
433;160
433;161
433;162
433;163
433;164
433;165
433;166
433;167
433;168
433;169
433;170
433;171
433;172
433;173
433;174
433;175
433;176
433;177
433;178
433;179
433;180
433;181
433;182
433;183
433;184
433;185
433;186
433;187
433;188
433;189
433;190
433;191
433;192
433;193
433;194
433;195
433;196
433;197
433;198
433;199
433;200
433;201
433;202
433;203
433;204
433;205
433;206
433;207
433;208
433;209
433;210
433;211
433;212
433;213
433;214
433;215
433;216
433;217
433;218
433;219
433;220
433;221
433;222
433;223
433;224
433;225
433;226
433;227
433;228
433;229
433;230
433;231
433;232
433;233
433;234
433;235
433;236
433;237
433;238
433;239
433;240
433;241
433;242
433;243
433;244
433;245
433;246
433;257
433;258
433;259
433;260
433;261
433;262
433;263
433;264
433;265
433;266
433;267
433;268
433;269
433;270
433;271
433;272
433;273
433;274
433;275
433;276
433;277
433;278
433;279
433;280
433;281
433;282
433;283
433;284
433;285
433;286
433;287
433;288
433;289
433;290
433;291
433;292
433;293
433;294
433;295
433;296
433;297
433;298
433;299
433;300
433;301
433;302
433;303
433;304
433;305
433;306
433;307
433;308
433;309
433;310
433;311
433;312
433;313
433;314
433;315
433;316
433;317
433;318
433;319
433;320
433;321
433;322
433;323
433;324
433;325
433;326
433;327
433;328
433;329
433;330
433;331
433;332
433;333
433;334
433;335
433;336
433;337
433;338
433;483
433;484
433;485
433;486
433;487
433;488
433;489
433;490
433;491
433;492
433;493
433;494
433;495
433;496
433;497
433;498
433;499
433;500
433;501
433;502
433;503
433;504
433;505
433;506
433;507
433;508
433;509
433;510
433;511
433;512
433;513
433;514
433;515
433;516
434;92
434;93
434;94
434;95
434;96
434;97
434;98
434;99
434;100
434;101
434;102
434;103
434;104
434;105
434;106
434;107
434;108
434;109
434;110
434;111
434;112
434;113
434;114
434;115
434;116
434;117
434;118
434;119
434;120
434;121
434;122
434;123
434;124
434;125
434;126
434;127
434;128
434;129
434;130
434;131
434;132
434;133
434;134
434;135
434;136
434;137
434;138
434;139
434;140
434;141
434;142
434;143
434;144
434;145
434;146
434;147
434;148
434;149
434;150
434;151
434;152
434;153
434;154
434;155
434;156
434;157
434;158
434;159
434;160
434;161
434;162
434;163
434;164
434;165
434;166
434;167
434;168
434;169
434;170
434;171
434;172
434;173
434;174
434;175
434;176
434;177
434;178
434;179
434;180
434;181
434;182
434;183
434;184
434;185
434;186
434;187
434;188
434;189
434;190
434;191
434;192
434;193
434;194
434;195
434;196
434;197
434;198
434;199
434;200
434;201
434;202
434;203
434;204
434;205
434;206
434;207
434;208
434;209
434;210
434;211
434;212
434;213
434;214
434;215
434;216
434;217
434;218
434;219
434;220
434;221
434;222
434;223
434;224
434;225
434;226
434;227
434;228
434;229
434;230
434;231
434;232
434;233
434;234
434;235
434;236
434;237
434;238
434;239
434;240
434;241
434;242
434;243
434;244
434;245
434;256
434;257
434;258
434;259
434;260
434;261
434;262
434;263
434;264
434;265
434;266
434;267
434;268
434;269
434;270
434;271
434;272
434;273
434;274
434;275
434;276
434;277
434;278
434;279
434;280
434;281
434;282
434;283
434;284
434;285
434;286
434;287
434;288
434;289
434;290
434;291
434;292
434;293
434;294
434;295
434;296
434;297
434;298
434;299
434;300
434;301
434;302
434;303
434;304
434;305
434;306
434;307
434;308
434;309
434;310
434;311
434;312
434;313
434;314
434;315
434;316
434;317
434;318
434;319
434;320
434;321
434;322
434;323
434;324
434;325
434;326
434;327
434;328
434;329
434;330
434;331
434;332
434;333
434;334
434;335
434;336
434;337
434;338
434;484
434;485
434;486
434;487
434;488
434;489
434;490
434;491
434;492
434;493
434;494
434;495
434;496
434;497
434;498
434;499
434;500
434;501
434;502
434;503
434;504
434;505
434;506
434;507
434;508
434;509
434;510
434;511
434;512
434;513
434;514
434;515
434;516
435;92
435;93
435;94
435;95
435;96
435;97
435;98
435;99
435;100
435;101
435;102
435;103
435;104
435;105
435;106
435;107
435;108
435;109
435;110
435;111
435;112
435;113
435;114
435;115
435;116
435;117
435;118
435;119
435;120
435;121
435;122
435;123
435;124
435;125
435;126
435;127
435;128
435;129
435;130
435;131
435;132
435;133
435;134
435;135
435;136
435;137
435;138
435;139
435;140
435;141
435;142
435;143
435;144
435;145
435;146
435;147
435;148
435;149
435;150
435;151
435;152
435;153
435;154
435;155
435;156
435;157
435;158
435;159
435;160
435;161
435;162
435;163
435;164
435;165
435;166
435;167
435;168
435;169
435;170
435;171
435;172
435;173
435;174
435;175
435;176
435;177
435;178
435;179
435;180
435;181
435;182
435;183
435;184
435;185
435;186
435;187
435;188
435;189
435;190
435;191
435;192
435;193
435;194
435;195
435;196
435;197
435;198
435;199
435;200
435;201
435;202
435;203
435;204
435;205
435;206
435;207
435;208
435;209
435;210
435;211
435;212
435;213
435;214
435;215
435;216
435;217
435;218
435;219
435;220
435;221
435;222
435;223
435;224
435;225
435;226
435;227
435;228
435;229
435;230
435;231
435;232
435;233
435;234
435;235
435;236
435;237
435;238
435;239
435;240
435;241
435;242
435;243
435;244
435;256
435;257
435;258
435;259
435;260
435;261
435;262
435;263
435;264
435;265
435;266
435;267
435;268
435;269
435;270
435;271
435;272
435;273
435;274
435;275
435;276
435;277
435;278
435;279
435;280
435;281
435;282
435;283
435;284
435;285
435;286
435;287
435;288
435;289
435;290
435;291
435;292
435;293
435;294
435;295
435;296
435;297
435;298
435;299
435;300
435;301
435;302
435;303
435;304
435;305
435;306
435;307
435;308
435;309
435;310
435;311
435;312
435;313
435;314
435;315
435;316
435;317
435;318
435;319
435;320
435;321
435;322
435;323
435;324
435;325
435;326
435;327
435;328
435;329
435;330
435;331
435;332
435;333
435;334
435;335
435;336
435;337
435;485
435;486
435;487
435;488
435;489
435;490
435;491
435;492
435;493
435;494
435;495
435;496
435;497
435;498
435;499
435;500
435;501
435;502
435;503
435;504
435;505
435;506
435;507
435;508
435;509
435;510
435;511
435;512
435;513
435;514
435;515
436;92
436;93
436;94
436;95
436;96
436;97
436;98
436;99
436;100
436;101
436;102
436;103
436;104
436;105
436;106
436;107
436;108
436;109
436;110
436;111
436;112
436;113
436;114
436;115
436;116
436;117
436;118
436;119
436;120
436;121
436;122
436;123
436;124
436;125
436;126
436;127
436;128
436;129
436;130
436;131
436;132
436;133
436;134
436;135
436;136
436;137
436;138
436;139
436;140
436;141
436;142
436;143
436;144
436;145
436;146
436;147
436;148
436;149
436;150
436;151
436;152
436;153
436;154
436;155
436;156
436;157
436;158
436;159
436;160
436;161
436;162
436;163
436;164
436;165
436;166
436;167
436;168
436;169
436;170
436;171
436;172
436;173
436;174
436;175
436;176
436;177
436;178
436;179
436;180
436;181
436;182
436;183
436;184
436;185
436;186
436;187
436;188
436;189
436;190
436;191
436;192
436;193
436;194
436;195
436;196
436;197
436;198
436;199
436;200
436;201
436;202
436;203
436;204
436;205
436;206
436;207
436;208
436;209
436;210
436;211
436;212
436;213
436;214
436;215
436;216
436;217
436;218
436;219
436;220
436;221
436;222
436;223
436;224
436;225
436;226
436;227
436;228
436;229
436;230
436;231
436;232
436;233
436;234
436;235
436;236
436;237
436;238
436;239
436;240
436;241
436;242
436;243
436;256
436;257
436;258
436;259
436;260
436;261
436;262
436;263
436;264
436;265
436;266
436;267
436;268
436;269
436;270
436;271
436;272
436;273
436;274
436;275
436;276
436;277
436;278
436;279
436;280
436;281
436;282
436;283
436;284
436;285
436;286
436;287
436;288
436;289
436;290
436;291
436;292
436;293
436;294
436;295
436;296
436;297
436;298
436;299
436;300
436;301
436;302
436;303
436;304
436;305
436;306
436;307
436;308
436;309
436;310
436;311
436;312
436;313
436;314
436;315
436;316
436;317
436;318
436;319
436;320
436;321
436;322
436;323
436;324
436;325
436;326
436;327
436;328
436;329
436;330
436;331
436;332
436;333
436;334
436;335
436;336
436;337
436;486
436;487
436;488
436;489
436;490
436;491
436;492
436;493
436;494
436;495
436;496
436;497
436;498
436;499
436;500
436;501
436;502
436;503
436;504
436;505
436;506
436;507
436;508
436;509
436;510
436;511
436;512
436;513
436;514
436;515
437;92
437;93
437;94
437;95
437;96
437;97
437;98
437;99
437;100
437;101
437;102
437;103
437;104
437;105
437;106
437;107
437;108
437;109
437;110
437;111
437;112
437;113
437;114
437;115
437;116
437;117
437;118
437;119
437;120
437;121
437;122
437;123
437;124
437;125
437;126
437;127
437;128
437;129
437;130
437;131
437;132
437;133
437;134
437;135
437;136
437;137
437;138
437;139
437;140
437;141
437;142
437;143
437;144
437;145
437;146
437;147
437;148
437;149
437;150
437;151
437;152
437;153
437;154
437;155
437;156
437;157
437;158
437;159
437;160
437;161
437;162
437;163
437;164
437;165
437;166
437;167
437;168
437;169
437;170
437;171
437;172
437;173
437;174
437;175
437;176
437;177
437;178
437;179
437;180
437;181
437;182
437;183
437;184
437;185
437;186
437;187
437;188
437;189
437;190
437;191
437;192
437;193
437;194
437;195
437;196
437;197
437;198
437;199
437;200
437;201
437;202
437;203
437;204
437;205
437;206
437;207
437;208
437;209
437;210
437;211
437;212
437;213
437;214
437;215
437;216
437;217
437;218
437;219
437;220
437;221
437;222
437;223
437;224
437;225
437;226
437;227
437;228
437;229
437;230
437;231
437;232
437;233
437;234
437;235
437;236
437;237
437;238
437;239
437;240
437;241
437;242
437;256
437;257
437;258
437;259
437;260
437;261
437;262
437;263
437;264
437;265
437;266
437;267
437;268
437;269
437;270
437;271
437;272
437;273
437;274
437;275
437;276
437;277
437;278
437;279
437;280
437;281
437;282
437;283
437;284
437;285
437;286
437;287
437;288
437;289
437;290
437;291
437;292
437;293
437;294
437;295
437;296
437;297
437;298
437;299
437;300
437;301
437;302
437;303
437;304
437;305
437;306
437;307
437;308
437;309
437;310
437;311
437;312
437;313
437;314
437;315
437;316
437;317
437;318
437;319
437;320
437;321
437;322
437;323
437;324
437;325
437;326
437;327
437;328
437;329
437;330
437;331
437;332
437;333
437;334
437;335
437;336
437;337
437;487
437;488
437;489
437;490
437;491
437;492
437;493
437;494
437;495
437;496
437;497
437;498
437;499
437;500
437;501
437;502
437;503
437;504
437;505
437;506
437;507
437;508
437;509
437;510
437;511
437;512
437;513
437;514
438;93
438;94
438;95
438;96
438;97
438;98
438;99
438;100
438;101
438;102
438;103
438;104
438;105
438;106
438;107
438;108
438;109
438;110
438;111
438;112
438;113
438;114
438;115
438;116
438;117
438;118
438;119
438;120
438;121
438;122
438;123
438;124
438;125
438;126
438;127
438;128
438;129
438;130
438;131
438;132
438;133
438;134
438;135
438;136
438;137
438;138
438;139
438;140
438;141
438;142
438;143
438;144
438;145
438;146
438;147
438;148
438;149
438;150
438;151
438;152
438;153
438;154
438;155
438;156
438;157
438;158
438;159
438;160
438;161
438;162
438;163
438;164
438;165
438;166
438;167
438;168
438;169
438;170
438;171
438;172
438;173
438;174
438;175
438;176
438;177
438;178
438;179
438;180
438;181
438;182
438;183
438;184
438;185
438;186
438;187
438;188
438;189
438;190
438;191
438;192
438;193
438;194
438;195
438;196
438;197
438;198
438;199
438;200
438;201
438;202
438;203
438;204
438;205
438;206
438;207
438;208
438;209
438;210
438;211
438;212
438;213
438;214
438;215
438;216
438;217
438;218
438;219
438;220
438;221
438;222
438;223
438;224
438;225
438;226
438;227
438;228
438;229
438;230
438;231
438;232
438;233
438;234
438;235
438;236
438;237
438;238
438;239
438;240
438;241
438;255
438;256
438;257
438;258
438;259
438;260
438;261
438;262
438;263
438;264
438;265
438;266
438;267
438;268
438;269
438;270
438;271
438;272
438;273
438;274
438;275
438;276
438;277
438;278
438;279
438;280
438;281
438;282
438;283
438;284
438;285
438;286
438;287
438;288
438;289
438;290
438;291
438;292
438;293
438;294
438;295
438;296
438;297
438;298
438;299
438;300
438;301
438;302
438;303
438;304
438;305
438;306
438;307
438;308
438;309
438;310
438;311
438;312
438;313
438;314
438;315
438;316
438;317
438;318
438;319
438;320
438;321
438;322
438;323
438;324
438;325
438;326
438;327
438;328
438;329
438;330
438;331
438;332
438;333
438;334
438;335
438;336
438;337
438;488
438;489
438;490
438;491
438;492
438;493
438;494
438;495
438;496
438;497
438;498
438;499
438;500
438;501
438;502
438;503
438;504
438;505
438;506
438;507
438;508
438;509
438;510
438;511
438;512
438;513
438;514
439;93
439;94
439;95
439;96
439;97
439;98
439;99
439;100
439;101
439;102
439;103
439;104
439;105
439;106
439;107
439;108
439;109
439;110
439;111
439;112
439;113
439;114
439;115
439;116
439;117
439;118
439;119
439;120
439;121
439;122
439;123
439;124
439;125
439;126
439;127
439;128
439;129
439;130
439;131
439;132
439;133
439;134
439;135
439;136
439;137
439;138
439;139
439;140
439;141
439;142
439;143
439;144
439;145
439;146
439;147
439;148
439;149
439;150
439;151
439;152
439;153
439;154
439;155
439;156
439;157
439;158
439;159
439;160
439;161
439;162
439;163
439;164
439;165
439;166
439;167
439;168
439;169
439;170
439;171
439;172
439;173
439;174
439;175
439;176
439;177
439;178
439;179
439;180
439;181
439;182
439;183
439;184
439;185
439;186
439;187
439;188
439;189
439;190
439;191
439;192
439;193
439;194
439;195
439;196
439;197
439;198
439;199
439;200
439;201
439;202
439;203
439;204
439;205
439;206
439;207
439;208
439;209
439;210
439;211
439;212
439;213
439;214
439;215
439;216
439;217
439;218
439;219
439;220
439;221
439;222
439;223
439;224
439;225
439;226
439;227
439;228
439;229
439;230
439;231
439;232
439;233
439;234
439;235
439;236
439;237
439;238
439;239
439;240
439;255
439;256
439;257
439;258
439;259
439;260
439;261
439;262
439;263
439;264
439;265
439;266
439;267
439;268
439;269
439;270
439;271
439;272
439;273
439;274
439;275
439;276
439;277
439;278
439;279
439;280
439;281
439;282
439;283
439;284
439;285
439;286
439;287
439;288
439;289
439;290
439;291
439;292
439;293
439;294
439;295
439;296
439;297
439;298
439;299
439;300
439;301
439;302
439;303
439;304
439;305
439;306
439;307
439;308
439;309
439;310
439;311
439;312
439;313
439;314
439;315
439;316
439;317
439;318
439;319
439;320
439;321
439;322
439;323
439;324
439;325
439;326
439;327
439;328
439;329
439;330
439;331
439;332
439;333
439;334
439;335
439;336
439;489
439;490
439;491
439;492
439;493
439;494
439;495
439;496
439;497
439;498
439;499
439;500
439;501
439;502
439;503
439;504
439;505
439;506
439;507
439;508
439;509
439;510
439;511
439;512
439;513
439;514
440;93
440;94
440;95
440;96
440;97
440;98
440;99
440;100
440;101
440;102
440;103
440;104
440;105
440;106
440;107
440;108
440;109
440;110
440;111
440;112
440;113
440;114
440;115
440;116
440;117
440;118
440;119
440;120
440;121
440;122
440;123
440;124
440;125
440;126
440;127
440;128
440;129
440;130
440;131
440;132
440;133
440;134
440;135
440;136
440;137
440;138
440;139
440;140
440;141
440;142
440;143
440;144
440;145
440;146
440;147
440;148
440;149
440;150
440;151
440;152
440;153
440;154
440;155
440;156
440;157
440;158
440;159
440;160
440;161
440;162
440;163
440;164
440;165
440;166
440;167
440;168
440;169
440;170
440;171
440;172
440;173
440;174
440;175
440;176
440;177
440;178
440;179
440;180
440;181
440;182
440;183
440;184
440;185
440;186
440;187
440;188
440;189
440;190
440;191
440;192
440;193
440;194
440;195
440;196
440;197
440;198
440;199
440;200
440;201
440;202
440;203
440;204
440;205
440;206
440;207
440;208
440;209
440;210
440;211
440;212
440;213
440;214
440;215
440;216
440;217
440;218
440;219
440;220
440;221
440;222
440;223
440;224
440;225
440;226
440;227
440;228
440;229
440;230
440;231
440;232
440;233
440;234
440;235
440;236
440;237
440;238
440;239
440;255
440;256
440;257
440;258
440;259
440;260
440;261
440;262
440;263
440;264
440;265
440;266
440;267
440;268
440;269
440;270
440;271
440;272
440;273
440;274
440;275
440;276
440;277
440;278
440;279
440;280
440;281
440;282
440;283
440;284
440;285
440;286
440;287
440;288
440;289
440;290
440;291
440;292
440;293
440;294
440;295
440;296
440;297
440;298
440;299
440;300
440;301
440;302
440;303
440;304
440;305
440;306
440;307
440;308
440;309
440;310
440;311
440;312
440;313
440;314
440;315
440;316
440;317
440;318
440;319
440;320
440;321
440;322
440;323
440;324
440;325
440;326
440;327
440;328
440;329
440;330
440;331
440;332
440;333
440;334
440;335
440;336
440;490
440;491
440;492
440;493
440;494
440;495
440;496
440;497
440;498
440;499
440;500
440;501
440;502
440;503
440;504
440;505
440;506
440;507
440;508
440;509
440;510
440;511
440;512
440;513
441;93
441;94
441;95
441;96
441;97
441;98
441;99
441;100
441;101
441;102
441;103
441;104
441;105
441;106
441;107
441;108
441;109
441;110
441;111
441;112
441;113
441;114
441;115
441;116
441;117
441;118
441;119
441;120
441;121
441;122
441;123
441;124
441;125
441;126
441;127
441;128
441;129
441;130
441;131
441;132
441;133
441;134
441;135
441;136
441;137
441;138
441;139
441;140
441;141
441;142
441;143
441;144
441;145
441;146
441;147
441;148
441;149
441;150
441;151
441;152
441;153
441;154
441;155
441;156
441;157
441;158
441;159
441;160
441;161
441;162
441;163
441;164
441;165
441;166
441;167
441;168
441;169
441;170
441;171
441;172
441;173
441;174
441;175
441;176
441;177
441;178
441;179
441;180
441;181
441;182
441;183
441;184
441;185
441;186
441;187
441;188
441;189
441;190
441;191
441;192
441;193
441;194
441;195
441;196
441;197
441;198
441;199
441;200
441;201
441;202
441;203
441;204
441;205
441;206
441;207
441;208
441;209
441;210
441;211
441;212
441;213
441;214
441;215
441;216
441;217
441;218
441;219
441;220
441;221
441;222
441;223
441;224
441;225
441;226
441;227
441;228
441;229
441;230
441;231
441;232
441;233
441;234
441;235
441;236
441;237
441;238
441;255
441;256
441;257
441;258
441;259
441;260
441;261
441;262
441;263
441;264
441;265
441;266
441;267
441;268
441;269
441;270
441;271
441;272
441;273
441;274
441;275
441;276
441;277
441;278
441;279
441;280
441;281
441;282
441;283
441;284
441;285
441;286
441;287
441;288
441;289
441;290
441;291
441;292
441;293
441;294
441;295
441;296
441;297
441;298
441;299
441;300
441;301
441;302
441;303
441;304
441;305
441;306
441;307
441;308
441;309
441;310
441;311
441;312
441;313
441;314
441;315
441;316
441;317
441;318
441;319
441;320
441;321
441;322
441;323
441;324
441;325
441;326
441;327
441;328
441;329
441;330
441;331
441;332
441;333
441;334
441;335
441;336
441;491
441;492
441;493
441;494
441;495
441;496
441;497
441;498
441;499
441;500
441;501
441;502
441;503
441;504
441;505
441;506
441;507
441;508
441;509
441;510
441;511
441;512
441;513
442;93
442;94
442;95
442;96
442;97
442;98
442;99
442;100
442;101
442;102
442;103
442;104
442;105
442;106
442;107
442;108
442;109
442;110
442;111
442;112
442;113
442;114
442;115
442;116
442;117
442;118
442;119
442;120
442;121
442;122
442;123
442;124
442;125
442;126
442;127
442;128
442;129
442;130
442;131
442;132
442;133
442;134
442;135
442;136
442;137
442;138
442;139
442;140
442;141
442;142
442;143
442;144
442;145
442;146
442;147
442;148
442;149
442;150
442;151
442;152
442;153
442;154
442;155
442;156
442;157
442;158
442;159
442;160
442;161
442;162
442;163
442;164
442;165
442;166
442;167
442;168
442;169
442;170
442;171
442;172
442;173
442;174
442;175
442;176
442;177
442;178
442;179
442;180
442;181
442;182
442;183
442;184
442;185
442;186
442;187
442;188
442;189
442;190
442;191
442;192
442;193
442;194
442;195
442;196
442;197
442;198
442;199
442;200
442;201
442;202
442;203
442;204
442;205
442;206
442;207
442;208
442;209
442;210
442;211
442;212
442;213
442;214
442;215
442;216
442;217
442;218
442;219
442;220
442;221
442;222
442;223
442;224
442;225
442;226
442;227
442;228
442;229
442;230
442;231
442;232
442;233
442;234
442;235
442;236
442;237
442;255
442;256
442;257
442;258
442;259
442;260
442;261
442;262
442;263
442;264
442;265
442;266
442;267
442;268
442;269
442;270
442;271
442;272
442;273
442;274
442;275
442;276
442;277
442;278
442;279
442;280
442;281
442;282
442;283
442;284
442;285
442;286
442;287
442;288
442;289
442;290
442;291
442;292
442;293
442;294
442;295
442;296
442;297
442;298
442;299
442;300
442;301
442;302
442;303
442;304
442;305
442;306
442;307
442;308
442;309
442;310
442;311
442;312
442;313
442;314
442;315
442;316
442;317
442;318
442;319
442;320
442;321
442;322
442;323
442;324
442;325
442;326
442;327
442;328
442;329
442;330
442;331
442;332
442;333
442;334
442;335
442;336
442;492
442;493
442;494
442;495
442;496
442;497
442;498
442;499
442;500
442;501
442;502
442;503
442;504
442;505
442;506
442;507
442;508
442;509
442;510
442;511
442;512
443;94
443;95
443;96
443;97
443;98
443;99
443;100
443;101
443;102
443;103
443;104
443;105
443;106
443;107
443;108
443;109
443;110
443;111
443;112
443;113
443;114
443;115
443;116
443;117
443;118
443;119
443;120
443;121
443;122
443;123
443;124
443;125
443;126
443;127
443;128
443;129
443;130
443;131
443;132
443;133
443;134
443;135
443;136
443;137
443;138
443;139
443;140
443;141
443;142
443;143
443;144
443;145
443;146
443;147
443;148
443;149
443;150
443;151
443;152
443;153
443;154
443;155
443;156
443;157
443;158
443;159
443;160
443;161
443;162
443;163
443;164
443;165
443;166
443;167
443;168
443;169
443;170
443;171
443;172
443;173
443;174
443;175
443;176
443;177
443;178
443;179
443;180
443;181
443;182
443;183
443;184
443;185
443;186
443;187
443;188
443;189
443;190
443;191
443;192
443;193
443;194
443;195
443;196
443;197
443;198
443;199
443;200
443;201
443;202
443;203
443;204
443;205
443;206
443;207
443;208
443;209
443;210
443;211
443;212
443;213
443;214
443;215
443;216
443;217
443;218
443;219
443;220
443;221
443;222
443;223
443;224
443;225
443;226
443;227
443;228
443;229
443;230
443;231
443;232
443;233
443;234
443;235
443;236
443;254
443;255
443;256
443;257
443;258
443;259
443;260
443;261
443;262
443;263
443;264
443;265
443;266
443;267
443;268
443;269
443;270
443;271
443;272
443;273
443;274
443;275
443;276
443;277
443;278
443;279
443;280
443;281
443;282
443;283
443;284
443;285
443;286
443;287
443;288
443;289
443;290
443;291
443;292
443;293
443;294
443;295
443;296
443;297
443;298
443;299
443;300
443;301
443;302
443;303
443;304
443;305
443;306
443;307
443;308
443;309
443;310
443;311
443;312
443;313
443;314
443;315
443;316
443;317
443;318
443;319
443;320
443;321
443;322
443;323
443;324
443;325
443;326
443;327
443;328
443;329
443;330
443;331
443;332
443;333
443;334
443;335
443;336
443;492
443;493
443;494
443;495
443;496
443;497
443;498
443;499
443;500
443;501
443;502
443;503
443;504
443;505
443;506
443;507
443;508
443;509
443;510
443;511
443;512
444;94
444;95
444;96
444;97
444;98
444;99
444;100
444;101
444;102
444;103
444;104
444;105
444;106
444;107
444;108
444;109
444;110
444;111
444;112
444;113
444;114
444;115
444;116
444;117
444;118
444;119
444;120
444;121
444;122
444;123
444;124
444;125
444;126
444;127
444;128
444;129
444;130
444;131
444;132
444;133
444;134
444;135
444;136
444;137
444;138
444;139
444;140
444;141
444;142
444;143
444;144
444;145
444;146
444;147
444;148
444;149
444;150
444;151
444;152
444;153
444;154
444;155
444;156
444;157
444;158
444;159
444;160
444;161
444;162
444;163
444;164
444;165
444;166
444;167
444;168
444;169
444;170
444;171
444;172
444;173
444;174
444;175
444;176
444;177
444;178
444;179
444;180
444;181
444;182
444;183
444;184
444;185
444;186
444;187
444;188
444;189
444;190
444;191
444;192
444;193
444;194
444;195
444;196
444;197
444;198
444;199
444;200
444;201
444;202
444;203
444;204
444;205
444;206
444;207
444;208
444;209
444;210
444;211
444;212
444;213
444;214
444;215
444;216
444;217
444;218
444;219
444;220
444;221
444;222
444;223
444;224
444;225
444;226
444;227
444;228
444;229
444;230
444;231
444;232
444;233
444;234
444;235
444;236
444;254
444;255
444;256
444;257
444;258
444;259
444;260
444;261
444;262
444;263
444;264
444;265
444;266
444;267
444;268
444;269
444;270
444;271
444;272
444;273
444;274
444;275
444;276
444;277
444;278
444;279
444;280
444;281
444;282
444;283
444;284
444;285
444;286
444;287
444;288
444;289
444;290
444;291
444;292
444;293
444;294
444;295
444;296
444;297
444;298
444;299
444;300
444;301
444;302
444;303
444;304
444;305
444;306
444;307
444;308
444;309
444;310
444;311
444;312
444;313
444;314
444;315
444;316
444;317
444;318
444;319
444;320
444;321
444;322
444;323
444;324
444;325
444;326
444;327
444;328
444;329
444;330
444;331
444;332
444;333
444;334
444;335
444;494
444;495
444;496
444;497
444;498
444;499
444;500
444;501
444;502
444;503
444;504
444;505
444;506
444;507
444;508
444;509
444;510
444;511
444;512
445;94
445;95
445;96
445;97
445;98
445;99
445;100
445;101
445;102
445;103
445;104
445;105
445;106
445;107
445;108
445;109
445;110
445;111
445;112
445;113
445;114
445;115
445;116
445;117
445;118
445;119
445;120
445;121
445;122
445;123
445;124
445;125
445;126
445;127
445;128
445;129
445;130
445;131
445;132
445;133
445;134
445;135
445;136
445;137
445;138
445;139
445;140
445;141
445;142
445;143
445;144
445;145
445;146
445;147
445;148
445;149
445;150
445;151
445;152
445;153
445;154
445;155
445;156
445;157
445;158
445;159
445;160
445;161
445;162
445;163
445;164
445;165
445;166
445;167
445;168
445;169
445;170
445;171
445;172
445;173
445;174
445;175
445;176
445;177
445;178
445;179
445;180
445;181
445;182
445;183
445;184
445;185
445;186
445;187
445;188
445;189
445;190
445;191
445;192
445;193
445;194
445;195
445;196
445;197
445;198
445;199
445;200
445;201
445;202
445;203
445;204
445;205
445;206
445;207
445;208
445;209
445;210
445;211
445;212
445;213
445;214
445;215
445;216
445;217
445;218
445;219
445;220
445;221
445;222
445;223
445;224
445;225
445;226
445;227
445;228
445;229
445;230
445;231
445;232
445;233
445;234
445;235
445;236
445;254
445;255
445;256
445;257
445;258
445;259
445;260
445;261
445;262
445;263
445;264
445;265
445;266
445;267
445;268
445;269
445;270
445;271
445;272
445;273
445;274
445;275
445;276
445;277
445;278
445;279
445;280
445;281
445;282
445;283
445;284
445;285
445;286
445;287
445;288
445;289
445;290
445;291
445;292
445;293
445;294
445;295
445;296
445;297
445;298
445;299
445;300
445;301
445;302
445;303
445;304
445;305
445;306
445;307
445;308
445;309
445;310
445;311
445;312
445;313
445;314
445;315
445;316
445;317
445;318
445;319
445;320
445;321
445;322
445;323
445;324
445;325
445;326
445;327
445;328
445;329
445;330
445;331
445;332
445;333
445;334
445;335
445;494
445;495
445;496
445;497
445;498
445;499
445;500
445;501
445;502
445;503
445;504
445;505
445;506
445;507
445;508
445;509
445;510
445;511
446;94
446;95
446;96
446;97
446;98
446;99
446;100
446;101
446;102
446;103
446;104
446;105
446;106
446;107
446;108
446;109
446;110
446;111
446;112
446;113
446;114
446;115
446;116
446;117
446;118
446;119
446;120
446;121
446;122
446;123
446;124
446;125
446;126
446;127
446;128
446;129
446;130
446;131
446;132
446;133
446;134
446;135
446;136
446;137
446;138
446;139
446;140
446;141
446;142
446;143
446;144
446;145
446;146
446;147
446;148
446;149
446;150
446;151
446;152
446;153
446;154
446;155
446;156
446;157
446;158
446;159
446;160
446;161
446;162
446;163
446;164
446;165
446;166
446;167
446;168
446;169
446;170
446;171
446;172
446;173
446;174
446;175
446;176
446;177
446;178
446;179
446;180
446;181
446;182
446;183
446;184
446;185
446;186
446;187
446;188
446;189
446;190
446;191
446;192
446;193
446;194
446;195
446;196
446;197
446;198
446;199
446;200
446;201
446;202
446;203
446;204
446;205
446;206
446;207
446;208
446;209
446;210
446;211
446;212
446;213
446;214
446;215
446;216
446;217
446;218
446;219
446;220
446;221
446;222
446;223
446;224
446;225
446;226
446;227
446;228
446;229
446;230
446;231
446;232
446;233
446;234
446;235
446;236
446;254
446;255
446;256
446;257
446;258
446;259
446;260
446;261
446;262
446;263
446;264
446;265
446;266
446;267
446;268
446;269
446;270
446;271
446;272
446;273
446;274
446;275
446;276
446;277
446;278
446;279
446;280
446;281
446;282
446;283
446;284
446;285
446;286
446;287
446;288
446;289
446;290
446;291
446;292
446;293
446;294
446;295
446;296
446;297
446;298
446;299
446;300
446;301
446;302
446;303
446;304
446;305
446;306
446;307
446;308
446;309
446;310
446;311
446;312
446;313
446;314
446;315
446;316
446;317
446;318
446;319
446;320
446;321
446;322
446;323
446;324
446;325
446;326
446;327
446;328
446;329
446;330
446;331
446;332
446;333
446;334
446;335
446;496
446;497
446;498
446;499
446;500
446;501
446;502
446;503
446;504
446;505
446;506
446;507
446;508
446;509
446;510
446;511
447;94
447;95
447;96
447;97
447;98
447;99
447;100
447;101
447;102
447;103
447;104
447;105
447;106
447;107
447;108
447;109
447;110
447;111
447;112
447;113
447;114
447;115
447;116
447;117
447;118
447;119
447;120
447;121
447;122
447;123
447;124
447;125
447;126
447;127
447;128
447;129
447;130
447;131
447;132
447;133
447;134
447;135
447;136
447;137
447;138
447;139
447;140
447;141
447;142
447;143
447;144
447;145
447;146
447;147
447;148
447;149
447;150
447;151
447;152
447;153
447;154
447;155
447;156
447;157
447;158
447;159
447;160
447;161
447;162
447;163
447;164
447;165
447;166
447;167
447;168
447;169
447;170
447;171
447;172
447;173
447;174
447;175
447;176
447;177
447;178
447;179
447;180
447;181
447;182
447;183
447;184
447;185
447;186
447;187
447;188
447;189
447;190
447;191
447;192
447;193
447;194
447;195
447;196
447;197
447;198
447;199
447;200
447;201
447;202
447;203
447;204
447;205
447;206
447;207
447;208
447;209
447;210
447;211
447;212
447;213
447;214
447;215
447;216
447;217
447;218
447;219
447;220
447;221
447;222
447;223
447;224
447;225
447;226
447;227
447;228
447;229
447;230
447;231
447;232
447;233
447;234
447;235
447;236
447;253
447;254
447;255
447;256
447;257
447;258
447;259
447;260
447;261
447;262
447;263
447;264
447;265
447;266
447;267
447;268
447;269
447;270
447;271
447;272
447;273
447;274
447;275
447;276
447;277
447;278
447;279
447;280
447;281
447;282
447;283
447;284
447;285
447;286
447;287
447;288
447;289
447;290
447;291
447;292
447;293
447;294
447;295
447;296
447;297
447;298
447;299
447;300
447;301
447;302
447;303
447;304
447;305
447;306
447;307
447;308
447;309
447;310
447;311
447;312
447;313
447;314
447;315
447;316
447;317
447;318
447;319
447;320
447;321
447;322
447;323
447;324
447;325
447;326
447;327
447;328
447;329
447;330
447;331
447;332
447;333
447;334
447;335
447;496
447;497
447;498
447;499
447;500
447;501
447;502
447;503
447;504
447;505
447;506
447;507
447;508
447;509
447;510
448;95
448;96
448;97
448;98
448;99
448;100
448;101
448;102
448;103
448;104
448;105
448;106
448;107
448;108
448;109
448;110
448;111
448;112
448;113
448;114
448;115
448;116
448;117
448;118
448;119
448;120
448;121
448;122
448;123
448;124
448;125
448;126
448;127
448;128
448;129
448;130
448;131
448;132
448;133
448;134
448;135
448;136
448;137
448;138
448;139
448;140
448;141
448;142
448;143
448;144
448;145
448;146
448;147
448;148
448;149
448;150
448;151
448;152
448;153
448;154
448;155
448;156
448;157
448;158
448;159
448;160
448;161
448;162
448;163
448;164
448;165
448;166
448;167
448;168
448;169
448;170
448;171
448;172
448;173
448;174
448;175
448;176
448;177
448;178
448;179
448;180
448;181
448;182
448;183
448;184
448;185
448;186
448;187
448;188
448;189
448;190
448;191
448;192
448;193
448;194
448;195
448;196
448;197
448;198
448;199
448;200
448;201
448;202
448;203
448;204
448;205
448;206
448;207
448;208
448;209
448;210
448;211
448;212
448;213
448;214
448;215
448;216
448;217
448;218
448;219
448;220
448;221
448;222
448;223
448;224
448;225
448;226
448;227
448;228
448;229
448;230
448;231
448;232
448;233
448;234
448;235
448;253
448;254
448;255
448;256
448;257
448;258
448;259
448;260
448;261
448;262
448;263
448;264
448;265
448;266
448;267
448;268
448;269
448;270
448;271
448;272
448;273
448;274
448;275
448;276
448;277
448;278
448;279
448;280
448;281
448;282
448;283
448;284
448;285
448;286
448;287
448;288
448;289
448;290
448;291
448;292
448;293
448;294
448;295
448;296
448;297
448;298
448;299
448;300
448;301
448;302
448;303
448;304
448;305
448;306
448;307
448;308
448;309
448;310
448;311
448;312
448;313
448;314
448;315
448;316
448;317
448;318
448;319
448;320
448;321
448;322
448;323
448;324
448;325
448;326
448;327
448;328
448;329
448;330
448;331
448;332
448;333
448;334
448;498
448;499
448;500
448;501
448;502
448;503
448;504
448;505
448;506
448;507
448;508
448;509
448;510
449;95
449;96
449;97
449;98
449;99
449;100
449;101
449;102
449;103
449;104
449;105
449;106
449;107
449;108
449;109
449;110
449;111
449;112
449;113
449;114
449;115
449;116
449;117
449;118
449;119
449;120
449;121
449;122
449;123
449;124
449;125
449;126
449;127
449;128
449;129
449;130
449;131
449;132
449;133
449;134
449;135
449;136
449;137
449;138
449;139
449;140
449;141
449;142
449;143
449;144
449;145
449;146
449;147
449;148
449;149
449;150
449;151
449;152
449;153
449;154
449;155
449;156
449;157
449;158
449;159
449;160
449;161
449;162
449;163
449;164
449;165
449;166
449;167
449;168
449;169
449;170
449;171
449;172
449;173
449;174
449;175
449;176
449;177
449;178
449;179
449;180
449;181
449;182
449;183
449;184
449;185
449;186
449;187
449;188
449;189
449;190
449;191
449;192
449;193
449;194
449;195
449;196
449;197
449;198
449;199
449;200
449;201
449;202
449;203
449;204
449;205
449;206
449;207
449;208
449;209
449;210
449;211
449;212
449;213
449;214
449;215
449;216
449;217
449;218
449;219
449;220
449;221
449;222
449;223
449;224
449;225
449;226
449;227
449;228
449;229
449;230
449;231
449;232
449;233
449;234
449;235
449;253
449;254
449;255
449;256
449;257
449;258
449;259
449;260
449;261
449;262
449;263
449;264
449;265
449;266
449;267
449;268
449;269
449;270
449;271
449;272
449;273
449;274
449;275
449;276
449;277
449;278
449;279
449;280
449;281
449;282
449;283
449;284
449;285
449;286
449;287
449;288
449;289
449;290
449;291
449;292
449;293
449;294
449;295
449;296
449;297
449;298
449;299
449;300
449;301
449;302
449;303
449;304
449;305
449;306
449;307
449;308
449;309
449;310
449;311
449;312
449;313
449;314
449;315
449;316
449;317
449;318
449;319
449;320
449;321
449;322
449;323
449;324
449;325
449;326
449;327
449;328
449;329
449;330
449;331
449;332
449;333
449;334
449;498
449;499
449;500
449;501
449;502
449;503
449;504
449;505
449;506
449;507
449;508
449;509
449;510
450;95
450;96
450;97
450;98
450;99
450;100
450;101
450;102
450;103
450;104
450;105
450;106
450;107
450;108
450;109
450;110
450;111
450;112
450;113
450;114
450;115
450;116
450;117
450;118
450;119
450;120
450;121
450;122
450;123
450;124
450;125
450;126
450;127
450;128
450;129
450;130
450;131
450;132
450;133
450;134
450;135
450;136
450;137
450;138
450;139
450;140
450;141
450;142
450;143
450;144
450;145
450;146
450;147
450;148
450;149
450;150
450;151
450;152
450;153
450;154
450;155
450;156
450;157
450;158
450;159
450;160
450;161
450;162
450;163
450;164
450;165
450;166
450;167
450;168
450;169
450;170
450;171
450;172
450;173
450;174
450;175
450;176
450;177
450;178
450;179
450;180
450;181
450;182
450;183
450;184
450;185
450;186
450;187
450;188
450;189
450;190
450;191
450;192
450;193
450;194
450;195
450;196
450;197
450;198
450;199
450;200
450;201
450;202
450;203
450;204
450;205
450;206
450;207
450;208
450;209
450;210
450;211
450;212
450;213
450;214
450;215
450;216
450;217
450;218
450;219
450;220
450;221
450;222
450;223
450;224
450;225
450;226
450;227
450;228
450;229
450;230
450;231
450;232
450;233
450;234
450;235
450;253
450;254
450;255
450;256
450;257
450;258
450;259
450;260
450;261
450;262
450;263
450;264
450;265
450;266
450;267
450;268
450;269
450;270
450;271
450;272
450;273
450;274
450;275
450;276
450;277
450;278
450;279
450;280
450;281
450;282
450;283
450;284
450;285
450;286
450;287
450;288
450;289
450;290
450;291
450;292
450;293
450;294
450;295
450;296
450;297
450;298
450;299
450;300
450;301
450;302
450;303
450;304
450;305
450;306
450;307
450;308
450;309
450;310
450;311
450;312
450;313
450;314
450;315
450;316
450;317
450;318
450;319
450;320
450;321
450;322
450;323
450;324
450;325
450;326
450;327
450;328
450;329
450;330
450;331
450;332
450;333
450;334
450;500
450;501
450;502
450;503
450;504
450;505
450;506
450;507
450;508
450;509
451;95
451;96
451;97
451;98
451;99
451;100
451;101
451;102
451;103
451;104
451;105
451;106
451;107
451;108
451;109
451;110
451;111
451;112
451;113
451;114
451;115
451;116
451;117
451;118
451;119
451;120
451;121
451;122
451;123
451;124
451;125
451;126
451;127
451;128
451;129
451;130
451;131
451;132
451;133
451;134
451;135
451;136
451;137
451;138
451;139
451;140
451;141
451;142
451;143
451;144
451;145
451;146
451;147
451;148
451;149
451;150
451;151
451;152
451;153
451;154
451;155
451;156
451;157
451;158
451;159
451;160
451;161
451;162
451;163
451;164
451;165
451;166
451;167
451;168
451;169
451;170
451;171
451;172
451;173
451;174
451;175
451;176
451;177
451;178
451;179
451;180
451;181
451;182
451;183
451;184
451;185
451;186
451;187
451;188
451;189
451;190
451;191
451;192
451;193
451;194
451;195
451;196
451;197
451;198
451;199
451;200
451;201
451;202
451;203
451;204
451;205
451;206
451;207
451;208
451;209
451;210
451;211
451;212
451;213
451;214
451;215
451;216
451;217
451;218
451;219
451;220
451;221
451;222
451;223
451;224
451;225
451;226
451;227
451;228
451;229
451;230
451;231
451;232
451;233
451;234
451;235
451;253
451;254
451;255
451;256
451;257
451;258
451;259
451;260
451;261
451;262
451;263
451;264
451;265
451;266
451;267
451;268
451;269
451;270
451;271
451;272
451;273
451;274
451;275
451;276
451;277
451;278
451;279
451;280
451;281
451;282
451;283
451;284
451;285
451;286
451;287
451;288
451;289
451;290
451;291
451;292
451;293
451;294
451;295
451;296
451;297
451;298
451;299
451;300
451;301
451;302
451;303
451;304
451;305
451;306
451;307
451;308
451;309
451;310
451;311
451;312
451;313
451;314
451;315
451;316
451;317
451;318
451;319
451;320
451;321
451;322
451;323
451;324
451;325
451;326
451;327
451;328
451;329
451;330
451;331
451;332
451;333
451;334
451;500
451;501
451;502
451;503
451;504
451;505
451;506
451;507
451;508
452;95
452;96
452;97
452;98
452;99
452;100
452;101
452;102
452;103
452;104
452;105
452;106
452;107
452;108
452;109
452;110
452;111
452;112
452;113
452;114
452;115
452;116
452;117
452;118
452;119
452;120
452;121
452;122
452;123
452;124
452;125
452;126
452;127
452;128
452;129
452;130
452;131
452;132
452;133
452;134
452;135
452;136
452;137
452;138
452;139
452;140
452;141
452;142
452;143
452;144
452;145
452;146
452;147
452;148
452;149
452;150
452;151
452;152
452;153
452;154
452;155
452;156
452;157
452;158
452;159
452;160
452;161
452;162
452;163
452;164
452;165
452;166
452;167
452;168
452;169
452;170
452;171
452;172
452;173
452;174
452;175
452;176
452;177
452;178
452;179
452;180
452;181
452;182
452;183
452;184
452;185
452;186
452;187
452;188
452;189
452;190
452;191
452;192
452;193
452;194
452;195
452;196
452;197
452;198
452;199
452;200
452;201
452;202
452;203
452;204
452;205
452;206
452;207
452;208
452;209
452;210
452;211
452;212
452;213
452;214
452;215
452;216
452;217
452;218
452;219
452;220
452;221
452;222
452;223
452;224
452;225
452;226
452;227
452;228
452;229
452;230
452;231
452;232
452;233
452;234
452;252
452;253
452;254
452;255
452;256
452;257
452;258
452;259
452;260
452;261
452;262
452;263
452;264
452;265
452;266
452;267
452;268
452;269
452;270
452;271
452;272
452;273
452;274
452;275
452;276
452;277
452;278
452;279
452;280
452;281
452;282
452;283
452;284
452;285
452;286
452;287
452;288
452;289
452;290
452;291
452;292
452;293
452;294
452;295
452;296
452;297
452;298
452;299
452;300
452;301
452;302
452;303
452;304
452;305
452;306
452;307
452;308
452;309
452;310
452;311
452;312
452;313
452;314
452;315
452;316
452;317
452;318
452;319
452;320
452;321
452;322
452;323
452;324
452;325
452;326
452;327
452;328
452;329
452;330
452;331
452;332
452;333
452;334
452;502
452;503
452;504
452;505
452;506
452;507
452;508
453;96
453;97
453;98
453;99
453;100
453;101
453;102
453;103
453;104
453;105
453;106
453;107
453;108
453;109
453;110
453;111
453;112
453;113
453;114
453;115
453;116
453;117
453;118
453;119
453;120
453;121
453;122
453;123
453;124
453;125
453;126
453;127
453;128
453;129
453;130
453;131
453;132
453;133
453;134
453;135
453;136
453;137
453;138
453;139
453;140
453;141
453;142
453;143
453;144
453;145
453;146
453;147
453;148
453;149
453;150
453;151
453;152
453;153
453;154
453;155
453;156
453;157
453;158
453;159
453;160
453;161
453;162
453;163
453;164
453;165
453;166
453;167
453;168
453;169
453;170
453;171
453;172
453;173
453;174
453;175
453;176
453;177
453;178
453;179
453;180
453;181
453;182
453;183
453;184
453;185
453;186
453;187
453;188
453;189
453;190
453;191
453;192
453;193
453;194
453;195
453;196
453;197
453;198
453;199
453;200
453;201
453;202
453;203
453;204
453;205
453;206
453;207
453;208
453;209
453;210
453;211
453;212
453;213
453;214
453;215
453;216
453;217
453;218
453;219
453;220
453;221
453;222
453;223
453;224
453;225
453;226
453;227
453;228
453;229
453;230
453;231
453;232
453;233
453;234
453;252
453;253
453;254
453;255
453;256
453;257
453;258
453;259
453;260
453;261
453;262
453;263
453;264
453;265
453;266
453;267
453;268
453;269
453;270
453;271
453;272
453;273
453;274
453;275
453;276
453;277
453;278
453;279
453;280
453;281
453;282
453;283
453;284
453;285
453;286
453;287
453;288
453;289
453;290
453;291
453;292
453;293
453;294
453;295
453;296
453;297
453;298
453;299
453;300
453;301
453;302
453;303
453;304
453;305
453;306
453;307
453;308
453;309
453;310
453;311
453;312
453;313
453;314
453;315
453;316
453;317
453;318
453;319
453;320
453;321
453;322
453;323
453;324
453;325
453;326
453;327
453;328
453;329
453;330
453;331
453;332
453;333
453;502
453;503
453;504
453;505
453;506
453;507
453;508
454;96
454;97
454;98
454;99
454;100
454;101
454;102
454;103
454;104
454;105
454;106
454;107
454;108
454;109
454;110
454;111
454;112
454;113
454;114
454;115
454;116
454;117
454;118
454;119
454;120
454;121
454;122
454;123
454;124
454;125
454;126
454;127
454;128
454;129
454;130
454;131
454;132
454;133
454;134
454;135
454;136
454;137
454;138
454;139
454;140
454;141
454;142
454;143
454;144
454;145
454;146
454;147
454;148
454;149
454;150
454;151
454;152
454;153
454;154
454;155
454;156
454;157
454;158
454;159
454;160
454;161
454;162
454;163
454;164
454;165
454;166
454;167
454;168
454;169
454;170
454;171
454;172
454;173
454;174
454;175
454;176
454;177
454;178
454;179
454;180
454;181
454;182
454;183
454;184
454;185
454;186
454;187
454;188
454;189
454;190
454;191
454;192
454;193
454;194
454;195
454;196
454;197
454;198
454;199
454;200
454;201
454;202
454;203
454;204
454;205
454;206
454;207
454;208
454;209
454;210
454;211
454;212
454;213
454;214
454;215
454;216
454;217
454;218
454;219
454;220
454;221
454;222
454;223
454;224
454;225
454;226
454;227
454;228
454;229
454;230
454;231
454;232
454;233
454;234
454;252
454;253
454;254
454;255
454;256
454;257
454;258
454;259
454;260
454;261
454;262
454;263
454;264
454;265
454;266
454;267
454;268
454;269
454;270
454;271
454;272
454;273
454;274
454;275
454;276
454;277
454;278
454;279
454;280
454;281
454;282
454;283
454;284
454;285
454;286
454;287
454;288
454;289
454;290
454;291
454;292
454;293
454;294
454;295
454;296
454;297
454;298
454;299
454;300
454;301
454;302
454;303
454;304
454;305
454;306
454;307
454;308
454;309
454;310
454;311
454;312
454;313
454;314
454;315
454;316
454;317
454;318
454;319
454;320
454;321
454;322
454;323
454;324
454;325
454;326
454;327
454;328
454;329
454;330
454;331
454;332
454;333
454;504
454;505
454;506
454;507
455;96
455;97
455;98
455;99
455;100
455;101
455;102
455;103
455;104
455;105
455;106
455;107
455;108
455;109
455;110
455;111
455;112
455;113
455;114
455;115
455;116
455;117
455;118
455;119
455;120
455;121
455;122
455;123
455;124
455;125
455;126
455;127
455;128
455;129
455;130
455;131
455;132
455;133
455;134
455;135
455;136
455;137
455;138
455;139
455;140
455;141
455;142
455;143
455;144
455;145
455;146
455;147
455;148
455;149
455;150
455;151
455;152
455;153
455;154
455;155
455;156
455;157
455;158
455;159
455;160
455;161
455;162
455;163
455;164
455;165
455;166
455;167
455;168
455;169
455;170
455;171
455;172
455;173
455;174
455;175
455;176
455;177
455;178
455;179
455;180
455;181
455;182
455;183
455;184
455;185
455;186
455;187
455;188
455;189
455;190
455;191
455;192
455;193
455;194
455;195
455;196
455;197
455;198
455;199
455;200
455;201
455;202
455;203
455;204
455;205
455;206
455;207
455;208
455;209
455;210
455;211
455;212
455;213
455;214
455;215
455;216
455;217
455;218
455;219
455;220
455;221
455;222
455;223
455;224
455;225
455;226
455;227
455;228
455;229
455;230
455;231
455;232
455;233
455;234
455;252
455;253
455;254
455;255
455;256
455;257
455;258
455;259
455;260
455;261
455;262
455;263
455;264
455;265
455;266
455;267
455;268
455;269
455;270
455;271
455;272
455;273
455;274
455;275
455;276
455;277
455;278
455;279
455;280
455;281
455;282
455;283
455;284
455;285
455;286
455;287
455;288
455;289
455;290
455;291
455;292
455;293
455;294
455;295
455;296
455;297
455;298
455;299
455;300
455;301
455;302
455;303
455;304
455;305
455;306
455;307
455;308
455;309
455;310
455;311
455;312
455;313
455;314
455;315
455;316
455;317
455;318
455;319
455;320
455;321
455;322
455;323
455;324
455;325
455;326
455;327
455;328
455;329
455;330
455;331
455;332
455;333
455;504
455;505
455;506
455;507
456;96
456;97
456;98
456;99
456;100
456;101
456;102
456;103
456;104
456;105
456;106
456;107
456;108
456;109
456;110
456;111
456;112
456;113
456;114
456;115
456;116
456;117
456;118
456;119
456;120
456;121
456;122
456;123
456;124
456;125
456;126
456;127
456;128
456;129
456;130
456;131
456;132
456;133
456;134
456;135
456;136
456;137
456;138
456;139
456;140
456;141
456;142
456;143
456;144
456;145
456;146
456;147
456;148
456;149
456;150
456;151
456;152
456;153
456;154
456;155
456;156
456;157
456;158
456;159
456;160
456;161
456;162
456;163
456;164
456;165
456;166
456;167
456;168
456;169
456;170
456;171
456;172
456;173
456;174
456;175
456;176
456;177
456;178
456;179
456;180
456;181
456;182
456;183
456;184
456;185
456;186
456;187
456;188
456;189
456;190
456;191
456;192
456;193
456;194
456;195
456;196
456;197
456;198
456;199
456;200
456;201
456;202
456;203
456;204
456;205
456;206
456;207
456;208
456;209
456;210
456;211
456;212
456;213
456;214
456;215
456;216
456;217
456;218
456;219
456;220
456;221
456;222
456;223
456;224
456;225
456;226
456;227
456;228
456;229
456;230
456;231
456;232
456;233
456;234
456;251
456;252
456;253
456;254
456;255
456;256
456;257
456;258
456;259
456;260
456;261
456;262
456;263
456;264
456;265
456;266
456;267
456;268
456;269
456;270
456;271
456;272
456;273
456;274
456;275
456;276
456;277
456;278
456;279
456;280
456;281
456;282
456;283
456;284
456;285
456;286
456;287
456;288
456;289
456;290
456;291
456;292
456;293
456;294
456;295
456;296
456;297
456;298
456;299
456;300
456;301
456;302
456;303
456;304
456;305
456;306
456;307
456;308
456;309
456;310
456;311
456;312
456;313
456;314
456;315
456;316
456;317
456;318
456;319
456;320
456;321
456;322
456;323
456;324
456;325
456;326
456;327
456;328
456;329
456;330
456;331
456;332
456;333
456;506
457;96
457;97
457;98
457;99
457;100
457;101
457;102
457;103
457;104
457;105
457;106
457;107
457;108
457;109
457;110
457;111
457;112
457;113
457;114
457;115
457;116
457;117
457;118
457;119
457;120
457;121
457;122
457;123
457;124
457;125
457;126
457;127
457;128
457;129
457;130
457;131
457;132
457;133
457;134
457;135
457;136
457;137
457;138
457;139
457;140
457;141
457;142
457;143
457;144
457;145
457;146
457;147
457;148
457;149
457;150
457;151
457;152
457;153
457;154
457;155
457;156
457;157
457;158
457;159
457;160
457;161
457;162
457;163
457;164
457;165
457;166
457;167
457;168
457;169
457;170
457;171
457;172
457;173
457;174
457;175
457;176
457;177
457;178
457;179
457;180
457;181
457;182
457;183
457;184
457;185
457;186
457;187
457;188
457;189
457;190
457;191
457;192
457;193
457;194
457;195
457;196
457;197
457;198
457;199
457;200
457;201
457;202
457;203
457;204
457;205
457;206
457;207
457;208
457;209
457;210
457;211
457;212
457;213
457;214
457;215
457;216
457;217
457;218
457;219
457;220
457;221
457;222
457;223
457;224
457;225
457;226
457;227
457;228
457;229
457;230
457;231
457;232
457;233
457;252
457;253
457;254
457;255
457;256
457;257
457;258
457;259
457;260
457;261
457;262
457;263
457;264
457;265
457;266
457;267
457;268
457;269
457;270
457;271
457;272
457;273
457;274
457;275
457;276
457;277
457;278
457;279
457;280
457;281
457;282
457;283
457;284
457;285
457;286
457;287
457;288
457;289
457;290
457;291
457;292
457;293
457;294
457;295
457;296
457;297
457;298
457;299
457;300
457;301
457;302
457;303
457;304
457;305
457;306
457;307
457;308
457;309
457;310
457;311
457;312
457;313
457;314
457;315
457;316
457;317
457;318
457;319
457;320
457;321
457;322
457;323
457;324
457;325
457;326
457;327
457;328
457;329
457;330
457;331
457;332
457;506
458;96
458;97
458;98
458;99
458;100
458;101
458;102
458;103
458;104
458;105
458;106
458;107
458;108
458;109
458;110
458;111
458;112
458;113
458;114
458;115
458;116
458;117
458;118
458;119
458;120
458;121
458;122
458;123
458;124
458;125
458;126
458;127
458;128
458;129
458;130
458;131
458;132
458;133
458;134
458;135
458;136
458;137
458;138
458;139
458;140
458;141
458;142
458;143
458;144
458;145
458;146
458;147
458;148
458;149
458;150
458;151
458;152
458;153
458;154
458;155
458;156
458;157
458;158
458;159
458;160
458;161
458;162
458;163
458;164
458;165
458;166
458;167
458;168
458;169
458;170
458;171
458;172
458;173
458;174
458;175
458;176
458;177
458;178
458;179
458;180
458;181
458;182
458;183
458;184
458;185
458;186
458;187
458;188
458;189
458;190
458;191
458;192
458;193
458;194
458;195
458;196
458;197
458;198
458;199
458;200
458;201
458;202
458;203
458;204
458;205
458;206
458;207
458;208
458;209
458;210
458;211
458;212
458;213
458;214
458;215
458;216
458;217
458;218
458;219
458;220
458;221
458;222
458;223
458;224
458;225
458;226
458;227
458;228
458;229
458;230
458;231
458;232
458;233
458;256
458;258
458;259
458;260
458;261
458;262
458;263
458;264
458;265
458;266
458;267
458;268
458;269
458;270
458;271
458;272
458;273
458;274
458;275
458;276
458;277
458;278
458;279
458;280
458;281
458;282
458;283
458;284
458;285
458;286
458;287
458;288
458;289
458;290
458;291
458;292
458;293
458;294
458;295
458;296
458;297
458;298
458;299
458;300
458;301
458;302
458;303
458;304
458;305
458;306
458;307
458;308
458;309
458;310
458;311
458;312
458;313
458;314
458;315
458;316
458;317
458;318
458;319
458;320
458;321
458;322
458;323
458;324
458;325
458;326
458;327
458;328
458;329
458;330
458;331
458;332
459;97
459;98
459;99
459;100
459;101
459;102
459;103
459;104
459;105
459;106
459;107
459;108
459;109
459;110
459;111
459;112
459;113
459;114
459;115
459;116
459;117
459;118
459;119
459;120
459;121
459;122
459;123
459;124
459;125
459;126
459;127
459;128
459;129
459;130
459;131
459;132
459;133
459;134
459;135
459;136
459;137
459;138
459;139
459;140
459;141
459;142
459;143
459;144
459;145
459;146
459;147
459;148
459;149
459;150
459;151
459;152
459;153
459;154
459;155
459;156
459;157
459;158
459;159
459;160
459;161
459;162
459;163
459;164
459;165
459;166
459;167
459;168
459;169
459;170
459;171
459;172
459;173
459;174
459;175
459;176
459;177
459;178
459;179
459;180
459;181
459;182
459;183
459;184
459;185
459;186
459;187
459;188
459;189
459;190
459;191
459;192
459;193
459;194
459;195
459;196
459;197
459;198
459;199
459;200
459;201
459;202
459;203
459;204
459;205
459;206
459;207
459;208
459;209
459;210
459;211
459;212
459;213
459;214
459;215
459;216
459;217
459;218
459;219
459;220
459;221
459;222
459;223
459;224
459;225
459;226
459;227
459;228
459;229
459;230
459;231
459;232
459;233
459;262
459;264
459;265
459;266
459;267
459;268
459;269
459;270
459;271
459;272
459;273
459;274
459;275
459;276
459;277
459;278
459;279
459;280
459;281
459;282
459;283
459;284
459;285
459;286
459;287
459;288
459;289
459;290
459;291
459;292
459;293
459;294
459;295
459;296
459;297
459;298
459;299
459;300
459;301
459;302
459;303
459;304
459;305
459;306
459;307
459;308
459;309
459;310
459;311
459;312
459;313
459;314
459;315
459;316
459;317
459;318
459;319
459;320
459;321
459;322
459;323
459;324
459;325
459;326
459;327
459;328
459;329
459;330
459;331
459;332
460;97
460;98
460;99
460;100
460;101
460;102
460;103
460;104
460;105
460;106
460;107
460;108
460;109
460;110
460;111
460;112
460;113
460;114
460;115
460;116
460;117
460;118
460;119
460;120
460;121
460;122
460;123
460;124
460;125
460;126
460;127
460;128
460;129
460;130
460;131
460;132
460;133
460;134
460;135
460;136
460;137
460;138
460;139
460;140
460;141
460;142
460;143
460;144
460;145
460;146
460;147
460;148
460;149
460;150
460;151
460;152
460;153
460;154
460;155
460;156
460;157
460;158
460;159
460;160
460;161
460;162
460;163
460;164
460;165
460;166
460;167
460;168
460;169
460;170
460;171
460;172
460;173
460;174
460;175
460;176
460;177
460;178
460;179
460;180
460;181
460;182
460;183
460;184
460;185
460;186
460;187
460;188
460;189
460;190
460;191
460;192
460;193
460;194
460;195
460;196
460;197
460;198
460;199
460;200
460;201
460;202
460;203
460;204
460;205
460;206
460;207
460;208
460;209
460;210
460;211
460;212
460;213
460;214
460;215
460;216
460;217
460;218
460;219
460;220
460;221
460;222
460;223
460;224
460;225
460;226
460;227
460;228
460;229
460;230
460;231
460;232
460;233
460;268
460;270
460;271
460;272
460;273
460;274
460;275
460;276
460;277
460;278
460;279
460;280
460;281
460;282
460;283
460;284
460;285
460;286
460;287
460;288
460;289
460;290
460;291
460;292
460;293
460;294
460;295
460;296
460;297
460;298
460;299
460;300
460;301
460;302
460;303
460;304
460;305
460;306
460;307
460;308
460;309
460;310
460;311
460;312
460;313
460;314
460;315
460;316
460;317
460;318
460;319
460;320
460;321
460;322
460;323
460;324
460;325
460;326
460;327
460;328
460;329
460;330
460;331
460;332
461;97
461;98
461;99
461;100
461;101
461;102
461;103
461;104
461;105
461;106
461;107
461;108
461;109
461;110
461;111
461;112
461;113
461;114
461;115
461;116
461;117
461;118
461;119
461;120
461;121
461;122
461;123
461;124
461;125
461;126
461;127
461;128
461;129
461;130
461;131
461;132
461;133
461;134
461;135
461;136
461;137
461;138
461;139
461;140
461;141
461;142
461;143
461;144
461;145
461;146
461;147
461;148
461;149
461;150
461;151
461;152
461;153
461;154
461;155
461;156
461;157
461;158
461;159
461;160
461;161
461;162
461;163
461;164
461;165
461;166
461;167
461;168
461;169
461;170
461;171
461;172
461;173
461;174
461;175
461;176
461;177
461;178
461;179
461;180
461;181
461;182
461;183
461;184
461;185
461;186
461;187
461;188
461;189
461;190
461;191
461;192
461;193
461;194
461;195
461;196
461;197
461;198
461;199
461;200
461;201
461;202
461;203
461;204
461;205
461;206
461;207
461;208
461;209
461;210
461;211
461;212
461;213
461;214
461;215
461;216
461;217
461;218
461;219
461;220
461;221
461;222
461;223
461;224
461;225
461;226
461;227
461;228
461;229
461;230
461;231
461;232
461;274
461;276
461;277
461;278
461;279
461;280
461;281
461;282
461;283
461;284
461;285
461;286
461;287
461;288
461;289
461;290
461;291
461;292
461;293
461;294
461;295
461;296
461;297
461;298
461;299
461;300
461;301
461;302
461;303
461;304
461;305
461;306
461;307
461;308
461;309
461;310
461;311
461;312
461;313
461;314
461;315
461;316
461;317
461;318
461;319
461;320
461;321
461;322
461;323
461;324
461;325
461;326
461;327
461;328
461;329
461;330
461;331
461;332
462;97
462;98
462;99
462;100
462;101
462;102
462;103
462;104
462;105
462;106
462;107
462;108
462;109
462;110
462;111
462;112
462;113
462;114
462;115
462;116
462;117
462;118
462;119
462;120
462;121
462;122
462;123
462;124
462;125
462;126
462;127
462;128
462;129
462;130
462;131
462;132
462;133
462;134
462;135
462;136
462;137
462;138
462;139
462;140
462;141
462;142
462;143
462;144
462;145
462;146
462;147
462;148
462;149
462;150
462;151
462;152
462;153
462;154
462;155
462;156
462;157
462;158
462;159
462;160
462;161
462;162
462;163
462;164
462;165
462;166
462;167
462;168
462;169
462;170
462;171
462;172
462;173
462;174
462;175
462;176
462;177
462;178
462;179
462;180
462;181
462;182
462;183
462;184
462;185
462;186
462;187
462;188
462;189
462;190
462;191
462;192
462;193
462;194
462;195
462;196
462;197
462;198
462;199
462;200
462;201
462;202
462;203
462;204
462;205
462;206
462;207
462;208
462;209
462;210
462;211
462;212
462;213
462;214
462;215
462;216
462;217
462;218
462;219
462;220
462;221
462;222
462;223
462;224
462;225
462;226
462;227
462;228
462;229
462;230
462;231
462;232
462;280
462;282
462;283
462;284
462;285
462;286
462;287
462;288
462;289
462;290
462;291
462;292
462;293
462;294
462;295
462;296
462;297
462;298
462;299
462;300
462;301
462;302
462;303
462;304
462;305
462;306
462;307
462;308
462;309
462;310
462;311
462;312
462;313
462;314
462;315
462;316
462;317
462;318
462;319
462;320
462;321
462;322
462;323
462;324
462;325
462;326
462;327
462;328
462;329
462;330
462;331
463;97
463;98
463;99
463;100
463;101
463;102
463;103
463;104
463;105
463;106
463;107
463;108
463;109
463;110
463;111
463;112
463;113
463;114
463;115
463;116
463;117
463;118
463;119
463;120
463;121
463;122
463;123
463;124
463;125
463;126
463;127
463;128
463;129
463;130
463;131
463;132
463;133
463;134
463;135
463;136
463;137
463;138
463;139
463;140
463;141
463;142
463;143
463;144
463;145
463;146
463;147
463;148
463;149
463;150
463;151
463;152
463;153
463;154
463;155
463;156
463;157
463;158
463;159
463;160
463;161
463;162
463;163
463;164
463;165
463;166
463;167
463;168
463;169
463;170
463;171
463;172
463;173
463;174
463;175
463;176
463;177
463;178
463;179
463;180
463;181
463;182
463;183
463;184
463;185
463;186
463;187
463;188
463;189
463;190
463;191
463;192
463;193
463;194
463;195
463;196
463;197
463;198
463;199
463;200
463;201
463;202
463;203
463;204
463;205
463;206
463;207
463;208
463;209
463;210
463;211
463;212
463;213
463;214
463;215
463;216
463;217
463;218
463;219
463;220
463;221
463;222
463;223
463;224
463;225
463;226
463;227
463;228
463;229
463;230
463;231
463;232
463;286
463;288
463;289
463;290
463;291
463;292
463;293
463;294
463;295
463;296
463;297
463;298
463;299
463;300
463;301
463;302
463;303
463;304
463;305
463;306
463;307
463;308
463;309
463;310
463;311
463;312
463;313
463;314
463;315
463;316
463;317
463;318
463;319
463;320
463;321
463;322
463;323
463;324
463;325
463;326
463;327
463;328
463;329
463;330
463;331
464;98
464;99
464;100
464;101
464;102
464;103
464;104
464;105
464;106
464;107
464;108
464;109
464;110
464;111
464;112
464;113
464;114
464;115
464;116
464;117
464;118
464;119
464;120
464;121
464;122
464;123
464;124
464;125
464;126
464;127
464;128
464;129
464;130
464;131
464;132
464;133
464;134
464;135
464;136
464;137
464;138
464;139
464;140
464;141
464;142
464;143
464;144
464;145
464;146
464;147
464;148
464;149
464;150
464;151
464;152
464;153
464;154
464;155
464;156
464;157
464;158
464;159
464;160
464;161
464;162
464;163
464;164
464;165
464;166
464;167
464;168
464;169
464;170
464;171
464;172
464;173
464;174
464;175
464;176
464;177
464;178
464;179
464;180
464;181
464;182
464;183
464;184
464;185
464;186
464;187
464;188
464;189
464;190
464;191
464;192
464;193
464;194
464;195
464;196
464;197
464;198
464;199
464;200
464;201
464;202
464;203
464;204
464;205
464;206
464;207
464;208
464;209
464;210
464;211
464;212
464;213
464;214
464;215
464;216
464;217
464;218
464;219
464;220
464;221
464;222
464;223
464;224
464;225
464;226
464;227
464;228
464;229
464;230
464;231
464;232
464;292
464;294
464;295
464;296
464;297
464;298
464;299
464;300
464;301
464;302
464;303
464;304
464;305
464;306
464;307
464;308
464;309
464;310
464;311
464;312
464;313
464;314
464;315
464;316
464;317
464;318
464;319
464;320
464;321
464;322
464;323
464;324
464;325
464;326
464;327
464;328
464;329
464;330
464;331
